ad_archive_id,page_id,page_name,ad_creation_time,ad_delivery_start_time,ad_delivery_stop_time,byline,ad_creative_bodies,ad_creative_link_titles,ad_creative_link_captions,ad_creative_link_descriptions,impressions,spend,currency,demographic_distribution,delivery_by_region,publisher_platforms,estimated_audience_size,languages
1137239780143759,177384889097855,"Gabriel Boric",2021-12-15,2021-12-15,2021-12-15,"Gabriel Boric Font","Mejor estrategia y mejores policías: más dotación donde más se necesita. Vamos a perseguir la raíz del problema: iremos contra los peces gordos del narcotráfico. No más fórmulas fracasadas. Por barrios seguros Vota Gabriel Boric 1️⃣",,,,"lower_bound: 150000, upper_bound: 174999","lower_bound: 350000, upper_bound: 399999",CLP,"{""age"":""35-44"",""gender"":""unknown"",""percentage"":0.001825},{""age"":""35-44"",""gender"":""male"",""percentage"":0.128084},{""age"":""18-24"",""gender"":""unknown"",""percentage"":0.000158},{""age"":""25-34"",""gender"":""unknown"",""percentage"":0.000906},{""age"":""45-54"",""gender"":""unknown"",""percentage"":0.00107},{""age"":""25-34"",""gender"":""male"",""percentage"":0.167669},{""age"":""18-24"",""gender"":""female"",""percentage"":0.038003},{""age"":""45-54"",""gender"":""female"",""percentage"":0.095641},{""age"":""35-44"",""gender"":""female"",""percentage"":0.107904},{""age"":""18-24"",""gender"":""male"",""percentage"":0.044016},{""age"":""25-34"",""gender"":""female"",""percentage"":0.125202},{""age"":""65+"",""gender"":""female"",""percentage"":0.025609},{""age"":""65+"",""gender"":""unknown"",""percentage"":0.000204},{""age"":""65+"",""gender"":""male"",""percentage"":0.023521},{""age"":""55-64"",""gender"":""female"",""percentage"":0.071155},{""age"":""45-54"",""gender"":""male"",""percentage"":0.103033},{""age"":""55-64"",""gender"":""male"",""percentage"":0.065555},{""age"":""55-64"",""gender"":""unknown"",""percentage"":0.000446}","{""region"":""Unknown"",""percentage"":7.0e-6},{""region"":""Los R\u00edos Region"",""percentage"":0.030679},{""region"":""Arica y Parinacota Region"",""percentage"":0.010789},{""region"":""Valpara\u00edso Region"",""percentage"":0.111854},{""region"":""Ays\u00e9n Region"",""percentage"":0.008873},{""region"":""Antofagasta Region"",""percentage"":0.016235},{""region"":""Araucan\u00eda Region"",""percentage"":0.086158},{""region"":""Atacama Region"",""percentage"":0.023042},{""region"":""B\u00edo B\u00edo Region"",""percentage"":0.152472},{""region"":""Coquimbo Region"",""percentage"":0.043586},{""region"":""O'Higgins Region"",""percentage"":0.070727},{""region"":""Los Lagos Region"",""percentage"":0.077521},{""region"":""Magallanes y la Ant\u00e1rtica Chilena Region"",""percentage"":0.018177},{""region"":""Maule Region"",""percentage"":0.087387},{""region"":""Santiago Metropolitan Region"",""percentage"":0.246299},{""region"":""Tarapac\u00e1 Region"",""percentage"":0.016196}","facebook,instagram","lower_bound: 1000001",es
1053794078799101,177384889097855,"Gabriel Boric",2021-12-15,2021-12-15,2021-12-16,"Gabriel Boric Font","Ser mujer en Chile es luchar. Nada ha sido regalado, todo se ha debido conquistar a punta de esfuerzo. No permitamos que vuelva la discriminación por no estar casadas o que perdamos nuestros derechos básicos! 
Este 19 de diciembre vota Gabriel Boric 1️⃣para que sigamos avanzando en igualdad entre hombres y mujeres!",,,,"lower_bound: 150000, upper_bound: 174999","lower_bound: 300000, upper_bound: 349999",CLP,"{""age"":""13-17"",""gender"":""female"",""percentage"":7.0e-6},{""age"":""45-54"",""gender"":""female"",""percentage"":0.185127},{""age"":""65+"",""gender"":""female"",""percentage"":0.041959},{""age"":""55-64"",""gender"":""female"",""percentage"":0.127458},{""age"":""25-34"",""gender"":""female"",""percentage"":0.311181},{""age"":""35-44"",""gender"":""female"",""percentage"":0.227293},{""age"":""18-24"",""gender"":""female"",""percentage"":0.106974}","{""region"":""Unknown"",""percentage"":7.0e-6},{""region"":""Los R\u00edos Region"",""percentage"":0.035977},{""region"":""Arica y Parinacota Region"",""percentage"":0.006285},{""region"":""Valpara\u00edso Region"",""percentage"":0.118523},{""region"":""Ays\u00e9n Region"",""percentage"":0.011857},{""region"":""Antofagasta Region"",""percentage"":0.014715},{""region"":""Araucan\u00eda Region"",""percentage"":0.109641},{""region"":""Atacama Region"",""percentage"":0.023299},{""region"":""B\u00edo B\u00edo Region"",""percentage"":0.166138},{""region"":""Coquimbo Region"",""percentage"":0.040945},{""region"":""O'Higgins Region"",""percentage"":0.076173},{""region"":""Los Lagos Region"",""percentage"":0.094373},{""region"":""Magallanes y la Ant\u00e1rtica Chilena Region"",""percentage"":0.019349},{""region"":""Maule Region"",""percentage"":0.097515},{""region"":""Santiago Metropolitan Region"",""percentage"":0.17467},{""region"":""Tarapac\u00e1 Region"",""percentage"":0.010533}","facebook,instagram","lower_bound: 1000001",es
479653620385941,177384889097855,"Gabriel Boric",2021-12-15,2021-12-15,2021-12-16,"Gabriel Boric Font","Terminar con las injusticias en el campo. Las y los agricultores de Ñuble no pueden quedar solos. 
Este 19 vota 1, vota Gabriel Boric.",,,,"lower_bound: 35000, upper_bound: 39999","lower_bound: 90000, upper_bound: 99999",CLP,"{""age"":""18-24"",""gender"":""unknown"",""percentage"":0.000211},{""age"":""25-34"",""gender"":""male"",""percentage"":0.172108},{""age"":""25-34"",""gender"":""unknown"",""percentage"":0.000667},{""age"":""35-44"",""gender"":""unknown"",""percentage"":0.001685},{""age"":""65+"",""gender"":""female"",""percentage"":0.020465},{""age"":""35-44"",""gender"":""male"",""percentage"":0.112012},{""age"":""35-44"",""gender"":""female"",""percentage"":0.134162},{""age"":""45-54"",""gender"":""male"",""percentage"":0.073891},{""age"":""55-64"",""gender"":""female"",""percentage"":0.059042},{""age"":""65+"",""gender"":""unknown"",""percentage"":0.000105},{""age"":""45-54"",""gender"":""female"",""percentage"":0.105097},{""age"":""65+"",""gender"":""male"",""percentage"":0.012812},{""age"":""25-34"",""gender"":""female"",""percentage"":0.18492},{""age"":""18-24"",""gender"":""female"",""percentage"":0.044229},{""age"":""55-64"",""gender"":""male"",""percentage"":0.039771},{""age"":""18-24"",""gender"":""male"",""percentage"":0.03784},{""age"":""45-54"",""gender"":""unknown"",""percentage"":0.000667},{""age"":""55-64"",""gender"":""unknown"",""percentage"":0.000316}","{""region"":""Los R\u00edos Region"",""percentage"":0.005327},{""region"":""Arica y Parinacota Region"",""percentage"":0.002317},{""region"":""Valpara\u00edso Region"",""percentage"":0.015254},{""region"":""Ays\u00e9n Region"",""percentage"":0.001557},{""region"":""Antofagasta Region"",""percentage"":0.00671},{""region"":""Araucan\u00eda Region"",""percentage"":0.012072},{""region"":""Atacama Region"",""percentage"":0.00377},{""region"":""B\u00edo B\u00edo Region"",""percentage"":0.812355},{""region"":""Coquimbo Region"",""percentage"":0.006122},{""region"":""O'Higgins Region"",""percentage"":0.011864},{""region"":""Los Lagos Region"",""percentage"":0.008924},{""region"":""Magallanes y la Ant\u00e1rtica Chilena Region"",""percentage"":0.002975},{""region"":""Maule Region"",""percentage"":0.018678},{""region"":""Santiago Metropolitan Region"",""percentage"":0.088271},{""region"":""Tarapac\u00e1 Region"",""percentage"":0.003805}","facebook,instagram","lower_bound: 100001, upper_bound: 500000",es
1305049723300156,177384889097855,"Gabriel Boric",2021-12-15,2021-12-15,2021-12-16,"Gabriel Boric Font","Que la vejez sea para descansar y disfrutar 🫂, no para trabajar porque la pensión no alcanza. Un nuevo sistema de pensiones para que puedas jubilar con un piso de $250.000 mensuales. Fin a las AFP: para pensiones justas, vota Gabriel Boric 1️⃣",,boricpresidente.cl,,"lower_bound: 4000, upper_bound: 4999","lower_bound: 25000, upper_bound: 29999",CLP,"{""age"":""45-54"",""gender"":""unknown"",""percentage"":0.000855},{""age"":""35-44"",""gender"":""male"",""percentage"":0.089568},{""age"":""65+"",""gender"":""unknown"",""percentage"":0.000214},{""age"":""45-54"",""gender"":""female"",""percentage"":0.046174},{""age"":""18-24"",""gender"":""female"",""percentage"":0.101753},{""age"":""65+"",""gender"":""male"",""percentage"":0.009406},{""age"":""35-44"",""gender"":""female"",""percentage"":0.074818},{""age"":""18-24"",""gender"":""male"",""percentage"":0.119923},{""age"":""25-34"",""gender"":""male"",""percentage"":0.250748},{""age"":""25-34"",""gender"":""unknown"",""percentage"":0.002351},{""age"":""45-54"",""gender"":""male"",""percentage"":0.041898},{""age"":""55-64"",""gender"":""male"",""percentage"":0.022232},{""age"":""25-34"",""gender"":""female"",""percentage"":0.197093},{""age"":""55-64"",""gender"":""female"",""percentage"":0.025224},{""age"":""18-24"",""gender"":""unknown"",""percentage"":0.000214},{""age"":""35-44"",""gender"":""unknown"",""percentage"":0.004275},{""age"":""65+"",""gender"":""female"",""percentage"":0.012826},{""age"":""55-64"",""gender"":""unknown"",""percentage"":0.000428}","{""region"":""Los R\u00edos Region"",""percentage"":0.00301},{""region"":""Arica y Parinacota Region"",""percentage"":0.037196},{""region"":""Valpara\u00edso Region"",""percentage"":0.103849},{""region"":""Ays\u00e9n Region"",""percentage"":0.00172},{""region"":""Antofagasta Region"",""percentage"":0.032036},{""region"":""Araucan\u00eda Region"",""percentage"":0.008815},{""region"":""Atacama Region"",""percentage"":0.00516},{""region"":""B\u00edo B\u00edo Region"",""percentage"":0.104064},{""region"":""Coquimbo Region"",""percentage"":0.052247},{""region"":""O'Higgins Region"",""percentage"":0.033326},{""region"":""Los Lagos Region"",""percentage"":0.00688},{""region"":""Magallanes y la Ant\u00e1rtica Chilena Region"",""percentage"":0.001075},{""region"":""Maule Region"",""percentage"":0.01032},{""region"":""Santiago Metropolitan Region"",""percentage"":0.56633},{""region"":""Tarapac\u00e1 Region"",""percentage"":0.033971}","facebook,instagram","lower_bound: 1000001",es
588997165513147,177384889097855,"Gabriel Boric",2021-12-15,2021-12-15,2021-12-16,"Gabriel Boric Font","Hola! Mira, yo sé que estamos chatas de escuchar y pelear con tus familiares y conocidos para que no nos gobierne el fascismo, pero ya estamos en la recta final y te quiero pedir un último esfuerzo: que desempolves tu Facebook",,,,"lower_bound: 30000, upper_bound: 34999","lower_bound: 175000, upper_bound: 199999",CLP,"{""age"":""25-34"",""gender"":""female"",""percentage"":0.24364},{""age"":""18-24"",""gender"":""female"",""percentage"":0.262217},{""age"":""18-24"",""gender"":""male"",""percentage"":0.219205},{""age"":""25-34"",""gender"":""male"",""percentage"":0.24574},{""age"":""35-44"",""gender"":""female"",""percentage"":0.010265},{""age"":""25-34"",""gender"":""unknown"",""percentage"":0.003461},{""age"":""18-24"",""gender"":""unknown"",""percentage"":0.00568},{""age"":""35-44"",""gender"":""male"",""percentage"":0.009555},{""age"":""35-44"",""gender"":""unknown"",""percentage"":0.000237}","{""region"":""Santiago Metropolitan Region"",""percentage"":1}",instagram,"lower_bound: 1000001",es
336844907898806,177384889097855,"Gabriel Boric",2021-12-15,2021-12-15,2021-12-16,"Gabriel Boric Font","Hola! Qué tal? Mira, te voy a confesar algo. Yo hace tiempo que no uso tanto Facebook, más que nada lo uso para informar de mi labor legislativa, por eso me he dado cuenta que mucha gente lo usa para informarse y para compartir cosas que muchas veces no son ciertas. Y no todos lo hacen con mala intención, a veces es desinformación o miedo. 

Por eso ahora estoy desempolvando mi Facebook y te quiero pedir a ti que hagas lo mismo, comenta, interactuar, que no nos gane el miedo.",,,,"lower_bound: 150000, upper_bound: 174999","lower_bound: 400000, upper_bound: 449999",CLP,"{""age"":""13-17"",""gender"":""unknown"",""percentage"":2.7e-5},{""age"":""35-44"",""gender"":""unknown"",""percentage"":0.00014},{""age"":""13-17"",""gender"":""female"",""percentage"":0.000213},{""age"":""25-34"",""gender"":""unknown"",""percentage"":0.002672},{""age"":""35-44"",""gender"":""male"",""percentage"":0.005543},{""age"":""18-24"",""gender"":""unknown"",""percentage"":0.005423},{""age"":""18-24"",""gender"":""female"",""percentage"":0.380127},{""age"":""25-34"",""gender"":""male"",""percentage"":0.161534},{""age"":""18-24"",""gender"":""male"",""percentage"":0.215001},{""age"":""25-34"",""gender"":""female"",""percentage"":0.222117},{""age"":""35-44"",""gender"":""female"",""percentage"":0.007022},{""age"":""13-17"",""gender"":""male"",""percentage"":0.00018}","{""region"":""Santiago Metropolitan Region"",""percentage"":1}",instagram,"lower_bound: 1000001",es
3109430922609538,177384889097855,"Gabriel Boric",2021-12-15,2021-12-15,2021-12-16,"Gabriel Boric Font","La plata para quien la produce: mayor tributación para la gran minería para que la riqueza local se quede en la región. Vota Gabriel Boric1️⃣ y pongámosle fin al centralismo!",,,,"lower_bound: 90000, upper_bound: 99999","lower_bound: 600000, upper_bound: 699999",CLP,"{""age"":""65+"",""gender"":""unknown"",""percentage"":0.00029},{""age"":""25-34"",""gender"":""male"",""percentage"":0.159911},{""age"":""25-34"",""gender"":""unknown"",""percentage"":0.00115},{""age"":""45-54"",""gender"":""female"",""percentage"":0.08844},{""age"":""25-34"",""gender"":""female"",""percentage"":0.159714},{""age"":""18-24"",""gender"":""male"",""percentage"":0.052251},{""age"":""65+"",""gender"":""female"",""percentage"":0.028791},{""age"":""35-44"",""gender"":""male"",""percentage"":0.112887},{""age"":""18-24"",""gender"":""female"",""percentage"":0.061739},{""age"":""45-54"",""gender"":""unknown"",""percentage"":0.001289},{""age"":""35-44"",""gender"":""female"",""percentage"":0.126127},{""age"":""55-64"",""gender"":""female"",""percentage"":0.060566},{""age"":""35-44"",""gender"":""unknown"",""percentage"":0.00223},{""age"":""45-54"",""gender"":""male"",""percentage"":0.073237},{""age"":""55-64"",""gender"":""unknown"",""percentage"":0.000523},{""age"":""65+"",""gender"":""male"",""percentage"":0.023135},{""age"":""55-64"",""gender"":""male"",""percentage"":0.047257},{""age"":""18-24"",""gender"":""unknown"",""percentage"":0.000465}","{""region"":""Los R\u00edos Region"",""percentage"":0.004501},{""region"":""Arica y Parinacota Region"",""percentage"":0.012868},{""region"":""Valpara\u00edso Region"",""percentage"":0.027963},{""region"":""Ays\u00e9n Region"",""percentage"":0.001039},{""region"":""Antofagasta Region"",""percentage"":0.716604},{""region"":""Araucan\u00eda Region"",""percentage"":0.01071},{""region"":""Atacama Region"",""percentage"":0.014841},{""region"":""B\u00edo B\u00edo Region"",""percentage"":0.024686},{""region"":""Coquimbo Region"",""percentage"":0.037992},{""region"":""O'Higgins Region"",""percentage"":0.011021},{""region"":""Los Lagos Region"",""percentage"":0.009567},{""region"":""Magallanes y la Ant\u00e1rtica Chilena Region"",""percentage"":0.002527},{""region"":""Maule Region"",""percentage"":0.011956},{""region"":""Santiago Metropolitan Region"",""percentage"":0.095154},{""region"":""Tarapac\u00e1 Region"",""percentage"":0.018558},{""region"":""Unknown"",""percentage"":1.2e-5}","facebook,instagram","lower_bound: 100001, upper_bound: 500000",es
969379267342854,177384889097855,"Gabriel Boric",2021-12-15,2021-12-15,2021-12-16,"Gabriel Boric Font","Protección a los consumidores, cárcel para la comisión y reducción de sueldo a las autoridades de gobierno. Por un Chile sin privilegios y sin abusos, vota Gabriel Boric 1️⃣",,,,"lower_bound: 60000, upper_bound: 69999","lower_bound: 300000, upper_bound: 349999",CLP,"{""age"":""55-64"",""gender"":""unknown"",""percentage"":0.000539},{""age"":""55-64"",""gender"":""male"",""percentage"":0.05322},{""age"":""35-44"",""gender"":""female"",""percentage"":0.107215},{""age"":""35-44"",""gender"":""unknown"",""percentage"":0.002158},{""age"":""25-34"",""gender"":""female"",""percentage"":0.154922},{""age"":""65+"",""gender"":""female"",""percentage"":0.033699},{""age"":""45-54"",""gender"":""male"",""percentage"":0.07441},{""age"":""35-44"",""gender"":""male"",""percentage"":0.108783},{""age"":""45-54"",""gender"":""female"",""percentage"":0.086194},{""age"":""65+"",""gender"":""unknown"",""percentage"":0.000185},{""age"":""25-34"",""gender"":""unknown"",""percentage"":0.001467},{""age"":""25-34"",""gender"":""male"",""percentage"":0.171949},{""age"":""65+"",""gender"":""male"",""percentage"":0.024005},{""age"":""55-64"",""gender"":""female"",""percentage"":0.077748},{""age"":""18-24"",""gender"":""female"",""percentage"":0.050742},{""age"":""18-24"",""gender"":""male"",""percentage"":0.051197},{""age"":""45-54"",""gender"":""unknown"",""percentage"":0.001382},{""age"":""18-24"",""gender"":""unknown"",""percentage"":0.000185}","{""region"":""Los R\u00edos Region"",""percentage"":0.004943},{""region"":""Arica y Parinacota Region"",""percentage"":0.00262},{""region"":""Valpara\u00edso Region"",""percentage"":0.072229},{""region"":""Ays\u00e9n Region"",""percentage"":0.001582},{""region"":""Antofagasta Region"",""percentage"":0.03473},{""region"":""Araucan\u00eda Region"",""percentage"":0.012126},{""region"":""Atacama Region"",""percentage"":0.003427},{""region"":""B\u00edo B\u00edo Region"",""percentage"":0.098079},{""region"":""Coquimbo Region"",""percentage"":0.009539},{""region"":""O'Higgins Region"",""percentage"":0.051255},{""region"":""Los Lagos Region"",""percentage"":0.009688},{""region"":""Magallanes y la Ant\u00e1rtica Chilena Region"",""percentage"":0.00234},{""region"":""Maule Region"",""percentage"":0.041897},{""region"":""Santiago Metropolitan Region"",""percentage"":0.617734},{""region"":""Tarapac\u00e1 Region"",""percentage"":0.037811}","facebook,instagram","lower_bound: 1000001",es
263973339050100,177384889097855,"Gabriel Boric",2021-12-15,2021-12-15,2021-12-16,"Gabriel Boric Font","Hay que ser claros: un admirador de José Piñera, creador de las AFP, no va a cambiar las AFP.
Vota 1, vota Gabriel Boric.",,,,"lower_bound: 30000, upper_bound: 34999","lower_bound: 80000, upper_bound: 89999",CLP,"{""age"":""55-64"",""gender"":""unknown"",""percentage"":0.000393},{""age"":""18-24"",""gender"":""male"",""percentage"":0.041124},{""age"":""45-54"",""gender"":""unknown"",""percentage"":0.001015},{""age"":""65+"",""gender"":""unknown"",""percentage"":0.000196},{""age"":""25-34"",""gender"":""unknown"",""percentage"":0.000688},{""age"":""18-24"",""gender"":""female"",""percentage"":0.042368},{""age"":""35-44"",""gender"":""female"",""percentage"":0.113025},{""age"":""65+"",""gender"":""female"",""percentage"":0.031727},{""age"":""65+"",""gender"":""male"",""percentage"":0.02508},{""age"":""35-44"",""gender"":""unknown"",""percentage"":0.001572},{""age"":""45-54"",""gender"":""female"",""percentage"":0.094395},{""age"":""25-34"",""gender"":""female"",""percentage"":0.143475},{""age"":""55-64"",""gender"":""male"",""percentage"":0.064731},{""age"":""55-64"",""gender"":""female"",""percentage"":0.072752},{""age"":""25-34"",""gender"":""male"",""percentage"":0.153133},{""age"":""35-44"",""gender"":""male"",""percentage"":0.117183},{""age"":""45-54"",""gender"":""male"",""percentage"":0.097047},{""age"":""18-24"",""gender"":""unknown"",""percentage"":9.8e-5}","{""region"":""Los R\u00edos Region"",""percentage"":0.062981},{""region"":""Arica y Parinacota Region"",""percentage"":0.043478},{""region"":""Valpara\u00edso Region"",""percentage"":0.12412},{""region"":""Ays\u00e9n Region"",""percentage"":0.001052},{""region"":""Antofagasta Region"",""percentage"":0.076038},{""region"":""Araucan\u00eda Region"",""percentage"":0.010097},{""region"":""Atacama Region"",""percentage"":0.046899},{""region"":""B\u00edo B\u00edo Region"",""percentage"":0.020292},{""region"":""Coquimbo Region"",""percentage"":0.116819},{""region"":""O'Higgins Region"",""percentage"":0.056831},{""region"":""Los Lagos Region"",""percentage"":0.080642},{""region"":""Magallanes y la Ant\u00e1rtica Chilena Region"",""percentage"":0.002664},{""region"":""Maule Region"",""percentage"":0.01253},{""region"":""Santiago Metropolitan Region"",""percentage"":0.300105},{""region"":""Tarapac\u00e1 Region"",""percentage"":0.045452}","facebook,instagram","lower_bound: 1000001",es
444067453827030,177384889097855,"Gabriel Boric",2021-12-15,2021-12-15,2021-12-16,"Gabriel Boric Font","Tenemos la dictadura gay, la dictadura sanitaria, la dictadura mediática progresista ¿En cuántas dictaduras crees José Antonio?",,,,"lower_bound: 35000, upper_bound: 39999","lower_bound: 60000, upper_bound: 69999",CLP,"{""age"":""35-44"",""gender"":""unknown"",""percentage"":0.001522},{""age"":""65+"",""gender"":""male"",""percentage"":0.022283},{""age"":""55-64"",""gender"":""unknown"",""percentage"":0.000543},{""age"":""65+"",""gender"":""unknown"",""percentage"":0.000326},{""age"":""45-54"",""gender"":""female"",""percentage"":0.077067},{""age"":""25-34"",""gender"":""female"",""percentage"":0.15408},{""age"":""18-24"",""gender"":""male"",""percentage"":0.053371},{""age"":""45-54"",""gender"":""male"",""percentage"":0.089513},{""age"":""35-44"",""gender"":""male"",""percentage"":0.111008},{""age"":""45-54"",""gender"":""unknown"",""percentage"":0.001087},{""age"":""55-64"",""gender"":""female"",""percentage"":0.06329},{""age"":""25-34"",""gender"":""male"",""percentage"":0.175222},{""age"":""18-24"",""gender"":""female"",""percentage"":0.067067},{""age"":""65+"",""gender"":""female"",""percentage"":0.025082},{""age"":""35-44"",""gender"":""female"",""percentage"":0.096606},{""age"":""55-64"",""gender"":""male"",""percentage"":0.060491},{""age"":""25-34"",""gender"":""unknown"",""percentage"":0.001277},{""age"":""18-24"",""gender"":""unknown"",""percentage"":0.000163}","{""region"":""Los R\u00edos Region"",""percentage"":0.054928},{""region"":""Arica y Parinacota Region"",""percentage"":0.024957},{""region"":""Valpara\u00edso Region"",""percentage"":0.161699},{""region"":""Ays\u00e9n Region"",""percentage"":0.001267},{""region"":""Antofagasta Region"",""percentage"":0.057573},{""region"":""Araucan\u00eda Region"",""percentage"":0.011267},{""region"":""Atacama Region"",""percentage"":0.064294},{""region"":""B\u00edo B\u00edo Region"",""percentage"":0.022065},{""region"":""Coquimbo Region"",""percentage"":0.148504},{""region"":""O'Higgins Region"",""percentage"":0.081648},{""region"":""Los Lagos Region"",""percentage"":0.062503},{""region"":""Magallanes y la Ant\u00e1rtica Chilena Region"",""percentage"":0.003554},{""region"":""Maule Region"",""percentage"":0.013498},{""region"":""Santiago Metropolitan Region"",""percentage"":0.254339},{""region"":""Tarapac\u00e1 Region"",""percentage"":0.037904}","facebook,instagram","lower_bound: 1000001",es
2036669253154788,177384889097855,"Gabriel Boric",2021-12-15,2021-12-15,2021-12-16,"Gabriel Boric Font","Tengo una buena opinión del segundo gobierno de la Presidenta Bachelet. Se intentaron reformas ambiciosas que algunas de ellas están dando sus frutos.",,,,"lower_bound: 35000, upper_bound: 39999","lower_bound: 100000, upper_bound: 124999",CLP,"{""age"":""55-64"",""gender"":""unknown"",""percentage"":0.000384},{""age"":""55-64"",""gender"":""male"",""percentage"":0.045336},{""age"":""13-17"",""gender"":""female"",""percentage"":2.7e-5},{""age"":""18-24"",""gender"":""unknown"",""percentage"":0.000247},{""age"":""65+"",""gender"":""female"",""percentage"":0.018655},{""age"":""18-24"",""gender"":""female"",""percentage"":0.04687},{""age"":""25-34"",""gender"":""male"",""percentage"":0.181509},{""age"":""45-54"",""gender"":""unknown"",""percentage"":0.001041},{""age"":""35-44"",""gender"":""male"",""percentage"":0.126229},{""age"":""35-44"",""gender"":""female"",""percentage"":0.121737},{""age"":""25-34"",""gender"":""unknown"",""percentage"":0.001123},{""age"":""45-54"",""gender"":""male"",""percentage"":0.085166},{""age"":""25-34"",""gender"":""female"",""percentage"":0.160334},{""age"":""45-54"",""gender"":""female"",""percentage"":0.08881},{""age"":""18-24"",""gender"":""male"",""percentage"":0.047254},{""age"":""55-64"",""gender"":""female"",""percentage"":0.05591},{""age"":""65+"",""gender"":""male"",""percentage"":0.017094},{""age"":""35-44"",""gender"":""unknown"",""percentage"":0.002164},{""age"":""65+"",""gender"":""unknown"",""percentage"":0.00011}","{""region"":""Los R\u00edos Region"",""percentage"":0.075403},{""region"":""Arica y Parinacota Region"",""percentage"":0.038691},{""region"":""Valpara\u00edso Region"",""percentage"":0.116952},{""region"":""Ays\u00e9n Region"",""percentage"":0.001319},{""region"":""Antofagasta Region"",""percentage"":0.050754},{""region"":""Araucan\u00eda Region"",""percentage"":0.010744},{""region"":""Atacama Region"",""percentage"":0.047484},{""region"":""B\u00edo B\u00edo Region"",""percentage"":0.018961},{""region"":""Coquimbo Region"",""percentage"":0.123877},{""region"":""O'Higgins Region"",""percentage"":0.051166},{""region"":""Los Lagos Region"",""percentage"":0.090462},{""region"":""Magallanes y la Ant\u00e1rtica Chilena Region"",""percentage"":0.00272},{""region"":""Maule Region"",""percentage"":0.012173},{""region"":""Santiago Metropolitan Region"",""percentage"":0.314693},{""region"":""Tarapac\u00e1 Region"",""percentage"":0.044599}","facebook,instagram","lower_bound: 1000001",es
395221102399630,177384889097855,"Gabriel Boric",2021-12-15,2021-12-15,2021-12-16,"Gabriel Boric Font","Terminemos con la violencia de los abusos! La paz y la estabilidad la da un sistema justo y libre de corrupción. No dejes que se sigan aprovechando de ti. Este 19 de diciembre vota Gabriel Boric 1️⃣!",,,,"lower_bound: 1000000","lower_bound: 1000000",CLP,"{""age"":""13-17"",""gender"":""unknown"",""percentage"":6.0e-6},{""age"":""35-44"",""gender"":""male"",""percentage"":0.080359},{""age"":""18-24"",""gender"":""unknown"",""percentage"":0.002016},{""age"":""55-64"",""gender"":""male"",""percentage"":0.033677},{""age"":""25-34"",""gender"":""female"",""percentage"":0.162169},{""age"":""45-54"",""gender"":""unknown"",""percentage"":0.000836},{""age"":""25-34"",""gender"":""male"",""percentage"":0.145914},{""age"":""18-24"",""gender"":""male"",""percentage"":0.109378},{""age"":""45-54"",""gender"":""male"",""percentage"":0.057228},{""age"":""55-64"",""gender"":""female"",""percentage"":0.047549},{""age"":""35-44"",""gender"":""female"",""percentage"":0.091764},{""age"":""13-17"",""gender"":""male"",""percentage"":3.6e-5},{""age"":""18-24"",""gender"":""female"",""percentage"":0.163186},{""age"":""45-54"",""gender"":""female"",""percentage"":0.068412},{""age"":""65+"",""gender"":""female"",""percentage"":0.01947},{""age"":""65+"",""gender"":""male"",""percentage"":0.014482},{""age"":""35-44"",""gender"":""unknown"",""percentage"":0.001406},{""age"":""25-34"",""gender"":""unknown"",""percentage"":0.001485},{""age"":""65+"",""gender"":""unknown"",""percentage"":0.000235},{""age"":""13-17"",""gender"":""female"",""percentage"":4.4e-5},{""age"":""55-64"",""gender"":""unknown"",""percentage"":0.000349}","{""region"":""Unknown"",""percentage"":0.000133},{""region"":""Los R\u00edos Region"",""percentage"":0.027422},{""region"":""Arica y Parinacota Region"",""percentage"":0.016498},{""region"":""Valpara\u00edso Region"",""percentage"":0.090959},{""region"":""Ays\u00e9n Region"",""percentage"":0.008011},{""region"":""Antofagasta Region"",""percentage"":0.03759},{""region"":""Araucan\u00eda Region"",""percentage"":0.063652},{""region"":""Atacama Region"",""percentage"":0.021137},{""region"":""B\u00edo B\u00edo Region"",""percentage"":0.126459},{""region"":""Coquimbo Region"",""percentage"":0.042878},{""region"":""O'Higgins Region"",""percentage"":0.055564},{""region"":""Los Lagos Region"",""percentage"":0.064673},{""region"":""Magallanes y la Ant\u00e1rtica Chilena Region"",""percentage"":0.014784},{""region"":""Maule Region"",""percentage"":0.062367},{""region"":""Santiago Metropolitan Region"",""percentage"":0.344408},{""region"":""Tarapac\u00e1 Region"",""percentage"":0.023466}","facebook,instagram","lower_bound: 1000001",es
1118432635628989,177384889097855,"Gabriel Boric",2021-12-14,2021-12-14,2021-12-16,"Gabriel Boric Font",,,boricpresidente.cl,,"lower_bound: 150000, upper_bound: 174999","lower_bound: 400000, upper_bound: 449999",CLP,"{""age"":""55-64"",""gender"":""unknown"",""percentage"":7.7e-5},{""age"":""35-44"",""gender"":""female"",""percentage"":0.267918},{""age"":""18-24"",""gender"":""unknown"",""percentage"":0.000148},{""age"":""65+"",""gender"":""female"",""percentage"":0.003896},{""age"":""55-64"",""gender"":""male"",""percentage"":0.009226},{""age"":""18-24"",""gender"":""male"",""percentage"":0.015825},{""age"":""25-34"",""gender"":""male"",""percentage"":0.133864},{""age"":""35-44"",""gender"":""male"",""percentage"":0.28015},{""age"":""45-54"",""gender"":""female"",""percentage"":0.0617},{""age"":""55-64"",""gender"":""female"",""percentage"":0.008336},{""age"":""25-34"",""gender"":""female"",""percentage"":0.127692},{""age"":""45-54"",""gender"":""male"",""percentage"":0.064089},{""age"":""65+"",""gender"":""male"",""percentage"":0.004874},{""age"":""18-24"",""gender"":""female"",""percentage"":0.015707},{""age"":""45-54"",""gender"":""unknown"",""percentage"":0.000889},{""age"":""25-34"",""gender"":""unknown"",""percentage"":0.000913},{""age"":""35-44"",""gender"":""unknown"",""percentage"":0.004643},{""age"":""65+"",""gender"":""unknown"",""percentage"":5.3e-5}","{""region"":""Los R\u00edos Region"",""percentage"":0.006012},{""region"":""Arica y Parinacota Region"",""percentage"":0.003738},{""region"":""Valpara\u00edso Region"",""percentage"":0.120759},{""region"":""Ays\u00e9n Region"",""percentage"":0.001516},{""region"":""Antofagasta Region"",""percentage"":0.05216},{""region"":""Araucan\u00eda Region"",""percentage"":0.072143},{""region"":""Atacama Region"",""percentage"":0.022809},{""region"":""B\u00edo B\u00edo Region"",""percentage"":0.133407},{""region"":""Coquimbo Region"",""percentage"":0.051461},{""region"":""O'Higgins Region"",""percentage"":0.074147},{""region"":""Los Lagos Region"",""percentage"":0.011831},{""region"":""Magallanes y la Ant\u00e1rtica Chilena Region"",""percentage"":0.002845},{""region"":""Maule Region"",""percentage"":0.07896},{""region"":""Santiago Metropolitan Region"",""percentage"":0.342459},{""region"":""Tarapac\u00e1 Region"",""percentage"":0.025748},{""region"":""Unknown"",""percentage"":6.0e-6}","facebook,instagram","lower_bound: 100001, upper_bound: 500000",en
697521784970358,177384889097855,"Gabriel Boric",2021-12-14,2021-12-15,2021-12-16,"Gabriel Boric Font","Vamos a rescatar a las pymes! Porque queremos un país de miles de emprendedores y emprendedoras, y no un país en manos de un puñado de grandes empresas. Por un Estado que apoye directamente a las pequeñas y medianas empresas, vota Gabriel Boric 1️⃣!",,boricpresidente.cl,,"lower_bound: 70000, upper_bound: 79999","lower_bound: 300000, upper_bound: 349999",CLP,"{""age"":""65+"",""gender"":""unknown"",""percentage"":0.000396},{""age"":""18-24"",""gender"":""male"",""percentage"":0.043694},{""age"":""45-54"",""gender"":""unknown"",""percentage"":0.001188},{""age"":""55-64"",""gender"":""unknown"",""percentage"":0.000551},{""age"":""35-44"",""gender"":""unknown"",""percentage"":0.001739},{""age"":""35-44"",""gender"":""male"",""percentage"":0.102024},{""age"":""35-44"",""gender"":""female"",""percentage"":0.117366},{""age"":""55-64"",""gender"":""female"",""percentage"":0.076429},{""age"":""45-54"",""gender"":""male"",""percentage"":0.080417},{""age"":""65+"",""gender"":""female"",""percentage"":0.038561},{""age"":""45-54"",""gender"":""female"",""percentage"":0.098177},{""age"":""18-24"",""gender"":""female"",""percentage"":0.044599},{""age"":""18-24"",""gender"":""unknown"",""percentage"":0.000184},{""age"":""25-34"",""gender"":""male"",""percentage"":0.152901},{""age"":""25-34"",""gender"":""female"",""percentage"":0.160989},{""age"":""65+"",""gender"":""male"",""percentage"":0.025623},{""age"":""55-64"",""gender"":""male"",""percentage"":0.054229},{""age"":""25-34"",""gender"":""unknown"",""percentage"":0.000933}","{""region"":""Los R\u00edos Region"",""percentage"":0.21673},{""region"":""Arica y Parinacota Region"",""percentage"":0.002517},{""region"":""Valpara\u00edso Region"",""percentage"":0.014933},{""region"":""Ays\u00e9n Region"",""percentage"":0.001087},{""region"":""Antofagasta Region"",""percentage"":0.010899},{""region"":""Araucan\u00eda Region"",""percentage"":0.007238},{""region"":""Atacama Region"",""percentage"":0.007838},{""region"":""B\u00edo B\u00edo Region"",""percentage"":0.014304},{""region"":""Coquimbo Region"",""percentage"":0.63198},{""region"":""O'Higgins Region"",""percentage"":0.006723},{""region"":""Los Lagos Region"",""percentage"":0.008983},{""region"":""Magallanes y la Ant\u00e1rtica Chilena Region"",""percentage"":0.00196},{""region"":""Maule Region"",""percentage"":0.006952},{""region"":""Santiago Metropolitan Region"",""percentage"":0.064295},{""region"":""Tarapac\u00e1 Region"",""percentage"":0.003562}","facebook,instagram","lower_bound: 100001, upper_bound: 500000",es
323022899460343,177384889097855,"Gabriel Boric",2021-12-14,2021-12-15,2021-12-16,"Gabriel Boric Font","No olvidamos que en Osorno ESSAL dejó a miles familias y pymes sin agua,. Luego fuero la pandemia afectó aún más a las pymes. Por eso vamos a rescatar a las pymes! 
Porque queremos un país de miles de emprendedores y emprendedoras, y no un país en manos de un puñado de grandes empresas. Por un Estado que apoye directamente a las pequeñas y medianas empresas, vota Gabriel Boric 1️⃣!",,boricpresidente.cl,,"lower_bound: 15000, upper_bound: 19999","lower_bound: 70000, upper_bound: 79999",CLP,"{""age"":""25-34"",""gender"":""unknown"",""percentage"":0.000552},{""age"":""25-34"",""gender"":""male"",""percentage"":0.135887},{""age"":""18-24"",""gender"":""unknown"",""percentage"":5.5e-5},{""age"":""18-24"",""gender"":""female"",""percentage"":0.036925},{""age"":""35-44"",""gender"":""unknown"",""percentage"":0.001214},{""age"":""45-54"",""gender"":""female"",""percentage"":0.119439},{""age"":""25-34"",""gender"":""female"",""percentage"":0.137432},{""age"":""55-64"",""gender"":""female"",""percentage"":0.092063},{""age"":""35-44"",""gender"":""male"",""percentage"":0.110663},{""age"":""45-54"",""gender"":""unknown"",""percentage"":0.000883},{""age"":""18-24"",""gender"":""male"",""percentage"":0.034827},{""age"":""45-54"",""gender"":""male"",""percentage"":0.093333},{""age"":""55-64"",""gender"":""male"",""percentage"":0.063197},{""age"":""65+"",""gender"":""female"",""percentage"":0.04145},{""age"":""65+"",""gender"":""male"",""percentage"":0.023457},{""age"":""35-44"",""gender"":""female"",""percentage"":0.108345},{""age"":""55-64"",""gender"":""unknown"",""percentage"":0.000221},{""age"":""65+"",""gender"":""unknown"",""percentage"":5.5e-5}","{""region"":""Los R\u00edos Region"",""percentage"":0.009589},{""region"":""Arica y Parinacota Region"",""percentage"":0.001059},{""region"":""Valpara\u00edso Region"",""percentage"":0.007917},{""region"":""Ays\u00e9n Region"",""percentage"":0.002509},{""region"":""Antofagasta Region"",""percentage"":0.002955},{""region"":""Araucan\u00eda Region"",""percentage"":0.006133},{""region"":""Atacama Region"",""percentage"":0.001171},{""region"":""B\u00edo B\u00edo Region"",""percentage"":0.010816},{""region"":""Coquimbo Region"",""percentage"":0.002007},{""region"":""O'Higgins Region"",""percentage"":0.004237},{""region"":""Los Lagos Region"",""percentage"":0.904053},{""region"":""Magallanes y la Ant\u00e1rtica Chilena Region"",""percentage"":0.004293},{""region"":""Maule Region"",""percentage"":0.004516},{""region"":""Santiago Metropolitan Region"",""percentage"":0.03713},{""region"":""Tarapac\u00e1 Region"",""percentage"":0.001617}","facebook,instagram","lower_bound: 100, upper_bound: 1000",es
403481881464981,177384889097855,"Gabriel Boric",2021-12-14,2021-12-15,2021-12-16,"Gabriel Boric Font","Para que nunca más te encuentres sin especialistas en tu comuna. Por un nuevo sistema de salud que no distinga entre ricos y pobres, entre hombres y mujeres, que permita tener médicos especialistas en todo Chile y acceso a medicamentos a precio justo. Vota Gabriel Boric 1️⃣",,,,"lower_bound: 200000, upper_bound: 249999","lower_bound: 700000, upper_bound: 799999",CLP,"{""age"":""13-17"",""gender"":""female"",""percentage"":4.0e-6},{""age"":""65+"",""gender"":""male"",""percentage"":0.019157},{""age"":""65+"",""gender"":""unknown"",""percentage"":0.000197},{""age"":""25-34"",""gender"":""unknown"",""percentage"":0.00103},{""age"":""35-44"",""gender"":""unknown"",""percentage"":0.001754},{""age"":""45-54"",""gender"":""female"",""percentage"":0.08792},{""age"":""35-44"",""gender"":""male"",""percentage"":0.111051},{""age"":""25-34"",""gender"":""female"",""percentage"":0.174597},{""age"":""55-64"",""gender"":""male"",""percentage"":0.049117},{""age"":""25-34"",""gender"":""male"",""percentage"":0.171879},{""age"":""18-24"",""gender"":""unknown"",""percentage"":0.000184},{""age"":""18-24"",""gender"":""female"",""percentage"":0.056465},{""age"":""18-24"",""gender"":""male"",""percentage"":0.046751},{""age"":""35-44"",""gender"":""female"",""percentage"":0.107617},{""age"":""65+"",""gender"":""female"",""percentage"":0.025567},{""age"":""45-54"",""gender"":""male"",""percentage"":0.078319},{""age"":""55-64"",""gender"":""female"",""percentage"":0.066841},{""age"":""45-54"",""gender"":""unknown"",""percentage"":0.001189},{""age"":""55-64"",""gender"":""unknown"",""percentage"":0.00036}","{""region"":""Los R\u00edos Region"",""percentage"":0.004504},{""region"":""Arica y Parinacota Region"",""percentage"":0.0432},{""region"":""Valpara\u00edso Region"",""percentage"":0.131913},{""region"":""Ays\u00e9n Region"",""percentage"":0.001011},{""region"":""Antofagasta Region"",""percentage"":0.073388},{""region"":""Araucan\u00eda Region"",""percentage"":0.010854},{""region"":""Atacama Region"",""percentage"":0.045038},{""region"":""B\u00edo B\u00edo Region"",""percentage"":0.020802},{""region"":""Coquimbo Region"",""percentage"":0.111931},{""region"":""O'Higgins Region"",""percentage"":0.059997},{""region"":""Los Lagos Region"",""percentage"":0.008758},{""region"":""Magallanes y la Ant\u00e1rtica Chilena Region"",""percentage"":0.002516},{""region"":""Maule Region"",""percentage"":0.01352},{""region"":""Santiago Metropolitan Region"",""percentage"":0.42248},{""region"":""Tarapac\u00e1 Region"",""percentage"":0.050087}","facebook,instagram","lower_bound: 1000001",es
1028775717855346,177384889097855,"Gabriel Boric",2021-12-14,2021-12-15,2021-12-16,"Gabriel Boric Font","Ni balaceras ni balas locas: no más armas a disposición de la violencia y la delincuencia. Impondremos un estricto control de armas y atacaremos el problema del narcotráfico de raíz. Para barrios más seguros y libres de armas vota Gabriel Boric 1️⃣",,,,"lower_bound: 20000, upper_bound: 24999","lower_bound: 50000, upper_bound: 59999",CLP,"{""age"":""18-24"",""gender"":""unknown"",""percentage"":9.6e-5},{""age"":""45-54"",""gender"":""male"",""percentage"":0.074714},{""age"":""55-64"",""gender"":""unknown"",""percentage"":0.000288},{""age"":""25-34"",""gender"":""unknown"",""percentage"":0.000864},{""age"":""35-44"",""gender"":""unknown"",""percentage"":0.001681},{""age"":""55-64"",""gender"":""male"",""percentage"":0.060597},{""age"":""65+"",""gender"":""female"",""percentage"":0.037597},{""age"":""35-44"",""gender"":""female"",""percentage"":0.110583},{""age"":""35-44"",""gender"":""male"",""percentage"":0.10098},{""age"":""45-54"",""gender"":""unknown"",""percentage"":0.000672},{""age"":""18-24"",""gender"":""female"",""percentage"":0.044992},{""age"":""55-64"",""gender"":""female"",""percentage"":0.089119},{""age"":""25-34"",""gender"":""female"",""percentage"":0.162441},{""age"":""45-54"",""gender"":""female"",""percentage"":0.095506},{""age"":""25-34"",""gender"":""male"",""percentage"":0.157832},{""age"":""18-24"",""gender"":""male"",""percentage"":0.039182},{""age"":""65+"",""gender"":""male"",""percentage"":0.022712},{""age"":""65+"",""gender"":""unknown"",""percentage"":0.000144}","{""region"":""Los R\u00edos Region"",""percentage"":0.005544},{""region"":""Arica y Parinacota Region"",""percentage"":0.001943},{""region"":""Valpara\u00edso Region"",""percentage"":0.023219},{""region"":""Ays\u00e9n Region"",""percentage"":0.00109},{""region"":""Antofagasta Region"",""percentage"":0.006065},{""region"":""Araucan\u00eda Region"",""percentage"":0.01469},{""region"":""Atacama Region"",""percentage"":0.002938},{""region"":""B\u00edo B\u00edo Region"",""percentage"":0.028479},{""region"":""Coquimbo Region"",""percentage"":0.009098},{""region"":""O'Higgins Region"",""percentage"":0.014169},{""region"":""Los Lagos Region"",""percentage"":0.01052},{""region"":""Magallanes y la Ant\u00e1rtica Chilena Region"",""percentage"":0.002275},{""region"":""Maule Region"",""percentage"":0.018339},{""region"":""Santiago Metropolitan Region"",""percentage"":0.858219},{""region"":""Tarapac\u00e1 Region"",""percentage"":0.003412}","facebook,instagram","lower_bound: 100001, upper_bound: 500000",es
4418271864967189,177384889097855,"Gabriel Boric",2021-12-14,2021-12-14,2021-12-16,"Gabriel Boric Font","Miente, miente, que algo queda. Esta ha sido la estrategia de la ultraderecha y no lo permitiremos! Vamos de frente, con la verdad siempre por delante! Por un gobierno de justicia y de honestidad, vota Gabriel Boric 1️⃣!",,boricpresidente.cl,,"lower_bound: 2000, upper_bound: 2999","lower_bound: 1000, upper_bound: 1499",CLP,"{""age"":""25-34"",""gender"":""unknown"",""percentage"":0.001473},{""age"":""25-34"",""gender"":""female"",""percentage"":0.126228},{""age"":""35-44"",""gender"":""unknown"",""percentage"":0.000982},{""age"":""55-64"",""gender"":""unknown"",""percentage"":0.000491},{""age"":""65+"",""gender"":""unknown"",""percentage"":0.000982},{""age"":""35-44"",""gender"":""male"",""percentage"":0.112475},{""age"":""65+"",""gender"":""female"",""percentage"":0.029961},{""age"":""35-44"",""gender"":""female"",""percentage"":0.0889},{""age"":""45-54"",""gender"":""unknown"",""percentage"":0.002456},{""age"":""18-24"",""gender"":""female"",""percentage"":0.051572},{""age"":""65+"",""gender"":""male"",""percentage"":0.041749},{""age"":""55-64"",""gender"":""female"",""percentage"":0.067289},{""age"":""55-64"",""gender"":""male"",""percentage"":0.060413},{""age"":""25-34"",""gender"":""male"",""percentage"":0.214145},{""age"":""18-24"",""gender"":""male"",""percentage"":0.061395},{""age"":""45-54"",""gender"":""male"",""percentage"":0.077603},{""age"":""45-54"",""gender"":""female"",""percentage"":0.061395},{""age"":""18-24"",""gender"":""unknown"",""percentage"":0.000491}","{""region"":""Los R\u00edos Region"",""percentage"":0.008012},{""region"":""Arica y Parinacota Region"",""percentage"":0.060591},{""region"":""Valpara\u00edso Region"",""percentage"":0.135704},{""region"":""Ays\u00e9n Region"",""percentage"":0.005008},{""region"":""Antofagasta Region"",""percentage"":0.107161},{""region"":""Araucan\u00eda Region"",""percentage"":0.008513},{""region"":""Atacama Region"",""percentage"":0.078117},{""region"":""B\u00edo B\u00edo Region"",""percentage"":0.034051},{""region"":""Coquimbo Region"",""percentage"":0.138708},{""region"":""O'Higgins Region"",""percentage"":0.069104},{""region"":""Los Lagos Region"",""percentage"":0.018027},{""region"":""Maule Region"",""percentage"":0.014522},{""region"":""Santiago Metropolitan Region"",""percentage"":0.23986},{""region"":""Tarapac\u00e1 Region"",""percentage"":0.075613},{""region"":""Magallanes y la Ant\u00e1rtica Chilena Region"",""percentage"":0.007011}","facebook,instagram","lower_bound: 1000001",es
252908040241194,177384889097855,"Gabriel Boric",2021-12-14,2021-12-15,2021-12-16,"Gabriel Boric Font","Este domingo 19 podemos cambiar Chile. Que las riquezas que produce nuestra tierra se distribuyan en las comunas mineras.",,,,"lower_bound: 15000, upper_bound: 19999","lower_bound: 50000, upper_bound: 59999",CLP,"{""age"":""18-24"",""gender"":""female"",""percentage"":0.046942},{""age"":""25-34"",""gender"":""male"",""percentage"":0.160437},{""age"":""65+"",""gender"":""unknown"",""percentage"":0.000137},{""age"":""35-44"",""gender"":""unknown"",""percentage"":0.001777},{""age"":""65+"",""gender"":""female"",""percentage"":0.0233},{""age"":""55-64"",""gender"":""male"",""percentage"":0.051725},{""age"":""45-54"",""gender"":""male"",""percentage"":0.081585},{""age"":""25-34"",""gender"":""female"",""percentage"":0.168978},{""age"":""55-64"",""gender"":""female"",""percentage"":0.064708},{""age"":""55-64"",""gender"":""unknown"",""percentage"":0.000478},{""age"":""45-54"",""gender"":""unknown"",""percentage"":0.001162},{""age"":""65+"",""gender"":""male"",""percentage"":0.019611},{""age"":""18-24"",""gender"":""male"",""percentage"":0.043662},{""age"":""35-44"",""gender"":""male"",""percentage"":0.12026},{""age"":""35-44"",""gender"":""female"",""percentage"":0.124359},{""age"":""25-34"",""gender"":""unknown"",""percentage"":0.000957},{""age"":""45-54"",""gender"":""female"",""percentage"":0.08958},{""age"":""18-24"",""gender"":""unknown"",""percentage"":0.000342}","{""region"":""Los R\u00edos Region"",""percentage"":0.004605},{""region"":""Arica y Parinacota Region"",""percentage"":0.008329},{""region"":""Valpara\u00edso Region"",""percentage"":0.027492},{""region"":""Ays\u00e9n Region"",""percentage"":0.000948},{""region"":""Antofagasta Region"",""percentage"":0.74912},{""region"":""Araucan\u00eda Region"",""percentage"":0.009345},{""region"":""Atacama Region"",""percentage"":0.009615},{""region"":""B\u00edo B\u00edo Region"",""percentage"":0.023903},{""region"":""Coquimbo Region"",""percentage"":0.033789},{""region"":""O'Higgins Region"",""percentage"":0.014152},{""region"":""Los Lagos Region"",""percentage"":0.010089},{""region"":""Magallanes y la Ant\u00e1rtica Chilena Region"",""percentage"":0.003927},{""region"":""Maule Region"",""percentage"":0.009683},{""region"":""Santiago Metropolitan Region"",""percentage"":0.08559},{""region"":""Tarapac\u00e1 Region"",""percentage"":0.009412}","facebook,instagram","lower_bound: 10001, upper_bound: 50000",es
958762078400099,177384889097855,"Gabriel Boric",2021-12-14,2021-12-15,2021-12-16,"Gabriel Boric Font",,,,,"lower_bound: 150000, upper_bound: 174999","lower_bound: 400000, upper_bound: 449999",CLP,"{""age"":""18-24"",""gender"":""unknown"",""percentage"":0.00016},{""age"":""65+"",""gender"":""male"",""percentage"":0.023385},{""age"":""35-44"",""gender"":""male"",""percentage"":0.111284},{""age"":""55-64"",""gender"":""male"",""percentage"":0.063738},{""age"":""45-54"",""gender"":""male"",""percentage"":0.089322},{""age"":""55-64"",""gender"":""female"",""percentage"":0.079393},{""age"":""35-44"",""gender"":""female"",""percentage"":0.094758},{""age"":""18-24"",""gender"":""male"",""percentage"":0.042969},{""age"":""25-34"",""gender"":""female"",""percentage"":0.154984},{""age"":""65+"",""gender"":""unknown"",""percentage"":0.000135},{""age"":""45-54"",""gender"":""female"",""percentage"":0.092027},{""age"":""25-34"",""gender"":""male"",""percentage"":0.167253},{""age"":""18-24"",""gender"":""female"",""percentage"":0.046693},{""age"":""65+"",""gender"":""female"",""percentage"":0.030026},{""age"":""25-34"",""gender"":""unknown"",""percentage"":0.001},{""age"":""35-44"",""gender"":""unknown"",""percentage"":0.001577},{""age"":""55-64"",""gender"":""unknown"",""percentage"":0.000359},{""age"":""45-54"",""gender"":""unknown"",""percentage"":0.000936}","{""region"":""Los R\u00edos Region"",""percentage"":0.006376},{""region"":""Arica y Parinacota Region"",""percentage"":0.002382},{""region"":""Valpara\u00edso Region"",""percentage"":0.02222},{""region"":""Ays\u00e9n Region"",""percentage"":0.001174},{""region"":""Antofagasta Region"",""percentage"":0.0055},{""region"":""Araucan\u00eda Region"",""percentage"":0.016242},{""region"":""Atacama Region"",""percentage"":0.002992},{""region"":""B\u00edo B\u00edo Region"",""percentage"":0.02867},{""region"":""Coquimbo Region"",""percentage"":0.008698},{""region"":""O'Higgins Region"",""percentage"":0.016189},{""region"":""Los Lagos Region"",""percentage"":0.011021},{""region"":""Magallanes y la Ant\u00e1rtica Chilena Region"",""percentage"":0.002163},{""region"":""Maule Region"",""percentage"":0.019314},{""region"":""Santiago Metropolitan Region"",""percentage"":0.854237},{""region"":""Tarapac\u00e1 Region"",""percentage"":0.00282}","facebook,instagram","lower_bound: 500001, upper_bound: 1000000",
392358385910012,177384889097855,"Gabriel Boric",2021-12-14,2021-12-15,2021-12-16,"Gabriel Boric Font","Con apoyo estatal a las pymes, con sueldos mínimos de $500 mil y 40 horas laborales semanales. Vamos a reactivar la economía de Alto Hospicio para que te permita trabajar con tranquilidad, disfrutar tu vida y tu familia y vivir mejor. Vota Gabriel Boric 1️⃣!",,boricpresidente.cl,,"lower_bound: 6000, upper_bound: 6999","lower_bound: 10000, upper_bound: 14999",CLP,"{""age"":""55-64"",""gender"":""unknown"",""percentage"":0.000664},{""age"":""45-54"",""gender"":""unknown"",""percentage"":0.001327},{""age"":""65+"",""gender"":""female"",""percentage"":0.02223},{""age"":""18-24"",""gender"":""female"",""percentage"":0.060551},{""age"":""65+"",""gender"":""male"",""percentage"":0.01775},{""age"":""55-64"",""gender"":""female"",""percentage"":0.061048},{""age"":""18-24"",""gender"":""male"",""percentage"":0.047777},{""age"":""55-64"",""gender"":""male"",""percentage"":0.04081},{""age"":""35-44"",""gender"":""female"",""percentage"":0.126576},{""age"":""45-54"",""gender"":""female"",""percentage"":0.101029},{""age"":""25-34"",""gender"":""female"",""percentage"":0.194924},{""age"":""45-54"",""gender"":""male"",""percentage"":0.071168},{""age"":""25-34"",""gender"":""male"",""percentage"":0.151626},{""age"":""35-44"",""gender"":""male"",""percentage"":0.101029},{""age"":""35-44"",""gender"":""unknown"",""percentage"":0.001327},{""age"":""65+"",""gender"":""unknown"",""percentage"":0.000166}","{""region"":""Los R\u00edos Region"",""percentage"":0.007411},{""region"":""Arica y Parinacota Region"",""percentage"":0.012352},{""region"":""Valpara\u00edso Region"",""percentage"":0.023221},{""region"":""Ays\u00e9n Region"",""percentage"":0.001318},{""region"":""Antofagasta Region"",""percentage"":0.017787},{""region"":""Araucan\u00eda Region"",""percentage"":0.01087},{""region"":""Atacama Region"",""percentage"":0.008564},{""region"":""B\u00edo B\u00edo Region"",""percentage"":0.023386},{""region"":""Coquimbo Region"",""percentage"":0.020257},{""region"":""O'Higgins Region"",""percentage"":0.010705},{""region"":""Los Lagos Region"",""percentage"":0.011199},{""region"":""Magallanes y la Ant\u00e1rtica Chilena Region"",""percentage"":0.003788},{""region"":""Maule Region"",""percentage"":0.011858},{""region"":""Santiago Metropolitan Region"",""percentage"":0.072958},{""region"":""Tarapac\u00e1 Region"",""percentage"":0.764328}","facebook,instagram","lower_bound: 10001, upper_bound: 50000",es
230691289173888,177384889097855,"Gabriel Boric",2021-12-14,2021-12-15,2021-12-16,"Gabriel Boric Font","Con apoyo estatal a las pymes, con sueldos mínimos de $500 mil y 40 horas laborales semanales. Vamos a reactivar la economía de Iquique para que te permita trabajar con tranquilidad, disfrutar tu vida y tu familia y vivir mejor. Vota Gabriel Boric 1️⃣!",,boricpresidente.cl,,"lower_bound: 10000, upper_bound: 14999","lower_bound: 20000, upper_bound: 24999",CLP,"{""age"":""18-24"",""gender"":""unknown"",""percentage"":0.000243},{""age"":""18-24"",""gender"":""male"",""percentage"":0.042951},{""age"":""55-64"",""gender"":""unknown"",""percentage"":0.000404},{""age"":""35-44"",""gender"":""unknown"",""percentage"":0.002103},{""age"":""45-54"",""gender"":""unknown"",""percentage"":0.001213},{""age"":""65+"",""gender"":""male"",""percentage"":0.029524},{""age"":""55-64"",""gender"":""male"",""percentage"":0.057187},{""age"":""45-54"",""gender"":""female"",""percentage"":0.077732},{""age"":""45-54"",""gender"":""male"",""percentage"":0.089946},{""age"":""25-34"",""gender"":""unknown"",""percentage"":0.00178},{""age"":""35-44"",""gender"":""female"",""percentage"":0.110815},{""age"":""25-34"",""gender"":""female"",""percentage"":0.160317},{""age"":""35-44"",""gender"":""male"",""percentage"":0.122786},{""age"":""55-64"",""gender"":""female"",""percentage"":0.059613},{""age"":""18-24"",""gender"":""female"",""percentage"":0.04473},{""age"":""65+"",""gender"":""female"",""percentage"":0.030494},{""age"":""25-34"",""gender"":""male"",""percentage"":0.16784},{""age"":""65+"",""gender"":""unknown"",""percentage"":0.000324}","{""region"":""Los R\u00edos Region"",""percentage"":0.005304},{""region"":""Arica y Parinacota Region"",""percentage"":0.00884},{""region"":""Valpara\u00edso Region"",""percentage"":0.024108},{""region"":""Ays\u00e9n Region"",""percentage"":0.001045},{""region"":""Antofagasta Region"",""percentage"":0.01559},{""region"":""Araucan\u00eda Region"",""percentage"":0.009965},{""region"":""Atacama Region"",""percentage"":0.005384},{""region"":""B\u00edo B\u00edo Region"",""percentage"":0.020974},{""region"":""Coquimbo Region"",""percentage"":0.015027},{""region"":""O'Higgins Region"",""percentage"":0.009},{""region"":""Los Lagos Region"",""percentage"":0.009322},{""region"":""Magallanes y la Ant\u00e1rtica Chilena Region"",""percentage"":0.001848},{""region"":""Maule Region"",""percentage"":0.009322},{""region"":""Santiago Metropolitan Region"",""percentage"":0.067502},{""region"":""Tarapac\u00e1 Region"",""percentage"":0.79677}","facebook,instagram","lower_bound: 10001, upper_bound: 50000",es
335798694668917,177384889097855,"Gabriel Boric",2021-12-14,2021-12-15,2021-12-16,"Gabriel Boric Font","Con apoyo estatal a las pymes, con sueldos mínimos de $500 mil y 40 horas laborales semanales. Vamos a reactivar la economía de Calama para que te permita trabajar con tranquilidad, disfrutar tu vida y tu familia y vivir mejor. Vota Gabriel Boric 1️⃣!",,boricpresidente.cl,,"lower_bound: 6000, upper_bound: 6999","lower_bound: 10000, upper_bound: 14999",CLP,"{""age"":""18-24"",""gender"":""unknown"",""percentage"":0.000293},{""age"":""55-64"",""gender"":""female"",""percentage"":0.054569},{""age"":""35-44"",""gender"":""unknown"",""percentage"":0.00176},{""age"":""65+"",""gender"":""female"",""percentage"":0.018043},{""age"":""45-54"",""gender"":""unknown"",""percentage"":0.00132},{""age"":""18-24"",""gender"":""male"",""percentage"":0.053836},{""age"":""55-64"",""gender"":""male"",""percentage"":0.044741},{""age"":""45-54"",""gender"":""female"",""percentage"":0.079214},{""age"":""35-44"",""gender"":""male"",""percentage"":0.120581},{""age"":""25-34"",""gender"":""unknown"",""percentage"":0.00132},{""age"":""25-34"",""gender"":""female"",""percentage"":0.176031},{""age"":""25-34"",""gender"":""male"",""percentage"":0.170016},{""age"":""18-24"",""gender"":""female"",""percentage"":0.05589},{""age"":""45-54"",""gender"":""male"",""percentage"":0.079654},{""age"":""65+"",""gender"":""male"",""percentage"":0.015109},{""age"":""35-44"",""gender"":""female"",""percentage"":0.127035},{""age"":""55-64"",""gender"":""unknown"",""percentage"":0.000587}","{""region"":""Los R\u00edos Region"",""percentage"":0.005924},{""region"":""Arica y Parinacota Region"",""percentage"":0.008236},{""region"":""Valpara\u00edso Region"",""percentage"":0.02254},{""region"":""Ays\u00e9n Region"",""percentage"":0.000722},{""region"":""Antofagasta Region"",""percentage"":0.780379},{""region"":""Araucan\u00eda Region"",""percentage"":0.010403},{""region"":""Atacama Region"",""percentage"":0.009247},{""region"":""B\u00edo B\u00edo Region"",""percentage"":0.022251},{""region"":""Coquimbo Region"",""percentage"":0.032943},{""region"":""O'Higgins Region"",""percentage"":0.013148},{""region"":""Los Lagos Region"",""percentage"":0.010548},{""region"":""Magallanes y la Ant\u00e1rtica Chilena Region"",""percentage"":0.003757},{""region"":""Maule Region"",""percentage"":0.00708},{""region"":""Santiago Metropolitan Region"",""percentage"":0.066031},{""region"":""Tarapac\u00e1 Region"",""percentage"":0.006646},{""region"":""Unknown"",""percentage"":0.000144}","facebook,instagram","lower_bound: 10001, upper_bound: 50000",es
1346423859103624,177384889097855,"Gabriel Boric",2021-12-14,2021-12-15,2021-12-16,"Gabriel Boric Font","Con apoyo estatal a las pymes, con sueldos mínimos de $500 mil y 40 horas laborales semanales. Vamos a reactivar la economía de Arica para que te permita trabajar con tranquilidad, disfrutar tu vida y tu familia y vivir mejor. Vota Gabriel Boric 1️⃣!",,boricpresidente.cl,,"lower_bound: 10000, upper_bound: 14999","lower_bound: 25000, upper_bound: 29999",CLP,"{""age"":""65+"",""gender"":""unknown"",""percentage"":8.1e-5},{""age"":""35-44"",""gender"":""male"",""percentage"":0.110823},{""age"":""25-34"",""gender"":""unknown"",""percentage"":0.000728},{""age"":""55-64"",""gender"":""unknown"",""percentage"":0.000243},{""age"":""65+"",""gender"":""male"",""percentage"":0.021032},{""age"":""18-24"",""gender"":""male"",""percentage"":0.053713},{""age"":""55-64"",""gender"":""male"",""percentage"":0.048293},{""age"":""35-44"",""gender"":""female"",""percentage"":0.10419},{""age"":""45-54"",""gender"":""male"",""percentage"":0.082834},{""age"":""18-24"",""gender"":""unknown"",""percentage"":8.1e-5},{""age"":""18-24"",""gender"":""female"",""percentage"":0.05525},{""age"":""25-34"",""gender"":""male"",""percentage"":0.181281},{""age"":""25-34"",""gender"":""female"",""percentage"":0.153211},{""age"":""65+"",""gender"":""female"",""percentage"":0.030658},{""age"":""45-54"",""gender"":""female"",""percentage"":0.085989},{""age"":""55-64"",""gender"":""female"",""percentage"":0.069568},{""age"":""35-44"",""gender"":""unknown"",""percentage"":0.001456},{""age"":""45-54"",""gender"":""unknown"",""percentage"":0.000566}","{""region"":""Los R\u00edos Region"",""percentage"":0.001712},{""region"":""Arica y Parinacota Region"",""percentage"":0.886371},{""region"":""Valpara\u00edso Region"",""percentage"":0.008885},{""region"":""Ays\u00e9n Region"",""percentage"":0.000571},{""region"":""Antofagasta Region"",""percentage"":0.014672},{""region"":""Araucan\u00eda Region"",""percentage"":0.005298},{""region"":""Atacama Region"",""percentage"":0.002853},{""region"":""B\u00edo B\u00edo Region"",""percentage"":0.008314},{""region"":""Coquimbo Region"",""percentage"":0.0097},{""region"":""O'Higgins Region"",""percentage"":0.004891},{""region"":""Los Lagos Region"",""percentage"":0.00269},{""region"":""Magallanes y la Ant\u00e1rtica Chilena Region"",""percentage"":0.000978},{""region"":""Maule Region"",""percentage"":0.005869},{""region"":""Santiago Metropolitan Region"",""percentage"":0.03717},{""region"":""Tarapac\u00e1 Region"",""percentage"":0.010026}","facebook,instagram","lower_bound: 10001, upper_bound: 50000",es
839104436783818,177384889097855,"Gabriel Boric",2021-12-14,2021-12-15,2021-12-16,"Gabriel Boric Font","Con apoyo estatal a las pymes, con sueldos mínimos de $500 mil y 40 horas laborales semanales. Vamos a reactivar la economía de Antofagasta para que te permita trabajar con tranquilidad, disfrutar tu vida y tu familia y vivir mejor. Vota Gabriel Boric 1️⃣!",,boricpresidente.cl,,"lower_bound: 20000, upper_bound: 24999","lower_bound: 45000, upper_bound: 49999",CLP,"{""age"":""18-24"",""gender"":""unknown"",""percentage"":0.000277},{""age"":""35-44"",""gender"":""female"",""percentage"":0.111659},{""age"":""45-54"",""gender"":""unknown"",""percentage"":0.001106},{""age"":""65+"",""gender"":""female"",""percentage"":0.02236},{""age"":""55-64"",""gender"":""female"",""percentage"":0.052141},{""age"":""65+"",""gender"":""male"",""percentage"":0.018441},{""age"":""55-64"",""gender"":""male"",""percentage"":0.046379},{""age"":""18-24"",""gender"":""male"",""percentage"":0.056659},{""age"":""35-44"",""gender"":""male"",""percentage"":0.11272},{""age"":""35-44"",""gender"":""unknown"",""percentage"":0.002536},{""age"":""45-54"",""gender"":""female"",""percentage"":0.079342},{""age"":""25-34"",""gender"":""female"",""percentage"":0.172191},{""age"":""45-54"",""gender"":""male"",""percentage"":0.073671},{""age"":""25-34"",""gender"":""male"",""percentage"":0.18865},{""age"":""25-34"",""gender"":""unknown"",""percentage"":0.001014},{""age"":""18-24"",""gender"":""female"",""percentage"":0.059887},{""age"":""65+"",""gender"":""unknown"",""percentage"":0.000277},{""age"":""55-64"",""gender"":""unknown"",""percentage"":0.000692}","{""region"":""Los R\u00edos Region"",""percentage"":0.004116},{""region"":""Arica y Parinacota Region"",""percentage"":0.004711},{""region"":""Valpara\u00edso Region"",""percentage"":0.017974},{""region"":""Ays\u00e9n Region"",""percentage"":0.000732},{""region"":""Antofagasta Region"",""percentage"":0.838921},{""region"":""Araucan\u00eda Region"",""percentage"":0.007638},{""region"":""Atacama Region"",""percentage"":0.006723},{""region"":""B\u00edo B\u00edo Region"",""percentage"":0.016693},{""region"":""Coquimbo Region"",""percentage"":0.021678},{""region"":""O'Higgins Region"",""percentage"":0.006723},{""region"":""Los Lagos Region"",""percentage"":0.006997},{""region"":""Magallanes y la Ant\u00e1rtica Chilena Region"",""percentage"":0.001875},{""region"":""Maule Region"",""percentage"":0.008415},{""region"":""Santiago Metropolitan Region"",""percentage"":0.051406},{""region"":""Tarapac\u00e1 Region"",""percentage"":0.005397}","facebook,instagram","lower_bound: 50001, upper_bound: 100000",es
631642831594384,177384889097855,"Gabriel Boric",2021-12-13,2021-12-14,2021-12-15,"Gabriel Boric Font","Mejor estrategia y mejores policías: más dotación donde más se necesita. Vamos a perseguir la raíz del problema: iremos contra los peces gordos del narcotráfico. No más fórmulas fracasadas. Por barrios seguros Vota Gabriel Boric 1️⃣",,,,"lower_bound: 450000, upper_bound: 499999","lower_bound: 450000, upper_bound: 499999",CLP,"{""age"":""18-24"",""gender"":""unknown"",""percentage"":0.000145},{""age"":""55-64"",""gender"":""male"",""percentage"":0.075042},{""age"":""25-34"",""gender"":""unknown"",""percentage"":0.000779},{""age"":""25-34"",""gender"":""male"",""percentage"":0.163561},{""age"":""18-24"",""gender"":""female"",""percentage"":0.036676},{""age"":""65+"",""gender"":""female"",""percentage"":0.022729},{""age"":""65+"",""gender"":""male"",""percentage"":0.023644},{""age"":""55-64"",""gender"":""female"",""percentage"":0.070999},{""age"":""25-34"",""gender"":""female"",""percentage"":0.121882},{""age"":""35-44"",""gender"":""male"",""percentage"":0.129612},{""age"":""65+"",""gender"":""unknown"",""percentage"":0.000195},{""age"":""35-44"",""gender"":""female"",""percentage"":0.099488},{""age"":""45-54"",""gender"":""female"",""percentage"":0.095244},{""age"":""18-24"",""gender"":""male"",""percentage"":0.040907},{""age"":""45-54"",""gender"":""male"",""percentage"":0.116126},{""age"":""35-44"",""gender"":""unknown"",""percentage"":0.001585},{""age"":""55-64"",""gender"":""unknown"",""percentage"":0.000424},{""age"":""45-54"",""gender"":""unknown"",""percentage"":0.00096},{""age"":""13-17"",""gender"":""female"",""percentage"":2.0e-6}","{""region"":""Los R\u00edos Region"",""percentage"":0.032508},{""region"":""Arica y Parinacota Region"",""percentage"":0.013335},{""region"":""Valpara\u00edso Region"",""percentage"":0.106492},{""region"":""Ays\u00e9n Region"",""percentage"":0.010037},{""region"":""Antofagasta Region"",""percentage"":0.03118},{""region"":""Araucan\u00eda Region"",""percentage"":0.089833},{""region"":""Atacama Region"",""percentage"":0.024097},{""region"":""B\u00edo B\u00edo Region"",""percentage"":0.164979},{""region"":""Coquimbo Region"",""percentage"":0.048181},{""region"":""O'Higgins Region"",""percentage"":0.071072},{""region"":""Los Lagos Region"",""percentage"":0.083801},{""region"":""Magallanes y la Ant\u00e1rtica Chilena Region"",""percentage"":0.017568},{""region"":""Maule Region"",""percentage"":0.083363},{""region"":""Santiago Metropolitan Region"",""percentage"":0.204123},{""region"":""Tarapac\u00e1 Region"",""percentage"":0.019431}","facebook,instagram","lower_bound: 1000001",es
203635825298378,177384889097855,"Gabriel Boric",2021-12-13,2021-12-14,2021-12-14,"Gabriel Boric Font","La plata para quien la produce: mayor tributación para la gran minería para que la riqueza local se quede en la región. Vota Gabriel Boric1️⃣ y pongámosle fin al centralismo!",,,,"lower_bound: 125000, upper_bound: 149999","lower_bound: 1000000",CLP,"{""age"":""25-34"",""gender"":""unknown"",""percentage"":0.001018},{""age"":""55-64"",""gender"":""female"",""percentage"":0.072543},{""age"":""13-17"",""gender"":""female"",""percentage"":2.3e-5},{""age"":""55-64"",""gender"":""unknown"",""percentage"":0.000656},{""age"":""45-54"",""gender"":""unknown"",""percentage"":0.001551},{""age"":""65+"",""gender"":""unknown"",""percentage"":0.000293},{""age"":""55-64"",""gender"":""male"",""percentage"":0.059189},{""age"":""65+"",""gender"":""female"",""percentage"":0.038035},{""age"":""35-44"",""gender"":""female"",""percentage"":0.118779},{""age"":""25-34"",""gender"":""female"",""percentage"":0.142032},{""age"":""35-44"",""gender"":""unknown"",""percentage"":0.00216},{""age"":""45-54"",""gender"":""male"",""percentage"":0.090133},{""age"":""18-24"",""gender"":""male"",""percentage"":0.037888},{""age"":""65+"",""gender"":""male"",""percentage"":0.027951},{""age"":""25-34"",""gender"":""male"",""percentage"":0.150449},{""age"":""35-44"",""gender"":""male"",""percentage"":0.117946},{""age"":""45-54"",""gender"":""female"",""percentage"":0.099615},{""age"":""18-24"",""gender"":""female"",""percentage"":0.039446},{""age"":""18-24"",""gender"":""unknown"",""percentage"":0.000285},{""age"":""13-17"",""gender"":""unknown"",""percentage"":8.0e-6}","{""region"":""Unknown"",""percentage"":8.0e-6},{""region"":""Los R\u00edos Region"",""percentage"":0.003741},{""region"":""Arica y Parinacota Region"",""percentage"":0.006869},{""region"":""Valpara\u00edso Region"",""percentage"":0.023691},{""region"":""Ays\u00e9n Region"",""percentage"":0.000719},{""region"":""Antofagasta Region"",""percentage"":0.781023},{""region"":""Araucan\u00eda Region"",""percentage"":0.008583},{""region"":""Atacama Region"",""percentage"":0.00739},{""region"":""B\u00edo B\u00edo Region"",""percentage"":0.018994},{""region"":""Coquimbo Region"",""percentage"":0.029229},{""region"":""O'Higgins Region"",""percentage"":0.010289},{""region"":""Los Lagos Region"",""percentage"":0.007619},{""region"":""Magallanes y la Ant\u00e1rtica Chilena Region"",""percentage"":0.002364},{""region"":""Maule Region"",""percentage"":0.009233},{""region"":""Santiago Metropolitan Region"",""percentage"":0.082677},{""region"":""Tarapac\u00e1 Region"",""percentage"":0.007573}","facebook,instagram","lower_bound: 100001, upper_bound: 500000",es
456325526167290,177384889097855,"Gabriel Boric",2021-12-13,2021-12-14,2021-12-16,"Gabriel Boric Font","Ser mujer en Chile es luchar. Nada ha sido regalado, todo se ha debido conquistar a punta de esfuerzo. No permitamos que vuelva la discriminación por no estar casadas o que perdamos nuestros derechos básicos! 
Este 19 de diciembre vota Gabriel Boric 1️⃣para que sigamos avanzando en igualdad entre hombres y mujeres!",,,,"lower_bound: 700000, upper_bound: 799999","lower_bound: 1000000",CLP,"{""age"":""13-17"",""gender"":""female"",""percentage"":1.0e-6},{""age"":""25-34"",""gender"":""female"",""percentage"":0.278751},{""age"":""18-24"",""gender"":""female"",""percentage"":0.083034},{""age"":""35-44"",""gender"":""female"",""percentage"":0.218062},{""age"":""45-54"",""gender"":""female"",""percentage"":0.198352},{""age"":""55-64"",""gender"":""female"",""percentage"":0.157045},{""age"":""65+"",""gender"":""female"",""percentage"":0.064755}","{""region"":""Unknown"",""percentage"":3.0e-6},{""region"":""Los R\u00edos Region"",""percentage"":0.025777},{""region"":""Arica y Parinacota Region"",""percentage"":0.013023},{""region"":""Valpara\u00edso Region"",""percentage"":0.117733},{""region"":""Ays\u00e9n Region"",""percentage"":0.007366},{""region"":""Antofagasta Region"",""percentage"":0.031638},{""region"":""Araucan\u00eda Region"",""percentage"":0.072982},{""region"":""Atacama Region"",""percentage"":0.021152},{""region"":""B\u00edo B\u00edo Region"",""percentage"":0.145921},{""region"":""Coquimbo Region"",""percentage"":0.050813},{""region"":""O'Higgins Region"",""percentage"":0.065377},{""region"":""Los Lagos Region"",""percentage"":0.063353},{""region"":""Magallanes y la Ant\u00e1rtica Chilena Region"",""percentage"":0.012562},{""region"":""Maule Region"",""percentage"":0.0762},{""region"":""Santiago Metropolitan Region"",""percentage"":0.277491},{""region"":""Tarapac\u00e1 Region"",""percentage"":0.018607}","facebook,instagram","lower_bound: 500001, upper_bound: 1000000",es
1054615832038940,177384889097855,"Gabriel Boric",2021-12-13,2021-12-13,2021-12-16,"Gabriel Boric Font","Terminar con las injusticias en el campo. Las y los agricultores de Ñuble no pueden quedar solos. 
Este 19 vota 1, vota Gabriel Boric.",,,,"lower_bound: 150000, upper_bound: 174999","lower_bound: 700000, upper_bound: 799999",CLP,"{""age"":""13-17"",""gender"":""female"",""percentage"":1.0e-5},{""age"":""25-34"",""gender"":""female"",""percentage"":0.146759},{""age"":""45-54"",""gender"":""male"",""percentage"":0.090522},{""age"":""65+"",""gender"":""male"",""percentage"":0.022563},{""age"":""55-64"",""gender"":""male"",""percentage"":0.060787},{""age"":""55-64"",""gender"":""female"",""percentage"":0.078219},{""age"":""65+"",""gender"":""female"",""percentage"":0.035062},{""age"":""18-24"",""gender"":""male"",""percentage"":0.03783},{""age"":""35-44"",""gender"":""female"",""percentage"":0.114546},{""age"":""25-34"",""gender"":""male"",""percentage"":0.145898},{""age"":""65+"",""gender"":""unknown"",""percentage"":0.000187},{""age"":""18-24"",""gender"":""female"",""percentage"":0.041644},{""age"":""45-54"",""gender"":""female"",""percentage"":0.113572},{""age"":""35-44"",""gender"":""male"",""percentage"":0.109064},{""age"":""35-44"",""gender"":""unknown"",""percentage"":0.001347},{""age"":""55-64"",""gender"":""unknown"",""percentage"":0.000404},{""age"":""18-24"",""gender"":""unknown"",""percentage"":0.000145},{""age"":""25-34"",""gender"":""unknown"",""percentage"":0.000622},{""age"":""45-54"",""gender"":""unknown"",""percentage"":0.000819}","{""region"":""Los R\u00edos Region"",""percentage"":0.00429},{""region"":""Arica y Parinacota Region"",""percentage"":0.002559},{""region"":""Valpara\u00edso Region"",""percentage"":0.016159},{""region"":""Ays\u00e9n Region"",""percentage"":0.001294},{""region"":""Araucan\u00eda Region"",""percentage"":0.012044},{""region"":""Atacama Region"",""percentage"":0.003123},{""region"":""Tarapac\u00e1 Region"",""percentage"":0.00359},{""region"":""Antofagasta Region"",""percentage"":0.006732},{""region"":""B\u00edo B\u00edo Region"",""percentage"":0.798422},{""region"":""Coquimbo Region"",""percentage"":0.006323},{""region"":""O'Higgins Region"",""percentage"":0.010399},{""region"":""Los Lagos Region"",""percentage"":0.008678},{""region"":""Magallanes y la Ant\u00e1rtica Chilena Region"",""percentage"":0.002111},{""region"":""Maule Region"",""percentage"":0.017569},{""region"":""Santiago Metropolitan Region"",""percentage"":0.106709}","facebook,instagram","lower_bound: 50001, upper_bound: 100000",es
606986417301321,177384889097855,"Gabriel Boric",2021-12-10,2021-12-10,2021-12-12,"Gabriel Boric Font","Las autoridades de gobierno no ganarán más de 5 millones, es decir 10 veces el salario mínimo de $500.000 al que proponemos llegar. Por un Chile sin privilegios para unos poco, vota Gabriel Boric 1️⃣",,boricpresidente.cl,,"lower_bound: 1000, upper_bound: 1999","lower_bound: 0, upper_bound: 99",USD,"{""age"":""45-54"",""gender"":""unknown"",""percentage"":0.002249},{""age"":""55-64"",""gender"":""unknown"",""percentage"":0.00075},{""age"":""18-24"",""gender"":""female"",""percentage"":0.071964},{""age"":""55-64"",""gender"":""female"",""percentage"":0.023988},{""age"":""45-54"",""gender"":""female"",""percentage"":0.062219},{""age"":""25-34"",""gender"":""female"",""percentage"":0.203148},{""age"":""45-54"",""gender"":""male"",""percentage"":0.053223},{""age"":""18-24"",""gender"":""male"",""percentage"":0.071214},{""age"":""35-44"",""gender"":""male"",""percentage"":0.138681},{""age"":""35-44"",""gender"":""female"",""percentage"":0.112444},{""age"":""25-34"",""gender"":""unknown"",""percentage"":0.003748},{""age"":""25-34"",""gender"":""male"",""percentage"":0.225637},{""age"":""55-64"",""gender"":""male"",""percentage"":0.02099},{""age"":""18-24"",""gender"":""unknown"",""percentage"":0.002249},{""age"":""35-44"",""gender"":""unknown"",""percentage"":0.007496}","{""region"":""Santiago Metropolitan Region"",""percentage"":1}","facebook,instagram","lower_bound: 100001, upper_bound: 500000",es
192116393130601,177384889097855,"Gabriel Boric",2021-12-10,2021-12-14,2021-12-15,"Gabriel Boric Font","No podemos permitir que familias y pequeños agricultores tengan que obtener agua a través de camiones aljibes, mientras que algunos abusan de su poder acumulándola para su beneficios. Para que el agua sea un derecho vota Gabriel Boric 1️⃣",,boricpresidente.cl,,"lower_bound: 0, upper_bound: 999","lower_bound: 0, upper_bound: 99",USD,,,"facebook,instagram","lower_bound: 5001, upper_bound: 10000",es
320997846695750,177384889097855,"Gabriel Boric",2021-12-10,2021-12-10,2021-12-16,"Gabriel Boric Font","Que la vejez sea para descansar y disfrutar 🫂, no para trabajar porque la pensión no alcanza. Fin a las AFP para una jubilación a los 65 años con un piso de $250.000 mensuales. Para pensiones justas, vota Gabriel Boric 1️⃣",,boricpresidente.cl,,"lower_bound: 10000, upper_bound: 14999","lower_bound: 0, upper_bound: 99",USD,"{""age"":""45-54"",""gender"":""unknown"",""percentage"":0.000254},{""age"":""55-64"",""gender"":""unknown"",""percentage"":0.000127},{""age"":""18-24"",""gender"":""unknown"",""percentage"":0.002163},{""age"":""25-34"",""gender"":""unknown"",""percentage"":0.0014},{""age"":""45-54"",""gender"":""male"",""percentage"":0.06413},{""age"":""35-44"",""gender"":""female"",""percentage"":0.105611},{""age"":""35-44"",""gender"":""male"",""percentage"":0.092505},{""age"":""25-34"",""gender"":""male"",""percentage"":0.16058},{""age"":""25-34"",""gender"":""female"",""percentage"":0.15689},{""age"":""55-64"",""gender"":""female"",""percentage"":0.058913},{""age"":""18-24"",""gender"":""male"",""percentage"":0.093651},{""age"":""55-64"",""gender"":""male"",""percentage"":0.041354},{""age"":""18-24"",""gender"":""female"",""percentage"":0.136277},{""age"":""45-54"",""gender"":""female"",""percentage"":0.085253},{""age"":""35-44"",""gender"":""unknown"",""percentage"":0.000891}","{""region"":""Santiago Metropolitan Region"",""percentage"":1}","facebook,instagram","lower_bound: 10001, upper_bound: 50000",es
328709215751139,177384889097855,"Gabriel Boric",2021-12-10,2021-12-10,2021-12-16,"Gabriel Boric Font","Las autoridades de gobierno no ganarán más de 5 millones, es decir 10 veces el salario mínimo de $500.000 al que proponemos llegar. Por un Chile sin privilegios para unos poco, vota Gabriel Boric 1️⃣",,boricpresidente.cl,,"lower_bound: 20000, upper_bound: 24999","lower_bound: 0, upper_bound: 99",USD,"{""age"":""55-64"",""gender"":""unknown"",""percentage"":5.4e-5},{""age"":""35-44"",""gender"":""unknown"",""percentage"":0.001949},{""age"":""55-64"",""gender"":""male"",""percentage"":0.006877},{""age"":""25-34"",""gender"":""unknown"",""percentage"":0.001516},{""age"":""55-64"",""gender"":""female"",""percentage"":0.00796},{""age"":""25-34"",""gender"":""male"",""percentage"":0.267381},{""age"":""35-44"",""gender"":""female"",""percentage"":0.138402},{""age"":""25-34"",""gender"":""female"",""percentage"":0.257364},{""age"":""35-44"",""gender"":""male"",""percentage"":0.130929},{""age"":""45-54"",""gender"":""female"",""percentage"":0.099144},{""age"":""45-54"",""gender"":""male"",""percentage"":0.087178},{""age"":""45-54"",""gender"":""unknown"",""percentage"":0.001245}","{""region"":""Antofagasta Region"",""percentage"":1}","facebook,instagram","lower_bound: 50001, upper_bound: 100000",es
436769494584639,177384889097855,"Gabriel Boric",2021-12-10,2021-12-12,2021-12-14,"Gabriel Boric Font","Las autoridades de gobierno no ganarán más de 5 millones, es decir 10 veces el salario mínimo de $500.000 al que proponemos llegar. Por un Chile sin privilegios, vota Gabriel Boric 1️⃣",,boricpresidente.cl,,"lower_bound: 0, upper_bound: 999","lower_bound: 0, upper_bound: 99",USD,,,"facebook,instagram","lower_bound: 10001, upper_bound: 50000",es
456862702466519,177384889097855,"Gabriel Boric",2021-12-10,2021-12-10,2021-12-16,"Gabriel Boric Font","Las autoridades de gobierno no ganarán más de 5 millones, es decir 10 veces el salario mínimo de $500.000 al que proponemos llegar. Por un Chile sin privilegios, vota Gabriel Boric 1️⃣",,boricpresidente.cl,,"lower_bound: 1000, upper_bound: 1999","lower_bound: 0, upper_bound: 99",USD,"{""age"":""55-64"",""gender"":""unknown"",""percentage"":0.001597},{""age"":""45-54"",""gender"":""unknown"",""percentage"":0.003994},{""age"":""55-64"",""gender"":""male"",""percentage"":0.061502},{""age"":""55-64"",""gender"":""female"",""percentage"":0.092652},{""age"":""35-44"",""gender"":""female"",""percentage"":0.27476},{""age"":""45-54"",""gender"":""male"",""percentage"":0.146166},{""age"":""35-44"",""gender"":""male"",""percentage"":0.204473},{""age"":""45-54"",""gender"":""female"",""percentage"":0.211661},{""age"":""35-44"",""gender"":""unknown"",""percentage"":0.003195}","{""region"":""B\u00edo B\u00edo Region"",""percentage"":1}","facebook,instagram","lower_bound: 10001, upper_bound: 50000",es
526585709182345,177384889097855,"Gabriel Boric",2021-12-10,2021-12-10,2021-12-16,"Gabriel Boric Font","Reformar Carabineros para tener más dotación donde más se necesita, con barrios seguros libres de narcotráfico. Vota Gabriel Boric 1️⃣",,boricpresidente.cl,,"lower_bound: 0, upper_bound: 999","lower_bound: 0, upper_bound: 99",USD,,,"facebook,instagram","lower_bound: 1001, upper_bound: 5000",es
615691306438415,177384889097855,"Gabriel Boric",2021-12-10,2021-12-10,2021-12-16,"Gabriel Boric Font","Diálogo para una paz duradera y todo el rigor de la ley contra quien cometa un delito. Para avanzar con justicia y paz, vota Gabriel Boric 1️⃣",,boricpresidente.cl,,"lower_bound: 2000, upper_bound: 2999","lower_bound: 0, upper_bound: 99",USD,"{""age"":""55-64"",""gender"":""unknown"",""percentage"":0.000992},{""age"":""35-44"",""gender"":""unknown"",""percentage"":0.001488},{""age"":""55-64"",""gender"":""female"",""percentage"":0.049107},{""age"":""35-44"",""gender"":""male"",""percentage"":0.094246},{""age"":""45-54"",""gender"":""female"",""percentage"":0.079365},{""age"":""18-24"",""gender"":""female"",""percentage"":0.116567},{""age"":""25-34"",""gender"":""male"",""percentage"":0.139881},{""age"":""18-24"",""gender"":""male"",""percentage"":0.09375},{""age"":""35-44"",""gender"":""female"",""percentage"":0.125992},{""age"":""25-34"",""gender"":""female"",""percentage"":0.188988},{""age"":""55-64"",""gender"":""male"",""percentage"":0.03621},{""age"":""45-54"",""gender"":""male"",""percentage"":0.069444},{""age"":""25-34"",""gender"":""unknown"",""percentage"":0.00248},{""age"":""18-24"",""gender"":""unknown"",""percentage"":0.000992},{""age"":""45-54"",""gender"":""unknown"",""percentage"":0.000496}","{""region"":""B\u00edo B\u00edo Region"",""percentage"":1}","facebook,instagram","lower_bound: 10001, upper_bound: 50000",es
640524750284302,177384889097855,"Gabriel Boric",2021-12-10,2021-12-10,2021-12-16,"Gabriel Boric Font","Que la vejez sea para descansar y disfrutar 🫂, no para trabajar porque la pensión no alcanza. Fin a las AFP para una jubilación a los 65 años con un piso de $250.000 mensuales. Para pensiones justas, vota Gabriel Boric 1️⃣",,boricpresidente.cl,,"lower_bound: 4000, upper_bound: 4999","lower_bound: 0, upper_bound: 99",USD,"{""age"":""55-64"",""gender"":""unknown"",""percentage"":0.001135},{""age"":""35-44"",""gender"":""unknown"",""percentage"":0.003122},{""age"":""55-64"",""gender"":""male"",""percentage"":0.071246},{""age"":""55-64"",""gender"":""female"",""percentage"":0.119217},{""age"":""35-44"",""gender"":""female"",""percentage"":0.261709},{""age"":""35-44"",""gender"":""male"",""percentage"":0.175703},{""age"":""45-54"",""gender"":""female"",""percentage"":0.206642},{""age"":""45-54"",""gender"":""male"",""percentage"":0.157252},{""age"":""45-54"",""gender"":""unknown"",""percentage"":0.003974}","{""region"":""B\u00edo B\u00edo Region"",""percentage"":1}","facebook,instagram","lower_bound: 10001, upper_bound: 50000",es
753068619422705,177384889097855,"Gabriel Boric",2021-12-10,2021-12-10,2021-12-16,"Gabriel Boric Font","Que la vejez sea para descansar y disfrutar 🫂, no para trabajar porque la pensión no alcanza. Fin a las AFP para una jubilación a los 65 años con un piso de $250.000 mensuales. Para pensiones justas, vota Gabriel Boric 1️⃣",,boricpresidente.cl,,"lower_bound: 0, upper_bound: 999","lower_bound: 0, upper_bound: 99",USD,,,"facebook,instagram","lower_bound: 1001, upper_bound: 5000",es
1065114517362767,177384889097855,"Gabriel Boric",2021-12-10,2021-12-10,2021-12-16,"Gabriel Boric Font","Mayor dotación policial y coordinación con nuestros países vecinos para una migración segura, ordenada y humana. Por un gobierno que cuide nuestras fronteras, vota Gabriel Boric 1️⃣",,boricpresidente.cl,,"lower_bound: 0, upper_bound: 999","lower_bound: 0, upper_bound: 99",USD,"{""age"":""25-34"",""gender"":""female"",""percentage"":0.230769},{""age"":""25-34"",""gender"":""male"",""percentage"":0.333333},{""age"":""35-44"",""gender"":""female"",""percentage"":0.188034},{""age"":""45-54"",""gender"":""female"",""percentage"":0.059829},{""age"":""25-34"",""gender"":""unknown"",""percentage"":0.008547},{""age"":""35-44"",""gender"":""male"",""percentage"":0.102564},{""age"":""45-54"",""gender"":""male"",""percentage"":0.076923}","{""region"":""Antofagasta Region"",""percentage"":1}","facebook,instagram","lower_bound: 1001, upper_bound: 5000",es
1114560392667588,177384889097855,"Gabriel Boric",2021-12-10,2021-12-10,2021-12-16,"Gabriel Boric Font","Que nunca más tengas que esperar horas para recibir tus remedios 💊, una salud digna donde los medicamentos se entreguen a domicilio 🚐. Vota Gabriel Boric 1️⃣",,boricpresidente.cl,,"lower_bound: 0, upper_bound: 999","lower_bound: 0, upper_bound: 99",USD,"{""age"":""65+"",""gender"":""male"",""percentage"":0.150943},{""age"":""55-64"",""gender"":""female"",""percentage"":0.283019},{""age"":""65+"",""gender"":""female"",""percentage"":0.386792},{""age"":""55-64"",""gender"":""male"",""percentage"":0.165094},{""age"":""65+"",""gender"":""unknown"",""percentage"":0.014151}","{""region"":""Valpara\u00edso Region"",""percentage"":1}","facebook,instagram","lower_bound: 1001, upper_bound: 5000",es
7133888443295597,177384889097855,"Gabriel Boric",2021-12-10,2021-12-13,2021-12-15,"Gabriel Boric Font","Que no necesitemos los bingos y completadas para pagar un tratamiento 🏥, sino para celebrar un país más justo 🎉. 
Por una salud para todos, sin privilegios. Vota Gabriel Boric 1️⃣",,boricpresidente.cl,,"lower_bound: 0, upper_bound: 999","lower_bound: 0, upper_bound: 99",USD,,,"facebook,instagram","lower_bound: 5001, upper_bound: 10000",es
395503655657238,177384889097855,"Gabriel Boric",2021-12-10,2021-12-10,2021-12-16,"Gabriel Boric Font","Que no necesitemos los bingos y completadas para pagar un tratamiento 🏥, sino para celebrar un país más justo 🎉. 
Por una salud para todos, sin privilegios. Vota Gabriel Boric 1️⃣",,boricpresidente.cl,,"lower_bound: 6000, upper_bound: 6999","lower_bound: 0, upper_bound: 99",USD,"{""age"":""25-34"",""gender"":""unknown"",""percentage"":0.002519},{""age"":""55-64"",""gender"":""male"",""percentage"":0.007054},{""age"":""35-44"",""gender"":""female"",""percentage"":0.148304},{""age"":""45-54"",""gender"":""male"",""percentage"":0.097749},{""age"":""45-54"",""gender"":""female"",""percentage"":0.100437},{""age"":""25-34"",""gender"":""female"",""percentage"":0.253947},{""age"":""25-34"",""gender"":""male"",""percentage"":0.231105},{""age"":""35-44"",""gender"":""male"",""percentage"":0.144777},{""age"":""55-64"",""gender"":""female"",""percentage"":0.009741},{""age"":""45-54"",""gender"":""unknown"",""percentage"":0.001512},{""age"":""35-44"",""gender"":""unknown"",""percentage"":0.002855}","{""region"":""Antofagasta Region"",""percentage"":1}","facebook,instagram","lower_bound: 50001, upper_bound: 100000",es
235310022040923,177384889097855,"Gabriel Boric",2021-12-10,2021-12-10,2021-12-16,"Gabriel Boric Font","Que la vejez sea para descansar y disfrutar  🫂, no para trabajar porque la pensión no alcanza. Fin a las AFP para una jubilación a los 65 años con un piso de $250.000 mensuales. Para pensiones justas, vota Gabriel Boric 1️⃣",,boricpresidente.cl,,"lower_bound: 15000, upper_bound: 19999","lower_bound: 0, upper_bound: 99",USD,"{""age"":""55-64"",""gender"":""unknown"",""percentage"":0.000521},{""age"":""35-44"",""gender"":""unknown"",""percentage"":0.002691},{""age"":""45-54"",""gender"":""unknown"",""percentage"":0.001302},{""age"":""45-54"",""gender"":""male"",""percentage"":0.06327},{""age"":""35-44"",""gender"":""female"",""percentage"":0.081496},{""age"":""18-24"",""gender"":""male"",""percentage"":0.120205},{""age"":""25-34"",""gender"":""female"",""percentage"":0.166898},{""age"":""18-24"",""gender"":""female"",""percentage"":0.170283},{""age"":""25-34"",""gender"":""male"",""percentage"":0.167506},{""age"":""35-44"",""gender"":""male"",""percentage"":0.083753},{""age"":""45-54"",""gender"":""female"",""percentage"":0.075074},{""age"":""13-17"",""gender"":""male"",""percentage"":8.7e-5},{""age"":""55-64"",""gender"":""male"",""percentage"":0.026992},{""age"":""55-64"",""gender"":""female"",""percentage"":0.035237},{""age"":""18-24"",""gender"":""unknown"",""percentage"":0.002691},{""age"":""25-34"",""gender"":""unknown"",""percentage"":0.001996}","{""region"":""Santiago Metropolitan Region"",""percentage"":1}","facebook,instagram","lower_bound: 50001, upper_bound: 100000",es
599974911217127,177384889097855,"Gabriel Boric",2021-12-10,2021-12-11,2021-12-16,"Gabriel Boric Font","Que la vejez sea para descansar y disfrutar 🫂, no para trabajar porque la pensión no alcanza. Fin a las AFP para una jubilación a los 65 años con un piso de $250.000 mensuales. Para pensiones justas, vota Gabriel Boric 1️⃣",,boricpresidente.cl,,"lower_bound: 0, upper_bound: 999","lower_bound: 0, upper_bound: 99",USD,,,"facebook,instagram","lower_bound: 10001, upper_bound: 50000",es
650842912579194,177384889097855,"Gabriel Boric",2021-12-10,2021-12-10,2021-12-16,"Gabriel Boric Font","Que no necesitemos los bingos y completadas para pagar un tratamiento 🏥, sino para celebrar un país más justo 🎉. 
Por una salud para todos, sin privilegios. Vota Gabriel Boric 1️⃣",,boricpresidente.cl,,"lower_bound: 9000, upper_bound: 9999","lower_bound: 0, upper_bound: 99",USD,"{""age"":""55-64"",""gender"":""male"",""percentage"":0.01872},{""age"":""35-44"",""gender"":""male"",""percentage"":0.135467},{""age"":""13-17"",""gender"":""male"",""percentage"":0.000111},{""age"":""13-17"",""gender"":""female"",""percentage"":0.000111},{""age"":""45-54"",""gender"":""unknown"",""percentage"":0.002658},{""age"":""35-44"",""gender"":""unknown"",""percentage"":0.00576},{""age"":""18-24"",""gender"":""male"",""percentage"":0.078312},{""age"":""35-44"",""gender"":""female"",""percentage"":0.110877},{""age"":""45-54"",""gender"":""male"",""percentage"":0.053943},{""age"":""25-34"",""gender"":""unknown"",""percentage"":0.003877},{""age"":""25-34"",""gender"":""male"",""percentage"":0.220868},{""age"":""25-34"",""gender"":""female"",""percentage"":0.204253},{""age"":""18-24"",""gender"":""female"",""percentage"":0.08961},{""age"":""55-64"",""gender"":""female"",""percentage"":0.023926},{""age"":""45-54"",""gender"":""female"",""percentage"":0.049623},{""age"":""18-24"",""gender"":""unknown"",""percentage"":0.001661},{""age"":""55-64"",""gender"":""unknown"",""percentage"":0.000222}","{""region"":""Santiago Metropolitan Region"",""percentage"":1}","facebook,instagram","lower_bound: 100001, upper_bound: 500000",es
460710375416505,177384889097855,"Gabriel Boric",2021-12-10,2021-12-10,2021-12-16,"Gabriel Boric Font","Que la vejez sea para descansar y disfrutar 🫂, no para trabajar porque la pensión no alcanza. Fin a las AFP para una jubilación a los 65 años con un piso de $250.000 mensuales. Para pensiones justas, vota Gabriel Boric 1️⃣",,boricpresidente.cl,,"lower_bound: 4000, upper_bound: 4999","lower_bound: 0, upper_bound: 99",USD,"{""age"":""18-24"",""gender"":""unknown"",""percentage"":0.001528},{""age"":""25-34"",""gender"":""unknown"",""percentage"":0.001833},{""age"":""55-64"",""gender"":""male"",""percentage"":0.030247},{""age"":""45-54"",""gender"":""female"",""percentage"":0.097464},{""age"":""35-44"",""gender"":""male"",""percentage"":0.101436},{""age"":""18-24"",""gender"":""female"",""percentage"":0.10388},{""age"":""18-24"",""gender"":""male"",""percentage"":0.075466},{""age"":""25-34"",""gender"":""male"",""percentage"":0.169569},{""age"":""45-54"",""gender"":""male"",""percentage"":0.073327},{""age"":""25-34"",""gender"":""female"",""percentage"":0.173236},{""age"":""55-64"",""gender"":""female"",""percentage"":0.04919},{""age"":""35-44"",""gender"":""unknown"",""percentage"":0.001833},{""age"":""35-44"",""gender"":""female"",""percentage"":0.119462},{""age"":""45-54"",""gender"":""unknown"",""percentage"":0.001528}","{""region"":""Valpara\u00edso Region"",""percentage"":1}","facebook,instagram","lower_bound: 10001, upper_bound: 50000",es
209316911364794,177384889097855,"Gabriel Boric",2021-12-10,2021-12-10,2021-12-12,"Gabriel Boric Font","Las autoridades de gobierno no ganarán más de 5 millones, es decir 10 veces el salario mínimo de $500.000 al que proponemos llegar. Por un Chile sin privilegios para unos poco, vota Gabriel Boric 1️⃣",,boricpresidente.cl,,"lower_bound: 0, upper_bound: 999","lower_bound: 0, upper_bound: 99",USD,"{""age"":""55-64"",""gender"":""male"",""percentage"":0.009615},{""age"":""35-44"",""gender"":""unknown"",""percentage"":0.004808},{""age"":""45-54"",""gender"":""unknown"",""percentage"":0.004808},{""age"":""55-64"",""gender"":""female"",""percentage"":0.009615},{""age"":""45-54"",""gender"":""female"",""percentage"":0.081731},{""age"":""35-44"",""gender"":""male"",""percentage"":0.197115},{""age"":""25-34"",""gender"":""female"",""percentage"":0.235577},{""age"":""35-44"",""gender"":""female"",""percentage"":0.100962},{""age"":""25-34"",""gender"":""male"",""percentage"":0.259615},{""age"":""45-54"",""gender"":""male"",""percentage"":0.091346},{""age"":""13-17"",""gender"":""male"",""percentage"":0.004808}","{""region"":""Antofagasta Region"",""percentage"":1}","facebook,instagram","lower_bound: 5001, upper_bound: 10000",es
232798448964408,177384889097855,"Gabriel Boric",2021-12-10,2021-12-10,2021-12-16,"Gabriel Boric Font","Que la vejez sea para descansar y disfrutar  🫂, no para trabajar porque la pensión no alcanza. Fin a las AFP para una jubilación a los 65 años con un piso de $250.000 mensuales. Para pensiones justas, vota Gabriel Boric 1️⃣",,boricpresidente.cl,,"lower_bound: 30000, upper_bound: 34999","lower_bound: 0, upper_bound: 99",USD,"{""age"":""55-64"",""gender"":""unknown"",""percentage"":0.000594},{""age"":""45-54"",""gender"":""unknown"",""percentage"":0.001585},{""age"":""35-44"",""gender"":""unknown"",""percentage"":0.002139},{""age"":""45-54"",""gender"":""female"",""percentage"":0.074516},{""age"":""18-24"",""gender"":""male"",""percentage"":0.103791},{""age"":""18-24"",""gender"":""female"",""percentage"":0.148239},{""age"":""55-64"",""gender"":""male"",""percentage"":0.033078},{""age"":""25-34"",""gender"":""male"",""percentage"":0.178703},{""age"":""35-44"",""gender"":""male"",""percentage"":0.087272},{""age"":""18-24"",""gender"":""unknown"",""percentage"":0.002932},{""age"":""25-34"",""gender"":""unknown"",""percentage"":0.002218},{""age"":""45-54"",""gender"":""male"",""percentage"":0.061047},{""age"":""25-34"",""gender"":""female"",""percentage"":0.167175},{""age"":""35-44"",""gender"":""female"",""percentage"":0.090481},{""age"":""55-64"",""gender"":""female"",""percentage"":0.046231}","{""region"":""Santiago Metropolitan Region"",""percentage"":1}","facebook,instagram","lower_bound: 100001, upper_bound: 500000",es
304795278191642,177384889097855,"Gabriel Boric",2021-12-10,2021-12-10,2021-12-16,"Gabriel Boric Font","Que no necesitemos los bingos y completadas para pagar un tratamiento 🏥, sino para celebrar un país más justo 🎉. 
Por una salud para todos, sin privilegios. Vota Gabriel Boric 1️⃣",,boricpresidente.cl,,"lower_bound: 10000, upper_bound: 14999","lower_bound: 0, upper_bound: 99",USD,"{""age"":""25-34"",""gender"":""unknown"",""percentage"":0.001599},{""age"":""45-54"",""gender"":""unknown"",""percentage"":0.00101},{""age"":""18-24"",""gender"":""unknown"",""percentage"":0.001263},{""age"":""35-44"",""gender"":""unknown"",""percentage"":0.002357},{""age"":""55-64"",""gender"":""unknown"",""percentage"":0.000589},{""age"":""18-24"",""gender"":""male"",""percentage"":0.073479},{""age"":""18-24"",""gender"":""female"",""percentage"":0.115899},{""age"":""45-54"",""gender"":""male"",""percentage"":0.067587},{""age"":""25-34"",""gender"":""male"",""percentage"":0.18458},{""age"":""25-34"",""gender"":""female"",""percentage"":0.18559},{""age"":""35-44"",""gender"":""female"",""percentage"":0.099571},{""age"":""45-54"",""gender"":""female"",""percentage"":0.084252},{""age"":""55-64"",""gender"":""female"",""percentage"":0.049491},{""age"":""35-44"",""gender"":""male"",""percentage"":0.096962},{""age"":""55-64"",""gender"":""male"",""percentage"":0.035771}","{""region"":""Santiago Metropolitan Region"",""percentage"":1}","facebook,instagram","lower_bound: 100001, upper_bound: 500000",es
335841277968241,177384889097855,"Gabriel Boric",2021-12-10,2021-12-10,2021-12-16,"Gabriel Boric Font","Reformar Carabineros para tener más dotación donde más se necesita, con barrios seguros libres de narcotráfico. Vota Gabriel Boric 1️⃣",,boricpresidente.cl,,"lower_bound: 3000, upper_bound: 3999","lower_bound: 0, upper_bound: 99",USD,"{""age"":""45-54"",""gender"":""unknown"",""percentage"":0.00084},{""age"":""35-44"",""gender"":""unknown"",""percentage"":0.003081},{""age"":""25-34"",""gender"":""unknown"",""percentage"":0.002241},{""age"":""18-24"",""gender"":""female"",""percentage"":0.120168},{""age"":""55-64"",""gender"":""unknown"",""percentage"":0.00084},{""age"":""35-44"",""gender"":""male"",""percentage"":0.103641},{""age"":""35-44"",""gender"":""female"",""percentage"":0.107003},{""age"":""25-34"",""gender"":""female"",""percentage"":0.188235},{""age"":""18-24"",""gender"":""male"",""percentage"":0.096359},{""age"":""45-54"",""gender"":""female"",""percentage"":0.068067},{""age"":""25-34"",""gender"":""male"",""percentage"":0.189356},{""age"":""45-54"",""gender"":""male"",""percentage"":0.055182},{""age"":""55-64"",""gender"":""female"",""percentage"":0.039216},{""age"":""55-64"",""gender"":""male"",""percentage"":0.02521},{""age"":""18-24"",""gender"":""unknown"",""percentage"":0.00056}","{""region"":""Santiago Metropolitan Region"",""percentage"":1}","facebook,instagram","lower_bound: 100001, upper_bound: 500000",es
960164664708968,177384889097855,"Gabriel Boric",2021-12-10,2021-12-10,2021-12-16,"Gabriel Boric Font","Que la vejez sea para descansar y disfrutar 🫂, no para trabajar porque la pensión no alcanza. Fin a las AFP para una jubilación a los 65 años con un piso de $250.000 mensuales. Para pensiones justas, vota Gabriel Boric 1️⃣",,boricpresidente.cl,,"lower_bound: 0, upper_bound: 999","lower_bound: 0, upper_bound: 99",USD,,,"facebook,instagram","lower_bound: 10001, upper_bound: 50000",es
1023282561582985,177384889097855,"Gabriel Boric",2021-12-10,2021-12-10,2021-12-16,"Gabriel Boric Font","Que no necesitemos los bingos y completadas para pagar un tratamiento 🏥, sino para celebrar un país más justo 🎉. 
Por una salud para todos, sin privilegios. Vota Gabriel Boric 1️⃣,Que no necesitemos los bingos y completadas para pagar un tratamiento 🏥, sino para celebrar un país más justo 🎉. 
Por una salud para todos, sin privilegios. Vota Gabriel Boric 1️⃣",,boricpresidente.cl,,"lower_bound: 2000, upper_bound: 2999","lower_bound: 0, upper_bound: 99",USD,"{""age"":""45-54"",""gender"":""unknown"",""percentage"":0.001267},{""age"":""35-44"",""gender"":""unknown"",""percentage"":0.002957},{""age"":""45-54"",""gender"":""female"",""percentage"":0.08196},{""age"":""25-34"",""gender"":""female"",""percentage"":0.166878},{""age"":""25-34"",""gender"":""male"",""percentage"":0.169413},{""age"":""35-44"",""gender"":""female"",""percentage"":0.111956},{""age"":""35-44"",""gender"":""male"",""percentage"":0.110689},{""age"":""55-64"",""gender"":""female"",""percentage"":0.065484},{""age"":""18-24"",""gender"":""male"",""percentage"":0.082805},{""age"":""18-24"",""gender"":""female"",""percentage"":0.098014},{""age"":""55-64"",""gender"":""male"",""percentage"":0.043515},{""age"":""45-54"",""gender"":""male"",""percentage"":0.062104},{""age"":""55-64"",""gender"":""unknown"",""percentage"":0.000422},{""age"":""25-34"",""gender"":""unknown"",""percentage"":0.001267},{""age"":""18-24"",""gender"":""unknown"",""percentage"":0.001267}","{""region"":""Santiago Metropolitan Region"",""percentage"":1}","facebook,instagram","lower_bound: 10001, upper_bound: 50000",es
5234794123214823,177384889097855,"Gabriel Boric",2021-12-10,2021-12-10,2021-12-16,"Gabriel Boric Font","Que la vejez sea para descansar y disfrutar 🫂, no para trabajar porque la pensión no alcanza. Fin a las AFP para una jubilación a los 65 años con un piso de $250.000 mensuales. Para pensiones justas, vota Gabriel Boric 1️⃣",,boricpresidente.cl,,"lower_bound: 0, upper_bound: 999","lower_bound: 0, upper_bound: 99",USD,"{""age"":""55-64"",""gender"":""female"",""percentage"":0.325424},{""age"":""65+"",""gender"":""female"",""percentage"":0.284746},{""age"":""65+"",""gender"":""male"",""percentage"":0.210169},{""age"":""55-64"",""gender"":""male"",""percentage"":0.169492},{""age"":""65+"",""gender"":""unknown"",""percentage"":0.010169}","{""region"":""Santiago Metropolitan Region"",""percentage"":1}","facebook,instagram","lower_bound: 1001, upper_bound: 5000",es
196405899364487,177384889097855,"Gabriel Boric",2021-12-10,2021-12-11,2021-12-16,"Gabriel Boric Font","Mayor dotación policial y coordinación con nuestros países vecinos para una migración segura, ordenada y humana. Por un gobierno que cuide nuestras fronteras, vota Gabriel Boric 1️⃣",,boricpresidente.cl,,"lower_bound: 0, upper_bound: 999","lower_bound: 0, upper_bound: 99",USD,,,"facebook,instagram","lower_bound: 10001, upper_bound: 50000",es
235818158667659,177384889097855,"Gabriel Boric",2021-12-10,2021-12-10,2021-12-16,"Gabriel Boric Font","Reformar Carabineros para tener más dotación donde más se necesita, con barrios seguros libres de narcotráfico. Vota Gabriel Boric 1️⃣",,boricpresidente.cl,,"lower_bound: 8000, upper_bound: 8999","lower_bound: 0, upper_bound: 99",USD,"{""age"":""18-24"",""gender"":""unknown"",""percentage"":0.002186},{""age"":""35-44"",""gender"":""unknown"",""percentage"":0.002058},{""age"":""45-54"",""gender"":""unknown"",""percentage"":0.000772},{""age"":""25-34"",""gender"":""unknown"",""percentage"":0.002315},{""age"":""35-44"",""gender"":""male"",""percentage"":0.107896},{""age"":""45-54"",""gender"":""male"",""percentage"":0.064943},{""age"":""25-34"",""gender"":""female"",""percentage"":0.164866},{""age"":""25-34"",""gender"":""male"",""percentage"":0.188014},{""age"":""18-24"",""gender"":""male"",""percentage"":0.115741},{""age"":""45-54"",""gender"":""female"",""percentage"":0.073945},{""age"":""35-44"",""gender"":""female"",""percentage"":0.09928},{""age"":""55-64"",""gender"":""female"",""percentage"":0.032793},{""age"":""18-24"",""gender"":""female"",""percentage"":0.117284},{""age"":""55-64"",""gender"":""male"",""percentage"":0.027649},{""age"":""55-64"",""gender"":""unknown"",""percentage"":0.000257}","{""region"":""Coquimbo Region"",""percentage"":1}","facebook,instagram","lower_bound: 100001, upper_bound: 500000",es
270176068423867,177384889097855,"Gabriel Boric",2021-12-10,2021-12-10,2021-12-16,"Gabriel Boric Font","Reformar Carabineros para tener más dotación donde más se necesita, con barrios seguros libres de narcotráfico. Vota Gabriel Boric 1️⃣",,boricpresidente.cl,,"lower_bound: 1000, upper_bound: 1999","lower_bound: 0, upper_bound: 99",USD,"{""age"":""25-34"",""gender"":""unknown"",""percentage"":0.00393},{""age"":""35-44"",""gender"":""unknown"",""percentage"":0.001123},{""age"":""45-54"",""gender"":""unknown"",""percentage"":0.001123},{""age"":""18-24"",""gender"":""unknown"",""percentage"":0.00393},{""age"":""55-64"",""gender"":""male"",""percentage"":0.021336},{""age"":""45-54"",""gender"":""female"",""percentage"":0.085345},{""age"":""55-64"",""gender"":""female"",""percentage"":0.036496},{""age"":""18-24"",""gender"":""male"",""percentage"":0.105559},{""age"":""45-54"",""gender"":""male"",""percentage"":0.057271},{""age"":""18-24"",""gender"":""female"",""percentage"":0.096575},{""age"":""35-44"",""gender"":""male"",""percentage"":0.103874},{""age"":""35-44"",""gender"":""female"",""percentage"":0.12128},{""age"":""25-34"",""gender"":""female"",""percentage"":0.166199},{""age"":""25-34"",""gender"":""male"",""percentage"":0.195957}","{""region"":""Santiago Metropolitan Region"",""percentage"":1}","facebook,instagram","lower_bound: 10001, upper_bound: 50000",es
272072431648382,177384889097855,"Gabriel Boric",2021-12-10,2021-12-10,2021-12-16,"Gabriel Boric Font","Que la vejez sea para descansar y disfrutar 🫂, no para trabajar porque la pensión no alcanza. Fin a las AFP para una jubilación a los 65 años con un piso de $250.000 mensuales. Para pensiones justas, vota Gabriel Boric 1️⃣",,boricpresidente.cl,,"lower_bound: 7000, upper_bound: 7999","lower_bound: 0, upper_bound: 99",USD,"{""age"":""55-64"",""gender"":""unknown"",""percentage"":0.000172},{""age"":""35-44"",""gender"":""male"",""percentage"":0.096707},{""age"":""25-34"",""gender"":""unknown"",""percentage"":0.001551},{""age"":""45-54"",""gender"":""unknown"",""percentage"":0.00069},{""age"":""18-24"",""gender"":""unknown"",""percentage"":0.001896},{""age"":""18-24"",""gender"":""female"",""percentage"":0.131701},{""age"":""18-24"",""gender"":""male"",""percentage"":0.094466},{""age"":""35-44"",""gender"":""female"",""percentage"":0.088433},{""age"":""25-34"",""gender"":""male"",""percentage"":0.165144},{""age"":""35-44"",""gender"":""unknown"",""percentage"":0.000345},{""age"":""25-34"",""gender"":""female"",""percentage"":0.154801},{""age"":""65+"",""gender"":""male"",""percentage"":0.016549},{""age"":""65+"",""gender"":""female"",""percentage"":0.014997},{""age"":""45-54"",""gender"":""female"",""percentage"":0.074125},{""age"":""55-64"",""gender"":""male"",""percentage"":0.04051},{""age"":""55-64"",""gender"":""female"",""percentage"":0.05275},{""age"":""45-54"",""gender"":""male"",""percentage"":0.064644},{""age"":""65+"",""gender"":""unknown"",""percentage"":0.000517}","{""region"":""O'Higgins Region"",""percentage"":1}","facebook,instagram","lower_bound: 10001, upper_bound: 50000",es
289482852972456,177384889097855,"Gabriel Boric",2021-12-10,2021-12-10,2021-12-16,"Gabriel Boric Font","Las autoridades de gobierno no ganarán más de 5 millones, es decir 10 veces el salario mínimo de $500.000 al que proponemos llegar. Por un Chile sin privilegios para unos poco, vota Gabriel Boric 1️⃣",,boricpresidente.cl,,"lower_bound: 1000, upper_bound: 1999","lower_bound: 0, upper_bound: 99",USD,"{""age"":""25-34"",""gender"":""unknown"",""percentage"":0.001078},{""age"":""45-54"",""gender"":""unknown"",""percentage"":0.001078},{""age"":""35-44"",""gender"":""unknown"",""percentage"":0.001078},{""age"":""45-54"",""gender"":""female"",""percentage"":0.052802},{""age"":""45-54"",""gender"":""male"",""percentage"":0.080819},{""age"":""35-44"",""gender"":""male"",""percentage"":0.148707},{""age"":""25-34"",""gender"":""male"",""percentage"":0.313578},{""age"":""35-44"",""gender"":""female"",""percentage"":0.158405},{""age"":""25-34"",""gender"":""female"",""percentage"":0.238147},{""age"":""55-64"",""gender"":""female"",""percentage"":0.002155},{""age"":""55-64"",""gender"":""male"",""percentage"":0.002155}","{""region"":""Antofagasta Region"",""percentage"":1}","facebook,instagram","lower_bound: 5001, upper_bound: 10000",es
295913282456945,177384889097855,"Gabriel Boric",2021-12-10,2021-12-10,2021-12-16,"Gabriel Boric Font","Reformar Carabineros para tener más dotación donde más se necesita, con barrios seguros libres de narcotráfico. Vota Gabriel Boric 1️⃣",,boricpresidente.cl,,"lower_bound: 4000, upper_bound: 4999","lower_bound: 0, upper_bound: 99",USD,"{""age"":""65+"",""gender"":""unknown"",""percentage"":0.00024},{""age"":""55-64"",""gender"":""female"",""percentage"":0.045781},{""age"":""55-64"",""gender"":""unknown"",""percentage"":0.000479},{""age"":""25-34"",""gender"":""unknown"",""percentage"":0.000719},{""age"":""35-44"",""gender"":""unknown"",""percentage"":0.004075},{""age"":""65+"",""gender"":""male"",""percentage"":0.012704},{""age"":""45-54"",""gender"":""male"",""percentage"":0.069271},{""age"":""35-44"",""gender"":""male"",""percentage"":0.097795},{""age"":""25-34"",""gender"":""male"",""percentage"":0.196309},{""age"":""18-24"",""gender"":""unknown"",""percentage"":0.001918},{""age"":""25-34"",""gender"":""female"",""percentage"":0.144775},{""age"":""18-24"",""gender"":""male"",""percentage"":0.103068},{""age"":""55-64"",""gender"":""male"",""percentage"":0.029482},{""age"":""18-24"",""gender"":""female"",""percentage"":0.10187},{""age"":""65+"",""gender"":""female"",""percentage"":0.020374},{""age"":""35-44"",""gender"":""female"",""percentage"":0.094679},{""age"":""45-54"",""gender"":""female"",""percentage"":0.075024},{""age"":""45-54"",""gender"":""unknown"",""percentage"":0.001438}","{""region"":""Santiago Metropolitan Region"",""percentage"":1}","facebook,instagram","lower_bound: 100001, upper_bound: 500000",es
296513108907195,177384889097855,"Gabriel Boric",2021-12-10,2021-12-10,2021-12-16,"Gabriel Boric Font","Que la vejez sea para descansar y disfrutar  🫂, no para trabajar porque la pensión no alcanza. Fin a las AFP para una jubilación a los 65 años con un piso de $250.000 mensuales. Para pensiones justas, vota Gabriel Boric 1️⃣",,boricpresidente.cl,,"lower_bound: 50000, upper_bound: 59999","lower_bound: 100, upper_bound: 199",USD,"{""age"":""25-34"",""gender"":""unknown"",""percentage"":0.001794},{""age"":""18-24"",""gender"":""female"",""percentage"":0.13657},{""age"":""13-17"",""gender"":""female"",""percentage"":0.000106},{""age"":""45-54"",""gender"":""male"",""percentage"":0.055383},{""age"":""55-64"",""gender"":""female"",""percentage"":0.039024},{""age"":""35-44"",""gender"":""female"",""percentage"":0.094644},{""age"":""45-54"",""gender"":""female"",""percentage"":0.05971},{""age"":""18-24"",""gender"":""unknown"",""percentage"":0.001689},{""age"":""25-34"",""gender"":""male"",""percentage"":0.191873},{""age"":""13-17"",""gender"":""male"",""percentage"":5.3e-5},{""age"":""18-24"",""gender"":""male"",""percentage"":0.097203},{""age"":""25-34"",""gender"":""female"",""percentage"":0.192164},{""age"":""35-44"",""gender"":""male"",""percentage"":0.098338},{""age"":""55-64"",""gender"":""male"",""percentage"":0.027441},{""age"":""55-64"",""gender"":""unknown"",""percentage"":0.000475},{""age"":""35-44"",""gender"":""unknown"",""percentage"":0.00219},{""age"":""45-54"",""gender"":""unknown"",""percentage"":0.001346}","{""region"":""Santiago Metropolitan Region"",""percentage"":1}","facebook,instagram","lower_bound: 100001, upper_bound: 500000",es
300731808727318,177384889097855,"Gabriel Boric",2021-12-10,2021-12-10,2021-12-16,"Gabriel Boric Font","Que no necesitemos los bingos y completadas para pagar un tratamiento 🏥, sino para celebrar un país más justo 🎉. 
Por una salud para todos, sin privilegios. Vota Gabriel Boric 1️⃣,Que no necesitemos los bingos y completadas para pagar un tratamiento 🏥, sino para celebrar un país más justo 🎉. 
Por una salud para todos, sin privilegios. Vota Gabriel Boric 1️⃣",,boricpresidente.cl,,"lower_bound: 1000, upper_bound: 1999","lower_bound: 0, upper_bound: 99",USD,"{""age"":""18-24"",""gender"":""unknown"",""percentage"":0.001392},{""age"":""55-64"",""gender"":""male"",""percentage"":0.032011},{""age"":""18-24"",""gender"":""male"",""percentage"":0.084203},{""age"":""65+"",""gender"":""female"",""percentage"":0.022965},{""age"":""45-54"",""gender"":""female"",""percentage"":0.082116},{""age"":""25-34"",""gender"":""male"",""percentage"":0.157968},{""age"":""25-34"",""gender"":""female"",""percentage"":0.177453},{""age"":""35-44"",""gender"":""female"",""percentage"":0.111343},{""age"":""55-64"",""gender"":""female"",""percentage"":0.048713},{""age"":""35-44"",""gender"":""male"",""percentage"":0.112039},{""age"":""18-24"",""gender"":""female"",""percentage"":0.088379},{""age"":""45-54"",""gender"":""male"",""percentage"":0.057759},{""age"":""65+"",""gender"":""male"",""percentage"":0.01531},{""age"":""35-44"",""gender"":""unknown"",""percentage"":0.005567},{""age"":""25-34"",""gender"":""unknown"",""percentage"":0.001392},{""age"":""45-54"",""gender"":""unknown"",""percentage"":0.001392}","{""region"":""O'Higgins Region"",""percentage"":1}","facebook,instagram","lower_bound: 10001, upper_bound: 50000",es
328386605767089,177384889097855,"Gabriel Boric",2021-12-10,2021-12-11,2021-12-16,"Gabriel Boric Font","Que la vejez sea para descansar y disfrutar 🫂, no para trabajar porque la pensión no alcanza. Fin a las AFP para una jubilación a los 65 años con un piso de $250.000 mensuales. Para pensiones justas, vota Gabriel Boric 1️⃣",,boricpresidente.cl,,"lower_bound: 0, upper_bound: 999","lower_bound: 0, upper_bound: 99",USD,,,"facebook,instagram","lower_bound: 1001, upper_bound: 5000",es
421996322620336,177384889097855,"Gabriel Boric",2021-12-10,2021-12-10,2021-12-16,"Gabriel Boric Font","Las autoridades de gobierno no ganarán más de 5 millones, es decir 10 veces el salario mínimo de $500.000 al que proponemos llegar. Por un Chile sin privilegios, vota Gabriel Boric 1️⃣",,boricpresidente.cl,,"lower_bound: 3000, upper_bound: 3999","lower_bound: 0, upper_bound: 99",USD,"{""age"":""35-44"",""gender"":""unknown"",""percentage"":0.009682},{""age"":""35-44"",""gender"":""female"",""percentage"":0.243776},{""age"":""45-54"",""gender"":""female"",""percentage"":0.210235},{""age"":""35-44"",""gender"":""male"",""percentage"":0.188797},{""age"":""45-54"",""gender"":""male"",""percentage"":0.134509},{""age"":""55-64"",""gender"":""male"",""percentage"":0.074343},{""age"":""55-64"",""gender"":""female"",""percentage"":0.135546},{""age"":""55-64"",""gender"":""unknown"",""percentage"":0.002075},{""age"":""45-54"",""gender"":""unknown"",""percentage"":0.001037}","{""region"":""B\u00edo B\u00edo Region"",""percentage"":1}","facebook,instagram","lower_bound: 10001, upper_bound: 50000",es
454318582928276,177384889097855,"Gabriel Boric",2021-12-10,2021-12-11,2021-12-16,"Gabriel Boric Font","Que no necesitemos los bingos y completadas para pagar un tratamiento 🏥, sino para celebrar un país más justo 🎉. 
Por una salud para todos, sin privilegios. Vota Gabriel Boric 1️⃣",,boricpresidente.cl,,"lower_bound: 0, upper_bound: 999","lower_bound: 0, upper_bound: 99",USD,"{""age"":""45-54"",""gender"":""male"",""percentage"":0.1},{""age"":""45-54"",""gender"":""female"",""percentage"":0.1},{""age"":""65+"",""gender"":""male"",""percentage"":0.029032},{""age"":""55-64"",""gender"":""male"",""percentage"":0.029032},{""age"":""25-34"",""gender"":""unknown"",""percentage"":0.003226},{""age"":""25-34"",""gender"":""female"",""percentage"":0.167742},{""age"":""18-24"",""gender"":""male"",""percentage"":0.064516},{""age"":""18-24"",""gender"":""female"",""percentage"":0.1},{""age"":""35-44"",""gender"":""male"",""percentage"":0.096774},{""age"":""25-34"",""gender"":""male"",""percentage"":0.119355},{""age"":""35-44"",""gender"":""female"",""percentage"":0.122581},{""age"":""55-64"",""gender"":""female"",""percentage"":0.048387},{""age"":""65+"",""gender"":""female"",""percentage"":0.016129},{""age"":""35-44"",""gender"":""unknown"",""percentage"":0.003226}","{""region"":""Maule Region"",""percentage"":1}","facebook,instagram","lower_bound: 100001, upper_bound: 500000",es
497207251518898,177384889097855,"Gabriel Boric",2021-12-10,2021-12-11,2021-12-16,"Gabriel Boric Font","Mayor dotación policial y coordinación con nuestros países vecinos para una migración segura, ordenada y humana. Por un gobierno que cuide nuestras fronteras, vota Gabriel Boric 1️⃣",,boricpresidente.cl,,"lower_bound: 0, upper_bound: 999","lower_bound: 0, upper_bound: 99",USD,,,"facebook,instagram","lower_bound: 10001, upper_bound: 50000",es
508771166835566,177384889097855,"Gabriel Boric",2021-12-10,2021-12-10,2021-12-16,"Gabriel Boric Font","Que no tengamos que viajar para hacer un tratamiento por falta de especialistas 🚗, que solo lo hagamos para conocer y disfrutar 🏖️. Por más hospitales, doctores y consultorios para todos 🏥. Vota Gabriel Boric 1️⃣",,boricpresidente.cl,,"lower_bound: 0, upper_bound: 999","lower_bound: 0, upper_bound: 99",USD,,,"facebook,instagram","lower_bound: 10001, upper_bound: 50000",es
597082064899060,177384889097855,"Gabriel Boric",2021-12-10,2021-12-10,2021-12-13,"Gabriel Boric Font","Las autoridades de gobierno no ganarán más de 5 millones, es decir 10 veces el salario mínimo de $500.000 al que proponemos llegar. Por un Chile sin privilegios, vota Gabriel Boric 1️⃣",,boricpresidente.cl,,"lower_bound: 2000, upper_bound: 2999","lower_bound: 0, upper_bound: 99",USD,"{""age"":""55-64"",""gender"":""unknown"",""percentage"":0.000432},{""age"":""18-24"",""gender"":""unknown"",""percentage"":0.000864},{""age"":""25-34"",""gender"":""unknown"",""percentage"":0.002593},{""age"":""55-64"",""gender"":""male"",""percentage"":0.051426},{""age"":""35-44"",""gender"":""female"",""percentage"":0.084702},{""age"":""35-44"",""gender"":""male"",""percentage"":0.08427},{""age"":""18-24"",""gender"":""female"",""percentage"":0.140882},{""age"":""18-24"",""gender"":""male"",""percentage"":0.101988},{""age"":""25-34"",""gender"":""male"",""percentage"":0.152982},{""age"":""25-34"",""gender"":""female"",""percentage"":0.151685},{""age"":""45-54"",""gender"":""male"",""percentage"":0.073898},{""age"":""45-54"",""gender"":""female"",""percentage"":0.085998},{""age"":""55-64"",""gender"":""female"",""percentage"":0.066984},{""age"":""35-44"",""gender"":""unknown"",""percentage"":0.001296}","{""region"":""B\u00edo B\u00edo Region"",""percentage"":1}","facebook,instagram","lower_bound: 10001, upper_bound: 50000",es
610465830223247,177384889097855,"Gabriel Boric",2021-12-10,2021-12-10,2021-12-12,"Gabriel Boric Font","Que la vejez sea para descansar y disfrutar 🫂, no para trabajar porque la pensión no alcanza. Fin a las AFP para una jubilación a los 65 años con un piso de $250.000 mensuales. Para pensiones justas, vota Gabriel Boric 1️⃣",,boricpresidente.cl,,"lower_bound: 5000, upper_bound: 5999","lower_bound: 0, upper_bound: 99",USD,"{""age"":""55-64"",""gender"":""unknown"",""percentage"":0.000373},{""age"":""45-54"",""gender"":""unknown"",""percentage"":0.000931},{""age"":""35-44"",""gender"":""unknown"",""percentage"":0.002049},{""age"":""55-64"",""gender"":""female"",""percentage"":0.040417},{""age"":""45-54"",""gender"":""female"",""percentage"":0.073012},{""age"":""25-34"",""gender"":""female"",""percentage"":0.181226},{""age"":""25-34"",""gender"":""male"",""percentage"":0.185323},{""age"":""18-24"",""gender"":""male"",""percentage"":0.095362},{""age"":""18-24"",""gender"":""female"",""percentage"":0.124418},{""age"":""35-44"",""gender"":""male"",""percentage"":0.093872},{""age"":""35-44"",""gender"":""female"",""percentage"":0.107096},{""age"":""18-24"",""gender"":""unknown"",""percentage"":0.002608},{""age"":""45-54"",""gender"":""male"",""percentage"":0.062023},{""age"":""55-64"",""gender"":""male"",""percentage"":0.030173},{""age"":""25-34"",""gender"":""unknown"",""percentage"":0.001118}","{""region"":""Coquimbo Region"",""percentage"":1}","facebook,instagram","lower_bound: 50001, upper_bound: 100000",es
634418667689268,177384889097855,"Gabriel Boric",2021-12-10,2021-12-10,2021-12-16,"Gabriel Boric Font","Que no necesitemos los bingos y completadas para pagar un tratamiento 🏥, sino para celebrar un país más justo 🎉. 
Por una salud para todos, sin privilegios. Vota Gabriel Boric 1️⃣",,boricpresidente.cl,,"lower_bound: 10000, upper_bound: 14999","lower_bound: 0, upper_bound: 99",USD,"{""age"":""65+"",""gender"":""unknown"",""percentage"":0.000218},{""age"":""18-24"",""gender"":""male"",""percentage"":0.074723},{""age"":""18-24"",""gender"":""female"",""percentage"":0.099195},{""age"":""65+"",""gender"":""female"",""percentage"":0.020557},{""age"":""35-44"",""gender"":""female"",""percentage"":0.108984},{""age"":""25-34"",""gender"":""female"",""percentage"":0.161192},{""age"":""35-44"",""gender"":""male"",""percentage"":0.098216},{""age"":""25-34"",""gender"":""male"",""percentage"":0.165216},{""age"":""45-54"",""gender"":""female"",""percentage"":0.082445},{""age"":""45-54"",""gender"":""unknown"",""percentage"":0.000979},{""age"":""55-64"",""gender"":""male"",""percentage"":0.043724},{""age"":""65+"",""gender"":""male"",""percentage"":0.016859},{""age"":""45-54"",""gender"":""male"",""percentage"":0.069176},{""age"":""55-64"",""gender"":""female"",""percentage"":0.054601},{""age"":""25-34"",""gender"":""unknown"",""percentage"":0.001196},{""age"":""35-44"",""gender"":""unknown"",""percentage"":0.001523},{""age"":""55-64"",""gender"":""unknown"",""percentage"":0.000326},{""age"":""18-24"",""gender"":""unknown"",""percentage"":0.00087}","{""region"":""Maule Region"",""percentage"":1}","facebook,instagram","lower_bound: 10001, upper_bound: 50000",es
646601366479103,177384889097855,"Gabriel Boric",2021-12-10,2021-12-10,2021-12-16,"Gabriel Boric Font","Que no necesitemos los bingos y completadas para pagar un tratamiento 🏥, sino para celebrar un país más justo 🎉. 
Por una salud para todos, sin privilegios. Vota Gabriel Boric 1️⃣",,boricpresidente.cl,,"lower_bound: 1000, upper_bound: 1999","lower_bound: 0, upper_bound: 99",USD,"{""age"":""13-17"",""gender"":""male"",""percentage"":0.00082},{""age"":""55-64"",""gender"":""unknown"",""percentage"":0.00082},{""age"":""55-64"",""gender"":""male"",""percentage"":0.012295},{""age"":""18-24"",""gender"":""unknown"",""percentage"":0.003279},{""age"":""45-54"",""gender"":""unknown"",""percentage"":0.00082},{""age"":""35-44"",""gender"":""unknown"",""percentage"":0.004918},{""age"":""18-24"",""gender"":""male"",""percentage"":0.062295},{""age"":""55-64"",""gender"":""female"",""percentage"":0.033607},{""age"":""35-44"",""gender"":""female"",""percentage"":0.122131},{""age"":""18-24"",""gender"":""female"",""percentage"":0.114754},{""age"":""25-34"",""gender"":""male"",""percentage"":0.179508},{""age"":""45-54"",""gender"":""female"",""percentage"":0.080328},{""age"":""25-34"",""gender"":""female"",""percentage"":0.205738},{""age"":""45-54"",""gender"":""male"",""percentage"":0.069672},{""age"":""35-44"",""gender"":""male"",""percentage"":0.109016}","{""region"":""Santiago Metropolitan Region"",""percentage"":1}","facebook,instagram","lower_bound: 50001, upper_bound: 100000",es
695859124718858,177384889097855,"Gabriel Boric",2021-12-10,2021-12-11,2021-12-13,"Gabriel Boric Font","Que no tengamos que viajar para hacer un tratamiento por falta de especialistas 🚗, que solo lo hagamos para conocer y disfrutar 🏖️. Por más hospitales, doctores y consultorios para todos 🏥. Vota Gabriel Boric 1️⃣",,boricpresidente.cl,,"lower_bound: 0, upper_bound: 999","lower_bound: 0, upper_bound: 99",USD,,,"facebook,instagram","lower_bound: 100, upper_bound: 1000",es
705997203638130,177384889097855,"Gabriel Boric",2021-12-10,2021-12-10,2021-12-13,"Gabriel Boric Font","Mayor dotación policial y coordinación con nuestros países vecinos para una migración segura, ordenada y humana. Por un gobierno que cuide nuestras fronteras, vota Gabriel Boric 1️⃣",,boricpresidente.cl,,"lower_bound: 0, upper_bound: 999","lower_bound: 0, upper_bound: 99",USD,"{""age"":""25-34"",""gender"":""female"",""percentage"":0.158273},{""age"":""35-44"",""gender"":""male"",""percentage"":0.165468},{""age"":""25-34"",""gender"":""male"",""percentage"":0.402878},{""age"":""45-54"",""gender"":""male"",""percentage"":0.05036},{""age"":""35-44"",""gender"":""female"",""percentage"":0.122302},{""age"":""45-54"",""gender"":""female"",""percentage"":0.079137},{""age"":""55-64"",""gender"":""male"",""percentage"":0.021583}","{""region"":""Antofagasta Region"",""percentage"":1}","facebook,instagram","lower_bound: 5001, upper_bound: 10000",es
871281326904282,177384889097855,"Gabriel Boric",2021-12-10,2021-12-10,2021-12-16,"Gabriel Boric Font","No podemos permitir que familias y pequeños agricultores tengan que obtener agua a través de camiones aljibes, mientras que algunos abusan de su poder acumulándola para su beneficios. Para que el agua sea un derecho vota Gabriel Boric 1️⃣",,boricpresidente.cl,,"lower_bound: 2000, upper_bound: 2999","lower_bound: 0, upper_bound: 99",USD,"{""age"":""25-34"",""gender"":""unknown"",""percentage"":0.001952},{""age"":""65+"",""gender"":""male"",""percentage"":0.010148},{""age"":""35-44"",""gender"":""male"",""percentage"":0.091725},{""age"":""18-24"",""gender"":""male"",""percentage"":0.070648},{""age"":""65+"",""gender"":""female"",""percentage"":0.019516},{""age"":""25-34"",""gender"":""male"",""percentage"":0.153396},{""age"":""55-64"",""gender"":""male"",""percentage"":0.038642},{""age"":""45-54"",""gender"":""female"",""percentage"":0.08587},{""age"":""45-54"",""gender"":""male"",""percentage"":0.063622},{""age"":""35-44"",""gender"":""female"",""percentage"":0.115925},{""age"":""18-24"",""gender"":""female"",""percentage"":0.103044},{""age"":""25-34"",""gender"":""female"",""percentage"":0.186183},{""age"":""55-64"",""gender"":""female"",""percentage"":0.056206},{""age"":""18-24"",""gender"":""unknown"",""percentage"":0.001952},{""age"":""35-44"",""gender"":""unknown"",""percentage"":0.001171}","{""region"":""O'Higgins Region"",""percentage"":1}","facebook,instagram","lower_bound: 10001, upper_bound: 50000",es
904013643636468,177384889097855,"Gabriel Boric",2021-12-10,2021-12-10,2021-12-16,"Gabriel Boric Font","Que la vejez sea para descansar y disfrutar 🫂, no para trabajar porque la pensión no alcanza. Fin a las AFP para una jubilación a los 65 años con un piso de $250.000 mensuales. Para pensiones justas, vota Gabriel Boric 1️⃣",,boricpresidente.cl,,"lower_bound: 0, upper_bound: 999","lower_bound: 0, upper_bound: 99",USD,"{""age"":""65+"",""gender"":""male"",""percentage"":0.016701},{""age"":""55-64"",""gender"":""female"",""percentage"":0.06263},{""age"":""55-64"",""gender"":""male"",""percentage"":0.060543},{""age"":""25-34"",""gender"":""male"",""percentage"":0.179541},{""age"":""45-54"",""gender"":""female"",""percentage"":0.070981},{""age"":""25-34"",""gender"":""female"",""percentage"":0.125261},{""age"":""45-54"",""gender"":""unknown"",""percentage"":0.004175},{""age"":""45-54"",""gender"":""male"",""percentage"":0.08977},{""age"":""35-44"",""gender"":""female"",""percentage"":0.102296},{""age"":""65+"",""gender"":""female"",""percentage"":0.031315},{""age"":""35-44"",""gender"":""male"",""percentage"":0.110647},{""age"":""18-24"",""gender"":""male"",""percentage"":0.068894},{""age"":""18-24"",""gender"":""female"",""percentage"":0.073069},{""age"":""35-44"",""gender"":""unknown"",""percentage"":0.002088},{""age"":""18-24"",""gender"":""unknown"",""percentage"":0.002088}","{""region"":""O'Higgins Region"",""percentage"":1}","facebook,instagram","lower_bound: 100001, upper_bound: 500000",es
926510274965962,177384889097855,"Gabriel Boric",2021-12-10,2021-12-10,2021-12-13,"Gabriel Boric Font","Reformar Carabineros para tener más dotación donde más se necesita, con barrios seguros libres de narcotráfico. Vota Gabriel Boric 1️⃣",,boricpresidente.cl,,"lower_bound: 1000, upper_bound: 1999","lower_bound: 0, upper_bound: 99",USD,"{""age"":""35-44"",""gender"":""unknown"",""percentage"":0.001912},{""age"":""55-64"",""gender"":""male"",""percentage"":0.01912},{""age"":""45-54"",""gender"":""male"",""percentage"":0.063098},{""age"":""55-64"",""gender"":""female"",""percentage"":0.041109},{""age"":""18-24"",""gender"":""male"",""percentage"":0.078394},{""age"":""25-34"",""gender"":""female"",""percentage"":0.174952},{""age"":""45-54"",""gender"":""female"",""percentage"":0.091778},{""age"":""35-44"",""gender"":""male"",""percentage"":0.102294},{""age"":""35-44"",""gender"":""female"",""percentage"":0.125239},{""age"":""18-24"",""gender"":""female"",""percentage"":0.116635},{""age"":""25-34"",""gender"":""male"",""percentage"":0.183556},{""age"":""18-24"",""gender"":""unknown"",""percentage"":0.001912}","{""region"":""Maule Region"",""percentage"":1}","facebook,instagram","lower_bound: 10001, upper_bound: 50000",es
959971751537418,177384889097855,"Gabriel Boric",2021-12-10,2021-12-10,2021-12-16,"Gabriel Boric Font","Reformar Carabineros para tener más dotación donde más se necesita, con barrios seguros libres de narcotráfico. Vota Gabriel Boric 1️⃣",,boricpresidente.cl,,"lower_bound: 0, upper_bound: 999","lower_bound: 0, upper_bound: 99",USD,"{""age"":""25-34"",""gender"":""unknown"",""percentage"":0.009091},{""age"":""35-44"",""gender"":""male"",""percentage"":0.009091},{""age"":""25-34"",""gender"":""male"",""percentage"":0.336364},{""age"":""25-34"",""gender"":""female"",""percentage"":0.295455},{""age"":""18-24"",""gender"":""male"",""percentage"":0.163636},{""age"":""18-24"",""gender"":""female"",""percentage"":0.154545},{""age"":""35-44"",""gender"":""female"",""percentage"":0.027273},{""age"":""18-24"",""gender"":""unknown"",""percentage"":0.004545}","{""region"":""Valpara\u00edso Region"",""percentage"":1}","facebook,instagram","lower_bound: 5001, upper_bound: 10000",es
1015246992356042,177384889097855,"Gabriel Boric",2021-12-10,2021-12-10,2021-12-16,"Gabriel Boric Font","Mayor dotación policial y coordinación con nuestros países vecinos para una migración segura, ordenada y humana. Por un gobierno que cuide nuestras fronteras, vota Gabriel Boric 1️⃣,Mayor dotación policial y coordinación con nuestros países vecinos para una migración segura, ordenada y humana. Por un gobierno que cuide nuestras fronteras, vota Gabriel Boric 1️⃣",,boricpresidente.cl,,"lower_bound: 1000, upper_bound: 1999","lower_bound: 0, upper_bound: 99",USD,"{""age"":""55-64"",""gender"":""male"",""percentage"":0.001078},{""age"":""55-64"",""gender"":""female"",""percentage"":0.007543},{""age"":""45-54"",""gender"":""female"",""percentage"":0.073276},{""age"":""35-44"",""gender"":""female"",""percentage"":0.119612},{""age"":""25-34"",""gender"":""female"",""percentage"":0.27694},{""age"":""45-54"",""gender"":""male"",""percentage"":0.081897},{""age"":""25-34"",""gender"":""male"",""percentage"":0.299569},{""age"":""35-44"",""gender"":""male"",""percentage"":0.134698},{""age"":""45-54"",""gender"":""unknown"",""percentage"":0.003233},{""age"":""25-34"",""gender"":""unknown"",""percentage"":0.002155}","{""region"":""Antofagasta Region"",""percentage"":1}","facebook,instagram","lower_bound: 10001, upper_bound: 50000",es
1041717026401655,177384889097855,"Gabriel Boric",2021-12-10,2021-12-10,2021-12-16,"Gabriel Boric Font","No podemos permitir que familias y pequeños agricultores tengan que obtener agua a través de camiones aljibes, mientras que algunos abusan de su poder acumulándola para su beneficios. Para que el agua sea un derecho vota Gabriel Boric 1️⃣",,boricpresidente.cl,,"lower_bound: 2000, upper_bound: 2999","lower_bound: 0, upper_bound: 99",USD,"{""age"":""65+"",""gender"":""unknown"",""percentage"":0.00045},{""age"":""35-44"",""gender"":""male"",""percentage"":0.069338},{""age"":""65+"",""gender"":""female"",""percentage"":0.021612},{""age"":""45-54"",""gender"":""male"",""percentage"":0.064385},{""age"":""18-24"",""gender"":""female"",""percentage"":0.114813},{""age"":""45-54"",""gender"":""female"",""percentage"":0.110311},{""age"":""25-34"",""gender"":""female"",""percentage"":0.169293},{""age"":""35-44"",""gender"":""female"",""percentage"":0.137326},{""age"":""18-24"",""gender"":""male"",""percentage"":0.063035},{""age"":""45-54"",""gender"":""unknown"",""percentage"":0.00045},{""age"":""25-34"",""gender"":""male"",""percentage"":0.112112},{""age"":""65+"",""gender"":""male"",""percentage"":0.013958},{""age"":""55-64"",""gender"":""female"",""percentage"":0.079244},{""age"":""18-24"",""gender"":""unknown"",""percentage"":0.0009},{""age"":""25-34"",""gender"":""unknown"",""percentage"":0.001351},{""age"":""35-44"",""gender"":""unknown"",""percentage"":0.003152},{""age"":""55-64"",""gender"":""male"",""percentage"":0.038271}","{""region"":""B\u00edo B\u00edo Region"",""percentage"":1}","facebook,instagram","lower_bound: 10001, upper_bound: 50000",es
1063594231151055,177384889097855,"Gabriel Boric",2021-12-10,2021-12-10,2021-12-16,"Gabriel Boric Font","No podemos permitir que familias y pequeños agricultores tengan que obtener agua a través de camiones aljibes, mientras que algunos abusan de su poder acumulándola para su beneficios. Para que el agua sea un derecho vota Gabriel Boric 1️⃣",,boricpresidente.cl,,"lower_bound: 0, upper_bound: 999","lower_bound: 0, upper_bound: 99",USD,,,"facebook,instagram","lower_bound: 100001, upper_bound: 500000",es
1262698524241229,177384889097855,"Gabriel Boric",2021-12-10,2021-12-11,2021-12-15,"Gabriel Boric Font","Reformar Carabineros para tener más dotación donde más se necesita, con barrios seguros libres de narcotráfico. Vota Gabriel Boric 1️⃣",,boricpresidente.cl,,"lower_bound: 0, upper_bound: 999","lower_bound: 0, upper_bound: 99",USD,,,"facebook,instagram","lower_bound: 100001, upper_bound: 500000",es
1619334108404622,177384889097855,"Gabriel Boric",2021-12-10,2021-12-10,2021-12-16,"Gabriel Boric Font","Mayor dotación policial y coordinación con nuestros países vecinos para una migración segura, ordenada y humana. Por un gobierno que cuide nuestras fronteras, vota Gabriel Boric 1️⃣",,boricpresidente.cl,,"lower_bound: 1000, upper_bound: 1999","lower_bound: 0, upper_bound: 99",USD,"{""age"":""55-64"",""gender"":""female"",""percentage"":0.000886},{""age"":""45-54"",""gender"":""male"",""percentage"":0.069973},{""age"":""35-44"",""gender"":""male"",""percentage"":0.141718},{""age"":""25-34"",""gender"":""male"",""percentage"":0.297609},{""age"":""25-34"",""gender"":""female"",""percentage"":0.277236},{""age"":""45-54"",""gender"":""female"",""percentage"":0.074402},{""age"":""35-44"",""gender"":""female"",""percentage"":0.133747},{""age"":""55-64"",""gender"":""male"",""percentage"":0.002657},{""age"":""35-44"",""gender"":""unknown"",""percentage"":0.001771}","{""region"":""Antofagasta Region"",""percentage"":1}","facebook,instagram","lower_bound: 10001, upper_bound: 50000",es
1905934489586051,177384889097855,"Gabriel Boric",2021-12-10,2021-12-10,2021-12-16,"Gabriel Boric Font","Que la vejez sea para descansar y disfrutar 🫂, no para trabajar porque la pensión no alcanza. Fin a las AFP para una jubilación a los 65 años con un piso de $250.000 mensuales. Para pensiones justas, vota Gabriel Boric 1️⃣",,boricpresidente.cl,,"lower_bound: 4000, upper_bound: 4999","lower_bound: 0, upper_bound: 99",USD,"{""age"":""65+"",""gender"":""unknown"",""percentage"":0.000287},{""age"":""18-24"",""gender"":""male"",""percentage"":0.086519},{""age"":""35-44"",""gender"":""male"",""percentage"":0.075022},{""age"":""45-54"",""gender"":""male"",""percentage"":0.062374},{""age"":""45-54"",""gender"":""female"",""percentage"":0.084794},{""age"":""18-24"",""gender"":""female"",""percentage"":0.126473},{""age"":""25-34"",""gender"":""male"",""percentage"":0.144007},{""age"":""35-44"",""gender"":""female"",""percentage"":0.099741},{""age"":""55-64"",""gender"":""male"",""percentage"":0.052601},{""age"":""18-24"",""gender"":""unknown"",""percentage"":0.003162},{""age"":""25-34"",""gender"":""female"",""percentage"":0.167002},{""age"":""65+"",""gender"":""female"",""percentage"":0.026732},{""age"":""65+"",""gender"":""male"",""percentage"":0.016671},{""age"":""25-34"",""gender"":""unknown"",""percentage"":0.0023},{""age"":""45-54"",""gender"":""unknown"",""percentage"":0.000862},{""age"":""35-44"",""gender"":""unknown"",""percentage"":0.000862},{""age"":""55-64"",""gender"":""female"",""percentage"":0.050589}","{""region"":""Antofagasta Region"",""percentage"":1}","facebook,instagram","lower_bound: 10001, upper_bound: 50000",es
1911487099239623,177384889097855,"Gabriel Boric",2021-12-10,2021-12-10,2021-12-12,"Gabriel Boric Font","Que no necesitemos los bingos y completadas para pagar un tratamiento 🏥, sino para celebrar un país más justo 🎉. 
Por una salud para todos, sin privilegios. Vota Gabriel Boric 1️⃣",,boricpresidente.cl,,"lower_bound: 10000, upper_bound: 14999","lower_bound: 0, upper_bound: 99",USD,"{""age"":""65+"",""gender"":""unknown"",""percentage"":0.000568},{""age"":""45-54"",""gender"":""male"",""percentage"":0.071939},{""age"":""25-34"",""gender"":""female"",""percentage"":0.154433},{""age"":""18-24"",""gender"":""male"",""percentage"":0.074781},{""age"":""35-44"",""gender"":""male"",""percentage"":0.118626},{""age"":""45-54"",""gender"":""female"",""percentage"":0.062277},{""age"":""55-64"",""gender"":""female"",""percentage"":0.050341},{""age"":""65+"",""gender"":""female"",""percentage"":0.029799},{""age"":""25-34"",""gender"":""male"",""percentage"":0.201851},{""age"":""55-64"",""gender"":""unknown"",""percentage"":0.00065},{""age"":""18-24"",""gender"":""female"",""percentage"":0.069909},{""age"":""35-44"",""gender"":""female"",""percentage"":0.092075},{""age"":""65+"",""gender"":""male"",""percentage"":0.022653},{""age"":""55-64"",""gender"":""male"",""percentage"":0.042465},{""age"":""35-44"",""gender"":""unknown"",""percentage"":0.002761},{""age"":""45-54"",""gender"":""unknown"",""percentage"":0.001543},{""age"":""18-24"",""gender"":""unknown"",""percentage"":0.001056},{""age"":""25-34"",""gender"":""unknown"",""percentage"":0.002273}","{""region"":""Santiago Metropolitan Region"",""percentage"":1}","facebook,instagram","lower_bound: 1000001",es
2718877645088769,177384889097855,"Gabriel Boric",2021-12-10,2021-12-11,2021-12-16,"Gabriel Boric Font","Diálogo para una paz duradera y todo el rigor de la ley contra quien cometa un delito. Para avanzar con justicia y paz, vota Gabriel Boric 1️⃣",,boricpresidente.cl,,"lower_bound: 0, upper_bound: 999","lower_bound: 0, upper_bound: 99",USD,,,"facebook,instagram","lower_bound: 10001, upper_bound: 50000",es
3161109654102608,177384889097855,"Gabriel Boric",2021-12-10,2021-12-11,2021-12-13,"Gabriel Boric Font","Que no necesitemos los bingos y completadas para pagar un tratamiento 🏥, sino para celebrar un país más justo 🎉. 
Por una salud para todos, sin privilegios. Vota Gabriel Boric 1️⃣",,boricpresidente.cl,,"lower_bound: 0, upper_bound: 999","lower_bound: 0, upper_bound: 99",USD,,,"facebook,instagram","lower_bound: 100001, upper_bound: 500000",es
202147608790791,177384889097855,"Gabriel Boric",2021-12-10,2021-12-10,2021-12-13,"Gabriel Boric Font","Que no tengamos que viajar para hacer un tratamiento por falta de especialistas 🚗, que solo lo hagamos para conocer y disfrutar 🏖️. Por más hospitales, doctores y consultorios para todos 🏥. Vota Gabriel Boric 1️⃣",,boricpresidente.cl,,"lower_bound: 2000, upper_bound: 2999","lower_bound: 0, upper_bound: 99",USD,"{""age"":""18-24"",""gender"":""unknown"",""percentage"":0.001948},{""age"":""35-44"",""gender"":""male"",""percentage"":0.079396},{""age"":""25-34"",""gender"":""unknown"",""percentage"":0.005358},{""age"":""45-54"",""gender"":""male"",""percentage"":0.044812},{""age"":""18-24"",""gender"":""female"",""percentage"":0.133463},{""age"":""65+"",""gender"":""female"",""percentage"":0.021432},{""age"":""35-44"",""gender"":""female"",""percentage"":0.11057},{""age"":""35-44"",""gender"":""unknown"",""percentage"":0.001948},{""age"":""25-34"",""gender"":""male"",""percentage"":0.141744},{""age"":""65+"",""gender"":""unknown"",""percentage"":0.000487},{""age"":""18-24"",""gender"":""male"",""percentage"":0.097418},{""age"":""25-34"",""gender"":""female"",""percentage"":0.191427},{""age"":""55-64"",""gender"":""female"",""percentage"":0.042864},{""age"":""45-54"",""gender"":""female"",""percentage"":0.080857},{""age"":""55-64"",""gender"":""male"",""percentage"":0.027277},{""age"":""65+"",""gender"":""male"",""percentage"":0.014126},{""age"":""45-54"",""gender"":""unknown"",""percentage"":0.00341},{""age"":""55-64"",""gender"":""unknown"",""percentage"":0.001461}","{""region"":""Araucan\u00eda Region"",""percentage"":1}","facebook,instagram","lower_bound: 100001, upper_bound: 500000",es
921348551854528,177384889097855,"Gabriel Boric",2021-12-10,2021-12-10,2021-12-16,"Gabriel Boric Font","Las autoridades de gobierno no ganarán más de 5 millones, es decir 10 veces el salario mínimo de $500.000 al que proponemos llegar. Por un Chile sin privilegios para unos poco, vota Gabriel Boric 1️⃣",,boricpresidente.cl,,"lower_bound: 0, upper_bound: 999","lower_bound: 0, upper_bound: 99",USD,"{""age"":""45-54"",""gender"":""male"",""percentage"":0.125561},{""age"":""45-54"",""gender"":""female"",""percentage"":0.053812},{""age"":""35-44"",""gender"":""male"",""percentage"":0.121076},{""age"":""25-34"",""gender"":""male"",""percentage"":0.32287},{""age"":""25-34"",""gender"":""female"",""percentage"":0.2287},{""age"":""35-44"",""gender"":""female"",""percentage"":0.130045},{""age"":""55-64"",""gender"":""female"",""percentage"":0.008969},{""age"":""35-44"",""gender"":""unknown"",""percentage"":0.008969}","{""region"":""Antofagasta Region"",""percentage"":1}","facebook,instagram","lower_bound: 1001, upper_bound: 5000",es
2492136874252804,177384889097855,"Gabriel Boric",2021-12-10,2021-12-10,2021-12-16,"Gabriel Boric Font","Que la vejez sea para descansar y disfrutar 🫂, no para trabajar porque la pensión no alcanza. Fin a las AFP para una jubilación a los 65 años con un piso de $250.000 mensuales. Para pensiones justas, vota Gabriel Boric 1️⃣",,boricpresidente.cl,,"lower_bound: 3000, upper_bound: 3999","lower_bound: 0, upper_bound: 99",USD,"{""age"":""13-17"",""gender"":""female"",""percentage"":0.000329},{""age"":""35-44"",""gender"":""unknown"",""percentage"":0.007232},{""age"":""55-64"",""gender"":""unknown"",""percentage"":0.001315},{""age"":""45-54"",""gender"":""unknown"",""percentage"":0.002301},{""age"":""55-64"",""gender"":""female"",""percentage"":0.104536},{""age"":""35-44"",""gender"":""female"",""percentage"":0.208087},{""age"":""45-54"",""gender"":""male"",""percentage"":0.176857},{""age"":""45-54"",""gender"":""female"",""percentage"":0.172584},{""age"":""35-44"",""gender"":""male"",""percentage"":0.245233},{""age"":""55-64"",""gender"":""male"",""percentage"":0.081525}","{""region"":""B\u00edo B\u00edo Region"",""percentage"":1}","facebook,instagram","lower_bound: 10001, upper_bound: 50000",es
3107003492890105,177384889097855,"Gabriel Boric",2021-12-10,2021-12-10,2021-12-16,"Gabriel Boric Font","Que la vejez sea para descansar y disfrutar  🫂, no para trabajar porque la pensión no alcanza. Fin a las AFP para una jubilación a los 65 años con un piso de $250.000 mensuales. Para pensiones justas, vota Gabriel Boric 1️⃣",,boricpresidente.cl,,"lower_bound: 50000, upper_bound: 59999","lower_bound: 100, upper_bound: 199",USD,"{""age"":""13-17"",""gender"":""female"",""percentage"":0.000237},{""age"":""55-64"",""gender"":""male"",""percentage"":0.023093},{""age"":""13-17"",""gender"":""unknown"",""percentage"":4.7e-5},{""age"":""45-54"",""gender"":""unknown"",""percentage"":0.001446},{""age"":""45-54"",""gender"":""female"",""percentage"":0.045546},{""age"":""45-54"",""gender"":""male"",""percentage"":0.056476},{""age"":""18-24"",""gender"":""female"",""percentage"":0.145126},{""age"":""25-34"",""gender"":""female"",""percentage"":0.181995},{""age"":""35-44"",""gender"":""female"",""percentage"":0.083695},{""age"":""55-64"",""gender"":""unknown"",""percentage"":0.000427},{""age"":""18-24"",""gender"":""male"",""percentage"":0.105911},{""age"":""55-64"",""gender"":""female"",""percentage"":0.02416},{""age"":""35-44"",""gender"":""male"",""percentage"":0.109799},{""age"":""25-34"",""gender"":""male"",""percentage"":0.212059},{""age"":""25-34"",""gender"":""unknown"",""percentage"":0.003462},{""age"":""35-44"",""gender"":""unknown"",""percentage"":0.003272},{""age"":""18-24"",""gender"":""unknown"",""percentage"":0.003177},{""age"":""13-17"",""gender"":""male"",""percentage"":7.1e-5}","{""region"":""Santiago Metropolitan Region"",""percentage"":1}","facebook,instagram","lower_bound: 100001, upper_bound: 500000",es
4926816404030111,177384889097855,"Gabriel Boric",2021-12-10,2021-12-10,2021-12-16,"Gabriel Boric Font","Que la vejez sea para descansar y disfrutar 🫂, no para trabajar porque la pensión no alcanza. Fin a las AFP para una jubilación a los 65 años con un piso de $250.000 mensuales. Para pensiones justas, vota Gabriel Boric 1️⃣",,boricpresidente.cl,,"lower_bound: 10000, upper_bound: 14999","lower_bound: 0, upper_bound: 99",USD,"{""age"":""55-64"",""gender"":""unknown"",""percentage"":0.000143},{""age"":""18-24"",""gender"":""unknown"",""percentage"":0.000143},{""age"":""35-44"",""gender"":""unknown"",""percentage"":0.001286},{""age"":""18-24"",""gender"":""male"",""percentage"":0.08375},{""age"":""25-34"",""gender"":""male"",""percentage"":0.158496},{""age"":""45-54"",""gender"":""female"",""percentage"":0.086751},{""age"":""18-24"",""gender"":""female"",""percentage"":0.119051},{""age"":""45-54"",""gender"":""male"",""percentage"":0.067457},{""age"":""35-44"",""gender"":""female"",""percentage"":0.111762},{""age"":""35-44"",""gender"":""male"",""percentage"":0.094898},{""age"":""55-64"",""gender"":""female"",""percentage"":0.050593},{""age"":""25-34"",""gender"":""female"",""percentage"":0.184365},{""age"":""55-64"",""gender"":""male"",""percentage"":0.038159},{""age"":""25-34"",""gender"":""unknown"",""percentage"":0.002001},{""age"":""45-54"",""gender"":""unknown"",""percentage"":0.001143}","{""region"":""Atacama Region"",""percentage"":1}","facebook,instagram","lower_bound: 10001, upper_bound: 50000",es
4961847453849081,177384889097855,"Gabriel Boric",2021-12-10,2021-12-10,2021-12-16,"Gabriel Boric Font","Que la vejez sea para descansar y disfrutar  🫂, no para trabajar porque la pensión no alcanza. Fin a las AFP para una jubilación a los 65 años con un piso de $250.000 mensuales. Para pensiones justas, vota Gabriel Boric 1️⃣",,boricpresidente.cl,,"lower_bound: 25000, upper_bound: 29999","lower_bound: 0, upper_bound: 99",USD,"{""age"":""55-64"",""gender"":""male"",""percentage"":0.029832},{""age"":""35-44"",""gender"":""female"",""percentage"":0.093607},{""age"":""35-44"",""gender"":""male"",""percentage"":0.093607},{""age"":""45-54"",""gender"":""male"",""percentage"":0.061469},{""age"":""18-24"",""gender"":""female"",""percentage"":0.149411},{""age"":""18-24"",""gender"":""unknown"",""percentage"":0.002306},{""age"":""18-24"",""gender"":""male"",""percentage"":0.102632},{""age"":""25-34"",""gender"":""male"",""percentage"":0.175382},{""age"":""45-54"",""gender"":""female"",""percentage"":0.066633},{""age"":""25-34"",""gender"":""unknown"",""percentage"":0.002858},{""age"":""25-34"",""gender"":""female"",""percentage"":0.17458},{""age"":""55-64"",""gender"":""female"",""percentage"":0.044071},{""age"":""35-44"",""gender"":""unknown"",""percentage"":0.002507},{""age"":""55-64"",""gender"":""unknown"",""percentage"":0.000351},{""age"":""45-54"",""gender"":""unknown"",""percentage"":0.000752}","{""region"":""Santiago Metropolitan Region"",""percentage"":1}","facebook,instagram","lower_bound: 100001, upper_bound: 500000",es
2030223927128609,177384889097855,"Gabriel Boric",2021-12-10,2021-12-10,2021-12-16,"Gabriel Boric Font","Que no necesitemos los bingos y completadas para pagar un tratamiento 🏥, sino para celebrar un país más justo 🎉. 
Por una salud para todos, sin privilegios. Vota Gabriel Boric 1️⃣",,boricpresidente.cl,,"lower_bound: 9000, upper_bound: 9999","lower_bound: 0, upper_bound: 99",USD,"{""age"":""18-24"",""gender"":""unknown"",""percentage"":0.001053},{""age"":""45-54"",""gender"":""male"",""percentage"":0.063992},{""age"":""35-44"",""gender"":""male"",""percentage"":0.096046},{""age"":""65+"",""gender"":""female"",""percentage"":0.024801},{""age"":""45-54"",""gender"":""female"",""percentage"":0.083294},{""age"":""55-64"",""gender"":""male"",""percentage"":0.029949},{""age"":""25-34"",""gender"":""female"",""percentage"":0.182148},{""age"":""55-64"",""gender"":""female"",""percentage"":0.053346},{""age"":""25-34"",""gender"":""male"",""percentage"":0.159569},{""age"":""45-54"",""gender"":""unknown"",""percentage"":0.001404},{""age"":""35-44"",""gender"":""female"",""percentage"":0.11102},{""age"":""18-24"",""gender"":""female"",""percentage"":0.101193},{""age"":""18-24"",""gender"":""male"",""percentage"":0.073701},{""age"":""25-34"",""gender"":""unknown"",""percentage"":0.001755},{""age"":""65+"",""gender"":""unknown"",""percentage"":0.000234},{""age"":""35-44"",""gender"":""unknown"",""percentage"":0.001638},{""age"":""55-64"",""gender"":""unknown"",""percentage"":0.000351},{""age"":""65+"",""gender"":""male"",""percentage"":0.014506}","{""region"":""B\u00edo B\u00edo Region"",""percentage"":1}","facebook,instagram","lower_bound: 100001, upper_bound: 500000",es
207085764953634,177384889097855,"Gabriel Boric",2021-12-10,2021-12-11,2021-12-16,"Gabriel Boric Font","Que la vejez sea para descansar y disfrutar 🫂, no para trabajar porque la pensión no alcanza. Fin a las AFP para una jubilación a los 65 años con un piso de $250.000 mensuales. Para pensiones justas, vota Gabriel Boric 1️⃣",,boricpresidente.cl,,"lower_bound: 0, upper_bound: 999","lower_bound: 0, upper_bound: 99",USD,"{""age"":""55-64"",""gender"":""male"",""percentage"":0.068966},{""age"":""55-64"",""gender"":""female"",""percentage"":0.077586},{""age"":""35-44"",""gender"":""male"",""percentage"":0.103448},{""age"":""18-24"",""gender"":""female"",""percentage"":0.146552},{""age"":""35-44"",""gender"":""female"",""percentage"":0.112069},{""age"":""25-34"",""gender"":""female"",""percentage"":0.086207},{""age"":""25-34"",""gender"":""male"",""percentage"":0.163793},{""age"":""45-54"",""gender"":""female"",""percentage"":0.060345},{""age"":""45-54"",""gender"":""male"",""percentage"":0.103448},{""age"":""18-24"",""gender"":""male"",""percentage"":0.077586}","{""region"":""B\u00edo B\u00edo Region"",""percentage"":1}","facebook,instagram","lower_bound: 10001, upper_bound: 50000",es
282856817132297,177384889097855,"Gabriel Boric",2021-12-10,2021-12-10,2021-12-12,"Gabriel Boric Font","Que nuestros abuelos vivan con tranquilidad y no estén haciendo largas filas para recibir sus remedios 💊, por una salud digna los medicamentos se entregarán a domicilio 🚐. Vota Gabriel Boric 1️⃣,Que nuestros abuelos vivan con tranquilidad y no estén haciendo largas filas para recibir sus remedios 💊, por una salud digna los medicamentos se entregarán a domicilio 🚐. Vota Gabriel Boric 1️⃣",,boricpresidente.cl,,"lower_bound: 1000, upper_bound: 1999","lower_bound: 0, upper_bound: 99",USD,"{""age"":""35-44"",""gender"":""male"",""percentage"":0.017876},{""age"":""35-44"",""gender"":""female"",""percentage"":0.022082},{""age"":""18-24"",""gender"":""female"",""percentage"":0.220294},{""age"":""18-24"",""gender"":""male"",""percentage"":0.140379},{""age"":""25-34"",""gender"":""male"",""percentage"":0.305468},{""age"":""25-34"",""gender"":""female"",""percentage"":0.288644},{""age"":""25-34"",""gender"":""unknown"",""percentage"":0.004206},{""age"":""18-24"",""gender"":""unknown"",""percentage"":0.001052}","{""region"":""Valpara\u00edso Region"",""percentage"":1}","facebook,instagram","lower_bound: 10001, upper_bound: 50000",es
299460855407166,177384889097855,"Gabriel Boric",2021-12-10,2021-12-10,2021-12-16,"Gabriel Boric Font","Que no necesitemos los bingos y completadas para pagar un tratamiento 🏥, sino para celebrar un país más justo 🎉. 
Por una salud para todos, sin privilegios. Vota Gabriel Boric 1️⃣",,boricpresidente.cl,,"lower_bound: 3000, upper_bound: 3999","lower_bound: 0, upper_bound: 99",USD,"{""age"":""35-44"",""gender"":""unknown"",""percentage"":0.003771},{""age"":""18-24"",""gender"":""unknown"",""percentage"":0.001571},{""age"":""45-54"",""gender"":""unknown"",""percentage"":0.000943},{""age"":""25-34"",""gender"":""unknown"",""percentage"":0.001571},{""age"":""35-44"",""gender"":""male"",""percentage"":0.098366},{""age"":""25-34"",""gender"":""male"",""percentage"":0.167505},{""age"":""45-54"",""gender"":""male"",""percentage"":0.068825},{""age"":""18-24"",""gender"":""male"",""percentage"":0.082338},{""age"":""55-64"",""gender"":""male"",""percentage"":0.028913},{""age"":""18-24"",""gender"":""female"",""percentage"":0.102766},{""age"":""45-54"",""gender"":""female"",""percentage"":0.083595},{""age"":""25-34"",""gender"":""female"",""percentage"":0.203646},{""age"":""55-64"",""gender"":""female"",""percentage"":0.041169},{""age"":""35-44"",""gender"":""female"",""percentage"":0.115022}","{""region"":""Santiago Metropolitan Region"",""percentage"":1}","facebook,instagram","lower_bound: 100001, upper_bound: 500000",es
334200345208789,177384889097855,"Gabriel Boric",2021-12-10,2021-12-11,2021-12-11,"Gabriel Boric Font","Mayor dotación policial y coordinación con nuestros países vecinos para una migración segura, ordenada y humana. Por un gobierno que cuide nuestras fronteras, vota Gabriel Boric 1️⃣",,boricpresidente.cl,,"lower_bound: 0, upper_bound: 999","lower_bound: 0, upper_bound: 99",USD,,,"facebook,instagram","lower_bound: 10001, upper_bound: 50000",es
335094088066136,177384889097855,"Gabriel Boric",2021-12-10,2021-12-10,2021-12-16,"Gabriel Boric Font","Que la vejez sea para descansar y disfrutar 🫂, no para trabajar porque la pensión no alcanza. Fin a las AFP para una jubilación a los 65 años con un piso de $250.000 mensuales. Para pensiones justas, vota Gabriel Boric 1️⃣",,boricpresidente.cl,,"lower_bound: 10000, upper_bound: 14999","lower_bound: 0, upper_bound: 99",USD,"{""age"":""13-17"",""gender"":""male"",""percentage"":0.000199},{""age"":""25-34"",""gender"":""female"",""percentage"":0.153877},{""age"":""13-17"",""gender"":""female"",""percentage"":9.9e-5},{""age"":""65+"",""gender"":""male"",""percentage"":0.017175},{""age"":""55-64"",""gender"":""female"",""percentage"":0.053609},{""age"":""35-44"",""gender"":""male"",""percentage"":0.090936},{""age"":""45-54"",""gender"":""male"",""percentage"":0.065919},{""age"":""18-24"",""gender"":""female"",""percentage"":0.11913},{""age"":""18-24"",""gender"":""male"",""percentage"":0.106721},{""age"":""25-34"",""gender"":""male"",""percentage"":0.159039},{""age"":""45-54"",""gender"":""unknown"",""percentage"":0.000397},{""age"":""55-64"",""gender"":""male"",""percentage"":0.043085},{""age"":""35-44"",""gender"":""female"",""percentage"":0.089348},{""age"":""45-54"",""gender"":""female"",""percentage"":0.076938},{""age"":""65+"",""gender"":""female"",""percentage"":0.019657},{""age"":""35-44"",""gender"":""unknown"",""percentage"":0.001092},{""age"":""18-24"",""gender"":""unknown"",""percentage"":0.00139},{""age"":""55-64"",""gender"":""unknown"",""percentage"":9.9e-5},{""age"":""65+"",""gender"":""unknown"",""percentage"":0.000199},{""age"":""25-34"",""gender"":""unknown"",""percentage"":0.001092}","{""region"":""O'Higgins Region"",""percentage"":1}","facebook,instagram","lower_bound: 10001, upper_bound: 50000",es
388837989698110,177384889097855,"Gabriel Boric",2021-12-10,2021-12-10,2021-12-16,"Gabriel Boric Font","Las autoridades de gobierno no ganarán más de 5 millones, es decir 10 veces el salario mínimo de $500.000 al que proponemos llegar. Por un Chile sin privilegios para unos poco, vota Gabriel Boric 1️⃣",,boricpresidente.cl,,"lower_bound: 4000, upper_bound: 4999","lower_bound: 0, upper_bound: 99",USD,"{""age"":""35-44"",""gender"":""unknown"",""percentage"":0.001141},{""age"":""55-64"",""gender"":""female"",""percentage"":0.005133},{""age"":""45-54"",""gender"":""female"",""percentage"":0.086969},{""age"":""35-44"",""gender"":""female"",""percentage"":0.150271},{""age"":""25-34"",""gender"":""female"",""percentage"":0.23724},{""age"":""25-34"",""gender"":""male"",""percentage"":0.289706},{""age"":""35-44"",""gender"":""male"",""percentage"":0.142002},{""age"":""45-54"",""gender"":""male"",""percentage"":0.080411},{""age"":""55-64"",""gender"":""male"",""percentage"":0.004562},{""age"":""45-54"",""gender"":""unknown"",""percentage"":0.002566}","{""region"":""Antofagasta Region"",""percentage"":1}","facebook,instagram","lower_bound: 10001, upper_bound: 50000",es
440631924460284,177384889097855,"Gabriel Boric",2021-12-10,2021-12-10,2021-12-12,"Gabriel Boric Font","Reformar Carabineros para tener más dotación donde más se necesita, con barrios seguros libres de narcotráfico. Vota Gabriel Boric 1️⃣",,boricpresidente.cl,,"lower_bound: 1000, upper_bound: 1999","lower_bound: 0, upper_bound: 99",USD,"{""age"":""18-24"",""gender"":""unknown"",""percentage"":0.000904},{""age"":""35-44"",""gender"":""unknown"",""percentage"":0.009042},{""age"":""45-54"",""gender"":""female"",""percentage"":0.088608},{""age"":""55-64"",""gender"":""female"",""percentage"":0.051537},{""age"":""25-34"",""gender"":""male"",""percentage"":0.202532},{""age"":""55-64"",""gender"":""male"",""percentage"":0.040687},{""age"":""25-34"",""gender"":""female"",""percentage"":0.179024},{""age"":""18-24"",""gender"":""male"",""percentage"":0.066004},{""age"":""35-44"",""gender"":""female"",""percentage"":0.109403},{""age"":""45-54"",""gender"":""male"",""percentage"":0.068716},{""age"":""35-44"",""gender"":""male"",""percentage"":0.104882},{""age"":""18-24"",""gender"":""female"",""percentage"":0.072333},{""age"":""45-54"",""gender"":""unknown"",""percentage"":0.001808},{""age"":""25-34"",""gender"":""unknown"",""percentage"":0.002712},{""age"":""55-64"",""gender"":""unknown"",""percentage"":0.001808}","{""region"":""Santiago Metropolitan Region"",""percentage"":1}","facebook,instagram","lower_bound: 100001, upper_bound: 500000",es
474101854049986,177384889097855,"Gabriel Boric",2021-12-10,2021-12-10,2021-12-12,"Gabriel Boric Font","No podemos permitir que familias y pequeños agricultores tengan que obtener agua a través de camiones aljibes, mientras que algunos abusan de su poder acumulándola para su beneficios. Para que el agua sea un derecho vota Gabriel Boric 1️⃣",,boricpresidente.cl,,"lower_bound: 0, upper_bound: 999","lower_bound: 0, upper_bound: 99",USD,"{""age"":""25-34"",""gender"":""unknown"",""percentage"":0.00223},{""age"":""18-24"",""gender"":""male"",""percentage"":0.085842},{""age"":""55-64"",""gender"":""female"",""percentage"":0.035674},{""age"":""25-34"",""gender"":""female"",""percentage"":0.171683},{""age"":""35-44"",""gender"":""male"",""percentage"":0.109253},{""age"":""45-54"",""gender"":""female"",""percentage"":0.090301},{""age"":""18-24"",""gender"":""female"",""percentage"":0.148272},{""age"":""25-34"",""gender"":""male"",""percentage"":0.16388},{""age"":""45-54"",""gender"":""male"",""percentage"":0.043478},{""age"":""35-44"",""gender"":""female"",""percentage"":0.130435},{""age"":""55-64"",""gender"":""male"",""percentage"":0.018952}","{""region"":""O'Higgins Region"",""percentage"":1}","facebook,instagram","lower_bound: 10001, upper_bound: 50000",es
609933223591595,177384889097855,"Gabriel Boric",2021-12-10,2021-12-13,2021-12-13,"Gabriel Boric Font","Las autoridades de gobierno no ganarán más de 5 millones, es decir 10 veces el salario mínimo de $500.000 al que proponemos llegar. Por un Chile sin privilegios para unos poco, vota Gabriel Boric 1️⃣",,boricpresidente.cl,,"lower_bound: 0, upper_bound: 999","lower_bound: 0, upper_bound: 99",USD,,,"facebook,instagram","lower_bound: 10001, upper_bound: 50000",es
612967439752876,177384889097855,"Gabriel Boric",2021-12-10,2021-12-10,2021-12-16,"Gabriel Boric Font","Que nuestros abuelos vivan con tranquilidad y no estén haciendo largas filas para recibir sus remedios 💊, por una salud digna los medicamentos se entregarán a domicilio 🚐. Vota Gabriel Boric 1️⃣",,boricpresidente.cl,,"lower_bound: 1000, upper_bound: 1999","lower_bound: 0, upper_bound: 99",USD,"{""age"":""35-44"",""gender"":""unknown"",""percentage"":0.001742},{""age"":""55-64"",""gender"":""unknown"",""percentage"":0.000871},{""age"":""25-34"",""gender"":""female"",""percentage"":0.271777},{""age"":""35-44"",""gender"":""female"",""percentage"":0.137631},{""age"":""35-44"",""gender"":""male"",""percentage"":0.123693},{""age"":""45-54"",""gender"":""male"",""percentage"":0.078397},{""age"":""25-34"",""gender"":""male"",""percentage"":0.295296},{""age"":""45-54"",""gender"":""female"",""percentage"":0.083624},{""age"":""55-64"",""gender"":""male"",""percentage"":0.003484},{""age"":""55-64"",""gender"":""female"",""percentage"":0.003484}","{""region"":""Antofagasta Region"",""percentage"":1}","facebook,instagram","lower_bound: 5001, upper_bound: 10000",es
652868785741353,177384889097855,"Gabriel Boric",2021-12-10,2021-12-10,2021-12-16,"Gabriel Boric Font","Que la vejez sea para descansar y disfrutar 🫂, no para trabajar porque la pensión no alcanza. Fin a las AFP para una jubilación a los 65 años con un piso de $250.000 mensuales. Para pensiones justas, vota Gabriel Boric 1️⃣",,boricpresidente.cl,,"lower_bound: 3000, upper_bound: 3999","lower_bound: 0, upper_bound: 99",USD,"{""age"":""65+"",""gender"":""unknown"",""percentage"":0.000421},{""age"":""45-54"",""gender"":""male"",""percentage"":0.077829},{""age"":""18-24"",""gender"":""male"",""percentage"":0.086664},{""age"":""35-44"",""gender"":""male"",""percentage"":0.095919},{""age"":""25-34"",""gender"":""male"",""percentage"":0.160707},{""age"":""18-24"",""gender"":""female"",""percentage"":0.111906},{""age"":""25-34"",""gender"":""female"",""percentage"":0.151872},{""age"":""45-54"",""gender"":""female"",""percentage"":0.086664},{""age"":""35-44"",""gender"":""female"",""percentage"":0.104333},{""age"":""35-44"",""gender"":""unknown"",""percentage"":0.002524},{""age"":""65+"",""gender"":""male"",""percentage"":0.007993},{""age"":""55-64"",""gender"":""female"",""percentage"":0.04838},{""age"":""55-64"",""gender"":""male"",""percentage"":0.044594},{""age"":""65+"",""gender"":""female"",""percentage"":0.016407},{""age"":""45-54"",""gender"":""unknown"",""percentage"":0.000841},{""age"":""25-34"",""gender"":""unknown"",""percentage"":0.000421},{""age"":""55-64"",""gender"":""unknown"",""percentage"":0.000841},{""age"":""18-24"",""gender"":""unknown"",""percentage"":0.001683}","{""region"":""O'Higgins Region"",""percentage"":1}","facebook,instagram","lower_bound: 5001, upper_bound: 10000",es
930697770905970,177384889097855,"Gabriel Boric",2021-12-10,2021-12-10,2021-12-16,"Gabriel Boric Font","Que la vejez sea para descansar y disfrutar  🫂, no para trabajar porque la pensión no alcanza. Fin a las AFP para una jubilación a los 65 años con un piso de $250.000 mensuales. Para pensiones justas, vota Gabriel Boric 1️⃣",,boricpresidente.cl,,"lower_bound: 25000, upper_bound: 29999","lower_bound: 0, upper_bound: 99",USD,"{""age"":""35-44"",""gender"":""unknown"",""percentage"":0.005476},{""age"":""55-64"",""gender"":""female"",""percentage"":0.027593},{""age"":""45-54"",""gender"":""male"",""percentage"":0.052422},{""age"":""55-64"",""gender"":""male"",""percentage"":0.020522},{""age"":""45-54"",""gender"":""female"",""percentage"":0.053964},{""age"":""25-34"",""gender"":""male"",""percentage"":0.205008},{""age"":""18-24"",""gender"":""male"",""percentage"":0.085331},{""age"":""35-44"",""gender"":""male"",""percentage"":0.111064},{""age"":""25-34"",""gender"":""female"",""percentage"":0.20352},{""age"":""45-54"",""gender"":""unknown"",""percentage"":0.003668},{""age"":""35-44"",""gender"":""female"",""percentage"":0.101919},{""age"":""18-24"",""gender"":""female"",""percentage"":0.119943},{""age"":""25-34"",""gender"":""unknown"",""percentage"":0.004732},{""age"":""18-24"",""gender"":""unknown"",""percentage"":0.004041},{""age"":""55-64"",""gender"":""unknown"",""percentage"":0.000797}","{""region"":""Santiago Metropolitan Region"",""percentage"":1}","facebook,instagram","lower_bound: 100001, upper_bound: 500000",es
977815193083748,177384889097855,"Gabriel Boric",2021-12-10,2021-12-10,2021-12-12,"Gabriel Boric Font","Que la vejez sea para descansar y disfrutar 🫂, no para trabajar porque la pensión no alcanza. Fin a las AFP para una jubilación a los 65 años con un piso de $250.000 mensuales. Para pensiones justas, vota Gabriel Boric 1️⃣",,boricpresidente.cl,,"lower_bound: 0, upper_bound: 999","lower_bound: 0, upper_bound: 99",USD,"{""age"":""55-64"",""gender"":""male"",""percentage"":0.019157},{""age"":""55-64"",""gender"":""female"",""percentage"":0.02682},{""age"":""45-54"",""gender"":""female"",""percentage"":0.114943},{""age"":""25-34"",""gender"":""female"",""percentage"":0.214559},{""age"":""35-44"",""gender"":""male"",""percentage"":0.130268},{""age"":""45-54"",""gender"":""male"",""percentage"":0.091954},{""age"":""25-34"",""gender"":""male"",""percentage"":0.237548},{""age"":""35-44"",""gender"":""female"",""percentage"":0.16092},{""age"":""35-44"",""gender"":""unknown"",""percentage"":0.003831}","{""region"":""B\u00edo B\u00edo Region"",""percentage"":1}","facebook,instagram","lower_bound: 1001, upper_bound: 5000",es
1011344716264213,177384889097855,"Gabriel Boric",2021-12-10,2021-12-10,2021-12-16,"Gabriel Boric Font","Que la vejez sea para descansar y disfrutar 🫂, no para trabajar porque la pensión no alcanza. Fin a las AFP para una jubilación a los 65 años con un piso de $250.000 mensuales. Para pensiones justas, vota Gabriel Boric 1️⃣",,boricpresidente.cl,,"lower_bound: 10000, upper_bound: 14999","lower_bound: 0, upper_bound: 99",USD,"{""age"":""13-17"",""gender"":""male"",""percentage"":0.00014},{""age"":""18-24"",""gender"":""unknown"",""percentage"":0.001963},{""age"":""25-34"",""gender"":""unknown"",""percentage"":0.001262},{""age"":""55-64"",""gender"":""unknown"",""percentage"":0.000701},{""age"":""35-44"",""gender"":""unknown"",""percentage"":0.001262},{""age"":""55-64"",""gender"":""female"",""percentage"":0.078379},{""age"":""35-44"",""gender"":""male"",""percentage"":0.091419},{""age"":""45-54"",""gender"":""male"",""percentage"":0.081884},{""age"":""18-24"",""gender"":""male"",""percentage"":0.079921},{""age"":""25-34"",""gender"":""female"",""percentage"":0.152832},{""age"":""35-44"",""gender"":""female"",""percentage"":0.088474},{""age"":""55-64"",""gender"":""male"",""percentage"":0.057207},{""age"":""18-24"",""gender"":""female"",""percentage"":0.114694},{""age"":""25-34"",""gender"":""male"",""percentage"":0.147224},{""age"":""45-54"",""gender"":""female"",""percentage"":0.101655},{""age"":""45-54"",""gender"":""unknown"",""percentage"":0.000981}","{""region"":""B\u00edo B\u00edo Region"",""percentage"":1}","facebook,instagram","lower_bound: 10001, upper_bound: 50000",es
1246437822433824,177384889097855,"Gabriel Boric",2021-12-10,2021-12-10,2021-12-16,"Gabriel Boric Font","Que no necesitemos los bingos y completadas para pagar un tratamiento 🏥, sino para celebrar un país más justo 🎉. 
Por una salud para todos, sin privilegios. Vota Gabriel Boric 1️⃣",,boricpresidente.cl,,"lower_bound: 2000, upper_bound: 2999","lower_bound: 0, upper_bound: 99",USD,"{""age"":""18-24"",""gender"":""unknown"",""percentage"":0.002751},{""age"":""45-54"",""gender"":""unknown"",""percentage"":0.001834},{""age"":""55-64"",""gender"":""unknown"",""percentage"":0.000917},{""age"":""25-34"",""gender"":""unknown"",""percentage"":0.001376},{""age"":""55-64"",""gender"":""female"",""percentage"":0.050436},{""age"":""65+"",""gender"":""male"",""percentage"":0.012838},{""age"":""18-24"",""gender"":""female"",""percentage"":0.122421},{""age"":""25-34"",""gender"":""female"",""percentage"":0.183861},{""age"":""35-44"",""gender"":""female"",""percentage"":0.130215},{""age"":""35-44"",""gender"":""male"",""percentage"":0.093994},{""age"":""45-54"",""gender"":""female"",""percentage"":0.079321},{""age"":""55-64"",""gender"":""male"",""percentage"":0.026593},{""age"":""45-54"",""gender"":""male"",""percentage"":0.042641},{""age"":""65+"",""gender"":""female"",""percentage"":0.015131},{""age"":""25-34"",""gender"":""male"",""percentage"":0.15635},{""age"":""18-24"",""gender"":""male"",""percentage"":0.079321}","{""region"":""O'Higgins Region"",""percentage"":1}","facebook,instagram","lower_bound: 10001, upper_bound: 50000",es
1284023725344073,177384889097855,"Gabriel Boric",2021-12-10,2021-12-11,2021-12-14,"Gabriel Boric Font","Que no necesitemos los bingos y completadas para pagar un tratamiento 🏥, sino para celebrar un país más justo 🎉. 
Por una salud para todos, sin privilegios. Vota Gabriel Boric 1️⃣",,boricpresidente.cl,,"lower_bound: 0, upper_bound: 999","lower_bound: 0, upper_bound: 99",USD,,,"facebook,instagram","lower_bound: 10001, upper_bound: 50000",es
3102012753407653,177384889097855,"Gabriel Boric",2021-12-10,2021-12-11,2021-12-16,"Gabriel Boric Font","No podemos permitir que familias y pequeños agricultores tengan que obtener agua a través de camiones aljibes, mientras que algunos abusan de su poder acumulándola para su beneficios. Para que el agua sea un derecho vota Gabriel Boric 1️⃣",,boricpresidente.cl,,"lower_bound: 0, upper_bound: 999","lower_bound: 0, upper_bound: 99",USD,"{""age"":""18-24"",""gender"":""unknown"",""percentage"":0.003571},{""age"":""65+"",""gender"":""male"",""percentage"":0.007143},{""age"":""45-54"",""gender"":""male"",""percentage"":0.039286},{""age"":""55-64"",""gender"":""male"",""percentage"":0.035714},{""age"":""65+"",""gender"":""female"",""percentage"":0.039286},{""age"":""55-64"",""gender"":""female"",""percentage"":0.064286},{""age"":""35-44"",""gender"":""female"",""percentage"":0.089286},{""age"":""18-24"",""gender"":""male"",""percentage"":0.096429},{""age"":""18-24"",""gender"":""female"",""percentage"":0.103571},{""age"":""25-34"",""gender"":""female"",""percentage"":0.160714},{""age"":""25-34"",""gender"":""male"",""percentage"":0.192857},{""age"":""35-44"",""gender"":""male"",""percentage"":0.096429},{""age"":""45-54"",""gender"":""female"",""percentage"":0.071429}","{""region"":""O'Higgins Region"",""percentage"":1}","facebook,instagram","lower_bound: 100001, upper_bound: 500000",es
4609969239130484,177384889097855,"Gabriel Boric",2021-12-10,2021-12-11,2021-12-16,"Gabriel Boric Font","Que no necesitemos los bingos y completadas para pagar un tratamiento 🏥, sino para celebrar un país más justo 🎉. 
Por una salud para todos, sin privilegios. Vota Gabriel Boric 1️⃣",,boricpresidente.cl,,"lower_bound: 0, upper_bound: 999","lower_bound: 0, upper_bound: 99",USD,,,"facebook,instagram","lower_bound: 10001, upper_bound: 50000",es
191280786472174,177384889097855,"Gabriel Boric",2021-12-10,2021-12-10,2021-12-16,"Gabriel Boric Font","Diálogo para una paz duradera y todo el rigor de la ley contra quien cometa un delito. Para avanzar con justicia y paz, vota Gabriel Boric 1️⃣",,boricpresidente.cl,,"lower_bound: 0, upper_bound: 999","lower_bound: 0, upper_bound: 99",USD,"{""age"":""35-44"",""gender"":""unknown"",""percentage"":0.008114},{""age"":""55-64"",""gender"":""unknown"",""percentage"":0.002028},{""age"":""45-54"",""gender"":""unknown"",""percentage"":0.002028},{""age"":""55-64"",""gender"":""female"",""percentage"":0.079108},{""age"":""45-54"",""gender"":""male"",""percentage"":0.150101},{""age"":""35-44"",""gender"":""male"",""percentage"":0.219067},{""age"":""35-44"",""gender"":""female"",""percentage"":0.324544},{""age"":""45-54"",""gender"":""female"",""percentage"":0.170385},{""age"":""55-64"",""gender"":""male"",""percentage"":0.044625}","{""region"":""B\u00edo B\u00edo Region"",""percentage"":1}","facebook,instagram","lower_bound: 10001, upper_bound: 50000",es
199954329002989,177384889097855,"Gabriel Boric",2021-12-10,2021-12-10,2021-12-16,"Gabriel Boric Font","No podemos permitir que familias y pequeños agricultores tengan que obtener agua a través de camiones aljibes, mientras que algunos abusan de su poder acumulándola para su beneficios. Para que el agua sea un derecho vota Gabriel Boric 1️⃣",,boricpresidente.cl,,"lower_bound: 100000, upper_bound: 124999","lower_bound: 200, upper_bound: 299",USD,"{""age"":""55-64"",""gender"":""unknown"",""percentage"":0.000772},{""age"":""18-24"",""gender"":""female"",""percentage"":0.086478},{""age"":""45-54"",""gender"":""unknown"",""percentage"":0.001668},{""age"":""35-44"",""gender"":""unknown"",""percentage"":0.002723},{""age"":""35-44"",""gender"":""male"",""percentage"":0.111008},{""age"":""35-44"",""gender"":""female"",""percentage"":0.094522},{""age"":""45-54"",""gender"":""male"",""percentage"":0.077957},{""age"":""65+"",""gender"":""female"",""percentage"":0.029998},{""age"":""45-54"",""gender"":""female"",""percentage"":0.061846},{""age"":""18-24"",""gender"":""unknown"",""percentage"":0.001656},{""age"":""25-34"",""gender"":""male"",""percentage"":0.177154},{""age"":""25-34"",""gender"":""female"",""percentage"":0.163369},{""age"":""55-64"",""gender"":""male"",""percentage"":0.047913},{""age"":""55-64"",""gender"":""female"",""percentage"":0.052804},{""age"":""65+"",""gender"":""male"",""percentage"":0.024076},{""age"":""18-24"",""gender"":""male"",""percentage"":0.063072},{""age"":""25-34"",""gender"":""unknown"",""percentage"":0.002507},{""age"":""65+"",""gender"":""unknown"",""percentage"":0.000477}","{""region"":""Santiago Metropolitan Region"",""percentage"":1}","facebook,instagram","lower_bound: 1000001",es
207952398178180,177384889097855,"Gabriel Boric",2021-12-10,2021-12-10,2021-12-16,"Gabriel Boric Font","Que no necesitemos los bingos y completadas para pagar un tratamiento 🏥, sino para celebrar un país más justo 🎉. 
Por una salud para todos, sin privilegios. Vota Gabriel Boric 1️⃣",,boricpresidente.cl,,"lower_bound: 0, upper_bound: 999","lower_bound: 0, upper_bound: 99",USD,"{""age"":""65+"",""gender"":""male"",""percentage"":0.008},{""age"":""25-34"",""gender"":""unknown"",""percentage"":0.008},{""age"":""65+"",""gender"":""female"",""percentage"":0.024},{""age"":""55-64"",""gender"":""female"",""percentage"":0.048},{""age"":""35-44"",""gender"":""female"",""percentage"":0.104},{""age"":""18-24"",""gender"":""male"",""percentage"":0.064},{""age"":""25-34"",""gender"":""male"",""percentage"":0.184},{""age"":""25-34"",""gender"":""female"",""percentage"":0.168},{""age"":""18-24"",""gender"":""female"",""percentage"":0.144},{""age"":""45-54"",""gender"":""male"",""percentage"":0.04},{""age"":""35-44"",""gender"":""male"",""percentage"":0.096},{""age"":""45-54"",""gender"":""female"",""percentage"":0.088},{""age"":""55-64"",""gender"":""male"",""percentage"":0.024}","{""region"":""O'Higgins Region"",""percentage"":1}","facebook,instagram","lower_bound: 100001, upper_bound: 500000",es
211715331124949,177384889097855,"Gabriel Boric",2021-12-10,2021-12-10,2021-12-16,"Gabriel Boric Font","Que la vejez sea para descansar y disfrutar 🫂, no para trabajar porque la pensión no alcanza. Fin a las AFP para una jubilación a los 65 años con un piso de $250.000 mensuales. Para pensiones justas, vota Gabriel Boric 1️⃣",,boricpresidente.cl,,"lower_bound: 35000, upper_bound: 39999","lower_bound: 0, upper_bound: 99",USD,"{""age"":""18-24"",""gender"":""unknown"",""percentage"":0.001208},{""age"":""25-34"",""gender"":""female"",""percentage"":0.153764},{""age"":""35-44"",""gender"":""unknown"",""percentage"":0.001421},{""age"":""25-34"",""gender"":""unknown"",""percentage"":0.001101},{""age"":""18-24"",""gender"":""female"",""percentage"":0.110456},{""age"":""45-54"",""gender"":""female"",""percentage"":0.089175},{""age"":""18-24"",""gender"":""male"",""percentage"":0.077557},{""age"":""35-44"",""gender"":""female"",""percentage"":0.098874},{""age"":""45-54"",""gender"":""male"",""percentage"":0.076243},{""age"":""45-54"",""gender"":""unknown"",""percentage"":0.000817},{""age"":""55-64"",""gender"":""female"",""percentage"":0.062245},{""age"":""25-34"",""gender"":""male"",""percentage"":0.147831},{""age"":""35-44"",""gender"":""male"",""percentage"":0.092621},{""age"":""55-64"",""gender"":""male"",""percentage"":0.045689},{""age"":""65+"",""gender"":""male"",""percentage"":0.017053},{""age"":""65+"",""gender"":""female"",""percentage"":0.023235},{""age"":""55-64"",""gender"":""unknown"",""percentage"":0.000639},{""age"":""65+"",""gender"":""unknown"",""percentage"":7.1e-5}","{""region"":""B\u00edo B\u00edo Region"",""percentage"":1}","facebook,instagram","lower_bound: 100001, upper_bound: 500000",es
229347202609921,177384889097855,"Gabriel Boric",2021-12-10,2021-12-10,2021-12-16,"Gabriel Boric Font","Diálogo para una paz duradera y todo el rigor de la ley contra quien cometa un delito. Para avanzar con justicia y paz, vota Gabriel Boric 1️⃣",,boricpresidente.cl,,"lower_bound: 1000, upper_bound: 1999","lower_bound: 0, upper_bound: 99",USD,"{""age"":""55-64"",""gender"":""unknown"",""percentage"":0.00084},{""age"":""45-54"",""gender"":""unknown"",""percentage"":0.004198},{""age"":""55-64"",""gender"":""male"",""percentage"":0.073048},{""age"":""35-44"",""gender"":""male"",""percentage"":0.187238},{""age"":""35-44"",""gender"":""female"",""percentage"":0.310663},{""age"":""45-54"",""gender"":""male"",""percentage"":0.11419},{""age"":""45-54"",""gender"":""female"",""percentage"":0.190596},{""age"":""35-44"",""gender"":""unknown"",""percentage"":0.006717},{""age"":""55-64"",""gender"":""female"",""percentage"":0.11251}","{""region"":""B\u00edo B\u00edo Region"",""percentage"":1}","facebook,instagram","lower_bound: 10001, upper_bound: 50000",es
253120663418380,177384889097855,"Gabriel Boric",2021-12-10,2021-12-10,2021-12-16,"Gabriel Boric Font","Que no necesitemos los bingos y completadas para pagar un tratamiento 🏥, sino para celebrar un país más justo 🎉. 
Por una salud para todos, sin privilegios. Vota Gabriel Boric 1️⃣,Que no necesitemos los bingos y completadas para pagar un tratamiento 🏥, sino para celebrar un país más justo 🎉. 
Por una salud para todos, sin privilegios. Vota Gabriel Boric 1️⃣",,boricpresidente.cl,,"lower_bound: 25000, upper_bound: 29999","lower_bound: 0, upper_bound: 99",USD,"{""age"":""55-64"",""gender"":""unknown"",""percentage"":0.000764},{""age"":""18-24"",""gender"":""unknown"",""percentage"":0.001527},{""age"":""35-44"",""gender"":""unknown"",""percentage"":0.003105},{""age"":""25-34"",""gender"":""unknown"",""percentage"":0.002952},{""age"":""18-24"",""gender"":""female"",""percentage"":0.119006},{""age"":""35-44"",""gender"":""female"",""percentage"":0.100631},{""age"":""55-64"",""gender"":""female"",""percentage"":0.045556},{""age"":""25-34"",""gender"":""male"",""percentage"":0.181411},{""age"":""45-54"",""gender"":""male"",""percentage"":0.065204},{""age"":""45-54"",""gender"":""female"",""percentage"":0.076301},{""age"":""25-34"",""gender"":""female"",""percentage"":0.176066},{""age"":""55-64"",""gender"":""male"",""percentage"":0.033493},{""age"":""35-44"",""gender"":""male"",""percentage"":0.099969},{""age"":""18-24"",""gender"":""male"",""percentage"":0.092233},{""age"":""45-54"",""gender"":""unknown"",""percentage"":0.001782}","{""region"":""Valpara\u00edso Region"",""percentage"":1}","facebook,instagram","lower_bound: 100001, upper_bound: 500000",es
256629813127834,177384889097855,"Gabriel Boric",2021-12-10,2021-12-10,2021-12-16,"Gabriel Boric Font","Que la vejez sea para descansar y disfrutar 🫂, no para trabajar porque la pensión no alcanza. Fin a las AFP para una jubilación a los 65 años con un piso de $250.000 mensuales. Para pensiones justas, vota Gabriel Boric 1️⃣",,boricpresidente.cl,,"lower_bound: 3000, upper_bound: 3999","lower_bound: 0, upper_bound: 99",USD,"{""age"":""45-54"",""gender"":""unknown"",""percentage"":0.001723},{""age"":""55-64"",""gender"":""male"",""percentage"":0.055556},{""age"":""45-54"",""gender"":""male"",""percentage"":0.160637},{""age"":""45-54"",""gender"":""female"",""percentage"":0.186908},{""age"":""55-64"",""gender"":""female"",""percentage"":0.085702},{""age"":""35-44"",""gender"":""female"",""percentage"":0.260121},{""age"":""35-44"",""gender"":""male"",""percentage"":0.242033},{""age"":""55-64"",""gender"":""unknown"",""percentage"":0.001723},{""age"":""35-44"",""gender"":""unknown"",""percentage"":0.005599}","{""region"":""B\u00edo B\u00edo Region"",""percentage"":1}","facebook,instagram","lower_bound: 10001, upper_bound: 50000",es
280035120816694,177384889097855,"Gabriel Boric",2021-12-10,2021-12-10,2021-12-16,"Gabriel Boric Font","Que la vejez sea para descansar y disfrutar  🫂, no para trabajar porque la pensión no alcanza. Fin a las AFP para una jubilación a los 65 años con un piso de $250.000 mensuales. Para pensiones justas, vota Gabriel Boric 1️⃣",,boricpresidente.cl,,"lower_bound: 25000, upper_bound: 29999","lower_bound: 0, upper_bound: 99",USD,"{""age"":""18-24"",""gender"":""unknown"",""percentage"":0.002619},{""age"":""25-34"",""gender"":""female"",""percentage"":0.173546},{""age"":""35-44"",""gender"":""female"",""percentage"":0.08638},{""age"":""45-54"",""gender"":""male"",""percentage"":0.064798},{""age"":""55-64"",""gender"":""female"",""percentage"":0.039392},{""age"":""45-54"",""gender"":""female"",""percentage"":0.075013},{""age"":""35-44"",""gender"":""male"",""percentage"":0.093504},{""age"":""18-24"",""gender"":""male"",""percentage"":0.103614},{""age"":""25-34"",""gender"":""male"",""percentage"":0.180828},{""age"":""18-24"",""gender"":""female"",""percentage"":0.146674},{""age"":""45-54"",""gender"":""unknown"",""percentage"":0.001519},{""age"":""55-64"",""gender"":""male"",""percentage"":0.027449},{""age"":""35-44"",""gender"":""unknown"",""percentage"":0.002619},{""age"":""25-34"",""gender"":""unknown"",""percentage"":0.001781},{""age"":""55-64"",""gender"":""unknown"",""percentage"":0.000262}","{""region"":""Santiago Metropolitan Region"",""percentage"":1}","facebook,instagram","lower_bound: 100001, upper_bound: 500000",es
280963233858368,177384889097855,"Gabriel Boric",2021-12-10,2021-12-10,2021-12-16,"Gabriel Boric Font","Que la vejez sea para descansar y disfrutar 🫂, no para trabajar porque la pensión no alcanza. Fin a las AFP para una jubilación a los 65 años con un piso de $250.000 mensuales. Para pensiones justas, vota Gabriel Boric 1️⃣",,boricpresidente.cl,,"lower_bound: 30000, upper_bound: 34999","lower_bound: 0, upper_bound: 99",USD,"{""age"":""13-17"",""gender"":""male"",""percentage"":3.9e-5},{""age"":""45-54"",""gender"":""male"",""percentage"":0.067403},{""age"":""35-44"",""gender"":""male"",""percentage"":0.082951},{""age"":""25-34"",""gender"":""female"",""percentage"":0.160888},{""age"":""45-54"",""gender"":""female"",""percentage"":0.082951},{""age"":""18-24"",""gender"":""female"",""percentage"":0.110472},{""age"":""65+"",""gender"":""female"",""percentage"":0.029892},{""age"":""55-64"",""gender"":""male"",""percentage"":0.040348},{""age"":""55-64"",""gender"":""female"",""percentage"":0.064371},{""age"":""35-44"",""gender"":""female"",""percentage"":0.092863},{""age"":""65+"",""gender"":""unknown"",""percentage"":0.000311},{""age"":""18-24"",""gender"":""male"",""percentage"":0.084778},{""age"":""25-34"",""gender"":""male"",""percentage"":0.157972},{""age"":""65+"",""gender"":""male"",""percentage"":0.017531},{""age"":""18-24"",""gender"":""unknown"",""percentage"":0.001749},{""age"":""25-34"",""gender"":""unknown"",""percentage"":0.001633},{""age"":""35-44"",""gender"":""unknown"",""percentage"":0.00171},{""age"":""55-64"",""gender"":""unknown"",""percentage"":0.000777},{""age"":""45-54"",""gender"":""unknown"",""percentage"":0.00136}","{""region"":""Araucan\u00eda Region"",""percentage"":1}","facebook,instagram","lower_bound: 100001, upper_bound: 500000",es
286349480106987,177384889097855,"Gabriel Boric",2021-12-10,2021-12-10,2021-12-16,"Gabriel Boric Font","Reformar Carabineros para tener más dotación donde más se necesita, con barrios seguros libres de narcotráfico. Vota Gabriel Boric 1️⃣",,boricpresidente.cl,,"lower_bound: 4000, upper_bound: 4999","lower_bound: 0, upper_bound: 99",USD,"{""age"":""13-17"",""gender"":""female"",""percentage"":0.000224},{""age"":""25-34"",""gender"":""unknown"",""percentage"":0.002692},{""age"":""18-24"",""gender"":""unknown"",""percentage"":0.001795},{""age"":""45-54"",""gender"":""unknown"",""percentage"":0.002244},{""age"":""55-64"",""gender"":""male"",""percentage"":0.022212},{""age"":""13-17"",""gender"":""male"",""percentage"":0.000224},{""age"":""35-44"",""gender"":""female"",""percentage"":0.088625},{""age"":""35-44"",""gender"":""male"",""percentage"":0.107023},{""age"":""55-64"",""gender"":""female"",""percentage"":0.027148},{""age"":""35-44"",""gender"":""unknown"",""percentage"":0.004263},{""age"":""45-54"",""gender"":""male"",""percentage"":0.050258},{""age"":""18-24"",""gender"":""male"",""percentage"":0.103882},{""age"":""25-34"",""gender"":""female"",""percentage"":0.186},{""age"":""25-34"",""gender"":""male"",""percentage"":0.262733},{""age"":""18-24"",""gender"":""female"",""percentage"":0.093785},{""age"":""45-54"",""gender"":""female"",""percentage"":0.046893}","{""region"":""Santiago Metropolitan Region"",""percentage"":1}","facebook,instagram","lower_bound: 100001, upper_bound: 500000",es
290495379637657,177384889097855,"Gabriel Boric",2021-12-10,2021-12-10,2021-12-16,"Gabriel Boric Font","Mayor dotación policial y coordinación con nuestros países vecinos para una migración segura, ordenada y humana. Por un gobierno que cuide nuestras fronteras, vota Gabriel Boric 1️⃣,Mayor dotación policial y coordinación con nuestros países vecinos para una migración segura, ordenada y humana. Por un gobierno que cuide nuestras fronteras, vota Gabriel Boric 1️⃣",,boricpresidente.cl,,"lower_bound: 0, upper_bound: 999","lower_bound: 0, upper_bound: 99",USD,"{""age"":""35-44"",""gender"":""unknown"",""percentage"":0.006135},{""age"":""35-44"",""gender"":""male"",""percentage"":0.147239},{""age"":""25-34"",""gender"":""male"",""percentage"":0.331288},{""age"":""45-54"",""gender"":""male"",""percentage"":0.052147},{""age"":""35-44"",""gender"":""female"",""percentage"":0.147239},{""age"":""25-34"",""gender"":""female"",""percentage"":0.245399},{""age"":""45-54"",""gender"":""female"",""percentage"":0.067485},{""age"":""55-64"",""gender"":""female"",""percentage"":0.003067}","{""region"":""Antofagasta Region"",""percentage"":1}","facebook,instagram","lower_bound: 5001, upper_bound: 10000",es
311919584126640,177384889097855,"Gabriel Boric",2021-12-10,2021-12-10,2021-12-16,"Gabriel Boric Font","Reformar Carabineros para tener más dotación donde más se necesita, con barrios seguros libres de narcotráfico. Vota Gabriel Boric 1️⃣",,boricpresidente.cl,,"lower_bound: 4000, upper_bound: 4999","lower_bound: 0, upper_bound: 99",USD,"{""age"":""45-54"",""gender"":""unknown"",""percentage"":0.000819},{""age"":""25-34"",""gender"":""unknown"",""percentage"":0.001092},{""age"":""35-44"",""gender"":""unknown"",""percentage"":0.000546},{""age"":""55-64"",""gender"":""unknown"",""percentage"":0.000546},{""age"":""18-24"",""gender"":""unknown"",""percentage"":0.001638},{""age"":""55-64"",""gender"":""male"",""percentage"":0.034407},{""age"":""25-34"",""gender"":""female"",""percentage"":0.16521},{""age"":""35-44"",""gender"":""female"",""percentage"":0.101857},{""age"":""25-34"",""gender"":""male"",""percentage"":0.172037},{""age"":""18-24"",""gender"":""male"",""percentage"":0.088203},{""age"":""18-24"",""gender"":""female"",""percentage"":0.117149},{""age"":""35-44"",""gender"":""male"",""percentage"":0.101584},{""age"":""55-64"",""gender"":""female"",""percentage"":0.043965},{""age"":""45-54"",""gender"":""male"",""percentage"":0.078099},{""age"":""45-54"",""gender"":""female"",""percentage"":0.092845}","{""region"":""O'Higgins Region"",""percentage"":1}","facebook,instagram","lower_bound: 10001, upper_bound: 50000",es
314250543891886,177384889097855,"Gabriel Boric",2021-12-10,2021-12-10,2021-12-16,"Gabriel Boric Font","Diálogo para una paz duradera y todo el rigor de la ley contra quien cometa un delito. Para avanzar con justicia y paz, vota Gabriel Boric 1️⃣",,boricpresidente.cl,,"lower_bound: 1000, upper_bound: 1999","lower_bound: 0, upper_bound: 99",USD,"{""age"":""35-44"",""gender"":""unknown"",""percentage"":0.006648},{""age"":""55-64"",""gender"":""unknown"",""percentage"":0.002849},{""age"":""45-54"",""gender"":""male"",""percentage"":0.151947},{""age"":""35-44"",""gender"":""male"",""percentage"":0.245964},{""age"":""35-44"",""gender"":""female"",""percentage"":0.244065},{""age"":""45-54"",""gender"":""female"",""percentage"":0.165242},{""age"":""55-64"",""gender"":""male"",""percentage"":0.075973},{""age"":""55-64"",""gender"":""female"",""percentage"":0.107312}","{""region"":""B\u00edo B\u00edo Region"",""percentage"":1}","facebook,instagram","lower_bound: 10001, upper_bound: 50000",es
326318875994711,177384889097855,"Gabriel Boric",2021-12-10,2021-12-10,2021-12-16,"Gabriel Boric Font","Que no necesitemos los bingos y completadas para pagar un tratamiento 🏥, sino para celebrar un país más justo 🎉. 
Por una salud para todos, sin privilegios. Vota Gabriel Boric 1️⃣",,boricpresidente.cl,,"lower_bound: 0, upper_bound: 999","lower_bound: 0, upper_bound: 99",USD,"{""age"":""35-44"",""gender"":""unknown"",""percentage"":0.007143},{""age"":""45-54"",""gender"":""female"",""percentage"":0.078571},{""age"":""55-64"",""gender"":""female"",""percentage"":0.014286},{""age"":""25-34"",""gender"":""female"",""percentage"":0.214286},{""age"":""45-54"",""gender"":""male"",""percentage"":0.1},{""age"":""25-34"",""gender"":""male"",""percentage"":0.328571},{""age"":""35-44"",""gender"":""male"",""percentage"":0.107143},{""age"":""35-44"",""gender"":""female"",""percentage"":0.15}","{""region"":""Antofagasta Region"",""percentage"":1}","facebook,instagram","lower_bound: 1001, upper_bound: 5000",es
327158912587360,177384889097855,"Gabriel Boric",2021-12-10,2021-12-10,2021-12-16,"Gabriel Boric Font","Que nunca más tengas que esperar horas para recibir tus remedios 💊, una salud digna donde los medicamentos se entreguen a domicilio 🚐. Vota Gabriel Boric 1️⃣",,boricpresidente.cl,,"lower_bound: 1000, upper_bound: 1999","lower_bound: 0, upper_bound: 99",USD,"{""age"":""65+"",""gender"":""unknown"",""percentage"":0.00309},{""age"":""65+"",""gender"":""male"",""percentage"":0.193615},{""age"":""55-64"",""gender"":""female"",""percentage"":0.320288},{""age"":""65+"",""gender"":""female"",""percentage"":0.266735},{""age"":""55-64"",""gender"":""male"",""percentage"":0.216272}","{""region"":""Santiago Metropolitan Region"",""percentage"":1}","facebook,instagram","lower_bound: 1001, upper_bound: 5000",es
334098101495742,177384889097855,"Gabriel Boric",2021-12-10,2021-12-10,2021-12-16,"Gabriel Boric Font","Que no tengamos que viajar para hacer un tratamiento por falta de especialistas 🚗, que solo lo hagamos para conocer y disfrutar 🏖️. Por más hospitales, doctores y consultorios para todos 🏥. Vota Gabriel Boric 1️⃣",,boricpresidente.cl,,"lower_bound: 3000, upper_bound: 3999","lower_bound: 0, upper_bound: 99",USD,"{""age"":""45-54"",""gender"":""female"",""percentage"":0.105445},{""age"":""18-24"",""gender"":""female"",""percentage"":0.110813},{""age"":""25-34"",""gender"":""male"",""percentage"":0.15184},{""age"":""35-44"",""gender"":""male"",""percentage"":0.106595},{""age"":""18-24"",""gender"":""male"",""percentage"":0.079371},{""age"":""25-34"",""gender"":""female"",""percentage"":0.177914},{""age"":""35-44"",""gender"":""female"",""percentage"":0.121933},{""age"":""45-54"",""gender"":""male"",""percentage"":0.071702},{""age"":""55-64"",""gender"":""male"",""percentage"":0.029908},{""age"":""55-64"",""gender"":""female"",""percentage"":0.03911},{""age"":""55-64"",""gender"":""unknown"",""percentage"":0.000767},{""age"":""18-24"",""gender"":""unknown"",""percentage"":0.001534},{""age"":""35-44"",""gender"":""unknown"",""percentage"":0.002301},{""age"":""25-34"",""gender"":""unknown"",""percentage"":0.000383},{""age"":""45-54"",""gender"":""unknown"",""percentage"":0.000383}","{""region"":""O'Higgins Region"",""percentage"":1}","facebook,instagram","lower_bound: 5001, upper_bound: 10000",es
334797371424374,177384889097855,"Gabriel Boric",2021-12-10,2021-12-10,2021-12-16,"Gabriel Boric Font","Que la vejez sea para descansar y disfrutar  🫂, no para trabajar porque la pensión no alcanza. Fin a las AFP para una jubilación a los 65 años con un piso de $250.000 mensuales. Para pensiones justas, vota Gabriel Boric 1️⃣",,boricpresidente.cl,,"lower_bound: 25000, upper_bound: 29999","lower_bound: 0, upper_bound: 99",USD,"{""age"":""65+"",""gender"":""unknown"",""percentage"":0.000279},{""age"":""55-64"",""gender"":""male"",""percentage"":0.041897},{""age"":""65+"",""gender"":""male"",""percentage"":0.014804},{""age"":""35-44"",""gender"":""unknown"",""percentage"":0.00135},{""age"":""55-64"",""gender"":""female"",""percentage"":0.054141},{""age"":""18-24"",""gender"":""male"",""percentage"":0.087193},{""age"":""45-54"",""gender"":""male"",""percentage"":0.064476},{""age"":""25-34"",""gender"":""male"",""percentage"":0.16056},{""age"":""35-44"",""gender"":""male"",""percentage"":0.083329},{""age"":""18-24"",""gender"":""female"",""percentage"":0.139705},{""age"":""25-34"",""gender"":""unknown"",""percentage"":0.001117},{""age"":""25-34"",""gender"":""female"",""percentage"":0.161026},{""age"":""35-44"",""gender"":""female"",""percentage"":0.0871},{""age"":""45-54"",""gender"":""female"",""percentage"":0.080862},{""age"":""65+"",""gender"":""female"",""percentage"":0.018668},{""age"":""45-54"",""gender"":""unknown"",""percentage"":0.001071},{""age"":""55-64"",""gender"":""unknown"",""percentage"":0.000559},{""age"":""18-24"",""gender"":""unknown"",""percentage"":0.001722},{""age"":""13-17"",""gender"":""female"",""percentage"":0.00014}","{""region"":""Santiago Metropolitan Region"",""percentage"":1}","facebook,instagram","lower_bound: 100001, upper_bound: 500000",es
371371894757272,177384889097855,"Gabriel Boric",2021-12-10,2021-12-10,2021-12-16,"Gabriel Boric Font","Diálogo para una paz duradera y todo el rigor de la ley contra quien cometa un delito. Para avanzar con justicia y paz, vota Gabriel Boric 1️⃣",,boricpresidente.cl,,"lower_bound: 0, upper_bound: 999","lower_bound: 0, upper_bound: 99",USD,"{""age"":""55-64"",""gender"":""unknown"",""percentage"":0.001152},{""age"":""45-54"",""gender"":""female"",""percentage"":0.178571},{""age"":""55-64"",""gender"":""male"",""percentage"":0.046083},{""age"":""35-44"",""gender"":""female"",""percentage"":0.3053},{""age"":""35-44"",""gender"":""male"",""percentage"":0.279954},{""age"":""55-64"",""gender"":""female"",""percentage"":0.062212},{""age"":""45-54"",""gender"":""male"",""percentage"":0.116359},{""age"":""35-44"",""gender"":""unknown"",""percentage"":0.006912},{""age"":""45-54"",""gender"":""unknown"",""percentage"":0.003456}","{""region"":""B\u00edo B\u00edo Region"",""percentage"":1}","facebook,instagram","lower_bound: 10001, upper_bound: 50000",es
407577714431707,177384889097855,"Gabriel Boric",2021-12-10,2021-12-10,2021-12-16,"Gabriel Boric Font","Que la vejez sea para descansar y disfrutar  🫂, no para trabajar porque la pensión no alcanza. Fin a las AFP para una jubilación a los 65 años con un piso de $250.000 mensuales. Para pensiones justas, vota Gabriel Boric 1️⃣",,boricpresidente.cl,,"lower_bound: 30000, upper_bound: 34999","lower_bound: 0, upper_bound: 99",USD,"{""age"":""55-64"",""gender"":""unknown"",""percentage"":0.000357},{""age"":""35-44"",""gender"":""unknown"",""percentage"":0.001665},{""age"":""45-54"",""gender"":""unknown"",""percentage"":0.001189},{""age"":""45-54"",""gender"":""female"",""percentage"":0.076859},{""age"":""55-64"",""gender"":""female"",""percentage"":0.049826},{""age"":""18-24"",""gender"":""female"",""percentage"":0.145235},{""age"":""35-44"",""gender"":""female"",""percentage"":0.087324},{""age"":""25-34"",""gender"":""female"",""percentage"":0.167909},{""age"":""45-54"",""gender"":""male"",""percentage"":0.066593},{""age"":""35-44"",""gender"":""male"",""percentage"":0.092001},{""age"":""25-34"",""gender"":""male"",""percentage"":0.17108},{""age"":""18-24"",""gender"":""male"",""percentage"":0.099968},{""age"":""55-64"",""gender"":""male"",""percentage"":0.035516},{""age"":""18-24"",""gender"":""unknown"",""percentage"":0.002418},{""age"":""25-34"",""gender"":""unknown"",""percentage"":0.002061}","{""region"":""Santiago Metropolitan Region"",""percentage"":1}","facebook,instagram","lower_bound: 100001, upper_bound: 500000",es
423736965898921,177384889097855,"Gabriel Boric",2021-12-10,2021-12-10,2021-12-16,"Gabriel Boric Font","Que no necesitemos los bingos y completadas para pagar un tratamiento 🏥, sino para celebrar un país más justo 🎉. 
Por una salud para todos, sin privilegios. Vota Gabriel Boric 1️⃣",,boricpresidente.cl,,"lower_bound: 1000, upper_bound: 1999","lower_bound: 0, upper_bound: 99",USD,"{""age"":""55-64"",""gender"":""female"",""percentage"":0.004647},{""age"":""25-34"",""gender"":""unknown"",""percentage"":0.000929},{""age"":""55-64"",""gender"":""male"",""percentage"":0.002788},{""age"":""35-44"",""gender"":""unknown"",""percentage"":0.002788},{""age"":""45-54"",""gender"":""unknown"",""percentage"":0.000929},{""age"":""45-54"",""gender"":""male"",""percentage"":0.069703},{""age"":""25-34"",""gender"":""male"",""percentage"":0.216543},{""age"":""45-54"",""gender"":""female"",""percentage"":0.127323},{""age"":""25-34"",""gender"":""female"",""percentage"":0.267658},{""age"":""35-44"",""gender"":""female"",""percentage"":0.17658},{""age"":""35-44"",""gender"":""male"",""percentage"":0.130112}","{""region"":""Antofagasta Region"",""percentage"":1}","facebook,instagram","lower_bound: 10001, upper_bound: 50000",es
428158722129064,177384889097855,"Gabriel Boric",2021-12-10,2021-12-10,2021-12-13,"Gabriel Boric Font","La mochila de los chilenos debe ser de aprendizajes 🎒 y no de deudas para alcanzar los sueños. Por una educación gratuita y de calidad, para poner fin al CAE y condonar la deuda histórica de los profesores, vota Gabriel Boric 1️⃣",,boricpresidente.cl,,"lower_bound: 0, upper_bound: 999","lower_bound: 0, upper_bound: 99",USD,"{""age"":""45-54"",""gender"":""female"",""percentage"":0.090909},{""age"":""25-34"",""gender"":""male"",""percentage"":0.121212},{""age"":""35-44"",""gender"":""male"",""percentage"":0.081818},{""age"":""18-24"",""gender"":""male"",""percentage"":0.118182},{""age"":""35-44"",""gender"":""female"",""percentage"":0.106061},{""age"":""25-34"",""gender"":""female"",""percentage"":0.184848},{""age"":""18-24"",""gender"":""female"",""percentage"":0.133333},{""age"":""55-64"",""gender"":""female"",""percentage"":0.051515},{""age"":""45-54"",""gender"":""male"",""percentage"":0.087879},{""age"":""25-34"",""gender"":""unknown"",""percentage"":0.006061},{""age"":""55-64"",""gender"":""male"",""percentage"":0.018182}","{""region"":""Valpara\u00edso Region"",""percentage"":1}","facebook,instagram","lower_bound: 10001, upper_bound: 50000",es
429236025357041,177384889097855,"Gabriel Boric",2021-12-10,2021-12-10,2021-12-16,"Gabriel Boric Font","Que la vejez sea para descansar y disfrutar 🫂, no para trabajar porque la pensión no alcanza. Fin a las AFP para una jubilación a los 65 años con un piso de $250.000 mensuales. Para pensiones justas, vota Gabriel Boric 1️⃣",,boricpresidente.cl,,"lower_bound: 8000, upper_bound: 8999","lower_bound: 0, upper_bound: 99",USD,"{""age"":""45-54"",""gender"":""unknown"",""percentage"":0.001582},{""age"":""55-64"",""gender"":""male"",""percentage"":0.102532},{""age"":""35-44"",""gender"":""male"",""percentage"":0.210759},{""age"":""45-54"",""gender"":""female"",""percentage"":0.188449},{""age"":""35-44"",""gender"":""female"",""percentage"":0.176266},{""age"":""55-64"",""gender"":""female"",""percentage"":0.136551},{""age"":""45-54"",""gender"":""male"",""percentage"":0.180222},{""age"":""35-44"",""gender"":""unknown"",""percentage"":0.002532},{""age"":""13-17"",""gender"":""female"",""percentage"":0.000158},{""age"":""55-64"",""gender"":""unknown"",""percentage"":0.000949}","{""region"":""B\u00edo B\u00edo Region"",""percentage"":1}","facebook,instagram","lower_bound: 10001, upper_bound: 50000",es
432976228557754,177384889097855,"Gabriel Boric",2021-12-10,2021-12-11,2021-12-16,"Gabriel Boric Font","Que la vejez sea para descansar y disfrutar 🫂, no para trabajar porque la pensión no alcanza. Fin a las AFP para una jubilación a los 65 años con un piso de $250.000 mensuales. Para pensiones justas, vota Gabriel Boric 1️⃣",,boricpresidente.cl,,"lower_bound: 0, upper_bound: 999","lower_bound: 0, upper_bound: 99",USD,,,"facebook,instagram","lower_bound: 1001, upper_bound: 5000",es
437454734420512,177384889097855,"Gabriel Boric",2021-12-10,2021-12-10,2021-12-16,"Gabriel Boric Font","Que no necesitemos los bingos y completadas para pagar un tratamiento 🏥, sino para celebrar un país más justo 🎉. 
Por una salud para todos, sin privilegios. Vota Gabriel Boric 1️⃣",,boricpresidente.cl,,"lower_bound: 4000, upper_bound: 4999","lower_bound: 0, upper_bound: 99",USD,"{""age"":""55-64"",""gender"":""unknown"",""percentage"":0.000243},{""age"":""35-44"",""gender"":""unknown"",""percentage"":0.00365},{""age"":""25-34"",""gender"":""unknown"",""percentage"":0.002433},{""age"":""18-24"",""gender"":""unknown"",""percentage"":0.003163},{""age"":""18-24"",""gender"":""male"",""percentage"":0.075669},{""age"":""35-44"",""gender"":""female"",""percentage"":0.121168},{""age"":""45-54"",""gender"":""female"",""percentage"":0.060341},{""age"":""55-64"",""gender"":""female"",""percentage"":0.02871},{""age"":""45-54"",""gender"":""male"",""percentage"":0.053528},{""age"":""25-34"",""gender"":""male"",""percentage"":0.199027},{""age"":""35-44"",""gender"":""male"",""percentage"":0.093187},{""age"":""25-34"",""gender"":""female"",""percentage"":0.23528},{""age"":""18-24"",""gender"":""female"",""percentage"":0.10146},{""age"":""55-64"",""gender"":""male"",""percentage"":0.019708},{""age"":""45-54"",""gender"":""unknown"",""percentage"":0.00219},{""age"":""13-17"",""gender"":""male"",""percentage"":0.000243}","{""region"":""Santiago Metropolitan Region"",""percentage"":1}","facebook,instagram","lower_bound: 100001, upper_bound: 500000",es
438543821109762,177384889097855,"Gabriel Boric",2021-12-10,2021-12-10,2021-12-16,"Gabriel Boric Font","Que no necesitemos los bingos y completadas para pagar un tratamiento 🏥, sino para celebrar un país más justo 🎉. 
Por una salud para todos, sin privilegios. Vota Gabriel Boric 1️⃣",,boricpresidente.cl,,"lower_bound: 1000, upper_bound: 1999","lower_bound: 0, upper_bound: 99",USD,"{""age"":""25-34"",""gender"":""unknown"",""percentage"":0.001027},{""age"":""35-44"",""gender"":""unknown"",""percentage"":0.002053},{""age"":""18-24"",""gender"":""unknown"",""percentage"":0.00308},{""age"":""55-64"",""gender"":""male"",""percentage"":0.014374},{""age"":""45-54"",""gender"":""male"",""percentage"":0.075975},{""age"":""45-54"",""gender"":""female"",""percentage"":0.096509},{""age"":""55-64"",""gender"":""unknown"",""percentage"":0.001027},{""age"":""45-54"",""gender"":""unknown"",""percentage"":0.001027},{""age"":""18-24"",""gender"":""male"",""percentage"":0.070842},{""age"":""25-34"",""gender"":""male"",""percentage"":0.172485},{""age"":""35-44"",""gender"":""female"",""percentage"":0.138604},{""age"":""35-44"",""gender"":""male"",""percentage"":0.104723},{""age"":""55-64"",""gender"":""female"",""percentage"":0.035934},{""age"":""18-24"",""gender"":""female"",""percentage"":0.084189},{""age"":""25-34"",""gender"":""female"",""percentage"":0.198152}","{""region"":""Santiago Metropolitan Region"",""percentage"":1}","facebook,instagram","lower_bound: 10001, upper_bound: 50000",es
441090430795153,177384889097855,"Gabriel Boric",2021-12-10,2021-12-10,2021-12-16,"Gabriel Boric Font","Que no necesitemos los bingos y completadas para pagar un tratamiento 🏥, sino para celebrar un país más justo 🎉. 
Por una salud para todos, sin privilegios. Vota Gabriel Boric 1️⃣",,boricpresidente.cl,,"lower_bound: 0, upper_bound: 999","lower_bound: 0, upper_bound: 99",USD,"{""age"":""35-44"",""gender"":""unknown"",""percentage"":0.003413},{""age"":""25-34"",""gender"":""unknown"",""percentage"":0.003413},{""age"":""25-34"",""gender"":""female"",""percentage"":0.298635},{""age"":""35-44"",""gender"":""male"",""percentage"":0.117747},{""age"":""45-54"",""gender"":""female"",""percentage"":0.085324},{""age"":""25-34"",""gender"":""male"",""percentage"":0.208191},{""age"":""35-44"",""gender"":""female"",""percentage"":0.215017},{""age"":""45-54"",""gender"":""male"",""percentage"":0.05802},{""age"":""55-64"",""gender"":""female"",""percentage"":0.006826},{""age"":""55-64"",""gender"":""male"",""percentage"":0.003413}","{""region"":""Antofagasta Region"",""percentage"":1}","facebook,instagram","lower_bound: 5001, upper_bound: 10000",es
442492260662859,177384889097855,"Gabriel Boric",2021-12-10,2021-12-10,2021-12-13,"Gabriel Boric Font","Las autoridades de gobierno no ganarán más de 5 millones, es decir 10 veces el salario mínimo de $500.000 al que proponemos llegar. Por un Chile sin privilegios, vota Gabriel Boric 1️⃣",,boricpresidente.cl,,"lower_bound: 0, upper_bound: 999","lower_bound: 0, upper_bound: 99",USD,"{""age"":""55-64"",""gender"":""unknown"",""percentage"":0.001416},{""age"":""25-34"",""gender"":""unknown"",""percentage"":0.001416},{""age"":""35-44"",""gender"":""unknown"",""percentage"":0.001416},{""age"":""45-54"",""gender"":""male"",""percentage"":0.056657},{""age"":""55-64"",""gender"":""female"",""percentage"":0.053824},{""age"":""45-54"",""gender"":""female"",""percentage"":0.084986},{""age"":""35-44"",""gender"":""male"",""percentage"":0.080737},{""age"":""18-24"",""gender"":""male"",""percentage"":0.106232},{""age"":""18-24"",""gender"":""female"",""percentage"":0.192635},{""age"":""25-34"",""gender"":""male"",""percentage"":0.134561},{""age"":""25-34"",""gender"":""female"",""percentage"":0.179887},{""age"":""35-44"",""gender"":""female"",""percentage"":0.084986},{""age"":""55-64"",""gender"":""male"",""percentage"":0.015581},{""age"":""18-24"",""gender"":""unknown"",""percentage"":0.005666}","{""region"":""B\u00edo B\u00edo Region"",""percentage"":1}","facebook,instagram","lower_bound: 10001, upper_bound: 50000",es
455672252603164,177384889097855,"Gabriel Boric",2021-12-10,2021-12-10,2021-12-16,"Gabriel Boric Font","Que nuestros abuelos vivan con tranquilidad y no estén haciendo largas filas para recibir sus remedios 💊, por una salud digna los medicamentos se entregarán a domicilio 🚐. Vota Gabriel Boric 1️⃣,Que nuestros abuelos vivan con tranquilidad y no estén haciendo largas filas para recibir sus remedios 💊, por una salud digna los medicamentos se entregarán a domicilio 🚐. Vota Gabriel Boric 1️⃣",,boricpresidente.cl,,"lower_bound: 0, upper_bound: 999","lower_bound: 0, upper_bound: 99",USD,"{""age"":""18-24"",""gender"":""unknown"",""percentage"":0.00722},{""age"":""35-44"",""gender"":""male"",""percentage"":0.016245},{""age"":""18-24"",""gender"":""male"",""percentage"":0.173285},{""age"":""25-34"",""gender"":""female"",""percentage"":0.238267},{""age"":""18-24"",""gender"":""female"",""percentage"":0.220217},{""age"":""25-34"",""gender"":""male"",""percentage"":0.312274},{""age"":""35-44"",""gender"":""female"",""percentage"":0.028881},{""age"":""25-34"",""gender"":""unknown"",""percentage"":0.00361}","{""region"":""Valpara\u00edso Region"",""percentage"":1}","facebook,instagram","lower_bound: 5001, upper_bound: 10000",es
483552236433657,177384889097855,"Gabriel Boric",2021-12-10,2021-12-14,2021-12-14,"Gabriel Boric Font","No podemos permitir que familias y pequeños agricultores tengan que obtener agua a través de camiones aljibes, mientras que algunos abusan de su poder acumulándola para su beneficios. Para que el agua sea un derecho vota Gabriel Boric 1️⃣",,boricpresidente.cl,,"lower_bound: 0, upper_bound: 999","lower_bound: 0, upper_bound: 99",USD,,,"facebook,instagram","lower_bound: 1001, upper_bound: 5000",es
598811264559835,177384889097855,"Gabriel Boric",2021-12-10,2021-12-10,2021-12-16,"Gabriel Boric Font","Las autoridades de gobierno no ganarán más de 5 millones, es decir 10 veces el salario mínimo de $500.000 al que proponemos llegar. Por un Chile sin privilegios para unos poco, vota Gabriel Boric 1️⃣",,boricpresidente.cl,,"lower_bound: 1000, upper_bound: 1999","lower_bound: 0, upper_bound: 99",USD,"{""age"":""35-44"",""gender"":""unknown"",""percentage"":0.001029},{""age"":""55-64"",""gender"":""male"",""percentage"":0.00823},{""age"":""45-54"",""gender"":""female"",""percentage"":0.09465},{""age"":""25-34"",""gender"":""female"",""percentage"":0.253086},{""age"":""45-54"",""gender"":""male"",""percentage"":0.059671},{""age"":""25-34"",""gender"":""male"",""percentage"":0.280864},{""age"":""35-44"",""gender"":""female"",""percentage"":0.151235},{""age"":""35-44"",""gender"":""male"",""percentage"":0.146091},{""age"":""55-64"",""gender"":""female"",""percentage"":0.004115},{""age"":""45-54"",""gender"":""unknown"",""percentage"":0.001029}","{""region"":""Antofagasta Region"",""percentage"":1}","facebook,instagram","lower_bound: 5001, upper_bound: 10000",es
608065367067644,177384889097855,"Gabriel Boric",2021-12-10,2021-12-10,2021-12-12,"Gabriel Boric Font","Que no necesitemos los bingos y completadas para pagar un tratamiento 🏥, sino para celebrar un país más justo 🎉. 
Por una salud para todos, sin privilegios. Vota Gabriel Boric 1️⃣,Que no necesitemos los bingos y completadas para pagar un tratamiento 🏥, sino para celebrar un país más justo 🎉. 
Por una salud para todos, sin privilegios. Vota Gabriel Boric 1️⃣",,boricpresidente.cl,,"lower_bound: 2000, upper_bound: 2999","lower_bound: 0, upper_bound: 99",USD,"{""age"":""35-44"",""gender"":""unknown"",""percentage"":0.001871},{""age"":""13-17"",""gender"":""female"",""percentage"":0.000468},{""age"":""25-34"",""gender"":""male"",""percentage"":0.255847},{""age"":""18-24"",""gender"":""male"",""percentage"":0.124883},{""age"":""35-44"",""gender"":""male"",""percentage"":0.097755},{""age"":""18-24"",""gender"":""female"",""percentage"":0.172591},{""age"":""25-34"",""gender"":""female"",""percentage"":0.244621},{""age"":""25-34"",""gender"":""unknown"",""percentage"":0.00421},{""age"":""35-44"",""gender"":""female"",""percentage"":0.095416},{""age"":""18-24"",""gender"":""unknown"",""percentage"":0.002339}","{""region"":""Valpara\u00edso Region"",""percentage"":1}","facebook,instagram","lower_bound: 10001, upper_bound: 50000",es
609731530366010,177384889097855,"Gabriel Boric",2021-12-10,2021-12-11,2021-12-16,"Gabriel Boric Font","Que no necesitemos los bingos y completadas para pagar un tratamiento 🏥, sino para celebrar un país más justo 🎉. 
Por una salud para todos, sin privilegios. Vota Gabriel Boric 1️⃣",,boricpresidente.cl,,"lower_bound: 0, upper_bound: 999","lower_bound: 0, upper_bound: 99",USD,,,"facebook,instagram","lower_bound: 100001, upper_bound: 500000",es
614389719897427,177384889097855,"Gabriel Boric",2021-12-10,2021-12-10,2021-12-16,"Gabriel Boric Font","Que la vejez sea para descansar y disfrutar 🫂, no para trabajar porque la pensión no alcanza. Fin a las AFP para una jubilación a los 65 años con un piso de $250.000 mensuales. Para pensiones justas, vota Gabriel Boric 1️⃣",,boricpresidente.cl,,"lower_bound: 0, upper_bound: 999","lower_bound: 0, upper_bound: 99",USD,,,"facebook,instagram","lower_bound: 10001, upper_bound: 50000",es
615182813048719,177384889097855,"Gabriel Boric",2021-12-10,2021-12-10,2021-12-16,"Gabriel Boric Font","Que la vejez sea para descansar y disfrutar 🫂, no para trabajar porque la pensión no alcanza. Fin a las AFP para una jubilación a los 65 años con un piso de $250.000 mensuales. Para pensiones justas, vota Gabriel Boric 1️⃣",,boricpresidente.cl,,"lower_bound: 3000, upper_bound: 3999","lower_bound: 0, upper_bound: 99",USD,"{""age"":""55-64"",""gender"":""unknown"",""percentage"":0.001613},{""age"":""35-44"",""gender"":""unknown"",""percentage"":0.002419},{""age"":""35-44"",""gender"":""male"",""percentage"":0.169758},{""age"":""55-64"",""gender"":""male"",""percentage"":0.095161},{""age"":""45-54"",""gender"":""male"",""percentage"":0.177823},{""age"":""35-44"",""gender"":""female"",""percentage"":0.214919},{""age"":""45-54"",""gender"":""female"",""percentage"":0.197581},{""age"":""55-64"",""gender"":""female"",""percentage"":0.136694},{""age"":""45-54"",""gender"":""unknown"",""percentage"":0.004032}","{""region"":""B\u00edo B\u00edo Region"",""percentage"":1}","facebook,instagram","lower_bound: 10001, upper_bound: 50000",es
616335039793261,177384889097855,"Gabriel Boric",2021-12-10,2021-12-10,2021-12-16,"Gabriel Boric Font","Las autoridades de gobierno no ganarán más de 5 millones, es decir 10 veces el salario mínimo de $500.000 al que proponemos llegar. Por un Chile sin privilegios para unos poco, vota Gabriel Boric 1️⃣",,boricpresidente.cl,,"lower_bound: 0, upper_bound: 999","lower_bound: 0, upper_bound: 99",USD,"{""age"":""55-64"",""gender"":""male"",""percentage"":0.006764},{""age"":""35-44"",""gender"":""female"",""percentage"":0.156708},{""age"":""25-34"",""gender"":""female"",""percentage"":0.229989},{""age"":""25-34"",""gender"":""male"",""percentage"":0.260428},{""age"":""35-44"",""gender"":""male"",""percentage"":0.153326},{""age"":""45-54"",""gender"":""female"",""percentage"":0.105975},{""age"":""45-54"",""gender"":""male"",""percentage"":0.075536},{""age"":""55-64"",""gender"":""female"",""percentage"":0.00451},{""age"":""45-54"",""gender"":""unknown"",""percentage"":0.00451},{""age"":""25-34"",""gender"":""unknown"",""percentage"":0.002255}","{""region"":""Antofagasta Region"",""percentage"":1}","facebook,instagram","lower_bound: 10001, upper_bound: 50000",es
623393215642450,177384889097855,"Gabriel Boric",2021-12-10,2021-12-10,2021-12-12,"Gabriel Boric Font","Que la vejez sea para descansar y disfrutar  🫂, no para trabajar porque la pensión no alcanza. Fin a las AFP para una jubilación a los 65 años con un piso de $250.000 mensuales. Para pensiones justas, vota Gabriel Boric 1️⃣",,boricpresidente.cl,,"lower_bound: 6000, upper_bound: 6999","lower_bound: 0, upper_bound: 99",USD,"{""age"":""55-64"",""gender"":""unknown"",""percentage"":0.000171},{""age"":""18-24"",""gender"":""unknown"",""percentage"":0.003414},{""age"":""45-54"",""gender"":""unknown"",""percentage"":0.001024},{""age"":""45-54"",""gender"":""female"",""percentage"":0.067076},{""age"":""55-64"",""gender"":""male"",""percentage"":0.031234},{""age"":""25-34"",""gender"":""male"",""percentage"":0.174091},{""age"":""18-24"",""gender"":""female"",""percentage"":0.179894},{""age"":""25-34"",""gender"":""female"",""percentage"":0.168288},{""age"":""35-44"",""gender"":""male"",""percentage"":0.079706},{""age"":""45-54"",""gender"":""male"",""percentage"":0.053251},{""age"":""18-24"",""gender"":""male"",""percentage"":0.117597},{""age"":""55-64"",""gender"":""female"",""percentage"":0.04284},{""age"":""35-44"",""gender"":""female"",""percentage"":0.077829},{""age"":""25-34"",""gender"":""unknown"",""percentage"":0.002389},{""age"":""35-44"",""gender"":""unknown"",""percentage"":0.001195}","{""region"":""Santiago Metropolitan Region"",""percentage"":1}","facebook,instagram","lower_bound: 100001, upper_bound: 500000",es
626553371802622,177384889097855,"Gabriel Boric",2021-12-10,2021-12-10,2021-12-16,"Gabriel Boric Font","Que no necesitemos los bingos y completadas para pagar un tratamiento 🏥, sino para celebrar un país más justo 🎉. 
Por una salud para todos, sin privilegios. Vota Gabriel Boric 1️⃣",,boricpresidente.cl,,"lower_bound: 2000, upper_bound: 2999","lower_bound: 0, upper_bound: 99",USD,"{""age"":""55-64"",""gender"":""male"",""percentage"":0.003257},{""age"":""45-54"",""gender"":""unknown"",""percentage"":0.001303},{""age"":""35-44"",""gender"":""unknown"",""percentage"":0.001303},{""age"":""35-44"",""gender"":""male"",""percentage"":0.138762},{""age"":""45-54"",""gender"":""male"",""percentage"":0.064495},{""age"":""25-34"",""gender"":""female"",""percentage"":0.26645},{""age"":""25-34"",""gender"":""male"",""percentage"":0.274919},{""age"":""35-44"",""gender"":""female"",""percentage"":0.152443},{""age"":""45-54"",""gender"":""female"",""percentage"":0.087948},{""age"":""55-64"",""gender"":""female"",""percentage"":0.008469},{""age"":""25-34"",""gender"":""unknown"",""percentage"":0.000651}","{""region"":""Antofagasta Region"",""percentage"":1}","facebook,instagram","lower_bound: 5001, upper_bound: 10000",es
633364394484895,177384889097855,"Gabriel Boric",2021-12-10,2021-12-10,2021-12-16,"Gabriel Boric Font","Que no necesitemos los bingos y completadas para pagar un tratamiento 🏥, sino para celebrar un país más justo 🎉. 
Por una salud para todos, sin privilegios. Vota Gabriel Boric 1️⃣",,boricpresidente.cl,,"lower_bound: 2000, upper_bound: 2999","lower_bound: 0, upper_bound: 99",USD,"{""age"":""25-34"",""gender"":""unknown"",""percentage"":0.000557},{""age"":""45-54"",""gender"":""unknown"",""percentage"":0.000557},{""age"":""55-64"",""gender"":""male"",""percentage"":0.005014},{""age"":""35-44"",""gender"":""unknown"",""percentage"":0.001671},{""age"":""55-64"",""gender"":""female"",""percentage"":0.004457},{""age"":""35-44"",""gender"":""female"",""percentage"":0.145404},{""age"":""45-54"",""gender"":""male"",""percentage"":0.056825},{""age"":""45-54"",""gender"":""female"",""percentage"":0.077437},{""age"":""25-34"",""gender"":""male"",""percentage"":0.264624},{""age"":""35-44"",""gender"":""male"",""percentage"":0.113092},{""age"":""25-34"",""gender"":""female"",""percentage"":0.330362}","{""region"":""Antofagasta Region"",""percentage"":1}","facebook,instagram","lower_bound: 10001, upper_bound: 50000",es
635336377602923,177384889097855,"Gabriel Boric",2021-12-10,2021-12-10,2021-12-16,"Gabriel Boric Font","Reformar Carabineros para tener más dotación donde más se necesita, con barrios seguros libres de narcotráfico. Vota Gabriel Boric 1️⃣",,boricpresidente.cl,,"lower_bound: 0, upper_bound: 999","lower_bound: 0, upper_bound: 99",USD,"{""age"":""18-24"",""gender"":""male"",""percentage"":0.146789},{""age"":""55-64"",""gender"":""male"",""percentage"":0.036697},{""age"":""45-54"",""gender"":""unknown"",""percentage"":0.009174},{""age"":""25-34"",""gender"":""male"",""percentage"":0.183486},{""age"":""45-54"",""gender"":""female"",""percentage"":0.06422},{""age"":""18-24"",""gender"":""female"",""percentage"":0.100917},{""age"":""35-44"",""gender"":""male"",""percentage"":0.100917},{""age"":""45-54"",""gender"":""male"",""percentage"":0.091743},{""age"":""25-34"",""gender"":""female"",""percentage"":0.146789},{""age"":""55-64"",""gender"":""female"",""percentage"":0.036697},{""age"":""35-44"",""gender"":""female"",""percentage"":0.082569}","{""region"":""Coquimbo Region"",""percentage"":1}","facebook,instagram","lower_bound: 100001, upper_bound: 500000",es
646521923155769,177384889097855,"Gabriel Boric",2021-12-10,2021-12-10,2021-12-16,"Gabriel Boric Font","Que no necesitemos los bingos y completadas para pagar un tratamiento 🏥, sino para celebrar un país más justo 🎉. 
Por una salud para todos, sin privilegios. Vota Gabriel Boric 1️⃣",,boricpresidente.cl,,"lower_bound: 3000, upper_bound: 3999","lower_bound: 0, upper_bound: 99",USD,"{""age"":""45-54"",""gender"":""unknown"",""percentage"":0.000659},{""age"":""25-34"",""gender"":""unknown"",""percentage"":0.001976},{""age"":""35-44"",""gender"":""unknown"",""percentage"":0.001976},{""age"":""18-24"",""gender"":""unknown"",""percentage"":0.000988},{""age"":""25-34"",""gender"":""female"",""percentage"":0.207181},{""age"":""55-64"",""gender"":""female"",""percentage"":0.035244},{""age"":""18-24"",""gender"":""female"",""percentage"":0.110013},{""age"":""45-54"",""gender"":""female"",""percentage"":0.07444},{""age"":""55-64"",""gender"":""male"",""percentage"":0.027668},{""age"":""35-44"",""gender"":""female"",""percentage"":0.107049},{""age"":""18-24"",""gender"":""male"",""percentage"":0.081686},{""age"":""35-44"",""gender"":""male"",""percentage"":0.096838},{""age"":""45-54"",""gender"":""male"",""percentage"":0.056983},{""age"":""25-34"",""gender"":""male"",""percentage"":0.197299}","{""region"":""Santiago Metropolitan Region"",""percentage"":1}","facebook,instagram","lower_bound: 10001, upper_bound: 50000",es
646855313415805,177384889097855,"Gabriel Boric",2021-12-10,2021-12-10,2021-12-16,"Gabriel Boric Font","Mayor dotación policial y coordinación con nuestros países vecinos para una migración segura, ordenada y humana. Por un gobierno que cuide nuestras fronteras, vota Gabriel Boric 1️⃣,Mayor dotación policial y coordinación con nuestros países vecinos para una migración segura, ordenada y humana. Por un gobierno que cuide nuestras fronteras, vota Gabriel Boric 1️⃣",,boricpresidente.cl,,"lower_bound: 1000, upper_bound: 1999","lower_bound: 0, upper_bound: 99",USD,"{""age"":""35-44"",""gender"":""male"",""percentage"":0.143333},{""age"":""45-54"",""gender"":""male"",""percentage"":0.071111},{""age"":""25-34"",""gender"":""male"",""percentage"":0.328889},{""age"":""25-34"",""gender"":""female"",""percentage"":0.262222},{""age"":""35-44"",""gender"":""female"",""percentage"":0.113333},{""age"":""45-54"",""gender"":""female"",""percentage"":0.066667},{""age"":""55-64"",""gender"":""male"",""percentage"":0.004444},{""age"":""55-64"",""gender"":""female"",""percentage"":0.005556},{""age"":""35-44"",""gender"":""unknown"",""percentage"":0.003333},{""age"":""25-34"",""gender"":""unknown"",""percentage"":0.001111}","{""region"":""Antofagasta Region"",""percentage"":1}","facebook,instagram","lower_bound: 5001, upper_bound: 10000",es
647132969793889,177384889097855,"Gabriel Boric",2021-12-10,2021-12-10,2021-12-16,"Gabriel Boric Font","No podemos permitir que familias y pequeños agricultores tengan que obtener agua a través de camiones aljibes, mientras que algunos abusan de su poder acumulándola para su beneficios. Para que el agua sea un derecho vota Gabriel Boric 1️⃣",,boricpresidente.cl,,"lower_bound: 1000, upper_bound: 1999","lower_bound: 0, upper_bound: 99",USD,"{""age"":""55-64"",""gender"":""unknown"",""percentage"":0.000987},{""age"":""65+"",""gender"":""male"",""percentage"":0.009872},{""age"":""18-24"",""gender"":""unknown"",""percentage"":0.000987},{""age"":""55-64"",""gender"":""male"",""percentage"":0.032577},{""age"":""35-44"",""gender"":""male"",""percentage"":0.077986},{""age"":""55-64"",""gender"":""female"",""percentage"":0.063179},{""age"":""45-54"",""gender"":""female"",""percentage"":0.10464},{""age"":""45-54"",""gender"":""male"",""percentage"":0.057256},{""age"":""18-24"",""gender"":""female"",""percentage"":0.122409},{""age"":""25-34"",""gender"":""female"",""percentage"":0.199408},{""age"":""25-34"",""gender"":""male"",""percentage"":0.106614},{""age"":""18-24"",""gender"":""male"",""percentage"":0.055281},{""age"":""65+"",""gender"":""female"",""percentage"":0.019743},{""age"":""35-44"",""gender"":""female"",""percentage"":0.149062}","{""region"":""O'Higgins Region"",""percentage"":1}","facebook,instagram","lower_bound: 5001, upper_bound: 10000",es
652527129443348,177384889097855,"Gabriel Boric",2021-12-10,2021-12-10,2021-12-16,"Gabriel Boric Font","Que la vejez sea para descansar y disfrutar 🫂, no para trabajar porque la pensión no alcanza. Fin a las AFP para una jubilación a los 65 años con un piso de $250.000 mensuales. Para pensiones justas, vota Gabriel Boric 1️⃣",,boricpresidente.cl,,"lower_bound: 10000, upper_bound: 14999","lower_bound: 0, upper_bound: 99",USD,"{""age"":""18-24"",""gender"":""unknown"",""percentage"":0.000958},{""age"":""35-44"",""gender"":""unknown"",""percentage"":0.001278},{""age"":""18-24"",""gender"":""female"",""percentage"":0.138416},{""age"":""25-34"",""gender"":""male"",""percentage"":0.140865},{""age"":""18-24"",""gender"":""male"",""percentage"":0.091993},{""age"":""25-34"",""gender"":""female"",""percentage"":0.163437},{""age"":""45-54"",""gender"":""male"",""percentage"":0.071337},{""age"":""55-64"",""gender"":""female"",""percentage"":0.058241},{""age"":""45-54"",""gender"":""female"",""percentage"":0.097956},{""age"":""35-44"",""gender"":""female"",""percentage"":0.105089},{""age"":""35-44"",""gender"":""male"",""percentage"":0.091567},{""age"":""25-34"",""gender"":""unknown"",""percentage"":0.002555},{""age"":""55-64"",""gender"":""male"",""percentage"":0.035349},{""age"":""45-54"",""gender"":""unknown"",""percentage"":0.000958}","{""region"":""Santiago Metropolitan Region"",""percentage"":1}","facebook,instagram","lower_bound: 10001, upper_bound: 50000",es
653737246036265,177384889097855,"Gabriel Boric",2021-12-10,2021-12-10,2021-12-13,"Gabriel Boric Font","Reformar Carabineros para tener más dotación donde más se necesita, con barrios seguros libres de narcotráfico. Vota Gabriel Boric 1️⃣",,boricpresidente.cl,,"lower_bound: 0, upper_bound: 999","lower_bound: 0, upper_bound: 99",USD,,,"facebook,instagram","lower_bound: 1001, upper_bound: 5000",es
664555351655252,177384889097855,"Gabriel Boric",2021-12-10,2021-12-10,2021-12-16,"Gabriel Boric Font","Que nuestros abuelos vivan con tranquilidad y no estén haciendo largas filas para recibir sus remedios 💊, por una salud digna los medicamentos se entregarán a domicilio 🚐. Vota Gabriel Boric 1️⃣",,boricpresidente.cl,,"lower_bound: 8000, upper_bound: 8999","lower_bound: 0, upper_bound: 99",USD,"{""age"":""18-24"",""gender"":""unknown"",""percentage"":0.001772},{""age"":""35-44"",""gender"":""unknown"",""percentage"":0.001611},{""age"":""45-54"",""gender"":""unknown"",""percentage"":0.001128},{""age"":""55-64"",""gender"":""unknown"",""percentage"":0.000967},{""age"":""35-44"",""gender"":""male"",""percentage"":0.091993},{""age"":""25-34"",""gender"":""female"",""percentage"":0.164008},{""age"":""55-64"",""gender"":""female"",""percentage"":0.048816},{""age"":""18-24"",""gender"":""male"",""percentage"":0.095537},{""age"":""45-54"",""gender"":""female"",""percentage"":0.076204},{""age"":""45-54"",""gender"":""male"",""percentage"":0.070243},{""age"":""18-24"",""gender"":""female"",""percentage"":0.136459},{""age"":""25-34"",""gender"":""male"",""percentage"":0.167714},{""age"":""35-44"",""gender"":""female"",""percentage"":0.106009},{""age"":""25-34"",""gender"":""unknown"",""percentage"":0.003061},{""age"":""55-64"",""gender"":""male"",""percentage"":0.034477}","{""region"":""Valpara\u00edso Region"",""percentage"":1}","facebook,instagram","lower_bound: 10001, upper_bound: 50000",es
665433071116870,177384889097855,"Gabriel Boric",2021-12-10,2021-12-10,2021-12-16,"Gabriel Boric Font","Que no necesitemos los bingos y completadas para pagar un tratamiento 🏥, sino para celebrar un país más justo 🎉. 
Por una salud para todos, sin privilegios. Vota Gabriel Boric 1️⃣",,boricpresidente.cl,,"lower_bound: 3000, upper_bound: 3999","lower_bound: 0, upper_bound: 99",USD,"{""age"":""25-34"",""gender"":""unknown"",""percentage"":0.002701},{""age"":""65+"",""gender"":""female"",""percentage"":0.014106},{""age"":""18-24"",""gender"":""unknown"",""percentage"":0.002401},{""age"":""35-44"",""gender"":""unknown"",""percentage"":0.003301},{""age"":""18-24"",""gender"":""female"",""percentage"":0.102341},{""age"":""55-64"",""gender"":""male"",""percentage"":0.029712},{""age"":""25-34"",""gender"":""female"",""percentage"":0.193277},{""age"":""35-44"",""gender"":""male"",""percentage"":0.088235},{""age"":""18-24"",""gender"":""male"",""percentage"":0.070828},{""age"":""55-64"",""gender"":""unknown"",""percentage"":0.0003},{""age"":""35-44"",""gender"":""female"",""percentage"":0.113445},{""age"":""45-54"",""gender"":""male"",""percentage"":0.065726},{""age"":""45-54"",""gender"":""female"",""percentage"":0.078932},{""age"":""25-34"",""gender"":""male"",""percentage"":0.170768},{""age"":""55-64"",""gender"":""female"",""percentage"":0.048619},{""age"":""65+"",""gender"":""male"",""percentage"":0.012005},{""age"":""65+"",""gender"":""unknown"",""percentage"":0.0006},{""age"":""45-54"",""gender"":""unknown"",""percentage"":0.002701}","{""region"":""Santiago Metropolitan Region"",""percentage"":1}","facebook,instagram","lower_bound: 100001, upper_bound: 500000",es
668907524493316,177384889097855,"Gabriel Boric",2021-12-10,2021-12-10,2021-12-16,"Gabriel Boric Font","Que no necesitemos los bingos y completadas para pagar un tratamiento 🏥, sino para celebrar un país más justo 🎉. 
Por una salud para todos, sin privilegios. Vota Gabriel Boric 1️⃣",,boricpresidente.cl,,"lower_bound: 1000, upper_bound: 1999","lower_bound: 0, upper_bound: 99",USD,"{""age"":""45-54"",""gender"":""unknown"",""percentage"":0.001255},{""age"":""35-44"",""gender"":""male"",""percentage"":0.072146},{""age"":""18-24"",""gender"":""female"",""percentage"":0.119197},{""age"":""55-64"",""gender"":""male"",""percentage"":0.026976},{""age"":""45-54"",""gender"":""male"",""percentage"":0.039523},{""age"":""35-44"",""gender"":""female"",""percentage"":0.129235},{""age"":""25-34"",""gender"":""male"",""percentage"":0.160602},{""age"":""18-24"",""gender"":""male"",""percentage"":0.067127},{""age"":""45-54"",""gender"":""female"",""percentage"":0.084693},{""age"":""25-34"",""gender"":""unknown"",""percentage"":0.001882},{""age"":""55-64"",""gender"":""female"",""percentage"":0.044542},{""age"":""25-34"",""gender"":""female"",""percentage"":0.229611},{""age"":""65+"",""gender"":""female"",""percentage"":0.010038},{""age"":""65+"",""gender"":""unknown"",""percentage"":0.000627},{""age"":""35-44"",""gender"":""unknown"",""percentage"":0.003137},{""age"":""55-64"",""gender"":""unknown"",""percentage"":0.000627},{""age"":""65+"",""gender"":""male"",""percentage"":0.008783}","{""region"":""B\u00edo B\u00edo Region"",""percentage"":1}","facebook,instagram","lower_bound: 10001, upper_bound: 50000",es
686342442749670,177384889097855,"Gabriel Boric",2021-12-10,2021-12-10,2021-12-16,"Gabriel Boric Font","Las autoridades de gobierno no ganarán más de 5 millones, es decir 10 veces el salario mínimo de $500.000 al que proponemos llegar. Por un Chile sin privilegios para unos poco, vota Gabriel Boric 1️⃣",,boricpresidente.cl,,"lower_bound: 0, upper_bound: 999","lower_bound: 0, upper_bound: 99",USD,,,"facebook,instagram","lower_bound: 10001, upper_bound: 50000",es
688923045631501,177384889097855,"Gabriel Boric",2021-12-10,2021-12-10,2021-12-16,"Gabriel Boric Font","Que la vejez sea para descansar y disfrutar 🫂, no para trabajar porque la pensión no alcanza. Fin a las AFP para una jubilación a los 65 años con un piso de $250.000 mensuales. Para pensiones justas, vota Gabriel Boric 1️⃣",,boricpresidente.cl,,"lower_bound: 5000, upper_bound: 5999","lower_bound: 0, upper_bound: 99",USD,"{""age"":""55-64"",""gender"":""unknown"",""percentage"":0.000238},{""age"":""25-34"",""gender"":""male"",""percentage"":0.150691},{""age"":""18-24"",""gender"":""unknown"",""percentage"":0.000954},{""age"":""65+"",""gender"":""unknown"",""percentage"":0.000954},{""age"":""55-64"",""gender"":""female"",""percentage"":0.065808},{""age"":""35-44"",""gender"":""male"",""percentage"":0.082737},{""age"":""25-34"",""gender"":""female"",""percentage"":0.143777},{""age"":""45-54"",""gender"":""female"",""percentage"":0.090367},{""age"":""18-24"",""gender"":""female"",""percentage"":0.113019},{""age"":""65+"",""gender"":""male"",""percentage"":0.015021},{""age"":""45-54"",""gender"":""male"",""percentage"":0.082737},{""age"":""18-24"",""gender"":""male"",""percentage"":0.095374},{""age"":""35-44"",""gender"":""female"",""percentage"":0.097043},{""age"":""35-44"",""gender"":""unknown"",""percentage"":0.001669},{""age"":""25-34"",""gender"":""unknown"",""percentage"":0.001192},{""age"":""55-64"",""gender"":""male"",""percentage"":0.039103},{""age"":""65+"",""gender"":""female"",""percentage"":0.017644},{""age"":""45-54"",""gender"":""unknown"",""percentage"":0.001669}","{""region"":""B\u00edo B\u00edo Region"",""percentage"":1}","facebook,instagram","lower_bound: 10001, upper_bound: 50000",es
738053697589449,177384889097855,"Gabriel Boric",2021-12-10,2021-12-10,2021-12-16,"Gabriel Boric Font","Que nuestros abuelos vivan con tranquilidad y no estén haciendo largas filas para recibir sus remedios 💊, por una salud digna los medicamentos se entregarán a domicilio 🚐. Vota Gabriel Boric 1️⃣",,boricpresidente.cl,,"lower_bound: 6000, upper_bound: 6999","lower_bound: 0, upper_bound: 99",USD,"{""age"":""45-54"",""gender"":""unknown"",""percentage"":0.002289},{""age"":""55-64"",""gender"":""female"",""percentage"":0.004579},{""age"":""45-54"",""gender"":""male"",""percentage"":0.063874},{""age"":""35-44"",""gender"":""male"",""percentage"":0.140797},{""age"":""45-54"",""gender"":""female"",""percentage"":0.092949},{""age"":""25-34"",""gender"":""male"",""percentage"":0.288233},{""age"":""35-44"",""gender"":""female"",""percentage"":0.149954},{""age"":""25-34"",""gender"":""female"",""percentage"":0.249313},{""age"":""55-64"",""gender"":""male"",""percentage"":0.005266},{""age"":""25-34"",""gender"":""unknown"",""percentage"":0.001374},{""age"":""35-44"",""gender"":""unknown"",""percentage"":0.001374}","{""region"":""Antofagasta Region"",""percentage"":1}","facebook,instagram","lower_bound: 10001, upper_bound: 50000",es
868922800465449,177384889097855,"Gabriel Boric",2021-12-10,2021-12-10,2021-12-12,"Gabriel Boric Font","Que la vejez sea para descansar y disfrutar 🫂, no para trabajar porque la pensión no alcanza. Fin a las AFP para una jubilación a los 65 años con un piso de $250.000 mensuales. Para pensiones justas, vota Gabriel Boric 1️⃣",,boricpresidente.cl,,"lower_bound: 0, upper_bound: 999","lower_bound: 0, upper_bound: 99",USD,"{""age"":""55-64"",""gender"":""male"",""percentage"":0.008889},{""age"":""25-34"",""gender"":""unknown"",""percentage"":0.004444},{""age"":""45-54"",""gender"":""male"",""percentage"":0.102222},{""age"":""35-44"",""gender"":""male"",""percentage"":0.093333},{""age"":""55-64"",""gender"":""female"",""percentage"":0.013333},{""age"":""25-34"",""gender"":""female"",""percentage"":0.173333},{""age"":""35-44"",""gender"":""female"",""percentage"":0.16},{""age"":""25-34"",""gender"":""male"",""percentage"":0.284444},{""age"":""45-54"",""gender"":""female"",""percentage"":0.16}","{""region"":""B\u00edo B\u00edo Region"",""percentage"":1}","facebook,instagram","lower_bound: 1001, upper_bound: 5000",es
876536356344019,177384889097855,"Gabriel Boric",2021-12-10,2021-12-10,2021-12-16,"Gabriel Boric Font","Las autoridades de gobierno no ganarán más de 5 millones, es decir 10 veces el salario mínimo de $500.000 al que proponemos llegar. Por un Chile sin privilegios, vota Gabriel Boric 1️⃣",,boricpresidente.cl,,"lower_bound: 1000, upper_bound: 1999","lower_bound: 0, upper_bound: 99",USD,"{""age"":""25-34"",""gender"":""unknown"",""percentage"":0.006184},{""age"":""55-64"",""gender"":""male"",""percentage"":0.010601},{""age"":""35-44"",""gender"":""unknown"",""percentage"":0.003534},{""age"":""45-54"",""gender"":""male"",""percentage"":0.098057},{""age"":""35-44"",""gender"":""male"",""percentage"":0.149293},{""age"":""35-44"",""gender"":""female"",""percentage"":0.136926},{""age"":""25-34"",""gender"":""female"",""percentage"":0.220848},{""age"":""25-34"",""gender"":""male"",""percentage"":0.257951},{""age"":""45-54"",""gender"":""female"",""percentage"":0.10424},{""age"":""55-64"",""gender"":""female"",""percentage"":0.012367}","{""region"":""B\u00edo B\u00edo Region"",""percentage"":1}","facebook,instagram","lower_bound: 1001, upper_bound: 5000",es
888532948513852,177384889097855,"Gabriel Boric",2021-12-10,2021-12-10,2021-12-16,"Gabriel Boric Font","Las autoridades de gobierno no ganarán más de 5 millones, es decir 10 veces el salario mínimo de $500.000 al que proponemos llegar. Por un Chile sin privilegios para unos poco, vota Gabriel Boric 1️⃣",,boricpresidente.cl,,"lower_bound: 3000, upper_bound: 3999","lower_bound: 0, upper_bound: 99",USD,"{""age"":""35-44"",""gender"":""unknown"",""percentage"":0.000389},{""age"":""45-54"",""gender"":""unknown"",""percentage"":0.003112},{""age"":""55-64"",""gender"":""male"",""percentage"":0.005445},{""age"":""35-44"",""gender"":""male"",""percentage"":0.162194},{""age"":""25-34"",""gender"":""male"",""percentage"":0.2676},{""age"":""25-34"",""gender"":""female"",""percentage"":0.232983},{""age"":""35-44"",""gender"":""female"",""percentage"":0.151692},{""age"":""45-54"",""gender"":""female"",""percentage"":0.082069},{""age"":""45-54"",""gender"":""male"",""percentage"":0.087126},{""age"":""55-64"",""gender"":""female"",""percentage"":0.00739}","{""region"":""Antofagasta Region"",""percentage"":1}","facebook,instagram","lower_bound: 10001, upper_bound: 50000",es
891767598149694,177384889097855,"Gabriel Boric",2021-12-10,2021-12-10,2021-12-13,"Gabriel Boric Font","No podemos permitir que familias y pequeños agricultores tengan que obtener agua a través de camiones aljibes, mientras que algunos abusan de su poder acumulándola para su beneficios. Para que el agua sea un derecho vota Gabriel Boric 1️⃣",,boricpresidente.cl,,"lower_bound: 2000, upper_bound: 2999","lower_bound: 0, upper_bound: 99",USD,"{""age"":""18-24"",""gender"":""unknown"",""percentage"":0.001734},{""age"":""25-34"",""gender"":""female"",""percentage"":0.214998},{""age"":""35-44"",""gender"":""unknown"",""percentage"":0.002601},{""age"":""65+"",""gender"":""unknown"",""percentage"":0.000433},{""age"":""45-54"",""gender"":""unknown"",""percentage"":0.000867},{""age"":""65+"",""gender"":""male"",""percentage"":0.016038},{""age"":""45-54"",""gender"":""female"",""percentage"":0.095795},{""age"":""35-44"",""gender"":""female"",""percentage"":0.132206},{""age"":""35-44"",""gender"":""male"",""percentage"":0.072388},{""age"":""55-64"",""gender"":""unknown"",""percentage"":0.000433},{""age"":""45-54"",""gender"":""male"",""percentage"":0.052449},{""age"":""18-24"",""gender"":""female"",""percentage"":0.094495},{""age"":""55-64"",""gender"":""female"",""percentage"":0.064586},{""age"":""25-34"",""gender"":""male"",""percentage"":0.142176},{""age"":""18-24"",""gender"":""male"",""percentage"":0.055483},{""age"":""55-64"",""gender"":""male"",""percentage"":0.026875},{""age"":""65+"",""gender"":""female"",""percentage"":0.02254},{""age"":""25-34"",""gender"":""unknown"",""percentage"":0.003901}","{""region"":""Maule Region"",""percentage"":1}","facebook,instagram","lower_bound: 100001, upper_bound: 500000",es
893969541485806,177384889097855,"Gabriel Boric",2021-12-10,2021-12-10,2021-12-12,"Gabriel Boric Font","Que la vejez sea para descansar y disfrutar 🫂, no para trabajar porque la pensión no alcanza. Fin a las AFP para una jubilación a los 65 años con un piso de $250.000 mensuales. Para pensiones justas, vota Gabriel Boric 1️⃣",,boricpresidente.cl,,"lower_bound: 5000, upper_bound: 5999","lower_bound: 0, upper_bound: 99",USD,"{""age"":""65+"",""gender"":""unknown"",""percentage"":0.00018},{""age"":""45-54"",""gender"":""male"",""percentage"":0.077061},{""age"":""65+"",""gender"":""male"",""percentage"":0.01958},{""age"":""35-44"",""gender"":""unknown"",""percentage"":0.002335},{""age"":""18-24"",""gender"":""male"",""percentage"":0.097539},{""age"":""25-34"",""gender"":""female"",""percentage"":0.147476},{""age"":""35-44"",""gender"":""female"",""percentage"":0.084067},{""age"":""25-34"",""gender"":""male"",""percentage"":0.178193},{""age"":""18-24"",""gender"":""female"",""percentage"":0.112987},{""age"":""45-54"",""gender"":""unknown"",""percentage"":0.000359},{""age"":""45-54"",""gender"":""female"",""percentage"":0.069517},{""age"":""35-44"",""gender"":""male"",""percentage"":0.107059},{""age"":""55-64"",""gender"":""male"",""percentage"":0.037004},{""age"":""55-64"",""gender"":""female"",""percentage"":0.046345},{""age"":""65+"",""gender"":""female"",""percentage"":0.018682},{""age"":""25-34"",""gender"":""unknown"",""percentage"":0.000359},{""age"":""18-24"",""gender"":""unknown"",""percentage"":0.001257}","{""region"":""Maule Region"",""percentage"":1}","facebook,instagram","lower_bound: 100001, upper_bound: 500000",es
901593410522610,177384889097855,"Gabriel Boric",2021-12-10,2021-12-10,2021-12-12,"Gabriel Boric Font","La mochila de los chilenos debe ser de aprendizajes 🎒 y no de deudas para alcanzar los sueños. Por una educación gratuita y de calidad, para poner fin al CAE y condonar la deuda histórica de los profesores, vota Gabriel Boric 1️⃣",,boricpresidente.cl,,"lower_bound: 0, upper_bound: 999","lower_bound: 0, upper_bound: 99",USD,"{""age"":""35-44"",""gender"":""unknown"",""percentage"":0.001307},{""age"":""13-17"",""gender"":""male"",""percentage"":0.001307},{""age"":""65+"",""gender"":""male"",""percentage"":0.018301},{""age"":""35-44"",""gender"":""male"",""percentage"":0.081046},{""age"":""25-34"",""gender"":""male"",""percentage"":0.150327},{""age"":""18-24"",""gender"":""female"",""percentage"":0.173856},{""age"":""18-24"",""gender"":""male"",""percentage"":0.139869},{""age"":""25-34"",""gender"":""female"",""percentage"":0.133333},{""age"":""45-54"",""gender"":""female"",""percentage"":0.05098},{""age"":""45-54"",""gender"":""male"",""percentage"":0.067974},{""age"":""55-64"",""gender"":""female"",""percentage"":0.048366},{""age"":""35-44"",""gender"":""female"",""percentage"":0.078431},{""age"":""55-64"",""gender"":""male"",""percentage"":0.028758},{""age"":""65+"",""gender"":""female"",""percentage"":0.016993},{""age"":""18-24"",""gender"":""unknown"",""percentage"":0.005229},{""age"":""25-34"",""gender"":""unknown"",""percentage"":0.003922}","{""region"":""O'Higgins Region"",""percentage"":1}","facebook,instagram","lower_bound: 10001, upper_bound: 50000",es
916685985640974,177384889097855,"Gabriel Boric",2021-12-10,2021-12-10,2021-12-16,"Gabriel Boric Font","Mayor dotación policial y coordinación con nuestros países vecinos para una migración segura, ordenada y humana. Por un gobierno que cuide nuestras fronteras, vota Gabriel Boric 1️⃣,Mayor dotación policial y coordinación con nuestros países vecinos para una migración segura, ordenada y humana. Por un gobierno que cuide nuestras fronteras, vota Gabriel Boric 1️⃣",,boricpresidente.cl,,"lower_bound: 4000, upper_bound: 4999","lower_bound: 0, upper_bound: 99",USD,"{""age"":""35-44"",""gender"":""unknown"",""percentage"":0.004559},{""age"":""55-64"",""gender"":""male"",""percentage"":0.003293},{""age"":""25-34"",""gender"":""unknown"",""percentage"":0.001773},{""age"":""55-64"",""gender"":""female"",""percentage"":0.008865},{""age"":""35-44"",""gender"":""male"",""percentage"":0.134752},{""age"":""25-34"",""gender"":""female"",""percentage"":0.279889},{""age"":""25-34"",""gender"":""male"",""percentage"":0.253799},{""age"":""35-44"",""gender"":""female"",""percentage"":0.145643},{""age"":""45-54"",""gender"":""female"",""percentage"":0.094985},{""age"":""45-54"",""gender"":""male"",""percentage"":0.069909},{""age"":""45-54"",""gender"":""unknown"",""percentage"":0.002533}","{""region"":""Antofagasta Region"",""percentage"":1}","facebook,instagram","lower_bound: 50001, upper_bound: 100000",es
921732272070410,177384889097855,"Gabriel Boric",2021-12-10,2021-12-11,2021-12-16,"Gabriel Boric Font","Que no necesitemos los bingos y completadas para pagar un tratamiento 🏥, sino para celebrar un país más justo 🎉. 
Por una salud para todos, sin privilegios. Vota Gabriel Boric 1️⃣",,boricpresidente.cl,,"lower_bound: 0, upper_bound: 999","lower_bound: 0, upper_bound: 99",USD,,,"facebook,instagram","lower_bound: 100001, upper_bound: 500000",es
952138079031646,177384889097855,"Gabriel Boric",2021-12-10,2021-12-10,2021-12-16,"Gabriel Boric Font","No podemos permitir que familias y pequeños agricultores tengan que obtener agua a través de camiones aljibes, mientras que algunos abusan de su poder acumulándola para su beneficios. Para que el agua sea un derecho vota Gabriel Boric 1️⃣",,boricpresidente.cl,,"lower_bound: 0, upper_bound: 999","lower_bound: 0, upper_bound: 99",USD,,,"facebook,instagram","lower_bound: 100, upper_bound: 1000",es
962453518020654,177384889097855,"Gabriel Boric",2021-12-10,2021-12-10,2021-12-13,"Gabriel Boric Font","Reformar Carabineros para tener más dotación donde más se necesita, con barrios seguros libres de narcotráfico. Vota Gabriel Boric 1️⃣",,boricpresidente.cl,,"lower_bound: 0, upper_bound: 999","lower_bound: 0, upper_bound: 99",USD,"{""age"":""55-64"",""gender"":""unknown"",""percentage"":0.0013},{""age"":""18-24"",""gender"":""unknown"",""percentage"":0.006502},{""age"":""25-34"",""gender"":""unknown"",""percentage"":0.0013},{""age"":""45-54"",""gender"":""unknown"",""percentage"":0.003901},{""age"":""55-64"",""gender"":""female"",""percentage"":0.061118},{""age"":""18-24"",""gender"":""female"",""percentage"":0.124837},{""age"":""25-34"",""gender"":""female"",""percentage"":0.154746},{""age"":""18-24"",""gender"":""male"",""percentage"":0.093628},{""age"":""45-54"",""gender"":""female"",""percentage"":0.094928},{""age"":""25-34"",""gender"":""male"",""percentage"":0.16775},{""age"":""35-44"",""gender"":""male"",""percentage"":0.10013},{""age"":""35-44"",""gender"":""female"",""percentage"":0.110533},{""age"":""45-54"",""gender"":""male"",""percentage"":0.055917},{""age"":""55-64"",""gender"":""male"",""percentage"":0.022107},{""age"":""35-44"",""gender"":""unknown"",""percentage"":0.0013}","{""region"":""Valpara\u00edso Region"",""percentage"":1}","facebook,instagram","lower_bound: 10001, upper_bound: 50000",es
990242861592903,177384889097855,"Gabriel Boric",2021-12-10,2021-12-10,2021-12-16,"Gabriel Boric Font","Las autoridades de gobierno no ganarán más de 5 millones, es decir 10 veces el salario mínimo de $500.000 al que proponemos llegar. Por un Chile sin privilegios, vota Gabriel Boric 1️⃣",,boricpresidente.cl,,"lower_bound: 0, upper_bound: 999","lower_bound: 0, upper_bound: 99",USD,"{""age"":""55-64"",""gender"":""unknown"",""percentage"":0.005236},{""age"":""55-64"",""gender"":""female"",""percentage"":0.303665},{""age"":""65+"",""gender"":""male"",""percentage"":0.167539},{""age"":""65+"",""gender"":""female"",""percentage"":0.319372},{""age"":""55-64"",""gender"":""male"",""percentage"":0.204188}","{""region"":""Santiago Metropolitan Region"",""percentage"":1}","facebook,instagram","lower_bound: 1001, upper_bound: 5000",es
994902614430402,177384889097855,"Gabriel Boric",2021-12-10,2021-12-10,2021-12-12,"Gabriel Boric Font","Reformar Carabineros para tener más dotación donde más se necesita, con barrios seguros libres de narcotráfico. Vota Gabriel Boric 1️⃣",,boricpresidente.cl,,"lower_bound: 0, upper_bound: 999","lower_bound: 0, upper_bound: 99",USD,"{""age"":""45-54"",""gender"":""female"",""percentage"":0.083832},{""age"":""25-34"",""gender"":""female"",""percentage"":0.149701},{""age"":""55-64"",""gender"":""male"",""percentage"":0.041916},{""age"":""18-24"",""gender"":""male"",""percentage"":0.101796},{""age"":""45-54"",""gender"":""male"",""percentage"":0.125749},{""age"":""35-44"",""gender"":""male"",""percentage"":0.101796},{""age"":""25-34"",""gender"":""male"",""percentage"":0.161677},{""age"":""18-24"",""gender"":""female"",""percentage"":0.077844},{""age"":""35-44"",""gender"":""female"",""percentage"":0.113772},{""age"":""55-64"",""gender"":""female"",""percentage"":0.041916}","{""region"":""O'Higgins Region"",""percentage"":1}","facebook,instagram","lower_bound: 5001, upper_bound: 10000",es
1012187056307457,177384889097855,"Gabriel Boric",2021-12-10,2021-12-10,2021-12-16,"Gabriel Boric Font","Que no necesitemos los bingos y completadas para pagar un tratamiento 🏥, sino para celebrar un país más justo 🎉. 
Por una salud para todos, sin privilegios. Vota Gabriel Boric 1️⃣",,boricpresidente.cl,,"lower_bound: 3000, upper_bound: 3999","lower_bound: 0, upper_bound: 99",USD,"{""age"":""55-64"",""gender"":""unknown"",""percentage"":0.000353},{""age"":""18-24"",""gender"":""unknown"",""percentage"":0.002472},{""age"":""45-54"",""gender"":""unknown"",""percentage"":0.003178},{""age"":""45-54"",""gender"":""male"",""percentage"":0.051201},{""age"":""55-64"",""gender"":""male"",""percentage"":0.024718},{""age"":""35-44"",""gender"":""female"",""percentage"":0.124647},{""age"":""35-44"",""gender"":""male"",""percentage"":0.112288},{""age"":""25-34"",""gender"":""male"",""percentage"":0.191031},{""age"":""25-34"",""gender"":""female"",""percentage"":0.211864},{""age"":""18-24"",""gender"":""male"",""percentage"":0.078037},{""age"":""18-24"",""gender"":""female"",""percentage"":0.097811},{""age"":""45-54"",""gender"":""female"",""percentage"":0.068856},{""age"":""55-64"",""gender"":""female"",""percentage"":0.027189},{""age"":""35-44"",""gender"":""unknown"",""percentage"":0.003531},{""age"":""25-34"",""gender"":""unknown"",""percentage"":0.002825}","{""region"":""Santiago Metropolitan Region"",""percentage"":1}","facebook,instagram","lower_bound: 100001, upper_bound: 500000",es
1025745424646520,177384889097855,"Gabriel Boric",2021-12-10,2021-12-10,2021-12-16,"Gabriel Boric Font","Que no necesitemos los bingos y completadas para pagar un tratamiento 🏥, sino para celebrar un país más justo 🎉. 
Por una salud para todos, sin privilegios. Vota Gabriel Boric 1️⃣",,boricpresidente.cl,,"lower_bound: 1000, upper_bound: 1999","lower_bound: 0, upper_bound: 99",USD,"{""age"":""25-34"",""gender"":""unknown"",""percentage"":0.000745},{""age"":""55-64"",""gender"":""male"",""percentage"":0.002978},{""age"":""45-54"",""gender"":""unknown"",""percentage"":0.002978},{""age"":""45-54"",""gender"":""male"",""percentage"":0.048399},{""age"":""45-54"",""gender"":""female"",""percentage"":0.078183},{""age"":""55-64"",""gender"":""female"",""percentage"":0.008935},{""age"":""35-44"",""gender"":""female"",""percentage"":0.141474},{""age"":""25-34"",""gender"":""male"",""percentage"":0.27997},{""age"":""35-44"",""gender"":""male"",""percentage"":0.125838},{""age"":""25-34"",""gender"":""female"",""percentage"":0.310499}","{""region"":""Antofagasta Region"",""percentage"":1}","facebook,instagram","lower_bound: 10001, upper_bound: 50000",es
1031661497410956,177384889097855,"Gabriel Boric",2021-12-10,2021-12-13,2021-12-13,"Gabriel Boric Font","Que nunca más tengas que esperar horas para recibir tus remedios 💊, una salud digna donde los medicamentos se entreguen a domicilio 🚐. Vota Gabriel Boric 1️⃣",,boricpresidente.cl,,"lower_bound: 0, upper_bound: 999","lower_bound: 0, upper_bound: 99",USD,,,"facebook,instagram","lower_bound: 1001, upper_bound: 5000",es
1039417053507537,177384889097855,"Gabriel Boric",2021-12-10,2021-12-10,2021-12-16,"Gabriel Boric Font","Que la vejez sea para descansar y disfrutar 🫂, no para trabajar porque la pensión no alcanza. Fin a las AFP para una jubilación a los 65 años con un piso de $250.000 mensuales. Para pensiones justas, vota Gabriel Boric 1️⃣",,boricpresidente.cl,,"lower_bound: 0, upper_bound: 999","lower_bound: 0, upper_bound: 99",USD,"{""age"":""55-64"",""gender"":""unknown"",""percentage"":0.002946},{""age"":""65+"",""gender"":""male"",""percentage"":0.178203},{""age"":""65+"",""gender"":""female"",""percentage"":0.294551},{""age"":""55-64"",""gender"":""female"",""percentage"":0.313697},{""age"":""55-64"",""gender"":""male"",""percentage"":0.201767},{""age"":""65+"",""gender"":""unknown"",""percentage"":0.008837}","{""region"":""Valpara\u00edso Region"",""percentage"":1}","facebook,instagram","lower_bound: 1001, upper_bound: 5000",es
1050899302360833,177384889097855,"Gabriel Boric",2021-12-10,2021-12-10,2021-12-16,"Gabriel Boric Font","Las autoridades de gobierno no ganarán más de 5 millones, es decir 10 veces el salario mínimo de $500.000 al que proponemos llegar. Por un Chile sin privilegios, vota Gabriel Boric 1️⃣",,boricpresidente.cl,,"lower_bound: 0, upper_bound: 999","lower_bound: 0, upper_bound: 99",USD,"{""age"":""35-44"",""gender"":""unknown"",""percentage"":0.005731},{""age"":""55-64"",""gender"":""male"",""percentage"":0.050143},{""age"":""45-54"",""gender"":""male"",""percentage"":0.151862},{""age"":""45-54"",""gender"":""female"",""percentage"":0.210602},{""age"":""35-44"",""gender"":""female"",""percentage"":0.296562},{""age"":""35-44"",""gender"":""male"",""percentage"":0.176218},{""age"":""55-64"",""gender"":""female"",""percentage"":0.106017},{""age"":""55-64"",""gender"":""unknown"",""percentage"":0.002865}","{""region"":""B\u00edo B\u00edo Region"",""percentage"":1}","facebook,instagram","lower_bound: 10001, upper_bound: 50000",es
1076388019808438,177384889097855,"Gabriel Boric",2021-12-10,2021-12-10,2021-12-16,"Gabriel Boric Font","Que no necesitemos los bingos y completadas para pagar un tratamiento 🏥, sino para celebrar un país más justo 🎉. 
Por una salud para todos, sin privilegios. Vota Gabriel Boric 1️⃣,Que no necesitemos los bingos y completadas para pagar un tratamiento 🏥, sino para celebrar un país más justo 🎉. 
Por una salud para todos, sin privilegios. Vota Gabriel Boric 1️⃣",,boricpresidente.cl,,"lower_bound: 0, upper_bound: 999","lower_bound: 0, upper_bound: 99",USD,"{""age"":""35-44"",""gender"":""unknown"",""percentage"":0.001318},{""age"":""18-24"",""gender"":""female"",""percentage"":0.115942},{""age"":""55-64"",""gender"":""female"",""percentage"":0.034256},{""age"":""45-54"",""gender"":""female"",""percentage"":0.072464},{""age"":""18-24"",""gender"":""unknown"",""percentage"":0.003953},{""age"":""45-54"",""gender"":""male"",""percentage"":0.073781},{""age"":""25-34"",""gender"":""female"",""percentage"":0.188406},{""age"":""55-64"",""gender"":""male"",""percentage"":0.028986},{""age"":""25-34"",""gender"":""male"",""percentage"":0.173913},{""age"":""18-24"",""gender"":""male"",""percentage"":0.084321},{""age"":""35-44"",""gender"":""male"",""percentage"":0.110672},{""age"":""35-44"",""gender"":""female"",""percentage"":0.104084},{""age"":""45-54"",""gender"":""unknown"",""percentage"":0.006588},{""age"":""25-34"",""gender"":""unknown"",""percentage"":0.001318}","{""region"":""Valpara\u00edso Region"",""percentage"":1}","facebook,instagram","lower_bound: 1001, upper_bound: 5000",es
1103828390353612,177384889097855,"Gabriel Boric",2021-12-10,2021-12-10,2021-12-16,"Gabriel Boric Font","Mayor dotación policial y coordinación con los países vecinos para una migración regular y ordenada. Por un gobierno que cuide nuestras fronteras, vota Gabriel Boric 1️⃣,Mayor dotación policial y coordinación con los países vecinos para una migración regular y ordenada. Por un gobierno que cuide nuestras fronteras, vota Gabriel Boric 1️⃣",,boricpresidente.cl,,"lower_bound: 1000, upper_bound: 1999","lower_bound: 0, upper_bound: 99",USD,"{""age"":""25-34"",""gender"":""unknown"",""percentage"":0.001232},{""age"":""18-24"",""gender"":""unknown"",""percentage"":0.001232},{""age"":""45-54"",""gender"":""unknown"",""percentage"":0.002465},{""age"":""35-44"",""gender"":""unknown"",""percentage"":0.001848},{""age"":""55-64"",""gender"":""unknown"",""percentage"":0.000616},{""age"":""45-54"",""gender"":""female"",""percentage"":0.065311},{""age"":""45-54"",""gender"":""male"",""percentage"":0.062847},{""age"":""18-24"",""gender"":""male"",""percentage"":0.104128},{""age"":""25-34"",""gender"":""male"",""percentage"":0.168823},{""age"":""35-44"",""gender"":""female"",""percentage"":0.105977},{""age"":""25-34"",""gender"":""female"",""percentage"":0.173136},{""age"":""35-44"",""gender"":""male"",""percentage"":0.111522},{""age"":""55-64"",""gender"":""male"",""percentage"":0.029575},{""age"":""18-24"",""gender"":""female"",""percentage"":0.138016},{""age"":""55-64"",""gender"":""female"",""percentage"":0.033272}","{""region"":""Atacama Region"",""percentage"":1}","facebook,instagram","lower_bound: 10001, upper_bound: 50000",es
1107501280077992,177384889097855,"Gabriel Boric",2021-12-10,2021-12-10,2021-12-16,"Gabriel Boric Font","Reformar Carabineros para tener más dotación donde más se necesita, con barrios seguros libres de narcotráfico. Vota Gabriel Boric 1️⃣",,boricpresidente.cl,,"lower_bound: 7000, upper_bound: 7999","lower_bound: 0, upper_bound: 99",USD,"{""age"":""45-54"",""gender"":""unknown"",""percentage"":0.001165},{""age"":""55-64"",""gender"":""unknown"",""percentage"":0.000728},{""age"":""25-34"",""gender"":""unknown"",""percentage"":0.002912},{""age"":""35-44"",""gender"":""unknown"",""percentage"":0.00233},{""age"":""45-54"",""gender"":""female"",""percentage"":0.058541},{""age"":""55-64"",""gender"":""male"",""percentage"":0.030581},{""age"":""18-24"",""gender"":""female"",""percentage"":0.135576},{""age"":""18-24"",""gender"":""male"",""percentage"":0.128149},{""age"":""25-34"",""gender"":""female"",""percentage"":0.171982},{""age"":""25-34"",""gender"":""male"",""percentage"":0.206786},{""age"":""35-44"",""gender"":""female"",""percentage"":0.079802},{""age"":""18-24"",""gender"":""unknown"",""percentage"":0.00233},{""age"":""35-44"",""gender"":""male"",""percentage"":0.084753},{""age"":""55-64"",""gender"":""female"",""percentage"":0.040629},{""age"":""45-54"",""gender"":""male"",""percentage"":0.053735}","{""region"":""Santiago Metropolitan Region"",""percentage"":1}","facebook,instagram","lower_bound: 100001, upper_bound: 500000",es
1120774438729106,177384889097855,"Gabriel Boric",2021-12-10,2021-12-10,2021-12-16,"Gabriel Boric Font","Por un país donde no se les permita a las grandes empresas quedarse con el agua que le corresponde a las familias y a pequeños agricultores.  Para que el agua sea un derecho vota Gabriel Boric 1️⃣",,boricpresidente.cl,,"lower_bound: 9000, upper_bound: 9999","lower_bound: 0, upper_bound: 99",USD,"{""age"":""55-64"",""gender"":""male"",""percentage"":0.018909},{""age"":""55-64"",""gender"":""unknown"",""percentage"":0.000229},{""age"":""55-64"",""gender"":""female"",""percentage"":0.032546},{""age"":""18-24"",""gender"":""male"",""percentage"":0.082741},{""age"":""35-44"",""gender"":""female"",""percentage"":0.109558},{""age"":""45-54"",""gender"":""male"",""percentage"":0.051685},{""age"":""25-34"",""gender"":""male"",""percentage"":0.172244},{""age"":""35-44"",""gender"":""male"",""percentage"":0.092597},{""age"":""25-34"",""gender"":""female"",""percentage"":0.215219},{""age"":""45-54"",""gender"":""female"",""percentage"":0.073573},{""age"":""18-24"",""gender"":""female"",""percentage"":0.144854},{""age"":""35-44"",""gender"":""unknown"",""percentage"":0.001261},{""age"":""18-24"",""gender"":""unknown"",""percentage"":0.001375},{""age"":""25-34"",""gender"":""unknown"",""percentage"":0.001948},{""age"":""45-54"",""gender"":""unknown"",""percentage"":0.001261}","{""region"":""Maule Region"",""percentage"":1}","facebook,instagram","lower_bound: 100001, upper_bound: 500000",es
1142053759673461,177384889097855,"Gabriel Boric",2021-12-10,2021-12-10,2021-12-16,"Gabriel Boric Font","Las autoridades de gobierno no ganarán más de 5 millones, es decir 10 veces el salario mínimo de $500.000 al que proponemos llegar. Por un Chile sin privilegios, vota Gabriel Boric 1️⃣",,boricpresidente.cl,,"lower_bound: 1000, upper_bound: 1999","lower_bound: 0, upper_bound: 99",USD,"{""age"":""45-54"",""gender"":""unknown"",""percentage"":0.002079},{""age"":""55-64"",""gender"":""female"",""percentage"":0.087318},{""age"":""45-54"",""gender"":""male"",""percentage"":0.148649},{""age"":""55-64"",""gender"":""male"",""percentage"":0.056133},{""age"":""35-44"",""gender"":""female"",""percentage"":0.273389},{""age"":""45-54"",""gender"":""female"",""percentage"":0.147609},{""age"":""35-44"",""gender"":""male"",""percentage"":0.27027},{""age"":""13-17"",""gender"":""female"",""percentage"":0.002079},{""age"":""35-44"",""gender"":""unknown"",""percentage"":0.012474}","{""region"":""B\u00edo B\u00edo Region"",""percentage"":1}","facebook,instagram","lower_bound: 10001, upper_bound: 50000",es
1152238698947613,177384889097855,"Gabriel Boric",2021-12-10,2021-12-10,2021-12-16,"Gabriel Boric Font","Que no necesitemos los bingos y completadas para pagar un tratamiento 🏥, sino para celebrar un país más justo 🎉. 
Por una salud para todos, sin privilegios. Vota Gabriel Boric 1️⃣",,boricpresidente.cl,,"lower_bound: 3000, upper_bound: 3999","lower_bound: 0, upper_bound: 99",USD,"{""age"":""18-24"",""gender"":""female"",""percentage"":0.070394},{""age"":""25-34"",""gender"":""male"",""percentage"":0.204519},{""age"":""25-34"",""gender"":""female"",""percentage"":0.207995},{""age"":""45-54"",""gender"":""male"",""percentage"":0.057648},{""age"":""45-54"",""gender"":""female"",""percentage"":0.069525},{""age"":""55-64"",""gender"":""female"",""percentage"":0.029838},{""age"":""35-44"",""gender"":""female"",""percentage"":0.12949},{""age"":""35-44"",""gender"":""unknown"",""percentage"":0.010139},{""age"":""35-44"",""gender"":""male"",""percentage"":0.138181},{""age"":""55-64"",""gender"":""male"",""percentage"":0.01854},{""age"":""18-24"",""gender"":""male"",""percentage"":0.051564},{""age"":""45-54"",""gender"":""unknown"",""percentage"":0.002897},{""age"":""55-64"",""gender"":""unknown"",""percentage"":0.001448},{""age"":""25-34"",""gender"":""unknown"",""percentage"":0.005794},{""age"":""18-24"",""gender"":""unknown"",""percentage"":0.002028}","{""region"":""Santiago Metropolitan Region"",""percentage"":1}","facebook,instagram","lower_bound: 100001, upper_bound: 500000",es
1228250847696630,177384889097855,"Gabriel Boric",2021-12-10,2021-12-10,2021-12-16,"Gabriel Boric Font","Que la vejez sea para descansar y disfrutar 🫂, no para trabajar porque la pensión no alcanza. Fin a las AFP para una jubilación a los 65 años con un piso de $250.000 mensuales. Para pensiones justas, vota Gabriel Boric 1️⃣",,boricpresidente.cl,,"lower_bound: 0, upper_bound: 999","lower_bound: 0, upper_bound: 99",USD,,,"facebook,instagram","lower_bound: 100001, upper_bound: 500000",es
1293915024368307,177384889097855,"Gabriel Boric",2021-12-10,2021-12-10,2021-12-16,"Gabriel Boric Font","No podemos permitir que familias y pequeños agricultores tengan que obtener agua a través de camiones aljibes, mientras que algunos abusan de su poder acumulándola para su beneficios. Para que el agua sea un derecho vota Gabriel Boric 1️⃣",,boricpresidente.cl,,"lower_bound: 1000, upper_bound: 1999","lower_bound: 0, upper_bound: 99",USD,"{""age"":""55-64"",""gender"":""unknown"",""percentage"":0.000619},{""age"":""55-64"",""gender"":""female"",""percentage"":0.055108},{""age"":""45-54"",""gender"":""unknown"",""percentage"":0.001858},{""age"":""65+"",""gender"":""female"",""percentage"":0.01548},{""age"":""45-54"",""gender"":""female"",""percentage"":0.087307},{""age"":""35-44"",""gender"":""male"",""percentage"":0.079257},{""age"":""25-34"",""gender"":""female"",""percentage"":0.208669},{""age"":""18-24"",""gender"":""female"",""percentage"":0.128793},{""age"":""25-34"",""gender"":""male"",""percentage"":0.13808},{""age"":""25-34"",""gender"":""unknown"",""percentage"":0.001858},{""age"":""35-44"",""gender"":""female"",""percentage"":0.115789},{""age"":""65+"",""gender"":""male"",""percentage"":0.019195},{""age"":""18-24"",""gender"":""male"",""percentage"":0.06192},{""age"":""55-64"",""gender"":""male"",""percentage"":0.039009},{""age"":""35-44"",""gender"":""unknown"",""percentage"":0.000619},{""age"":""45-54"",""gender"":""male"",""percentage"":0.04582},{""age"":""65+"",""gender"":""unknown"",""percentage"":0.000619}","{""region"":""O'Higgins Region"",""percentage"":1}","facebook,instagram","lower_bound: 10001, upper_bound: 50000",es
1331801813925441,177384889097855,"Gabriel Boric",2021-12-10,2021-12-10,2021-12-13,"Gabriel Boric Font","Que no necesitemos los bingos y completadas para pagar un tratamiento 🏥, sino para celebrar un país más justo 🎉. 
Por una salud para todos, sin privilegios. Vota Gabriel Boric 1️⃣",,boricpresidente.cl,,"lower_bound: 0, upper_bound: 999","lower_bound: 0, upper_bound: 99",USD,"{""age"":""18-24"",""gender"":""male"",""percentage"":0.043478},{""age"":""55-64"",""gender"":""male"",""percentage"":0.043478},{""age"":""35-44"",""gender"":""male"",""percentage"":0.094862},{""age"":""25-34"",""gender"":""female"",""percentage"":0.16996},{""age"":""45-54"",""gender"":""female"",""percentage"":0.12253},{""age"":""25-34"",""gender"":""male"",""percentage"":0.189723},{""age"":""18-24"",""gender"":""female"",""percentage"":0.079051},{""age"":""35-44"",""gender"":""female"",""percentage"":0.134387},{""age"":""55-64"",""gender"":""female"",""percentage"":0.055336},{""age"":""45-54"",""gender"":""male"",""percentage"":0.067194}","{""region"":""Atacama Region"",""percentage"":1}","facebook,instagram","lower_bound: 10001, upper_bound: 50000",es
1347302759035728,177384889097855,"Gabriel Boric",2021-12-10,2021-12-10,2021-12-16,"Gabriel Boric Font","No podemos permitir que familias y pequeños agricultores tengan que obtener agua a través de camiones aljibes, mientras que algunos abusan de su poder acumulándola para su beneficios. Para que el agua sea un derecho vota Gabriel Boric 1️⃣",,boricpresidente.cl,,"lower_bound: 5000, upper_bound: 5999","lower_bound: 0, upper_bound: 99",USD,"{""age"":""45-54"",""gender"":""unknown"",""percentage"":0.001594},{""age"":""18-24"",""gender"":""male"",""percentage"":0.08169},{""age"":""25-34"",""gender"":""unknown"",""percentage"":0.001594},{""age"":""35-44"",""gender"":""male"",""percentage"":0.076908},{""age"":""65+"",""gender"":""female"",""percentage"":0.017932},{""age"":""45-54"",""gender"":""male"",""percentage"":0.053596},{""age"":""18-24"",""gender"":""female"",""percentage"":0.13947},{""age"":""25-34"",""gender"":""female"",""percentage"":0.187488},{""age"":""45-54"",""gender"":""female"",""percentage"":0.089261},{""age"":""18-24"",""gender"":""unknown"",""percentage"":0.001195},{""age"":""35-44"",""gender"":""female"",""percentage"":0.117553},{""age"":""25-34"",""gender"":""male"",""percentage"":0.128113},{""age"":""55-64"",""gender"":""female"",""percentage"":0.061168},{""age"":""65+"",""gender"":""male"",""percentage"":0.011755},{""age"":""55-64"",""gender"":""male"",""percentage"":0.029089},{""age"":""65+"",""gender"":""unknown"",""percentage"":0.000398},{""age"":""55-64"",""gender"":""unknown"",""percentage"":0.000598},{""age"":""35-44"",""gender"":""unknown"",""percentage"":0.000598}","{""region"":""Maule Region"",""percentage"":1}","facebook,instagram","lower_bound: 10001, upper_bound: 50000",es
1413554332380602,177384889097855,"Gabriel Boric",2021-12-10,2021-12-10,2021-12-16,"Gabriel Boric Font","Que la vejez sea para descansar y disfrutar 🫂, no para trabajar porque la pensión no alcanza. Fin a las AFP para una jubilación a los 65 años con un piso de $250.000 mensuales. Para pensiones justas, vota Gabriel Boric 1️⃣",,boricpresidente.cl,,"lower_bound: 0, upper_bound: 999","lower_bound: 0, upper_bound: 99",USD,"{""age"":""55-64"",""gender"":""male"",""percentage"":0.191837},{""age"":""65+"",""gender"":""female"",""percentage"":0.277551},{""age"":""55-64"",""gender"":""female"",""percentage"":0.297959},{""age"":""65+"",""gender"":""male"",""percentage"":0.232653}","{""region"":""Valpara\u00edso Region"",""percentage"":1}","facebook,instagram","lower_bound: 1001, upper_bound: 5000",es
1512324999148282,177384889097855,"Gabriel Boric",2021-12-10,2021-12-10,2021-12-16,"Gabriel Boric Font","Que no necesitemos los bingos y completadas para pagar un tratamiento 🏥, sino para celebrar un país más justo 🎉. 
Por una salud para todos, sin privilegios. Vota Gabriel Boric 1️⃣",,boricpresidente.cl,,"lower_bound: 35000, upper_bound: 39999","lower_bound: 0, upper_bound: 99",USD,"{""age"":""13-17"",""gender"":""female"",""percentage"":7.8e-5},{""age"":""55-64"",""gender"":""unknown"",""percentage"":0.000157},{""age"":""25-34"",""gender"":""female"",""percentage"":0.183841},{""age"":""45-54"",""gender"":""female"",""percentage"":0.066463},{""age"":""45-54"",""gender"":""male"",""percentage"":0.055653},{""age"":""55-64"",""gender"":""female"",""percentage"":0.034896},{""age"":""18-24"",""gender"":""male"",""percentage"":0.105511},{""age"":""18-24"",""gender"":""female"",""percentage"":0.134297},{""age"":""35-44"",""gender"":""female"",""percentage"":0.101359},{""age"":""55-64"",""gender"":""male"",""percentage"":0.026201},{""age"":""25-34"",""gender"":""male"",""percentage"":0.192574},{""age"":""35-44"",""gender"":""male"",""percentage"":0.094623},{""age"":""35-44"",""gender"":""unknown"",""percentage"":0.001018},{""age"":""45-54"",""gender"":""unknown"",""percentage"":0.001018},{""age"":""18-24"",""gender"":""unknown"",""percentage"":0.001371},{""age"":""25-34"",""gender"":""unknown"",""percentage"":0.00094}","{""region"":""Arica y Parinacota Region"",""percentage"":1}","facebook,instagram","lower_bound: 50001, upper_bound: 100000",es
1579389602453406,177384889097855,"Gabriel Boric",2021-12-10,2021-12-10,2021-12-16,"Gabriel Boric Font","Que no necesitemos los bingos y completadas para pagar un tratamiento 🏥, sino para celebrar un país más justo 🎉. 
Por una salud para todos, sin privilegios. Vota Gabriel Boric 1️⃣",,boricpresidente.cl,,"lower_bound: 20000, upper_bound: 24999","lower_bound: 0, upper_bound: 99",USD,"{""age"":""55-64"",""gender"":""unknown"",""percentage"":0.000213},{""age"":""25-34"",""gender"":""unknown"",""percentage"":0.001063},{""age"":""18-24"",""gender"":""unknown"",""percentage"":0.001382},{""age"":""45-54"",""gender"":""unknown"",""percentage"":0.00101},{""age"":""55-64"",""gender"":""female"",""percentage"":0.039375},{""age"":""18-24"",""gender"":""male"",""percentage"":0.084967},{""age"":""35-44"",""gender"":""male"",""percentage"":0.097189},{""age"":""25-34"",""gender"":""male"",""percentage"":0.178649},{""age"":""45-54"",""gender"":""female"",""percentage"":0.086668},{""age"":""18-24"",""gender"":""female"",""percentage"":0.123758},{""age"":""25-34"",""gender"":""female"",""percentage"":0.175089},{""age"":""45-54"",""gender"":""male"",""percentage"":0.068282},{""age"":""35-44"",""gender"":""female"",""percentage"":0.10686},{""age"":""55-64"",""gender"":""male"",""percentage"":0.033636},{""age"":""35-44"",""gender"":""unknown"",""percentage"":0.00186}","{""region"":""Coquimbo Region"",""percentage"":1}","facebook,instagram","lower_bound: 100001, upper_bound: 500000",es
1619495655109252,177384889097855,"Gabriel Boric",2021-12-10,2021-12-10,2021-12-16,"Gabriel Boric Font","Que la vejez sea para descansar y disfrutar 🫂, no para trabajar porque la pensión no alcanza. Fin a las AFP para una jubilación a los 65 años con un piso de $250.000 mensuales. Para pensiones justas, vota Gabriel Boric 1️⃣",,boricpresidente.cl,,"lower_bound: 10000, upper_bound: 14999","lower_bound: 0, upper_bound: 99",USD,"{""age"":""35-44"",""gender"":""unknown"",""percentage"":0.001162},{""age"":""35-44"",""gender"":""female"",""percentage"":0.108322},{""age"":""65+"",""gender"":""female"",""percentage"":0.018015},{""age"":""25-34"",""gender"":""unknown"",""percentage"":0.001395},{""age"":""55-64"",""gender"":""male"",""percentage"":0.042306},{""age"":""65+"",""gender"":""male"",""percentage"":0.015225},{""age"":""45-54"",""gender"":""unknown"",""percentage"":0.000697},{""age"":""25-34"",""gender"":""male"",""percentage"":0.156788},{""age"":""18-24"",""gender"":""female"",""percentage"":0.124826},{""age"":""55-64"",""gender"":""unknown"",""percentage"":0.000349},{""age"":""18-24"",""gender"":""male"",""percentage"":0.087866},{""age"":""25-34"",""gender"":""female"",""percentage"":0.156323},{""age"":""35-44"",""gender"":""male"",""percentage"":0.093445},{""age"":""45-54"",""gender"":""female"",""percentage"":0.077638},{""age"":""45-54"",""gender"":""male"",""percentage"":0.062762},{""age"":""55-64"",""gender"":""female"",""percentage"":0.051371},{""age"":""18-24"",""gender"":""unknown"",""percentage"":0.001511}","{""region"":""O'Higgins Region"",""percentage"":1}","facebook,instagram","lower_bound: 10001, upper_bound: 50000",es
1957997831070487,177384889097855,"Gabriel Boric",2021-12-10,2021-12-10,2021-12-16,"Gabriel Boric Font","Que la vejez sea para descansar y disfrutar 🫂, no para trabajar porque la pensión no alcanza. Fin a las AFP para una jubilación a los 65 años con un piso de $250.000 mensuales. Para pensiones justas, vota Gabriel Boric 1️⃣",,boricpresidente.cl,,"lower_bound: 0, upper_bound: 999","lower_bound: 0, upper_bound: 99",USD,,,"facebook,instagram","lower_bound: 10001, upper_bound: 50000",es
2045127052309952,177384889097855,"Gabriel Boric",2021-12-10,2021-12-13,2021-12-16,"Gabriel Boric Font","Que no necesitemos los bingos y completadas para pagar un tratamiento 🏥, sino para celebrar un país más justo 🎉. 
Por una salud para todos, sin privilegios. Vota Gabriel Boric 1️⃣",,boricpresidente.cl,,"lower_bound: 0, upper_bound: 999","lower_bound: 0, upper_bound: 99",USD,,,"facebook,instagram","lower_bound: 10001, upper_bound: 50000",es
2088445961324451,177384889097855,"Gabriel Boric",2021-12-10,2021-12-10,2021-12-16,"Gabriel Boric Font","Reformar Carabineros para tener más dotación donde más se necesita, con barrios seguros libres de narcotráfico. Vota Gabriel Boric 1️⃣",,boricpresidente.cl,,"lower_bound: 3000, upper_bound: 3999","lower_bound: 0, upper_bound: 99",USD,"{""age"":""25-34"",""gender"":""unknown"",""percentage"":0.003827},{""age"":""35-44"",""gender"":""unknown"",""percentage"":0.00287},{""age"":""18-24"",""gender"":""unknown"",""percentage"":0.003508},{""age"":""55-64"",""gender"":""male"",""percentage"":0.02551},{""age"":""45-54"",""gender"":""unknown"",""percentage"":0.004145},{""age"":""55-64"",""gender"":""female"",""percentage"":0.032526},{""age"":""35-44"",""gender"":""female"",""percentage"":0.102997},{""age"":""25-34"",""gender"":""male"",""percentage"":0.226722},{""age"":""45-54"",""gender"":""female"",""percentage"":0.069196},{""age"":""25-34"",""gender"":""female"",""percentage"":0.162309},{""age"":""35-44"",""gender"":""male"",""percentage"":0.11352},{""age"":""18-24"",""gender"":""female"",""percentage"":0.104273},{""age"":""45-54"",""gender"":""male"",""percentage"":0.054528},{""age"":""18-24"",""gender"":""male"",""percentage"":0.09375},{""age"":""55-64"",""gender"":""unknown"",""percentage"":0.000319}","{""region"":""Santiago Metropolitan Region"",""percentage"":1}","facebook,instagram","lower_bound: 100001, upper_bound: 500000",es
2760464190921807,177384889097855,"Gabriel Boric",2021-12-10,2021-12-10,2021-12-16,"Gabriel Boric Font","Que la vejez sea para descansar y disfrutar 🫂, no para trabajar porque la pensión no alcanza. Fin a las AFP para una jubilación a los 65 años con un piso de $250.000 mensuales. Para pensiones justas, vota Gabriel Boric 1️⃣",,boricpresidente.cl,,"lower_bound: 450000, upper_bound: 499999","lower_bound: 900, upper_bound: 999",USD,"{""age"":""65+"",""gender"":""unknown"",""percentage"":0.000384},{""age"":""35-44"",""gender"":""female"",""percentage"":0.072397},{""age"":""25-34"",""gender"":""female"",""percentage"":0.129869},{""age"":""65+"",""gender"":""female"",""percentage"":0.031263},{""age"":""65+"",""gender"":""male"",""percentage"":0.027065},{""age"":""35-44"",""gender"":""male"",""percentage"":0.110592},{""age"":""25-34"",""gender"":""male"",""percentage"":0.170942},{""age"":""45-54"",""gender"":""male"",""percentage"":0.082621},{""age"":""55-64"",""gender"":""female"",""percentage"":0.057847},{""age"":""55-64"",""gender"":""unknown"",""percentage"":0.00055},{""age"":""18-24"",""gender"":""female"",""percentage"":0.099579},{""age"":""18-24"",""gender"":""male"",""percentage"":0.086232},{""age"":""55-64"",""gender"":""male"",""percentage"":0.064409},{""age"":""45-54"",""gender"":""female"",""percentage"":0.060122},{""age"":""25-34"",""gender"":""unknown"",""percentage"":0.001588},{""age"":""18-24"",""gender"":""unknown"",""percentage"":0.001671},{""age"":""45-54"",""gender"":""unknown"",""percentage"":0.00106},{""age"":""35-44"",""gender"":""unknown"",""percentage"":0.001809}","{""region"":""Santiago Metropolitan Region"",""percentage"":1}","facebook,instagram","lower_bound: 1000001",es
3017273888535555,177384889097855,"Gabriel Boric",2021-12-10,2021-12-10,2021-12-16,"Gabriel Boric Font","Reformar Carabineros para tener más dotación donde más se necesita, con barrios seguros libres de narcotráfico. Vota Gabriel Boric 1️⃣",,boricpresidente.cl,,"lower_bound: 0, upper_bound: 999","lower_bound: 0, upper_bound: 99",USD,,,"facebook,instagram","lower_bound: 100, upper_bound: 1000",es
3082128432065742,177384889097855,"Gabriel Boric",2021-12-10,2021-12-10,2021-12-16,"Gabriel Boric Font","Reformar Carabineros para tener más dotación donde más se necesita, con barrios seguros libres de narcotráfico. Vota Gabriel Boric 1️⃣",,boricpresidente.cl,,"lower_bound: 0, upper_bound: 999","lower_bound: 0, upper_bound: 99",USD,"{""age"":""55-64"",""gender"":""unknown"",""percentage"":0.003333},{""age"":""65+"",""gender"":""unknown"",""percentage"":0.003333},{""age"":""55-64"",""gender"":""female"",""percentage"":0.283333},{""age"":""65+"",""gender"":""female"",""percentage"":0.28},{""age"":""55-64"",""gender"":""male"",""percentage"":0.183333},{""age"":""65+"",""gender"":""male"",""percentage"":0.246667}","{""region"":""Maule Region"",""percentage"":1}","facebook,instagram","lower_bound: 1001, upper_bound: 5000",es
3170289843208082,177384889097855,"Gabriel Boric",2021-12-10,2021-12-10,2021-12-16,"Gabriel Boric Font","Que la vejez sea para descansar y disfrutar 🫂, no para trabajar porque la pensión no alcanza. Fin a las AFP para una jubilación a los 65 años con un piso de $250.000 mensuales. Para pensiones justas, vota Gabriel Boric 1️⃣",,boricpresidente.cl,,"lower_bound: 2000, upper_bound: 2999","lower_bound: 0, upper_bound: 99",USD,"{""age"":""25-34"",""gender"":""unknown"",""percentage"":0.001855},{""age"":""45-54"",""gender"":""unknown"",""percentage"":0.000464},{""age"":""18-24"",""gender"":""male"",""percentage"":0.097866},{""age"":""45-54"",""gender"":""male"",""percentage"":0.035714},{""age"":""25-34"",""gender"":""male"",""percentage"":0.235158},{""age"":""45-54"",""gender"":""female"",""percentage"":0.044063},{""age"":""35-44"",""gender"":""male"",""percentage"":0.121521},{""age"":""35-44"",""gender"":""female"",""percentage"":0.105751},{""age"":""25-34"",""gender"":""female"",""percentage"":0.191558},{""age"":""18-24"",""gender"":""female"",""percentage"":0.156308},{""age"":""18-24"",""gender"":""unknown"",""percentage"":0.004174},{""age"":""35-44"",""gender"":""unknown"",""percentage"":0.005566}","{""region"":""B\u00edo B\u00edo Region"",""percentage"":1}","facebook,instagram","lower_bound: 5001, upper_bound: 10000",es
3189623434649848,177384889097855,"Gabriel Boric",2021-12-10,2021-12-10,2021-12-16,"Gabriel Boric Font","Las autoridades de gobierno no ganarán más de 5 millones, es decir 10 veces el salario mínimo de $500.000 al que proponemos llegar. Por un Chile sin privilegios, vota Gabriel Boric 1️⃣,Las autoridades de gobierno no ganarán más de 5 millones, es decir 10 veces el salario mínimo de $500.000 al que proponemos llegar. Por un Chile sin privilegios, vota Gabriel Boric 1️⃣,Las autoridades de gobierno no ganarán más de 5 millones, es decir 10 veces el salario mínimo de $500.000 al que proponemos llegar. Por un Chile sin privilegios, vota Gabriel Boric 1️⃣",,boricpresidente.cl,,"lower_bound: 0, upper_bound: 999","lower_bound: 0, upper_bound: 99",USD,"{""age"":""25-34"",""gender"":""unknown"",""percentage"":0.001658},{""age"":""35-44"",""gender"":""female"",""percentage"":0.014925},{""age"":""35-44"",""gender"":""male"",""percentage"":0.018242},{""age"":""18-24"",""gender"":""female"",""percentage"":0.271973},{""age"":""25-34"",""gender"":""male"",""percentage"":0.288557},{""age"":""25-34"",""gender"":""female"",""percentage"":0.240464},{""age"":""18-24"",""gender"":""male"",""percentage"":0.155887},{""age"":""18-24"",""gender"":""unknown"",""percentage"":0.008292}","{""region"":""Valpara\u00edso Region"",""percentage"":1}","facebook,instagram","lower_bound: 5001, upper_bound: 10000",es
3214020452160501,177384889097855,"Gabriel Boric",2021-12-10,2021-12-11,2021-12-16,"Gabriel Boric Font","Diálogo para una paz duradera y todo el rigor de la ley contra quien cometa un delito. Para avanzar con justicia y paz, vota Gabriel Boric 1️⃣",,boricpresidente.cl,,"lower_bound: 0, upper_bound: 999","lower_bound: 0, upper_bound: 99",USD,,,"facebook,instagram","lower_bound: 10001, upper_bound: 50000",es
3419250131549326,177384889097855,"Gabriel Boric",2021-12-10,2021-12-10,2021-12-16,"Gabriel Boric Font","Reformar Carabineros para tener más dotación donde más se necesita, con barrios seguros libres de narcotráfico. Vota Gabriel Boric 1️⃣",,boricpresidente.cl,,"lower_bound: 1000, upper_bound: 1999","lower_bound: 0, upper_bound: 99",USD,"{""age"":""55-64"",""gender"":""female"",""percentage"":0.034965},{""age"":""55-64"",""gender"":""male"",""percentage"":0.027195},{""age"":""35-44"",""gender"":""male"",""percentage"":0.106449},{""age"":""18-24"",""gender"":""male"",""percentage"":0.104895},{""age"":""25-34"",""gender"":""male"",""percentage"":0.198912},{""age"":""35-44"",""gender"":""female"",""percentage"":0.106449},{""age"":""55-64"",""gender"":""unknown"",""percentage"":0.002331},{""age"":""18-24"",""gender"":""female"",""percentage"":0.101787},{""age"":""45-54"",""gender"":""female"",""percentage"":0.079254},{""age"":""25-34"",""gender"":""female"",""percentage"":0.148407},{""age"":""45-54"",""gender"":""male"",""percentage"":0.074592},{""age"":""35-44"",""gender"":""unknown"",""percentage"":0.004662},{""age"":""45-54"",""gender"":""unknown"",""percentage"":0.004662},{""age"":""18-24"",""gender"":""unknown"",""percentage"":0.000777},{""age"":""25-34"",""gender"":""unknown"",""percentage"":0.004662}","{""region"":""Santiago Metropolitan Region"",""percentage"":1}","facebook,instagram","lower_bound: 50001, upper_bound: 100000",es
3985628021540121,177384889097855,"Gabriel Boric",2021-12-10,2021-12-10,2021-12-16,"Gabriel Boric Font","Que la vejez sea para descansar y disfrutar 🫂, no para trabajar porque la pensión no alcanza. Fin a las AFP para una jubilación a los 65 años con un piso de $250.000 mensuales. Para pensiones justas, vota Gabriel Boric 1️⃣",,boricpresidente.cl,,"lower_bound: 5000, upper_bound: 5999","lower_bound: 0, upper_bound: 99",USD,"{""age"":""55-64"",""gender"":""unknown"",""percentage"":0.000992},{""age"":""45-54"",""gender"":""unknown"",""percentage"":0.000744},{""age"":""25-34"",""gender"":""unknown"",""percentage"":0.00248},{""age"":""45-54"",""gender"":""male"",""percentage"":0.067692},{""age"":""35-44"",""gender"":""male"",""percentage"":0.089264},{""age"":""45-54"",""gender"":""female"",""percentage"":0.085792},{""age"":""55-64"",""gender"":""male"",""percentage"":0.031242},{""age"":""25-34"",""gender"":""male"",""percentage"":0.149516},{""age"":""25-34"",""gender"":""female"",""percentage"":0.1758},{""age"":""18-24"",""gender"":""male"",""percentage"":0.102157},{""age"":""18-24"",""gender"":""female"",""percentage"":0.144061},{""age"":""35-44"",""gender"":""female"",""percentage"":0.103893},{""age"":""55-64"",""gender"":""female"",""percentage"":0.044384},{""age"":""18-24"",""gender"":""unknown"",""percentage"":0.001488},{""age"":""35-44"",""gender"":""unknown"",""percentage"":0.000496}","{""region"":""Santiago Metropolitan Region"",""percentage"":1}","facebook,instagram","lower_bound: 10001, upper_bound: 50000",es
4071792829588844,177384889097855,"Gabriel Boric",2021-12-10,2021-12-10,2021-12-16,"Gabriel Boric Font","Que la vejez sea para descansar y disfrutar 🫂, no para trabajar porque la pensión no alcanza. Fin a las AFP para una jubilación a los 65 años con un piso de $250.000 mensuales. Para pensiones justas, vota Gabriel Boric 1️⃣",,boricpresidente.cl,,"lower_bound: 30000, upper_bound: 34999","lower_bound: 0, upper_bound: 99",USD,"{""age"":""55-64"",""gender"":""unknown"",""percentage"":0.000248},{""age"":""35-44"",""gender"":""unknown"",""percentage"":0.001983},{""age"":""45-54"",""gender"":""unknown"",""percentage"":0.001074},{""age"":""25-34"",""gender"":""unknown"",""percentage"":0.001074},{""age"":""18-24"",""gender"":""unknown"",""percentage"":0.001364},{""age"":""45-54"",""gender"":""female"",""percentage"":0.079787},{""age"":""18-24"",""gender"":""male"",""percentage"":0.09272},{""age"":""25-34"",""gender"":""male"",""percentage"":0.180812},{""age"":""25-34"",""gender"":""female"",""percentage"":0.158912},{""age"":""35-44"",""gender"":""male"",""percentage"":0.106024},{""age"":""55-64"",""gender"":""female"",""percentage"":0.042187},{""age"":""18-24"",""gender"":""female"",""percentage"":0.129617},{""age"":""55-64"",""gender"":""male"",""percentage"":0.033014},{""age"":""45-54"",""gender"":""male"",""percentage"":0.076275},{""age"":""35-44"",""gender"":""female"",""percentage"":0.09491}","{""region"":""Maule Region"",""percentage"":1}","facebook,instagram","lower_bound: 100001, upper_bound: 500000",es
4635741153169167,177384889097855,"Gabriel Boric",2021-12-10,2021-12-10,2021-12-16,"Gabriel Boric Font","Que no necesitemos los bingos y completadas para pagar un tratamiento 🏥, sino para celebrar un país más justo 🎉. 
Por una salud para todos, sin privilegios. Vota Gabriel Boric 1️⃣",,boricpresidente.cl,,"lower_bound: 0, upper_bound: 999","lower_bound: 0, upper_bound: 99",USD,"{""age"":""35-44"",""gender"":""unknown"",""percentage"":0.005155},{""age"":""45-54"",""gender"":""unknown"",""percentage"":0.005155},{""age"":""45-54"",""gender"":""male"",""percentage"":0.072165},{""age"":""18-24"",""gender"":""female"",""percentage"":0.139175},{""age"":""55-64"",""gender"":""male"",""percentage"":0.030928},{""age"":""45-54"",""gender"":""female"",""percentage"":0.128866},{""age"":""25-34"",""gender"":""male"",""percentage"":0.149485},{""age"":""55-64"",""gender"":""female"",""percentage"":0.036082},{""age"":""35-44"",""gender"":""male"",""percentage"":0.087629},{""age"":""18-24"",""gender"":""male"",""percentage"":0.07732},{""age"":""35-44"",""gender"":""female"",""percentage"":0.087629},{""age"":""25-34"",""gender"":""female"",""percentage"":0.180412}","{""region"":""Coquimbo Region"",""percentage"":1}","facebook,instagram","lower_bound: 100001, upper_bound: 500000",es
4789024297818459,177384889097855,"Gabriel Boric",2021-12-10,2021-12-10,2021-12-16,"Gabriel Boric Font","Que no tengamos que viajar para hacer un tratamiento por falta de especialistas 🚗, que solo lo hagamos para conocer y disfrutar 🏖️. Por más hospitales, doctores y consultorios para todos 🏥. Vota Gabriel Boric 1️⃣",,boricpresidente.cl,,"lower_bound: 1000, upper_bound: 1999","lower_bound: 0, upper_bound: 99",USD,"{""age"":""25-34"",""gender"":""unknown"",""percentage"":0.001446},{""age"":""65+"",""gender"":""male"",""percentage"":0.0094},{""age"":""55-64"",""gender"":""female"",""percentage"":0.046276},{""age"":""55-64"",""gender"":""male"",""percentage"":0.039769},{""age"":""35-44"",""gender"":""male"",""percentage"":0.084599},{""age"":""18-24"",""gender"":""female"",""percentage"":0.114967},{""age"":""45-54"",""gender"":""male"",""percentage"":0.047722},{""age"":""18-24"",""gender"":""male"",""percentage"":0.062907},{""age"":""25-34"",""gender"":""female"",""percentage"":0.213304},{""age"":""35-44"",""gender"":""female"",""percentage"":0.130152},{""age"":""25-34"",""gender"":""male"",""percentage"":0.138106},{""age"":""65+"",""gender"":""female"",""percentage"":0.021692},{""age"":""45-54"",""gender"":""female"",""percentage"":0.088937},{""age"":""35-44"",""gender"":""unknown"",""percentage"":0.000723}","{""region"":""Antofagasta Region"",""percentage"":1}","facebook,instagram","lower_bound: 10001, upper_bound: 50000",es
4877974078889161,177384889097855,"Gabriel Boric",2021-12-10,2021-12-10,2021-12-12,"Gabriel Boric Font","Las autoridades de gobierno no ganarán más de 5 millones, es decir 10 veces el salario mínimo de $500.000 al que proponemos llegar. Por un Chile sin privilegios para unos poco, vota Gabriel Boric 1️⃣",,boricpresidente.cl,,"lower_bound: 2000, upper_bound: 2999","lower_bound: 0, upper_bound: 99",USD,"{""age"":""35-44"",""gender"":""unknown"",""percentage"":0.002422},{""age"":""55-64"",""gender"":""male"",""percentage"":0.017647},{""age"":""13-17"",""gender"":""female"",""percentage"":0.000346},{""age"":""45-54"",""gender"":""unknown"",""percentage"":0.002422},{""age"":""55-64"",""gender"":""unknown"",""percentage"":0.001038},{""age"":""18-24"",""gender"":""unknown"",""percentage"":0.00173},{""age"":""13-17"",""gender"":""unknown"",""percentage"":0.000346},{""age"":""55-64"",""gender"":""female"",""percentage"":0.014879},{""age"":""45-54"",""gender"":""female"",""percentage"":0.038408},{""age"":""25-34"",""gender"":""unknown"",""percentage"":0.004152},{""age"":""18-24"",""gender"":""female"",""percentage"":0.107266},{""age"":""25-34"",""gender"":""male"",""percentage"":0.255709},{""age"":""35-44"",""gender"":""female"",""percentage"":0.091349},{""age"":""35-44"",""gender"":""male"",""percentage"":0.142907},{""age"":""25-34"",""gender"":""female"",""percentage"":0.170588},{""age"":""45-54"",""gender"":""male"",""percentage"":0.050173},{""age"":""18-24"",""gender"":""male"",""percentage"":0.09827},{""age"":""13-17"",""gender"":""male"",""percentage"":0.000346}","{""region"":""Santiago Metropolitan Region"",""percentage"":1}","facebook,instagram","lower_bound: 100001, upper_bound: 500000",es
955307448693563,177384889097855,"Gabriel Boric",2021-12-10,2021-12-10,2021-12-16,"Gabriel Boric Font","Diálogo para una paz duradera y todo el rigor de la ley contra quien cometa un delito. Para avanzar con justicia y paz, vota Gabriel Boric 1️⃣",,boricpresidente.cl,,"lower_bound: 10000, upper_bound: 14999","lower_bound: 0, upper_bound: 99",USD,"{""age"":""55-64"",""gender"":""unknown"",""percentage"":0.000764},{""age"":""25-34"",""gender"":""male"",""percentage"":0.178653},{""age"":""45-54"",""gender"":""unknown"",""percentage"":0.001964},{""age"":""35-44"",""gender"":""unknown"",""percentage"":0.003929},{""age"":""18-24"",""gender"":""unknown"",""percentage"":0.001855},{""age"":""55-64"",""gender"":""female"",""percentage"":0.047801},{""age"":""45-54"",""gender"":""male"",""percentage"":0.057405},{""age"":""35-44"",""gender"":""male"",""percentage"":0.092983},{""age"":""65+"",""gender"":""female"",""percentage"":0.022809},{""age"":""25-34"",""gender"":""female"",""percentage"":0.177125},{""age"":""25-34"",""gender"":""unknown"",""percentage"":0.002619},{""age"":""18-24"",""gender"":""male"",""percentage"":0.095165},{""age"":""18-24"",""gender"":""female"",""percentage"":0.103678},{""age"":""45-54"",""gender"":""female"",""percentage"":0.069191},{""age"":""55-64"",""gender"":""male"",""percentage"":0.026301},{""age"":""65+"",""gender"":""male"",""percentage"":0.014733},{""age"":""35-44"",""gender"":""female"",""percentage"":0.102477},{""age"":""13-17"",""gender"":""unknown"",""percentage"":0.000109},{""age"":""65+"",""gender"":""unknown"",""percentage"":0.000437}","{""region"":""Araucan\u00eda Region"",""percentage"":1}","facebook,instagram","lower_bound: 100001, upper_bound: 500000",es
493049818636369,177384889097855,"Gabriel Boric",2021-12-07,2021-12-07,2021-12-16,"Gabriel Boric Font","Que la vejez sea para descansar y disfrutar 🫂, no para trabajar porque la pensión no alcanza. Fin a las AFP para una jubilación a los 65 años con un piso de $250.000 mensuales. Para pensiones justas, vota Gabriel Boric 1️⃣",,boricpresidente.cl,,"lower_bound: 125000, upper_bound: 149999","lower_bound: 500, upper_bound: 599",USD,"{""age"":""65+"",""gender"":""unknown"",""percentage"":0.000187},{""age"":""18-24"",""gender"":""male"",""percentage"":0.106035},{""age"":""25-34"",""gender"":""unknown"",""percentage"":0.002555},{""age"":""35-44"",""gender"":""male"",""percentage"":0.08291},{""age"":""25-34"",""gender"":""female"",""percentage"":0.166555},{""age"":""45-54"",""gender"":""male"",""percentage"":0.061577},{""age"":""18-24"",""gender"":""female"",""percentage"":0.130337},{""age"":""35-44"",""gender"":""female"",""percentage"":0.092633},{""age"":""55-64"",""gender"":""female"",""percentage"":0.049206},{""age"":""45-54"",""gender"":""unknown"",""percentage"":0.000548},{""age"":""25-34"",""gender"":""male"",""percentage"":0.149288},{""age"":""45-54"",""gender"":""female"",""percentage"":0.075273},{""age"":""65+"",""gender"":""female"",""percentage"":0.022844},{""age"":""65+"",""gender"":""male"",""percentage"":0.016558},{""age"":""55-64"",""gender"":""male"",""percentage"":0.038385},{""age"":""18-24"",""gender"":""unknown"",""percentage"":0.003277},{""age"":""35-44"",""gender"":""unknown"",""percentage"":0.001498},{""age"":""55-64"",""gender"":""unknown"",""percentage"":0.000334}","{""region"":""Atacama Region"",""percentage"":0.335481},{""region"":""Coquimbo Region"",""percentage"":0.664519}","facebook,instagram","lower_bound: 100001, upper_bound: 500000",es
472212614468273,177384889097855,"Gabriel Boric",2021-12-07,2021-12-07,2021-12-16,"Gabriel Boric Font","Que la vejez sea para descansar y disfrutar 🫂, no para trabajar porque la pensión no alcanza. Fin a las AFP para una jubilación a los 65 años con un piso de $250.000 mensuales. Para pensiones justas, vota Gabriel Boric 1️⃣",,boricpresidente.cl,,"lower_bound: 125000, upper_bound: 149999","lower_bound: 600, upper_bound: 699",USD,"{""age"":""65+"",""gender"":""unknown"",""percentage"":0.000209},{""age"":""35-44"",""gender"":""male"",""percentage"":0.083602},{""age"":""45-54"",""gender"":""unknown"",""percentage"":0.000626},{""age"":""18-24"",""gender"":""male"",""percentage"":0.117636},{""age"":""25-34"",""gender"":""male"",""percentage"":0.167914},{""age"":""18-24"",""gender"":""female"",""percentage"":0.135522},{""age"":""45-54"",""gender"":""female"",""percentage"":0.060876},{""age"":""25-34"",""gender"":""female"",""percentage"":0.166008},{""age"":""18-24"",""gender"":""unknown"",""percentage"":0.003352},{""age"":""35-44"",""gender"":""unknown"",""percentage"":0.001419},{""age"":""55-64"",""gender"":""male"",""percentage"":0.035202},{""age"":""65+"",""gender"":""female"",""percentage"":0.018554},{""age"":""35-44"",""gender"":""female"",""percentage"":0.096871},{""age"":""25-34"",""gender"":""unknown"",""percentage"":0.00274},{""age"":""45-54"",""gender"":""male"",""percentage"":0.053602},{""age"":""55-64"",""gender"":""female"",""percentage"":0.03886},{""age"":""65+"",""gender"":""male"",""percentage"":0.016718},{""age"":""55-64"",""gender"":""unknown"",""percentage"":0.000292}","{""region"":""Arica y Parinacota Region"",""percentage"":0.025452},{""region"":""Antofagasta Region"",""percentage"":0.491038},{""region"":""Tarapac\u00e1 Region"",""percentage"":0.48351}","facebook,instagram","lower_bound: 100001, upper_bound: 500000",es
857179164959313,177384889097855,"Gabriel Boric",2021-12-07,2021-12-08,2021-12-16,"Gabriel Boric Font","La mochila de los chilenos debe ser de aprendizajes 🎒 y no de deudas para alcanzar los sueños. Por una educación gratuita y de calidad, para poner fin al CAE y condonar la deuda histórica de los profesores, vota Gabriel Boric 1️⃣",,boricpresidente.cl,,"lower_bound: 25000, upper_bound: 29999","lower_bound: 0, upper_bound: 99",USD,"{""age"":""55-64"",""gender"":""unknown"",""percentage"":0.000813},{""age"":""18-24"",""gender"":""male"",""percentage"":0.093205},{""age"":""13-17"",""gender"":""female"",""percentage"":0.000181},{""age"":""65+"",""gender"":""unknown"",""percentage"":0.000678},{""age"":""25-34"",""gender"":""unknown"",""percentage"":0.001626},{""age"":""18-24"",""gender"":""unknown"",""percentage"":0.003795},{""age"":""65+"",""gender"":""female"",""percentage"":0.034788},{""age"":""25-34"",""gender"":""male"",""percentage"":0.142676},{""age"":""55-64"",""gender"":""male"",""percentage"":0.058552},{""age"":""45-54"",""gender"":""male"",""percentage"":0.069983},{""age"":""45-54"",""gender"":""unknown"",""percentage"":0.002395},{""age"":""65+"",""gender"":""male"",""percentage"":0.026023},{""age"":""45-54"",""gender"":""female"",""percentage"":0.064381},{""age"":""35-44"",""gender"":""male"",""percentage"":0.094515},{""age"":""55-64"",""gender"":""female"",""percentage"":0.060947},{""age"":""18-24"",""gender"":""female"",""percentage"":0.117647},{""age"":""25-34"",""gender"":""female"",""percentage"":0.138927},{""age"":""35-44"",""gender"":""female"",""percentage"":0.085389},{""age"":""35-44"",""gender"":""unknown"",""percentage"":0.003298},{""age"":""13-17"",""gender"":""male"",""percentage"":0.000181}","{""region"":""Magallanes y la Ant\u00e1rtica Chilena Region"",""percentage"":1}","facebook,instagram","lower_bound: 100001, upper_bound: 500000",es
609587557018827,177384889097855,"Gabriel Boric",2021-12-07,2021-12-08,2021-12-16,"Gabriel Boric Font","Que no necesitemos los bingos y completadas para pagar un tratamiento 🏥, sino para celebrar un país más justo 🎉. 
Por una salud para todos, sin privilegios. Vota Gabriel Boric 1️⃣",,boricpresidente.cl,,"lower_bound: 50000, upper_bound: 59999","lower_bound: 200, upper_bound: 299",USD,"{""age"":""18-24"",""gender"":""unknown"",""percentage"":0.002393},{""age"":""18-24"",""gender"":""female"",""percentage"":0.115213},{""age"":""25-34"",""gender"":""unknown"",""percentage"":0.001855},{""age"":""65+"",""gender"":""unknown"",""percentage"":0.000259},{""age"":""45-54"",""gender"":""unknown"",""percentage"":0.001077},{""age"":""35-44"",""gender"":""unknown"",""percentage"":0.001835},{""age"":""55-64"",""gender"":""male"",""percentage"":0.035399},{""age"":""65+"",""gender"":""female"",""percentage"":0.023892},{""age"":""45-54"",""gender"":""female"",""percentage"":0.077899},{""age"":""65+"",""gender"":""male"",""percentage"":0.016254},{""age"":""25-34"",""gender"":""male"",""percentage"":0.151829},{""age"":""35-44"",""gender"":""male"",""percentage"":0.082885},{""age"":""25-34"",""gender"":""female"",""percentage"":0.199593},{""age"":""18-24"",""gender"":""male"",""percentage"":0.068565},{""age"":""35-44"",""gender"":""female"",""percentage"":0.115472},{""age"":""55-64"",""gender"":""female"",""percentage"":0.051294},{""age"":""45-54"",""gender"":""male"",""percentage"":0.053707},{""age"":""55-64"",""gender"":""unknown"",""percentage"":0.000578}","{""region"":""Antofagasta Region"",""percentage"":1}","facebook,instagram","lower_bound: 100001, upper_bound: 500000",es
197365195848353,177384889097855,"Gabriel Boric",2021-12-07,2021-12-08,2021-12-16,"Gabriel Boric Font","Que no necesitemos los bingos y completadas para pagar un tratamiento 🏥, sino para celebrar un país más justo 🎉. 
Por una salud para todos, sin privilegios. Vota Gabriel Boric 1️⃣",,boricpresidente.cl,,"lower_bound: 150000, upper_bound: 174999","lower_bound: 500, upper_bound: 599",USD,"{""age"":""25-34"",""gender"":""unknown"",""percentage"":0.00155},{""age"":""35-44"",""gender"":""female"",""percentage"":0.097085},{""age"":""35-44"",""gender"":""unknown"",""percentage"":0.002009},{""age"":""18-24"",""gender"":""unknown"",""percentage"":0.001416},{""age"":""45-54"",""gender"":""male"",""percentage"":0.072173},{""age"":""35-44"",""gender"":""male"",""percentage"":0.095733},{""age"":""55-64"",""gender"":""female"",""percentage"":0.058816},{""age"":""65+"",""gender"":""female"",""percentage"":0.02579},{""age"":""45-54"",""gender"":""female"",""percentage"":0.082225},{""age"":""55-64"",""gender"":""unknown"",""percentage"":0.000388},{""age"":""18-24"",""gender"":""female"",""percentage"":0.101703},{""age"":""25-34"",""gender"":""female"",""percentage"":0.158922},{""age"":""18-24"",""gender"":""male"",""percentage"":0.080264},{""age"":""65+"",""gender"":""male"",""percentage"":0.01796},{""age"":""25-34"",""gender"":""male"",""percentage"":0.158067},{""age"":""65+"",""gender"":""unknown"",""percentage"":0.000364},{""age"":""55-64"",""gender"":""male"",""percentage"":0.04439},{""age"":""45-54"",""gender"":""unknown"",""percentage"":0.001147}","{""region"":""O'Higgins Region"",""percentage"":0.476281},{""region"":""Maule Region"",""percentage"":0.523719}","facebook,instagram","lower_bound: 100001, upper_bound: 500000",es
242001231355801,177384889097855,"Gabriel Boric",2021-12-07,2021-12-07,2021-12-16,"Gabriel Boric Font","Que la vejez sea para descansar y disfrutar 🫂, no para trabajar porque la pensión no alcanza. Fin a las AFP para una jubilación a los 65 años con un piso de $250.000 mensuales. Para pensiones justas, vota Gabriel Boric 1️⃣",,boricpresidente.cl,,"lower_bound: 900000, upper_bound: 999999","lower_bound: 2500, upper_bound: 2999",USD,"{""age"":""35-44"",""gender"":""unknown"",""percentage"":0.001427},{""age"":""25-34"",""gender"":""female"",""percentage"":0.152204},{""age"":""65+"",""gender"":""unknown"",""percentage"":0.000258},{""age"":""45-54"",""gender"":""unknown"",""percentage"":0.000739},{""age"":""65+"",""gender"":""female"",""percentage"":0.02117},{""age"":""55-64"",""gender"":""female"",""percentage"":0.052767},{""age"":""25-34"",""gender"":""unknown"",""percentage"":0.002142},{""age"":""45-54"",""gender"":""female"",""percentage"":0.07896},{""age"":""65+"",""gender"":""male"",""percentage"":0.016086},{""age"":""18-24"",""gender"":""unknown"",""percentage"":0.003156},{""age"":""55-64"",""gender"":""male"",""percentage"":0.041732},{""age"":""45-54"",""gender"":""male"",""percentage"":0.074049},{""age"":""35-44"",""gender"":""female"",""percentage"":0.094451},{""age"":""35-44"",""gender"":""male"",""percentage"":0.091095},{""age"":""25-34"",""gender"":""male"",""percentage"":0.142752},{""age"":""18-24"",""gender"":""male"",""percentage"":0.099387},{""age"":""18-24"",""gender"":""female"",""percentage"":0.127331},{""age"":""55-64"",""gender"":""unknown"",""percentage"":0.000295}","{""region"":""O'Higgins Region"",""percentage"":0.391136},{""region"":""Maule Region"",""percentage"":0.608864}","facebook,instagram","lower_bound: 500001, upper_bound: 1000000",es
338143281483439,177384889097855,"Gabriel Boric",2021-12-07,2021-12-08,2021-12-16,"Gabriel Boric Font","Reformar Carabineros para tener más dotación donde más se necesita, con barrios seguros libres de narcotráfico. Vota Gabriel Boric 1️⃣",,boricpresidente.cl,,"lower_bound: 10000, upper_bound: 14999","lower_bound: 200, upper_bound: 299",USD,"{""age"":""25-34"",""gender"":""unknown"",""percentage"":0.008956},{""age"":""18-24"",""gender"":""male"",""percentage"":0.178817},{""age"":""65+"",""gender"":""unknown"",""percentage"":0.001562},{""age"":""18-24"",""gender"":""unknown"",""percentage"":0.016455},{""age"":""55-64"",""gender"":""female"",""percentage"":0.033847},{""age"":""65+"",""gender"":""female"",""percentage"":0.016871},{""age"":""55-64"",""gender"":""male"",""percentage"":0.030202},{""age"":""65+"",""gender"":""male"",""percentage"":0.016559},{""age"":""45-54"",""gender"":""male"",""percentage"":0.047386},{""age"":""35-44"",""gender"":""unknown"",""percentage"":0.005624},{""age"":""25-34"",""gender"":""male"",""percentage"":0.150489},{""age"":""45-54"",""gender"":""female"",""percentage"":0.049156},{""age"":""25-34"",""gender"":""female"",""percentage"":0.13216},{""age"":""35-44"",""gender"":""female"",""percentage"":0.077692},{""age"":""18-24"",""gender"":""female"",""percentage"":0.155697},{""age"":""35-44"",""gender"":""male"",""percentage"":0.07436},{""age"":""45-54"",""gender"":""unknown"",""percentage"":0.002812},{""age"":""55-64"",""gender"":""unknown"",""percentage"":0.001354}","{""region"":""Santiago Metropolitan Region"",""percentage"":1}","facebook,instagram","lower_bound: 50001, upper_bound: 100000",es
425770882375622,177384889097855,"Gabriel Boric",2021-12-07,2021-12-08,2021-12-13,"Gabriel Boric Font","Reformar Carabineros para tener más dotación donde más se necesita, con barrios seguros libres de narcotráfico. Vota Gabriel Boric 1️⃣",,boricpresidente.cl,,"lower_bound: 25000, upper_bound: 29999","lower_bound: 0, upper_bound: 99",USD,"{""age"":""13-17"",""gender"":""female"",""percentage"":0.000252},{""age"":""55-64"",""gender"":""female"",""percentage"":0.052249},{""age"":""55-64"",""gender"":""unknown"",""percentage"":0.001428},{""age"":""35-44"",""gender"":""unknown"",""percentage"":0.004452},{""age"":""65+"",""gender"":""unknown"",""percentage"":0.001596},{""age"":""35-44"",""gender"":""male"",""percentage"":0.085178},{""age"":""55-64"",""gender"":""male"",""percentage"":0.036289},{""age"":""25-34"",""gender"":""male"",""percentage"":0.162418},{""age"":""18-24"",""gender"":""male"",""percentage"":0.105758},{""age"":""35-44"",""gender"":""female"",""percentage"":0.089},{""age"":""45-54"",""gender"":""female"",""percentage"":0.065689},{""age"":""13-17"",""gender"":""unknown"",""percentage"":0.000126},{""age"":""25-34"",""gender"":""female"",""percentage"":0.161074},{""age"":""25-34"",""gender"":""unknown"",""percentage"":0.005418},{""age"":""18-24"",""gender"":""female"",""percentage"":0.105506},{""age"":""45-54"",""gender"":""male"",""percentage"":0.053173},{""age"":""65+"",""gender"":""male"",""percentage"":0.023941},{""age"":""65+"",""gender"":""female"",""percentage"":0.036331},{""age"":""45-54"",""gender"":""unknown"",""percentage"":0.00273},{""age"":""18-24"",""gender"":""unknown"",""percentage"":0.00714},{""age"":""13-17"",""gender"":""male"",""percentage"":0.000252}","{""region"":""Valpara\u00edso Region"",""percentage"":1}","facebook,instagram","lower_bound: 500001, upper_bound: 1000000",es
432334615048973,177384889097855,"Gabriel Boric",2021-12-07,2021-12-07,2021-12-16,"Gabriel Boric Font","Que la vejez sea para descansar y disfrutar 🫂, no para trabajar porque la pensión no alcanza. Fin a las AFP para una jubilación a los 65 años con un piso de $250.000 mensuales. Para pensiones justas, vota Gabriel Boric 1️⃣",,boricpresidente.cl,,"lower_bound: 1000000","lower_bound: 6000, upper_bound: 6999",USD,"{""age"":""45-54"",""gender"":""unknown"",""percentage"":0.001241},{""age"":""55-64"",""gender"":""female"",""percentage"":0.055974},{""age"":""65+"",""gender"":""female"",""percentage"":0.028742},{""age"":""45-54"",""gender"":""female"",""percentage"":0.061728},{""age"":""35-44"",""gender"":""unknown"",""percentage"":0.002018},{""age"":""55-64"",""gender"":""male"",""percentage"":0.046064},{""age"":""65+"",""gender"":""male"",""percentage"":0.021054},{""age"":""35-44"",""gender"":""female"",""percentage"":0.075161},{""age"":""25-34"",""gender"":""unknown"",""percentage"":0.002638},{""age"":""65+"",""gender"":""unknown"",""percentage"":0.000467},{""age"":""45-54"",""gender"":""male"",""percentage"":0.061761},{""age"":""35-44"",""gender"":""male"",""percentage"":0.086704},{""age"":""25-34"",""gender"":""male"",""percentage"":0.16552},{""age"":""25-34"",""gender"":""female"",""percentage"":0.149059},{""age"":""18-24"",""gender"":""unknown"",""percentage"":0.00454},{""age"":""18-24"",""gender"":""male"",""percentage"":0.105594},{""age"":""18-24"",""gender"":""female"",""percentage"":0.131132},{""age"":""55-64"",""gender"":""unknown"",""percentage"":0.000604}","{""region"":""Santiago Metropolitan Region"",""percentage"":1}","facebook,instagram","lower_bound: 1000001",es
442516973953763,177384889097855,"Gabriel Boric",2021-12-07,2021-12-07,2021-12-16,"Gabriel Boric Font","Que la vejez sea para descansar y disfrutar 🫂, no para trabajar porque la pensión no alcanza. Fin a las AFP para una jubilación a los 65 años con un piso de $250.000 mensuales. Para pensiones justas, vota Gabriel Boric 1️⃣",,boricpresidente.cl,,"lower_bound: 500000, upper_bound: 599999","lower_bound: 1500, upper_bound: 1999",USD,"{""age"":""55-64"",""gender"":""unknown"",""percentage"":0.000331},{""age"":""18-24"",""gender"":""female"",""percentage"":0.137873},{""age"":""45-54"",""gender"":""unknown"",""percentage"":0.000916},{""age"":""18-24"",""gender"":""unknown"",""percentage"":0.004447},{""age"":""35-44"",""gender"":""female"",""percentage"":0.092183},{""age"":""35-44"",""gender"":""male"",""percentage"":0.084662},{""age"":""25-34"",""gender"":""male"",""percentage"":0.170437},{""age"":""25-34"",""gender"":""female"",""percentage"":0.164845},{""age"":""45-54"",""gender"":""male"",""percentage"":0.055329},{""age"":""65+"",""gender"":""unknown"",""percentage"":0.000331},{""age"":""18-24"",""gender"":""male"",""percentage"":0.109513},{""age"":""65+"",""gender"":""male"",""percentage"":0.019237},{""age"":""55-64"",""gender"":""male"",""percentage"":0.034584},{""age"":""55-64"",""gender"":""female"",""percentage"":0.041614},{""age"":""45-54"",""gender"":""female"",""percentage"":0.057774},{""age"":""65+"",""gender"":""female"",""percentage"":0.021933},{""age"":""35-44"",""gender"":""unknown"",""percentage"":0.001381},{""age"":""25-34"",""gender"":""unknown"",""percentage"":0.002612}","{""region"":""Arica y Parinacota Region"",""percentage"":0.339133},{""region"":""Antofagasta Region"",""percentage"":0.250382},{""region"":""Tarapac\u00e1 Region"",""percentage"":0.410485}","facebook,instagram","lower_bound: 500001, upper_bound: 1000000",es
586894905947091,177384889097855,"Gabriel Boric",2021-12-07,2021-12-08,2021-12-16,"Gabriel Boric Font","Que no necesitemos los bingos y completadas para pagar un tratamiento 🏥, sino para celebrar un país más justo 🎉. 
Por una salud para todos, sin privilegios. Vota Gabriel Boric 1️⃣",,boricpresidente.cl,,"lower_bound: 60000, upper_bound: 69999","lower_bound: 200, upper_bound: 299",USD,"{""age"":""65+"",""gender"":""unknown"",""percentage"":0.000408},{""age"":""45-54"",""gender"":""female"",""percentage"":0.07915},{""age"":""55-64"",""gender"":""female"",""percentage"":0.064822},{""age"":""65+"",""gender"":""female"",""percentage"":0.026072},{""age"":""55-64"",""gender"":""male"",""percentage"":0.039889},{""age"":""25-34"",""gender"":""male"",""percentage"":0.154883},{""age"":""25-34"",""gender"":""female"",""percentage"":0.176706},{""age"":""18-24"",""gender"":""female"",""percentage"":0.097063},{""age"":""35-44"",""gender"":""female"",""percentage"":0.113345},{""age"":""45-54"",""gender"":""unknown"",""percentage"":0.002379},{""age"":""18-24"",""gender"":""male"",""percentage"":0.071331},{""age"":""35-44"",""gender"":""unknown"",""percentage"":0.003195},{""age"":""35-44"",""gender"":""male"",""percentage"":0.090622},{""age"":""65+"",""gender"":""male"",""percentage"":0.016656},{""age"":""45-54"",""gender"":""male"",""percentage"":0.056154},{""age"":""18-24"",""gender"":""unknown"",""percentage"":0.003076},{""age"":""25-34"",""gender"":""unknown"",""percentage"":0.003127},{""age"":""55-64"",""gender"":""unknown"",""percentage"":0.001122}","{""region"":""Santiago Metropolitan Region"",""percentage"":1}","facebook,instagram","lower_bound: 500001, upper_bound: 1000000",es
606554450638191,177384889097855,"Gabriel Boric",2021-12-07,2021-12-07,2021-12-16,"Gabriel Boric Font","Las autoridades de gobierno no ganarán más de 5 millones, es decir 10 veces el salario mínimo de $500.000 al que proponemos llegar. Por un Chile sin privilegios, vota Gabriel Boric 1️⃣",,boricpresidente.cl,,"lower_bound: 250000, upper_bound: 299999","lower_bound: 900, upper_bound: 999",USD,"{""age"":""65+"",""gender"":""unknown"",""percentage"":0.000414},{""age"":""35-44"",""gender"":""male"",""percentage"":0.086489},{""age"":""45-54"",""gender"":""unknown"",""percentage"":0.001115},{""age"":""25-34"",""gender"":""unknown"",""percentage"":0.002466},{""age"":""35-44"",""gender"":""female"",""percentage"":0.096399},{""age"":""25-34"",""gender"":""female"",""percentage"":0.151852},{""age"":""55-64"",""gender"":""female"",""percentage"":0.06175},{""age"":""25-34"",""gender"":""male"",""percentage"":0.140233},{""age"":""18-24"",""gender"":""female"",""percentage"":0.128594},{""age"":""35-44"",""gender"":""unknown"",""percentage"":0.002067},{""age"":""65+"",""gender"":""female"",""percentage"":0.027117},{""age"":""45-54"",""gender"":""female"",""percentage"":0.077682},{""age"":""18-24"",""gender"":""male"",""percentage"":0.092372},{""age"":""45-54"",""gender"":""male"",""percentage"":0.066609},{""age"":""65+"",""gender"":""male"",""percentage"":0.017446},{""age"":""18-24"",""gender"":""unknown"",""percentage"":0.004246},{""age"":""55-64"",""gender"":""male"",""percentage"":0.042555},{""age"":""55-64"",""gender"":""unknown"",""percentage"":0.000593}","{""region"":""Los R\u00edos Region"",""percentage"":0.151524},{""region"":""B\u00edo B\u00edo Region"",""percentage"":0.702919},{""region"":""Los Lagos Region"",""percentage"":0.145556}","facebook,instagram","lower_bound: 1000001",es
620991972387400,177384889097855,"Gabriel Boric",2021-12-07,2021-12-08,2021-12-12,"Gabriel Boric Font","Que no necesitemos los bingos y completadas para pagar un tratamiento 🏥, sino para celebrar un país más justo 🎉. 
Por una salud para todos, sin privilegios. Vota Gabriel Boric 1️⃣",,boricpresidente.cl,,"lower_bound: 15000, upper_bound: 19999","lower_bound: 100, upper_bound: 199",USD,"{""age"":""55-64"",""gender"":""unknown"",""percentage"":0.000715},{""age"":""25-34"",""gender"":""male"",""percentage"":0.16137},{""age"":""13-17"",""gender"":""male"",""percentage"":0.00026},{""age"":""13-17"",""gender"":""female"",""percentage"":0.000325},{""age"":""25-34"",""gender"":""unknown"",""percentage"":0.00195},{""age"":""13-17"",""gender"":""unknown"",""percentage"":6.5e-5},{""age"":""55-64"",""gender"":""male"",""percentage"":0.026451},{""age"":""18-24"",""gender"":""male"",""percentage"":0.068954},{""age"":""65+"",""gender"":""male"",""percentage"":0.017677},{""age"":""35-44"",""gender"":""male"",""percentage"":0.09443},{""age"":""35-44"",""gender"":""female"",""percentage"":0.13102},{""age"":""18-24"",""gender"":""unknown"",""percentage"":0.002535},{""age"":""65+"",""gender"":""female"",""percentage"":0.024826},{""age"":""25-34"",""gender"":""female"",""percentage"":0.195035},{""age"":""18-24"",""gender"":""female"",""percentage"":0.089296},{""age"":""45-54"",""gender"":""female"",""percentage"":0.075323},{""age"":""55-64"",""gender"":""female"",""percentage"":0.046013},{""age"":""45-54"",""gender"":""male"",""percentage"":0.059596},{""age"":""35-44"",""gender"":""unknown"",""percentage"":0.002535},{""age"":""45-54"",""gender"":""unknown"",""percentage"":0.0013},{""age"":""65+"",""gender"":""unknown"",""percentage"":0.000325}","{""region"":""Atacama Region"",""percentage"":0.274243},{""region"":""Coquimbo Region"",""percentage"":0.725757}","facebook,instagram","lower_bound: 500001, upper_bound: 1000000",es
622142542313614,177384889097855,"Gabriel Boric",2021-12-07,2021-12-08,2021-12-16,"Gabriel Boric Font","Que no necesitemos los bingos y completadas para pagar un tratamiento 🏥, sino para celebrar un país más justo 🎉. 
Por una salud para todos, sin privilegios. Vota Gabriel Boric 1️⃣",,boricpresidente.cl,,"lower_bound: 35000, upper_bound: 39999","lower_bound: 100, upper_bound: 199",USD,"{""age"":""35-44"",""gender"":""unknown"",""percentage"":0.001818},{""age"":""65+"",""gender"":""female"",""percentage"":0.021123},{""age"":""18-24"",""gender"":""unknown"",""percentage"":0.001256},{""age"":""55-64"",""gender"":""unknown"",""percentage"":0.000364},{""age"":""25-34"",""gender"":""unknown"",""percentage"":0.001851},{""age"":""65+"",""gender"":""male"",""percentage"":0.013421},{""age"":""65+"",""gender"":""unknown"",""percentage"":0.000331},{""age"":""55-64"",""gender"":""male"",""percentage"":0.032032},{""age"":""35-44"",""gender"":""male"",""percentage"":0.100889},{""age"":""45-54"",""gender"":""female"",""percentage"":0.095567},{""age"":""45-54"",""gender"":""male"",""percentage"":0.062378},{""age"":""18-24"",""gender"":""male"",""percentage"":0.063039},{""age"":""25-34"",""gender"":""male"",""percentage"":0.145913},{""age"":""55-64"",""gender"":""female"",""percentage"":0.051602},{""age"":""25-34"",""gender"":""female"",""percentage"":0.181812},{""age"":""18-24"",""gender"":""female"",""percentage"":0.089947},{""age"":""35-44"",""gender"":""female"",""percentage"":0.136029},{""age"":""45-54"",""gender"":""unknown"",""percentage"":0.000628}","{""region"":""O'Higgins Region"",""percentage"":0.298935},{""region"":""Maule Region"",""percentage"":0.701065}","facebook,instagram","lower_bound: 100001, upper_bound: 500000",es
627063915384607,177384889097855,"Gabriel Boric",2021-12-07,2021-12-07,2021-12-16,"Gabriel Boric Font","Que la vejez sea para descansar y disfrutar 🫂, no para trabajar porque la pensión no alcanza. Fin a las AFP para una jubilación a los 65 años con un piso de $250.000 mensuales. Para pensiones justas, vota Gabriel Boric 1️⃣",,boricpresidente.cl,,"lower_bound: 250000, upper_bound: 299999","lower_bound: 900, upper_bound: 999",USD,"{""age"":""55-64"",""gender"":""unknown"",""percentage"":0.00026},{""age"":""35-44"",""gender"":""female"",""percentage"":0.097943},{""age"":""35-44"",""gender"":""unknown"",""percentage"":0.001388},{""age"":""18-24"",""gender"":""female"",""percentage"":0.121539},{""age"":""25-34"",""gender"":""female"",""percentage"":0.155768},{""age"":""25-34"",""gender"":""male"",""percentage"":0.1528},{""age"":""18-24"",""gender"":""male"",""percentage"":0.097506},{""age"":""35-44"",""gender"":""male"",""percentage"":0.086761},{""age"":""65+"",""gender"":""female"",""percentage"":0.021051},{""age"":""45-54"",""gender"":""unknown"",""percentage"":0.000677},{""age"":""45-54"",""gender"":""male"",""percentage"":0.066306},{""age"":""55-64"",""gender"":""male"",""percentage"":0.04269},{""age"":""45-54"",""gender"":""female"",""percentage"":0.07837},{""age"":""55-64"",""gender"":""female"",""percentage"":0.053763},{""age"":""65+"",""gender"":""male"",""percentage"":0.017536},{""age"":""25-34"",""gender"":""unknown"",""percentage"":0.00212},{""age"":""18-24"",""gender"":""unknown"",""percentage"":0.003296},{""age"":""65+"",""gender"":""unknown"",""percentage"":0.000226}","{""region"":""Atacama Region"",""percentage"":0.191037},{""region"":""Coquimbo Region"",""percentage"":0.808963}","facebook,instagram","lower_bound: 100001, upper_bound: 500000",es
918958555418764,177384889097855,"Gabriel Boric",2021-12-07,2021-12-07,2021-12-12,"Gabriel Boric Font","Las autoridades de gobierno no ganarán más de 5 millones, es decir 10 veces el salario mínimo de $500.000 al que proponemos llegar. Por un Chile sin privilegios, vota Gabriel Boric 1️⃣",,boricpresidente.cl,,"lower_bound: 45000, upper_bound: 49999","lower_bound: 100, upper_bound: 199",USD,"{""age"":""35-44"",""gender"":""unknown"",""percentage"":0.003145},{""age"":""65+"",""gender"":""female"",""percentage"":0.026151},{""age"":""25-34"",""gender"":""unknown"",""percentage"":0.004324},{""age"":""45-54"",""gender"":""unknown"",""percentage"":0.001572},{""age"":""45-54"",""gender"":""male"",""percentage"":0.054961},{""age"":""65+"",""gender"":""male"",""percentage"":0.016393},{""age"":""55-64"",""gender"":""female"",""percentage"":0.049712},{""age"":""35-44"",""gender"":""male"",""percentage"":0.09547},{""age"":""25-34"",""gender"":""female"",""percentage"":0.176651},{""age"":""18-24"",""gender"":""unknown"",""percentage"":0.006728},{""age"":""18-24"",""gender"":""female"",""percentage"":0.108419},{""age"":""25-34"",""gender"":""male"",""percentage"":0.170108},{""age"":""35-44"",""gender"":""female"",""percentage"":0.102777},{""age"":""18-24"",""gender"":""male"",""percentage"":0.0788},{""age"":""45-54"",""gender"":""female"",""percentage"":0.071123},{""age"":""55-64"",""gender"":""male"",""percentage"":0.032232},{""age"":""55-64"",""gender"":""unknown"",""percentage"":0.000948},{""age"":""65+"",""gender"":""unknown"",""percentage"":0.000486}","{""region"":""Araucan\u00eda Region"",""percentage"":0.362745},{""region"":""B\u00edo B\u00edo Region"",""percentage"":0.349645},{""region"":""Los Lagos Region"",""percentage"":0.287609}","facebook,instagram","lower_bound: 500001, upper_bound: 1000000",es
948146892779678,177384889097855,"Gabriel Boric",2021-12-07,2021-12-08,2021-12-12,"Gabriel Boric Font","Mayor dotación policial y coordinación con los países vecinos para una migración regular y ordenada. Por un gobierno que cuide nuestras fronteras, vota Gabriel Boric 1️⃣",,boricpresidente.cl,,"lower_bound: 10000, upper_bound: 14999","lower_bound: 0, upper_bound: 99",USD,"{""age"":""55-64"",""gender"":""unknown"",""percentage"":0.000865},{""age"":""25-34"",""gender"":""female"",""percentage"":0.169406},{""age"":""18-24"",""gender"":""unknown"",""percentage"":0.010642},{""age"":""65+"",""gender"":""male"",""percentage"":0.013065},{""age"":""25-34"",""gender"":""unknown"",""percentage"":0.007787},{""age"":""65+"",""gender"":""female"",""percentage"":0.014881},{""age"":""35-44"",""gender"":""male"",""percentage"":0.081069},{""age"":""18-24"",""gender"":""female"",""percentage"":0.12978},{""age"":""45-54"",""gender"":""female"",""percentage"":0.047327},{""age"":""65+"",""gender"":""unknown"",""percentage"":0.000433},{""age"":""45-54"",""gender"":""male"",""percentage"":0.043693},{""age"":""18-24"",""gender"":""male"",""percentage"":0.151324},{""age"":""25-34"",""gender"":""male"",""percentage"":0.189652},{""age"":""55-64"",""gender"":""male"",""percentage"":0.026389},{""age"":""55-64"",""gender"":""female"",""percentage"":0.031926},{""age"":""45-54"",""gender"":""unknown"",""percentage"":0.000865},{""age"":""35-44"",""gender"":""female"",""percentage"":0.077349},{""age"":""35-44"",""gender"":""unknown"",""percentage"":0.003547}","{""region"":""Atacama Region"",""percentage"":0.324303},{""region"":""Coquimbo Region"",""percentage"":0.675697}","facebook,instagram","lower_bound: 100001, upper_bound: 500000",es
1008852543001084,177384889097855,"Gabriel Boric",2021-12-07,2021-12-07,2021-12-16,"Gabriel Boric Font","Que la vejez sea para descansar y disfrutar 🫂, no para trabajar porque la pensión no alcanza. Fin a las AFP para una jubilación a los 65 años con un piso de $250.000 mensuales. Para pensiones justas, vota Gabriel Boric 1️⃣",,boricpresidente.cl,,"lower_bound: 450000, upper_bound: 499999","lower_bound: 1000, upper_bound: 1499",USD,"{""age"":""35-44"",""gender"":""unknown"",""percentage"":0.002189},{""age"":""18-24"",""gender"":""unknown"",""percentage"":0.003657},{""age"":""25-34"",""gender"":""unknown"",""percentage"":0.002852},{""age"":""65+"",""gender"":""female"",""percentage"":0.031276},{""age"":""55-64"",""gender"":""male"",""percentage"":0.045888},{""age"":""55-64"",""gender"":""female"",""percentage"":0.057919},{""age"":""45-54"",""gender"":""unknown"",""percentage"":0.001143},{""age"":""45-54"",""gender"":""female"",""percentage"":0.067286},{""age"":""35-44"",""gender"":""male"",""percentage"":0.088395},{""age"":""55-64"",""gender"":""unknown"",""percentage"":0.000492},{""age"":""35-44"",""gender"":""female"",""percentage"":0.085092},{""age"":""45-54"",""gender"":""male"",""percentage"":0.064792},{""age"":""25-34"",""gender"":""male"",""percentage"":0.150147},{""age"":""18-24"",""gender"":""female"",""percentage"":0.123808},{""age"":""18-24"",""gender"":""male"",""percentage"":0.098416},{""age"":""25-34"",""gender"":""female"",""percentage"":0.153216},{""age"":""65+"",""gender"":""male"",""percentage"":0.022923},{""age"":""65+"",""gender"":""unknown"",""percentage"":0.000509}","{""region"":""Valpara\u00edso Region"",""percentage"":1}","facebook,instagram","lower_bound: 500001, upper_bound: 1000000",es
1122947365196966,177384889097855,"Gabriel Boric",2021-12-07,2021-12-07,2021-12-16,"Gabriel Boric Font","Que la vejez sea para descansar y disfrutar 🫂, no para trabajar porque la pensión no alcanza. Fin a las AFP para una jubilación a los 65 años con un piso de $250.000 mensuales. Para pensiones justas, vota Gabriel Boric 1️⃣",,boricpresidente.cl,,"lower_bound: 1000000","lower_bound: 4000, upper_bound: 4499",USD,"{""age"":""65+"",""gender"":""unknown"",""percentage"":0.000507},{""age"":""55-64"",""gender"":""male"",""percentage"":0.031785},{""age"":""55-64"",""gender"":""unknown"",""percentage"":0.000652},{""age"":""65+"",""gender"":""male"",""percentage"":0.016726},{""age"":""55-64"",""gender"":""female"",""percentage"":0.04503},{""age"":""35-44"",""gender"":""unknown"",""percentage"":0.00246},{""age"":""45-54"",""gender"":""female"",""percentage"":0.055232},{""age"":""25-34"",""gender"":""unknown"",""percentage"":0.004436},{""age"":""65+"",""gender"":""female"",""percentage"":0.024507},{""age"":""18-24"",""gender"":""female"",""percentage"":0.14783},{""age"":""35-44"",""gender"":""female"",""percentage"":0.078457},{""age"":""35-44"",""gender"":""male"",""percentage"":0.078344},{""age"":""18-24"",""gender"":""unknown"",""percentage"":0.007715},{""age"":""45-54"",""gender"":""male"",""percentage"":0.04755},{""age"":""25-34"",""gender"":""female"",""percentage"":0.167517},{""age"":""25-34"",""gender"":""male"",""percentage"":0.171395},{""age"":""18-24"",""gender"":""male"",""percentage"":0.118391},{""age"":""45-54"",""gender"":""unknown"",""percentage"":0.001466}","{""region"":""Santiago Metropolitan Region"",""percentage"":1}","facebook,instagram","lower_bound: 1000001",es
1516196398776118,177384889097855,"Gabriel Boric",2021-12-07,2021-12-07,2021-12-16,"Gabriel Boric Font","Que la vejez sea para descansar y disfrutar 🫂, no para trabajar porque la pensión no alcanza. Fin a las AFP para una jubilación a los 65 años con un piso de $250.000 mensuales. Para pensiones justas, vota Gabriel Boric 1️⃣",,boricpresidente.cl,,"lower_bound: 100000, upper_bound: 124999","lower_bound: 200, upper_bound: 299",USD,"{""age"":""13-17"",""gender"":""male"",""percentage"":3.7e-5},{""age"":""18-24"",""gender"":""female"",""percentage"":0.102775},{""age"":""18-24"",""gender"":""unknown"",""percentage"":0.003671},{""age"":""65+"",""gender"":""unknown"",""percentage"":0.000679},{""age"":""45-54"",""gender"":""unknown"",""percentage"":0.000881},{""age"":""65+"",""gender"":""female"",""percentage"":0.023129},{""age"":""35-44"",""gender"":""unknown"",""percentage"":0.002386},{""age"":""25-34"",""gender"":""unknown"",""percentage"":0.003084},{""age"":""35-44"",""gender"":""female"",""percentage"":0.092918},{""age"":""18-24"",""gender"":""male"",""percentage"":0.083006},{""age"":""55-64"",""gender"":""unknown"",""percentage"":0.000569},{""age"":""45-54"",""gender"":""female"",""percentage"":0.073883},{""age"":""25-34"",""gender"":""male"",""percentage"":0.162414},{""age"":""25-34"",""gender"":""female"",""percentage"":0.156302},{""age"":""55-64"",""gender"":""male"",""percentage"":0.044495},{""age"":""35-44"",""gender"":""male"",""percentage"":0.104666},{""age"":""65+"",""gender"":""male"",""percentage"":0.019604},{""age"":""45-54"",""gender"":""male"",""percentage"":0.075462},{""age"":""55-64"",""gender"":""female"",""percentage"":0.049983},{""age"":""13-17"",""gender"":""female"",""percentage"":5.5e-5}","{""region"":""Ays\u00e9n Region"",""percentage"":0.770445},{""region"":""Magallanes y la Ant\u00e1rtica Chilena Region"",""percentage"":0.229555}","facebook,instagram","lower_bound: 100001, upper_bound: 500000",es
1882332805290281,177384889097855,"Gabriel Boric",2021-12-07,2021-12-07,2021-12-16,"Gabriel Boric Font","Que la vejez sea para descansar y disfrutar 🫂, no para trabajar porque la pensión no alcanza. Fin a las AFP para una jubilación a los 65 años con un piso de $250.000 mensuales. Para pensiones justas, vota Gabriel Boric 1️⃣",,boricpresidente.cl,,"lower_bound: 450000, upper_bound: 499999","lower_bound: 1500, upper_bound: 1999",USD,"{""age"":""35-44"",""gender"":""unknown"",""percentage"":0.001923},{""age"":""35-44"",""gender"":""male"",""percentage"":0.081072},{""age"":""18-24"",""gender"":""female"",""percentage"":0.128971},{""age"":""18-24"",""gender"":""male"",""percentage"":0.103852},{""age"":""25-34"",""gender"":""male"",""percentage"":0.159228},{""age"":""65+"",""gender"":""unknown"",""percentage"":0.000471},{""age"":""25-34"",""gender"":""female"",""percentage"":0.156547},{""age"":""35-44"",""gender"":""female"",""percentage"":0.08622},{""age"":""55-64"",""gender"":""female"",""percentage"":0.057703},{""age"":""18-24"",""gender"":""unknown"",""percentage"":0.005019},{""age"":""45-54"",""gender"":""female"",""percentage"":0.064978},{""age"":""55-64"",""gender"":""male"",""percentage"":0.040114},{""age"":""45-54"",""gender"":""unknown"",""percentage"":0.001299},{""age"":""65+"",""gender"":""male"",""percentage"":0.02187},{""age"":""65+"",""gender"":""female"",""percentage"":0.03294},{""age"":""45-54"",""gender"":""male"",""percentage"":0.054045},{""age"":""25-34"",""gender"":""unknown"",""percentage"":0.00312},{""age"":""55-64"",""gender"":""unknown"",""percentage"":0.000628}","{""region"":""Valpara\u00edso Region"",""percentage"":1}","facebook,instagram","lower_bound: 500001, upper_bound: 1000000",es
3183787645232091,177384889097855,"Gabriel Boric",2021-12-07,2021-12-08,2021-12-16,"Gabriel Boric Font","Que no necesitemos los bingos y completadas para pagar un tratamiento 🏥, sino para celebrar un país más justo 🎉. 
Por una salud para todos, sin privilegios. Vota Gabriel Boric 1️⃣",,boricpresidente.cl,,"lower_bound: 50000, upper_bound: 59999","lower_bound: 100, upper_bound: 199",USD,"{""age"":""45-54"",""gender"":""unknown"",""percentage"":0.002066},{""age"":""18-24"",""gender"":""female"",""percentage"":0.083683},{""age"":""18-24"",""gender"":""unknown"",""percentage"":0.002},{""age"":""65+"",""gender"":""male"",""percentage"":0.021542},{""age"":""25-34"",""gender"":""unknown"",""percentage"":0.002264},{""age"":""55-64"",""gender"":""male"",""percentage"":0.037852},{""age"":""25-34"",""gender"":""male"",""percentage"":0.145891},{""age"":""35-44"",""gender"":""male"",""percentage"":0.093157},{""age"":""18-24"",""gender"":""male"",""percentage"":0.064801},{""age"":""65+"",""gender"":""unknown"",""percentage"":0.000681},{""age"":""45-54"",""gender"":""female"",""percentage"":0.085727},{""age"":""45-54"",""gender"":""male"",""percentage"":0.057569},{""age"":""25-34"",""gender"":""female"",""percentage"":0.178291},{""age"":""35-44"",""gender"":""female"",""percentage"":0.122898},{""age"":""55-64"",""gender"":""female"",""percentage"":0.062251},{""age"":""35-44"",""gender"":""unknown"",""percentage"":0.002902},{""age"":""65+"",""gender"":""female"",""percentage"":0.03561},{""age"":""55-64"",""gender"":""unknown"",""percentage"":0.000813}","{""region"":""Valpara\u00edso Region"",""percentage"":1}","facebook,instagram","lower_bound: 500001, upper_bound: 1000000",es
6637617529642897,177384889097855,"Gabriel Boric",2021-12-07,2021-12-07,2021-12-13,"Gabriel Boric Font","Que la vejez sea para descansar y disfrutar 🫂, no para trabajar porque la pensión no alcanza. Fin a las AFP para una jubilación a los 65 años con un piso de $250.000 mensuales. Para pensiones justas, vota Gabriel Boric 1️⃣",,boricpresidente.cl,,"lower_bound: 700000, upper_bound: 799999","lower_bound: 2000, upper_bound: 2499",USD,"{""age"":""25-34"",""gender"":""male"",""percentage"":0.132815},{""age"":""55-64"",""gender"":""female"",""percentage"":0.061658},{""age"":""18-24"",""gender"":""unknown"",""percentage"":0.003712},{""age"":""45-54"",""gender"":""unknown"",""percentage"":0.000669},{""age"":""35-44"",""gender"":""unknown"",""percentage"":0.001342},{""age"":""55-64"",""gender"":""unknown"",""percentage"":0.000348},{""age"":""55-64"",""gender"":""male"",""percentage"":0.047137},{""age"":""25-34"",""gender"":""unknown"",""percentage"":0.002215},{""age"":""65+"",""gender"":""male"",""percentage"":0.018119},{""age"":""45-54"",""gender"":""female"",""percentage"":0.085518},{""age"":""35-44"",""gender"":""male"",""percentage"":0.087856},{""age"":""18-24"",""gender"":""female"",""percentage"":0.12481},{""age"":""65+"",""gender"":""female"",""percentage"":0.025279},{""age"":""35-44"",""gender"":""female"",""percentage"":0.089355},{""age"":""25-34"",""gender"":""female"",""percentage"":0.140503},{""age"":""45-54"",""gender"":""male"",""percentage"":0.073872},{""age"":""18-24"",""gender"":""male"",""percentage"":0.104508},{""age"":""65+"",""gender"":""unknown"",""percentage"":0.000284}","{""region"":""Los R\u00edos Region"",""percentage"":0.08038},{""region"":""Araucan\u00eda Region"",""percentage"":0.273085},{""region"":""B\u00edo B\u00edo Region"",""percentage"":0.349918},{""region"":""Los Lagos Region"",""percentage"":0.296617}","facebook,instagram","lower_bound: 1000001",es
200718798826579,177384889097855,"Gabriel Boric",2021-12-07,2021-12-07,2021-12-16,"Gabriel Boric Font","Las autoridades de gobierno no ganarán más de 5 millones, es decir 10 veces el salario mínimo de $500.000 al que proponemos llegar. Por un Chile sin privilegios, vota Gabriel Boric 1️⃣",,boricpresidente.cl,,"lower_bound: 300000, upper_bound: 349999","lower_bound: 600, upper_bound: 699",USD,"{""age"":""65+"",""gender"":""unknown"",""percentage"":0.000268},{""age"":""25-34"",""gender"":""male"",""percentage"":0.144234},{""age"":""25-34"",""gender"":""unknown"",""percentage"":0.002084},{""age"":""18-24"",""gender"":""unknown"",""percentage"":0.003161},{""age"":""55-64"",""gender"":""female"",""percentage"":0.060122},{""age"":""18-24"",""gender"":""female"",""percentage"":0.115639},{""age"":""45-54"",""gender"":""female"",""percentage"":0.091213},{""age"":""55-64"",""gender"":""unknown"",""percentage"":0.000428},{""age"":""35-44"",""gender"":""female"",""percentage"":0.0978},{""age"":""35-44"",""gender"":""unknown"",""percentage"":0.001567},{""age"":""18-24"",""gender"":""male"",""percentage"":0.091256},{""age"":""35-44"",""gender"":""male"",""percentage"":0.09012},{""age"":""25-34"",""gender"":""female"",""percentage"":0.144094},{""age"":""45-54"",""gender"":""male"",""percentage"":0.074664},{""age"":""65+"",""gender"":""female"",""percentage"":0.024248},{""age"":""55-64"",""gender"":""male"",""percentage"":0.042165},{""age"":""65+"",""gender"":""male"",""percentage"":0.016078},{""age"":""45-54"",""gender"":""unknown"",""percentage"":0.000859}","{""region"":""Los R\u00edos Region"",""percentage"":0.081404},{""region"":""Araucan\u00eda Region"",""percentage"":0.278223},{""region"":""B\u00edo B\u00edo Region"",""percentage"":0.350791},{""region"":""Los Lagos Region"",""percentage"":0.289582}","facebook,instagram","lower_bound: 1000001",es
212786651040127,177384889097855,"Gabriel Boric",2021-12-07,2021-12-08,2021-12-16,"Gabriel Boric Font","Mayor dotación policial y coordinación con los países vecinos para una migración regular y ordenada. Por un gobierno que cuide nuestras fronteras, vota Gabriel Boric 1️⃣",,boricpresidente.cl,,"lower_bound: 60000, upper_bound: 69999","lower_bound: 100, upper_bound: 199",USD,"{""age"":""25-34"",""gender"":""unknown"",""percentage"":0.002694},{""age"":""25-34"",""gender"":""male"",""percentage"":0.180766},{""age"":""18-24"",""gender"":""unknown"",""percentage"":0.005086},{""age"":""45-54"",""gender"":""unknown"",""percentage"":0.001223},{""age"":""65+"",""gender"":""unknown"",""percentage"":0.000284},{""age"":""65+"",""gender"":""female"",""percentage"":0.019386},{""age"":""65+"",""gender"":""male"",""percentage"":0.01531},{""age"":""35-44"",""gender"":""unknown"",""percentage"":0.002056},{""age"":""45-54"",""gender"":""male"",""percentage"":0.049458},{""age"":""55-64"",""gender"":""female"",""percentage"":0.03615},{""age"":""18-24"",""gender"":""female"",""percentage"":0.121917},{""age"":""25-34"",""gender"":""female"",""percentage"":0.167334},{""age"":""35-44"",""gender"":""female"",""percentage"":0.097392},{""age"":""35-44"",""gender"":""male"",""percentage"":0.095088},{""age"":""18-24"",""gender"":""male"",""percentage"":0.120694},{""age"":""55-64"",""gender"":""male"",""percentage"":0.0283},{""age"":""45-54"",""gender"":""female"",""percentage"":0.05644},{""age"":""55-64"",""gender"":""unknown"",""percentage"":0.000425}","{""region"":""Arica y Parinacota Region"",""percentage"":0.353881},{""region"":""Antofagasta Region"",""percentage"":0.254612},{""region"":""Tarapac\u00e1 Region"",""percentage"":0.391507}","facebook,instagram","lower_bound: 500001, upper_bound: 1000000",es
227915499482877,177384889097855,"Gabriel Boric",2021-12-07,2021-12-08,2021-12-16,"Gabriel Boric Font","Que no necesitemos los bingos y completadas para pagar un tratamiento 🏥, sino para celebrar un país más justo 🎉. 
Por una salud para todos, sin privilegios. Vota Gabriel Boric 1️⃣",,boricpresidente.cl,,"lower_bound: 300000, upper_bound: 349999","lower_bound: 700, upper_bound: 799",USD,"{""age"":""55-64"",""gender"":""unknown"",""percentage"":0.000294},{""age"":""25-34"",""gender"":""female"",""percentage"":0.161607},{""age"":""25-34"",""gender"":""unknown"",""percentage"":0.001357},{""age"":""55-64"",""gender"":""male"",""percentage"":0.040551},{""age"":""45-54"",""gender"":""unknown"",""percentage"":0.000631},{""age"":""65+"",""gender"":""unknown"",""percentage"":0.000176},{""age"":""65+"",""gender"":""female"",""percentage"":0.020981},{""age"":""18-24"",""gender"":""female"",""percentage"":0.103474},{""age"":""25-34"",""gender"":""male"",""percentage"":0.134616},{""age"":""18-24"",""gender"":""unknown"",""percentage"":0.001177},{""age"":""35-44"",""gender"":""female"",""percentage"":0.118082},{""age"":""18-24"",""gender"":""male"",""percentage"":0.06917},{""age"":""55-64"",""gender"":""female"",""percentage"":0.060075},{""age"":""35-44"",""gender"":""male"",""percentage"":0.098191},{""age"":""45-54"",""gender"":""female"",""percentage"":0.096661},{""age"":""65+"",""gender"":""male"",""percentage"":0.014669},{""age"":""45-54"",""gender"":""male"",""percentage"":0.076931},{""age"":""35-44"",""gender"":""unknown"",""percentage"":0.001357}","{""region"":""Los R\u00edos Region"",""percentage"":0.088457},{""region"":""Araucan\u00eda Region"",""percentage"":0.274526},{""region"":""B\u00edo B\u00edo Region"",""percentage"":0.321568},{""region"":""Los Lagos Region"",""percentage"":0.315449}","facebook,instagram","lower_bound: 1000001",es
229958635932918,177384889097855,"Gabriel Boric",2021-12-07,2021-12-07,2021-12-16,"Gabriel Boric Font","Que la vejez sea para descansar y disfrutar 🫂, no para trabajar porque la pensión no alcanza. Fin a las AFP para una jubilación a los 65 años con un piso de $250.000 mensuales. Para pensiones justas, vota Gabriel Boric 1️⃣",,boricpresidente.cl,,"lower_bound: 450000, upper_bound: 499999","lower_bound: 1000, upper_bound: 1499",USD,"{""age"":""35-44"",""gender"":""unknown"",""percentage"":0.002021},{""age"":""55-64"",""gender"":""female"",""percentage"":0.050292},{""age"":""25-34"",""gender"":""unknown"",""percentage"":0.002633},{""age"":""55-64"",""gender"":""unknown"",""percentage"":0.000597},{""age"":""45-54"",""gender"":""unknown"",""percentage"":0.001201},{""age"":""18-24"",""gender"":""unknown"",""percentage"":0.00369},{""age"":""55-64"",""gender"":""male"",""percentage"":0.03746},{""age"":""65+"",""gender"":""male"",""percentage"":0.018115},{""age"":""45-54"",""gender"":""female"",""percentage"":0.065785},{""age"":""18-24"",""gender"":""male"",""percentage"":0.100662},{""age"":""25-34"",""gender"":""male"",""percentage"":0.173565},{""age"":""45-54"",""gender"":""male"",""percentage"":0.063746},{""age"":""65+"",""gender"":""female"",""percentage"":0.026174},{""age"":""35-44"",""gender"":""male"",""percentage"":0.08536},{""age"":""35-44"",""gender"":""female"",""percentage"":0.086363},{""age"":""25-34"",""gender"":""female"",""percentage"":0.158032},{""age"":""18-24"",""gender"":""female"",""percentage"":0.12387},{""age"":""65+"",""gender"":""unknown"",""percentage"":0.000435}","{""region"":""Araucan\u00eda Region"",""percentage"":0.379956},{""region"":""B\u00edo B\u00edo Region"",""percentage"":0.306326},{""region"":""Los Lagos Region"",""percentage"":0.313719}","facebook,instagram","lower_bound: 500001, upper_bound: 1000000",es
230661252517882,177384889097855,"Gabriel Boric",2021-12-07,2021-12-08,2021-12-16,"Gabriel Boric Font","Reformar Carabineros para tener más dotación donde más se necesita, con barrios seguros libres de narcotráfico. Vota Gabriel Boric 1️⃣",,boricpresidente.cl,,"lower_bound: 250000, upper_bound: 299999","lower_bound: 700, upper_bound: 799",USD,"{""age"":""65+"",""gender"":""unknown"",""percentage"":0.000482},{""age"":""25-34"",""gender"":""female"",""percentage"":0.160751},{""age"":""45-54"",""gender"":""unknown"",""percentage"":0.001869},{""age"":""25-34"",""gender"":""unknown"",""percentage"":0.003193},{""age"":""65+"",""gender"":""male"",""percentage"":0.017363},{""age"":""35-44"",""gender"":""female"",""percentage"":0.096181},{""age"":""18-24"",""gender"":""female"",""percentage"":0.091969},{""age"":""55-64"",""gender"":""female"",""percentage"":0.05022},{""age"":""55-64"",""gender"":""male"",""percentage"":0.03946},{""age"":""18-24"",""gender"":""unknown"",""percentage"":0.004124},{""age"":""45-54"",""gender"":""female"",""percentage"":0.067131},{""age"":""25-34"",""gender"":""male"",""percentage"":0.186884},{""age"":""18-24"",""gender"":""male"",""percentage"":0.084693},{""age"":""35-44"",""gender"":""male"",""percentage"":0.106566},{""age"":""45-54"",""gender"":""male"",""percentage"":0.060454},{""age"":""65+"",""gender"":""female"",""percentage"":0.024753},{""age"":""35-44"",""gender"":""unknown"",""percentage"":0.00309},{""age"":""55-64"",""gender"":""unknown"",""percentage"":0.000817}","{""region"":""Santiago Metropolitan Region"",""percentage"":1}","facebook,instagram","lower_bound: 1000001",es
239061544860280,177384889097855,"Gabriel Boric",2021-12-07,2021-12-07,2021-12-16,"Gabriel Boric Font","Que la vejez sea para descansar y disfrutar 🫂, no para trabajar porque la pensión no alcanza. Fin a las AFP para una jubilación a los 65 años con un piso de $250.000 mensuales. Para pensiones justas, vota Gabriel Boric 1️⃣",,boricpresidente.cl,,"lower_bound: 600000, upper_bound: 699999","lower_bound: 2500, upper_bound: 2999",USD,"{""age"":""65+"",""gender"":""unknown"",""percentage"":0.000409},{""age"":""18-24"",""gender"":""female"",""percentage"":0.153861},{""age"":""18-24"",""gender"":""unknown"",""percentage"":0.006402},{""age"":""65+"",""gender"":""female"",""percentage"":0.024945},{""age"":""65+"",""gender"":""male"",""percentage"":0.017686},{""age"":""45-54"",""gender"":""female"",""percentage"":0.060888},{""age"":""55-64"",""gender"":""male"",""percentage"":0.038778},{""age"":""45-54"",""gender"":""male"",""percentage"":0.047936},{""age"":""35-44"",""gender"":""unknown"",""percentage"":0.002065},{""age"":""25-34"",""gender"":""unknown"",""percentage"":0.003719},{""age"":""35-44"",""gender"":""male"",""percentage"":0.071339},{""age"":""35-44"",""gender"":""female"",""percentage"":0.073275},{""age"":""55-64"",""gender"":""female"",""percentage"":0.058846},{""age"":""25-34"",""gender"":""female"",""percentage"":0.152629},{""age"":""25-34"",""gender"":""male"",""percentage"":0.161413},{""age"":""18-24"",""gender"":""male"",""percentage"":0.12393},{""age"":""45-54"",""gender"":""unknown"",""percentage"":0.001279},{""age"":""55-64"",""gender"":""unknown"",""percentage"":0.000599}","{""region"":""Santiago Metropolitan Region"",""percentage"":1}","facebook,instagram","lower_bound: 500001, upper_bound: 1000000",es
245451554349655,177384889097855,"Gabriel Boric",2021-12-07,2021-12-07,2021-12-12,"Gabriel Boric Font","Que la vejez sea para descansar y disfrutar 🫂, no para trabajar porque la pensión no alcanza. Fin a las AFP para una jubilación a los 65 años con un piso de $250.000 mensuales. Para pensiones justas, vota Gabriel Boric 1️⃣",,boricpresidente.cl,,"lower_bound: 350000, upper_bound: 399999","lower_bound: 1000, upper_bound: 1499",USD,"{""age"":""65+"",""gender"":""male"",""percentage"":0.019335},{""age"":""55-64"",""gender"":""female"",""percentage"":0.059573},{""age"":""65+"",""gender"":""unknown"",""percentage"":0.000406},{""age"":""55-64"",""gender"":""unknown"",""percentage"":0.000552},{""age"":""25-34"",""gender"":""unknown"",""percentage"":0.00361},{""age"":""18-24"",""gender"":""unknown"",""percentage"":0.00579},{""age"":""35-44"",""gender"":""unknown"",""percentage"":0.001878},{""age"":""45-54"",""gender"":""male"",""percentage"":0.06422},{""age"":""45-54"",""gender"":""female"",""percentage"":0.070957},{""age"":""55-64"",""gender"":""male"",""percentage"":0.044433},{""age"":""65+"",""gender"":""female"",""percentage"":0.029034},{""age"":""25-34"",""gender"":""male"",""percentage"":0.14676},{""age"":""35-44"",""gender"":""female"",""percentage"":0.081899},{""age"":""18-24"",""gender"":""female"",""percentage"":0.13982},{""age"":""35-44"",""gender"":""male"",""percentage"":0.074387},{""age"":""25-34"",""gender"":""female"",""percentage"":0.150682},{""age"":""18-24"",""gender"":""male"",""percentage"":0.105698},{""age"":""45-54"",""gender"":""unknown"",""percentage"":0.000967}","{""region"":""Los R\u00edos Region"",""percentage"":0.153108},{""region"":""B\u00edo B\u00edo Region"",""percentage"":0.70497},{""region"":""Los Lagos Region"",""percentage"":0.141922}","facebook,instagram","lower_bound: 1000001",es
299436355415452,177384889097855,"Gabriel Boric",2021-12-07,2021-12-08,2021-12-16,"Gabriel Boric Font","Que no necesitemos los bingos y completadas para pagar un tratamiento 🏥, sino para celebrar un país más justo 🎉. 
Por una salud para todos, sin privilegios. Vota Gabriel Boric 1️⃣",,boricpresidente.cl,,"lower_bound: 20000, upper_bound: 24999","lower_bound: 0, upper_bound: 99",USD,"{""age"":""65+"",""gender"":""unknown"",""percentage"":0.000139},{""age"":""45-54"",""gender"":""female"",""percentage"":0.081313},{""age"":""35-44"",""gender"":""unknown"",""percentage"":0.002032},{""age"":""55-64"",""gender"":""unknown"",""percentage"":0.000277},{""age"":""18-24"",""gender"":""unknown"",""percentage"":0.00217},{""age"":""45-54"",""gender"":""male"",""percentage"":0.065799},{""age"":""65+"",""gender"":""male"",""percentage"":0.0163},{""age"":""18-24"",""gender"":""male"",""percentage"":0.068153},{""age"":""35-44"",""gender"":""male"",""percentage"":0.096412},{""age"":""25-34"",""gender"":""unknown"",""percentage"":0.002216},{""age"":""25-34"",""gender"":""female"",""percentage"":0.185298},{""age"":""25-34"",""gender"":""male"",""percentage"":0.154315},{""age"":""55-64"",""gender"":""female"",""percentage"":0.054301},{""age"":""35-44"",""gender"":""female"",""percentage"":0.122408},{""age"":""18-24"",""gender"":""female"",""percentage"":0.087408},{""age"":""55-64"",""gender"":""male"",""percentage"":0.038232},{""age"":""65+"",""gender"":""female"",""percentage"":0.022579},{""age"":""45-54"",""gender"":""unknown"",""percentage"":0.000646}","{""region"":""Atacama Region"",""percentage"":0.200519},{""region"":""Coquimbo Region"",""percentage"":0.799481}","facebook,instagram","lower_bound: 100001, upper_bound: 500000",es
319248156501413,177384889097855,"Gabriel Boric",2021-12-07,2021-12-07,2021-12-16,"Gabriel Boric Font","Que la vejez sea para descansar y disfrutar 🫂, no para trabajar porque la pensión no alcanza. Fin a las AFP para una jubilación a los 65 años con un piso de $250.000 mensuales. Para pensiones justas, vota Gabriel Boric 1️⃣",,boricpresidente.cl,,"lower_bound: 450000, upper_bound: 499999","lower_bound: 1500, upper_bound: 1999",USD,"{""age"":""65+"",""gender"":""unknown"",""percentage"":0.000699},{""age"":""55-64"",""gender"":""female"",""percentage"":0.057412},{""age"":""13-17"",""gender"":""unknown"",""percentage"":3.8e-5},{""age"":""13-17"",""gender"":""male"",""percentage"":0.000114},{""age"":""55-64"",""gender"":""unknown"",""percentage"":0.000771},{""age"":""45-54"",""gender"":""unknown"",""percentage"":0.001579},{""age"":""35-44"",""gender"":""unknown"",""percentage"":0.002636},{""age"":""65+"",""gender"":""female"",""percentage"":0.034717},{""age"":""65+"",""gender"":""male"",""percentage"":0.024901},{""age"":""55-64"",""gender"":""male"",""percentage"":0.041594},{""age"":""35-44"",""gender"":""female"",""percentage"":0.086153},{""age"":""25-34"",""gender"":""unknown"",""percentage"":0.00315},{""age"":""18-24"",""gender"":""unknown"",""percentage"":0.003866},{""age"":""25-34"",""gender"":""female"",""percentage"":0.155722},{""age"":""35-44"",""gender"":""male"",""percentage"":0.086039},{""age"":""25-34"",""gender"":""male"",""percentage"":0.163602},{""age"":""45-54"",""gender"":""female"",""percentage"":0.062065},{""age"":""18-24"",""gender"":""female"",""percentage"":0.119422},{""age"":""45-54"",""gender"":""male"",""percentage"":0.055495},{""age"":""18-24"",""gender"":""male"",""percentage"":0.099899},{""age"":""13-17"",""gender"":""female"",""percentage"":0.000126}","{""region"":""Valpara\u00edso Region"",""percentage"":1}","facebook,instagram","lower_bound: 500001, upper_bound: 1000000",es
322488863027107,177384889097855,"Gabriel Boric",2021-12-07,2021-12-08,2021-12-16,"Gabriel Boric Font","La mochila de los chilenos debe ser de aprendizajes 🎒 y no de deudas para alcanzar los sueños. Por una educación gratuita y de calidad, para poner fin al CAE y condonar la deuda histórica de los profesores, vota Gabriel Boric 1️⃣",,boricpresidente.cl,,"lower_bound: 15000, upper_bound: 19999","lower_bound: 0, upper_bound: 99",USD,"{""age"":""55-64"",""gender"":""unknown"",""percentage"":0.000425},{""age"":""18-24"",""gender"":""male"",""percentage"":0.11826},{""age"":""13-17"",""gender"":""male"",""percentage"":0.000142},{""age"":""25-34"",""gender"":""unknown"",""percentage"":0.003189},{""age"":""55-64"",""gender"":""female"",""percentage"":0.037908},{""age"":""18-24"",""gender"":""unknown"",""percentage"":0.005385},{""age"":""45-54"",""gender"":""female"",""percentage"":0.051513},{""age"":""45-54"",""gender"":""male"",""percentage"":0.050804},{""age"":""18-24"",""gender"":""female"",""percentage"":0.155956},{""age"":""25-34"",""gender"":""male"",""percentage"":0.159994},{""age"":""13-17"",""gender"":""female"",""percentage"":7.1e-5},{""age"":""25-34"",""gender"":""female"",""percentage"":0.174095},{""age"":""35-44"",""gender"":""female"",""percentage"":0.083186},{""age"":""55-64"",""gender"":""male"",""percentage"":0.032452},{""age"":""65+"",""gender"":""male"",""percentage"":0.016439},{""age"":""35-44"",""gender"":""male"",""percentage"":0.086303},{""age"":""65+"",""gender"":""female"",""percentage"":0.018919},{""age"":""45-54"",""gender"":""unknown"",""percentage"":0.001134},{""age"":""35-44"",""gender"":""unknown"",""percentage"":0.003189},{""age"":""65+"",""gender"":""unknown"",""percentage"":0.000638}","{""region"":""Ays\u00e9n Region"",""percentage"":0.782153},{""region"":""Magallanes y la Ant\u00e1rtica Chilena Region"",""percentage"":0.217847}","facebook,instagram","lower_bound: 100001, upper_bound: 500000",es
331956188391706,177384889097855,"Gabriel Boric",2021-12-07,2021-12-08,2021-12-16,"Gabriel Boric Font","Que no necesitemos los bingos y completadas para pagar un tratamiento 🏥, sino para celebrar un país más justo 🎉. 
Por una salud para todos, sin privilegios. Vota Gabriel Boric 1️⃣",,boricpresidente.cl,,"lower_bound: 300000, upper_bound: 349999","lower_bound: 700, upper_bound: 799",USD,"{""age"":""65+"",""gender"":""unknown"",""percentage"":0.000497},{""age"":""25-34"",""gender"":""male"",""percentage"":0.178361},{""age"":""18-24"",""gender"":""unknown"",""percentage"":0.001901},{""age"":""65+"",""gender"":""female"",""percentage"":0.02541},{""age"":""45-54"",""gender"":""female"",""percentage"":0.069544},{""age"":""55-64"",""gender"":""male"",""percentage"":0.036468},{""age"":""18-24"",""gender"":""female"",""percentage"":0.088267},{""age"":""35-44"",""gender"":""male"",""percentage"":0.107999},{""age"":""45-54"",""gender"":""male"",""percentage"":0.062475},{""age"":""25-34"",""gender"":""unknown"",""percentage"":0.002466},{""age"":""18-24"",""gender"":""male"",""percentage"":0.065913},{""age"":""25-34"",""gender"":""female"",""percentage"":0.181938},{""age"":""55-64"",""gender"":""female"",""percentage"":0.050735},{""age"":""35-44"",""gender"":""female"",""percentage"":0.104539},{""age"":""65+"",""gender"":""male"",""percentage"":0.017551},{""age"":""45-54"",""gender"":""unknown"",""percentage"":0.001883},{""age"":""35-44"",""gender"":""unknown"",""percentage"":0.003288},{""age"":""55-64"",""gender"":""unknown"",""percentage"":0.000765}","{""region"":""Santiago Metropolitan Region"",""percentage"":1}","facebook,instagram","lower_bound: 1000001",es
356166672979645,177384889097855,"Gabriel Boric",2021-12-07,2021-12-07,2021-12-12,"Gabriel Boric Font","Que la vejez sea para descansar y disfrutar 🫂, no para trabajar porque la pensión no alcanza. Fin a las AFP para una jubilación a los 65 años con un piso de $250.000 mensuales. Para pensiones justas, vota Gabriel Boric 1️⃣",,boricpresidente.cl,,"lower_bound: 45000, upper_bound: 49999","lower_bound: 100, upper_bound: 199",USD,"{""age"":""25-34"",""gender"":""unknown"",""percentage"":0.002307},{""age"":""35-44"",""gender"":""female"",""percentage"":0.090389},{""age"":""13-17"",""gender"":""female"",""percentage"":8.5e-5},{""age"":""65+"",""gender"":""unknown"",""percentage"":0.000627},{""age"":""45-54"",""gender"":""unknown"",""percentage"":0.001709},{""age"":""35-44"",""gender"":""unknown"",""percentage"":0.002591},{""age"":""55-64"",""gender"":""unknown"",""percentage"":0.001111},{""age"":""45-54"",""gender"":""male"",""percentage"":0.064616},{""age"":""65+"",""gender"":""female"",""percentage"":0.031383},{""age"":""45-54"",""gender"":""female"",""percentage"":0.070682},{""age"":""18-24"",""gender"":""unknown"",""percentage"":0.003731},{""age"":""25-34"",""gender"":""female"",""percentage"":0.150676},{""age"":""35-44"",""gender"":""male"",""percentage"":0.095429},{""age"":""55-64"",""gender"":""female"",""percentage"":0.059661},{""age"":""18-24"",""gender"":""female"",""percentage"":0.112117},{""age"":""18-24"",""gender"":""male"",""percentage"":0.087085},{""age"":""25-34"",""gender"":""male"",""percentage"":0.150648},{""age"":""55-64"",""gender"":""male"",""percentage"":0.050577},{""age"":""65+"",""gender"":""male"",""percentage"":0.024519},{""age"":""13-17"",""gender"":""male"",""percentage"":5.7e-5}","{""region"":""Magallanes y la Ant\u00e1rtica Chilena Region"",""percentage"":1}","facebook,instagram","lower_bound: 100001, upper_bound: 500000",es
422451512763969,177384889097855,"Gabriel Boric",2021-12-07,2021-12-08,2021-12-16,"Gabriel Boric Font","Reformar Carabineros para tener más dotación donde más se necesita, con barrios seguros libres de narcotráfico. Vota Gabriel Boric 1️⃣",,boricpresidente.cl,,"lower_bound: 80000, upper_bound: 89999","lower_bound: 300, upper_bound: 399",USD,"{""age"":""35-44"",""gender"":""unknown"",""percentage"":0.00148},{""age"":""45-54"",""gender"":""female"",""percentage"":0.065214},{""age"":""65+"",""gender"":""unknown"",""percentage"":0.000466},{""age"":""55-64"",""gender"":""unknown"",""percentage"":0.000531},{""age"":""18-24"",""gender"":""unknown"",""percentage"":0.003844},{""age"":""65+"",""gender"":""female"",""percentage"":0.020264},{""age"":""65+"",""gender"":""male"",""percentage"":0.016098},{""age"":""35-44"",""gender"":""female"",""percentage"":0.087697},{""age"":""55-64"",""gender"":""male"",""percentage"":0.039756},{""age"":""25-34"",""gender"":""unknown"",""percentage"":0.002235},{""age"":""55-64"",""gender"":""female"",""percentage"":0.049952},{""age"":""45-54"",""gender"":""male"",""percentage"":0.062882},{""age"":""25-34"",""gender"":""male"",""percentage"":0.163107},{""age"":""35-44"",""gender"":""male"",""percentage"":0.090399},{""age"":""18-24"",""gender"":""male"",""percentage"":0.112528},{""age"":""18-24"",""gender"":""female"",""percentage"":0.129189},{""age"":""25-34"",""gender"":""female"",""percentage"":0.153812},{""age"":""45-54"",""gender"":""unknown"",""percentage"":0.000547}","{""region"":""O'Higgins Region"",""percentage"":0.291406},{""region"":""Maule Region"",""percentage"":0.708594}","facebook,instagram","lower_bound: 100001, upper_bound: 500000",es
426658922392888,177384889097855,"Gabriel Boric",2021-12-07,2021-12-08,2021-12-16,"Gabriel Boric Font","Reformar Carabineros para tener más dotación donde más se necesita, con barrios seguros libres de narcotráfico. Vota Gabriel Boric 1️⃣",,boricpresidente.cl,,"lower_bound: 100000, upper_bound: 124999","lower_bound: 400, upper_bound: 499",USD,"{""age"":""55-64"",""gender"":""unknown"",""percentage"":0.000615},{""age"":""65+"",""gender"":""female"",""percentage"":0.01974},{""age"":""35-44"",""gender"":""unknown"",""percentage"":0.001933},{""age"":""18-24"",""gender"":""unknown"",""percentage"":0.004526},{""age"":""25-34"",""gender"":""unknown"",""percentage"":0.002856},{""age"":""45-54"",""gender"":""male"",""percentage"":0.050729},{""age"":""65+"",""gender"":""male"",""percentage"":0.015291},{""age"":""35-44"",""gender"":""male"",""percentage"":0.084563},{""age"":""55-64"",""gender"":""female"",""percentage"":0.041073},{""age"":""45-54"",""gender"":""unknown"",""percentage"":0.001164},{""age"":""25-34"",""gender"":""male"",""percentage"":0.165237},{""age"":""45-54"",""gender"":""female"",""percentage"":0.055485},{""age"":""35-44"",""gender"":""female"",""percentage"":0.080048},{""age"":""18-24"",""gender"":""female"",""percentage"":0.151615},{""age"":""18-24"",""gender"":""male"",""percentage"":0.127877},{""age"":""25-34"",""gender"":""female"",""percentage"":0.165588},{""age"":""55-64"",""gender"":""male"",""percentage"":0.031219},{""age"":""65+"",""gender"":""unknown"",""percentage"":0.000439}","{""region"":""O'Higgins Region"",""percentage"":0.478054},{""region"":""Maule Region"",""percentage"":0.521946}","facebook,instagram","lower_bound: 100001, upper_bound: 500000",es
428467738781655,177384889097855,"Gabriel Boric",2021-12-07,2021-12-07,2021-12-12,"Gabriel Boric Font","Que la vejez sea para descansar y disfrutar 🫂, no para trabajar porque la pensión no alcanza. Fin a las AFP para una jubilación a los 65 años con un piso de $250.000 mensuales. Para pensiones justas, vota Gabriel Boric 1️⃣",,boricpresidente.cl,,"lower_bound: 70000, upper_bound: 79999","lower_bound: 200, upper_bound: 299",USD,"{""age"":""25-34"",""gender"":""unknown"",""percentage"":0.00232},{""age"":""65+"",""gender"":""male"",""percentage"":0.016526},{""age"":""65+"",""gender"":""unknown"",""percentage"":0.000235},{""age"":""18-24"",""gender"":""male"",""percentage"":0.103426},{""age"":""18-24"",""gender"":""female"",""percentage"":0.132326},{""age"":""45-54"",""gender"":""male"",""percentage"":0.064372},{""age"":""25-34"",""gender"":""male"",""percentage"":0.157005},{""age"":""55-64"",""gender"":""female"",""percentage"":0.052503},{""age"":""25-34"",""gender"":""female"",""percentage"":0.15408},{""age"":""55-64"",""gender"":""unknown"",""percentage"":0.000471},{""age"":""35-44"",""gender"":""male"",""percentage"":0.086984},{""age"":""35-44"",""gender"":""female"",""percentage"":0.090246},{""age"":""45-54"",""gender"":""female"",""percentage"":0.06987},{""age"":""18-24"",""gender"":""unknown"",""percentage"":0.004337},{""age"":""65+"",""gender"":""female"",""percentage"":0.021502},{""age"":""55-64"",""gender"":""male"",""percentage"":0.041761},{""age"":""35-44"",""gender"":""unknown"",""percentage"":0.001328},{""age"":""45-54"",""gender"":""unknown"",""percentage"":0.000706}","{""region"":""O'Higgins Region"",""percentage"":0.30083},{""region"":""Maule Region"",""percentage"":0.69917}","facebook,instagram","lower_bound: 100001, upper_bound: 500000",es
446002690253013,177384889097855,"Gabriel Boric",2021-12-07,2021-12-07,2021-12-13,"Gabriel Boric Font","Que la vejez sea para descansar y disfrutar 🫂, no para trabajar porque la pensión no alcanza. Fin a las AFP para una jubilación a los 65 años con un piso de $250.000 mensuales. Para pensiones justas, vota Gabriel Boric 1️⃣",,boricpresidente.cl,,"lower_bound: 175000, upper_bound: 199999","lower_bound: 700, upper_bound: 799",USD,"{""age"":""13-17"",""gender"":""female"",""percentage"":0.000157},{""age"":""35-44"",""gender"":""male"",""percentage"":0.081447},{""age"":""18-24"",""gender"":""female"",""percentage"":0.142289},{""age"":""25-34"",""gender"":""female"",""percentage"":0.164474},{""age"":""18-24"",""gender"":""male"",""percentage"":0.106679},{""age"":""35-44"",""gender"":""female"",""percentage"":0.084688},{""age"":""18-24"",""gender"":""unknown"",""percentage"":0.007226},{""age"":""25-34"",""gender"":""male"",""percentage"":0.158057},{""age"":""55-64"",""gender"":""female"",""percentage"":0.046026},{""age"":""45-54"",""gender"":""female"",""percentage"":0.064376},{""age"":""65+"",""gender"":""male"",""percentage"":0.01872},{""age"":""13-17"",""gender"":""unknown"",""percentage"":6.3e-5},{""age"":""65+"",""gender"":""female"",""percentage"":0.02614},{""age"":""35-44"",""gender"":""unknown"",""percentage"":0.001623},{""age"":""25-34"",""gender"":""unknown"",""percentage"":0.003328},{""age"":""45-54"",""gender"":""male"",""percentage"":0.055909},{""age"":""45-54"",""gender"":""unknown"",""percentage"":0.001222},{""age"":""65+"",""gender"":""unknown"",""percentage"":0.000451},{""age"":""55-64"",""gender"":""unknown"",""percentage"":0.000595},{""age"":""13-17"",""gender"":""male"",""percentage"":0.00015},{""age"":""55-64"",""gender"":""male"",""percentage"":0.036381}","{""region"":""Atacama Region"",""percentage"":0.279639},{""region"":""Coquimbo Region"",""percentage"":0.720361}","facebook,instagram","lower_bound: 500001, upper_bound: 1000000",es
487234822676052,177384889097855,"Gabriel Boric",2021-12-07,2021-12-08,2021-12-16,"Gabriel Boric Font","Que no necesitemos los bingos y completadas para pagar un tratamiento 🏥, sino para celebrar un país más justo 🎉. 
Por una salud para todos, sin privilegios. Vota Gabriel Boric 1️⃣",,boricpresidente.cl,,"lower_bound: 100000, upper_bound: 124999","lower_bound: 300, upper_bound: 399",USD,"{""age"":""45-54"",""gender"":""unknown"",""percentage"":0.002334},{""age"":""45-54"",""gender"":""female"",""percentage"":0.073717},{""age"":""55-64"",""gender"":""unknown"",""percentage"":0.000837},{""age"":""35-44"",""gender"":""unknown"",""percentage"":0.003778},{""age"":""25-34"",""gender"":""unknown"",""percentage"":0.004061},{""age"":""18-24"",""gender"":""unknown"",""percentage"":0.004186},{""age"":""18-24"",""gender"":""female"",""percentage"":0.088212},{""age"":""35-44"",""gender"":""male"",""percentage"":0.100121},{""age"":""45-54"",""gender"":""male"",""percentage"":0.051196},{""age"":""65+"",""gender"":""male"",""percentage"":0.015175},{""age"":""18-24"",""gender"":""male"",""percentage"":0.068139},{""age"":""25-34"",""gender"":""female"",""percentage"":0.184461},{""age"":""35-44"",""gender"":""female"",""percentage"":0.119398},{""age"":""55-64"",""gender"":""female"",""percentage"":0.050683},{""age"":""25-34"",""gender"":""male"",""percentage"":0.178726},{""age"":""55-64"",""gender"":""male"",""percentage"":0.029795},{""age"":""65+"",""gender"":""female"",""percentage"":0.024677},{""age"":""65+"",""gender"":""unknown"",""percentage"":0.000502}","{""region"":""Santiago Metropolitan Region"",""percentage"":1}","facebook,instagram","lower_bound: 1000001",es
579527489776423,177384889097855,"Gabriel Boric",2021-12-07,2021-12-07,2021-12-16,"Gabriel Boric Font","Que la vejez sea para descansar y disfrutar 🫂, no para trabajar porque la pensión no alcanza. Fin a las AFP para una jubilación a los 65 años con un piso de $250.000 mensuales. Para pensiones justas, vota Gabriel Boric 1️⃣",,boricpresidente.cl,,"lower_bound: 50000, upper_bound: 59999","lower_bound: 1000, upper_bound: 1499",USD,"{""age"":""65+"",""gender"":""unknown"",""percentage"":0.000541},{""age"":""25-34"",""gender"":""male"",""percentage"":0.151313},{""age"":""55-64"",""gender"":""unknown"",""percentage"":0.000845},{""age"":""25-34"",""gender"":""unknown"",""percentage"":0.005815},{""age"":""65+"",""gender"":""female"",""percentage"":0.018999},{""age"":""55-64"",""gender"":""female"",""percentage"":0.040702},{""age"":""55-64"",""gender"":""male"",""percentage"":0.028904},{""age"":""18-24"",""gender"":""male"",""percentage"":0.141341},{""age"":""35-44"",""gender"":""female"",""percentage"":0.09496},{""age"":""35-44"",""gender"":""unknown"",""percentage"":0.004192},{""age"":""35-44"",""gender"":""male"",""percentage"":0.079409},{""age"":""25-34"",""gender"":""female"",""percentage"":0.153409},{""age"":""18-24"",""gender"":""female"",""percentage"":0.141273},{""age"":""45-54"",""gender"":""female"",""percentage"":0.065008},{""age"":""18-24"",""gender"":""unknown"",""percentage"":0.007403},{""age"":""45-54"",""gender"":""male"",""percentage"":0.049221},{""age"":""65+"",""gender"":""male"",""percentage"":0.014807},{""age"":""45-54"",""gender"":""unknown"",""percentage"":0.001859}","{""region"":""Santiago Metropolitan Region"",""percentage"":1}","facebook,instagram","lower_bound: 50001, upper_bound: 100000",es
588869455517084,177384889097855,"Gabriel Boric",2021-12-07,2021-12-08,2021-12-12,"Gabriel Boric Font","Que no necesitemos los bingos y completadas para pagar un tratamiento 🏥, sino para celebrar un país más justo 🎉. 
Por una salud para todos, sin privilegios. Vota Gabriel Boric 1️⃣",,boricpresidente.cl,,"lower_bound: 2000, upper_bound: 2999","lower_bound: 0, upper_bound: 99",USD,"{""age"":""55-64"",""gender"":""unknown"",""percentage"":0.002354},{""age"":""25-34"",""gender"":""female"",""percentage"":0.131827},{""age"":""65+"",""gender"":""female"",""percentage"":0.016949},{""age"":""18-24"",""gender"":""male"",""percentage"":0.137476},{""age"":""45-54"",""gender"":""male"",""percentage"":0.048964},{""age"":""35-44"",""gender"":""male"",""percentage"":0.102166},{""age"":""18-24"",""gender"":""female"",""percentage"":0.125235},{""age"":""45-54"",""gender"":""female"",""percentage"":0.063559},{""age"":""55-64"",""gender"":""female"",""percentage"":0.036252},{""age"":""45-54"",""gender"":""unknown"",""percentage"":0.002825},{""age"":""18-24"",""gender"":""unknown"",""percentage"":0.019774},{""age"":""25-34"",""gender"":""male"",""percentage"":0.131827},{""age"":""35-44"",""gender"":""female"",""percentage"":0.120527},{""age"":""25-34"",""gender"":""unknown"",""percentage"":0.012712},{""age"":""55-64"",""gender"":""male"",""percentage"":0.031544},{""age"":""35-44"",""gender"":""unknown"",""percentage"":0.00565},{""age"":""65+"",""gender"":""unknown"",""percentage"":0.000471},{""age"":""65+"",""gender"":""male"",""percentage"":0.009887}","{""region"":""Santiago Metropolitan Region"",""percentage"":1}","facebook,instagram","lower_bound: 50001, upper_bound: 100000",es
598168921406365,177384889097855,"Gabriel Boric",2021-12-07,2021-12-08,2021-12-12,"Gabriel Boric Font","Que no necesitemos los bingos y completadas para pagar un tratamiento 🏥, sino para celebrar un país más justo 🎉. 
Por una salud para todos, sin privilegios. Vota Gabriel Boric 1️⃣",,boricpresidente.cl,,"lower_bound: 40000, upper_bound: 44999","lower_bound: 100, upper_bound: 199",USD,"{""age"":""65+"",""gender"":""male"",""percentage"":0.013857},{""age"":""45-54"",""gender"":""male"",""percentage"":0.056975},{""age"":""65+"",""gender"":""unknown"",""percentage"":0.000197},{""age"":""18-24"",""gender"":""unknown"",""percentage"":0.003022},{""age"":""25-34"",""gender"":""unknown"",""percentage"":0.002924},{""age"":""45-54"",""gender"":""unknown"",""percentage"":0.001228},{""age"":""35-44"",""gender"":""female"",""percentage"":0.119134},{""age"":""25-34"",""gender"":""male"",""percentage"":0.166921},{""age"":""25-34"",""gender"":""female"",""percentage"":0.187657},{""age"":""65+"",""gender"":""female"",""percentage"":0.018697},{""age"":""55-64"",""gender"":""male"",""percentage"":0.030244},{""age"":""18-24"",""gender"":""female"",""percentage"":0.097096},{""age"":""45-54"",""gender"":""female"",""percentage"":0.074812},{""age"":""18-24"",""gender"":""male"",""percentage"":0.085229},{""age"":""35-44"",""gender"":""male"",""percentage"":0.094737},{""age"":""55-64"",""gender"":""female"",""percentage"":0.044814},{""age"":""35-44"",""gender"":""unknown"",""percentage"":0.002137},{""age"":""55-64"",""gender"":""unknown"",""percentage"":0.000319}","{""region"":""O'Higgins Region"",""percentage"":0.378161},{""region"":""Maule Region"",""percentage"":0.621839}","facebook,instagram","lower_bound: 500001, upper_bound: 1000000",es
602521580801341,177384889097855,"Gabriel Boric",2021-12-07,2021-12-08,2021-12-12,"Gabriel Boric Font","Mayor dotación policial y coordinación con los países vecinos para una migración regular y ordenada. Por un gobierno que cuide nuestras fronteras, vota Gabriel Boric 1️⃣",,boricpresidente.cl,,"lower_bound: 8000, upper_bound: 8999","lower_bound: 0, upper_bound: 99",USD,"{""age"":""25-34"",""gender"":""unknown"",""percentage"":0.004306},{""age"":""45-54"",""gender"":""male"",""percentage"":0.048379},{""age"":""55-64"",""gender"":""unknown"",""percentage"":0.000633},{""age"":""35-44"",""gender"":""unknown"",""percentage"":0.00152},{""age"":""65+"",""gender"":""unknown"",""percentage"":0.00076},{""age"":""18-24"",""gender"":""unknown"",""percentage"":0.004559},{""age"":""65+"",""gender"":""male"",""percentage"":0.012031},{""age"":""65+"",""gender"":""female"",""percentage"":0.016464},{""age"":""35-44"",""gender"":""male"",""percentage"":0.085486},{""age"":""55-64"",""gender"":""male"",""percentage"":0.025709},{""age"":""55-64"",""gender"":""female"",""percentage"":0.029255},{""age"":""35-44"",""gender"":""female"",""percentage"":0.096758},{""age"":""25-34"",""gender"":""male"",""percentage"":0.179205},{""age"":""45-54"",""gender"":""female"",""percentage"":0.048126},{""age"":""18-24"",""gender"":""female"",""percentage"":0.121454},{""age"":""18-24"",""gender"":""male"",""percentage"":0.149189},{""age"":""25-34"",""gender"":""female"",""percentage"":0.175152},{""age"":""45-54"",""gender"":""unknown"",""percentage"":0.001013}","{""region"":""Arica y Parinacota Region"",""percentage"":0.02524},{""region"":""Antofagasta Region"",""percentage"":0.512115},{""region"":""Tarapac\u00e1 Region"",""percentage"":0.462645}","facebook,instagram","lower_bound: 100001, upper_bound: 500000",es
631094194752563,177384889097855,"Gabriel Boric",2021-12-07,2021-12-07,2021-12-13,"Gabriel Boric Font","Que la vejez sea para descansar y disfrutar 🫂, no para trabajar porque la pensión no alcanza. Fin a las AFP para una jubilación a los 65 años con un piso de $250.000 mensuales. Para pensiones justas, vota Gabriel Boric 1️⃣",,boricpresidente.cl,,"lower_bound: 90000, upper_bound: 99999","lower_bound: 500, upper_bound: 599",USD,"{""age"":""65+"",""gender"":""unknown"",""percentage"":0.000427},{""age"":""18-24"",""gender"":""male"",""percentage"":0.111375},{""age"":""25-34"",""gender"":""unknown"",""percentage"":0.003718},{""age"":""55-64"",""gender"":""male"",""percentage"":0.031952},{""age"":""45-54"",""gender"":""male"",""percentage"":0.054042},{""age"":""35-44"",""gender"":""female"",""percentage"":0.092066},{""age"":""18-24"",""gender"":""female"",""percentage"":0.126226},{""age"":""65+"",""gender"":""female"",""percentage"":0.022735},{""age"":""25-34"",""gender"":""male"",""percentage"":0.176061},{""age"":""35-44"",""gender"":""unknown"",""percentage"":0.00201},{""age"":""35-44"",""gender"":""male"",""percentage"":0.087619},{""age"":""25-34"",""gender"":""female"",""percentage"":0.168802},{""age"":""55-64"",""gender"":""female"",""percentage"":0.03791},{""age"":""45-54"",""gender"":""female"",""percentage"":0.058968},{""age"":""65+"",""gender"":""male"",""percentage"":0.017778},{""age"":""18-24"",""gender"":""unknown"",""percentage"":0.006582},{""age"":""45-54"",""gender"":""unknown"",""percentage"":0.001177},{""age"":""55-64"",""gender"":""unknown"",""percentage"":0.000552}","{""region"":""Antofagasta Region"",""percentage"":1}","facebook,instagram","lower_bound: 100001, upper_bound: 500000",es
644797353625193,177384889097855,"Gabriel Boric",2021-12-07,2021-12-08,2021-12-16,"Gabriel Boric Font","Que no necesitemos los bingos y completadas para pagar un tratamiento 🏥, sino para celebrar un país más justo 🎉. 
Por una salud para todos, sin privilegios. Vota Gabriel Boric 1️⃣",,boricpresidente.cl,,"lower_bound: 40000, upper_bound: 44999","lower_bound: 100, upper_bound: 199",USD,"{""age"":""45-54"",""gender"":""unknown"",""percentage"":0.001489},{""age"":""18-24"",""gender"":""male"",""percentage"":0.070772},{""age"":""35-44"",""gender"":""unknown"",""percentage"":0.002234},{""age"":""25-34"",""gender"":""unknown"",""percentage"":0.001823},{""age"":""65+"",""gender"":""female"",""percentage"":0.021006},{""age"":""55-64"",""gender"":""male"",""percentage"":0.03346},{""age"":""45-54"",""gender"":""female"",""percentage"":0.071286},{""age"":""35-44"",""gender"":""female"",""percentage"":0.118124},{""age"":""35-44"",""gender"":""male"",""percentage"":0.112603},{""age"":""18-24"",""gender"":""unknown"",""percentage"":0.002285},{""age"":""25-34"",""gender"":""female"",""percentage"":0.182733},{""age"":""45-54"",""gender"":""male"",""percentage"":0.060089},{""age"":""18-24"",""gender"":""female"",""percentage"":0.094191},{""age"":""25-34"",""gender"":""male"",""percentage"":0.168995},{""age"":""65+"",""gender"":""male"",""percentage"":0.016537},{""age"":""55-64"",""gender"":""unknown"",""percentage"":0.000462},{""age"":""55-64"",""gender"":""female"",""percentage"":0.0416},{""age"":""65+"",""gender"":""unknown"",""percentage"":0.000308}","{""region"":""Arica y Parinacota Region"",""percentage"":0.345887},{""region"":""Antofagasta Region"",""percentage"":0.262198},{""region"":""Tarapac\u00e1 Region"",""percentage"":0.391915}","facebook,instagram","lower_bound: 500001, upper_bound: 1000000",es
656789978816847,177384889097855,"Gabriel Boric",2021-12-07,2021-12-08,2021-12-16,"Gabriel Boric Font","Que no necesitemos los bingos y completadas para pagar un tratamiento 🏥, sino para celebrar un país más justo 🎉. 
Por una salud para todos, sin privilegios. Vota Gabriel Boric 1️⃣",,boricpresidente.cl,,"lower_bound: 8000, upper_bound: 8999","lower_bound: 0, upper_bound: 99",USD,"{""age"":""55-64"",""gender"":""unknown"",""percentage"":0.000782},{""age"":""18-24"",""gender"":""male"",""percentage"":0.056077},{""age"":""45-54"",""gender"":""unknown"",""percentage"":0.001826},{""age"":""65+"",""gender"":""unknown"",""percentage"":0.000261},{""age"":""25-34"",""gender"":""unknown"",""percentage"":0.004304},{""age"":""65+"",""gender"":""male"",""percentage"":0.017475},{""age"":""65+"",""gender"":""female"",""percentage"":0.021127},{""age"":""45-54"",""gender"":""female"",""percentage"":0.07603},{""age"":""35-44"",""gender"":""female"",""percentage"":0.129499},{""age"":""35-44"",""gender"":""unknown"",""percentage"":0.002999},{""age"":""25-34"",""gender"":""female"",""percentage"":0.181273},{""age"":""55-64"",""gender"":""male"",""percentage"":0.035863},{""age"":""18-24"",""gender"":""female"",""percentage"":0.072379},{""age"":""35-44"",""gender"":""male"",""percentage"":0.116197},{""age"":""25-34"",""gender"":""male"",""percentage"":0.161841},{""age"":""45-54"",""gender"":""male"",""percentage"":0.073944},{""age"":""55-64"",""gender"":""female"",""percentage"":0.045775},{""age"":""18-24"",""gender"":""unknown"",""percentage"":0.002347}","{""region"":""Ays\u00e9n Region"",""percentage"":0.776233},{""region"":""Magallanes y la Ant\u00e1rtica Chilena Region"",""percentage"":0.223767}","facebook,instagram","lower_bound: 100001, upper_bound: 500000",es
701624917467022,177384889097855,"Gabriel Boric",2021-12-07,2021-12-08,2021-12-16,"Gabriel Boric Font","Que no necesitemos los bingos y completadas para pagar un tratamiento 🏥, sino para celebrar un país más justo 🎉. 
Por una salud para todos, sin privilegios. Vota Gabriel Boric 1️⃣",,boricpresidente.cl,,"lower_bound: 70000, upper_bound: 79999","lower_bound: 100, upper_bound: 199",USD,"{""age"":""55-64"",""gender"":""unknown"",""percentage"":0.000895},{""age"":""55-64"",""gender"":""male"",""percentage"":0.029755},{""age"":""45-54"",""gender"":""unknown"",""percentage"":0.001567},{""age"":""35-44"",""gender"":""unknown"",""percentage"":0.00315},{""age"":""25-34"",""gender"":""unknown"",""percentage"":0.002478},{""age"":""65+"",""gender"":""female"",""percentage"":0.023615},{""age"":""65+"",""gender"":""male"",""percentage"":0.014997},{""age"":""35-44"",""gender"":""female"",""percentage"":0.111488},{""age"":""35-44"",""gender"":""male"",""percentage"":0.101079},{""age"":""18-24"",""gender"":""unknown"",""percentage"":0.001839},{""age"":""55-64"",""gender"":""female"",""percentage"":0.046782},{""age"":""45-54"",""gender"":""female"",""percentage"":0.074522},{""age"":""25-34"",""gender"":""male"",""percentage"":0.170997},{""age"":""18-24"",""gender"":""female"",""percentage"":0.095755},{""age"":""25-34"",""gender"":""female"",""percentage"":0.188936},{""age"":""45-54"",""gender"":""male"",""percentage"":0.063218},{""age"":""18-24"",""gender"":""male"",""percentage"":0.068463},{""age"":""65+"",""gender"":""unknown"",""percentage"":0.000464}","{""region"":""Araucan\u00eda Region"",""percentage"":0.359451},{""region"":""B\u00edo B\u00edo Region"",""percentage"":0.341295},{""region"":""Los Lagos Region"",""percentage"":0.299253}","facebook,instagram","lower_bound: 500001, upper_bound: 1000000",es
709212960063341,177384889097855,"Gabriel Boric",2021-12-07,2021-12-08,2021-12-16,"Gabriel Boric Font","Mayor dotación policial y coordinación con los países vecinos para una migración regular y ordenada. Por un gobierno que cuide nuestras fronteras, vota Gabriel Boric 1️⃣",,boricpresidente.cl,,"lower_bound: 90000, upper_bound: 99999","lower_bound: 300, upper_bound: 399",USD,"{""age"":""35-44"",""gender"":""unknown"",""percentage"":0.002214},{""age"":""55-64"",""gender"":""male"",""percentage"":0.032228},{""age"":""25-34"",""gender"":""unknown"",""percentage"":0.003721},{""age"":""55-64"",""gender"":""unknown"",""percentage"":0.000487},{""age"":""45-54"",""gender"":""unknown"",""percentage"":0.001403},{""age"":""65+"",""gender"":""male"",""percentage"":0.01587},{""age"":""55-64"",""gender"":""female"",""percentage"":0.03239},{""age"":""65+"",""gender"":""female"",""percentage"":0.018595},{""age"":""25-34"",""gender"":""male"",""percentage"":0.180278},{""age"":""18-24"",""gender"":""unknown"",""percentage"":0.005518},{""age"":""35-44"",""gender"":""female"",""percentage"":0.075144},{""age"":""35-44"",""gender"":""male"",""percentage"":0.088835},{""age"":""25-34"",""gender"":""female"",""percentage"":0.150937},{""age"":""18-24"",""gender"":""male"",""percentage"":0.142985},{""age"":""45-54"",""gender"":""male"",""percentage"":0.053071},{""age"":""45-54"",""gender"":""female"",""percentage"":0.04891},{""age"":""18-24"",""gender"":""female"",""percentage"":0.147007},{""age"":""65+"",""gender"":""unknown"",""percentage"":0.000406}","{""region"":""Antofagasta Region"",""percentage"":1}","facebook,instagram","lower_bound: 100001, upper_bound: 500000",es
741817393441659,177384889097855,"Gabriel Boric",2021-12-07,2021-12-08,2021-12-16,"Gabriel Boric Font","Que no necesitemos los bingos y completadas para pagar un tratamiento 🏥, sino para celebrar un país más justo 🎉. 
Por una salud para todos, sin privilegios. Vota Gabriel Boric 1️⃣",,boricpresidente.cl,,"lower_bound: 10000, upper_bound: 14999","lower_bound: 0, upper_bound: 99",USD,"{""age"":""65+"",""gender"":""unknown"",""percentage"":0.000364},{""age"":""25-34"",""gender"":""female"",""percentage"":0.190675},{""age"":""45-54"",""gender"":""unknown"",""percentage"":0.001272},{""age"":""25-34"",""gender"":""unknown"",""percentage"":0.002363},{""age"":""65+"",""gender"":""male"",""percentage"":0.013633},{""age"":""45-54"",""gender"":""male"",""percentage"":0.054349},{""age"":""18-24"",""gender"":""female"",""percentage"":0.109061},{""age"":""55-64"",""gender"":""female"",""percentage"":0.039535},{""age"":""65+"",""gender"":""female"",""percentage"":0.019267},{""age"":""18-24"",""gender"":""unknown"",""percentage"":0.001818},{""age"":""25-34"",""gender"":""male"",""percentage"":0.169772},{""age"":""35-44"",""gender"":""female"",""percentage"":0.109334},{""age"":""35-44"",""gender"":""male"",""percentage"":0.08834},{""age"":""18-24"",""gender"":""male"",""percentage"":0.098609},{""age"":""45-54"",""gender"":""female"",""percentage"":0.067709},{""age"":""55-64"",""gender"":""male"",""percentage"":0.031991},{""age"":""35-44"",""gender"":""unknown"",""percentage"":0.001727},{""age"":""55-64"",""gender"":""unknown"",""percentage"":0.000182}","{""region"":""Arica y Parinacota Region"",""percentage"":0.020975},{""region"":""Antofagasta Region"",""percentage"":0.491843},{""region"":""Tarapac\u00e1 Region"",""percentage"":0.487182}","facebook,instagram","lower_bound: 100001, upper_bound: 500000",es
941151759832183,177384889097855,"Gabriel Boric",2021-12-07,2021-12-08,2021-12-16,"Gabriel Boric Font","Reformar Carabineros para tener más dotación donde más se necesita, con barrios seguros libres de narcotráfico. Vota Gabriel Boric 1️⃣",,boricpresidente.cl,,"lower_bound: 80000, upper_bound: 89999","lower_bound: 300, upper_bound: 399",USD,"{""age"":""55-64"",""gender"":""unknown"",""percentage"":0.000822},{""age"":""18-24"",""gender"":""female"",""percentage"":0.122452},{""age"":""65+"",""gender"":""unknown"",""percentage"":0.000418},{""age"":""45-54"",""gender"":""female"",""percentage"":0.067843},{""age"":""65+"",""gender"":""female"",""percentage"":0.026859},{""age"":""18-24"",""gender"":""male"",""percentage"":0.10281},{""age"":""35-44"",""gender"":""female"",""percentage"":0.098728},{""age"":""25-34"",""gender"":""male"",""percentage"":0.158129},{""age"":""55-64"",""gender"":""male"",""percentage"":0.03466},{""age"":""45-54"",""gender"":""unknown"",""percentage"":0.001505},{""age"":""55-64"",""gender"":""female"",""percentage"":0.049162},{""age"":""45-54"",""gender"":""male"",""percentage"":0.052032},{""age"":""65+"",""gender"":""male"",""percentage"":0.019587},{""age"":""25-34"",""gender"":""female"",""percentage"":0.164997},{""age"":""18-24"",""gender"":""unknown"",""percentage"":0.005698},{""age"":""35-44"",""gender"":""male"",""percentage"":0.087806},{""age"":""25-34"",""gender"":""unknown"",""percentage"":0.003664},{""age"":""35-44"",""gender"":""unknown"",""percentage"":0.002828}","{""region"":""Valpara\u00edso Region"",""percentage"":1}","facebook,instagram","lower_bound: 500001, upper_bound: 1000000",es
947663272525471,177384889097855,"Gabriel Boric",2021-12-07,2021-12-08,2021-12-16,"Gabriel Boric Font","Reformar Carabineros para tener más dotación donde más se necesita, con barrios seguros libres de narcotráfico. Vota Gabriel Boric 1️⃣",,boricpresidente.cl,,"lower_bound: 70000, upper_bound: 79999","lower_bound: 300, upper_bound: 399",USD,"{""age"":""25-34"",""gender"":""unknown"",""percentage"":0.004238},{""age"":""25-34"",""gender"":""female"",""percentage"":0.147872},{""age"":""35-44"",""gender"":""unknown"",""percentage"":0.003951},{""age"":""55-64"",""gender"":""unknown"",""percentage"":0.000931},{""age"":""55-64"",""gender"":""female"",""percentage"":0.058925},{""age"":""35-44"",""gender"":""male"",""percentage"":0.086198},{""age"":""45-54"",""gender"":""male"",""percentage"":0.05526},{""age"":""45-54"",""gender"":""female"",""percentage"":0.067601},{""age"":""25-34"",""gender"":""male"",""percentage"":0.154944},{""age"":""45-54"",""gender"":""unknown"",""percentage"":0.002391},{""age"":""18-24"",""gender"":""female"",""percentage"":0.119597},{""age"":""35-44"",""gender"":""female"",""percentage"":0.096863},{""age"":""18-24"",""gender"":""male"",""percentage"":0.114859},{""age"":""18-24"",""gender"":""unknown"",""percentage"":0.008962},{""age"":""55-64"",""gender"":""male"",""percentage"":0.037251},{""age"":""65+"",""gender"":""female"",""percentage"":0.023135},{""age"":""65+"",""gender"":""male"",""percentage"":0.016564},{""age"":""65+"",""gender"":""unknown"",""percentage"":0.000458}","{""region"":""Santiago Metropolitan Region"",""percentage"":1}","facebook,instagram","lower_bound: 500001, upper_bound: 1000000",es
951090235785469,177384889097855,"Gabriel Boric",2021-12-07,2021-12-08,2021-12-16,"Gabriel Boric Font","Que no necesitemos los bingos y completadas para pagar un tratamiento 🏥, sino para celebrar un país más justo 🎉. 
Por una salud para todos, sin privilegios. Vota Gabriel Boric 1️⃣",,boricpresidente.cl,,"lower_bound: 35000, upper_bound: 39999","lower_bound: 100, upper_bound: 199",USD,"{""age"":""13-17"",""gender"":""male"",""percentage"":0.000106},{""age"":""45-54"",""gender"":""female"",""percentage"":0.078482},{""age"":""65+"",""gender"":""unknown"",""percentage"":0.000529},{""age"":""35-44"",""gender"":""unknown"",""percentage"":0.00289},{""age"":""55-64"",""gender"":""unknown"",""percentage"":0.000987},{""age"":""65+"",""gender"":""female"",""percentage"":0.026889},{""age"":""18-24"",""gender"":""male"",""percentage"":0.064033},{""age"":""25-34"",""gender"":""female"",""percentage"":0.161615},{""age"":""55-64"",""gender"":""male"",""percentage"":0.047329},{""age"":""25-34"",""gender"":""male"",""percentage"":0.164047},{""age"":""13-17"",""gender"":""female"",""percentage"":3.5e-5},{""age"":""55-64"",""gender"":""female"",""percentage"":0.0585},{""age"":""35-44"",""gender"":""female"",""percentage"":0.109635},{""age"":""45-54"",""gender"":""unknown"",""percentage"":0.001656},{""age"":""35-44"",""gender"":""male"",""percentage"":0.105476},{""age"":""45-54"",""gender"":""male"",""percentage"":0.067205},{""age"":""18-24"",""gender"":""female"",""percentage"":0.085953},{""age"":""65+"",""gender"":""male"",""percentage"":0.020405},{""age"":""25-34"",""gender"":""unknown"",""percentage"":0.001938},{""age"":""18-24"",""gender"":""unknown"",""percentage"":0.002291}","{""region"":""Magallanes y la Ant\u00e1rtica Chilena Region"",""percentage"":1}","facebook,instagram","lower_bound: 100001, upper_bound: 500000",es
1109481979792333,177384889097855,"Gabriel Boric",2021-12-07,2021-12-08,2021-12-12,"Gabriel Boric Font","Que no necesitemos los bingos y completadas para pagar un tratamiento 🏥, sino para celebrar un país más justo 🎉. 
Por una salud para todos, sin privilegios. Vota Gabriel Boric 1️⃣",,boricpresidente.cl,,"lower_bound: 40000, upper_bound: 44999","lower_bound: 100, upper_bound: 199",USD,"{""age"":""55-64"",""gender"":""unknown"",""percentage"":0.000673},{""age"":""18-24"",""gender"":""female"",""percentage"":0.071548},{""age"":""65+"",""gender"":""unknown"",""percentage"":0.000573},{""age"":""35-44"",""gender"":""unknown"",""percentage"":0.002817},{""age"":""45-54"",""gender"":""unknown"",""percentage"":0.002019},{""age"":""25-34"",""gender"":""unknown"",""percentage"":0.003341},{""age"":""55-64"",""gender"":""male"",""percentage"":0.041607},{""age"":""35-44"",""gender"":""female"",""percentage"":0.112133},{""age"":""25-34"",""gender"":""female"",""percentage"":0.17154},{""age"":""45-54"",""gender"":""male"",""percentage"":0.06908},{""age"":""55-64"",""gender"":""female"",""percentage"":0.06018},{""age"":""25-34"",""gender"":""male"",""percentage"":0.158228},{""age"":""35-44"",""gender"":""male"",""percentage"":0.095854},{""age"":""45-54"",""gender"":""female"",""percentage"":0.090868},{""age"":""18-24"",""gender"":""male"",""percentage"":0.06716},{""age"":""65+"",""gender"":""female"",""percentage"":0.030688},{""age"":""65+"",""gender"":""male"",""percentage"":0.018473},{""age"":""18-24"",""gender"":""unknown"",""percentage"":0.003216}","{""region"":""Los R\u00edos Region"",""percentage"":0.152339},{""region"":""B\u00edo B\u00edo Region"",""percentage"":0.693378},{""region"":""Los Lagos Region"",""percentage"":0.154283}","facebook,instagram","lower_bound: 1000001",es
1185911198483209,177384889097855,"Gabriel Boric",2021-12-07,2021-12-08,2021-12-16,"Gabriel Boric Font","Reformar Carabineros para tener más dotación donde más se necesita, con barrios seguros libres de narcotráfico. Vota Gabriel Boric 1️⃣",,boricpresidente.cl,,"lower_bound: 100000, upper_bound: 124999","lower_bound: 300, upper_bound: 399",USD,"{""age"":""55-64"",""gender"":""unknown"",""percentage"":0.000369},{""age"":""45-54"",""gender"":""female"",""percentage"":0.081385},{""age"":""65+"",""gender"":""unknown"",""percentage"":0.000209},{""age"":""25-34"",""gender"":""unknown"",""percentage"":0.002663},{""age"":""35-44"",""gender"":""unknown"",""percentage"":0.001965},{""age"":""55-64"",""gender"":""female"",""percentage"":0.049306},{""age"":""18-24"",""gender"":""female"",""percentage"":0.101325},{""age"":""25-34"",""gender"":""female"",""percentage"":0.168765},{""age"":""35-44"",""gender"":""female"",""percentage"":0.110262},{""age"":""45-54"",""gender"":""unknown"",""percentage"":0.001277},{""age"":""18-24"",""gender"":""male"",""percentage"":0.087988},{""age"":""25-34"",""gender"":""male"",""percentage"":0.161224},{""age"":""35-44"",""gender"":""male"",""percentage"":0.098133},{""age"":""45-54"",""gender"":""male"",""percentage"":0.062343},{""age"":""55-64"",""gender"":""male"",""percentage"":0.034413},{""age"":""65+"",""gender"":""female"",""percentage"":0.020668},{""age"":""65+"",""gender"":""male"",""percentage"":0.014394},{""age"":""18-24"",""gender"":""unknown"",""percentage"":0.003312}","{""region"":""O'Higgins Region"",""percentage"":0.38403},{""region"":""Maule Region"",""percentage"":0.61597}","facebook,instagram","lower_bound: 500001, upper_bound: 1000000",es
1280588812445762,177384889097855,"Gabriel Boric",2021-12-07,2021-12-08,2021-12-16,"Gabriel Boric Font","Que no necesitemos los bingos y completadas para pagar un tratamiento 🏥, sino para celebrar un país más justo 🎉. 
Por una salud para todos, sin privilegios. Vota Gabriel Boric 1️⃣",,boricpresidente.cl,,"lower_bound: 10000, upper_bound: 14999","lower_bound: 0, upper_bound: 99",USD,"{""age"":""65+"",""gender"":""unknown"",""percentage"":0.000331},{""age"":""55-64"",""gender"":""male"",""percentage"":0.037117},{""age"":""25-34"",""gender"":""unknown"",""percentage"":0.002403},{""age"":""65+"",""gender"":""female"",""percentage"":0.023281},{""age"":""55-64"",""gender"":""female"",""percentage"":0.043165},{""age"":""18-24"",""gender"":""male"",""percentage"":0.065037},{""age"":""35-44"",""gender"":""female"",""percentage"":0.135128},{""age"":""18-24"",""gender"":""female"",""percentage"":0.094615},{""age"":""25-34"",""gender"":""male"",""percentage"":0.145733},{""age"":""45-54"",""gender"":""unknown"",""percentage"":0.001077},{""age"":""25-34"",""gender"":""female"",""percentage"":0.195857},{""age"":""45-54"",""gender"":""female"",""percentage"":0.083761},{""age"":""35-44"",""gender"":""male"",""percentage"":0.093786},{""age"":""45-54"",""gender"":""male"",""percentage"":0.059735},{""age"":""65+"",""gender"":""male"",""percentage"":0.01425},{""age"":""35-44"",""gender"":""unknown"",""percentage"":0.00232},{""age"":""55-64"",""gender"":""unknown"",""percentage"":0.00058},{""age"":""18-24"",""gender"":""unknown"",""percentage"":0.001823}","{""region"":""Atacama Region"",""percentage"":0.322607},{""region"":""Coquimbo Region"",""percentage"":0.677393}","facebook,instagram","lower_bound: 100001, upper_bound: 500000",es
1347584245711978,177384889097855,"Gabriel Boric",2021-12-07,2021-12-08,2021-12-16,"Gabriel Boric Font","Reformar Carabineros para tener más dotación donde más se necesita, con barrios seguros libres de narcotráfico. Vota Gabriel Boric 1️⃣",,boricpresidente.cl,,"lower_bound: 50000, upper_bound: 59999","lower_bound: 100, upper_bound: 199",USD,"{""age"":""18-24"",""gender"":""unknown"",""percentage"":0.004842},{""age"":""65+"",""gender"":""female"",""percentage"":0.029073},{""age"":""55-64"",""gender"":""unknown"",""percentage"":0.000738},{""age"":""45-54"",""gender"":""unknown"",""percentage"":0.001759},{""age"":""65+"",""gender"":""male"",""percentage"":0.020518},{""age"":""18-24"",""gender"":""female"",""percentage"":0.098899},{""age"":""45-54"",""gender"":""male"",""percentage"":0.061207},{""age"":""25-34"",""gender"":""male"",""percentage"":0.163298},{""age"":""25-34"",""gender"":""female"",""percentage"":0.158152},{""age"":""25-34"",""gender"":""unknown"",""percentage"":0.004147},{""age"":""18-24"",""gender"":""male"",""percentage"":0.091995},{""age"":""55-64"",""gender"":""male"",""percentage"":0.037714},{""age"":""35-44"",""gender"":""male"",""percentage"":0.094274},{""age"":""45-54"",""gender"":""female"",""percentage"":0.071542},{""age"":""35-44"",""gender"":""female"",""percentage"":0.104132},{""age"":""55-64"",""gender"":""female"",""percentage"":0.054172},{""age"":""35-44"",""gender"":""unknown"",""percentage"":0.002888},{""age"":""65+"",""gender"":""unknown"",""percentage"":0.000651}","{""region"":""Valpara\u00edso Region"",""percentage"":1}","facebook,instagram","lower_bound: 500001, upper_bound: 1000000",es
1389565991458667,177384889097855,"Gabriel Boric",2021-12-07,2021-12-08,2021-12-16,"Gabriel Boric Font","Reformar Carabineros para tener más dotación donde más se necesita, con barrios seguros libres de narcotráfico. Vota Gabriel Boric 1️⃣",,boricpresidente.cl,,"lower_bound: 150000, upper_bound: 174999","lower_bound: 600, upper_bound: 699",USD,"{""age"":""25-34"",""gender"":""unknown"",""percentage"":0.00517},{""age"":""45-54"",""gender"":""female"",""percentage"":0.062137},{""age"":""18-24"",""gender"":""unknown"",""percentage"":0.007702},{""age"":""45-54"",""gender"":""unknown"",""percentage"":0.002693},{""age"":""65+"",""gender"":""unknown"",""percentage"":0.000909},{""age"":""65+"",""gender"":""female"",""percentage"":0.024814},{""age"":""35-44"",""gender"":""male"",""percentage"":0.091918},{""age"":""45-54"",""gender"":""male"",""percentage"":0.051405},{""age"":""55-64"",""gender"":""male"",""percentage"":0.030705},{""age"":""35-44"",""gender"":""unknown"",""percentage"":0.003918},{""age"":""25-34"",""gender"":""male"",""percentage"":0.176512},{""age"":""18-24"",""gender"":""male"",""percentage"":0.112633},{""age"":""25-34"",""gender"":""female"",""percentage"":0.158134},{""age"":""35-44"",""gender"":""female"",""percentage"":0.096067},{""age"":""55-64"",""gender"":""female"",""percentage"":0.04704},{""age"":""65+"",""gender"":""male"",""percentage"":0.016125},{""age"":""18-24"",""gender"":""female"",""percentage"":0.110968},{""age"":""55-64"",""gender"":""unknown"",""percentage"":0.001147}","{""region"":""Santiago Metropolitan Region"",""percentage"":1}","facebook,instagram","lower_bound: 1000001",es
1601049526912774,177384889097855,"Gabriel Boric",2021-12-07,2021-12-08,2021-12-16,"Gabriel Boric Font","Que no necesitemos los bingos y completadas para pagar un tratamiento 🏥, sino para celebrar un país más justo 🎉. 
Por una salud para todos, sin privilegios. Vota Gabriel Boric 1️⃣",,boricpresidente.cl,,"lower_bound: 45000, upper_bound: 49999","lower_bound: 100, upper_bound: 199",USD,"{""age"":""25-34"",""gender"":""unknown"",""percentage"":0.002968},{""age"":""55-64"",""gender"":""female"",""percentage"":0.052015},{""age"":""55-64"",""gender"":""unknown"",""percentage"":0.000565},{""age"":""45-54"",""gender"":""unknown"",""percentage"":0.001908},{""age"":""18-24"",""gender"":""unknown"",""percentage"":0.002332},{""age"":""35-44"",""gender"":""female"",""percentage"":0.125374},{""age"":""45-54"",""gender"":""male"",""percentage"":0.05814},{""age"":""45-54"",""gender"":""female"",""percentage"":0.076892},{""age"":""55-64"",""gender"":""male"",""percentage"":0.034253},{""age"":""35-44"",""gender"":""unknown"",""percentage"":0.002733},{""age"":""18-24"",""gender"":""female"",""percentage"":0.108106},{""age"":""25-34"",""gender"":""female"",""percentage"":0.183726},{""age"":""18-24"",""gender"":""male"",""percentage"":0.070862},{""age"":""35-44"",""gender"":""male"",""percentage"":0.092323},{""age"":""65+"",""gender"":""female"",""percentage"":0.027704},{""age"":""65+"",""gender"":""male"",""percentage"":0.018163},{""age"":""25-34"",""gender"":""male"",""percentage"":0.141794},{""age"":""65+"",""gender"":""unknown"",""percentage"":0.000141}","{""region"":""Valpara\u00edso Region"",""percentage"":1}","facebook,instagram","lower_bound: 500001, upper_bound: 1000000",es
2105874929560351,177384889097855,"Gabriel Boric",2021-12-07,2021-12-08,2021-12-16,"Gabriel Boric Font","Mayor dotación policial y coordinación con los países vecinos para una migración regular y ordenada. Por un gobierno que cuide nuestras fronteras, vota Gabriel Boric 1️⃣",,boricpresidente.cl,,"lower_bound: 300000, upper_bound: 349999","lower_bound: 1000, upper_bound: 1499",USD,"{""age"":""13-17"",""gender"":""unknown"",""percentage"":3.5e-5},{""age"":""55-64"",""gender"":""male"",""percentage"":0.036455},{""age"":""13-17"",""gender"":""female"",""percentage"":0.00013},{""age"":""25-34"",""gender"":""unknown"",""percentage"":0.002168},{""age"":""65+"",""gender"":""male"",""percentage"":0.017858},{""age"":""35-44"",""gender"":""female"",""percentage"":0.090652},{""age"":""65+"",""gender"":""female"",""percentage"":0.023512},{""age"":""25-34"",""gender"":""male"",""percentage"":0.168002},{""age"":""55-64"",""gender"":""female"",""percentage"":0.045671},{""age"":""45-54"",""gender"":""female"",""percentage"":0.06658},{""age"":""35-44"",""gender"":""male"",""percentage"":0.086146},{""age"":""55-64"",""gender"":""unknown"",""percentage"":0.000549},{""age"":""18-24"",""gender"":""male"",""percentage"":0.106397},{""age"":""25-34"",""gender"":""female"",""percentage"":0.163721},{""age"":""45-54"",""gender"":""male"",""percentage"":0.057234},{""age"":""18-24"",""gender"":""female"",""percentage"":0.12869},{""age"":""35-44"",""gender"":""unknown"",""percentage"":0.001758},{""age"":""18-24"",""gender"":""unknown"",""percentage"":0.002927},{""age"":""45-54"",""gender"":""unknown"",""percentage"":0.001174},{""age"":""65+"",""gender"":""unknown"",""percentage"":0.00027},{""age"":""13-17"",""gender"":""male"",""percentage"":7.0e-5}","{""region"":""Atacama Region"",""percentage"":0.294065},{""region"":""Coquimbo Region"",""percentage"":0.705935}","facebook,instagram","lower_bound: 500001, upper_bound: 1000000",es
2723919204584492,177384889097855,"Gabriel Boric",2021-12-07,2021-12-07,2021-12-13,"Gabriel Boric Font","Que la vejez sea para descansar y disfrutar 🫂, no para trabajar porque la pensión no alcanza. Fin a las AFP para una jubilación a los 65 años con un piso de $250.000 mensuales. Para pensiones justas, vota Gabriel Boric 1️⃣",,boricpresidente.cl,,"lower_bound: 150000, upper_bound: 174999","lower_bound: 500, upper_bound: 599",USD,"{""age"":""25-34"",""gender"":""unknown"",""percentage"":0.002521},{""age"":""45-54"",""gender"":""female"",""percentage"":0.063826},{""age"":""55-64"",""gender"":""unknown"",""percentage"":0.000439},{""age"":""18-24"",""gender"":""female"",""percentage"":0.142389},{""age"":""25-34"",""gender"":""female"",""percentage"":0.155929},{""age"":""25-34"",""gender"":""male"",""percentage"":0.165602},{""age"":""35-44"",""gender"":""male"",""percentage"":0.083745},{""age"":""18-24"",""gender"":""male"",""percentage"":0.107613},{""age"":""55-64"",""gender"":""female"",""percentage"":0.048858},{""age"":""45-54"",""gender"":""unknown"",""percentage"":0.000915},{""age"":""45-54"",""gender"":""male"",""percentage"":0.06196},{""age"":""35-44"",""gender"":""female"",""percentage"":0.077477},{""age"":""55-64"",""gender"":""male"",""percentage"":0.040441},{""age"":""65+"",""gender"":""male"",""percentage"":0.017971},{""age"":""65+"",""gender"":""female"",""percentage"":0.023593},{""age"":""18-24"",""gender"":""unknown"",""percentage"":0.004684},{""age"":""35-44"",""gender"":""unknown"",""percentage"":0.001688},{""age"":""65+"",""gender"":""unknown"",""percentage"":0.000349}","{""region"":""O'Higgins Region"",""percentage"":0.469869},{""region"":""Maule Region"",""percentage"":0.530131}","facebook,instagram","lower_bound: 100001, upper_bound: 500000",es
3034779556788733,177384889097855,"Gabriel Boric",2021-12-07,2021-12-08,2021-12-12,"Gabriel Boric Font","Que no necesitemos los bingos y completadas para pagar un tratamiento 🏥, sino para celebrar un país más justo 🎉. 
Por una salud para todos, sin privilegios. Vota Gabriel Boric 1️⃣",,boricpresidente.cl,,"lower_bound: 15000, upper_bound: 19999","lower_bound: 0, upper_bound: 99",USD,"{""age"":""13-17"",""gender"":""unknown"",""percentage"":5.3e-5},{""age"":""25-34"",""gender"":""female"",""percentage"":0.192904},{""age"":""65+"",""gender"":""female"",""percentage"":0.032521},{""age"":""18-24"",""gender"":""female"",""percentage"":0.082227},{""age"":""25-34"",""gender"":""male"",""percentage"":0.170853},{""age"":""18-24"",""gender"":""male"",""percentage"":0.066363},{""age"":""65+"",""gender"":""male"",""percentage"":0.020729},{""age"":""35-44"",""gender"":""female"",""percentage"":0.115065},{""age"":""45-54"",""gender"":""female"",""percentage"":0.071651},{""age"":""35-44"",""gender"":""male"",""percentage"":0.090582},{""age"":""55-64"",""gender"":""female"",""percentage"":0.05547},{""age"":""13-17"",""gender"":""female"",""percentage"":0.000212},{""age"":""55-64"",""gender"":""male"",""percentage"":0.033208},{""age"":""45-54"",""gender"":""male"",""percentage"":0.052774},{""age"":""45-54"",""gender"":""unknown"",""percentage"":0.002855},{""age"":""35-44"",""gender"":""unknown"",""percentage"":0.003173},{""age"":""55-64"",""gender"":""unknown"",""percentage"":0.001005},{""age"":""25-34"",""gender"":""unknown"",""percentage"":0.00349},{""age"":""65+"",""gender"":""unknown"",""percentage"":0.000952},{""age"":""13-17"",""gender"":""male"",""percentage"":0.000212},{""age"":""18-24"",""gender"":""unknown"",""percentage"":0.003702}","{""region"":""Valpara\u00edso Region"",""percentage"":1}","facebook,instagram","lower_bound: 500001, upper_bound: 1000000",es
858464371495018,177384889097855,"Gabriel Boric",2021-12-07,2021-12-08,2021-12-13,"Gabriel Boric Font","Mayor dotación policial y coordinación con los países vecinos para una migración regular y ordenada. Por un gobierno que cuide nuestras fronteras, vota Gabriel Boric 1️⃣",,boricpresidente.cl,,"lower_bound: 15000, upper_bound: 19999","lower_bound: 0, upper_bound: 99",USD,"{""age"":""45-54"",""gender"":""unknown"",""percentage"":0.000692},{""age"":""25-34"",""gender"":""male"",""percentage"":0.170523},{""age"":""55-64"",""gender"":""unknown"",""percentage"":0.000404},{""age"":""25-34"",""gender"":""unknown"",""percentage"":0.004501},{""age"":""65+"",""gender"":""female"",""percentage"":0.014369},{""age"":""55-64"",""gender"":""male"",""percentage"":0.027411},{""age"":""55-64"",""gender"":""female"",""percentage"":0.036701},{""age"":""65+"",""gender"":""male"",""percentage"":0.014254},{""age"":""45-54"",""gender"":""female"",""percentage"":0.058919},{""age"":""18-24"",""gender"":""unknown"",""percentage"":0.005713},{""age"":""35-44"",""gender"":""unknown"",""percentage"":0.002077},{""age"":""18-24"",""gender"":""female"",""percentage"":0.123088},{""age"":""35-44"",""gender"":""female"",""percentage"":0.09487},{""age"":""45-54"",""gender"":""male"",""percentage"":0.05309},{""age"":""18-24"",""gender"":""male"",""percentage"":0.126666},{""age"":""25-34"",""gender"":""female"",""percentage"":0.180564},{""age"":""35-44"",""gender"":""male"",""percentage"":0.085868},{""age"":""65+"",""gender"":""unknown"",""percentage"":0.000289}","{""region"":""Atacama Region"",""percentage"":0.183837},{""region"":""Coquimbo Region"",""percentage"":0.816163}","facebook,instagram","lower_bound: 100001, upper_bound: 500000",es
431666505209206,177384889097855,"Gabriel Boric",2021-12-06,2021-12-06,2021-12-10,"Gabriel Boric Font","Mayor dotación policial y coordinación con nuestros países vecinos para una migración segura, ordenada y humana. Por un gobierno que cuide nuestras fronteras, vota Gabriel Boric 1️⃣",,boricpresidente.cl,,"lower_bound: 0, upper_bound: 999","lower_bound: 0, upper_bound: 99",USD,"{""age"":""55-64"",""gender"":""female"",""percentage"":0.004175},{""age"":""55-64"",""gender"":""male"",""percentage"":0.004175},{""age"":""25-34"",""gender"":""female"",""percentage"":0.308977},{""age"":""25-34"",""gender"":""male"",""percentage"":0.306889},{""age"":""35-44"",""gender"":""female"",""percentage"":0.131524},{""age"":""45-54"",""gender"":""female"",""percentage"":0.06263},{""age"":""35-44"",""gender"":""male"",""percentage"":0.11691},{""age"":""45-54"",""gender"":""male"",""percentage"":0.064718}","{""region"":""Antofagasta Region"",""percentage"":1}","facebook,instagram","lower_bound: 10001, upper_bound: 50000",es
905859976968504,177384889097855,"Gabriel Boric",2021-12-06,2021-12-06,2021-12-10,"Gabriel Boric Font","Mayor dotación policial y coordinación con nuestros países vecinos para una migración segura, ordenada y humana. Por un gobierno que cuide nuestras fronteras, vota Gabriel Boric 1️⃣","Boric Presidente",boricpresidente.cl,"Votemos para hacer realidad un Chile en que nadie quede fuera. Votemos Gabriel Boric Presidente","lower_bound: 1000, upper_bound: 1999","lower_bound: 0, upper_bound: 99",USD,"{""age"":""45-54"",""gender"":""unknown"",""percentage"":0.000907},{""age"":""55-64"",""gender"":""female"",""percentage"":0.004537},{""age"":""45-54"",""gender"":""male"",""percentage"":0.07441},{""age"":""35-44"",""gender"":""male"",""percentage"":0.137931},{""age"":""45-54"",""gender"":""female"",""percentage"":0.065336},{""age"":""25-34"",""gender"":""male"",""percentage"":0.296733},{""age"":""35-44"",""gender"":""female"",""percentage"":0.126134},{""age"":""25-34"",""gender"":""female"",""percentage"":0.286751},{""age"":""55-64"",""gender"":""male"",""percentage"":0.005445},{""age"":""25-34"",""gender"":""unknown"",""percentage"":0.001815}","{""region"":""Antofagasta Region"",""percentage"":1}","facebook,instagram","lower_bound: 10001, upper_bound: 50000",es
220043773607941,177384889097855,"Gabriel Boric",2021-12-06,2021-12-06,2021-12-10,"Gabriel Boric Font","Mayor dotación policial y coordinación con nuestros países vecinos para una migración segura, ordenada y humana. Por un gobierno que cuide nuestras fronteras, vota Gabriel Boric 1️⃣",,boricpresidente.cl,,"lower_bound: 5000, upper_bound: 5999","lower_bound: 0, upper_bound: 99",USD,"{""age"":""35-44"",""gender"":""unknown"",""percentage"":0.003673},{""age"":""55-64"",""gender"":""female"",""percentage"":0.006122},{""age"":""25-34"",""gender"":""unknown"",""percentage"":0.002653},{""age"":""25-34"",""gender"":""male"",""percentage"":0.273265},{""age"":""35-44"",""gender"":""female"",""percentage"":0.136939},{""age"":""35-44"",""gender"":""male"",""percentage"":0.112245},{""age"":""45-54"",""gender"":""female"",""percentage"":0.085714},{""age"":""25-34"",""gender"":""female"",""percentage"":0.304898},{""age"":""45-54"",""gender"":""male"",""percentage"":0.068367},{""age"":""55-64"",""gender"":""male"",""percentage"":0.005714},{""age"":""45-54"",""gender"":""unknown"",""percentage"":0.000408}","{""region"":""Antofagasta Region"",""percentage"":1}","facebook,instagram","lower_bound: 50001, upper_bound: 100000",es
271500501707578,177384889097855,"Gabriel Boric",2021-12-06,2021-12-06,2021-12-10,"Gabriel Boric Font","Mayor dotación policial y coordinación con nuestros países vecinos para una migración segura, ordenada y humana. Por un gobierno que cuide nuestras fronteras, vota Gabriel Boric 1️⃣",,boricpresidente.cl,,"lower_bound: 0, upper_bound: 999","lower_bound: 0, upper_bound: 99",USD,"{""age"":""25-34"",""gender"":""unknown"",""percentage"":0.002278},{""age"":""35-44"",""gender"":""female"",""percentage"":0.129841},{""age"":""25-34"",""gender"":""male"",""percentage"":0.32574},{""age"":""55-64"",""gender"":""female"",""percentage"":0.002278},{""age"":""25-34"",""gender"":""female"",""percentage"":0.300683},{""age"":""35-44"",""gender"":""male"",""percentage"":0.123007},{""age"":""45-54"",""gender"":""male"",""percentage"":0.056948},{""age"":""45-54"",""gender"":""female"",""percentage"":0.056948},{""age"":""55-64"",""gender"":""male"",""percentage"":0.002278}","{""region"":""Antofagasta Region"",""percentage"":1}","facebook,instagram","lower_bound: 5001, upper_bound: 10000",es
485467006183678,177384889097855,"Gabriel Boric",2021-12-06,2021-12-06,2021-12-10,"Gabriel Boric Font","Mayor dotación policial y coordinación con nuestros países vecinos para una migración segura, ordenada y humana. Por un gobierno que cuide nuestras fronteras, vota Gabriel Boric 1️⃣",,boricpresidente.cl,,"lower_bound: 0, upper_bound: 999","lower_bound: 0, upper_bound: 99",USD,"{""age"":""45-54"",""gender"":""unknown"",""percentage"":0.00625},{""age"":""35-44"",""gender"":""male"",""percentage"":0.15},{""age"":""55-64"",""gender"":""female"",""percentage"":0.0125},{""age"":""45-54"",""gender"":""female"",""percentage"":0.06875},{""age"":""25-34"",""gender"":""male"",""percentage"":0.29375},{""age"":""25-34"",""gender"":""female"",""percentage"":0.24375},{""age"":""45-54"",""gender"":""male"",""percentage"":0.06875},{""age"":""35-44"",""gender"":""female"",""percentage"":0.15625}","{""region"":""Antofagasta Region"",""percentage"":1}","facebook,instagram","lower_bound: 5001, upper_bound: 10000",es
416093703581283,177384889097855,"Gabriel Boric",2021-12-06,2021-12-06,2021-12-10,"Gabriel Boric Font","Mayor dotación policial y coordinación con nuestros países vecinos para una migración segura, ordenada y humana. Por un gobierno que cuide nuestras fronteras, vota Gabriel Boric 1️⃣","Boric Presidente",boricpresidente.cl,"Votemos para hacer realidad un Chile en que nadie quede fuera. Votemos Gabriel Boric Presidente","lower_bound: 0, upper_bound: 999","lower_bound: 0, upper_bound: 99",USD,,,"facebook,instagram","lower_bound: 1001, upper_bound: 5000",es
1220708375119487,177384889097855,"Gabriel Boric",2021-12-06,2021-12-06,2021-12-10,"Gabriel Boric Font","Que nuestros abuelos vivan con tranquilidad y no estén haciendo largas filas para recibir sus remedios 💊, por una salud digna los medicamentos se entregarán a domicilio 🚐. Vota Gabriel Boric 1️⃣",,boricpresidente.cl,,"lower_bound: 0, upper_bound: 999","lower_bound: 0, upper_bound: 99",USD,"{""age"":""18-24"",""gender"":""unknown"",""percentage"":0.01171},{""age"":""25-34"",""gender"":""unknown"",""percentage"":0.004684},{""age"":""35-44"",""gender"":""male"",""percentage"":0.009368},{""age"":""25-34"",""gender"":""female"",""percentage"":0.248244},{""age"":""18-24"",""gender"":""male"",""percentage"":0.163934},{""age"":""25-34"",""gender"":""male"",""percentage"":0.29274},{""age"":""18-24"",""gender"":""female"",""percentage"":0.252927},{""age"":""35-44"",""gender"":""female"",""percentage"":0.016393}","{""region"":""Valpara\u00edso Region"",""percentage"":1}","facebook,instagram","lower_bound: 5001, upper_bound: 10000",es
4397861606977721,177384889097855,"Gabriel Boric",2021-12-06,2021-12-06,2021-12-10,"Gabriel Boric Font","Que nuestros abuelos vivan con tranquilidad y no estén haciendo largas filas para recibir sus remedios 💊, por una salud digna los medicamentos se entregarán a domicilio 🚐. Vota Gabriel Boric 1️⃣",,boricpresidente.cl,,"lower_bound: 5000, upper_bound: 5999","lower_bound: 0, upper_bound: 99",USD,"{""age"":""35-44"",""gender"":""unknown"",""percentage"":0.000215},{""age"":""35-44"",""gender"":""female"",""percentage"":0.021263},{""age"":""18-24"",""gender"":""female"",""percentage"":0.218857},{""age"":""35-44"",""gender"":""male"",""percentage"":0.020833},{""age"":""25-34"",""gender"":""female"",""percentage"":0.281143},{""age"":""25-34"",""gender"":""male"",""percentage"":0.291022},{""age"":""18-24"",""gender"":""male"",""percentage"":0.158935},{""age"":""18-24"",""gender"":""unknown"",""percentage"":0.004296},{""age"":""25-34"",""gender"":""unknown"",""percentage"":0.003436}","{""region"":""Valpara\u00edso Region"",""percentage"":1}","facebook,instagram","lower_bound: 10001, upper_bound: 50000",es
442853017408378,177384889097855,"Gabriel Boric",2021-12-06,2021-12-06,2021-12-11,"Gabriel Boric Font","Que no necesitemos los bingos y completadas para pagar un tratamiento 🏥, sino para celebrar un país más justo 🎉. 
Por una salud para todos, sin privilegios. Vota Gabriel Boric 1️⃣","Boric Presidente",boricpresidente.cl,"Votemos para hacer realidad un Chile en que nadie quede fuera. Votemos Gabriel Boric Presidente","lower_bound: 1000, upper_bound: 1999","lower_bound: 0, upper_bound: 99",USD,"{""age"":""45-54"",""gender"":""unknown"",""percentage"":0.00056},{""age"":""55-64"",""gender"":""unknown"",""percentage"":0.00056},{""age"":""55-64"",""gender"":""female"",""percentage"":0.036374},{""age"":""35-44"",""gender"":""female"",""percentage"":0.118075},{""age"":""45-54"",""gender"":""female"",""percentage"":0.086738},{""age"":""25-34"",""gender"":""male"",""percentage"":0.181309},{""age"":""35-44"",""gender"":""male"",""percentage"":0.088416},{""age"":""45-54"",""gender"":""male"",""percentage"":0.052602},{""age"":""25-34"",""gender"":""female"",""percentage"":0.214885},{""age"":""18-24"",""gender"":""male"",""percentage"":0.082261},{""age"":""18-24"",""gender"":""female"",""percentage"":0.113598},{""age"":""55-64"",""gender"":""male"",""percentage"":0.020145},{""age"":""35-44"",""gender"":""unknown"",""percentage"":0.001679},{""age"":""25-34"",""gender"":""unknown"",""percentage"":0.002798}","{""region"":""Santiago Metropolitan Region"",""percentage"":1}","facebook,instagram","lower_bound: 10001, upper_bound: 50000",es
342100250915671,177384889097855,"Gabriel Boric",2021-12-06,2021-12-06,2021-12-10,"Gabriel Boric Font","Que la vejez sea para descansar y disfrutar  🫂, no para trabajar porque la pensión no alcanza. Fin a las AFP para una jubilación a los 65 años con un piso de $250.000 mensuales. Para pensiones justas, vota Gabriel Boric 1️⃣","Boric Presidente",boricpresidente.cl,"Votemos para hacer realidad un Chile en que nadie quede fuera. Votemos Gabriel Boric Presidente","lower_bound: 10000, upper_bound: 14999","lower_bound: 0, upper_bound: 99",USD,"{""age"":""13-17"",""gender"":""female"",""percentage"":9.3e-5},{""age"":""18-24"",""gender"":""male"",""percentage"":0.110037},{""age"":""18-24"",""gender"":""unknown"",""percentage"":0.00381},{""age"":""25-34"",""gender"":""unknown"",""percentage"":0.002416},{""age"":""35-44"",""gender"":""unknown"",""percentage"":0.002045},{""age"":""45-54"",""gender"":""unknown"",""percentage"":0.000743},{""age"":""55-64"",""gender"":""female"",""percentage"":0.063755},{""age"":""55-64"",""gender"":""male"",""percentage"":0.044052},{""age"":""25-34"",""gender"":""female"",""percentage"":0.144517},{""age"":""13-17"",""gender"":""male"",""percentage"":9.3e-5},{""age"":""18-24"",""gender"":""female"",""percentage"":0.161524},{""age"":""45-54"",""gender"":""male"",""percentage"":0.069424},{""age"":""25-34"",""gender"":""male"",""percentage"":0.171561},{""age"":""35-44"",""gender"":""male"",""percentage"":0.080483},{""age"":""35-44"",""gender"":""female"",""percentage"":0.070911},{""age"":""45-54"",""gender"":""female"",""percentage"":0.073792},{""age"":""55-64"",""gender"":""unknown"",""percentage"":0.000743}","{""region"":""Santiago Metropolitan Region"",""percentage"":1}","facebook,instagram","lower_bound: 100001, upper_bound: 500000",es
275044404661151,177384889097855,"Gabriel Boric",2021-12-06,2021-12-06,2021-12-10,"Gabriel Boric Font","Que la vejez sea para descansar y disfrutar  🫂, no para trabajar porque la pensión no alcanza. Fin a las AFP para una jubilación a los 65 años con un piso de $250.000 mensuales. Para pensiones justas, vota Gabriel Boric 1️⃣","Boric Presidente",boricpresidente.cl,"Votemos para hacer realidad un Chile en que nadie quede fuera. Votemos Gabriel Boric Presidente","lower_bound: 10000, upper_bound: 14999","lower_bound: 0, upper_bound: 99",USD,"{""age"":""13-17"",""gender"":""female"",""percentage"":8.3e-5},{""age"":""18-24"",""gender"":""female"",""percentage"":0.162345},{""age"":""25-34"",""gender"":""unknown"",""percentage"":0.002064},{""age"":""55-64"",""gender"":""unknown"",""percentage"":0.00033},{""age"":""45-54"",""gender"":""unknown"",""percentage"":0.000661},{""age"":""13-17"",""gender"":""unknown"",""percentage"":8.3e-5},{""age"":""18-24"",""gender"":""unknown"",""percentage"":0.004046},{""age"":""35-44"",""gender"":""female"",""percentage"":0.074319},{""age"":""25-34"",""gender"":""male"",""percentage"":0.166639},{""age"":""35-44"",""gender"":""male"",""percentage"":0.078943},{""age"":""45-54"",""gender"":""male"",""percentage"":0.065153},{""age"":""55-64"",""gender"":""female"",""percentage"":0.063749},{""age"":""45-54"",""gender"":""female"",""percentage"":0.077374},{""age"":""18-24"",""gender"":""male"",""percentage"":0.111808},{""age"":""55-64"",""gender"":""male"",""percentage"":0.041618},{""age"":""25-34"",""gender"":""female"",""percentage"":0.149794},{""age"":""35-44"",""gender"":""unknown"",""percentage"":0.000991}","{""region"":""Santiago Metropolitan Region"",""percentage"":1}","facebook,instagram","lower_bound: 100001, upper_bound: 500000",es
613883329664935,177384889097855,"Gabriel Boric",2021-12-06,2021-12-06,2021-12-11,"Gabriel Boric Font","Que la vejez sea para descansar y disfrutar  🫂, no para trabajar porque la pensión no alcanza. Fin a las AFP para una jubilación a los 65 años con un piso de $250.000 mensuales. Para pensiones justas, vota Gabriel Boric 1️⃣","Boric Presidente",boricpresidente.cl,"Votemos para hacer realidad un Chile en que nadie quede fuera. Votemos Gabriel Boric Presidente","lower_bound: 25000, upper_bound: 29999","lower_bound: 0, upper_bound: 99",USD,"{""age"":""13-17"",""gender"":""male"",""percentage"":5.2e-5},{""age"":""18-24"",""gender"":""unknown"",""percentage"":0.00227},{""age"":""25-34"",""gender"":""unknown"",""percentage"":0.002219},{""age"":""45-54"",""gender"":""male"",""percentage"":0.056966},{""age"":""55-64"",""gender"":""male"",""percentage"":0.036687},{""age"":""25-34"",""gender"":""male"",""percentage"":0.178173},{""age"":""25-34"",""gender"":""female"",""percentage"":0.181579},{""age"":""35-44"",""gender"":""female"",""percentage"":0.089112},{""age"":""18-24"",""gender"":""female"",""percentage"":0.139422},{""age"":""55-64"",""gender"":""female"",""percentage"":0.050774},{""age"":""55-64"",""gender"":""unknown"",""percentage"":0.000361},{""age"":""18-24"",""gender"":""male"",""percentage"":0.096698},{""age"":""35-44"",""gender"":""male"",""percentage"":0.095872},{""age"":""45-54"",""gender"":""female"",""percentage"":0.067492},{""age"":""35-44"",""gender"":""unknown"",""percentage"":0.0016},{""age"":""45-54"",""gender"":""unknown"",""percentage"":0.000722}","{""region"":""Santiago Metropolitan Region"",""percentage"":1}","facebook,instagram","lower_bound: 100001, upper_bound: 500000",es
604147680892051,177384889097855,"Gabriel Boric",2021-12-06,2021-12-06,2021-12-11,"Gabriel Boric Font","Que la vejez sea para descansar y disfrutar  🫂, no para trabajar porque la pensión no alcanza. Fin a las AFP para una jubilación a los 65 años con un piso de $250.000 mensuales. Para pensiones justas, vota Gabriel Boric 1️⃣","Boric Presidente",boricpresidente.cl,"Votemos para hacer realidad un Chile en que nadie quede fuera. Votemos Gabriel Boric Presidente","lower_bound: 10000, upper_bound: 14999","lower_bound: 0, upper_bound: 99",USD,"{""age"":""18-24"",""gender"":""unknown"",""percentage"":0.002386},{""age"":""35-44"",""gender"":""female"",""percentage"":0.087237},{""age"":""55-64"",""gender"":""unknown"",""percentage"":0.00053},{""age"":""65+"",""gender"":""unknown"",""percentage"":0.000177},{""age"":""65+"",""gender"":""female"",""percentage"":0.027135},{""age"":""55-64"",""gender"":""male"",""percentage"":0.04985},{""age"":""45-54"",""gender"":""female"",""percentage"":0.088209},{""age"":""18-24"",""gender"":""female"",""percentage"":0.138059},{""age"":""35-44"",""gender"":""male"",""percentage"":0.077161},{""age"":""25-34"",""gender"":""unknown"",""percentage"":0.001856},{""age"":""25-34"",""gender"":""male"",""percentage"":0.13364},{""age"":""45-54"",""gender"":""unknown"",""percentage"":0.00053},{""age"":""25-34"",""gender"":""female"",""percentage"":0.151052},{""age"":""65+"",""gender"":""male"",""percentage"":0.017854},{""age"":""18-24"",""gender"":""male"",""percentage"":0.083083},{""age"":""55-64"",""gender"":""female"",""percentage"":0.073007},{""age"":""45-54"",""gender"":""male"",""percentage"":0.06682},{""age"":""35-44"",""gender"":""unknown"",""percentage"":0.001414}","{""region"":""Santiago Metropolitan Region"",""percentage"":1}","facebook,instagram","lower_bound: 100001, upper_bound: 500000",es
481957319921088,177384889097855,"Gabriel Boric",2021-12-06,2021-12-06,2021-12-10,"Gabriel Boric Font","Las autoridades de gobierno no ganarán más de 5 millones, es decir 10 veces el salario mínimo de $500.000 al que proponemos llegar. Por un Chile sin privilegios para unos poco, vota Gabriel Boric 1️⃣","Boric Presidente",boricpresidente.cl,"Votemos para hacer realidad un Chile en que nadie quede fuera. Votemos Gabriel Boric Presidente","lower_bound: 2000, upper_bound: 2999","lower_bound: 0, upper_bound: 99",USD,"{""age"":""55-64"",""gender"":""unknown"",""percentage"":0.00037},{""age"":""13-17"",""gender"":""male"",""percentage"":0.00074},{""age"":""45-54"",""gender"":""unknown"",""percentage"":0.004443},{""age"":""25-34"",""gender"":""unknown"",""percentage"":0.004813},{""age"":""35-44"",""gender"":""unknown"",""percentage"":0.006294},{""age"":""35-44"",""gender"":""female"",""percentage"":0.101814},{""age"":""45-54"",""gender"":""female"",""percentage"":0.06368},{""age"":""25-34"",""gender"":""female"",""percentage"":0.192521},{""age"":""18-24"",""gender"":""male"",""percentage"":0.076268},{""age"":""35-44"",""gender"":""male"",""percentage"":0.117364},{""age"":""25-34"",""gender"":""male"",""percentage"":0.199556},{""age"":""18-24"",""gender"":""female"",""percentage"":0.116253},{""age"":""55-64"",""gender"":""male"",""percentage"":0.023695},{""age"":""45-54"",""gender"":""male"",""percentage"":0.062199},{""age"":""55-64"",""gender"":""female"",""percentage"":0.027767},{""age"":""18-24"",""gender"":""unknown"",""percentage"":0.002221}","{""region"":""Santiago Metropolitan Region"",""percentage"":1}","facebook,instagram","lower_bound: 100001, upper_bound: 500000",es
1254703211716425,177384889097855,"Gabriel Boric",2021-12-06,2021-12-06,2021-12-10,"Gabriel Boric Font","Las autoridades de gobierno no ganarán más de 5 millones, es decir 10 veces el salario mínimo de $500.000 al que proponemos llegar. Por un Chile sin privilegios para unos poco, vota Gabriel Boric 1️⃣","Boric Presidente",boricpresidente.cl,"Votemos para hacer realidad un Chile en que nadie quede fuera. Votemos Gabriel Boric Presidente","lower_bound: 0, upper_bound: 999","lower_bound: 0, upper_bound: 99",USD,"{""age"":""35-44"",""gender"":""unknown"",""percentage"":0.001996},{""age"":""25-34"",""gender"":""unknown"",""percentage"":0.001996},{""age"":""55-64"",""gender"":""female"",""percentage"":0.007984},{""age"":""45-54"",""gender"":""female"",""percentage"":0.083832},{""age"":""45-54"",""gender"":""male"",""percentage"":0.113772},{""age"":""35-44"",""gender"":""male"",""percentage"":0.159681},{""age"":""25-34"",""gender"":""male"",""percentage"":0.273453},{""age"":""25-34"",""gender"":""female"",""percentage"":0.207585},{""age"":""35-44"",""gender"":""female"",""percentage"":0.143713},{""age"":""55-64"",""gender"":""male"",""percentage"":0.003992},{""age"":""45-54"",""gender"":""unknown"",""percentage"":0.001996}","{""region"":""Antofagasta Region"",""percentage"":1}","facebook,instagram","lower_bound: 10001, upper_bound: 50000",es
314324830540059,177384889097855,"Gabriel Boric",2021-12-06,2021-12-06,2021-12-10,"Gabriel Boric Font","Las autoridades de gobierno no ganarán más de 5 millones, es decir 10 veces el salario mínimo de $500.000 al que proponemos llegar. Por un Chile sin privilegios para unos poco, vota Gabriel Boric 1️⃣","Boric Presidente",boricpresidente.cl,"Votemos para hacer realidad un Chile en que nadie quede fuera. Votemos Gabriel Boric Presidente","lower_bound: 1000, upper_bound: 1999","lower_bound: 0, upper_bound: 99",USD,"{""age"":""55-64"",""gender"":""male"",""percentage"":0.006452},{""age"":""45-54"",""gender"":""unknown"",""percentage"":0.002419},{""age"":""45-54"",""gender"":""female"",""percentage"":0.095161},{""age"":""25-34"",""gender"":""female"",""percentage"":0.225},{""age"":""25-34"",""gender"":""male"",""percentage"":0.254839},{""age"":""35-44"",""gender"":""female"",""percentage"":0.137097},{""age"":""35-44"",""gender"":""male"",""percentage"":0.166129},{""age"":""45-54"",""gender"":""male"",""percentage"":0.101613},{""age"":""55-64"",""gender"":""female"",""percentage"":0.009677},{""age"":""35-44"",""gender"":""unknown"",""percentage"":0.001613}","{""region"":""Antofagasta Region"",""percentage"":1}","facebook,instagram","lower_bound: 10001, upper_bound: 50000",es
422453796025177,177384889097855,"Gabriel Boric",2021-12-06,2021-12-06,2021-12-11,"Gabriel Boric Font","Las autoridades de gobierno no ganarán más de 5 millones, es decir 10 veces el salario mínimo de $500.000 al que proponemos llegar. Por un Chile sin privilegios para unos poco, vota Gabriel Boric 1️⃣","Boric Presidente",boricpresidente.cl,"Votemos para hacer realidad un Chile en que nadie quede fuera. Votemos Gabriel Boric Presidente","lower_bound: 10000, upper_bound: 14999","lower_bound: 0, upper_bound: 99",USD,"{""age"":""25-34"",""gender"":""unknown"",""percentage"":0.001235},{""age"":""35-44"",""gender"":""male"",""percentage"":0.144703},{""age"":""25-34"",""gender"":""male"",""percentage"":0.266793},{""age"":""45-54"",""gender"":""female"",""percentage"":0.103943},{""age"":""45-54"",""gender"":""male"",""percentage"":0.108029},{""age"":""35-44"",""gender"":""unknown"",""percentage"":0.00247},{""age"":""25-34"",""gender"":""female"",""percentage"":0.220618},{""age"":""35-44"",""gender"":""female"",""percentage"":0.131591},{""age"":""55-64"",""gender"":""male"",""percentage"":0.009121},{""age"":""55-64"",""gender"":""female"",""percentage"":0.010546},{""age"":""45-54"",""gender"":""unknown"",""percentage"":0.00095}","{""region"":""Antofagasta Region"",""percentage"":1}","facebook,instagram","lower_bound: 50001, upper_bound: 100000",es
2209779169177563,177384889097855,"Gabriel Boric",2021-12-06,2021-12-06,2021-12-10,"Gabriel Boric Font","Las autoridades de gobierno no ganarán más de 5 millones, es decir 10 veces el salario mínimo de $500.000 al que proponemos llegar. Por un Chile sin privilegios para unos poco, vota Gabriel Boric 1️⃣","Boric Presidente",boricpresidente.cl,"Votemos para hacer realidad un Chile en que nadie quede fuera. Votemos Gabriel Boric Presidente","lower_bound: 0, upper_bound: 999","lower_bound: 0, upper_bound: 99",USD,"{""age"":""35-44"",""gender"":""unknown"",""percentage"":0.003704},{""age"":""55-64"",""gender"":""male"",""percentage"":0.007407},{""age"":""25-34"",""gender"":""female"",""percentage"":0.207407},{""age"":""35-44"",""gender"":""female"",""percentage"":0.137037},{""age"":""35-44"",""gender"":""male"",""percentage"":0.159259},{""age"":""45-54"",""gender"":""male"",""percentage"":0.105556},{""age"":""25-34"",""gender"":""male"",""percentage"":0.314815},{""age"":""45-54"",""gender"":""female"",""percentage"":0.061111},{""age"":""55-64"",""gender"":""female"",""percentage"":0.003704}","{""region"":""Antofagasta Region"",""percentage"":1}","facebook,instagram","lower_bound: 5001, upper_bound: 10000",es
421710896121120,177384889097855,"Gabriel Boric",2021-12-06,2021-12-06,2021-12-10,"Gabriel Boric Font","Las autoridades de gobierno no ganarán más de 5 millones, es decir 10 veces el salario mínimo de $500.000 al que proponemos llegar. Por un Chile sin privilegios para unos poco, vota Gabriel Boric 1️⃣","Boric Presidente",boricpresidente.cl,"Votemos para hacer realidad un Chile en que nadie quede fuera. Votemos Gabriel Boric Presidente","lower_bound: 0, upper_bound: 999","lower_bound: 0, upper_bound: 99",USD,"{""age"":""25-34"",""gender"":""unknown"",""percentage"":0.004329},{""age"":""55-64"",""gender"":""male"",""percentage"":0.008658},{""age"":""35-44"",""gender"":""male"",""percentage"":0.147186},{""age"":""25-34"",""gender"":""male"",""percentage"":0.242424},{""age"":""35-44"",""gender"":""female"",""percentage"":0.160173},{""age"":""45-54"",""gender"":""female"",""percentage"":0.090909},{""age"":""25-34"",""gender"":""female"",""percentage"":0.242424},{""age"":""45-54"",""gender"":""male"",""percentage"":0.095238},{""age"":""45-54"",""gender"":""unknown"",""percentage"":0.008658}","{""region"":""Antofagasta Region"",""percentage"":1}","facebook,instagram","lower_bound: 5001, upper_bound: 10000",es
3108358339485277,177384889097855,"Gabriel Boric",2021-12-06,2021-12-06,2021-12-10,"Gabriel Boric Font","Las autoridades de gobierno no ganarán más de 5 millones, es decir 10 veces el salario mínimo de $500.000 al que proponemos llegar. Por un Chile sin privilegios para unos poco, vota Gabriel Boric 1️⃣","Boric Presidente",boricpresidente.cl,"Votemos para hacer realidad un Chile en que nadie quede fuera. Votemos Gabriel Boric Presidente","lower_bound: 0, upper_bound: 999","lower_bound: 0, upper_bound: 99",USD,,,"facebook,instagram","lower_bound: 1001, upper_bound: 5000",es
2697954337181158,177384889097855,"Gabriel Boric",2021-12-05,2021-12-05,2021-12-10,"Gabriel Boric Font","Las autoridades de gobierno no ganarán más de 5 millones, es decir 10 veces el salario mínimo de $500.000 al que proponemos llegar. Por un Chile sin privilegios, vota Gabriel Boric 1️⃣","Boric Presidente",boricpresidente.cl,"Votemos para hacer realidad un Chile en que nadie quede fuera. Votemos Gabriel Boric Presidente","lower_bound: 0, upper_bound: 999","lower_bound: 0, upper_bound: 99",USD,"{""age"":""35-44"",""gender"":""unknown"",""percentage"":0.009146},{""age"":""45-54"",""gender"":""unknown"",""percentage"":0.003049},{""age"":""55-64"",""gender"":""male"",""percentage"":0.065549},{""age"":""35-44"",""gender"":""female"",""percentage"":0.222561},{""age"":""45-54"",""gender"":""female"",""percentage"":0.164634},{""age"":""45-54"",""gender"":""male"",""percentage"":0.153963},{""age"":""35-44"",""gender"":""male"",""percentage"":0.271341},{""age"":""55-64"",""gender"":""female"",""percentage"":0.109756}","{""region"":""B\u00edo B\u00edo Region"",""percentage"":1}","facebook,instagram","lower_bound: 10001, upper_bound: 50000",es
4573900446036022,177384889097855,"Gabriel Boric",2021-12-05,2021-12-05,2021-12-10,"Gabriel Boric Font","Diálogo para una paz duradera y todo el rigor de la ley contra quien cometa un delito. Para avanzar con justicia y paz, vota Gabriel Boric 1️⃣","Boric Presidente",boricpresidente.cl,"Votemos para hacer realidad un Chile en que nadie quede fuera. Votemos Gabriel Boric Presidente","lower_bound: 1000, upper_bound: 1999","lower_bound: 0, upper_bound: 99",USD,"{""age"":""55-64"",""gender"":""female"",""percentage"":0.093322},{""age"":""35-44"",""gender"":""female"",""percentage"":0.25},{""age"":""35-44"",""gender"":""male"",""percentage"":0.264555},{""age"":""45-54"",""gender"":""male"",""percentage"":0.146404},{""age"":""55-64"",""gender"":""male"",""percentage"":0.057363},{""age"":""45-54"",""gender"":""female"",""percentage"":0.169521},{""age"":""55-64"",""gender"":""unknown"",""percentage"":0.000856},{""age"":""35-44"",""gender"":""unknown"",""percentage"":0.014555},{""age"":""45-54"",""gender"":""unknown"",""percentage"":0.003425}","{""region"":""B\u00edo B\u00edo Region"",""percentage"":1}","facebook,instagram","lower_bound: 10001, upper_bound: 50000",es
587674782495271,177384889097855,"Gabriel Boric",2021-12-05,2021-12-06,2021-12-10,"Gabriel Boric Font","Que la vejez sea para descansar y disfrutar 🫂, no para trabajar porque la pensión no alcanza. Fin a las AFP para una jubilación a los 65 años con un piso de $250.000 mensuales. Para pensiones justas, vota Gabriel Boric 1️⃣","Boric Presidente",boricpresidente.cl,"Votemos para hacer realidad un Chile en que nadie quede fuera. Votemos Gabriel Boric Presidente","lower_bound: 2000, upper_bound: 2999","lower_bound: 0, upper_bound: 99",USD,"{""age"":""55-64"",""gender"":""unknown"",""percentage"":0.00111},{""age"":""45-54"",""gender"":""unknown"",""percentage"":0.00111},{""age"":""45-54"",""gender"":""male"",""percentage"":0.194892},{""age"":""45-54"",""gender"":""female"",""percentage"":0.167685},{""age"":""35-44"",""gender"":""male"",""percentage"":0.226541},{""age"":""55-64"",""gender"":""male"",""percentage"":0.092726},{""age"":""35-44"",""gender"":""female"",""percentage"":0.183232},{""age"":""55-64"",""gender"":""female"",""percentage"":0.127152},{""age"":""35-44"",""gender"":""unknown"",""percentage"":0.005552}","{""region"":""B\u00edo B\u00edo Region"",""percentage"":1}","facebook,instagram","lower_bound: 10001, upper_bound: 50000",es
642362773811941,177384889097855,"Gabriel Boric",2021-12-05,2021-12-05,2021-12-10,"Gabriel Boric Font","Las autoridades de gobierno no ganarán más de 5 millones, es decir 10 veces el salario mínimo de $500.000 al que proponemos llegar. Por un Chile sin privilegios, vota Gabriel Boric 1️⃣","Boric Presidente",boricpresidente.cl,"Votemos para hacer realidad un Chile en que nadie quede fuera. Votemos Gabriel Boric Presidente","lower_bound: 0, upper_bound: 999","lower_bound: 0, upper_bound: 99",USD,"{""age"":""45-54"",""gender"":""male"",""percentage"":0.150376},{""age"":""55-64"",""gender"":""female"",""percentage"":0.103383},{""age"":""35-44"",""gender"":""male"",""percentage"":0.18985},{""age"":""45-54"",""gender"":""female"",""percentage"":0.176692},{""age"":""35-44"",""gender"":""female"",""percentage"":0.304511},{""age"":""45-54"",""gender"":""unknown"",""percentage"":0.005639},{""age"":""55-64"",""gender"":""male"",""percentage"":0.06391},{""age"":""35-44"",""gender"":""unknown"",""percentage"":0.005639}","{""region"":""B\u00edo B\u00edo Region"",""percentage"":1}","facebook,instagram","lower_bound: 10001, upper_bound: 50000",es
943834403197574,177384889097855,"Gabriel Boric",2021-12-05,2021-12-05,2021-12-10,"Gabriel Boric Font","Diálogo para una paz duradera y todo el rigor de la ley contra quien cometa un delito. Para avanzar con justicia y paz, vota Gabriel Boric 1️⃣","Boric Presidente",boricpresidente.cl,"Votemos para hacer realidad un Chile en que nadie quede fuera. Votemos Gabriel Boric Presidente","lower_bound: 1000, upper_bound: 1999","lower_bound: 0, upper_bound: 99",USD,"{""age"":""35-44"",""gender"":""unknown"",""percentage"":0.002587},{""age"":""55-64"",""gender"":""female"",""percentage"":0.128719},{""age"":""35-44"",""gender"":""male"",""percentage"":0.164942},{""age"":""45-54"",""gender"":""female"",""percentage"":0.201811},{""age"":""35-44"",""gender"":""female"",""percentage"":0.256792},{""age"":""45-54"",""gender"":""male"",""percentage"":0.154592},{""age"":""55-64"",""gender"":""male"",""percentage"":0.083441},{""age"":""55-64"",""gender"":""unknown"",""percentage"":0.00194},{""age"":""45-54"",""gender"":""unknown"",""percentage"":0.005175}","{""region"":""B\u00edo B\u00edo Region"",""percentage"":1}","facebook,instagram","lower_bound: 10001, upper_bound: 50000",es
1257167971356516,177384889097855,"Gabriel Boric",2021-12-05,2021-12-06,2021-12-10,"Gabriel Boric Font","Que la vejez sea para descansar y disfrutar 🫂, no para trabajar porque la pensión no alcanza. Fin a las AFP para una jubilación a los 65 años con un piso de $250.000 mensuales. Para pensiones justas, vota Gabriel Boric 1️⃣","Boric Presidente",boricpresidente.cl,"Votemos para hacer realidad un Chile en que nadie quede fuera. Votemos Gabriel Boric Presidente","lower_bound: 3000, upper_bound: 3999","lower_bound: 0, upper_bound: 99",USD,"{""age"":""55-64"",""gender"":""female"",""percentage"":0.141752},{""age"":""45-54"",""gender"":""unknown"",""percentage"":0.002037},{""age"":""35-44"",""gender"":""female"",""percentage"":0.225662},{""age"":""55-64"",""gender"":""male"",""percentage"":0.089613},{""age"":""35-44"",""gender"":""male"",""percentage"":0.154379},{""age"":""45-54"",""gender"":""male"",""percentage"":0.171894},{""age"":""45-54"",""gender"":""female"",""percentage"":0.212627},{""age"":""55-64"",""gender"":""unknown"",""percentage"":0.000407},{""age"":""35-44"",""gender"":""unknown"",""percentage"":0.001629}","{""region"":""B\u00edo B\u00edo Region"",""percentage"":1}","facebook,instagram","lower_bound: 10001, upper_bound: 50000",es
208804191432628,177384889097855,"Gabriel Boric",2021-12-05,2021-12-05,2021-12-10,"Gabriel Boric Font","Las autoridades de gobierno no ganarán más de 5 millones, es decir 10 veces el salario mínimo de $500.000 al que proponemos llegar. Por un Chile sin privilegios, vota Gabriel Boric 1️⃣","Boric Presidente",boricpresidente.cl,"Votemos para hacer realidad un Chile en que nadie quede fuera. Votemos Gabriel Boric Presidente","lower_bound: 0, upper_bound: 999","lower_bound: 0, upper_bound: 99",USD,"{""age"":""35-44"",""gender"":""female"",""percentage"":0.297674},{""age"":""45-54"",""gender"":""female"",""percentage"":0.187597},{""age"":""55-64"",""gender"":""female"",""percentage"":0.096124},{""age"":""35-44"",""gender"":""male"",""percentage"":0.203101},{""age"":""45-54"",""gender"":""male"",""percentage"":0.151938},{""age"":""45-54"",""gender"":""unknown"",""percentage"":0.006202},{""age"":""55-64"",""gender"":""male"",""percentage"":0.054264},{""age"":""35-44"",""gender"":""unknown"",""percentage"":0.003101}","{""region"":""B\u00edo B\u00edo Region"",""percentage"":1}","facebook,instagram","lower_bound: 10001, upper_bound: 50000",es
322859916333300,177384889097855,"Gabriel Boric",2021-12-05,2021-12-06,2021-12-10,"Gabriel Boric Font","Que la vejez sea para descansar y disfrutar 🫂, no para trabajar porque la pensión no alcanza. Fin a las AFP para una jubilación a los 65 años con un piso de $250.000 mensuales. Para pensiones justas, vota Gabriel Boric 1️⃣","Boric Presidente",boricpresidente.cl,"Votemos para hacer realidad un Chile en que nadie quede fuera. Votemos Gabriel Boric Presidente","lower_bound: 1000, upper_bound: 1999","lower_bound: 0, upper_bound: 99",USD,"{""age"":""35-44"",""gender"":""unknown"",""percentage"":0.004422},{""age"":""35-44"",""gender"":""male"",""percentage"":0.201179},{""age"":""55-64"",""gender"":""male"",""percentage"":0.07885},{""age"":""55-64"",""gender"":""female"",""percentage"":0.117907},{""age"":""45-54"",""gender"":""female"",""percentage"":0.187915},{""age"":""45-54"",""gender"":""male"",""percentage"":0.17465},{""age"":""35-44"",""gender"":""female"",""percentage"":0.232867},{""age"":""45-54"",""gender"":""unknown"",""percentage"":0.000737},{""age"":""13-17"",""gender"":""unknown"",""percentage"":0.001474}","{""region"":""B\u00edo B\u00edo Region"",""percentage"":1}","facebook,instagram","lower_bound: 10001, upper_bound: 50000",es
378650434058371,177384889097855,"Gabriel Boric",2021-12-05,2021-12-06,2021-12-10,"Gabriel Boric Font","Que la vejez sea para descansar y disfrutar 🫂, no para trabajar porque la pensión no alcanza. Fin a las AFP para una jubilación a los 65 años con un piso de $250.000 mensuales. Para pensiones justas, vota Gabriel Boric 1️⃣","Boric Presidente",boricpresidente.cl,"Votemos para hacer realidad un Chile en que nadie quede fuera. Votemos Gabriel Boric Presidente","lower_bound: 3000, upper_bound: 3999","lower_bound: 0, upper_bound: 99",USD,"{""age"":""35-44"",""gender"":""unknown"",""percentage"":0.001201},{""age"":""55-64"",""gender"":""female"",""percentage"":0.134161},{""age"":""35-44"",""gender"":""female"",""percentage"":0.242291},{""age"":""45-54"",""gender"":""unknown"",""percentage"":0.004005},{""age"":""45-54"",""gender"":""female"",""percentage"":0.217861},{""age"":""55-64"",""gender"":""male"",""percentage"":0.078494},{""age"":""35-44"",""gender"":""male"",""percentage"":0.152183},{""age"":""45-54"",""gender"":""male"",""percentage"":0.169403},{""age"":""55-64"",""gender"":""unknown"",""percentage"":0.0004}","{""region"":""B\u00edo B\u00edo Region"",""percentage"":1}","facebook,instagram","lower_bound: 10001, upper_bound: 50000",es
448053483722141,177384889097855,"Gabriel Boric",2021-12-05,2021-12-05,2021-12-10,"Gabriel Boric Font","Diálogo para una paz duradera y todo el rigor de la ley contra quien cometa un delito. Para avanzar con justicia y paz, vota Gabriel Boric 1️⃣","Boric Presidente",boricpresidente.cl,"Votemos para hacer realidad un Chile en que nadie quede fuera. Votemos Gabriel Boric Presidente","lower_bound: 0, upper_bound: 999","lower_bound: 0, upper_bound: 99",USD,"{""age"":""55-64"",""gender"":""unknown"",""percentage"":0.001534},{""age"":""45-54"",""gender"":""unknown"",""percentage"":0.004601},{""age"":""35-44"",""gender"":""unknown"",""percentage"":0.003067},{""age"":""35-44"",""gender"":""female"",""percentage"":0.334356},{""age"":""55-64"",""gender"":""female"",""percentage"":0.107362},{""age"":""35-44"",""gender"":""male"",""percentage"":0.203988},{""age"":""45-54"",""gender"":""female"",""percentage"":0.17638},{""age"":""45-54"",""gender"":""male"",""percentage"":0.124233},{""age"":""55-64"",""gender"":""male"",""percentage"":0.044479}","{""region"":""B\u00edo B\u00edo Region"",""percentage"":1}","facebook,instagram","lower_bound: 10001, upper_bound: 50000",es
893199728057597,177384889097855,"Gabriel Boric",2021-12-05,2021-12-05,2021-12-10,"Gabriel Boric Font","Las autoridades de gobierno no ganarán más de 5 millones, es decir 10 veces el salario mínimo de $500.000 al que proponemos llegar. Por un Chile sin privilegios, vota Gabriel Boric 1️⃣","Boric Presidente",boricpresidente.cl,"Votemos para hacer realidad un Chile en que nadie quede fuera. Votemos Gabriel Boric Presidente","lower_bound: 0, upper_bound: 999","lower_bound: 0, upper_bound: 99",USD,"{""age"":""55-64"",""gender"":""unknown"",""percentage"":0.002632},{""age"":""45-54"",""gender"":""female"",""percentage"":0.194737},{""age"":""35-44"",""gender"":""female"",""percentage"":0.234211},{""age"":""55-64"",""gender"":""female"",""percentage"":0.065789},{""age"":""45-54"",""gender"":""male"",""percentage"":0.15},{""age"":""55-64"",""gender"":""male"",""percentage"":0.057895},{""age"":""35-44"",""gender"":""male"",""percentage"":0.284211},{""age"":""35-44"",""gender"":""unknown"",""percentage"":0.007895},{""age"":""45-54"",""gender"":""unknown"",""percentage"":0.002632}","{""region"":""B\u00edo B\u00edo Region"",""percentage"":1}","facebook,instagram","lower_bound: 10001, upper_bound: 50000",es
992455341613046,177384889097855,"Gabriel Boric",2021-12-05,2021-12-05,2021-12-10,"Gabriel Boric Font","Diálogo para una paz duradera y todo el rigor de la ley contra quien cometa un delito. Para avanzar con justicia y paz, vota Gabriel Boric 1️⃣","Boric Presidente",boricpresidente.cl,"Votemos para hacer realidad un Chile en que nadie quede fuera. Votemos Gabriel Boric Presidente","lower_bound: 0, upper_bound: 999","lower_bound: 0, upper_bound: 99",USD,"{""age"":""45-54"",""gender"":""unknown"",""percentage"":0.005051},{""age"":""45-54"",""gender"":""male"",""percentage"":0.166667},{""age"":""55-64"",""gender"":""female"",""percentage"":0.09596},{""age"":""45-54"",""gender"":""female"",""percentage"":0.183081},{""age"":""35-44"",""gender"":""male"",""percentage"":0.241162},{""age"":""35-44"",""gender"":""female"",""percentage"":0.260101},{""age"":""55-64"",""gender"":""male"",""percentage"":0.040404},{""age"":""35-44"",""gender"":""unknown"",""percentage"":0.007576}","{""region"":""B\u00edo B\u00edo Region"",""percentage"":1}","facebook,instagram","lower_bound: 10001, upper_bound: 50000",es
714480379528404,177384889097855,"Gabriel Boric",2021-12-05,2021-12-06,2021-12-07,"Gabriel Boric Font","Las autoridades de gobierno no ganarán más de 5 millones, es decir 10 veces el salario mínimo de $500.000 al que proponemos llegar. Por un Chile sin privilegios para unos poco, vota Gabriel Boric 1️⃣,Las autoridades de gobierno no ganarán más de 5 millones, es decir 10 veces el salario mínimo de $500.000 al que proponemos llegar. Por un Chile sin privilegios para unos poco, vota Gabriel Boric 1️⃣,Las autoridades de gobierno no ganarán más de 5 millones, es decir 10 veces el salario mínimo de $500.000 al que proponemos llegar. Por un Chile sin privilegios para unos poco, vota Gabriel Boric 1️⃣",,boricpresidente.cl,,"lower_bound: 0, upper_bound: 999","lower_bound: 0, upper_bound: 99",USD,,,"facebook,instagram","lower_bound: 1001, upper_bound: 5000",es
4970977856245526,177384889097855,"Gabriel Boric",2021-12-05,2021-12-06,2021-12-06,"Gabriel Boric Font","Mayor dotación policial y coordinación con nuestros países vecinos para una migración segura, ordenada y humana. Por un gobierno que cuide nuestras fronteras, vota Gabriel Boric 1️⃣,Mayor dotación policial y coordinación con nuestros países vecinos para una migración segura, ordenada y humana. Por un gobierno que cuide nuestras fronteras, vota Gabriel Boric 1️⃣",,boricpresidente.cl,,"lower_bound: 0, upper_bound: 999","lower_bound: 0, upper_bound: 99",USD,"{""age"":""45-54"",""gender"":""male"",""percentage"":0.064748},{""age"":""55-64"",""gender"":""female"",""percentage"":0.007194},{""age"":""25-34"",""gender"":""female"",""percentage"":0.251799},{""age"":""35-44"",""gender"":""female"",""percentage"":0.179856},{""age"":""35-44"",""gender"":""male"",""percentage"":0.129496},{""age"":""25-34"",""gender"":""male"",""percentage"":0.309353},{""age"":""45-54"",""gender"":""female"",""percentage"":0.05036},{""age"":""55-64"",""gender"":""male"",""percentage"":0.007194}","{""region"":""Antofagasta Region"",""percentage"":1}","facebook,instagram","lower_bound: 5001, upper_bound: 10000",es
296792645789488,177384889097855,"Gabriel Boric",2021-12-05,2021-12-06,2021-12-07,"Gabriel Boric Font","Las autoridades de gobierno no ganarán más de 5 millones, es decir 10 veces el salario mínimo de $500.000 al que proponemos llegar. Por un Chile sin privilegios para unos poco, vota Gabriel Boric 1️⃣,Las autoridades de gobierno no ganarán más de 5 millones, es decir 10 veces el salario mínimo de $500.000 al que proponemos llegar. Por un Chile sin privilegios para unos poco, vota Gabriel Boric 1️⃣,Las autoridades de gobierno no ganarán más de 5 millones, es decir 10 veces el salario mínimo de $500.000 al que proponemos llegar. Por un Chile sin privilegios para unos poco, vota Gabriel Boric 1️⃣",,boricpresidente.cl,,"lower_bound: 0, upper_bound: 999","lower_bound: 0, upper_bound: 99",USD,,,"facebook,instagram","lower_bound: 5001, upper_bound: 10000",es
608680390396000,177384889097855,"Gabriel Boric",2021-12-05,2021-12-05,2021-12-10,"Gabriel Boric Font","Que no necesitemos los bingos y completadas para pagar un tratamiento 🏥, sino para celebrar un país más justo 🎉. 
Por una salud para todos, sin privilegios. Vota Gabriel Boric 1️⃣","Boric Presidente",boricpresidente.cl,"Votemos para hacer realidad un Chile en que nadie quede fuera. Votemos Gabriel Boric Presidente","lower_bound: 1000, upper_bound: 1999","lower_bound: 0, upper_bound: 99",USD,"{""age"":""35-44"",""gender"":""unknown"",""percentage"":0.000989},{""age"":""25-34"",""gender"":""unknown"",""percentage"":0.000989},{""age"":""25-34"",""gender"":""male"",""percentage"":0.272008},{""age"":""35-44"",""gender"":""female"",""percentage"":0.143422},{""age"":""25-34"",""gender"":""female"",""percentage"":0.28091},{""age"":""45-54"",""gender"":""female"",""percentage"":0.083086},{""age"":""35-44"",""gender"":""male"",""percentage"":0.126607},{""age"":""55-64"",""gender"":""female"",""percentage"":0.009891},{""age"":""45-54"",""gender"":""male"",""percentage"":0.073195},{""age"":""55-64"",""gender"":""male"",""percentage"":0.008902}","{""region"":""Antofagasta Region"",""percentage"":1}","facebook,instagram","lower_bound: 5001, upper_bound: 10000",es
2198367480302100,177384889097855,"Gabriel Boric",2021-12-05,2021-12-05,2021-12-06,"Gabriel Boric Font","Mayor dotación policial y coordinación con nuestros países vecinos para una migración segura, ordenada y humana. Por un gobierno que cuide nuestras fronteras, vota Gabriel Boric 1️⃣,Mayor dotación policial y coordinación con nuestros países vecinos para una migración segura, ordenada y humana. Por un gobierno que cuide nuestras fronteras, vota Gabriel Boric 1️⃣",,boricpresidente.cl,,"lower_bound: 0, upper_bound: 999","lower_bound: 0, upper_bound: 99",USD,,,"facebook,instagram","lower_bound: 1001, upper_bound: 5000",es
4509320225860566,177384889097855,"Gabriel Boric",2021-12-05,2021-12-05,2021-12-06,"Gabriel Boric Font","Las autoridades de gobierno no ganarán más de 5 millones, es decir 10 veces el salario mínimo de $500.000 al que proponemos llegar. Por un Chile sin privilegios para unos poco, vota Gabriel Boric 1️⃣,Las autoridades de gobierno no ganarán más de 5 millones, es decir 10 veces el salario mínimo de $500.000 al que proponemos llegar. Por un Chile sin privilegios para unos poco, vota Gabriel Boric 1️⃣,Las autoridades de gobierno no ganarán más de 5 millones, es decir 10 veces el salario mínimo de $500.000 al que proponemos llegar. Por un Chile sin privilegios para unos poco, vota Gabriel Boric 1️⃣",,boricpresidente.cl,,"lower_bound: 0, upper_bound: 999","lower_bound: 0, upper_bound: 99",USD,,,"facebook,instagram","lower_bound: 5001, upper_bound: 10000",es
249869703878123,177384889097855,"Gabriel Boric",2021-12-05,2021-12-05,2021-12-10,"Gabriel Boric Font","Mayor dotación policial y coordinación con nuestros países vecinos para una migración segura, ordenada y humana. Por un gobierno que cuide nuestras fronteras, vota Gabriel Boric 1️⃣","Boric Presidente",boricpresidente.cl,"Votemos para hacer realidad un Chile en que nadie quede fuera. Votemos Gabriel Boric Presidente","lower_bound: 0, upper_bound: 999","lower_bound: 0, upper_bound: 99",USD,"{""age"":""55-64"",""gender"":""male"",""percentage"":0.001401},{""age"":""35-44"",""gender"":""unknown"",""percentage"":0.001401},{""age"":""55-64"",""gender"":""female"",""percentage"":0.004202},{""age"":""35-44"",""gender"":""female"",""percentage"":0.130252},{""age"":""45-54"",""gender"":""female"",""percentage"":0.07423},{""age"":""25-34"",""gender"":""female"",""percentage"":0.291317},{""age"":""45-54"",""gender"":""male"",""percentage"":0.072829},{""age"":""35-44"",""gender"":""male"",""percentage"":0.138655},{""age"":""25-34"",""gender"":""male"",""percentage"":0.282913},{""age"":""45-54"",""gender"":""unknown"",""percentage"":0.002801}","{""region"":""Antofagasta Region"",""percentage"":1}","facebook,instagram","lower_bound: 10001, upper_bound: 50000",es
272886158213127,177384889097855,"Gabriel Boric",2021-12-05,2021-12-05,2021-12-10,"Gabriel Boric Font","Que nuestros abuelos vivan con tranquilidad y no estén haciendo largas filas para recibir sus remedios 💊, por una salud digna los medicamentos se entregarán a domicilio 🚐. Vota Gabriel Boric 1️⃣","Boric Presidente",boricpresidente.cl,"Votemos para hacer realidad un Chile en que nadie quede fuera. Votemos Gabriel Boric Presidente","lower_bound: 3000, upper_bound: 3999","lower_bound: 0, upper_bound: 99",USD,"{""age"":""45-54"",""gender"":""male"",""percentage"":0.070119},{""age"":""45-54"",""gender"":""female"",""percentage"":0.09457},{""age"":""25-34"",""gender"":""male"",""percentage"":0.271845},{""age"":""25-34"",""gender"":""female"",""percentage"":0.279036},{""age"":""35-44"",""gender"":""male"",""percentage"":0.132686},{""age"":""35-44"",""gender"":""female"",""percentage"":0.134484},{""age"":""55-64"",""gender"":""female"",""percentage"":0.007192},{""age"":""55-64"",""gender"":""male"",""percentage"":0.005034},{""age"":""45-54"",""gender"":""unknown"",""percentage"":0.002157},{""age"":""25-34"",""gender"":""unknown"",""percentage"":0.001079},{""age"":""35-44"",""gender"":""unknown"",""percentage"":0.001798}","{""region"":""Antofagasta Region"",""percentage"":1}","facebook,instagram","lower_bound: 10001, upper_bound: 50000",es
445063003856166,177384889097855,"Gabriel Boric",2021-12-05,2021-12-06,2021-12-07,"Gabriel Boric Font","Las autoridades de gobierno no ganarán más de 5 millones, es decir 10 veces el salario mínimo de $500.000 al que proponemos llegar. Por un Chile sin privilegios para unos poco, vota Gabriel Boric 1️⃣,Las autoridades de gobierno no ganarán más de 5 millones, es decir 10 veces el salario mínimo de $500.000 al que proponemos llegar. Por un Chile sin privilegios para unos poco, vota Gabriel Boric 1️⃣,Las autoridades de gobierno no ganarán más de 5 millones, es decir 10 veces el salario mínimo de $500.000 al que proponemos llegar. Por un Chile sin privilegios para unos poco, vota Gabriel Boric 1️⃣",,boricpresidente.cl,,"lower_bound: 0, upper_bound: 999","lower_bound: 0, upper_bound: 99",USD,"{""age"":""55-64"",""gender"":""male"",""percentage"":0.001333},{""age"":""45-54"",""gender"":""unknown"",""percentage"":0.001333},{""age"":""35-44"",""gender"":""female"",""percentage"":0.112},{""age"":""25-34"",""gender"":""male"",""percentage"":0.301333},{""age"":""45-54"",""gender"":""male"",""percentage"":0.104},{""age"":""25-34"",""gender"":""female"",""percentage"":0.241333},{""age"":""35-44"",""gender"":""male"",""percentage"":0.146667},{""age"":""45-54"",""gender"":""female"",""percentage"":0.082667},{""age"":""55-64"",""gender"":""female"",""percentage"":0.009333}","{""region"":""Antofagasta Region"",""percentage"":1}","facebook,instagram","lower_bound: 50001, upper_bound: 100000",es
589080962396871,177384889097855,"Gabriel Boric",2021-12-05,2021-12-05,2021-12-10,"Gabriel Boric Font","Que nuestros abuelos vivan con tranquilidad y no estén haciendo largas filas para recibir sus remedios 💊, por una salud digna los medicamentos se entregarán a domicilio 🚐. Vota Gabriel Boric 1️⃣","Boric Presidente",boricpresidente.cl,"Votemos para hacer realidad un Chile en que nadie quede fuera. Votemos Gabriel Boric Presidente","lower_bound: 1000, upper_bound: 1999","lower_bound: 0, upper_bound: 99",USD,"{""age"":""35-44"",""gender"":""unknown"",""percentage"":0.001126},{""age"":""25-34"",""gender"":""female"",""percentage"":0.272523},{""age"":""25-34"",""gender"":""male"",""percentage"":0.293919},{""age"":""45-54"",""gender"":""female"",""percentage"":0.065315},{""age"":""35-44"",""gender"":""male"",""percentage"":0.126126},{""age"":""35-44"",""gender"":""female"",""percentage"":0.137387},{""age"":""45-54"",""gender"":""male"",""percentage"":0.081081},{""age"":""25-34"",""gender"":""unknown"",""percentage"":0.005631},{""age"":""55-64"",""gender"":""female"",""percentage"":0.007883},{""age"":""45-54"",""gender"":""unknown"",""percentage"":0.002252},{""age"":""55-64"",""gender"":""male"",""percentage"":0.006757}","{""region"":""Antofagasta Region"",""percentage"":1}","facebook,instagram","lower_bound: 5001, upper_bound: 10000",es
649651072850257,177384889097855,"Gabriel Boric",2021-12-05,2021-12-06,2021-12-07,"Gabriel Boric Font","Mayor dotación policial y coordinación con nuestros países vecinos para una migración segura, ordenada y humana. Por un gobierno que cuide nuestras fronteras, vota Gabriel Boric 1️⃣,Mayor dotación policial y coordinación con nuestros países vecinos para una migración segura, ordenada y humana. Por un gobierno que cuide nuestras fronteras, vota Gabriel Boric 1️⃣",,boricpresidente.cl,,"lower_bound: 1000, upper_bound: 1999","lower_bound: 0, upper_bound: 99",USD,"{""age"":""25-34"",""gender"":""unknown"",""percentage"":0.000886},{""age"":""55-64"",""gender"":""male"",""percentage"":0.011515},{""age"":""35-44"",""gender"":""unknown"",""percentage"":0.002657},{""age"":""45-54"",""gender"":""female"",""percentage"":0.100089},{""age"":""35-44"",""gender"":""female"",""percentage"":0.146147},{""age"":""35-44"",""gender"":""male"",""percentage"":0.145261},{""age"":""25-34"",""gender"":""male"",""percentage"":0.261293},{""age"":""25-34"",""gender"":""female"",""percentage"":0.238264},{""age"":""45-54"",""gender"":""male"",""percentage"":0.086802},{""age"":""55-64"",""gender"":""female"",""percentage"":0.007086}","{""region"":""Antofagasta Region"",""percentage"":1}","facebook,instagram","lower_bound: 50001, upper_bound: 100000",es
993533011247215,177384889097855,"Gabriel Boric",2021-12-05,2021-12-05,2021-12-10,"Gabriel Boric Font","Que no necesitemos los bingos y completadas para pagar un tratamiento 🏥, sino para celebrar un país más justo 🎉. 
Por una salud para todos, sin privilegios. Vota Gabriel Boric 1️⃣","Boric Presidente",boricpresidente.cl,"Votemos para hacer realidad un Chile en que nadie quede fuera. Votemos Gabriel Boric Presidente","lower_bound: 0, upper_bound: 999","lower_bound: 0, upper_bound: 99",USD,"{""age"":""35-44"",""gender"":""female"",""percentage"":0.105263},{""age"":""35-44"",""gender"":""male"",""percentage"":0.210526},{""age"":""25-34"",""gender"":""male"",""percentage"":0.293233},{""age"":""45-54"",""gender"":""male"",""percentage"":0.112782},{""age"":""25-34"",""gender"":""female"",""percentage"":0.172932},{""age"":""45-54"",""gender"":""female"",""percentage"":0.090226},{""age"":""55-64"",""gender"":""female"",""percentage"":0.015038}","{""region"":""Antofagasta Region"",""percentage"":1}","facebook,instagram","lower_bound: 1001, upper_bound: 5000",es
2090271534473133,177384889097855,"Gabriel Boric",2021-12-05,2021-12-05,2021-12-06,"Gabriel Boric Font","Mayor dotación policial y coordinación con nuestros países vecinos para una migración segura, ordenada y humana. Por un gobierno que cuide nuestras fronteras, vota Gabriel Boric 1️⃣,Mayor dotación policial y coordinación con nuestros países vecinos para una migración segura, ordenada y humana. Por un gobierno que cuide nuestras fronteras, vota Gabriel Boric 1️⃣",,boricpresidente.cl,,"lower_bound: 0, upper_bound: 999","lower_bound: 0, upper_bound: 99",USD,,,"facebook,instagram","lower_bound: 5001, upper_bound: 10000",es
2438517266280021,177384889097855,"Gabriel Boric",2021-12-05,2021-12-05,2021-12-10,"Gabriel Boric Font","Las autoridades de gobierno no ganarán más de 5 millones, es decir 10 veces el salario mínimo de $500.000 al que proponemos llegar. Por un Chile sin privilegios para unos poco, vota Gabriel Boric 1️⃣","Boric Presidente",boricpresidente.cl,"Votemos para hacer realidad un Chile en que nadie quede fuera. Votemos Gabriel Boric Presidente","lower_bound: 1000, upper_bound: 1999","lower_bound: 0, upper_bound: 99",USD,"{""age"":""25-34"",""gender"":""male"",""percentage"":0.252507},{""age"":""55-64"",""gender"":""female"",""percentage"":0.009116},{""age"":""25-34"",""gender"":""unknown"",""percentage"":0.003646},{""age"":""25-34"",""gender"":""female"",""percentage"":0.247037},{""age"":""45-54"",""gender"":""male"",""percentage"":0.076572},{""age"":""45-54"",""gender"":""female"",""percentage"":0.075661},{""age"":""35-44"",""gender"":""male"",""percentage"":0.156791},{""age"":""35-44"",""gender"":""female"",""percentage"":0.172288},{""age"":""35-44"",""gender"":""unknown"",""percentage"":0.001823},{""age"":""55-64"",""gender"":""male"",""percentage"":0.004558}","{""region"":""Antofagasta Region"",""percentage"":1}","facebook,instagram","lower_bound: 10001, upper_bound: 50000",es
336370087838174,177384889097855,"Gabriel Boric",2021-12-05,2021-12-05,2021-12-10,"Gabriel Boric Font","Que no necesitemos los bingos y completadas para pagar un tratamiento 🏥, sino para celebrar un país más justo 🎉. 
Por una salud para todos, sin privilegios. Vota Gabriel Boric 1️⃣","Boric Presidente",boricpresidente.cl,"Votemos para hacer realidad un Chile en que nadie quede fuera. Votemos Gabriel Boric Presidente","lower_bound: 8000, upper_bound: 8999","lower_bound: 0, upper_bound: 99",USD,"{""age"":""25-34"",""gender"":""unknown"",""percentage"":0.002051},{""age"":""35-44"",""gender"":""unknown"",""percentage"":0.002598},{""age"":""55-64"",""gender"":""male"",""percentage"":0.007794},{""age"":""55-64"",""gender"":""female"",""percentage"":0.008341},{""age"":""35-44"",""gender"":""male"",""percentage"":0.13223},{""age"":""45-54"",""gender"":""male"",""percentage"":0.089977},{""age"":""35-44"",""gender"":""female"",""percentage"":0.141939},{""age"":""25-34"",""gender"":""female"",""percentage"":0.261726},{""age"":""25-34"",""gender"":""male"",""percentage"":0.243949},{""age"":""45-54"",""gender"":""female"",""percentage"":0.108164},{""age"":""45-54"",""gender"":""unknown"",""percentage"":0.001231}","{""region"":""Antofagasta Region"",""percentage"":1}","facebook,instagram","lower_bound: 50001, upper_bound: 100000",es
268777681944600,177384889097855,"Gabriel Boric",2021-12-05,2021-12-05,2021-12-10,"Gabriel Boric Font","Que no necesitemos los bingos y completadas para pagar un tratamiento 🏥, sino para celebrar un país más justo 🎉. 
Por una salud para todos, sin privilegios. Vota Gabriel Boric 1️⃣","Boric Presidente",boricpresidente.cl,"Votemos para hacer realidad un Chile en que nadie quede fuera. Votemos Gabriel Boric Presidente","lower_bound: 9000, upper_bound: 9999","lower_bound: 0, upper_bound: 99",USD,"{""age"":""35-44"",""gender"":""unknown"",""percentage"":0.002768},{""age"":""45-54"",""gender"":""unknown"",""percentage"":0.000963},{""age"":""55-64"",""gender"":""unknown"",""percentage"":0.000361},{""age"":""55-64"",""gender"":""male"",""percentage"":0.035981},{""age"":""45-54"",""gender"":""male"",""percentage"":0.06426},{""age"":""25-34"",""gender"":""female"",""percentage"":0.17136},{""age"":""25-34"",""gender"":""male"",""percentage"":0.181709},{""age"":""18-24"",""gender"":""male"",""percentage"":0.091937},{""age"":""18-24"",""gender"":""female"",""percentage"":0.118773},{""age"":""45-54"",""gender"":""female"",""percentage"":0.084597},{""age"":""35-44"",""gender"":""female"",""percentage"":0.098676},{""age"":""35-44"",""gender"":""male"",""percentage"":0.092659},{""age"":""18-24"",""gender"":""unknown"",""percentage"":0.001685},{""age"":""55-64"",""gender"":""female"",""percentage"":0.052708},{""age"":""25-34"",""gender"":""unknown"",""percentage"":0.001444},{""age"":""13-17"",""gender"":""unknown"",""percentage"":0.00012}","{""region"":""Santiago Metropolitan Region"",""percentage"":1}","facebook,instagram","lower_bound: 100001, upper_bound: 500000",es
482167476547823,177384889097855,"Gabriel Boric",2021-12-05,2021-12-05,2021-12-11,"Gabriel Boric Font","Reformar Carabineros para tener más dotación donde más se necesita, con barrios seguros libres de narcotráfico. Vota Gabriel Boric 1️⃣","Boric Presidente",boricpresidente.cl,"Votemos para hacer realidad un Chile en que nadie quede fuera. Votemos Gabriel Boric Presidente","lower_bound: 5000, upper_bound: 5999","lower_bound: 0, upper_bound: 99",USD,"{""age"":""55-64"",""gender"":""unknown"",""percentage"":0.000558},{""age"":""45-54"",""gender"":""male"",""percentage"":0.039435},{""age"":""55-64"",""gender"":""female"",""percentage"":0.027344},{""age"":""25-34"",""gender"":""female"",""percentage"":0.173363},{""age"":""25-34"",""gender"":""male"",""percentage"":0.18843},{""age"":""18-24"",""gender"":""male"",""percentage"":0.122024},{""age"":""18-24"",""gender"":""female"",""percentage"":0.214844},{""age"":""35-44"",""gender"":""male"",""percentage"":0.080543},{""age"":""35-44"",""gender"":""female"",""percentage"":0.083519},{""age"":""55-64"",""gender"":""male"",""percentage"":0.016183},{""age"":""45-54"",""gender"":""female"",""percentage"":0.042597},{""age"":""35-44"",""gender"":""unknown"",""percentage"":0.002976},{""age"":""18-24"",""gender"":""unknown"",""percentage"":0.004836},{""age"":""25-34"",""gender"":""unknown"",""percentage"":0.002046},{""age"":""45-54"",""gender"":""unknown"",""percentage"":0.001302}","{""region"":""Santiago Metropolitan Region"",""percentage"":1}","facebook,instagram","lower_bound: 100001, upper_bound: 500000",es
427790652303001,177384889097855,"Gabriel Boric",2021-12-05,2021-12-05,2021-12-11,"Gabriel Boric Font","Reformar Carabineros para tener más dotación donde más se necesita, con barrios seguros libres de narcotráfico. Vota Gabriel Boric 1️⃣","Boric Presidente",boricpresidente.cl,"Votemos para hacer realidad un Chile en que nadie quede fuera. Votemos Gabriel Boric Presidente","lower_bound: 4000, upper_bound: 4999","lower_bound: 0, upper_bound: 99",USD,"{""age"":""55-64"",""gender"":""unknown"",""percentage"":0.000259},{""age"":""18-24"",""gender"":""male"",""percentage"":0.119616},{""age"":""25-34"",""gender"":""female"",""percentage"":0.168396},{""age"":""25-34"",""gender"":""male"",""percentage"":0.20109},{""age"":""35-44"",""gender"":""female"",""percentage"":0.08329},{""age"":""18-24"",""gender"":""female"",""percentage"":0.146082},{""age"":""55-64"",""gender"":""female"",""percentage"":0.036845},{""age"":""45-54"",""gender"":""female"",""percentage"":0.061754},{""age"":""45-54"",""gender"":""male"",""percentage"":0.055267},{""age"":""55-64"",""gender"":""male"",""percentage"":0.026985},{""age"":""35-44"",""gender"":""male"",""percentage"":0.093409},{""age"":""45-54"",""gender"":""unknown"",""percentage"":0.001038},{""age"":""35-44"",""gender"":""unknown"",""percentage"":0.002076},{""age"":""18-24"",""gender"":""unknown"",""percentage"":0.002335},{""age"":""25-34"",""gender"":""unknown"",""percentage"":0.001557}","{""region"":""Santiago Metropolitan Region"",""percentage"":1}","facebook,instagram","lower_bound: 100001, upper_bound: 500000",es
456319129554293,177384889097855,"Gabriel Boric",2021-12-05,2021-12-05,2021-12-10,"Gabriel Boric Font","Que no necesitemos los bingos y completadas para pagar un tratamiento 🏥, sino para celebrar un país más justo 🎉. 
Por una salud para todos, sin privilegios. Vota Gabriel Boric 1️⃣","Boric Presidente",boricpresidente.cl,"Votemos para hacer realidad un Chile en que nadie quede fuera. Votemos Gabriel Boric Presidente","lower_bound: 7000, upper_bound: 7999","lower_bound: 0, upper_bound: 99",USD,"{""age"":""55-64"",""gender"":""unknown"",""percentage"":0.000302},{""age"":""25-34"",""gender"":""unknown"",""percentage"":0.003166},{""age"":""55-64"",""gender"":""male"",""percentage"":0.027589},{""age"":""35-44"",""gender"":""unknown"",""percentage"":0.002111},{""age"":""35-44"",""gender"":""male"",""percentage"":0.097995},{""age"":""55-64"",""gender"":""female"",""percentage"":0.039349},{""age"":""18-24"",""gender"":""male"",""percentage"":0.101312},{""age"":""45-54"",""gender"":""female"",""percentage"":0.062114},{""age"":""25-34"",""gender"":""female"",""percentage"":0.177597},{""age"":""25-34"",""gender"":""male"",""percentage"":0.204583},{""age"":""18-24"",""gender"":""female"",""percentage"":0.135836},{""age"":""35-44"",""gender"":""female"",""percentage"":0.088497},{""age"":""45-54"",""gender"":""male"",""percentage"":0.057139},{""age"":""18-24"",""gender"":""unknown"",""percentage"":0.001206},{""age"":""45-54"",""gender"":""unknown"",""percentage"":0.001206}","{""region"":""Santiago Metropolitan Region"",""percentage"":1}","facebook,instagram","lower_bound: 100001, upper_bound: 500000",es
629315824888038,177384889097855,"Gabriel Boric",2021-12-05,2021-12-06,2021-12-11,"Gabriel Boric Font","Que la vejez sea para descansar y disfrutar  🫂, no para trabajar porque la pensión no alcanza. Fin a las AFP para una jubilación a los 65 años con un piso de $250.000 mensuales. Para pensiones justas, vota Gabriel Boric 1️⃣",,boricpresidente.cl,,"lower_bound: 10000, upper_bound: 14999","lower_bound: 0, upper_bound: 99",USD,"{""age"":""25-34"",""gender"":""unknown"",""percentage"":0.001828},{""age"":""18-24"",""gender"":""unknown"",""percentage"":0.004403},{""age"":""45-54"",""gender"":""male"",""percentage"":0.064141},{""age"":""35-44"",""gender"":""female"",""percentage"":0.077102},{""age"":""45-54"",""gender"":""female"",""percentage"":0.077268},{""age"":""18-24"",""gender"":""female"",""percentage"":0.156946},{""age"":""35-44"",""gender"":""male"",""percentage"":0.08541},{""age"":""25-34"",""gender"":""male"",""percentage"":0.164091},{""age"":""25-34"",""gender"":""female"",""percentage"":0.156032},{""age"":""55-64"",""gender"":""female"",""percentage"":0.0555},{""age"":""55-64"",""gender"":""male"",""percentage"":0.041376},{""age"":""18-24"",""gender"":""male"",""percentage"":0.112164},{""age"":""35-44"",""gender"":""unknown"",""percentage"":0.002077},{""age"":""55-64"",""gender"":""unknown"",""percentage"":0.000415},{""age"":""45-54"",""gender"":""unknown"",""percentage"":0.001246}","{""region"":""Santiago Metropolitan Region"",""percentage"":1}","facebook,instagram","lower_bound: 100001, upper_bound: 500000",es
862378247669418,177384889097855,"Gabriel Boric",2021-12-05,2021-12-05,2021-12-10,"Gabriel Boric Font","Reformar Carabineros para tener más dotación donde más se necesita, con barrios seguros libres de narcotráfico. Vota Gabriel Boric 1️⃣","Boric Presidente",boricpresidente.cl,"Votemos para hacer realidad un Chile en que nadie quede fuera. Votemos Gabriel Boric Presidente","lower_bound: 5000, upper_bound: 5999","lower_bound: 0, upper_bound: 99",USD,"{""age"":""35-44"",""gender"":""female"",""percentage"":0.08251},{""age"":""18-24"",""gender"":""unknown"",""percentage"":0.004083},{""age"":""55-64"",""gender"":""unknown"",""percentage"":0.00043},{""age"":""13-17"",""gender"":""unknown"",""percentage"":0.000215},{""age"":""45-54"",""gender"":""unknown"",""percentage"":0.00043},{""age"":""25-34"",""gender"":""unknown"",""percentage"":0.002793},{""age"":""35-44"",""gender"":""unknown"",""percentage"":0.003438},{""age"":""55-64"",""gender"":""female"",""percentage"":0.035024},{""age"":""25-34"",""gender"":""male"",""percentage"":0.168887},{""age"":""35-44"",""gender"":""male"",""percentage"":0.086162},{""age"":""55-64"",""gender"":""male"",""percentage"":0.023636},{""age"":""45-54"",""gender"":""male"",""percentage"":0.046412},{""age"":""18-24"",""gender"":""male"",""percentage"":0.123979},{""age"":""25-34"",""gender"":""female"",""percentage"":0.1633},{""age"":""18-24"",""gender"":""female"",""percentage"":0.198109},{""age"":""45-54"",""gender"":""female"",""percentage"":0.060378},{""age"":""13-17"",""gender"":""male"",""percentage"":0.000215}","{""region"":""Santiago Metropolitan Region"",""percentage"":1}","facebook,instagram","lower_bound: 100001, upper_bound: 500000",es
1083900372356595,177384889097855,"Gabriel Boric",2021-12-05,2021-12-05,2021-12-11,"Gabriel Boric Font","Que no necesitemos los bingos y completadas para pagar un tratamiento 🏥, sino para celebrar un país más justo 🎉. 
Por una salud para todos, sin privilegios. Vota Gabriel Boric 1️⃣","Boric Presidente",boricpresidente.cl,"Votemos para hacer realidad un Chile en que nadie quede fuera. Votemos Gabriel Boric Presidente","lower_bound: 9000, upper_bound: 9999","lower_bound: 0, upper_bound: 99",USD,"{""age"":""25-34"",""gender"":""unknown"",""percentage"":0.001806},{""age"":""55-64"",""gender"":""female"",""percentage"":0.058151},{""age"":""35-44"",""gender"":""male"",""percentage"":0.094149},{""age"":""45-54"",""gender"":""male"",""percentage"":0.070311},{""age"":""35-44"",""gender"":""female"",""percentage"":0.098363},{""age"":""18-24"",""gender"":""male"",""percentage"":0.09138},{""age"":""25-34"",""gender"":""female"",""percentage"":0.15868},{""age"":""25-34"",""gender"":""male"",""percentage"":0.182759},{""age"":""45-54"",""gender"":""female"",""percentage"":0.081387},{""age"":""18-24"",""gender"":""female"",""percentage"":0.118589},{""age"":""18-24"",""gender"":""unknown"",""percentage"":0.001565},{""age"":""55-64"",""gender"":""male"",""percentage"":0.038767},{""age"":""35-44"",""gender"":""unknown"",""percentage"":0.002167},{""age"":""13-17"",""gender"":""unknown"",""percentage"":0.00012},{""age"":""45-54"",""gender"":""unknown"",""percentage"":0.001324},{""age"":""55-64"",""gender"":""unknown"",""percentage"":0.000482}","{""region"":""Santiago Metropolitan Region"",""percentage"":1}","facebook,instagram","lower_bound: 100001, upper_bound: 500000",es
1912513455587310,177384889097855,"Gabriel Boric",2021-12-05,2021-12-06,2021-12-10,"Gabriel Boric Font","Que la vejez sea para descansar y disfrutar  🫂, no para trabajar porque la pensión no alcanza. Fin a las AFP para una jubilación a los 65 años con un piso de $250.000 mensuales. Para pensiones justas, vota Gabriel Boric 1️⃣",,boricpresidente.cl,,"lower_bound: 6000, upper_bound: 6999","lower_bound: 0, upper_bound: 99",USD,"{""age"":""13-17"",""gender"":""male"",""percentage"":0.00019},{""age"":""18-24"",""gender"":""unknown"",""percentage"":0.006638},{""age"":""45-54"",""gender"":""female"",""percentage"":0.07491},{""age"":""55-64"",""gender"":""male"",""percentage"":0.027688},{""age"":""25-34"",""gender"":""male"",""percentage"":0.162526},{""age"":""18-24"",""gender"":""female"",""percentage"":0.175043},{""age"":""35-44"",""gender"":""male"",""percentage"":0.078134},{""age"":""45-54"",""gender"":""male"",""percentage"":0.069789},{""age"":""18-24"",""gender"":""male"",""percentage"":0.134648},{""age"":""25-34"",""gender"":""female"",""percentage"":0.146406},{""age"":""35-44"",""gender"":""unknown"",""percentage"":0.003034},{""age"":""55-64"",""gender"":""female"",""percentage"":0.045325},{""age"":""35-44"",""gender"":""female"",""percentage"":0.072065},{""age"":""25-34"",""gender"":""unknown"",""percentage"":0.002276},{""age"":""55-64"",""gender"":""unknown"",""percentage"":0.00019},{""age"":""45-54"",""gender"":""unknown"",""percentage"":0.001138}","{""region"":""Santiago Metropolitan Region"",""percentage"":1}","facebook,instagram","lower_bound: 50001, upper_bound: 100000",es
964668537736482,177384889097855,"Gabriel Boric",2021-12-05,2021-12-05,2021-12-10,"Gabriel Boric Font","Que no necesitemos los bingos y completadas para pagar un tratamiento 🏥, sino para celebrar un país más justo 🎉. 
Por una salud para todos, sin privilegios. Vota Gabriel Boric 1️⃣","Boric Presidente",boricpresidente.cl,"Votemos para hacer realidad un Chile en que nadie quede fuera. Votemos Gabriel Boric Presidente","lower_bound: 4000, upper_bound: 4999","lower_bound: 0, upper_bound: 99",USD,"{""age"":""45-54"",""gender"":""unknown"",""percentage"":0.003436},{""age"":""45-54"",""gender"":""male"",""percentage"":0.05749},{""age"":""35-44"",""gender"":""unknown"",""percentage"":0.00481},{""age"":""25-34"",""gender"":""male"",""percentage"":0.212093},{""age"":""35-44"",""gender"":""female"",""percentage"":0.09574},{""age"":""35-44"",""gender"":""male"",""percentage"":0.129409},{""age"":""18-24"",""gender"":""female"",""percentage"":0.124599},{""age"":""25-34"",""gender"":""female"",""percentage"":0.163307},{""age"":""55-64"",""gender"":""male"",""percentage"":0.02153},{""age"":""18-24"",""gender"":""male"",""percentage"":0.094137},{""age"":""45-54"",""gender"":""female"",""percentage"":0.055657},{""age"":""55-64"",""gender"":""female"",""percentage"":0.030234},{""age"":""25-34"",""gender"":""unknown"",""percentage"":0.004352},{""age"":""18-24"",""gender"":""unknown"",""percentage"":0.002519},{""age"":""55-64"",""gender"":""unknown"",""percentage"":0.000687}","{""region"":""Santiago Metropolitan Region"",""percentage"":1}","facebook,instagram","lower_bound: 100001, upper_bound: 500000",es
444318897148230,177384889097855,"Gabriel Boric",2021-12-05,2021-12-05,2021-12-10,"Gabriel Boric Font","Que no necesitemos los bingos y completadas para pagar un tratamiento 🏥, sino para celebrar un país más justo 🎉. 
Por una salud para todos, sin privilegios. Vota Gabriel Boric 1️⃣","Boric Presidente",boricpresidente.cl,"Votemos para hacer realidad un Chile en que nadie quede fuera. Votemos Gabriel Boric Presidente","lower_bound: 3000, upper_bound: 3999","lower_bound: 0, upper_bound: 99",USD,"{""age"":""35-44"",""gender"":""unknown"",""percentage"":0.003965},{""age"":""18-24"",""gender"":""unknown"",""percentage"":0.002745},{""age"":""45-54"",""gender"":""male"",""percentage"":0.069228},{""age"":""35-44"",""gender"":""male"",""percentage"":0.088747},{""age"":""18-24"",""gender"":""male"",""percentage"":0.108265},{""age"":""18-24"",""gender"":""female"",""percentage"":0.127783},{""age"":""45-54"",""gender"":""female"",""percentage"":0.091491},{""age"":""25-34"",""gender"":""female"",""percentage"":0.163769},{""age"":""35-44"",""gender"":""female"",""percentage"":0.084782},{""age"":""25-34"",""gender"":""male"",""percentage"":0.189387},{""age"":""25-34"",""gender"":""unknown"",""percentage"":0.002135},{""age"":""55-64"",""gender"":""female"",""percentage"":0.040561},{""age"":""55-64"",""gender"":""male"",""percentage"":0.025313},{""age"":""45-54"",""gender"":""unknown"",""percentage"":0.00122},{""age"":""55-64"",""gender"":""unknown"",""percentage"":0.00061}","{""region"":""Santiago Metropolitan Region"",""percentage"":1}","facebook,instagram","lower_bound: 50001, upper_bound: 100000",es
450452306438657,177384889097855,"Gabriel Boric",2021-12-05,2021-12-05,2021-12-10,"Gabriel Boric Font","Reformar Carabineros para tener más dotación donde más se necesita, con barrios seguros libres de narcotráfico. Vota Gabriel Boric 1️⃣","Boric Presidente",boricpresidente.cl,"Votemos para hacer realidad un Chile en que nadie quede fuera. Votemos Gabriel Boric Presidente","lower_bound: 4000, upper_bound: 4999","lower_bound: 0, upper_bound: 99",USD,"{""age"":""18-24"",""gender"":""unknown"",""percentage"":0.006898},{""age"":""55-64"",""gender"":""male"",""percentage"":0.03004},{""age"":""25-34"",""gender"":""unknown"",""percentage"":0.00178},{""age"":""45-54"",""gender"":""male"",""percentage"":0.058745},{""age"":""55-64"",""gender"":""female"",""percentage"":0.030485},{""age"":""45-54"",""gender"":""female"",""percentage"":0.05652},{""age"":""18-24"",""gender"":""male"",""percentage"":0.12194},{""age"":""35-44"",""gender"":""male"",""percentage"":0.086115},{""age"":""35-44"",""gender"":""female"",""percentage"":0.089453},{""age"":""18-24"",""gender"":""female"",""percentage"":0.174232},{""age"":""25-34"",""gender"":""female"",""percentage"":0.157321},{""age"":""25-34"",""gender"":""male"",""percentage"":0.182911},{""age"":""35-44"",""gender"":""unknown"",""percentage"":0.002225},{""age"":""45-54"",""gender"":""unknown"",""percentage"":0.001113},{""age"":""55-64"",""gender"":""unknown"",""percentage"":0.000223}","{""region"":""Santiago Metropolitan Region"",""percentage"":1}","facebook,instagram","lower_bound: 100001, upper_bound: 500000",es
897047617867293,177384889097855,"Gabriel Boric",2021-12-05,2021-12-05,2021-12-06,"Gabriel Boric Font","Las autoridades de gobierno no ganarán más de 5 millones, es decir 10 veces el salario mínimo de $500.000 al que proponemos llegar. Por un Chile sin privilegios para unos poco, vota Gabriel Boric 1️⃣,Las autoridades de gobierno no ganarán más de 5 millones, es decir 10 veces el salario mínimo de $500.000 al que proponemos llegar. Por un Chile sin privilegios para unos poco, vota Gabriel Boric 1️⃣,Las autoridades de gobierno no ganarán más de 5 millones, es decir 10 veces el salario mínimo de $500.000 al que proponemos llegar. Por un Chile sin privilegios para unos poco, vota Gabriel Boric 1️⃣",,boricpresidente.cl,,"lower_bound: 0, upper_bound: 999","lower_bound: 0, upper_bound: 99",USD,"{""age"":""45-54"",""gender"":""unknown"",""percentage"":0.005},{""age"":""35-44"",""gender"":""unknown"",""percentage"":0.0075},{""age"":""45-54"",""gender"":""male"",""percentage"":0.0425},{""age"":""25-34"",""gender"":""female"",""percentage"":0.22375},{""age"":""25-34"",""gender"":""male"",""percentage"":0.19},{""age"":""45-54"",""gender"":""female"",""percentage"":0.0575},{""age"":""18-24"",""gender"":""male"",""percentage"":0.0775},{""age"":""18-24"",""gender"":""female"",""percentage"":0.15375},{""age"":""35-44"",""gender"":""female"",""percentage"":0.09625},{""age"":""35-44"",""gender"":""male"",""percentage"":0.095},{""age"":""55-64"",""gender"":""male"",""percentage"":0.0175},{""age"":""55-64"",""gender"":""female"",""percentage"":0.025},{""age"":""25-34"",""gender"":""unknown"",""percentage"":0.00875}","{""region"":""Santiago Metropolitan Region"",""percentage"":1}","facebook,instagram","lower_bound: 100001, upper_bound: 500000",es
900390110842847,177384889097855,"Gabriel Boric",2021-12-05,2021-12-05,2021-12-10,"Gabriel Boric Font","Que no necesitemos los bingos y completadas para pagar un tratamiento 🏥, sino para celebrar un país más justo 🎉. 
Por una salud para todos, sin privilegios. Vota Gabriel Boric 1️⃣","Boric Presidente",boricpresidente.cl,"Votemos para hacer realidad un Chile en que nadie quede fuera. Votemos Gabriel Boric Presidente","lower_bound: 8000, upper_bound: 8999","lower_bound: 0, upper_bound: 99",USD,"{""age"":""45-54"",""gender"":""unknown"",""percentage"":0.001093},{""age"":""55-64"",""gender"":""unknown"",""percentage"":0.00082},{""age"":""25-34"",""gender"":""unknown"",""percentage"":0.002187},{""age"":""25-34"",""gender"":""male"",""percentage"":0.1807},{""age"":""25-34"",""gender"":""female"",""percentage"":0.165528},{""age"":""35-44"",""gender"":""female"",""percentage"":0.102652},{""age"":""35-44"",""gender"":""male"",""percentage"":0.084882},{""age"":""18-24"",""gender"":""male"",""percentage"":0.102925},{""age"":""18-24"",""gender"":""female"",""percentage"":0.13737},{""age"":""45-54"",""gender"":""male"",""percentage"":0.06479},{""age"":""45-54"",""gender"":""female"",""percentage"":0.076545},{""age"":""55-64"",""gender"":""male"",""percentage"":0.026927},{""age"":""55-64"",""gender"":""female"",""percentage"":0.04866},{""age"":""18-24"",""gender"":""unknown"",""percentage"":0.00246},{""age"":""35-44"",""gender"":""unknown"",""percentage"":0.00246}","{""region"":""Santiago Metropolitan Region"",""percentage"":1}","facebook,instagram","lower_bound: 100001, upper_bound: 500000",es
950390605879035,177384889097855,"Gabriel Boric",2021-12-05,2021-12-05,2021-12-10,"Gabriel Boric Font","Reformar Carabineros para tener más dotación donde más se necesita, con barrios seguros libres de narcotráfico. Vota Gabriel Boric 1️⃣","Boric Presidente",boricpresidente.cl,"Votemos para hacer realidad un Chile en que nadie quede fuera. Votemos Gabriel Boric Presidente","lower_bound: 1000, upper_bound: 1999","lower_bound: 0, upper_bound: 99",USD,"{""age"":""25-34"",""gender"":""unknown"",""percentage"":0.002974},{""age"":""55-64"",""gender"":""female"",""percentage"":0.0232},{""age"":""55-64"",""gender"":""male"",""percentage"":0.018441},{""age"":""25-34"",""gender"":""female"",""percentage"":0.155265},{""age"":""45-54"",""gender"":""male"",""percentage"":0.042237},{""age"":""18-24"",""gender"":""male"",""percentage"":0.123141},{""age"":""35-44"",""gender"":""female"",""percentage"":0.071386},{""age"":""25-34"",""gender"":""male"",""percentage"":0.164783},{""age"":""45-54"",""gender"":""female"",""percentage"":0.054134},{""age"":""18-24"",""gender"":""female"",""percentage"":0.242118},{""age"":""35-44"",""gender"":""male"",""percentage"":0.082689},{""age"":""18-24"",""gender"":""unknown"",""percentage"":0.013087},{""age"":""45-54"",""gender"":""unknown"",""percentage"":0.003569},{""age"":""35-44"",""gender"":""unknown"",""percentage"":0.002974}","{""region"":""Santiago Metropolitan Region"",""percentage"":1}","facebook,instagram","lower_bound: 50001, upper_bound: 100000",es
1641794809495129,177384889097855,"Gabriel Boric",2021-12-05,2021-12-06,2021-12-10,"Gabriel Boric Font","Que la vejez sea para descansar y disfrutar  🫂, no para trabajar porque la pensión no alcanza. Fin a las AFP para una jubilación a los 65 años con un piso de $250.000 mensuales. Para pensiones justas, vota Gabriel Boric 1️⃣",,boricpresidente.cl,,"lower_bound: 8000, upper_bound: 8999","lower_bound: 0, upper_bound: 99",USD,"{""age"":""18-24"",""gender"":""unknown"",""percentage"":0.006309},{""age"":""45-54"",""gender"":""female"",""percentage"":0.050738},{""age"":""35-44"",""gender"":""female"",""percentage"":0.081208},{""age"":""25-34"",""gender"":""male"",""percentage"":0.202013},{""age"":""55-64"",""gender"":""female"",""percentage"":0.027517},{""age"":""25-34"",""gender"":""female"",""percentage"":0.197852},{""age"":""18-24"",""gender"":""male"",""percentage"":0.104027},{""age"":""35-44"",""gender"":""male"",""percentage"":0.092483},{""age"":""18-24"",""gender"":""female"",""percentage"":0.156242},{""age"":""35-44"",""gender"":""unknown"",""percentage"":0.004027},{""age"":""25-34"",""gender"":""unknown"",""percentage"":0.006443},{""age"":""55-64"",""gender"":""male"",""percentage"":0.021879},{""age"":""45-54"",""gender"":""male"",""percentage"":0.045369},{""age"":""45-54"",""gender"":""unknown"",""percentage"":0.00349},{""age"":""55-64"",""gender"":""unknown"",""percentage"":0.000403}","{""region"":""Santiago Metropolitan Region"",""percentage"":1}","facebook,instagram","lower_bound: 100001, upper_bound: 500000",es
204759805179291,177384889097855,"Gabriel Boric",2021-12-05,2021-12-05,2021-12-11,"Gabriel Boric Font","Reformar Carabineros para tener más dotación donde más se necesita, con barrios seguros libres de narcotráfico. Vota Gabriel Boric 1️⃣","Boric Presidente",boricpresidente.cl,"Votemos para hacer realidad un Chile en que nadie quede fuera. Votemos Gabriel Boric Presidente","lower_bound: 4000, upper_bound: 4999","lower_bound: 0, upper_bound: 99",USD,"{""age"":""25-34"",""gender"":""unknown"",""percentage"":0.00109},{""age"":""18-24"",""gender"":""male"",""percentage"":0.122343},{""age"":""13-17"",""gender"":""male"",""percentage"":0.000272},{""age"":""35-44"",""gender"":""unknown"",""percentage"":0.002452},{""age"":""45-54"",""gender"":""male"",""percentage"":0.067847},{""age"":""35-44"",""gender"":""female"",""percentage"":0.079292},{""age"":""45-54"",""gender"":""female"",""percentage"":0.071935},{""age"":""18-24"",""gender"":""female"",""percentage"":0.16594},{""age"":""25-34"",""gender"":""female"",""percentage"":0.13951},{""age"":""45-54"",""gender"":""unknown"",""percentage"":0.000272},{""age"":""25-34"",""gender"":""male"",""percentage"":0.180926},{""age"":""35-44"",""gender"":""male"",""percentage"":0.088011},{""age"":""55-64"",""gender"":""female"",""percentage"":0.045504},{""age"":""55-64"",""gender"":""male"",""percentage"":0.030518},{""age"":""18-24"",""gender"":""unknown"",""percentage"":0.00327},{""age"":""55-64"",""gender"":""unknown"",""percentage"":0.000545},{""age"":""13-17"",""gender"":""female"",""percentage"":0.000272}","{""region"":""Santiago Metropolitan Region"",""percentage"":1}","facebook,instagram","lower_bound: 100001, upper_bound: 500000",es
327018129261199,177384889097855,"Gabriel Boric",2021-12-05,2021-12-05,2021-12-11,"Gabriel Boric Font","Que no necesitemos los bingos y completadas para pagar un tratamiento 🏥, sino para celebrar un país más justo 🎉. 
Por una salud para todos, sin privilegios. Vota Gabriel Boric 1️⃣","Boric Presidente",boricpresidente.cl,"Votemos para hacer realidad un Chile en que nadie quede fuera. Votemos Gabriel Boric Presidente","lower_bound: 7000, upper_bound: 7999","lower_bound: 0, upper_bound: 99",USD,"{""age"":""25-34"",""gender"":""unknown"",""percentage"":0.002762},{""age"":""45-54"",""gender"":""female"",""percentage"":0.072261},{""age"":""45-54"",""gender"":""male"",""percentage"":0.061675},{""age"":""55-64"",""gender"":""male"",""percentage"":0.034673},{""age"":""35-44"",""gender"":""female"",""percentage"":0.090058},{""age"":""18-24"",""gender"":""male"",""percentage"":0.101411},{""age"":""35-44"",""gender"":""male"",""percentage"":0.100951},{""age"":""25-34"",""gender"":""female"",""percentage"":0.163854},{""age"":""18-24"",""gender"":""female"",""percentage"":0.131635},{""age"":""25-34"",""gender"":""male"",""percentage"":0.187327},{""age"":""55-64"",""gender"":""female"",""percentage"":0.046947},{""age"":""18-24"",""gender"":""unknown"",""percentage"":0.001841},{""age"":""35-44"",""gender"":""unknown"",""percentage"":0.003068},{""age"":""45-54"",""gender"":""unknown"",""percentage"":0.001227},{""age"":""55-64"",""gender"":""unknown"",""percentage"":0.000153},{""age"":""13-17"",""gender"":""unknown"",""percentage"":0.000153}","{""region"":""Santiago Metropolitan Region"",""percentage"":1}","facebook,instagram","lower_bound: 100001, upper_bound: 500000",es
331274665123244,177384889097855,"Gabriel Boric",2021-12-05,2021-12-06,2021-12-11,"Gabriel Boric Font","Que la vejez sea para descansar y disfrutar  🫂, no para trabajar porque la pensión no alcanza. Fin a las AFP para una jubilación a los 65 años con un piso de $250.000 mensuales. Para pensiones justas, vota Gabriel Boric 1️⃣",,boricpresidente.cl,,"lower_bound: 9000, upper_bound: 9999","lower_bound: 0, upper_bound: 99",USD,"{""age"":""55-64"",""gender"":""unknown"",""percentage"":0.000243},{""age"":""35-44"",""gender"":""unknown"",""percentage"":0.00279},{""age"":""35-44"",""gender"":""female"",""percentage"":0.072295},{""age"":""55-64"",""gender"":""female"",""percentage"":0.046943},{""age"":""45-54"",""gender"":""female"",""percentage"":0.073265},{""age"":""25-34"",""gender"":""female"",""percentage"":0.151868},{""age"":""25-34"",""gender"":""male"",""percentage"":0.179767},{""age"":""18-24"",""gender"":""male"",""percentage"":0.115842},{""age"":""18-24"",""gender"":""female"",""percentage"":0.164483},{""age"":""55-64"",""gender"":""male"",""percentage"":0.029476},{""age"":""35-44"",""gender"":""male"",""percentage"":0.086851},{""age"":""45-54"",""gender"":""male"",""percentage"":0.067443},{""age"":""18-24"",""gender"":""unknown"",""percentage"":0.005459},{""age"":""45-54"",""gender"":""unknown"",""percentage"":0.001092},{""age"":""25-34"",""gender"":""unknown"",""percentage"":0.002183}","{""region"":""Santiago Metropolitan Region"",""percentage"":1}","facebook,instagram","lower_bound: 100001, upper_bound: 500000",es
462903548686883,177384889097855,"Gabriel Boric",2021-12-05,2021-12-05,2021-12-10,"Gabriel Boric Font","Que no necesitemos los bingos y completadas para pagar un tratamiento 🏥, sino para celebrar un país más justo 🎉. 
Por una salud para todos, sin privilegios. Vota Gabriel Boric 1️⃣","Boric Presidente",boricpresidente.cl,"Votemos para hacer realidad un Chile en que nadie quede fuera. Votemos Gabriel Boric Presidente","lower_bound: 4000, upper_bound: 4999","lower_bound: 0, upper_bound: 99",USD,"{""age"":""18-24"",""gender"":""unknown"",""percentage"":0.001564},{""age"":""55-64"",""gender"":""male"",""percentage"":0.023456},{""age"":""45-54"",""gender"":""male"",""percentage"":0.060725},{""age"":""35-44"",""gender"":""male"",""percentage"":0.093823},{""age"":""18-24"",""gender"":""male"",""percentage"":0.101903},{""age"":""45-54"",""gender"":""female"",""percentage"":0.083138},{""age"":""25-34"",""gender"":""female"",""percentage"":0.169403},{""age"":""35-44"",""gender"":""female"",""percentage"":0.104769},{""age"":""18-24"",""gender"":""female"",""percentage"":0.114673},{""age"":""45-54"",""gender"":""unknown"",""percentage"":0.003127},{""age"":""55-64"",""gender"":""female"",""percentage"":0.043002},{""age"":""25-34"",""gender"":""male"",""percentage"":0.196247},{""age"":""35-44"",""gender"":""unknown"",""percentage"":0.003388},{""age"":""25-34"",""gender"":""unknown"",""percentage"":0.000521},{""age"":""55-64"",""gender"":""unknown"",""percentage"":0.000261}","{""region"":""Santiago Metropolitan Region"",""percentage"":1}","facebook,instagram","lower_bound: 100001, upper_bound: 500000",es
600499214504571,177384889097855,"Gabriel Boric",2021-12-05,2021-12-06,2021-12-11,"Gabriel Boric Font","Que la vejez sea para descansar y disfrutar  🫂, no para trabajar porque la pensión no alcanza. Fin a las AFP para una jubilación a los 65 años con un piso de $250.000 mensuales. Para pensiones justas, vota Gabriel Boric 1️⃣",,boricpresidente.cl,,"lower_bound: 10000, upper_bound: 14999","lower_bound: 0, upper_bound: 99",USD,"{""age"":""45-54"",""gender"":""unknown"",""percentage"":0.001067},{""age"":""25-34"",""gender"":""unknown"",""percentage"":0.002813},{""age"":""18-24"",""gender"":""unknown"",""percentage"":0.004365},{""age"":""35-44"",""gender"":""unknown"",""percentage"":0.001746},{""age"":""55-64"",""gender"":""male"",""percentage"":0.030944},{""age"":""35-44"",""gender"":""female"",""percentage"":0.079445},{""age"":""25-34"",""gender"":""female"",""percentage"":0.168203},{""age"":""18-24"",""gender"":""female"",""percentage"":0.141624},{""age"":""25-34"",""gender"":""male"",""percentage"":0.180328},{""age"":""45-54"",""gender"":""female"",""percentage"":0.07023},{""age"":""45-54"",""gender"":""male"",""percentage"":0.069551},{""age"":""35-44"",""gender"":""male"",""percentage"":0.093705},{""age"":""55-64"",""gender"":""female"",""percentage"":0.051508},{""age"":""18-24"",""gender"":""male"",""percentage"":0.104084},{""age"":""55-64"",""gender"":""unknown"",""percentage"":0.000388}","{""region"":""Santiago Metropolitan Region"",""percentage"":1}","facebook,instagram","lower_bound: 100001, upper_bound: 500000",es
1318573568630215,177384889097855,"Gabriel Boric",2021-12-05,2021-12-05,2021-12-10,"Gabriel Boric Font","Reformar Carabineros para tener más dotación donde más se necesita, con barrios seguros libres de narcotráfico. Vota Gabriel Boric 1️⃣","Boric Presidente",boricpresidente.cl,"Votemos para hacer realidad un Chile en que nadie quede fuera. Votemos Gabriel Boric Presidente","lower_bound: 4000, upper_bound: 4999","lower_bound: 0, upper_bound: 99",USD,"{""age"":""18-24"",""gender"":""unknown"",""percentage"":0.00762},{""age"":""45-54"",""gender"":""female"",""percentage"":0.055439},{""age"":""35-44"",""gender"":""unknown"",""percentage"":0.00289},{""age"":""35-44"",""gender"":""male"",""percentage"":0.094325},{""age"":""18-24"",""gender"":""male"",""percentage"":0.130846},{""age"":""25-34"",""gender"":""male"",""percentage"":0.164214},{""age"":""18-24"",""gender"":""female"",""percentage"":0.199159},{""age"":""25-34"",""gender"":""female"",""percentage"":0.15896},{""age"":""35-44"",""gender"":""female"",""percentage"":0.079611},{""age"":""55-64"",""gender"":""female"",""percentage"":0.031529},{""age"":""45-54"",""gender"":""male"",""percentage"":0.051498},{""age"":""55-64"",""gender"":""male"",""percentage"":0.019706},{""age"":""25-34"",""gender"":""unknown"",""percentage"":0.00289},{""age"":""45-54"",""gender"":""unknown"",""percentage"":0.001314}","{""region"":""Santiago Metropolitan Region"",""percentage"":1}","facebook,instagram","lower_bound: 100001, upper_bound: 500000",es
313724810439282,177384889097855,"Gabriel Boric",2021-12-05,2021-12-05,2021-12-10,"Gabriel Boric Font","Diálogo para una paz duradera y todo el rigor de la ley contra quien cometa un delito. Para avanzar con justicia y paz, vota Gabriel Boric 1️⃣","Boric Presidente",boricpresidente.cl,"Votemos para hacer realidad un Chile en que nadie quede fuera. Votemos Gabriel Boric Presidente","lower_bound: 0, upper_bound: 999","lower_bound: 0, upper_bound: 99",USD,"{""age"":""25-34"",""gender"":""unknown"",""percentage"":0.00216},{""age"":""55-64"",""gender"":""male"",""percentage"":0.00432},{""age"":""25-34"",""gender"":""female"",""percentage"":0.24838},{""age"":""45-54"",""gender"":""male"",""percentage"":0.12095},{""age"":""25-34"",""gender"":""male"",""percentage"":0.265659},{""age"":""35-44"",""gender"":""male"",""percentage"":0.097192},{""age"":""45-54"",""gender"":""female"",""percentage"":0.090713},{""age"":""35-44"",""gender"":""female"",""percentage"":0.161987},{""age"":""55-64"",""gender"":""female"",""percentage"":0.008639}","{""region"":""B\u00edo B\u00edo Region"",""percentage"":1}","facebook,instagram","lower_bound: 1001, upper_bound: 5000",es
1067944810445904,177384889097855,"Gabriel Boric",2021-12-05,2021-12-05,2021-12-10,"Gabriel Boric Font","Las autoridades de gobierno no ganarán más de 5 millones, es decir 10 veces el salario mínimo de $500.000 al que proponemos llegar. Por un Chile sin privilegios, vota Gabriel Boric 1️⃣","Boric Presidente",boricpresidente.cl,"Votemos para hacer realidad un Chile en que nadie quede fuera. Votemos Gabriel Boric Presidente","lower_bound: 0, upper_bound: 999","lower_bound: 0, upper_bound: 99",USD,"{""age"":""55-64"",""gender"":""female"",""percentage"":0.00885},{""age"":""55-64"",""gender"":""male"",""percentage"":0.004425},{""age"":""35-44"",""gender"":""unknown"",""percentage"":0.004425},{""age"":""25-34"",""gender"":""unknown"",""percentage"":0.004425},{""age"":""25-34"",""gender"":""male"",""percentage"":0.283186},{""age"":""25-34"",""gender"":""female"",""percentage"":0.199115},{""age"":""45-54"",""gender"":""male"",""percentage"":0.09292},{""age"":""35-44"",""gender"":""female"",""percentage"":0.159292},{""age"":""45-54"",""gender"":""female"",""percentage"":0.097345},{""age"":""35-44"",""gender"":""male"",""percentage"":0.146018}","{""region"":""B\u00edo B\u00edo Region"",""percentage"":1}","facebook,instagram","lower_bound: 1001, upper_bound: 5000",es
2722850414689966,177384889097855,"Gabriel Boric",2021-12-05,2021-12-06,2021-12-11,"Gabriel Boric Font","Que la vejez sea para descansar y disfrutar  🫂, no para trabajar porque la pensión no alcanza. Fin a las AFP para una jubilación a los 65 años con un piso de $250.000 mensuales. Para pensiones justas, vota Gabriel Boric 1️⃣",,boricpresidente.cl,,"lower_bound: 20000, upper_bound: 24999","lower_bound: 0, upper_bound: 99",USD,"{""age"":""13-17"",""gender"":""male"",""percentage"":0.000101},{""age"":""35-44"",""gender"":""female"",""percentage"":0.070043},{""age"":""45-54"",""gender"":""unknown"",""percentage"":0.001262},{""age"":""13-17"",""gender"":""female"",""percentage"":0.000101},{""age"":""35-44"",""gender"":""unknown"",""percentage"":0.003131},{""age"":""25-34"",""gender"":""unknown"",""percentage"":0.004595},{""age"":""45-54"",""gender"":""male"",""percentage"":0.053227},{""age"":""18-24"",""gender"":""male"",""percentage"":0.114786},{""age"":""25-34"",""gender"":""male"",""percentage"":0.212049},{""age"":""13-17"",""gender"":""unknown"",""percentage"":5.0e-5},{""age"":""45-54"",""gender"":""female"",""percentage"":0.049338},{""age"":""18-24"",""gender"":""female"",""percentage"":0.165741},{""age"":""25-34"",""gender"":""female"",""percentage"":0.164983},{""age"":""55-64"",""gender"":""female"",""percentage"":0.027825},{""age"":""55-64"",""gender"":""male"",""percentage"":0.024543},{""age"":""35-44"",""gender"":""male"",""percentage"":0.100798},{""age"":""18-24"",""gender"":""unknown"",""percentage"":0.00707},{""age"":""55-64"",""gender"":""unknown"",""percentage"":0.000353}","{""region"":""Santiago Metropolitan Region"",""percentage"":1}","facebook,instagram","lower_bound: 100001, upper_bound: 500000",es
220747726870478,177384889097855,"Gabriel Boric",2021-12-05,2021-12-05,2021-12-10,"Gabriel Boric Font","Que no necesitemos los bingos y completadas para pagar un tratamiento 🏥, sino para celebrar un país más justo 🎉. 
Por una salud para todos, sin privilegios. Vota Gabriel Boric 1️⃣","Boric Presidente",boricpresidente.cl,"Votemos para hacer realidad un Chile en que nadie quede fuera. Votemos Gabriel Boric Presidente","lower_bound: 10000, upper_bound: 14999","lower_bound: 0, upper_bound: 99",USD,"{""age"":""55-64"",""gender"":""unknown"",""percentage"":0.0001},{""age"":""18-24"",""gender"":""unknown"",""percentage"":0.00321},{""age"":""55-64"",""gender"":""female"",""percentage"":0.023872},{""age"":""45-54"",""gender"":""female"",""percentage"":0.038616},{""age"":""18-24"",""gender"":""female"",""percentage"":0.162588},{""age"":""18-24"",""gender"":""male"",""percentage"":0.121464},{""age"":""25-34"",""gender"":""male"",""percentage"":0.216449},{""age"":""25-34"",""gender"":""female"",""percentage"":0.17653},{""age"":""35-44"",""gender"":""female"",""percentage"":0.077533},{""age"":""35-44"",""gender"":""male"",""percentage"":0.103109},{""age"":""55-64"",""gender"":""male"",""percentage"":0.016449},{""age"":""45-54"",""gender"":""male"",""percentage"":0.051856},{""age"":""35-44"",""gender"":""unknown"",""percentage"":0.00341},{""age"":""25-34"",""gender"":""unknown"",""percentage"":0.00341},{""age"":""45-54"",""gender"":""unknown"",""percentage"":0.001404}","{""region"":""Santiago Metropolitan Region"",""percentage"":1}","facebook,instagram","lower_bound: 100001, upper_bound: 500000",es
454894739373379,177384889097855,"Gabriel Boric",2021-12-05,2021-12-05,2021-12-10,"Gabriel Boric Font","Las autoridades de gobierno no ganarán más de 5 millones, es decir 10 veces el salario mínimo de $500.000 al que proponemos llegar. Por un Chile sin privilegios para unos poco, vota Gabriel Boric 1️⃣","Boric Presidente",boricpresidente.cl,"Votemos para hacer realidad un Chile en que nadie quede fuera. Votemos Gabriel Boric Presidente","lower_bound: 5000, upper_bound: 5999","lower_bound: 0, upper_bound: 99",USD,"{""age"":""55-64"",""gender"":""unknown"",""percentage"":0.000403},{""age"":""45-54"",""gender"":""female"",""percentage"":0.045977},{""age"":""55-64"",""gender"":""male"",""percentage"":0.025207},{""age"":""35-44"",""gender"":""female"",""percentage"":0.081065},{""age"":""45-54"",""gender"":""male"",""percentage"":0.067151},{""age"":""18-24"",""gender"":""male"",""percentage"":0.095785},{""age"":""25-34"",""gender"":""male"",""percentage"":0.247026},{""age"":""55-64"",""gender"":""female"",""percentage"":0.0244},{""age"":""25-34"",""gender"":""female"",""percentage"":0.157491},{""age"":""18-24"",""gender"":""female"",""percentage"":0.094979},{""age"":""35-44"",""gender"":""male"",""percentage"":0.143981},{""age"":""45-54"",""gender"":""unknown"",""percentage"":0.002017},{""age"":""35-44"",""gender"":""unknown"",""percentage"":0.006856},{""age"":""18-24"",""gender"":""unknown"",""percentage"":0.002823},{""age"":""25-34"",""gender"":""unknown"",""percentage"":0.00484}","{""region"":""Santiago Metropolitan Region"",""percentage"":1}","facebook,instagram","lower_bound: 100001, upper_bound: 500000",es
427338935531207,177384889097855,"Gabriel Boric",2021-12-05,2021-12-05,2021-12-11,"Gabriel Boric Font","Reformar Carabineros para tener más dotación donde más se necesita, con barrios seguros libres de narcotráfico. Vota Gabriel Boric 1️⃣","Boric Presidente",boricpresidente.cl,"Votemos para hacer realidad un Chile en que nadie quede fuera. Votemos Gabriel Boric Presidente","lower_bound: 9000, upper_bound: 9999","lower_bound: 0, upper_bound: 99",USD,"{""age"":""18-24"",""gender"":""male"",""percentage"":0.110601},{""age"":""18-24"",""gender"":""female"",""percentage"":0.163202},{""age"":""35-44"",""gender"":""female"",""percentage"":0.096704},{""age"":""45-54"",""gender"":""female"",""percentage"":0.072356},{""age"":""55-64"",""gender"":""female"",""percentage"":0.032158},{""age"":""25-34"",""gender"":""male"",""percentage"":0.169174},{""age"":""25-34"",""gender"":""female"",""percentage"":0.180544},{""age"":""35-44"",""gender"":""male"",""percentage"":0.085678},{""age"":""45-54"",""gender"":""male"",""percentage"":0.05777},{""age"":""55-64"",""gender"":""male"",""percentage"":0.023315},{""age"":""45-54"",""gender"":""unknown"",""percentage"":0.001149},{""age"":""18-24"",""gender"":""unknown"",""percentage"":0.003331},{""age"":""35-44"",""gender"":""unknown"",""percentage"":0.002412},{""age"":""25-34"",""gender"":""unknown"",""percentage"":0.001608}","{""region"":""Coquimbo Region"",""percentage"":1}","facebook,instagram","lower_bound: 100001, upper_bound: 500000",es
698345881136439,177384889097855,"Gabriel Boric",2021-12-05,2021-12-06,2021-12-11,"Gabriel Boric Font","Que la vejez sea para descansar y disfrutar 🫂, no para trabajar porque la pensión no alcanza. Fin a las AFP para una jubilación a los 65 años con un piso de $250.000 mensuales. Para pensiones justas, vota Gabriel Boric 1️⃣","Boric Presidente",boricpresidente.cl,"Votemos para hacer realidad un Chile en que nadie quede fuera. Votemos Gabriel Boric Presidente","lower_bound: 20000, upper_bound: 24999","lower_bound: 0, upper_bound: 99",USD,"{""age"":""13-17"",""gender"":""female"",""percentage"":5.9e-5},{""age"":""35-44"",""gender"":""unknown"",""percentage"":0.001781},{""age"":""45-54"",""gender"":""unknown"",""percentage"":0.000653},{""age"":""35-44"",""gender"":""female"",""percentage"":0.094735},{""age"":""18-24"",""gender"":""male"",""percentage"":0.096694},{""age"":""55-64"",""gender"":""female"",""percentage"":0.047664},{""age"":""55-64"",""gender"":""male"",""percentage"":0.037692},{""age"":""35-44"",""gender"":""male"",""percentage"":0.098712},{""age"":""45-54"",""gender"":""female"",""percentage"":0.087315},{""age"":""45-54"",""gender"":""male"",""percentage"":0.078946},{""age"":""25-34"",""gender"":""male"",""percentage"":0.15807},{""age"":""18-24"",""gender"":""female"",""percentage"":0.135514},{""age"":""25-34"",""gender"":""female"",""percentage"":0.157357},{""age"":""18-24"",""gender"":""unknown"",""percentage"":0.003443},{""age"":""25-34"",""gender"":""unknown"",""percentage"":0.001128},{""age"":""55-64"",""gender"":""unknown"",""percentage"":0.000237}","{""region"":""Coquimbo Region"",""percentage"":1}","facebook,instagram","lower_bound: 100001, upper_bound: 500000",es
2783354558637123,177384889097855,"Gabriel Boric",2021-12-05,2021-12-05,2021-12-10,"Gabriel Boric Font","Las autoridades de gobierno no ganarán más de 5 millones, es decir 10 veces el salario mínimo de $500.000 al que proponemos llegar. Por un Chile sin privilegios, vota Gabriel Boric 1️⃣","Boric Presidente",boricpresidente.cl,"Votemos para hacer realidad un Chile en que nadie quede fuera. Votemos Gabriel Boric Presidente","lower_bound: 1000, upper_bound: 1999","lower_bound: 0, upper_bound: 99",USD,"{""age"":""55-64"",""gender"":""unknown"",""percentage"":0.001426},{""age"":""55-64"",""gender"":""male"",""percentage"":0.074127},{""age"":""35-44"",""gender"":""male"",""percentage"":0.205274},{""age"":""55-64"",""gender"":""female"",""percentage"":0.136137},{""age"":""35-44"",""gender"":""female"",""percentage"":0.215966},{""age"":""45-54"",""gender"":""female"",""percentage"":0.197434},{""age"":""45-54"",""gender"":""male"",""percentage"":0.163934},{""age"":""35-44"",""gender"":""unknown"",""percentage"":0.004277},{""age"":""45-54"",""gender"":""unknown"",""percentage"":0.001426}","{""region"":""B\u00edo B\u00edo Region"",""percentage"":1}","facebook,instagram","lower_bound: 10001, upper_bound: 50000",es
1574804779521144,177384889097855,"Gabriel Boric",2021-12-05,2021-12-05,2021-12-10,"Gabriel Boric Font","Diálogo para una paz duradera y todo el rigor de la ley contra quien cometa un delito. Para avanzar con justicia y paz, vota Gabriel Boric 1️⃣","Boric Presidente",boricpresidente.cl,"Votemos para hacer realidad un Chile en que nadie quede fuera. Votemos Gabriel Boric Presidente","lower_bound: 2000, upper_bound: 2999","lower_bound: 0, upper_bound: 99",USD,"{""age"":""45-54"",""gender"":""unknown"",""percentage"":0.002342},{""age"":""55-64"",""gender"":""unknown"",""percentage"":0.000937},{""age"":""45-54"",""gender"":""female"",""percentage"":0.185948},{""age"":""55-64"",""gender"":""female"",""percentage"":0.138173},{""age"":""35-44"",""gender"":""male"",""percentage"":0.20281},{""age"":""35-44"",""gender"":""female"",""percentage"":0.212178},{""age"":""55-64"",""gender"":""male"",""percentage"":0.096487},{""age"":""35-44"",""gender"":""unknown"",""percentage"":0.003279},{""age"":""45-54"",""gender"":""male"",""percentage"":0.157845}","{""region"":""B\u00edo B\u00edo Region"",""percentage"":1}","facebook,instagram","lower_bound: 10001, upper_bound: 50000",es
597651068112548,177384889097855,"Gabriel Boric",2021-12-05,2021-12-05,2021-12-10,"Gabriel Boric Font","Reformar Carabineros para tener más dotación donde más se necesita, con barrios seguros libres de narcotráfico. Vota Gabriel Boric 1️⃣","Boric Presidente",boricpresidente.cl,"Votemos para hacer realidad un Chile en que nadie quede fuera. Votemos Gabriel Boric Presidente","lower_bound: 10000, upper_bound: 14999","lower_bound: 0, upper_bound: 99",USD,"{""age"":""25-34"",""gender"":""unknown"",""percentage"":0.000776},{""age"":""18-24"",""gender"":""unknown"",""percentage"":0.00133},{""age"":""45-54"",""gender"":""male"",""percentage"":0.054854},{""age"":""25-34"",""gender"":""male"",""percentage"":0.187722},{""age"":""45-54"",""gender"":""female"",""percentage"":0.065603},{""age"":""18-24"",""gender"":""female"",""percentage"":0.156139},{""age"":""55-64"",""gender"":""female"",""percentage"":0.02715},{""age"":""35-44"",""gender"":""female"",""percentage"":0.08699},{""age"":""18-24"",""gender"":""male"",""percentage"":0.125222},{""age"":""35-44"",""gender"":""male"",""percentage"":0.079898},{""age"":""25-34"",""gender"":""female"",""percentage"":0.186946},{""age"":""55-64"",""gender"":""male"",""percentage"":0.024158},{""age"":""35-44"",""gender"":""unknown"",""percentage"":0.002216},{""age"":""45-54"",""gender"":""unknown"",""percentage"":0.000997}","{""region"":""Coquimbo Region"",""percentage"":1}","facebook,instagram","lower_bound: 50001, upper_bound: 100000",es
935692000647081,177384889097855,"Gabriel Boric",2021-12-05,2021-12-06,2021-12-10,"Gabriel Boric Font","Que la vejez sea para descansar y disfrutar 🫂, no para trabajar porque la pensión no alcanza. Fin a las AFP para una jubilación a los 65 años con un piso de $250.000 mensuales. Para pensiones justas, vota Gabriel Boric 1️⃣","Boric Presidente",boricpresidente.cl,"Votemos para hacer realidad un Chile en que nadie quede fuera. Votemos Gabriel Boric Presidente","lower_bound: 10000, upper_bound: 14999","lower_bound: 0, upper_bound: 99",USD,"{""age"":""25-34"",""gender"":""unknown"",""percentage"":0.00113},{""age"":""18-24"",""gender"":""unknown"",""percentage"":0.002261},{""age"":""35-44"",""gender"":""female"",""percentage"":0.092313},{""age"":""18-24"",""gender"":""male"",""percentage"":0.102204},{""age"":""45-54"",""gender"":""female"",""percentage"":0.088546},{""age"":""25-34"",""gender"":""male"",""percentage"":0.172946},{""age"":""18-24"",""gender"":""female"",""percentage"":0.129616},{""age"":""45-54"",""gender"":""male"",""percentage"":0.07272},{""age"":""25-34"",""gender"":""female"",""percentage"":0.155991},{""age"":""35-44"",""gender"":""male"",""percentage"":0.090712},{""age"":""55-64"",""gender"":""male"",""percentage"":0.037208},{""age"":""45-54"",""gender"":""unknown"",""percentage"":0.001036},{""age"":""55-64"",""gender"":""female"",""percentage"":0.05162},{""age"":""35-44"",""gender"":""unknown"",""percentage"":0.001319},{""age"":""55-64"",""gender"":""unknown"",""percentage"":0.000377}","{""region"":""Coquimbo Region"",""percentage"":1}","facebook,instagram","lower_bound: 50001, upper_bound: 100000",es
4935073776556871,177384889097855,"Gabriel Boric",2021-12-05,2021-12-06,2021-12-11,"Gabriel Boric Font","Que la vejez sea para descansar y disfrutar 🫂, no para trabajar porque la pensión no alcanza. Fin a las AFP para una jubilación a los 65 años con un piso de $250.000 mensuales. Para pensiones justas, vota Gabriel Boric 1️⃣","Boric Presidente",boricpresidente.cl,"Votemos para hacer realidad un Chile en que nadie quede fuera. Votemos Gabriel Boric Presidente","lower_bound: 6000, upper_bound: 6999","lower_bound: 0, upper_bound: 99",USD,"{""age"":""13-17"",""gender"":""female"",""percentage"":0.000202},{""age"":""35-44"",""gender"":""unknown"",""percentage"":0.001617},{""age"":""45-54"",""gender"":""unknown"",""percentage"":0.00182},{""age"":""45-54"",""gender"":""female"",""percentage"":0.207036},{""age"":""35-44"",""gender"":""female"",""percentage"":0.165184},{""age"":""35-44"",""gender"":""male"",""percentage"":0.190053},{""age"":""55-64"",""gender"":""male"",""percentage"":0.109786},{""age"":""45-54"",""gender"":""male"",""percentage"":0.181561},{""age"":""55-64"",""gender"":""female"",""percentage"":0.141529},{""age"":""55-64"",""gender"":""unknown"",""percentage"":0.001213}","{""region"":""B\u00edo B\u00edo Region"",""percentage"":1}","facebook,instagram","lower_bound: 10001, upper_bound: 50000",es
932977424013460,177384889097855,"Gabriel Boric",2021-12-05,2021-12-05,2021-12-10,"Gabriel Boric Font","Que no necesitemos los bingos y completadas para pagar un tratamiento 🏥, sino para celebrar un país más justo 🎉. 
Por una salud para todos, sin privilegios. Vota Gabriel Boric 1️⃣","Boric Presidente",boricpresidente.cl,"Votemos para hacer realidad un Chile en que nadie quede fuera. Votemos Gabriel Boric Presidente","lower_bound: 7000, upper_bound: 7999","lower_bound: 0, upper_bound: 99",USD,"{""age"":""35-44"",""gender"":""unknown"",""percentage"":0.001545},{""age"":""25-34"",""gender"":""unknown"",""percentage"":0.001082},{""age"":""55-64"",""gender"":""male"",""percentage"":0.030284},{""age"":""25-34"",""gender"":""male"",""percentage"":0.182015},{""age"":""35-44"",""gender"":""female"",""percentage"":0.107077},{""age"":""18-24"",""gender"":""female"",""percentage"":0.108776},{""age"":""18-24"",""gender"":""male"",""percentage"":0.083436},{""age"":""35-44"",""gender"":""male"",""percentage"":0.114957},{""age"":""25-34"",""gender"":""female"",""percentage"":0.1644},{""age"":""45-54"",""gender"":""male"",""percentage"":0.07911},{""age"":""45-54"",""gender"":""female"",""percentage"":0.083127},{""age"":""55-64"",""gender"":""female"",""percentage"":0.042182},{""age"":""45-54"",""gender"":""unknown"",""percentage"":0.001236},{""age"":""55-64"",""gender"":""unknown"",""percentage"":0.000309},{""age"":""18-24"",""gender"":""unknown"",""percentage"":0.000464}","{""region"":""Maule Region"",""percentage"":1}","facebook,instagram","lower_bound: 100001, upper_bound: 500000",es
3137986542992049,177384889097855,"Gabriel Boric",2021-12-05,2021-12-06,2021-12-11,"Gabriel Boric Font","Que la vejez sea para descansar y disfrutar 🫂, no para trabajar porque la pensión no alcanza. Fin a las AFP para una jubilación a los 65 años con un piso de $250.000 mensuales. Para pensiones justas, vota Gabriel Boric 1️⃣","Boric Presidente",boricpresidente.cl,"Votemos para hacer realidad un Chile en que nadie quede fuera. Votemos Gabriel Boric Presidente","lower_bound: 20000, upper_bound: 24999","lower_bound: 0, upper_bound: 99",USD,"{""age"":""13-17"",""gender"":""female"",""percentage"":5.2e-5},{""age"":""18-24"",""gender"":""unknown"",""percentage"":0.002085},{""age"":""25-34"",""gender"":""unknown"",""percentage"":0.00146},{""age"":""55-64"",""gender"":""female"",""percentage"":0.047386},{""age"":""55-64"",""gender"":""male"",""percentage"":0.038576},{""age"":""45-54"",""gender"":""male"",""percentage"":0.078976},{""age"":""25-34"",""gender"":""male"",""percentage"":0.167753},{""age"":""18-24"",""gender"":""male"",""percentage"":0.091487},{""age"":""25-34"",""gender"":""female"",""percentage"":0.15863},{""age"":""18-24"",""gender"":""female"",""percentage"":0.139134},{""age"":""35-44"",""gender"":""female"",""percentage"":0.087838},{""age"":""45-54"",""gender"":""female"",""percentage"":0.08299},{""age"":""35-44"",""gender"":""male"",""percentage"":0.101392},{""age"":""35-44"",""gender"":""unknown"",""percentage"":0.00146},{""age"":""45-54"",""gender"":""unknown"",""percentage"":0.000678},{""age"":""55-64"",""gender"":""unknown"",""percentage"":0.000104}","{""region"":""Maule Region"",""percentage"":1}","facebook,instagram","lower_bound: 100001, upper_bound: 500000",es
1420060031725158,177384889097855,"Gabriel Boric",2021-12-05,2021-12-05,2021-12-11,"Gabriel Boric Font","Las autoridades de gobierno no ganarán más de 5 millones, es decir 10 veces el salario mínimo de $500.000 al que proponemos llegar. Por un Chile sin privilegios, vota Gabriel Boric 1️⃣","Boric Presidente",boricpresidente.cl,"Votemos para hacer realidad un Chile en que nadie quede fuera. Votemos Gabriel Boric Presidente","lower_bound: 1000, upper_bound: 1999","lower_bound: 0, upper_bound: 99",USD,"{""age"":""45-54"",""gender"":""unknown"",""percentage"":0.001692},{""age"":""25-34"",""gender"":""unknown"",""percentage"":0.003384},{""age"":""35-44"",""gender"":""male"",""percentage"":0.090525},{""age"":""18-24"",""gender"":""female"",""percentage"":0.108291},{""age"":""55-64"",""gender"":""male"",""percentage"":0.039763},{""age"":""18-24"",""gender"":""male"",""percentage"":0.07022},{""age"":""35-44"",""gender"":""female"",""percentage"":0.115905},{""age"":""25-34"",""gender"":""female"",""percentage"":0.174281},{""age"":""25-34"",""gender"":""male"",""percentage"":0.161591},{""age"":""55-64"",""gender"":""female"",""percentage"":0.072758},{""age"":""45-54"",""gender"":""female"",""percentage"":0.094755},{""age"":""45-54"",""gender"":""male"",""percentage"":0.062606},{""age"":""35-44"",""gender"":""unknown"",""percentage"":0.001692},{""age"":""18-24"",""gender"":""unknown"",""percentage"":0.002538}","{""region"":""B\u00edo B\u00edo Region"",""percentage"":1}","facebook,instagram","lower_bound: 10001, upper_bound: 50000",es
980052572597055,177384889097855,"Gabriel Boric",2021-12-05,2021-12-06,2021-12-10,"Gabriel Boric Font","Que la vejez sea para descansar y disfrutar 🫂, no para trabajar porque la pensión no alcanza. Fin a las AFP para una jubilación a los 65 años con un piso de $250.000 mensuales. Para pensiones justas, vota Gabriel Boric 1️⃣","Boric Presidente",boricpresidente.cl,"Votemos para hacer realidad un Chile en que nadie quede fuera. Votemos Gabriel Boric Presidente","lower_bound: 5000, upper_bound: 5999","lower_bound: 0, upper_bound: 99",USD,"{""age"":""55-64"",""gender"":""unknown"",""percentage"":0.000484},{""age"":""45-54"",""gender"":""unknown"",""percentage"":0.000969},{""age"":""18-24"",""gender"":""unknown"",""percentage"":0.001211},{""age"":""25-34"",""gender"":""unknown"",""percentage"":0.001211},{""age"":""35-44"",""gender"":""female"",""percentage"":0.088399},{""age"":""25-34"",""gender"":""female"",""percentage"":0.129087},{""age"":""55-64"",""gender"":""male"",""percentage"":0.077501},{""age"":""18-24"",""gender"":""male"",""percentage"":0.066602},{""age"":""25-34"",""gender"":""male"",""percentage"":0.122063},{""age"":""35-44"",""gender"":""male"",""percentage"":0.085977},{""age"":""55-64"",""gender"":""female"",""percentage"":0.105595},{""age"":""45-54"",""gender"":""male"",""percentage"":0.089852},{""age"":""45-54"",""gender"":""female"",""percentage"":0.114071},{""age"":""18-24"",""gender"":""female"",""percentage"":0.116251},{""age"":""35-44"",""gender"":""unknown"",""percentage"":0.000727}","{""region"":""B\u00edo B\u00edo Region"",""percentage"":1}","facebook,instagram","lower_bound: 10001, upper_bound: 50000",es
628635334932536,177384889097855,"Gabriel Boric",2021-12-05,2021-12-05,2021-12-10,"Gabriel Boric Font","Las autoridades de gobierno no ganarán más de 5 millones, es decir 10 veces el salario mínimo de $500.000 al que proponemos llegar. Por un Chile sin privilegios para unos poco, vota Gabriel Boric 1️⃣","Boric Presidente",boricpresidente.cl,"Votemos para hacer realidad un Chile en que nadie quede fuera. Votemos Gabriel Boric Presidente","lower_bound: 2000, upper_bound: 2999","lower_bound: 0, upper_bound: 99",USD,"{""age"":""35-44"",""gender"":""female"",""percentage"":0.13799},{""age"":""25-34"",""gender"":""female"",""percentage"":0.205565},{""age"":""25-34"",""gender"":""male"",""percentage"":0.285065},{""age"":""35-44"",""gender"":""male"",""percentage"":0.169222},{""age"":""45-54"",""gender"":""male"",""percentage"":0.100511},{""age"":""45-54"",""gender"":""female"",""percentage"":0.088018},{""age"":""35-44"",""gender"":""unknown"",""percentage"":0.002271},{""age"":""25-34"",""gender"":""unknown"",""percentage"":0.001704},{""age"":""55-64"",""gender"":""male"",""percentage"":0.005679},{""age"":""55-64"",""gender"":""female"",""percentage"":0.003975}","{""region"":""Antofagasta Region"",""percentage"":1}","facebook,instagram","lower_bound: 10001, upper_bound: 50000",es
638292080519978,177384889097855,"Gabriel Boric",2021-12-05,2021-12-05,2021-12-10,"Gabriel Boric Font","Mayor dotación policial y coordinación con nuestros países vecinos para una migración segura, ordenada y humana. Por un gobierno que cuide nuestras fronteras, vota Gabriel Boric 1️⃣","Boric Presidente",boricpresidente.cl,"Votemos para hacer realidad un Chile en que nadie quede fuera. Votemos Gabriel Boric Presidente","lower_bound: 1000, upper_bound: 1999","lower_bound: 0, upper_bound: 99",USD,"{""age"":""55-64"",""gender"":""female"",""percentage"":0.002092},{""age"":""45-54"",""gender"":""unknown"",""percentage"":0.001046},{""age"":""35-44"",""gender"":""female"",""percentage"":0.128661},{""age"":""35-44"",""gender"":""male"",""percentage"":0.122385},{""age"":""25-34"",""gender"":""female"",""percentage"":0.257322},{""age"":""25-34"",""gender"":""male"",""percentage"":0.33682},{""age"":""45-54"",""gender"":""female"",""percentage"":0.067992},{""age"":""45-54"",""gender"":""male"",""percentage"":0.07636},{""age"":""35-44"",""gender"":""unknown"",""percentage"":0.003138},{""age"":""55-64"",""gender"":""male"",""percentage"":0.004184}","{""region"":""Antofagasta Region"",""percentage"":1}","facebook,instagram","lower_bound: 10001, upper_bound: 50000",es
665339191262099,177384889097855,"Gabriel Boric",2021-12-05,2021-12-05,2021-12-10,"Gabriel Boric Font","Las autoridades de gobierno no ganarán más de 5 millones, es decir 10 veces el salario mínimo de $500.000 al que proponemos llegar. Por un Chile sin privilegios, vota Gabriel Boric 1️⃣","Boric Presidente",boricpresidente.cl,"Votemos para hacer realidad un Chile en que nadie quede fuera. Votemos Gabriel Boric Presidente","lower_bound: 1000, upper_bound: 1999","lower_bound: 0, upper_bound: 99",USD,"{""age"":""25-34"",""gender"":""unknown"",""percentage"":0.001577},{""age"":""35-44"",""gender"":""unknown"",""percentage"":0.000789},{""age"":""25-34"",""gender"":""male"",""percentage"":0.160095},{""age"":""18-24"",""gender"":""male"",""percentage"":0.09858},{""age"":""45-54"",""gender"":""female"",""percentage"":0.093849},{""age"":""18-24"",""gender"":""female"",""percentage"":0.108833},{""age"":""25-34"",""gender"":""female"",""percentage"":0.162461},{""age"":""35-44"",""gender"":""male"",""percentage"":0.076498},{""age"":""35-44"",""gender"":""female"",""percentage"":0.090694},{""age"":""55-64"",""gender"":""female"",""percentage"":0.077287},{""age"":""55-64"",""gender"":""male"",""percentage"":0.049685},{""age"":""45-54"",""gender"":""male"",""percentage"":0.078864},{""age"":""18-24"",""gender"":""unknown"",""percentage"":0.000789}","{""region"":""B\u00edo B\u00edo Region"",""percentage"":1}","facebook,instagram","lower_bound: 10001, upper_bound: 50000",es
2120049804808997,177384889097855,"Gabriel Boric",2021-12-05,2021-12-06,2021-12-10,"Gabriel Boric Font","Que la vejez sea para descansar y disfrutar 🫂, no para trabajar porque la pensión no alcanza. Fin a las AFP para una jubilación a los 65 años con un piso de $250.000 mensuales. Para pensiones justas, vota Gabriel Boric 1️⃣","Boric Presidente",boricpresidente.cl,"Votemos para hacer realidad un Chile en que nadie quede fuera. Votemos Gabriel Boric Presidente","lower_bound: 6000, upper_bound: 6999","lower_bound: 0, upper_bound: 99",USD,"{""age"":""13-17"",""gender"":""female"",""percentage"":0.00018},{""age"":""18-24"",""gender"":""female"",""percentage"":0.119185},{""age"":""25-34"",""gender"":""female"",""percentage"":0.126217},{""age"":""45-54"",""gender"":""female"",""percentage"":0.11648},{""age"":""45-54"",""gender"":""male"",""percentage"":0.097728},{""age"":""35-44"",""gender"":""male"",""percentage"":0.076812},{""age"":""25-34"",""gender"":""male"",""percentage"":0.117021},{""age"":""55-64"",""gender"":""female"",""percentage"":0.108727},{""age"":""55-64"",""gender"":""male"",""percentage"":0.071763},{""age"":""35-44"",""gender"":""female"",""percentage"":0.089614},{""age"":""18-24"",""gender"":""male"",""percentage"":0.072665},{""age"":""45-54"",""gender"":""unknown"",""percentage"":0.000361},{""age"":""55-64"",""gender"":""unknown"",""percentage"":0.00018},{""age"":""25-34"",""gender"":""unknown"",""percentage"":0.001262},{""age"":""18-24"",""gender"":""unknown"",""percentage"":0.001082},{""age"":""35-44"",""gender"":""unknown"",""percentage"":0.000721}","{""region"":""B\u00edo B\u00edo Region"",""percentage"":1}","facebook,instagram","lower_bound: 10001, upper_bound: 50000",es
301119912018986,177384889097855,"Gabriel Boric",2021-12-05,2021-12-05,2021-12-10,"Gabriel Boric Font","Que no necesitemos los bingos y completadas para pagar un tratamiento 🏥, sino para celebrar un país más justo 🎉. 
Por una salud para todos, sin privilegios. Vota Gabriel Boric 1️⃣","Boric Presidente",boricpresidente.cl,"Votemos para hacer realidad un Chile en que nadie quede fuera. Votemos Gabriel Boric Presidente","lower_bound: 1000, upper_bound: 1999","lower_bound: 0, upper_bound: 99",USD,"{""age"":""35-44"",""gender"":""unknown"",""percentage"":0.002209},{""age"":""25-34"",""gender"":""female"",""percentage"":0.176698},{""age"":""25-34"",""gender"":""male"",""percentage"":0.16455},{""age"":""18-24"",""gender"":""female"",""percentage"":0.122584},{""age"":""45-54"",""gender"":""female"",""percentage"":0.09111},{""age"":""18-24"",""gender"":""male"",""percentage"":0.085036},{""age"":""35-44"",""gender"":""female"",""percentage"":0.138045},{""age"":""55-64"",""gender"":""female"",""percentage"":0.046935},{""age"":""45-54"",""gender"":""male"",""percentage"":0.056322},{""age"":""55-64"",""gender"":""male"",""percentage"":0.034235},{""age"":""35-44"",""gender"":""male"",""percentage"":0.081723},{""age"":""25-34"",""gender"":""unknown"",""percentage"":0.000552}","{""region"":""Atacama Region"",""percentage"":1}","facebook,instagram","lower_bound: 10001, upper_bound: 50000",es
1080255216140075,177384889097855,"Gabriel Boric",2021-12-05,2021-12-06,2021-12-10,"Gabriel Boric Font","Que la vejez sea para descansar y disfrutar 🫂, no para trabajar porque la pensión no alcanza. Fin a las AFP para una jubilación a los 65 años con un piso de $250.000 mensuales. Para pensiones justas, vota Gabriel Boric 1️⃣","Boric Presidente",boricpresidente.cl,"Votemos para hacer realidad un Chile en que nadie quede fuera. Votemos Gabriel Boric Presidente","lower_bound: 5000, upper_bound: 5999","lower_bound: 0, upper_bound: 99",USD,"{""age"":""45-54"",""gender"":""unknown"",""percentage"":0.000928},{""age"":""25-34"",""gender"":""unknown"",""percentage"":0.001856},{""age"":""18-24"",""gender"":""male"",""percentage"":0.086775},{""age"":""35-44"",""gender"":""female"",""percentage"":0.103944},{""age"":""55-64"",""gender"":""female"",""percentage"":0.058701},{""age"":""45-54"",""gender"":""male"",""percentage"":0.068677},{""age"":""25-34"",""gender"":""female"",""percentage"":0.176102},{""age"":""25-34"",""gender"":""male"",""percentage"":0.142923},{""age"":""45-54"",""gender"":""female"",""percentage"":0.093503},{""age"":""18-24"",""gender"":""female"",""percentage"":0.136195},{""age"":""55-64"",""gender"":""male"",""percentage"":0.045012},{""age"":""35-44"",""gender"":""male"",""percentage"":0.084223},{""age"":""18-24"",""gender"":""unknown"",""percentage"":0.000696},{""age"":""55-64"",""gender"":""unknown"",""percentage"":0.000464}","{""region"":""Atacama Region"",""percentage"":1}","facebook,instagram","lower_bound: 10001, upper_bound: 50000",es
599540451161592,177384889097855,"Gabriel Boric",2021-12-05,2021-12-06,2021-12-06,"Gabriel Boric Font","Mayor dotación policial y coordinación con nuestros países vecinos para una migración segura, ordenada y humana. Por un gobierno que cuide nuestras fronteras, vota Gabriel Boric 1️⃣,Mayor dotación policial y coordinación con nuestros países vecinos para una migración segura, ordenada y humana. Por un gobierno que cuide nuestras fronteras, vota Gabriel Boric 1️⃣",,boricpresidente.cl,,"lower_bound: 0, upper_bound: 999","lower_bound: 0, upper_bound: 99",USD,"{""age"":""35-44"",""gender"":""unknown"",""percentage"":0.003906},{""age"":""55-64"",""gender"":""male"",""percentage"":0.003906},{""age"":""35-44"",""gender"":""male"",""percentage"":0.175781},{""age"":""45-54"",""gender"":""female"",""percentage"":0.082031},{""age"":""35-44"",""gender"":""female"",""percentage"":0.09375},{""age"":""25-34"",""gender"":""male"",""percentage"":0.304688},{""age"":""25-34"",""gender"":""female"",""percentage"":0.25},{""age"":""45-54"",""gender"":""male"",""percentage"":0.082031},{""age"":""55-64"",""gender"":""female"",""percentage"":0.003906}","{""region"":""Antofagasta Region"",""percentage"":1}","facebook,instagram","lower_bound: 10001, upper_bound: 50000",es
1045915512915754,177384889097855,"Gabriel Boric",2021-12-05,2021-12-05,2021-12-07,"Gabriel Boric Font","Las autoridades de gobierno no ganarán más de 5 millones, es decir 10 veces el salario mínimo de $500.000 al que proponemos llegar. Por un Chile sin privilegios para unos poco, vota Gabriel Boric 1️⃣,Las autoridades de gobierno no ganarán más de 5 millones, es decir 10 veces el salario mínimo de $500.000 al que proponemos llegar. Por un Chile sin privilegios para unos poco, vota Gabriel Boric 1️⃣,Las autoridades de gobierno no ganarán más de 5 millones, es decir 10 veces el salario mínimo de $500.000 al que proponemos llegar. Por un Chile sin privilegios para unos poco, vota Gabriel Boric 1️⃣",,boricpresidente.cl,,"lower_bound: 0, upper_bound: 999","lower_bound: 0, upper_bound: 99",USD,"{""age"":""55-64"",""gender"":""female"",""percentage"":0.023077},{""age"":""55-64"",""gender"":""male"",""percentage"":0.015385},{""age"":""45-54"",""gender"":""female"",""percentage"":0.038462},{""age"":""25-34"",""gender"":""female"",""percentage"":0.3},{""age"":""25-34"",""gender"":""male"",""percentage"":0.307692},{""age"":""45-54"",""gender"":""male"",""percentage"":0.030769},{""age"":""35-44"",""gender"":""female"",""percentage"":0.130769},{""age"":""35-44"",""gender"":""male"",""percentage"":0.153846}","{""region"":""Antofagasta Region"",""percentage"":1}","facebook,instagram","lower_bound: 10001, upper_bound: 50000",es
317714650175999,177384889097855,"Gabriel Boric",2021-12-05,2021-12-06,2021-12-06,"Gabriel Boric Font","Mayor dotación policial y coordinación con nuestros países vecinos para una migración segura, ordenada y humana. Por un gobierno que cuide nuestras fronteras, vota Gabriel Boric 1️⃣,Mayor dotación policial y coordinación con nuestros países vecinos para una migración segura, ordenada y humana. Por un gobierno que cuide nuestras fronteras, vota Gabriel Boric 1️⃣",,boricpresidente.cl,,"lower_bound: 0, upper_bound: 999","lower_bound: 0, upper_bound: 99",USD,,,"facebook,instagram","lower_bound: 10001, upper_bound: 50000",es
3161212610822943,177384889097855,"Gabriel Boric",2021-12-05,2021-12-05,2021-12-06,"Gabriel Boric Font","Las autoridades de gobierno no ganarán más de 5 millones, es decir 10 veces el salario mínimo de $500.000 al que proponemos llegar. Por un Chile sin privilegios para unos poco, vota Gabriel Boric 1️⃣,Las autoridades de gobierno no ganarán más de 5 millones, es decir 10 veces el salario mínimo de $500.000 al que proponemos llegar. Por un Chile sin privilegios para unos poco, vota Gabriel Boric 1️⃣,Las autoridades de gobierno no ganarán más de 5 millones, es decir 10 veces el salario mínimo de $500.000 al que proponemos llegar. Por un Chile sin privilegios para unos poco, vota Gabriel Boric 1️⃣",,boricpresidente.cl,,"lower_bound: 0, upper_bound: 999","lower_bound: 0, upper_bound: 99",USD,,,"facebook,instagram","lower_bound: 10001, upper_bound: 50000",es
613038649746815,177384889097855,"Gabriel Boric",2021-12-05,2021-12-05,2021-12-11,"Gabriel Boric Font","Que no tengamos que viajar para hacer un tratamiento por falta de especialistas 🚗, que solo lo hagamos para conocer y disfrutar 🏖️. Por más hospitales, doctores y consultorios para todos 🏥. Vota Gabriel Boric 1️⃣","Boric Presidente",boricpresidente.cl,"Votemos para hacer realidad un Chile en que nadie quede fuera. Votemos Gabriel Boric Presidente","lower_bound: 8000, upper_bound: 8999","lower_bound: 0, upper_bound: 99",USD,"{""age"":""65+"",""gender"":""unknown"",""percentage"":0.000534},{""age"":""18-24"",""gender"":""female"",""percentage"":0.108977},{""age"":""25-34"",""gender"":""unknown"",""percentage"":0.001867},{""age"":""45-54"",""gender"":""unknown"",""percentage"":0.000934},{""age"":""35-44"",""gender"":""unknown"",""percentage"":0.002001},{""age"":""55-64"",""gender"":""unknown"",""percentage"":0.000934},{""age"":""18-24"",""gender"":""unknown"",""percentage"":0.002801},{""age"":""18-24"",""gender"":""male"",""percentage"":0.096972},{""age"":""55-64"",""gender"":""female"",""percentage"":0.058423},{""age"":""25-34"",""gender"":""male"",""percentage"":0.1658},{""age"":""65+"",""gender"":""male"",""percentage"":0.018941},{""age"":""45-54"",""gender"":""male"",""percentage"":0.068427},{""age"":""45-54"",""gender"":""female"",""percentage"":0.088969},{""age"":""25-34"",""gender"":""female"",""percentage"":0.140456},{""age"":""35-44"",""gender"":""male"",""percentage"":0.086835},{""age"":""35-44"",""gender"":""female"",""percentage"":0.087502},{""age"":""65+"",""gender"":""female"",""percentage"":0.030412},{""age"":""55-64"",""gender"":""male"",""percentage"":0.039082},{""age"":""13-17"",""gender"":""unknown"",""percentage"":0.000133}","{""region"":""Araucan\u00eda Region"",""percentage"":1}","facebook,instagram","lower_bound: 100001, upper_bound: 500000",es
624870521981995,177384889097855,"Gabriel Boric",2021-12-05,2021-12-06,2021-12-11,"Gabriel Boric Font","Que la vejez sea para descansar y disfrutar 🫂, no para trabajar porque la pensión no alcanza. Fin a las AFP para una jubilación a los 65 años con un piso de $250.000 mensuales. Para pensiones justas, vota Gabriel Boric 1️⃣","Boric Presidente",boricpresidente.cl,"Votemos para hacer realidad un Chile en que nadie quede fuera. Votemos Gabriel Boric Presidente","lower_bound: 25000, upper_bound: 29999","lower_bound: 0, upper_bound: 99",USD,"{""age"":""18-24"",""gender"":""unknown"",""percentage"":0.001665},{""age"":""25-34"",""gender"":""male"",""percentage"":0.148722},{""age"":""45-54"",""gender"":""unknown"",""percentage"":0.000937},{""age"":""55-64"",""gender"":""unknown"",""percentage"":0.000729},{""age"":""35-44"",""gender"":""unknown"",""percentage"":0.001561},{""age"":""35-44"",""gender"":""female"",""percentage"":0.085185},{""age"":""65+"",""gender"":""male"",""percentage"":0.01915},{""age"":""55-64"",""gender"":""female"",""percentage"":0.07587},{""age"":""45-54"",""gender"":""male"",""percentage"":0.070667},{""age"":""25-34"",""gender"":""unknown"",""percentage"":0.001405},{""age"":""18-24"",""gender"":""male"",""percentage"":0.080658},{""age"":""55-64"",""gender"":""male"",""percentage"":0.048291},{""age"":""25-34"",""gender"":""female"",""percentage"":0.144351},{""age"":""35-44"",""gender"":""male"",""percentage"":0.083468},{""age"":""18-24"",""gender"":""female"",""percentage"":0.111724},{""age"":""45-54"",""gender"":""female"",""percentage"":0.088567},{""age"":""65+"",""gender"":""female"",""percentage"":0.03679},{""age"":""65+"",""gender"":""unknown"",""percentage"":0.00026}","{""region"":""Araucan\u00eda Region"",""percentage"":1}","facebook,instagram","lower_bound: 100001, upper_bound: 500000",es
641675770297367,177384889097855,"Gabriel Boric",2021-12-05,2021-12-05,2021-12-11,"Gabriel Boric Font","Diálogo para una paz duradera y todo el rigor de la ley contra quien cometa un delito. Para avanzar con justicia y paz, vota Gabriel Boric 1️⃣","Boric Presidente",boricpresidente.cl,"Votemos para hacer realidad un Chile en que nadie quede fuera. Votemos Gabriel Boric Presidente","lower_bound: 10000, upper_bound: 14999","lower_bound: 0, upper_bound: 99",USD,"{""age"":""65+"",""gender"":""unknown"",""percentage"":0.000104},{""age"":""35-44"",""gender"":""female"",""percentage"":0.107452},{""age"":""35-44"",""gender"":""unknown"",""percentage"":0.002606},{""age"":""18-24"",""gender"":""male"",""percentage"":0.084523},{""age"":""25-34"",""gender"":""male"",""percentage"":0.167066},{""age"":""45-54"",""gender"":""male"",""percentage"":0.053048},{""age"":""55-64"",""gender"":""female"",""percentage"":0.053778},{""age"":""25-34"",""gender"":""female"",""percentage"":0.173528},{""age"":""25-34"",""gender"":""unknown"",""percentage"":0.001772},{""age"":""18-24"",""gender"":""unknown"",""percentage"":0.002397},{""age"":""35-44"",""gender"":""male"",""percentage"":0.088484},{""age"":""55-64"",""gender"":""male"",""percentage"":0.025013},{""age"":""18-24"",""gender"":""female"",""percentage"":0.118395},{""age"":""45-54"",""gender"":""female"",""percentage"":0.078791},{""age"":""65+"",""gender"":""female"",""percentage"":0.025951},{""age"":""55-64"",""gender"":""unknown"",""percentage"":0.000938},{""age"":""65+"",""gender"":""male"",""percentage"":0.014382},{""age"":""45-54"",""gender"":""unknown"",""percentage"":0.001772}","{""region"":""Araucan\u00eda Region"",""percentage"":1}","facebook,instagram","lower_bound: 100001, upper_bound: 500000",es
615208976188775,177384889097855,"Gabriel Boric",2021-12-05,2021-12-05,2021-12-10,"Gabriel Boric Font","Que no necesitemos los bingos y completadas para pagar un tratamiento 🏥, sino para celebrar un país más justo 🎉. 
Por una salud para todos, sin privilegios. Vota Gabriel Boric 1️⃣",,boricpresidente.cl,,"lower_bound: 4000, upper_bound: 4999","lower_bound: 0, upper_bound: 99",USD,"{""age"":""55-64"",""gender"":""unknown"",""percentage"":0.000253},{""age"":""45-54"",""gender"":""unknown"",""percentage"":0.000506},{""age"":""25-34"",""gender"":""unknown"",""percentage"":0.000758},{""age"":""18-24"",""gender"":""unknown"",""percentage"":0.001769},{""age"":""35-44"",""gender"":""unknown"",""percentage"":0.002528},{""age"":""55-64"",""gender"":""male"",""percentage"":0.039939},{""age"":""35-44"",""gender"":""male"",""percentage"":0.097826},{""age"":""18-24"",""gender"":""male"",""percentage"":0.097068},{""age"":""55-64"",""gender"":""female"",""percentage"":0.063195},{""age"":""25-34"",""gender"":""female"",""percentage"":0.151921},{""age"":""35-44"",""gender"":""female"",""percentage"":0.104651},{""age"":""18-24"",""gender"":""female"",""percentage"":0.128413},{""age"":""45-54"",""gender"":""female"",""percentage"":0.086198},{""age"":""45-54"",""gender"":""male"",""percentage"":0.064459},{""age"":""25-34"",""gender"":""male"",""percentage"":0.160516}","{""region"":""Santiago Metropolitan Region"",""percentage"":1}","facebook,instagram","lower_bound: 10001, upper_bound: 50000",es
622502828799314,177384889097855,"Gabriel Boric",2021-12-05,2021-12-05,2021-12-10,"Gabriel Boric Font","Que no necesitemos los bingos y completadas para pagar un tratamiento 🏥, sino para celebrar un país más justo 🎉. 
Por una salud para todos, sin privilegios. Vota Gabriel Boric 1️⃣","Boric Presidente",boricpresidente.cl,"Votemos para hacer realidad un Chile en que nadie quede fuera. Votemos Gabriel Boric Presidente","lower_bound: 1000, upper_bound: 1999","lower_bound: 0, upper_bound: 99",USD,"{""age"":""45-54"",""gender"":""unknown"",""percentage"":0.001736},{""age"":""55-64"",""gender"":""male"",""percentage"":0.002604},{""age"":""35-44"",""gender"":""male"",""percentage"":0.157986},{""age"":""25-34"",""gender"":""male"",""percentage"":0.241319},{""age"":""45-54"",""gender"":""female"",""percentage"":0.083333},{""age"":""45-54"",""gender"":""male"",""percentage"":0.06684},{""age"":""35-44"",""gender"":""female"",""percentage"":0.163194},{""age"":""25-34"",""gender"":""female"",""percentage"":0.271701},{""age"":""55-64"",""gender"":""female"",""percentage"":0.009549},{""age"":""25-34"",""gender"":""unknown"",""percentage"":0.000868},{""age"":""35-44"",""gender"":""unknown"",""percentage"":0.000868}","{""region"":""Antofagasta Region"",""percentage"":1}","facebook,instagram","lower_bound: 5001, upper_bound: 10000",es
4893243674020224,177384889097855,"Gabriel Boric",2021-12-05,2021-12-05,2021-12-10,"Gabriel Boric Font","Las autoridades de gobierno no ganarán más de 5 millones, es decir 10 veces el salario mínimo de $500.000 al que proponemos llegar. Por un Chile sin privilegios para unos poco, vota Gabriel Boric 1️⃣","Boric Presidente",boricpresidente.cl,"Votemos para hacer realidad un Chile en que nadie quede fuera. Votemos Gabriel Boric Presidente","lower_bound: 0, upper_bound: 999","lower_bound: 0, upper_bound: 99",USD,"{""age"":""45-54"",""gender"":""unknown"",""percentage"":0.002212},{""age"":""55-64"",""gender"":""female"",""percentage"":0.00885},{""age"":""35-44"",""gender"":""female"",""percentage"":0.139381},{""age"":""25-34"",""gender"":""female"",""percentage"":0.216814},{""age"":""25-34"",""gender"":""male"",""percentage"":0.29646},{""age"":""35-44"",""gender"":""male"",""percentage"":0.172566},{""age"":""45-54"",""gender"":""male"",""percentage"":0.081858},{""age"":""45-54"",""gender"":""female"",""percentage"":0.077434},{""age"":""55-64"",""gender"":""male"",""percentage"":0.004425}","{""region"":""Antofagasta Region"",""percentage"":1}","facebook,instagram","lower_bound: 5001, upper_bound: 10000",es
913285445990200,177384889097855,"Gabriel Boric",2021-12-05,2021-12-05,2021-12-11,"Gabriel Boric Font","Reformar Carabineros para tener más dotación donde más se necesita, con barrios seguros libres de narcotráfico. Vota Gabriel Boric 1️⃣","Boric Presidente",boricpresidente.cl,"Votemos para hacer realidad un Chile en que nadie quede fuera. Votemos Gabriel Boric Presidente","lower_bound: 9000, upper_bound: 9999","lower_bound: 0, upper_bound: 99",USD,"{""age"":""65+"",""gender"":""unknown"",""percentage"":0.000126},{""age"":""25-34"",""gender"":""male"",""percentage"":0.152662},{""age"":""25-34"",""gender"":""unknown"",""percentage"":0.002397},{""age"":""65+"",""gender"":""male"",""percentage"":0.015392},{""age"":""45-54"",""gender"":""female"",""percentage"":0.068004},{""age"":""55-64"",""gender"":""male"",""percentage"":0.040247},{""age"":""18-24"",""gender"":""female"",""percentage"":0.169316},{""age"":""35-44"",""gender"":""female"",""percentage"":0.071032},{""age"":""45-54"",""gender"":""male"",""percentage"":0.058415},{""age"":""45-54"",""gender"":""unknown"",""percentage"":0.000631},{""age"":""18-24"",""gender"":""male"",""percentage"":0.11292},{""age"":""18-24"",""gender"":""unknown"",""percentage"":0.004668},{""age"":""25-34"",""gender"":""female"",""percentage"":0.151274},{""age"":""55-64"",""gender"":""female"",""percentage"":0.053621},{""age"":""65+"",""gender"":""female"",""percentage"":0.020818},{""age"":""35-44"",""gender"":""male"",""percentage"":0.075574},{""age"":""35-44"",""gender"":""unknown"",""percentage"":0.00265},{""age"":""55-64"",""gender"":""unknown"",""percentage"":0.000252}","{""region"":""Santiago Metropolitan Region"",""percentage"":1}","facebook,instagram","lower_bound: 100001, upper_bound: 500000",es
4679080965510876,177384889097855,"Gabriel Boric",2021-12-05,2021-12-05,2021-12-10,"Gabriel Boric Font","Mayor dotación policial y coordinación con nuestros países vecinos para una migración segura, ordenada y humana. Por un gobierno que cuide nuestras fronteras, vota Gabriel Boric 1️⃣","Boric Presidente",boricpresidente.cl,"Votemos para hacer realidad un Chile en que nadie quede fuera. Votemos Gabriel Boric Presidente","lower_bound: 0, upper_bound: 999","lower_bound: 0, upper_bound: 99",USD,"{""age"":""55-64"",""gender"":""female"",""percentage"":0.003521},{""age"":""55-64"",""gender"":""male"",""percentage"":0.003521},{""age"":""45-54"",""gender"":""unknown"",""percentage"":0.003521},{""age"":""35-44"",""gender"":""female"",""percentage"":0.123239},{""age"":""45-54"",""gender"":""male"",""percentage"":0.06338},{""age"":""25-34"",""gender"":""male"",""percentage"":0.341549},{""age"":""25-34"",""gender"":""female"",""percentage"":0.278169},{""age"":""35-44"",""gender"":""male"",""percentage"":0.105634},{""age"":""45-54"",""gender"":""female"",""percentage"":0.073944},{""age"":""35-44"",""gender"":""unknown"",""percentage"":0.003521}","{""region"":""Antofagasta Region"",""percentage"":1}","facebook,instagram","lower_bound: 5001, upper_bound: 10000",es
939130873645893,177384889097855,"Gabriel Boric",2021-12-05,2021-12-05,2021-12-10,"Gabriel Boric Font","Las autoridades de gobierno no ganarán más de 5 millones, es decir 10 veces el salario mínimo de $500.000 al que proponemos llegar. Por un Chile sin privilegios para unos poco, vota Gabriel Boric 1️⃣","Boric Presidente",boricpresidente.cl,"Votemos para hacer realidad un Chile en que nadie quede fuera. Votemos Gabriel Boric Presidente","lower_bound: 1000, upper_bound: 1999","lower_bound: 0, upper_bound: 99",USD,"{""age"":""55-64"",""gender"":""male"",""percentage"":0.036988},{""age"":""18-24"",""gender"":""unknown"",""percentage"":0.005945},{""age"":""45-54"",""gender"":""female"",""percentage"":0.073976},{""age"":""25-34"",""gender"":""female"",""percentage"":0.17107},{""age"":""35-44"",""gender"":""male"",""percentage"":0.093791},{""age"":""45-54"",""gender"":""male"",""percentage"":0.058124},{""age"":""18-24"",""gender"":""male"",""percentage"":0.09247},{""age"":""25-34"",""gender"":""male"",""percentage"":0.185601},{""age"":""18-24"",""gender"":""female"",""percentage"":0.123514},{""age"":""35-44"",""gender"":""female"",""percentage"":0.10568},{""age"":""55-64"",""gender"":""female"",""percentage"":0.046235},{""age"":""25-34"",""gender"":""unknown"",""percentage"":0.003963},{""age"":""35-44"",""gender"":""unknown"",""percentage"":0.002642}","{""region"":""Santiago Metropolitan Region"",""percentage"":1}","facebook,instagram","lower_bound: 10001, upper_bound: 50000",es
639046733913059,177384889097855,"Gabriel Boric",2021-12-05,2021-12-06,2021-12-10,"Gabriel Boric Font","Que la vejez sea para descansar y disfrutar 🫂, no para trabajar porque la pensión no alcanza. Fin a las AFP para una jubilación a los 65 años con un piso de $250.000 mensuales. Para pensiones justas, vota Gabriel Boric 1️⃣","Boric Presidente",boricpresidente.cl,"Votemos para hacer realidad un Chile en que nadie quede fuera. Votemos Gabriel Boric Presidente","lower_bound: 8000, upper_bound: 8999","lower_bound: 0, upper_bound: 99",USD,"{""age"":""35-44"",""gender"":""unknown"",""percentage"":0.001067},{""age"":""55-64"",""gender"":""male"",""percentage"":0.052744},{""age"":""45-54"",""gender"":""unknown"",""percentage"":0.000457},{""age"":""65+"",""gender"":""male"",""percentage"":0.017226},{""age"":""55-64"",""gender"":""female"",""percentage"":0.061585},{""age"":""18-24"",""gender"":""male"",""percentage"":0.091311},{""age"":""25-34"",""gender"":""female"",""percentage"":0.146189},{""age"":""35-44"",""gender"":""female"",""percentage"":0.091616},{""age"":""25-34"",""gender"":""male"",""percentage"":0.143598},{""age"":""25-34"",""gender"":""unknown"",""percentage"":0.000915},{""age"":""45-54"",""gender"":""female"",""percentage"":0.083994},{""age"":""45-54"",""gender"":""male"",""percentage"":0.072409},{""age"":""18-24"",""gender"":""female"",""percentage"":0.11936},{""age"":""65+"",""gender"":""female"",""percentage"":0.023476},{""age"":""35-44"",""gender"":""male"",""percentage"":0.092226},{""age"":""18-24"",""gender"":""unknown"",""percentage"":0.001677},{""age"":""13-17"",""gender"":""female"",""percentage"":0.000152}","{""region"":""O'Higgins Region"",""percentage"":1}","facebook,instagram","lower_bound: 10001, upper_bound: 50000",es
278492320771958,177384889097855,"Gabriel Boric",2021-12-05,2021-12-05,2021-12-11,"Gabriel Boric Font","Que no necesitemos los bingos y completadas para pagar un tratamiento 🏥, sino para celebrar un país más justo 🎉. 
Por una salud para todos, sin privilegios. Vota Gabriel Boric 1️⃣",,boricpresidente.cl,,"lower_bound: 3000, upper_bound: 3999","lower_bound: 0, upper_bound: 99",USD,"{""age"":""25-34"",""gender"":""unknown"",""percentage"":0.001064},{""age"":""65+"",""gender"":""female"",""percentage"":0.019149},{""age"":""55-64"",""gender"":""male"",""percentage"":0.04539},{""age"":""35-44"",""gender"":""female"",""percentage"":0.09539},{""age"":""35-44"",""gender"":""male"",""percentage"":0.08617},{""age"":""18-24"",""gender"":""female"",""percentage"":0.118085},{""age"":""55-64"",""gender"":""female"",""percentage"":0.057801},{""age"":""25-34"",""gender"":""female"",""percentage"":0.152128},{""age"":""25-34"",""gender"":""male"",""percentage"":0.158156},{""age"":""45-54"",""gender"":""female"",""percentage"":0.083688},{""age"":""45-54"",""gender"":""male"",""percentage"":0.068794},{""age"":""18-24"",""gender"":""male"",""percentage"":0.095745},{""age"":""65+"",""gender"":""male"",""percentage"":0.015248},{""age"":""18-24"",""gender"":""unknown"",""percentage"":0.001064},{""age"":""35-44"",""gender"":""unknown"",""percentage"":0.002128}","{""region"":""O'Higgins Region"",""percentage"":1}","facebook,instagram","lower_bound: 10001, upper_bound: 50000",es
642863283408648,177384889097855,"Gabriel Boric",2021-12-05,2021-12-05,2021-12-10,"Gabriel Boric Font","Que no necesitemos los bingos y completadas para pagar un tratamiento 🏥, sino para celebrar un país más justo 🎉. 
Por una salud para todos, sin privilegios. Vota Gabriel Boric 1️⃣","Boric Presidente",boricpresidente.cl,"Votemos para hacer realidad un Chile en que nadie quede fuera. Votemos Gabriel Boric Presidente","lower_bound: 1000, upper_bound: 1999","lower_bound: 0, upper_bound: 99",USD,"{""age"":""45-54"",""gender"":""unknown"",""percentage"":0.000829},{""age"":""35-44"",""gender"":""unknown"",""percentage"":0.000829},{""age"":""18-24"",""gender"":""male"",""percentage"":0.067164},{""age"":""45-54"",""gender"":""female"",""percentage"":0.084577},{""age"":""35-44"",""gender"":""female"",""percentage"":0.123549},{""age"":""25-34"",""gender"":""male"",""percentage"":0.161692},{""age"":""25-34"",""gender"":""female"",""percentage"":0.187396},{""age"":""35-44"",""gender"":""male"",""percentage"":0.097844},{""age"":""55-64"",""gender"":""female"",""percentage"":0.047264},{""age"":""18-24"",""gender"":""female"",""percentage"":0.13267},{""age"":""55-64"",""gender"":""male"",""percentage"":0.025705},{""age"":""45-54"",""gender"":""male"",""percentage"":0.067164},{""age"":""18-24"",""gender"":""unknown"",""percentage"":0.000829},{""age"":""25-34"",""gender"":""unknown"",""percentage"":0.002488}","{""region"":""Valpara\u00edso Region"",""percentage"":1}","facebook,instagram","lower_bound: 10001, upper_bound: 50000",es
1095800697903285,177384889097855,"Gabriel Boric",2021-12-05,2021-12-06,2021-12-10,"Gabriel Boric Font","La mochila de los chilenos debe ser de aprendizajes 🎒 y no de deudas para alcanzar los sueños. Por una educación gratuita y de calidad, para poner fin al CAE y condonar la deuda histórica de los profesores, vota Gabriel Boric 1️⃣","Boric Presidente",boricpresidente.cl,"Votemos para hacer realidad un Chile en que nadie quede fuera. Votemos Gabriel Boric Presidente","lower_bound: 0, upper_bound: 999","lower_bound: 0, upper_bound: 99",USD,"{""age"":""18-24"",""gender"":""unknown"",""percentage"":0.002232},{""age"":""55-64"",""gender"":""female"",""percentage"":0.053571},{""age"":""45-54"",""gender"":""unknown"",""percentage"":0.008929},{""age"":""25-34"",""gender"":""female"",""percentage"":0.180804},{""age"":""35-44"",""gender"":""male"",""percentage"":0.102679},{""age"":""25-34"",""gender"":""male"",""percentage"":0.167411},{""age"":""18-24"",""gender"":""female"",""percentage"":0.116071},{""age"":""35-44"",""gender"":""female"",""percentage"":0.120536},{""age"":""18-24"",""gender"":""male"",""percentage"":0.091518},{""age"":""45-54"",""gender"":""male"",""percentage"":0.069196},{""age"":""45-54"",""gender"":""female"",""percentage"":0.069196},{""age"":""55-64"",""gender"":""male"",""percentage"":0.017857}","{""region"":""Valpara\u00edso Region"",""percentage"":1}","facebook,instagram","lower_bound: 10001, upper_bound: 50000",es
637347284104663,177384889097855,"Gabriel Boric",2021-12-05,2021-12-06,2021-12-10,"Gabriel Boric Font","Que la vejez sea para descansar y disfrutar 🫂, no para trabajar porque la pensión no alcanza. Fin a las AFP para una jubilación a los 65 años con un piso de $250.000 mensuales. Para pensiones justas, vota Gabriel Boric 1️⃣","Boric Presidente",boricpresidente.cl,"Votemos para hacer realidad un Chile en que nadie quede fuera. Votemos Gabriel Boric Presidente","lower_bound: 2000, upper_bound: 2999","lower_bound: 0, upper_bound: 99",USD,"{""age"":""25-34"",""gender"":""unknown"",""percentage"":0.001416},{""age"":""35-44"",""gender"":""unknown"",""percentage"":0.001416},{""age"":""55-64"",""gender"":""male"",""percentage"":0.032563},{""age"":""18-24"",""gender"":""female"",""percentage"":0.119868},{""age"":""55-64"",""gender"":""female"",""percentage"":0.055215},{""age"":""35-44"",""gender"":""female"",""percentage"":0.118924},{""age"":""45-54"",""gender"":""female"",""percentage"":0.095328},{""age"":""25-34"",""gender"":""male"",""percentage"":0.15479},{""age"":""35-44"",""gender"":""male"",""percentage"":0.100519},{""age"":""45-54"",""gender"":""male"",""percentage"":0.078811},{""age"":""18-24"",""gender"":""male"",""percentage"":0.08353},{""age"":""25-34"",""gender"":""female"",""percentage"":0.15479},{""age"":""18-24"",""gender"":""unknown"",""percentage"":0.000944},{""age"":""45-54"",""gender"":""unknown"",""percentage"":0.001888}","{""region"":""Valpara\u00edso Region"",""percentage"":1}","facebook,instagram","lower_bound: 10001, upper_bound: 50000",es
417886893400485,177384889097855,"Gabriel Boric",2021-12-05,2021-12-05,2021-12-10,"Gabriel Boric Font","Reformar Carabineros para tener más dotación donde más se necesita, con barrios seguros libres de narcotráfico. Vota Gabriel Boric 1️⃣","Boric Presidente",boricpresidente.cl,"Votemos para hacer realidad un Chile en que nadie quede fuera. Votemos Gabriel Boric Presidente","lower_bound: 0, upper_bound: 999","lower_bound: 0, upper_bound: 99",USD,,,"facebook,instagram","lower_bound: 100, upper_bound: 1000",es
326202809066377,177384889097855,"Gabriel Boric",2021-12-05,2021-12-05,2021-12-10,"Gabriel Boric Font","Que nunca más tengas que esperar horas para recibir tus remedios 💊, una salud digna donde los medicamentos se entreguen a domicilio 🚐. Vota Gabriel Boric 1️⃣","Boric Presidente",boricpresidente.cl,"Votemos para hacer realidad un Chile en que nadie quede fuera. Votemos Gabriel Boric Presidente","lower_bound: 0, upper_bound: 999","lower_bound: 0, upper_bound: 99",USD,,,"facebook,instagram","lower_bound: 100, upper_bound: 1000",es
859955134691405,177384889097855,"Gabriel Boric",2021-12-05,2021-12-06,2021-12-10,"Gabriel Boric Font","Que la vejez sea para descansar y disfrutar 🫂, no para trabajar porque la pensión no alcanza. Fin a las AFP para una jubilación a los 65 años con un piso de $250.000 mensuales. Para pensiones justas, vota Gabriel Boric 1️⃣","Boric Presidente",boricpresidente.cl,"Votemos para hacer realidad un Chile en que nadie quede fuera. Votemos Gabriel Boric Presidente","lower_bound: 0, upper_bound: 999","lower_bound: 0, upper_bound: 99",USD,"{""age"":""65+"",""gender"":""female"",""percentage"":0.282407},{""age"":""65+"",""gender"":""male"",""percentage"":0.226852},{""age"":""55-64"",""gender"":""female"",""percentage"":0.300926},{""age"":""55-64"",""gender"":""male"",""percentage"":0.189815}","{""region"":""Valpara\u00edso Region"",""percentage"":1}","facebook,instagram","lower_bound: 100, upper_bound: 1000",es
273721774794939,177384889097855,"Gabriel Boric",2021-12-05,2021-12-06,2021-12-10,"Gabriel Boric Font","La mochila de los chilenos debe ser de aprendizajes 🎒 y no de deudas para alcanzar los sueños. Por una educación gratuita y de calidad, para poner fin al CAE y condonar la deuda histórica de los profesores, vota Gabriel Boric 1️⃣","Boric Presidente",boricpresidente.cl,"Votemos para hacer realidad un Chile en que nadie quede fuera. Votemos Gabriel Boric Presidente","lower_bound: 2000, upper_bound: 2999","lower_bound: 0, upper_bound: 99",USD,"{""age"":""18-24"",""gender"":""unknown"",""percentage"":0.004255},{""age"":""25-34"",""gender"":""female"",""percentage"":0.142021},{""age"":""35-44"",""gender"":""unknown"",""percentage"":0.001596},{""age"":""65+"",""gender"":""unknown"",""percentage"":0.001064},{""age"":""35-44"",""gender"":""female"",""percentage"":0.063298},{""age"":""35-44"",""gender"":""male"",""percentage"":0.083511},{""age"":""25-34"",""gender"":""male"",""percentage"":0.144681},{""age"":""18-24"",""gender"":""male"",""percentage"":0.148936},{""age"":""55-64"",""gender"":""male"",""percentage"":0.04734},{""age"":""13-17"",""gender"":""female"",""percentage"":0.000532},{""age"":""65+"",""gender"":""male"",""percentage"":0.023404},{""age"":""45-54"",""gender"":""male"",""percentage"":0.061702},{""age"":""18-24"",""gender"":""female"",""percentage"":0.178191},{""age"":""45-54"",""gender"":""female"",""percentage"":0.051596},{""age"":""55-64"",""gender"":""female"",""percentage"":0.034574},{""age"":""65+"",""gender"":""female"",""percentage"":0.012234},{""age"":""25-34"",""gender"":""unknown"",""percentage"":0.001064}","{""region"":""O'Higgins Region"",""percentage"":1}","facebook,instagram","lower_bound: 10001, upper_bound: 50000",es
626959531676977,177384889097855,"Gabriel Boric",2021-12-05,2021-12-05,2021-12-10,"Gabriel Boric Font","Que no necesitemos los bingos y completadas para pagar un tratamiento 🏥, sino para celebrar un país más justo 🎉. 
Por una salud para todos, sin privilegios. Vota Gabriel Boric 1️⃣","Boric Presidente",boricpresidente.cl,"Votemos para hacer realidad un Chile en que nadie quede fuera. Votemos Gabriel Boric Presidente","lower_bound: 3000, upper_bound: 3999","lower_bound: 0, upper_bound: 99",USD,"{""age"":""55-64"",""gender"":""male"",""percentage"":0.019925},{""age"":""25-34"",""gender"":""male"",""percentage"":0.149624},{""age"":""45-54"",""gender"":""male"",""percentage"":0.06391},{""age"":""35-44"",""gender"":""unknown"",""percentage"":0.00188},{""age"":""55-64"",""gender"":""female"",""percentage"":0.040977},{""age"":""35-44"",""gender"":""female"",""percentage"":0.128947},{""age"":""35-44"",""gender"":""male"",""percentage"":0.089098},{""age"":""18-24"",""gender"":""female"",""percentage"":0.130827},{""age"":""18-24"",""gender"":""male"",""percentage"":0.075564},{""age"":""25-34"",""gender"":""female"",""percentage"":0.187594},{""age"":""25-34"",""gender"":""unknown"",""percentage"":0.000752},{""age"":""45-54"",""gender"":""female"",""percentage"":0.109398},{""age"":""45-54"",""gender"":""unknown"",""percentage"":0.001128},{""age"":""18-24"",""gender"":""unknown"",""percentage"":0.000376}","{""region"":""Maule Region"",""percentage"":1}","facebook,instagram","lower_bound: 10001, upper_bound: 50000",es
638002600563774,177384889097855,"Gabriel Boric",2021-12-05,2021-12-06,2021-12-10,"Gabriel Boric Font","Que la vejez sea para descansar y disfrutar 🫂, no para trabajar porque la pensión no alcanza. Fin a las AFP para una jubilación a los 65 años con un piso de $250.000 mensuales. Para pensiones justas, vota Gabriel Boric 1️⃣","Boric Presidente",boricpresidente.cl,"Votemos para hacer realidad un Chile en que nadie quede fuera. Votemos Gabriel Boric Presidente","lower_bound: 2000, upper_bound: 2999","lower_bound: 0, upper_bound: 99",USD,"{""age"":""45-54"",""gender"":""male"",""percentage"":0.102199},{""age"":""35-44"",""gender"":""female"",""percentage"":0.096906},{""age"":""55-64"",""gender"":""male"",""percentage"":0.048046},{""age"":""18-24"",""gender"":""male"",""percentage"":0.078176},{""age"":""25-34"",""gender"":""female"",""percentage"":0.149023},{""age"":""35-44"",""gender"":""male"",""percentage"":0.101792},{""age"":""45-54"",""gender"":""female"",""percentage"":0.114007},{""age"":""55-64"",""gender"":""female"",""percentage"":0.054153},{""age"":""18-24"",""gender"":""female"",""percentage"":0.093241},{""age"":""25-34"",""gender"":""male"",""percentage"":0.158795},{""age"":""25-34"",""gender"":""unknown"",""percentage"":0.000814},{""age"":""35-44"",""gender"":""unknown"",""percentage"":0.001221},{""age"":""55-64"",""gender"":""unknown"",""percentage"":0.000407},{""age"":""45-54"",""gender"":""unknown"",""percentage"":0.001221}","{""region"":""Maule Region"",""percentage"":1}","facebook,instagram","lower_bound: 10001, upper_bound: 50000",es
2053310654832539,177384889097855,"Gabriel Boric",2021-12-05,2021-12-05,2021-12-10,"Gabriel Boric Font","Reformar Carabineros para tener más dotación donde más se necesita, con barrios seguros libres de narcotráfico. Vota Gabriel Boric 1️⃣","Boric Presidente",boricpresidente.cl,"Votemos para hacer realidad un Chile en que nadie quede fuera. Votemos Gabriel Boric Presidente","lower_bound: 1000, upper_bound: 1999","lower_bound: 0, upper_bound: 99",USD,"{""age"":""18-24"",""gender"":""unknown"",""percentage"":0.003976},{""age"":""45-54"",""gender"":""male"",""percentage"":0.062624},{""age"":""35-44"",""gender"":""female"",""percentage"":0.087475},{""age"":""25-34"",""gender"":""male"",""percentage"":0.162028},{""age"":""55-64"",""gender"":""female"",""percentage"":0.022863},{""age"":""18-24"",""gender"":""female"",""percentage"":0.180915},{""age"":""25-34"",""gender"":""female"",""percentage"":0.192843},{""age"":""35-44"",""gender"":""male"",""percentage"":0.091451},{""age"":""18-24"",""gender"":""male"",""percentage"":0.105368},{""age"":""55-64"",""gender"":""male"",""percentage"":0.025845},{""age"":""45-54"",""gender"":""female"",""percentage"":0.059642},{""age"":""25-34"",""gender"":""unknown"",""percentage"":0.000994},{""age"":""45-54"",""gender"":""unknown"",""percentage"":0.000994},{""age"":""35-44"",""gender"":""unknown"",""percentage"":0.002982}","{""region"":""Maule Region"",""percentage"":1}","facebook,instagram","lower_bound: 10001, upper_bound: 50000",es
1356180141562286,177384889097855,"Gabriel Boric",2021-12-05,2021-12-05,2021-12-10,"Gabriel Boric Font","Que nunca más tengas que esperar horas para recibir tus remedios 💊, una salud digna donde los medicamentos se entreguen a domicilio 🚐. Vota Gabriel Boric 1️⃣","Boric Presidente",boricpresidente.cl,"Votemos para hacer realidad un Chile en que nadie quede fuera. Votemos Gabriel Boric Presidente","lower_bound: 0, upper_bound: 999","lower_bound: 0, upper_bound: 99",USD,"{""age"":""55-64"",""gender"":""female"",""percentage"":0.336735},{""age"":""65+"",""gender"":""female"",""percentage"":0.22449},{""age"":""65+"",""gender"":""male"",""percentage"":0.265306},{""age"":""55-64"",""gender"":""male"",""percentage"":0.173469}","{""region"":""Maule Region"",""percentage"":1}","facebook,instagram","lower_bound: 1001, upper_bound: 5000",es
825364844898672,177384889097855,"Gabriel Boric",2021-12-05,2021-12-06,2021-12-10,"Gabriel Boric Font","Que la vejez sea para descansar y disfrutar 🫂, no para trabajar porque la pensión no alcanza. Fin a las AFP para una jubilación a los 65 años con un piso de $250.000 mensuales. Para pensiones justas, vota Gabriel Boric 1️⃣","Boric Presidente",boricpresidente.cl,"Votemos para hacer realidad un Chile en que nadie quede fuera. Votemos Gabriel Boric Presidente","lower_bound: 0, upper_bound: 999","lower_bound: 0, upper_bound: 99",USD,"{""age"":""65+"",""gender"":""unknown"",""percentage"":0.003257},{""age"":""55-64"",""gender"":""male"",""percentage"":0.214984},{""age"":""55-64"",""gender"":""female"",""percentage"":0.289902},{""age"":""65+"",""gender"":""male"",""percentage"":0.221498},{""age"":""65+"",""gender"":""female"",""percentage"":0.270358}","{""region"":""Maule Region"",""percentage"":1}","facebook,instagram","lower_bound: 1001, upper_bound: 5000",es
4429764097122802,177384889097855,"Gabriel Boric",2021-12-05,2021-12-05,2021-12-10,"Gabriel Boric Font","Reformar Carabineros para tener más dotación donde más se necesita, con barrios seguros libres de narcotráfico. Vota Gabriel Boric 1️⃣","Boric Presidente",boricpresidente.cl,"Votemos para hacer realidad un Chile en que nadie quede fuera. Votemos Gabriel Boric Presidente","lower_bound: 0, upper_bound: 999","lower_bound: 0, upper_bound: 99",USD,,,"facebook,instagram","lower_bound: 1001, upper_bound: 5000",es
1563537120711983,177384889097855,"Gabriel Boric",2021-12-05,2021-12-06,2021-12-11,"Gabriel Boric Font","Que la vejez sea para descansar y disfrutar 🫂, no para trabajar porque la pensión no alcanza. Fin a las AFP para una jubilación a los 65 años con un piso de $250.000 mensuales. Para pensiones justas, vota Gabriel Boric 1️⃣","Boric Presidente",boricpresidente.cl,"Votemos para hacer realidad un Chile en que nadie quede fuera. Votemos Gabriel Boric Presidente","lower_bound: 8000, upper_bound: 8999","lower_bound: 0, upper_bound: 99",USD,"{""age"":""55-64"",""gender"":""unknown"",""percentage"":0.000149},{""age"":""25-34"",""gender"":""unknown"",""percentage"":0.00224},{""age"":""35-44"",""gender"":""male"",""percentage"":0.091995},{""age"":""18-24"",""gender"":""female"",""percentage"":0.124552},{""age"":""55-64"",""gender"":""male"",""percentage"":0.050179},{""age"":""18-24"",""gender"":""male"",""percentage"":0.090651},{""age"":""35-44"",""gender"":""female"",""percentage"":0.108124},{""age"":""45-54"",""gender"":""female"",""percentage"":0.086768},{""age"":""45-54"",""gender"":""male"",""percentage"":0.078405},{""age"":""25-34"",""gender"":""male"",""percentage"":0.15009},{""age"":""25-34"",""gender"":""female"",""percentage"":0.144415},{""age"":""55-64"",""gender"":""female"",""percentage"":0.067652},{""age"":""45-54"",""gender"":""unknown"",""percentage"":0.000597},{""age"":""18-24"",""gender"":""unknown"",""percentage"":0.003286},{""age"":""35-44"",""gender"":""unknown"",""percentage"":0.000896}","{""region"":""Santiago Metropolitan Region"",""percentage"":1}","facebook,instagram","lower_bound: 10001, upper_bound: 50000",es
353366823217227,177384889097855,"Gabriel Boric",2021-12-05,2021-12-06,2021-12-06,"Gabriel Boric Font","Que no necesitemos los bingos y completadas para pagar un tratamiento 🏥, sino para celebrar un país más justo 🎉. 
Por una salud para todos, sin privilegios. Vota Gabriel Boric 1️⃣",,boricpresidente.cl,,"lower_bound: 1000, upper_bound: 1999","lower_bound: 0, upper_bound: 99",USD,"{""age"":""25-34"",""gender"":""unknown"",""percentage"":0.002018},{""age"":""35-44"",""gender"":""unknown"",""percentage"":0.001009},{""age"":""18-24"",""gender"":""female"",""percentage"":0.128153},{""age"":""18-24"",""gender"":""male"",""percentage"":0.08779},{""age"":""45-54"",""gender"":""female"",""percentage"":0.086781},{""age"":""25-34"",""gender"":""female"",""percentage"":0.159435},{""age"":""35-44"",""gender"":""female"",""percentage"":0.107972},{""age"":""55-64"",""gender"":""female"",""percentage"":0.0444},{""age"":""25-34"",""gender"":""male"",""percentage"":0.172553},{""age"":""35-44"",""gender"":""male"",""percentage"":0.103935},{""age"":""45-54"",""gender"":""male"",""percentage"":0.071645},{""age"":""55-64"",""gender"":""male"",""percentage"":0.032291},{""age"":""18-24"",""gender"":""unknown"",""percentage"":0.002018}","{""region"":""Santiago Metropolitan Region"",""percentage"":1}","facebook,instagram","lower_bound: 10001, upper_bound: 50000",es
422441396019982,177384889097855,"Gabriel Boric",2021-12-05,2021-12-06,2021-12-11,"Gabriel Boric Font","Que la vejez sea para descansar y disfrutar 🫂, no para trabajar porque la pensión no alcanza. Fin a las AFP para una jubilación a los 65 años con un piso de $250.000 mensuales. Para pensiones justas, vota Gabriel Boric 1️⃣","Boric Presidente",boricpresidente.cl,"Votemos para hacer realidad un Chile en que nadie quede fuera. Votemos Gabriel Boric Presidente","lower_bound: 9000, upper_bound: 9999","lower_bound: 0, upper_bound: 99",USD,"{""age"":""18-24"",""gender"":""unknown"",""percentage"":0.002023},{""age"":""35-44"",""gender"":""unknown"",""percentage"":0.002293},{""age"":""45-54"",""gender"":""female"",""percentage"":0.10062},{""age"":""35-44"",""gender"":""female"",""percentage"":0.0959},{""age"":""18-24"",""gender"":""female"",""percentage"":0.133801},{""age"":""35-44"",""gender"":""male"",""percentage"":0.091044},{""age"":""25-34"",""gender"":""male"",""percentage"":0.147963},{""age"":""45-54"",""gender"":""male"",""percentage"":0.075533},{""age"":""55-64"",""gender"":""male"",""percentage"":0.036822},{""age"":""25-34"",""gender"":""unknown"",""percentage"":0.001888},{""age"":""18-24"",""gender"":""male"",""percentage"":0.090504},{""age"":""25-34"",""gender"":""female"",""percentage"":0.156596},{""age"":""55-64"",""gender"":""female"",""percentage"":0.064203},{""age"":""45-54"",""gender"":""unknown"",""percentage"":0.000809}","{""region"":""Santiago Metropolitan Region"",""percentage"":1}","facebook,instagram","lower_bound: 10001, upper_bound: 50000",es
438229631075196,177384889097855,"Gabriel Boric",2021-12-05,2021-12-05,2021-12-10,"Gabriel Boric Font","Reformar Carabineros para tener más dotación donde más se necesita, con barrios seguros libres de narcotráfico. Vota Gabriel Boric 1️⃣","Boric Presidente",boricpresidente.cl,"Votemos para hacer realidad un Chile en que nadie quede fuera. Votemos Gabriel Boric Presidente","lower_bound: 3000, upper_bound: 3999","lower_bound: 0, upper_bound: 99",USD,"{""age"":""18-24"",""gender"":""unknown"",""percentage"":0.001791},{""age"":""18-24"",""gender"":""female"",""percentage"":0.139958},{""age"":""25-34"",""gender"":""female"",""percentage"":0.171591},{""age"":""25-34"",""gender"":""male"",""percentage"":0.170695},{""age"":""18-24"",""gender"":""male"",""percentage"":0.100865},{""age"":""45-54"",""gender"":""female"",""percentage"":0.076992},{""age"":""35-44"",""gender"":""female"",""percentage"":0.103551},{""age"":""35-44"",""gender"":""male"",""percentage"":0.105043},{""age"":""55-64"",""gender"":""female"",""percentage"":0.042972},{""age"":""45-54"",""gender"":""male"",""percentage"":0.056998},{""age"":""55-64"",""gender"":""male"",""percentage"":0.025067},{""age"":""35-44"",""gender"":""unknown"",""percentage"":0.001492},{""age"":""25-34"",""gender"":""unknown"",""percentage"":0.002089},{""age"":""45-54"",""gender"":""unknown"",""percentage"":0.000895}","{""region"":""Santiago Metropolitan Region"",""percentage"":1}","facebook,instagram","lower_bound: 10001, upper_bound: 50000",es
919310845363420,177384889097855,"Gabriel Boric",2021-12-05,2021-12-05,2021-12-10,"Gabriel Boric Font","Diálogo para una paz duradera y todo el rigor de la ley contra quien cometa un delito. Para avanzar con justicia y paz, vota Gabriel Boric 1️⃣","Boric Presidente",boricpresidente.cl,"Votemos para hacer realidad un Chile en que nadie quede fuera. Votemos Gabriel Boric Presidente","lower_bound: 4000, upper_bound: 4999","lower_bound: 0, upper_bound: 99",USD,"{""age"":""45-54"",""gender"":""unknown"",""percentage"":0.000255},{""age"":""55-64"",""gender"":""male"",""percentage"":0.061864},{""age"":""35-44"",""gender"":""male"",""percentage"":0.074338},{""age"":""18-24"",""gender"":""male"",""percentage"":0.092159},{""age"":""45-54"",""gender"":""female"",""percentage"":0.105397},{""age"":""18-24"",""gender"":""female"",""percentage"":0.134165},{""age"":""35-44"",""gender"":""female"",""percentage"":0.092923},{""age"":""25-34"",""gender"":""female"",""percentage"":0.136711},{""age"":""25-34"",""gender"":""male"",""percentage"":0.127291},{""age"":""55-64"",""gender"":""female"",""percentage"":0.094705},{""age"":""45-54"",""gender"":""male"",""percentage"":0.073829},{""age"":""35-44"",""gender"":""unknown"",""percentage"":0.001527},{""age"":""18-24"",""gender"":""unknown"",""percentage"":0.0028},{""age"":""25-34"",""gender"":""unknown"",""percentage"":0.002037}","{""region"":""B\u00edo B\u00edo Region"",""percentage"":1}","facebook,instagram","lower_bound: 10001, upper_bound: 50000",es
964976754090301,177384889097855,"Gabriel Boric",2021-12-05,2021-12-05,2021-12-10,"Gabriel Boric Font","Que nunca más tengas que esperar horas para recibir tus remedios 💊, una salud digna donde los medicamentos se entreguen a domicilio 🚐. Vota Gabriel Boric 1️⃣","Boric Presidente",boricpresidente.cl,"Votemos para hacer realidad un Chile en que nadie quede fuera. Votemos Gabriel Boric Presidente","lower_bound: 0, upper_bound: 999","lower_bound: 0, upper_bound: 99",USD,"{""age"":""13-17"",""gender"":""male"",""percentage"":0.004525},{""age"":""55-64"",""gender"":""female"",""percentage"":0.235294},{""age"":""55-64"",""gender"":""male"",""percentage"":0.221719},{""age"":""65+"",""gender"":""male"",""percentage"":0.266968},{""age"":""65+"",""gender"":""female"",""percentage"":0.262443},{""age"":""65+"",""gender"":""unknown"",""percentage"":0.00905}","{""region"":""Santiago Metropolitan Region"",""percentage"":1}","facebook,instagram","lower_bound: 1001, upper_bound: 5000",es
277656207650091,177384889097855,"Gabriel Boric",2021-12-05,2021-12-05,2021-12-10,"Gabriel Boric Font","Reformar Carabineros para tener más dotación donde más se necesita, con barrios seguros libres de narcotráfico. Vota Gabriel Boric 1️⃣","Boric Presidente",boricpresidente.cl,"Votemos para hacer realidad un Chile en que nadie quede fuera. Votemos Gabriel Boric Presidente","lower_bound: 0, upper_bound: 999","lower_bound: 0, upper_bound: 99",USD,"{""age"":""55-64"",""gender"":""male"",""percentage"":0.215139},{""age"":""65+"",""gender"":""female"",""percentage"":0.23506},{""age"":""55-64"",""gender"":""female"",""percentage"":0.358566},{""age"":""65+"",""gender"":""male"",""percentage"":0.187251},{""age"":""65+"",""gender"":""unknown"",""percentage"":0.003984}","{""region"":""Santiago Metropolitan Region"",""percentage"":1}","facebook,instagram","lower_bound: 1001, upper_bound: 5000",es
282481223686640,177384889097855,"Gabriel Boric",2021-12-05,2021-12-06,2021-12-10,"Gabriel Boric Font","Que la vejez sea para descansar y disfrutar 🫂, no para trabajar porque la pensión no alcanza. Fin a las AFP para una jubilación a los 65 años con un piso de $250.000 mensuales. Para pensiones justas, vota Gabriel Boric 1️⃣","Boric Presidente",boricpresidente.cl,"Votemos para hacer realidad un Chile en que nadie quede fuera. Votemos Gabriel Boric Presidente","lower_bound: 1000, upper_bound: 1999","lower_bound: 0, upper_bound: 99",USD,"{""age"":""65+"",""gender"":""male"",""percentage"":0.181699},{""age"":""65+"",""gender"":""female"",""percentage"":0.279739},{""age"":""55-64"",""gender"":""female"",""percentage"":0.332026},{""age"":""55-64"",""gender"":""male"",""percentage"":0.202614},{""age"":""55-64"",""gender"":""unknown"",""percentage"":0.003922}","{""region"":""Santiago Metropolitan Region"",""percentage"":1}","facebook,instagram","lower_bound: 1001, upper_bound: 5000",es
448340100213082,177384889097855,"Gabriel Boric",2021-12-05,2021-12-05,2021-12-11,"Gabriel Boric Font","Diálogo para una paz duradera y todo el rigor de la ley contra quien cometa un delito. Para avanzar con justicia y paz, vota Gabriel Boric 1️⃣","Boric Presidente",boricpresidente.cl,"Votemos para hacer realidad un Chile en que nadie quede fuera. Votemos Gabriel Boric Presidente","lower_bound: 3000, upper_bound: 3999","lower_bound: 0, upper_bound: 99",USD,"{""age"":""55-64"",""gender"":""unknown"",""percentage"":0.000304},{""age"":""35-44"",""gender"":""unknown"",""percentage"":0.000609},{""age"":""45-54"",""gender"":""unknown"",""percentage"":0.000304},{""age"":""25-34"",""gender"":""unknown"",""percentage"":0.002131},{""age"":""35-44"",""gender"":""male"",""percentage"":0.091324},{""age"":""55-64"",""gender"":""female"",""percentage"":0.073973},{""age"":""45-54"",""gender"":""male"",""percentage"":0.069711},{""age"":""35-44"",""gender"":""female"",""percentage"":0.089802},{""age"":""18-24"",""gender"":""male"",""percentage"":0.109893},{""age"":""45-54"",""gender"":""female"",""percentage"":0.092237},{""age"":""18-24"",""gender"":""female"",""percentage"":0.130594},{""age"":""25-34"",""gender"":""female"",""percentage"":0.147336},{""age"":""25-34"",""gender"":""male"",""percentage"":0.134855},{""age"":""55-64"",""gender"":""male"",""percentage"":0.053577},{""age"":""18-24"",""gender"":""unknown"",""percentage"":0.003349}","{""region"":""B\u00edo B\u00edo Region"",""percentage"":1}","facebook,instagram","lower_bound: 10001, upper_bound: 50000",es
444579973785379,177384889097855,"Gabriel Boric",2021-12-05,2021-12-05,2021-12-10,"Gabriel Boric Font","Que nuestros abuelos vivan con tranquilidad y no estén haciendo largas filas para recibir sus remedios 💊, por una salud digna los medicamentos se entregarán a domicilio 🚐. Vota Gabriel Boric 1️⃣","Boric Presidente",boricpresidente.cl,"Votemos para hacer realidad un Chile en que nadie quede fuera. Votemos Gabriel Boric Presidente","lower_bound: 4000, upper_bound: 4999","lower_bound: 0, upper_bound: 99",USD,"{""age"":""55-64"",""gender"":""unknown"",""percentage"":0.000984},{""age"":""45-54"",""gender"":""male"",""percentage"":0.075996},{""age"":""55-64"",""gender"":""female"",""percentage"":0.055091},{""age"":""18-24"",""gender"":""male"",""percentage"":0.100098},{""age"":""18-24"",""gender"":""female"",""percentage"":0.128136},{""age"":""35-44"",""gender"":""male"",""percentage"":0.101082},{""age"":""45-54"",""gender"":""female"",""percentage"":0.078701},{""age"":""25-34"",""gender"":""unknown"",""percentage"":0.001968},{""age"":""35-44"",""gender"":""female"",""percentage"":0.095917},{""age"":""25-34"",""gender"":""female"",""percentage"":0.161584},{""age"":""55-64"",""gender"":""male"",""percentage"":0.036891},{""age"":""25-34"",""gender"":""male"",""percentage"":0.159124},{""age"":""18-24"",""gender"":""unknown"",""percentage"":0.002213},{""age"":""35-44"",""gender"":""unknown"",""percentage"":0.000984},{""age"":""45-54"",""gender"":""unknown"",""percentage"":0.00123}","{""region"":""Valpara\u00edso Region"",""percentage"":1}","facebook,instagram","lower_bound: 10001, upper_bound: 50000",es
4949787088373446,177384889097855,"Gabriel Boric",2021-12-05,2021-12-05,2021-12-10,"Gabriel Boric Font","Mayor dotación policial y coordinación con los países vecinos para una migración regular y ordenada. Por un gobierno que cuide nuestras fronteras, vota Gabriel Boric 1️⃣",,boricpresidente.cl,,"lower_bound: 2000, upper_bound: 2999","lower_bound: 0, upper_bound: 99",USD,"{""age"":""45-54"",""gender"":""unknown"",""percentage"":0.000968},{""age"":""55-64"",""gender"":""unknown"",""percentage"":0.000484},{""age"":""18-24"",""gender"":""unknown"",""percentage"":0.000968},{""age"":""35-44"",""gender"":""female"",""percentage"":0.096805},{""age"":""25-34"",""gender"":""female"",""percentage"":0.168925},{""age"":""18-24"",""gender"":""female"",""percentage"":0.144724},{""age"":""35-44"",""gender"":""male"",""percentage"":0.099226},{""age"":""18-24"",""gender"":""male"",""percentage"":0.123427},{""age"":""45-54"",""gender"":""female"",""percentage"":0.074056},{""age"":""25-34"",""gender"":""male"",""percentage"":0.168925},{""age"":""55-64"",""gender"":""female"",""percentage"":0.033882},{""age"":""55-64"",""gender"":""male"",""percentage"":0.030978},{""age"":""45-54"",""gender"":""male"",""percentage"":0.052759},{""age"":""25-34"",""gender"":""unknown"",""percentage"":0.00242},{""age"":""35-44"",""gender"":""unknown"",""percentage"":0.001452}","{""region"":""Atacama Region"",""percentage"":1}","facebook,instagram","lower_bound: 10001, upper_bound: 50000",es
471444404507259,177384889097855,"Gabriel Boric",2021-12-05,2021-12-05,2021-12-10,"Gabriel Boric Font","Reformar Carabineros para tener más dotación donde más se necesita, con barrios seguros libres de narcotráfico. Vota Gabriel Boric 1️⃣","Boric Presidente",boricpresidente.cl,"Votemos para hacer realidad un Chile en que nadie quede fuera. Votemos Gabriel Boric Presidente","lower_bound: 2000, upper_bound: 2999","lower_bound: 0, upper_bound: 99",USD,"{""age"":""25-34"",""gender"":""unknown"",""percentage"":0.004055},{""age"":""45-54"",""gender"":""female"",""percentage"":0.062342},{""age"":""45-54"",""gender"":""male"",""percentage"":0.054739},{""age"":""35-44"",""gender"":""female"",""percentage"":0.105423},{""age"":""55-64"",""gender"":""female"",""percentage"":0.032945},{""age"":""18-24"",""gender"":""male"",""percentage"":0.107957},{""age"":""18-24"",""gender"":""unknown"",""percentage"":0.010644},{""age"":""18-24"",""gender"":""female"",""percentage"":0.21186},{""age"":""25-34"",""gender"":""male"",""percentage"":0.139888},{""age"":""25-34"",""gender"":""female"",""percentage"":0.176381},{""age"":""35-44"",""gender"":""male"",""percentage"":0.071972},{""age"":""55-64"",""gender"":""male"",""percentage"":0.01926},{""age"":""35-44"",""gender"":""unknown"",""percentage"":0.001014},{""age"":""45-54"",""gender"":""unknown"",""percentage"":0.001521}","{""region"":""Valpara\u00edso Region"",""percentage"":1}","facebook,instagram","lower_bound: 10001, upper_bound: 50000",es
1070598043742461,177384889097855,"Gabriel Boric",2021-12-05,2021-12-06,2021-12-11,"Gabriel Boric Font","Que la vejez sea para descansar y disfrutar 🫂, no para trabajar porque la pensión no alcanza. Fin a las AFP para una jubilación a los 65 años con un piso de $250.000 mensuales. Para pensiones justas, vota Gabriel Boric 1️⃣","Boric Presidente",boricpresidente.cl,"Votemos para hacer realidad un Chile en que nadie quede fuera. Votemos Gabriel Boric Presidente","lower_bound: 4000, upper_bound: 4999","lower_bound: 0, upper_bound: 99",USD,"{""age"":""45-54"",""gender"":""unknown"",""percentage"":0.000579},{""age"":""35-44"",""gender"":""unknown"",""percentage"":0.001448},{""age"":""55-64"",""gender"":""male"",""percentage"":0.044876},{""age"":""55-64"",""gender"":""female"",""percentage"":0.069774},{""age"":""18-24"",""gender"":""male"",""percentage"":0.075565},{""age"":""35-44"",""gender"":""female"",""percentage"":0.106833},{""age"":""18-24"",""gender"":""female"",""percentage"":0.109149},{""age"":""45-54"",""gender"":""female"",""percentage"":0.093225},{""age"":""25-34"",""gender"":""female"",""percentage"":0.148234},{""age"":""35-44"",""gender"":""male"",""percentage"":0.103937},{""age"":""45-54"",""gender"":""male"",""percentage"":0.097568},{""age"":""25-34"",""gender"":""male"",""percentage"":0.144181},{""age"":""18-24"",""gender"":""unknown"",""percentage"":0.002316},{""age"":""25-34"",""gender"":""unknown"",""percentage"":0.001737},{""age"":""55-64"",""gender"":""unknown"",""percentage"":0.000579}","{""region"":""Valpara\u00edso Region"",""percentage"":1}","facebook,instagram","lower_bound: 10001, upper_bound: 50000",es
454221902741535,177384889097855,"Gabriel Boric",2021-12-05,2021-12-05,2021-12-10,"Gabriel Boric Font","Que nunca más tengas que esperar horas para recibir tus remedios 💊, una salud digna donde los medicamentos se entreguen a domicilio 🚐. Vota Gabriel Boric 1️⃣","Boric Presidente",boricpresidente.cl,"Votemos para hacer realidad un Chile en que nadie quede fuera. Votemos Gabriel Boric Presidente","lower_bound: 0, upper_bound: 999","lower_bound: 0, upper_bound: 99",USD,"{""age"":""65+"",""gender"":""unknown"",""percentage"":0.007663},{""age"":""65+"",""gender"":""female"",""percentage"":0.356322},{""age"":""55-64"",""gender"":""female"",""percentage"":0.218391},{""age"":""55-64"",""gender"":""male"",""percentage"":0.214559},{""age"":""65+"",""gender"":""male"",""percentage"":0.203065}","{""region"":""Valpara\u00edso Region"",""percentage"":1}","facebook,instagram","lower_bound: 1001, upper_bound: 5000",es
1096156274459318,177384889097855,"Gabriel Boric",2021-12-05,2021-12-06,2021-12-10,"Gabriel Boric Font","Que la vejez sea para descansar y disfrutar 🫂, no para trabajar porque la pensión no alcanza. Fin a las AFP para una jubilación a los 65 años con un piso de $250.000 mensuales. Para pensiones justas, vota Gabriel Boric 1️⃣","Boric Presidente",boricpresidente.cl,"Votemos para hacer realidad un Chile en que nadie quede fuera. Votemos Gabriel Boric Presidente","lower_bound: 0, upper_bound: 999","lower_bound: 0, upper_bound: 99",USD,"{""age"":""55-64"",""gender"":""unknown"",""percentage"":0.001931},{""age"":""65+"",""gender"":""unknown"",""percentage"":0.003861},{""age"":""65+"",""gender"":""male"",""percentage"":0.200772},{""age"":""55-64"",""gender"":""male"",""percentage"":0.194981},{""age"":""65+"",""gender"":""female"",""percentage"":0.287645},{""age"":""55-64"",""gender"":""female"",""percentage"":0.310811}","{""region"":""Valpara\u00edso Region"",""percentage"":1}","facebook,instagram","lower_bound: 1001, upper_bound: 5000",es
452503046528502,177384889097855,"Gabriel Boric",2021-12-05,2021-12-05,2021-12-10,"Gabriel Boric Font","Reformar Carabineros para tener más dotación donde más se necesita, con barrios seguros libres de narcotráfico. Vota Gabriel Boric 1️⃣","Boric Presidente",boricpresidente.cl,"Votemos para hacer realidad un Chile en que nadie quede fuera. Votemos Gabriel Boric Presidente","lower_bound: 0, upper_bound: 999","lower_bound: 0, upper_bound: 99",USD,"{""age"":""65+"",""gender"":""female"",""percentage"":0.281938},{""age"":""55-64"",""gender"":""female"",""percentage"":0.361233},{""age"":""65+"",""gender"":""male"",""percentage"":0.189427},{""age"":""55-64"",""gender"":""male"",""percentage"":0.154185},{""age"":""55-64"",""gender"":""unknown"",""percentage"":0.004405},{""age"":""65+"",""gender"":""unknown"",""percentage"":0.008811}","{""region"":""Valpara\u00edso Region"",""percentage"":1}","facebook,instagram","lower_bound: 1001, upper_bound: 5000",es
4798683410194132,177384889097855,"Gabriel Boric",2021-12-05,2021-12-05,2021-12-11,"Gabriel Boric Font","Por un país donde no se les permita a las grandes empresas quedarse con el agua que le corresponde a las familias y a pequeños agricultores.  Para que el agua sea un derecho vota Gabriel Boric 1️⃣","Boric Presidente",boricpresidente.cl,"Votemos para hacer realidad un Chile en que nadie quede fuera. Votemos Gabriel Boric Presidente","lower_bound: 8000, upper_bound: 8999","lower_bound: 0, upper_bound: 99",USD,"{""age"":""13-17"",""gender"":""male"",""percentage"":0.000134},{""age"":""18-24"",""gender"":""unknown"",""percentage"":0.001605},{""age"":""35-44"",""gender"":""female"",""percentage"":0.100468},{""age"":""55-64"",""gender"":""female"",""percentage"":0.039197},{""age"":""35-44"",""gender"":""male"",""percentage"":0.092709},{""age"":""55-64"",""gender"":""male"",""percentage"":0.021538},{""age"":""45-54"",""gender"":""female"",""percentage"":0.069833},{""age"":""18-24"",""gender"":""male"",""percentage"":0.100334},{""age"":""25-34"",""gender"":""male"",""percentage"":0.183813},{""age"":""25-34"",""gender"":""female"",""percentage"":0.189431},{""age"":""18-24"",""gender"":""female"",""percentage"":0.139532},{""age"":""45-54"",""gender"":""male"",""percentage"":0.057391},{""age"":""55-64"",""gender"":""unknown"",""percentage"":0.000268},{""age"":""35-44"",""gender"":""unknown"",""percentage"":0.001605},{""age"":""45-54"",""gender"":""unknown"",""percentage"":0.000936},{""age"":""25-34"",""gender"":""unknown"",""percentage"":0.001204}","{""region"":""Maule Region"",""percentage"":1}","facebook,instagram","lower_bound: 100001, upper_bound: 500000",es
794145664687340,177384889097855,"Gabriel Boric",2021-12-05,2021-12-05,2021-12-11,"Gabriel Boric Font","Que no necesitemos los bingos y completadas para pagar un tratamiento 🏥, sino para celebrar un país más justo 🎉. 
Por una salud para todos, sin privilegios. Vota Gabriel Boric 1️⃣","Boric Presidente",boricpresidente.cl,"Votemos para hacer realidad un Chile en que nadie quede fuera. Votemos Gabriel Boric Presidente","lower_bound: 7000, upper_bound: 7999","lower_bound: 0, upper_bound: 99",USD,"{""age"":""55-64"",""gender"":""unknown"",""percentage"":0.000154},{""age"":""35-44"",""gender"":""unknown"",""percentage"":0.003393},{""age"":""55-64"",""gender"":""male"",""percentage"":0.027144},{""age"":""45-54"",""gender"":""male"",""percentage"":0.065238},{""age"":""35-44"",""gender"":""male"",""percentage"":0.099013},{""age"":""45-54"",""gender"":""female"",""percentage"":0.071407},{""age"":""55-64"",""gender"":""female"",""percentage"":0.045342},{""age"":""18-24"",""gender"":""male"",""percentage"":0.088371},{""age"":""18-24"",""gender"":""female"",""percentage"":0.117057},{""age"":""25-34"",""gender"":""female"",""percentage"":0.188927},{""age"":""25-34"",""gender"":""male"",""percentage"":0.183374},{""age"":""35-44"",""gender"":""female"",""percentage"":0.106878},{""age"":""25-34"",""gender"":""unknown"",""percentage"":0.001234},{""age"":""18-24"",""gender"":""unknown"",""percentage"":0.001234},{""age"":""45-54"",""gender"":""unknown"",""percentage"":0.001234}","{""region"":""Coquimbo Region"",""percentage"":1}","facebook,instagram","lower_bound: 50001, upper_bound: 100000",es
439595324217200,177384889097855,"Gabriel Boric",2021-12-05,2021-12-05,2021-12-10,"Gabriel Boric Font","Reformar Carabineros para tener más dotación donde más se necesita, con barrios seguros libres de narcotráfico. Vota Gabriel Boric 1️⃣","Boric Presidente",boricpresidente.cl,"Votemos para hacer realidad un Chile en que nadie quede fuera. Votemos Gabriel Boric Presidente","lower_bound: 0, upper_bound: 999","lower_bound: 0, upper_bound: 99",USD,"{""age"":""45-54"",""gender"":""male"",""percentage"":0.035047},{""age"":""35-44"",""gender"":""male"",""percentage"":0.07243},{""age"":""45-54"",""gender"":""female"",""percentage"":0.063084},{""age"":""55-64"",""gender"":""male"",""percentage"":0.016355},{""age"":""18-24"",""gender"":""female"",""percentage"":0.196262},{""age"":""25-34"",""gender"":""female"",""percentage"":0.189252},{""age"":""18-24"",""gender"":""male"",""percentage"":0.102804},{""age"":""35-44"",""gender"":""female"",""percentage"":0.10514},{""age"":""25-34"",""gender"":""male"",""percentage"":0.175234},{""age"":""55-64"",""gender"":""female"",""percentage"":0.03972},{""age"":""35-44"",""gender"":""unknown"",""percentage"":0.004673}","{""region"":""O'Higgins Region"",""percentage"":1}","facebook,instagram","lower_bound: 5001, upper_bound: 10000",es
229773012492503,177384889097855,"Gabriel Boric",2021-12-05,2021-12-05,2021-12-10,"Gabriel Boric Font","No podemos permitir que familias y pequeños agricultores tengan que obtener agua a través de camiones aljibes, mientras que algunos abusan de su poder acumulándola para su beneficios. Para que el agua sea un derecho vota Gabriel Boric 1️⃣","Boric Presidente",boricpresidente.cl,"Votemos para hacer realidad un Chile en que nadie quede fuera. Votemos Gabriel Boric Presidente","lower_bound: 0, upper_bound: 999","lower_bound: 0, upper_bound: 99",USD,"{""age"":""18-24"",""gender"":""unknown"",""percentage"":0.001842},{""age"":""55-64"",""gender"":""unknown"",""percentage"":0.001842},{""age"":""55-64"",""gender"":""female"",""percentage"":0.034991},{""age"":""25-34"",""gender"":""male"",""percentage"":0.143646},{""age"":""35-44"",""gender"":""male"",""percentage"":0.093923},{""age"":""25-34"",""gender"":""female"",""percentage"":0.20442},{""age"":""18-24"",""gender"":""male"",""percentage"":0.062615},{""age"":""45-54"",""gender"":""female"",""percentage"":0.090239},{""age"":""35-44"",""gender"":""female"",""percentage"":0.152855},{""age"":""25-34"",""gender"":""unknown"",""percentage"":0.001842},{""age"":""45-54"",""gender"":""male"",""percentage"":0.071823},{""age"":""18-24"",""gender"":""female"",""percentage"":0.106814},{""age"":""55-64"",""gender"":""male"",""percentage"":0.033149}","{""region"":""O'Higgins Region"",""percentage"":1}","facebook,instagram","lower_bound: 5001, upper_bound: 10000",es
694966678131758,177384889097855,"Gabriel Boric",2021-12-05,2021-12-05,2021-12-11,"Gabriel Boric Font","Que no tengamos que viajar para hacer un tratamiento por falta de especialistas 🚗, que solo lo hagamos para conocer y disfrutar 🏖️. Por más hospitales, doctores y consultorios para todos 🏥. Vota Gabriel Boric 1️⃣","Boric Presidente",boricpresidente.cl,"Votemos para hacer realidad un Chile en que nadie quede fuera. Votemos Gabriel Boric Presidente","lower_bound: 2000, upper_bound: 2999","lower_bound: 0, upper_bound: 99",USD,"{""age"":""55-64"",""gender"":""unknown"",""percentage"":0.001303},{""age"":""55-64"",""gender"":""male"",""percentage"":0.039088},{""age"":""18-24"",""gender"":""male"",""percentage"":0.080782},{""age"":""45-54"",""gender"":""female"",""percentage"":0.114658},{""age"":""35-44"",""gender"":""female"",""percentage"":0.121173},{""age"":""25-34"",""gender"":""male"",""percentage"":0.142671},{""age"":""25-34"",""gender"":""female"",""percentage"":0.149186},{""age"":""18-24"",""gender"":""female"",""percentage"":0.115309},{""age"":""45-54"",""gender"":""male"",""percentage"":0.087296},{""age"":""35-44"",""gender"":""male"",""percentage"":0.089902},{""age"":""55-64"",""gender"":""female"",""percentage"":0.057329},{""age"":""35-44"",""gender"":""unknown"",""percentage"":0.001303}","{""region"":""O'Higgins Region"",""percentage"":1}","facebook,instagram","lower_bound: 5001, upper_bound: 10000",es
496957691656759,177384889097855,"Gabriel Boric",2021-12-05,2021-12-05,2021-12-11,"Gabriel Boric Font","Que no necesitemos los bingos y completadas para pagar un tratamiento 🏥, sino para celebrar un país más justo 🎉. 
Por una salud para todos, sin privilegios. Vota Gabriel Boric 1️⃣","Boric Presidente",boricpresidente.cl,"Votemos para hacer realidad un Chile en que nadie quede fuera. Votemos Gabriel Boric Presidente","lower_bound: 30000, upper_bound: 34999","lower_bound: 0, upper_bound: 99",USD,"{""age"":""25-34"",""gender"":""unknown"",""percentage"":0.001251},{""age"":""35-44"",""gender"":""unknown"",""percentage"":0.001112},{""age"":""18-24"",""gender"":""unknown"",""percentage"":0.001483},{""age"":""45-54"",""gender"":""female"",""percentage"":0.065051},{""age"":""35-44"",""gender"":""male"",""percentage"":0.094473},{""age"":""45-54"",""gender"":""male"",""percentage"":0.060372},{""age"":""35-44"",""gender"":""female"",""percentage"":0.099337},{""age"":""25-34"",""gender"":""male"",""percentage"":0.182644},{""age"":""25-34"",""gender"":""female"",""percentage"":0.177176},{""age"":""18-24"",""gender"":""female"",""percentage"":0.14252},{""age"":""18-24"",""gender"":""male"",""percentage"":0.110411},{""age"":""55-64"",""gender"":""male"",""percentage"":0.026734},{""age"":""55-64"",""gender"":""female"",""percentage"":0.036186},{""age"":""45-54"",""gender"":""unknown"",""percentage"":0.00088},{""age"":""55-64"",""gender"":""unknown"",""percentage"":0.000371}","{""region"":""Arica y Parinacota Region"",""percentage"":1}","facebook,instagram","lower_bound: 50001, upper_bound: 100000",es
866988987298562,177384889097855,"Gabriel Boric",2021-12-05,2021-12-05,2021-12-10,"Gabriel Boric Font","Que no necesitemos los bingos y completadas para pagar un tratamiento 🏥, sino para celebrar un país más justo 🎉. 
Por una salud para todos, sin privilegios. Vota Gabriel Boric 1️⃣","Boric Presidente",boricpresidente.cl,"Votemos para hacer realidad un Chile en que nadie quede fuera. Votemos Gabriel Boric Presidente","lower_bound: 6000, upper_bound: 6999","lower_bound: 0, upper_bound: 99",USD,"{""age"":""35-44"",""gender"":""unknown"",""percentage"":0.002342},{""age"":""45-54"",""gender"":""female"",""percentage"":0.080475},{""age"":""18-24"",""gender"":""female"",""percentage"":0.125648},{""age"":""35-44"",""gender"":""female"",""percentage"":0.116948},{""age"":""18-24"",""gender"":""male"",""percentage"":0.087167},{""age"":""55-64"",""gender"":""female"",""percentage"":0.044002},{""age"":""35-44"",""gender"":""male"",""percentage"":0.095031},{""age"":""25-34"",""gender"":""female"",""percentage"":0.18086},{""age"":""25-34"",""gender"":""male"",""percentage"":0.173833},{""age"":""45-54"",""gender"":""male"",""percentage"":0.061235},{""age"":""55-64"",""gender"":""male"",""percentage"":0.027104},{""age"":""18-24"",""gender"":""unknown"",""percentage"":0.002844},{""age"":""25-34"",""gender"":""unknown"",""percentage"":0.00184},{""age"":""45-54"",""gender"":""unknown"",""percentage"":0.000502},{""age"":""55-64"",""gender"":""unknown"",""percentage"":0.000167}","{""region"":""Coquimbo Region"",""percentage"":1}","facebook,instagram","lower_bound: 100001, upper_bound: 500000",es
486866182677692,177384889097855,"Gabriel Boric",2021-12-05,2021-12-05,2021-12-10,"Gabriel Boric Font","Que no tengamos que viajar para hacer un tratamiento por falta de especialistas 🚗, que solo lo hagamos para conocer y disfrutar 🏖️. Por más hospitales, doctores y consultorios para todos 🏥. Vota Gabriel Boric 1️⃣","Boric Presidente",boricpresidente.cl,"Votemos para hacer realidad un Chile en que nadie quede fuera. Votemos Gabriel Boric Presidente","lower_bound: 0, upper_bound: 999","lower_bound: 0, upper_bound: 99",USD,"{""age"":""55-64"",""gender"":""male"",""percentage"":0.267857},{""age"":""55-64"",""gender"":""female"",""percentage"":0.375},{""age"":""65+"",""gender"":""female"",""percentage"":0.232143},{""age"":""65+"",""gender"":""male"",""percentage"":0.116071},{""age"":""55-64"",""gender"":""unknown"",""percentage"":0.008929}","{""region"":""O'Higgins Region"",""percentage"":1}","facebook,instagram","lower_bound: 100, upper_bound: 1000",es
1252335255271471,177384889097855,"Gabriel Boric",2021-12-05,2021-12-05,2021-12-10,"Gabriel Boric Font","Reformar Carabineros para tener más dotación donde más se necesita, con barrios seguros libres de narcotráfico. Vota Gabriel Boric 1️⃣","Boric Presidente",boricpresidente.cl,"Votemos para hacer realidad un Chile en que nadie quede fuera. Votemos Gabriel Boric Presidente","lower_bound: 0, upper_bound: 999","lower_bound: 0, upper_bound: 99",USD,,,"facebook,instagram","lower_bound: 100, upper_bound: 1000",es
1352814621840684,177384889097855,"Gabriel Boric",2021-12-05,2021-12-05,2021-12-10,"Gabriel Boric Font","No podemos permitir que familias y pequeños agricultores tengan que obtener agua a través de camiones aljibes, mientras que algunos abusan de su poder acumulándola para su beneficios. Para que el agua sea un derecho vota Gabriel Boric 1️⃣","Boric Presidente",boricpresidente.cl,"Votemos para hacer realidad un Chile en que nadie quede fuera. Votemos Gabriel Boric Presidente","lower_bound: 0, upper_bound: 999","lower_bound: 0, upper_bound: 99",USD,,,"facebook,instagram","lower_bound: 100, upper_bound: 1000",es
420656519769992,177384889097855,"Gabriel Boric",2021-12-05,2021-12-05,2021-12-10,"Gabriel Boric Font","Las autoridades de gobierno no ganarán más de 5 millones, es decir 10 veces el salario mínimo de $500.000 al que proponemos llegar. Por un Chile sin privilegios, vota Gabriel Boric 1️⃣","Boric Presidente",boricpresidente.cl,"Votemos para hacer realidad un Chile en que nadie quede fuera. Votemos Gabriel Boric Presidente","lower_bound: 0, upper_bound: 999","lower_bound: 0, upper_bound: 99",USD,"{""age"":""25-34"",""gender"":""unknown"",""percentage"":0.007143},{""age"":""35-44"",""gender"":""female"",""percentage"":0.014286},{""age"":""35-44"",""gender"":""male"",""percentage"":0.025},{""age"":""18-24"",""gender"":""female"",""percentage"":0.253571},{""age"":""25-34"",""gender"":""male"",""percentage"":0.3},{""age"":""18-24"",""gender"":""male"",""percentage"":0.157143},{""age"":""25-34"",""gender"":""female"",""percentage"":0.235714},{""age"":""18-24"",""gender"":""unknown"",""percentage"":0.007143}","{""region"":""Valpara\u00edso Region"",""percentage"":1}","facebook,instagram","lower_bound: 5001, upper_bound: 10000",es
446062720362029,177384889097855,"Gabriel Boric",2021-12-05,2021-12-05,2021-12-10,"Gabriel Boric Font","Reformar Carabineros para tener más dotación donde más se necesita, con barrios seguros libres de narcotráfico. Vota Gabriel Boric 1️⃣","Boric Presidente",boricpresidente.cl,"Votemos para hacer realidad un Chile en que nadie quede fuera. Votemos Gabriel Boric Presidente","lower_bound: 1000, upper_bound: 1999","lower_bound: 0, upper_bound: 99",USD,"{""age"":""25-34"",""gender"":""unknown"",""percentage"":0.001081},{""age"":""35-44"",""gender"":""unknown"",""percentage"":0.001081},{""age"":""45-54"",""gender"":""female"",""percentage"":0.073514},{""age"":""18-24"",""gender"":""female"",""percentage"":0.198919},{""age"":""55-64"",""gender"":""female"",""percentage"":0.024865},{""age"":""18-24"",""gender"":""male"",""percentage"":0.102703},{""age"":""45-54"",""gender"":""male"",""percentage"":0.04973},{""age"":""25-34"",""gender"":""male"",""percentage"":0.167568},{""age"":""35-44"",""gender"":""male"",""percentage"":0.090811},{""age"":""25-34"",""gender"":""female"",""percentage"":0.175135},{""age"":""35-44"",""gender"":""female"",""percentage"":0.082162},{""age"":""55-64"",""gender"":""male"",""percentage"":0.022703},{""age"":""18-24"",""gender"":""unknown"",""percentage"":0.00973}","{""region"":""O'Higgins Region"",""percentage"":1}","facebook,instagram","lower_bound: 10001, upper_bound: 50000",es
288139393206617,177384889097855,"Gabriel Boric",2021-12-05,2021-12-05,2021-12-10,"Gabriel Boric Font","No podemos permitir que familias y pequeños agricultores tengan que obtener agua a través de camiones aljibes, mientras que algunos abusan de su poder acumulándola para su beneficios. Para que el agua sea un derecho vota Gabriel Boric 1️⃣","Boric Presidente",boricpresidente.cl,"Votemos para hacer realidad un Chile en que nadie quede fuera. Votemos Gabriel Boric Presidente","lower_bound: 2000, upper_bound: 2999","lower_bound: 0, upper_bound: 99",USD,"{""age"":""55-64"",""gender"":""unknown"",""percentage"":0.000451},{""age"":""45-54"",""gender"":""female"",""percentage"":0.093863},{""age"":""55-64"",""gender"":""male"",""percentage"":0.036101},{""age"":""35-44"",""gender"":""male"",""percentage"":0.105144},{""age"":""25-34"",""gender"":""female"",""percentage"":0.161101},{""age"":""45-54"",""gender"":""male"",""percentage"":0.080325},{""age"":""18-24"",""gender"":""male"",""percentage"":0.065884},{""age"":""18-24"",""gender"":""female"",""percentage"":0.11417},{""age"":""25-34"",""gender"":""male"",""percentage"":0.165162},{""age"":""35-44"",""gender"":""female"",""percentage"":0.118231},{""age"":""18-24"",""gender"":""unknown"",""percentage"":0.000451},{""age"":""55-64"",""gender"":""female"",""percentage"":0.056408},{""age"":""45-54"",""gender"":""unknown"",""percentage"":0.000903},{""age"":""25-34"",""gender"":""unknown"",""percentage"":0.000451},{""age"":""35-44"",""gender"":""unknown"",""percentage"":0.001354}","{""region"":""O'Higgins Region"",""percentage"":1}","facebook,instagram","lower_bound: 10001, upper_bound: 50000",es
647403399724216,177384889097855,"Gabriel Boric",2021-12-05,2021-12-05,2021-12-11,"Gabriel Boric Font","Que no tengamos que viajar para hacer un tratamiento por falta de especialistas 🚗, que solo lo hagamos para conocer y disfrutar 🏖️. Por más hospitales, doctores y consultorios para todos 🏥. Vota Gabriel Boric 1️⃣","Boric Presidente",boricpresidente.cl,"Votemos para hacer realidad un Chile en que nadie quede fuera. Votemos Gabriel Boric Presidente","lower_bound: 4000, upper_bound: 4999","lower_bound: 0, upper_bound: 99",USD,"{""age"":""18-24"",""gender"":""unknown"",""percentage"":0.003251},{""age"":""25-34"",""gender"":""female"",""percentage"":0.147594},{""age"":""55-64"",""gender"":""female"",""percentage"":0.046164},{""age"":""45-54"",""gender"":""female"",""percentage"":0.08355},{""age"":""45-54"",""gender"":""male"",""percentage"":0.094603},{""age"":""18-24"",""gender"":""female"",""percentage"":0.111508},{""age"":""35-44"",""gender"":""male"",""percentage"":0.105332},{""age"":""35-44"",""gender"":""female"",""percentage"":0.095904},{""age"":""25-34"",""gender"":""male"",""percentage"":0.180754},{""age"":""18-24"",""gender"":""male"",""percentage"":0.087776},{""age"":""55-64"",""gender"":""male"",""percentage"":0.040312},{""age"":""45-54"",""gender"":""unknown"",""percentage"":0.00065},{""age"":""35-44"",""gender"":""unknown"",""percentage"":0.0013},{""age"":""55-64"",""gender"":""unknown"",""percentage"":0.000325},{""age"":""25-34"",""gender"":""unknown"",""percentage"":0.000975}","{""region"":""O'Higgins Region"",""percentage"":1}","facebook,instagram","lower_bound: 10001, upper_bound: 50000",es
2982709368710567,177384889097855,"Gabriel Boric",2021-12-05,2021-12-05,2021-12-10,"Gabriel Boric Font","Que no necesitemos los bingos y completadas para pagar un tratamiento 🏥, sino para celebrar un país más justo 🎉. 
Por una salud para todos, sin privilegios. Vota Gabriel Boric 1️⃣",,boricpresidente.cl,,"lower_bound: 0, upper_bound: 999","lower_bound: 0, upper_bound: 99",USD,"{""age"":""35-44"",""gender"":""unknown"",""percentage"":0.003724},{""age"":""18-24"",""gender"":""unknown"",""percentage"":0.001862},{""age"":""25-34"",""gender"":""unknown"",""percentage"":0.003724},{""age"":""18-24"",""gender"":""male"",""percentage"":0.07635},{""age"":""18-24"",""gender"":""female"",""percentage"":0.096834},{""age"":""25-34"",""gender"":""male"",""percentage"":0.195531},{""age"":""35-44"",""gender"":""female"",""percentage"":0.091248},{""age"":""45-54"",""gender"":""female"",""percentage"":0.080074},{""age"":""25-34"",""gender"":""female"",""percentage"":0.178771},{""age"":""45-54"",""gender"":""male"",""percentage"":0.061453},{""age"":""35-44"",""gender"":""male"",""percentage"":0.121043},{""age"":""55-64"",""gender"":""female"",""percentage"":0.055866},{""age"":""55-64"",""gender"":""male"",""percentage"":0.03352}","{""region"":""Valpara\u00edso Region"",""percentage"":1}","facebook,instagram","lower_bound: 1001, upper_bound: 5000",es
936785376940417,177384889097855,"Gabriel Boric",2021-12-05,2021-12-05,2021-12-10,"Gabriel Boric Font","Que no tengamos que viajar para hacer un tratamiento por falta de especialistas 🚗, que solo lo hagamos para conocer y disfrutar 🏖️. Por más hospitales, doctores y consultorios para todos 🏥. Vota Gabriel Boric 1️⃣","Boric Presidente",boricpresidente.cl,"Votemos para hacer realidad un Chile en que nadie quede fuera. Votemos Gabriel Boric Presidente","lower_bound: 0, upper_bound: 999","lower_bound: 0, upper_bound: 99",USD,"{""age"":""55-64"",""gender"":""female"",""percentage"":0.272727},{""age"":""65+"",""gender"":""female"",""percentage"":0.330579},{""age"":""65+"",""gender"":""male"",""percentage"":0.165289},{""age"":""55-64"",""gender"":""male"",""percentage"":0.22314},{""age"":""65+"",""gender"":""unknown"",""percentage"":0.008264}","{""region"":""O'Higgins Region"",""percentage"":1}","facebook,instagram","lower_bound: 1001, upper_bound: 5000",es
4550201538400398,177384889097855,"Gabriel Boric",2021-12-05,2021-12-05,2021-12-10,"Gabriel Boric Font","No podemos permitir que familias y pequeños agricultores tengan que obtener agua a través de camiones aljibes, mientras que algunos abusan de su poder acumulándola para su beneficios. Para que el agua sea un derecho vota Gabriel Boric 1️⃣","Boric Presidente",boricpresidente.cl,"Votemos para hacer realidad un Chile en que nadie quede fuera. Votemos Gabriel Boric Presidente","lower_bound: 0, upper_bound: 999","lower_bound: 0, upper_bound: 99",USD,"{""age"":""65+"",""gender"":""female"",""percentage"":0.272152},{""age"":""65+"",""gender"":""male"",""percentage"":0.234177},{""age"":""55-64"",""gender"":""female"",""percentage"":0.329114},{""age"":""55-64"",""gender"":""male"",""percentage"":0.158228},{""age"":""65+"",""gender"":""unknown"",""percentage"":0.006329}","{""region"":""O'Higgins Region"",""percentage"":1}","facebook,instagram","lower_bound: 1001, upper_bound: 5000",es
430477902050700,177384889097855,"Gabriel Boric",2021-12-05,2021-12-05,2021-12-10,"Gabriel Boric Font","Reformar Carabineros para tener más dotación donde más se necesita, con barrios seguros libres de narcotráfico. Vota Gabriel Boric 1️⃣","Boric Presidente",boricpresidente.cl,"Votemos para hacer realidad un Chile en que nadie quede fuera. Votemos Gabriel Boric Presidente","lower_bound: 0, upper_bound: 999","lower_bound: 0, upper_bound: 99",USD,"{""age"":""35-44"",""gender"":""male"",""percentage"":0.042553},{""age"":""25-34"",""gender"":""unknown"",""percentage"":0.003546},{""age"":""18-24"",""gender"":""male"",""percentage"":0.159574},{""age"":""18-24"",""gender"":""female"",""percentage"":0.287234},{""age"":""25-34"",""gender"":""male"",""percentage"":0.265957},{""age"":""25-34"",""gender"":""female"",""percentage"":0.202128},{""age"":""35-44"",""gender"":""female"",""percentage"":0.028369},{""age"":""18-24"",""gender"":""unknown"",""percentage"":0.010638}","{""region"":""Valpara\u00edso Region"",""percentage"":1}","facebook,instagram","lower_bound: 5001, upper_bound: 10000",es
489906312480096,177384889097855,"Gabriel Boric",2021-12-05,2021-12-06,2021-12-10,"Gabriel Boric Font","Que la vejez sea para descansar y disfrutar 🫂, no para trabajar porque la pensión no alcanza. Fin a las AFP para una jubilación a los 65 años con un piso de $250.000 mensuales. Para pensiones justas, vota Gabriel Boric 1️⃣","Boric Presidente",boricpresidente.cl,"Votemos para hacer realidad un Chile en que nadie quede fuera. Votemos Gabriel Boric Presidente","lower_bound: 0, upper_bound: 999","lower_bound: 0, upper_bound: 99",USD,"{""age"":""65+"",""gender"":""male"",""percentage"":0.190476},{""age"":""55-64"",""gender"":""female"",""percentage"":0.318681},{""age"":""65+"",""gender"":""female"",""percentage"":0.267399},{""age"":""55-64"",""gender"":""male"",""percentage"":0.21978},{""age"":""65+"",""gender"":""unknown"",""percentage"":0.003663}","{""region"":""O'Higgins Region"",""percentage"":1}","facebook,instagram","lower_bound: 1001, upper_bound: 5000",es
6969741973051081,177384889097855,"Gabriel Boric",2021-12-05,2021-12-05,2021-12-11,"Gabriel Boric Font","Que no necesitemos los bingos y completadas para pagar un tratamiento 🏥, sino para celebrar un país más justo 🎉. 
Por una salud para todos, sin privilegios. Vota Gabriel Boric 1️⃣",,boricpresidente.cl,,"lower_bound: 20000, upper_bound: 24999","lower_bound: 0, upper_bound: 99",USD,"{""age"":""55-64"",""gender"":""unknown"",""percentage"":0.000596},{""age"":""18-24"",""gender"":""unknown"",""percentage"":0.002451},{""age"":""55-64"",""gender"":""female"",""percentage"":0.044973},{""age"":""45-54"",""gender"":""female"",""percentage"":0.072526},{""age"":""35-44"",""gender"":""unknown"",""percentage"":0.003312},{""age"":""25-34"",""gender"":""male"",""percentage"":0.183004},{""age"":""18-24"",""gender"":""male"",""percentage"":0.101338},{""age"":""55-64"",""gender"":""male"",""percentage"":0.034309},{""age"":""25-34"",""gender"":""female"",""percentage"":0.173136},{""age"":""45-54"",""gender"":""male"",""percentage"":0.063187},{""age"":""18-24"",""gender"":""female"",""percentage"":0.128361},{""age"":""35-44"",""gender"":""female"",""percentage"":0.094383},{""age"":""35-44"",""gender"":""male"",""percentage"":0.093853},{""age"":""25-34"",""gender"":""unknown"",""percentage"":0.002517},{""age"":""45-54"",""gender"":""unknown"",""percentage"":0.002053}","{""region"":""Valpara\u00edso Region"",""percentage"":1}","facebook,instagram","lower_bound: 100001, upper_bound: 500000",es
418942159715165,177384889097855,"Gabriel Boric",2021-12-05,2021-12-05,2021-12-10,"Gabriel Boric Font","Que no necesitemos los bingos y completadas para pagar un tratamiento 🏥, sino para celebrar un país más justo 🎉. 
Por una salud para todos, sin privilegios. Vota Gabriel Boric 1️⃣",,boricpresidente.cl,,"lower_bound: 7000, upper_bound: 7999","lower_bound: 0, upper_bound: 99",USD,"{""age"":""25-34"",""gender"":""unknown"",""percentage"":0.004277},{""age"":""35-44"",""gender"":""male"",""percentage"":0.097638},{""age"":""18-24"",""gender"":""female"",""percentage"":0.179096},{""age"":""18-24"",""gender"":""male"",""percentage"":0.130184},{""age"":""25-34"",""gender"":""male"",""percentage"":0.26167},{""age"":""35-44"",""gender"":""female"",""percentage"":0.088339},{""age"":""25-34"",""gender"":""female"",""percentage"":0.23303},{""age"":""18-24"",""gender"":""unknown"",""percentage"":0.004092},{""age"":""35-44"",""gender"":""unknown"",""percentage"":0.001674}","{""region"":""Valpara\u00edso Region"",""percentage"":1}","facebook,instagram","lower_bound: 10001, upper_bound: 50000",es
450021736556330,177384889097855,"Gabriel Boric",2021-12-05,2021-12-05,2021-12-11,"Gabriel Boric Font","Que no necesitemos los bingos y completadas para pagar un tratamiento 🏥, sino para celebrar un país más justo 🎉. 
Por una salud para todos, sin privilegios. Vota Gabriel Boric 1️⃣","Boric Presidente",boricpresidente.cl,"Votemos para hacer realidad un Chile en que nadie quede fuera. Votemos Gabriel Boric Presidente","lower_bound: 2000, upper_bound: 2999","lower_bound: 0, upper_bound: 99",USD,"{""age"":""45-54"",""gender"":""unknown"",""percentage"":0.000572},{""age"":""55-64"",""gender"":""male"",""percentage"":0.02746},{""age"":""25-34"",""gender"":""male"",""percentage"":0.168764},{""age"":""35-44"",""gender"":""male"",""percentage"":0.101259},{""age"":""25-34"",""gender"":""female"",""percentage"":0.17849},{""age"":""45-54"",""gender"":""female"",""percentage"":0.093249},{""age"":""55-64"",""gender"":""female"",""percentage"":0.037185},{""age"":""35-44"",""gender"":""female"",""percentage"":0.095538},{""age"":""18-24"",""gender"":""male"",""percentage"":0.093822},{""age"":""18-24"",""gender"":""female"",""percentage"":0.132723},{""age"":""45-54"",""gender"":""male"",""percentage"":0.065789},{""age"":""25-34"",""gender"":""unknown"",""percentage"":0.002288},{""age"":""18-24"",""gender"":""unknown"",""percentage"":0.001716},{""age"":""35-44"",""gender"":""unknown"",""percentage"":0.001144}","{""region"":""Santiago Metropolitan Region"",""percentage"":1}","facebook,instagram","lower_bound: 10001, upper_bound: 50000",es
249663403899428,177384889097855,"Gabriel Boric",2021-12-05,2021-12-06,2021-12-10,"Gabriel Boric Font","Que la vejez sea para descansar y disfrutar 🫂, no para trabajar porque la pensión no alcanza. Fin a las AFP para una jubilación a los 65 años con un piso de $250.000 mensuales. Para pensiones justas, vota Gabriel Boric 1️⃣","Boric Presidente",boricpresidente.cl,"Votemos para hacer realidad un Chile en que nadie quede fuera. Votemos Gabriel Boric Presidente","lower_bound: 3000, upper_bound: 3999","lower_bound: 0, upper_bound: 99",USD,"{""age"":""45-54"",""gender"":""unknown"",""percentage"":0.000341},{""age"":""55-64"",""gender"":""unknown"",""percentage"":0.000341},{""age"":""35-44"",""gender"":""unknown"",""percentage"":0.001023},{""age"":""18-24"",""gender"":""unknown"",""percentage"":0.003752},{""age"":""25-34"",""gender"":""unknown"",""percentage"":0.002046},{""age"":""25-34"",""gender"":""female"",""percentage"":0.167121},{""age"":""18-24"",""gender"":""male"",""percentage"":0.092087},{""age"":""45-54"",""gender"":""female"",""percentage"":0.097885},{""age"":""45-54"",""gender"":""male"",""percentage"":0.069918},{""age"":""25-34"",""gender"":""male"",""percentage"":0.138813},{""age"":""35-44"",""gender"":""female"",""percentage"":0.095498},{""age"":""35-44"",""gender"":""male"",""percentage"":0.081514},{""age"":""18-24"",""gender"":""female"",""percentage"":0.151774},{""age"":""55-64"",""gender"":""female"",""percentage"":0.056617},{""age"":""55-64"",""gender"":""male"",""percentage"":0.041269}","{""region"":""Santiago Metropolitan Region"",""percentage"":1}","facebook,instagram","lower_bound: 10001, upper_bound: 50000",es
170243941955842,177384889097855,"Gabriel Boric",2021-12-05,2021-12-05,2021-12-10,"Gabriel Boric Font","Las autoridades de gobierno no ganarán más de 5 millones, es decir 10 veces el salario mínimo de $500.000 al que proponemos llegar. Por un Chile sin privilegios, vota Gabriel Boric 1️⃣","Boric Presidente",boricpresidente.cl,"Votemos para hacer realidad un Chile en que nadie quede fuera. Votemos Gabriel Boric Presidente","lower_bound: 0, upper_bound: 999","lower_bound: 0, upper_bound: 99",USD,"{""age"":""45-54"",""gender"":""unknown"",""percentage"":0.001174},{""age"":""55-64"",""gender"":""female"",""percentage"":0.037559},{""age"":""35-44"",""gender"":""female"",""percentage"":0.091549},{""age"":""55-64"",""gender"":""male"",""percentage"":0.029343},{""age"":""45-54"",""gender"":""female"",""percentage"":0.07277},{""age"":""25-34"",""gender"":""female"",""percentage"":0.183099},{""age"":""18-24"",""gender"":""male"",""percentage"":0.086854},{""age"":""35-44"",""gender"":""male"",""percentage"":0.105634},{""age"":""18-24"",""gender"":""female"",""percentage"":0.122066},{""age"":""25-34"",""gender"":""male"",""percentage"":0.197183},{""age"":""45-54"",""gender"":""male"",""percentage"":0.065728},{""age"":""18-24"",""gender"":""unknown"",""percentage"":0.002347},{""age"":""35-44"",""gender"":""unknown"",""percentage"":0.001174},{""age"":""25-34"",""gender"":""unknown"",""percentage"":0.003521}","{""region"":""Santiago Metropolitan Region"",""percentage"":1}","facebook,instagram","lower_bound: 10001, upper_bound: 50000",es
4808219802554193,177384889097855,"Gabriel Boric",2021-12-05,2021-12-05,2021-12-07,"Gabriel Boric Font","Que nuestros abuelos vivan con tranquilidad y no estén haciendo largas filas para recibir sus remedios 💊, por una salud digna los medicamentos se entregarán a domicilio 🚐. Vota Gabriel Boric 1️⃣,Que nuestros abuelos vivan con tranquilidad y no estén haciendo largas filas para recibir sus remedios 💊, por una salud digna los medicamentos se entregarán a domicilio 🚐. Vota Gabriel Boric 1️⃣",,boricpresidente.cl,,"lower_bound: 1000, upper_bound: 1999","lower_bound: 0, upper_bound: 99",USD,"{""age"":""35-44"",""gender"":""male"",""percentage"":0.024247},{""age"":""18-24"",""gender"":""unknown"",""percentage"":0.004181},{""age"":""35-44"",""gender"":""female"",""percentage"":0.023411},{""age"":""25-34"",""gender"":""female"",""percentage"":0.2801},{""age"":""18-24"",""gender"":""male"",""percentage"":0.152174},{""age"":""18-24"",""gender"":""female"",""percentage"":0.196488},{""age"":""25-34"",""gender"":""male"",""percentage"":0.317726},{""age"":""35-44"",""gender"":""unknown"",""percentage"":0.000836},{""age"":""25-34"",""gender"":""unknown"",""percentage"":0.000836}","{""region"":""Valpara\u00edso Region"",""percentage"":1}","facebook,instagram","lower_bound: 10001, upper_bound: 50000",es
650090412791063,177384889097855,"Gabriel Boric",2021-12-05,2021-12-06,2021-12-06,"Gabriel Boric Font","Que nuestros abuelos vivan con tranquilidad y no estén haciendo largas filas para recibir sus remedios 💊, por una salud digna los medicamentos se entregarán a domicilio 🚐. Vota Gabriel Boric 1️⃣,Que nuestros abuelos vivan con tranquilidad y no estén haciendo largas filas para recibir sus remedios 💊, por una salud digna los medicamentos se entregarán a domicilio 🚐. Vota Gabriel Boric 1️⃣",,boricpresidente.cl,,"lower_bound: 0, upper_bound: 999","lower_bound: 0, upper_bound: 99",USD,,,"facebook,instagram","lower_bound: 5001, upper_bound: 10000",es
435759721490778,177384889097855,"Gabriel Boric",2021-12-05,2021-12-05,2021-12-10,"Gabriel Boric Font","Mayor dotación policial y coordinación con nuestros países vecinos para una migración segura, ordenada y humana. Por un gobierno que cuide nuestras fronteras, vota Gabriel Boric 1️⃣","Boric Presidente",boricpresidente.cl,"Votemos para hacer realidad un Chile en que nadie quede fuera. Votemos Gabriel Boric Presidente","lower_bound: 1000, upper_bound: 1999","lower_bound: 0, upper_bound: 99",USD,"{""age"":""25-34"",""gender"":""unknown"",""percentage"":0.001115},{""age"":""55-64"",""gender"":""unknown"",""percentage"":0.001115},{""age"":""65+"",""gender"":""male"",""percentage"":0.008919},{""age"":""18-24"",""gender"":""unknown"",""percentage"":0.005574},{""age"":""45-54"",""gender"":""male"",""percentage"":0.060201},{""age"":""25-34"",""gender"":""male"",""percentage"":0.15942},{""age"":""25-34"",""gender"":""female"",""percentage"":0.164994},{""age"":""55-64"",""gender"":""female"",""percentage"":0.043478},{""age"":""35-44"",""gender"":""male"",""percentage"":0.068004},{""age"":""18-24"",""gender"":""female"",""percentage"":0.171683},{""age"":""65+"",""gender"":""female"",""percentage"":0.017837},{""age"":""18-24"",""gender"":""male"",""percentage"":0.141583},{""age"":""35-44"",""gender"":""female"",""percentage"":0.06689},{""age"":""55-64"",""gender"":""male"",""percentage"":0.028986},{""age"":""45-54"",""gender"":""female"",""percentage"":0.060201}","{""region"":""Antofagasta Region"",""percentage"":1}","facebook,instagram","lower_bound: 5001, upper_bound: 10000",es
480350163410608,177384889097855,"Gabriel Boric",2021-12-05,2021-12-05,2021-12-10,"Gabriel Boric Font","Que no tengamos que viajar para hacer un tratamiento por falta de especialistas 🚗, que solo lo hagamos para conocer y disfrutar 🏖️. Por más hospitales, doctores y consultorios para todos 🏥. Vota Gabriel Boric 1️⃣","Boric Presidente",boricpresidente.cl,"Votemos para hacer realidad un Chile en que nadie quede fuera. Votemos Gabriel Boric Presidente","lower_bound: 2000, upper_bound: 2999","lower_bound: 0, upper_bound: 99",USD,"{""age"":""18-24"",""gender"":""unknown"",""percentage"":0.002242},{""age"":""25-34"",""gender"":""unknown"",""percentage"":0.001345},{""age"":""35-44"",""gender"":""unknown"",""percentage"":0.000448},{""age"":""45-54"",""gender"":""unknown"",""percentage"":0.000897},{""age"":""65+"",""gender"":""male"",""percentage"":0.013453},{""age"":""55-64"",""gender"":""male"",""percentage"":0.039013},{""age"":""55-64"",""gender"":""female"",""percentage"":0.04843},{""age"":""35-44"",""gender"":""male"",""percentage"":0.083857},{""age"":""35-44"",""gender"":""female"",""percentage"":0.11704},{""age"":""25-34"",""gender"":""female"",""percentage"":0.2},{""age"":""45-54"",""gender"":""female"",""percentage"":0.084753},{""age"":""18-24"",""gender"":""male"",""percentage"":0.081166},{""age"":""25-34"",""gender"":""male"",""percentage"":0.138565},{""age"":""45-54"",""gender"":""male"",""percentage"":0.046188},{""age"":""65+"",""gender"":""female"",""percentage"":0.020179},{""age"":""18-24"",""gender"":""female"",""percentage"":0.122422}","{""region"":""Antofagasta Region"",""percentage"":1}","facebook,instagram","lower_bound: 5001, upper_bound: 10000",es
615608183024819,177384889097855,"Gabriel Boric",2021-12-05,2021-12-06,2021-12-11,"Gabriel Boric Font","Que la vejez sea para descansar y disfrutar 🫂, no para trabajar porque la pensión no alcanza. Fin a las AFP para una jubilación a los 65 años con un piso de $250.000 mensuales. Para pensiones justas, vota Gabriel Boric 1️⃣","Boric Presidente",boricpresidente.cl,"Votemos para hacer realidad un Chile en que nadie quede fuera. Votemos Gabriel Boric Presidente","lower_bound: 3000, upper_bound: 3999","lower_bound: 0, upper_bound: 99",USD,"{""age"":""35-44"",""gender"":""unknown"",""percentage"":0.001133},{""age"":""35-44"",""gender"":""male"",""percentage"":0.07852},{""age"":""25-34"",""gender"":""unknown"",""percentage"":0.00151},{""age"":""65+"",""gender"":""female"",""percentage"":0.026048},{""age"":""45-54"",""gender"":""female"",""percentage"":0.09362},{""age"":""35-44"",""gender"":""female"",""percentage"":0.104568},{""age"":""45-54"",""gender"":""male"",""percentage"":0.065685},{""age"":""18-24"",""gender"":""male"",""percentage"":0.063798},{""age"":""55-64"",""gender"":""male"",""percentage"":0.053228},{""age"":""55-64"",""gender"":""unknown"",""percentage"":0.000378},{""age"":""18-24"",""gender"":""female"",""percentage"":0.118913},{""age"":""25-34"",""gender"":""female"",""percentage"":0.167988},{""age"":""25-34"",""gender"":""male"",""percentage"":0.130615},{""age"":""55-64"",""gender"":""female"",""percentage"":0.070593},{""age"":""65+"",""gender"":""male"",""percentage"":0.020008},{""age"":""18-24"",""gender"":""unknown"",""percentage"":0.00302},{""age"":""45-54"",""gender"":""unknown"",""percentage"":0.000378}","{""region"":""Antofagasta Region"",""percentage"":1}","facebook,instagram","lower_bound: 5001, upper_bound: 10000",es
1123234141765574,177384889097855,"Gabriel Boric",2021-12-05,2021-12-05,2021-12-10,"Gabriel Boric Font","No podemos permitir que familias y pequeños agricultores tengan que obtener agua a través de camiones aljibes, mientras que algunos abusan de su poder acumulándola para su beneficios. Para que el agua sea un derecho vota Gabriel Boric 1️⃣","Boric Presidente",boricpresidente.cl,"Votemos para hacer realidad un Chile en que nadie quede fuera. Votemos Gabriel Boric Presidente","lower_bound: 10000, upper_bound: 14999","lower_bound: 0, upper_bound: 99",USD,"{""age"":""65+"",""gender"":""unknown"",""percentage"":9.9e-5},{""age"":""35-44"",""gender"":""female"",""percentage"":0.099653},{""age"":""35-44"",""gender"":""unknown"",""percentage"":0.001585},{""age"":""55-64"",""gender"":""female"",""percentage"":0.060624},{""age"":""65+"",""gender"":""male"",""percentage"":0.016246},{""age"":""35-44"",""gender"":""male"",""percentage"":0.093413},{""age"":""55-64"",""gender"":""male"",""percentage"":0.03794},{""age"":""65+"",""gender"":""female"",""percentage"":0.023774},{""age"":""25-34"",""gender"":""male"",""percentage"":0.144626},{""age"":""25-34"",""gender"":""unknown"",""percentage"":0.000991},{""age"":""18-24"",""gender"":""female"",""percentage"":0.116592},{""age"":""25-34"",""gender"":""female"",""percentage"":0.158197},{""age"":""45-54"",""gender"":""female"",""percentage"":0.090936},{""age"":""45-54"",""gender"":""male"",""percentage"":0.072016},{""age"":""18-24"",""gender"":""male"",""percentage"":0.080337},{""age"":""18-24"",""gender"":""unknown"",""percentage"":0.001486},{""age"":""55-64"",""gender"":""unknown"",""percentage"":0.000495},{""age"":""45-54"",""gender"":""unknown"",""percentage"":0.000991}","{""region"":""B\u00edo B\u00edo Region"",""percentage"":1}","facebook,instagram","lower_bound: 100001, upper_bound: 500000",es
1354653934936930,177384889097855,"Gabriel Boric",2021-12-05,2021-12-05,2021-12-10,"Gabriel Boric Font","No podemos permitir que familias y pequeños agricultores tengan que obtener agua a través de camiones aljibes, mientras que algunos abusan de su poder acumulándola para su beneficios. Para que el agua sea un derecho vota Gabriel Boric 1️⃣","Boric Presidente",boricpresidente.cl,"Votemos para hacer realidad un Chile en que nadie quede fuera. Votemos Gabriel Boric Presidente","lower_bound: 2000, upper_bound: 2999","lower_bound: 0, upper_bound: 99",USD,"{""age"":""65+"",""gender"":""unknown"",""percentage"":0.000392},{""age"":""18-24"",""gender"":""female"",""percentage"":0.132445},{""age"":""25-34"",""gender"":""unknown"",""percentage"":0.001567},{""age"":""45-54"",""gender"":""male"",""percentage"":0.059953},{""age"":""35-44"",""gender"":""male"",""percentage"":0.090517},{""age"":""55-64"",""gender"":""female"",""percentage"":0.059169},{""age"":""35-44"",""gender"":""female"",""percentage"":0.102273},{""age"":""18-24"",""gender"":""male"",""percentage"":0.081505},{""age"":""25-34"",""gender"":""male"",""percentage"":0.15674},{""age"":""55-64"",""gender"":""unknown"",""percentage"":0.000392},{""age"":""25-34"",""gender"":""female"",""percentage"":0.166928},{""age"":""45-54"",""gender"":""female"",""percentage"":0.076803},{""age"":""55-64"",""gender"":""male"",""percentage"":0.040361},{""age"":""65+"",""gender"":""male"",""percentage"":0.016066},{""age"":""65+"",""gender"":""female"",""percentage"":0.012147},{""age"":""18-24"",""gender"":""unknown"",""percentage"":0.001567},{""age"":""45-54"",""gender"":""unknown"",""percentage"":0.001176}","{""region"":""O'Higgins Region"",""percentage"":1}","facebook,instagram","lower_bound: 10001, upper_bound: 50000",es
295954382418535,177384889097855,"Gabriel Boric",2021-12-05,2021-12-05,2021-12-11,"Gabriel Boric Font","Que no necesitemos los bingos y completadas para pagar un tratamiento 🏥, sino para celebrar un país más justo 🎉. 
Por una salud para todos, sin privilegios. Vota Gabriel Boric 1️⃣","Boric Presidente",boricpresidente.cl,"Votemos para hacer realidad un Chile en que nadie quede fuera. Votemos Gabriel Boric Presidente","lower_bound: 100000, upper_bound: 124999","lower_bound: 100, upper_bound: 199",USD,"{""age"":""65+"",""gender"":""unknown"",""percentage"":0.000421},{""age"":""18-24"",""gender"":""male"",""percentage"":0.085919},{""age"":""35-44"",""gender"":""unknown"",""percentage"":0.001751},{""age"":""13-17"",""gender"":""female"",""percentage"":1.0e-5},{""age"":""45-54"",""gender"":""unknown"",""percentage"":0.000939},{""age"":""65+"",""gender"":""male"",""percentage"":0.028327},{""age"":""45-54"",""gender"":""female"",""percentage"":0.061154},{""age"":""45-54"",""gender"":""male"",""percentage"":0.100341},{""age"":""55-64"",""gender"":""male"",""percentage"":0.068571},{""age"":""35-44"",""gender"":""male"",""percentage"":0.11722},{""age"":""55-64"",""gender"":""unknown"",""percentage"":0.000372},{""age"":""35-44"",""gender"":""female"",""percentage"":0.068052},{""age"":""25-34"",""gender"":""unknown"",""percentage"":0.001644},{""age"":""55-64"",""gender"":""female"",""percentage"":0.058131},{""age"":""65+"",""gender"":""female"",""percentage"":0.028434},{""age"":""18-24"",""gender"":""female"",""percentage"":0.08722},{""age"":""25-34"",""gender"":""female"",""percentage"":0.119118},{""age"":""25-34"",""gender"":""male"",""percentage"":0.170351},{""age"":""18-24"",""gender"":""unknown"",""percentage"":0.002016},{""age"":""13-17"",""gender"":""male"",""percentage"":1.0e-5}","{""region"":""Santiago Metropolitan Region"",""percentage"":1}","facebook,instagram","lower_bound: 1000001",es
318512833242384,177384889097855,"Gabriel Boric",2021-12-05,2021-12-05,2021-12-10,"Gabriel Boric Font","Que no necesitemos los bingos y completadas para pagar un tratamiento 🏥, sino para celebrar un país más justo 🎉. 
Por una salud para todos, sin privilegios. Vota Gabriel Boric 1️⃣","Boric Presidente",boricpresidente.cl,"Votemos para hacer realidad un Chile en que nadie quede fuera. Votemos Gabriel Boric Presidente","lower_bound: 2000, upper_bound: 2999","lower_bound: 0, upper_bound: 99",USD,"{""age"":""18-24"",""gender"":""unknown"",""percentage"":0.000499},{""age"":""25-34"",""gender"":""unknown"",""percentage"":0.001496},{""age"":""65+"",""gender"":""female"",""percentage"":0.013466},{""age"":""35-44"",""gender"":""male"",""percentage"":0.083292},{""age"":""45-54"",""gender"":""male"",""percentage"":0.07182},{""age"":""18-24"",""gender"":""male"",""percentage"":0.081297},{""age"":""18-24"",""gender"":""female"",""percentage"":0.106733},{""age"":""45-54"",""gender"":""female"",""percentage"":0.097257},{""age"":""35-44"",""gender"":""female"",""percentage"":0.122693},{""age"":""25-34"",""gender"":""male"",""percentage"":0.147631},{""age"":""55-64"",""gender"":""female"",""percentage"":0.056858},{""age"":""25-34"",""gender"":""female"",""percentage"":0.173566},{""age"":""55-64"",""gender"":""male"",""percentage"":0.029925},{""age"":""65+"",""gender"":""male"",""percentage"":0.010973},{""age"":""35-44"",""gender"":""unknown"",""percentage"":0.001496},{""age"":""45-54"",""gender"":""unknown"",""percentage"":0.000998}","{""region"":""B\u00edo B\u00edo Region"",""percentage"":1}","facebook,instagram","lower_bound: 10001, upper_bound: 50000",es
402668924901653,177384889097855,"Gabriel Boric",2021-12-05,2021-12-06,2021-12-11,"Gabriel Boric Font","Que la vejez sea para descansar y disfrutar 🫂, no para trabajar porque la pensión no alcanza. Fin a las AFP para una jubilación a los 65 años con un piso de $250.000 mensuales. Para pensiones justas, vota Gabriel Boric 1️⃣","Boric Presidente",boricpresidente.cl,"Votemos para hacer realidad un Chile en que nadie quede fuera. Votemos Gabriel Boric Presidente","lower_bound: 3000, upper_bound: 3999","lower_bound: 0, upper_bound: 99",USD,"{""age"":""25-34"",""gender"":""unknown"",""percentage"":0.000633},{""age"":""35-44"",""gender"":""male"",""percentage"":0.085443},{""age"":""35-44"",""gender"":""unknown"",""percentage"":0.001582},{""age"":""55-64"",""gender"":""male"",""percentage"":0.049684},{""age"":""65+"",""gender"":""female"",""percentage"":0.023418},{""age"":""45-54"",""gender"":""male"",""percentage"":0.089873},{""age"":""45-54"",""gender"":""female"",""percentage"":0.103481},{""age"":""18-24"",""gender"":""male"",""percentage"":0.082278},{""age"":""25-34"",""gender"":""male"",""percentage"":0.119304},{""age"":""18-24"",""gender"":""unknown"",""percentage"":0.002215},{""age"":""65+"",""gender"":""male"",""percentage"":0.014873},{""age"":""25-34"",""gender"":""female"",""percentage"":0.137658},{""age"":""35-44"",""gender"":""female"",""percentage"":0.100316},{""age"":""55-64"",""gender"":""female"",""percentage"":0.076899},{""age"":""18-24"",""gender"":""female"",""percentage"":0.110127},{""age"":""45-54"",""gender"":""unknown"",""percentage"":0.001266},{""age"":""65+"",""gender"":""unknown"",""percentage"":0.000949}","{""region"":""B\u00edo B\u00edo Region"",""percentage"":1}","facebook,instagram","lower_bound: 10001, upper_bound: 50000",es
898670931011841,177384889097855,"Gabriel Boric",2021-12-05,2021-12-05,2021-12-10,"Gabriel Boric Font","Que no necesitemos los bingos y completadas para pagar un tratamiento 🏥, sino para celebrar un país más justo 🎉. 
Por una salud para todos, sin privilegios. Vota Gabriel Boric 1️⃣","Boric Presidente",boricpresidente.cl,"Votemos para hacer realidad un Chile en que nadie quede fuera. Votemos Gabriel Boric Presidente","lower_bound: 10000, upper_bound: 14999","lower_bound: 0, upper_bound: 99",USD,"{""age"":""35-44"",""gender"":""unknown"",""percentage"":0.002069},{""age"":""18-24"",""gender"":""male"",""percentage"":0.086887},{""age"":""25-34"",""gender"":""unknown"",""percentage"":0.000805},{""age"":""45-54"",""gender"":""unknown"",""percentage"":0.00046},{""age"":""18-24"",""gender"":""unknown"",""percentage"":0.002184},{""age"":""55-64"",""gender"":""unknown"",""percentage"":0.000575},{""age"":""35-44"",""gender"":""male"",""percentage"":0.10516},{""age"":""25-34"",""gender"":""female"",""percentage"":0.15435},{""age"":""18-24"",""gender"":""female"",""percentage"":0.110792},{""age"":""65+"",""gender"":""female"",""percentage"":0.021492},{""age"":""25-34"",""gender"":""male"",""percentage"":0.147799},{""age"":""35-44"",""gender"":""female"",""percentage"":0.108263},{""age"":""45-54"",""gender"":""female"",""percentage"":0.086887},{""age"":""45-54"",""gender"":""male"",""percentage"":0.068958},{""age"":""55-64"",""gender"":""female"",""percentage"":0.054706},{""age"":""65+"",""gender"":""male"",""percentage"":0.014251},{""age"":""55-64"",""gender"":""male"",""percentage"":0.034249},{""age"":""65+"",""gender"":""unknown"",""percentage"":0.000115}","{""region"":""B\u00edo B\u00edo Region"",""percentage"":1}","facebook,instagram","lower_bound: 100001, upper_bound: 500000",es
1107700476647441,177384889097855,"Gabriel Boric",2021-12-05,2021-12-05,2021-12-10,"Gabriel Boric Font","No podemos permitir que familias y pequeños agricultores tengan que obtener agua a través de camiones aljibes, mientras que algunos abusan de su poder acumulándola para su beneficios. Para que el agua sea un derecho vota Gabriel Boric 1️⃣","Boric Presidente",boricpresidente.cl,"Votemos para hacer realidad un Chile en que nadie quede fuera. Votemos Gabriel Boric Presidente","lower_bound: 3000, upper_bound: 3999","lower_bound: 0, upper_bound: 99",USD,"{""age"":""55-64"",""gender"":""unknown"",""percentage"":0.00033},{""age"":""25-34"",""gender"":""female"",""percentage"":0.16342},{""age"":""65+"",""gender"":""unknown"",""percentage"":0.00066},{""age"":""18-24"",""gender"":""unknown"",""percentage"":0.00066},{""age"":""35-44"",""gender"":""unknown"",""percentage"":0.001321},{""age"":""65+"",""gender"":""female"",""percentage"":0.026411},{""age"":""35-44"",""gender"":""male"",""percentage"":0.074282},{""age"":""45-54"",""gender"":""female"",""percentage"":0.108617},{""age"":""45-54"",""gender"":""male"",""percentage"":0.075272},{""age"":""65+"",""gender"":""male"",""percentage"":0.011555},{""age"":""25-34"",""gender"":""male"",""percentage"":0.136679},{""age"":""18-24"",""gender"":""female"",""percentage"":0.111258},{""age"":""18-24"",""gender"":""male"",""percentage"":0.067679},{""age"":""35-44"",""gender"":""female"",""percentage"":0.112578},{""age"":""55-64"",""gender"":""female"",""percentage"":0.071311},{""age"":""55-64"",""gender"":""male"",""percentage"":0.037306},{""age"":""25-34"",""gender"":""unknown"",""percentage"":0.00066}","{""region"":""B\u00edo B\u00edo Region"",""percentage"":1}","facebook,instagram","lower_bound: 10001, upper_bound: 50000",es
234016932115648,177384889097855,"Gabriel Boric",2021-12-05,2021-12-05,2021-12-10,"Gabriel Boric Font","No podemos permitir que familias y pequeños agricultores tengan que obtener agua a través de camiones aljibes, mientras que algunos abusan de su poder acumulándola para su beneficios. Para que el agua sea un derecho vota Gabriel Boric 1️⃣","Boric Presidente",boricpresidente.cl,"Votemos para hacer realidad un Chile en que nadie quede fuera. Votemos Gabriel Boric Presidente","lower_bound: 5000, upper_bound: 5999","lower_bound: 0, upper_bound: 99",USD,"{""age"":""35-44"",""gender"":""unknown"",""percentage"":0.001149},{""age"":""65+"",""gender"":""male"",""percentage"":0.014742},{""age"":""25-34"",""gender"":""unknown"",""percentage"":0.000383},{""age"":""45-54"",""gender"":""unknown"",""percentage"":0.000957},{""age"":""65+"",""gender"":""female"",""percentage"":0.022401},{""age"":""18-24"",""gender"":""male"",""percentage"":0.075627},{""age"":""18-24"",""gender"":""female"",""percentage"":0.117365},{""age"":""35-44"",""gender"":""male"",""percentage"":0.092667},{""age"":""25-34"",""gender"":""male"",""percentage"":0.143787},{""age"":""65+"",""gender"":""unknown"",""percentage"":0.000574},{""age"":""45-54"",""gender"":""female"",""percentage"":0.089029},{""age"":""25-34"",""gender"":""female"",""percentage"":0.167528},{""age"":""45-54"",""gender"":""male"",""percentage"":0.061267},{""age"":""55-64"",""gender"":""female"",""percentage"":0.059161},{""age"":""35-44"",""gender"":""female"",""percentage"":0.111047},{""age"":""55-64"",""gender"":""male"",""percentage"":0.040781},{""age"":""18-24"",""gender"":""unknown"",""percentage"":0.000766},{""age"":""55-64"",""gender"":""unknown"",""percentage"":0.000766}","{""region"":""Maule Region"",""percentage"":1}","facebook,instagram","lower_bound: 10001, upper_bound: 50000",es
350645743531968,177384889097855,"Gabriel Boric",2021-12-05,2021-12-06,2021-12-11,"Gabriel Boric Font","Que la vejez sea para descansar y disfrutar 🫂, no para trabajar porque la pensión no alcanza. Fin a las AFP para una jubilación a los 65 años con un piso de $250.000 mensuales. Para pensiones justas, vota Gabriel Boric 1️⃣","Boric Presidente",boricpresidente.cl,"Votemos para hacer realidad un Chile en que nadie quede fuera. Votemos Gabriel Boric Presidente","lower_bound: 10000, upper_bound: 14999","lower_bound: 0, upper_bound: 99",USD,"{""age"":""18-24"",""gender"":""unknown"",""percentage"":0.000943},{""age"":""25-34"",""gender"":""female"",""percentage"":0.146917},{""age"":""65+"",""gender"":""unknown"",""percentage"":0.000118},{""age"":""35-44"",""gender"":""unknown"",""percentage"":0.000472},{""age"":""45-54"",""gender"":""unknown"",""percentage"":0.000943},{""age"":""18-24"",""gender"":""male"",""percentage"":0.077939},{""age"":""45-54"",""gender"":""male"",""percentage"":0.068742},{""age"":""35-44"",""gender"":""female"",""percentage"":0.104351},{""age"":""25-34"",""gender"":""male"",""percentage"":0.140667},{""age"":""25-34"",""gender"":""unknown"",""percentage"":0.001179},{""age"":""35-44"",""gender"":""male"",""percentage"":0.085249},{""age"":""55-64"",""gender"":""female"",""percentage"":0.067445},{""age"":""65+"",""gender"":""male"",""percentage"":0.013678},{""age"":""45-54"",""gender"":""female"",""percentage"":0.087608},{""age"":""18-24"",""gender"":""female"",""percentage"":0.126754},{""age"":""55-64"",""gender"":""male"",""percentage"":0.052234},{""age"":""65+"",""gender"":""female"",""percentage"":0.02429},{""age"":""55-64"",""gender"":""unknown"",""percentage"":0.000472}","{""region"":""Maule Region"",""percentage"":1}","facebook,instagram","lower_bound: 10001, upper_bound: 50000",es
418200229944189,177384889097855,"Gabriel Boric",2021-12-05,2021-12-05,2021-12-10,"Gabriel Boric Font","Que no necesitemos los bingos y completadas para pagar un tratamiento 🏥, sino para celebrar un país más justo 🎉. 
Por una salud para todos, sin privilegios. Vota Gabriel Boric 1️⃣","Boric Presidente",boricpresidente.cl,"Votemos para hacer realidad un Chile en que nadie quede fuera. Votemos Gabriel Boric Presidente","lower_bound: 7000, upper_bound: 7999","lower_bound: 0, upper_bound: 99",USD,"{""age"":""35-44"",""gender"":""unknown"",""percentage"":0.000451},{""age"":""25-34"",""gender"":""female"",""percentage"":0.150827},{""age"":""45-54"",""gender"":""unknown"",""percentage"":0.000752},{""age"":""65+"",""gender"":""unknown"",""percentage"":0.000451},{""age"":""25-34"",""gender"":""unknown"",""percentage"":0.001955},{""age"":""18-24"",""gender"":""unknown"",""percentage"":0.002556},{""age"":""25-34"",""gender"":""male"",""percentage"":0.17985},{""age"":""18-24"",""gender"":""male"",""percentage"":0.110677},{""age"":""45-54"",""gender"":""male"",""percentage"":0.066617},{""age"":""65+"",""gender"":""female"",""percentage"":0.013534},{""age"":""35-44"",""gender"":""female"",""percentage"":0.09609},{""age"":""45-54"",""gender"":""female"",""percentage"":0.064662},{""age"":""18-24"",""gender"":""female"",""percentage"":0.121203},{""age"":""55-64"",""gender"":""female"",""percentage"":0.044511},{""age"":""55-64"",""gender"":""male"",""percentage"":0.033684},{""age"":""35-44"",""gender"":""male"",""percentage"":0.099248},{""age"":""65+"",""gender"":""male"",""percentage"":0.012331},{""age"":""55-64"",""gender"":""unknown"",""percentage"":0.000602}","{""region"":""Maule Region"",""percentage"":1}","facebook,instagram","lower_bound: 100001, upper_bound: 500000",es
598928541195747,177384889097855,"Gabriel Boric",2021-12-05,2021-12-06,2021-12-11,"Gabriel Boric Font","Que la vejez sea para descansar y disfrutar 🫂, no para trabajar porque la pensión no alcanza. Fin a las AFP para una jubilación a los 65 años con un piso de $250.000 mensuales. Para pensiones justas, vota Gabriel Boric 1️⃣","Boric Presidente",boricpresidente.cl,"Votemos para hacer realidad un Chile en que nadie quede fuera. Votemos Gabriel Boric Presidente","lower_bound: 20000, upper_bound: 24999","lower_bound: 0, upper_bound: 99",USD,"{""age"":""65+"",""gender"":""unknown"",""percentage"":0.000283},{""age"":""35-44"",""gender"":""male"",""percentage"":0.0977},{""age"":""65+"",""gender"":""female"",""percentage"":0.021529},{""age"":""18-24"",""gender"":""male"",""percentage"":0.076284},{""age"":""65+"",""gender"":""male"",""percentage"":0.017348},{""age"":""18-24"",""gender"":""female"",""percentage"":0.104311},{""age"":""45-54"",""gender"":""male"",""percentage"":0.092558},{""age"":""55-64"",""gender"":""male"",""percentage"":0.055659},{""age"":""55-64"",""gender"":""female"",""percentage"":0.065209},{""age"":""35-44"",""gender"":""unknown"",""percentage"":0.000848},{""age"":""25-34"",""gender"":""male"",""percentage"":0.154885},{""age"":""45-54"",""gender"":""female"",""percentage"":0.081991},{""age"":""25-34"",""gender"":""female"",""percentage"":0.137707},{""age"":""35-44"",""gender"":""female"",""percentage"":0.089563},{""age"":""55-64"",""gender"":""unknown"",""percentage"":0.000283},{""age"":""25-34"",""gender"":""unknown"",""percentage"":0.001469},{""age"":""18-24"",""gender"":""unknown"",""percentage"":0.002091},{""age"":""45-54"",""gender"":""unknown"",""percentage"":0.000283}","{""region"":""Maule Region"",""percentage"":1}","facebook,instagram","lower_bound: 100001, upper_bound: 500000",es
631256237983764,177384889097855,"Gabriel Boric",2021-12-05,2021-12-06,2021-12-11,"Gabriel Boric Font","Que la vejez sea para descansar y disfrutar 🫂, no para trabajar porque la pensión no alcanza. Fin a las AFP para una jubilación a los 65 años con un piso de $250.000 mensuales. Para pensiones justas, vota Gabriel Boric 1️⃣","Boric Presidente",boricpresidente.cl,"Votemos para hacer realidad un Chile en que nadie quede fuera. Votemos Gabriel Boric Presidente","lower_bound: 20000, upper_bound: 24999","lower_bound: 0, upper_bound: 99",USD,"{""age"":""55-64"",""gender"":""unknown"",""percentage"":0.000676},{""age"":""25-34"",""gender"":""male"",""percentage"":0.131358},{""age"":""35-44"",""gender"":""unknown"",""percentage"":0.000845},{""age"":""25-34"",""gender"":""unknown"",""percentage"":0.001183},{""age"":""18-24"",""gender"":""unknown"",""percentage"":0.002197},{""age"":""65+"",""gender"":""male"",""percentage"":0.018532},{""age"":""18-24"",""gender"":""female"",""percentage"":0.108489},{""age"":""25-34"",""gender"":""female"",""percentage"":0.128091},{""age"":""45-54"",""gender"":""female"",""percentage"":0.098462},{""age"":""45-54"",""gender"":""unknown"",""percentage"":0.000451},{""age"":""55-64"",""gender"":""female"",""percentage"":0.081113},{""age"":""45-54"",""gender"":""male"",""percentage"":0.08714},{""age"":""18-24"",""gender"":""male"",""percentage"":0.068214},{""age"":""35-44"",""gender"":""female"",""percentage"":0.096716},{""age"":""35-44"",""gender"":""male"",""percentage"":0.092379},{""age"":""55-64"",""gender"":""male"",""percentage"":0.054301},{""age"":""65+"",""gender"":""female"",""percentage"":0.029798},{""age"":""65+"",""gender"":""unknown"",""percentage"":5.6e-5}","{""region"":""B\u00edo B\u00edo Region"",""percentage"":1}","facebook,instagram","lower_bound: 100001, upper_bound: 500000",es
868941510439582,177384889097855,"Gabriel Boric",2021-12-05,2021-12-06,2021-12-11,"Gabriel Boric Font","Que la vejez sea para descansar y disfrutar 🫂, no para trabajar porque la pensión no alcanza. Fin a las AFP para una jubilación a los 65 años con un piso de $250.000 mensuales. Para pensiones justas, vota Gabriel Boric 1️⃣","Boric Presidente",boricpresidente.cl,"Votemos para hacer realidad un Chile en que nadie quede fuera. Votemos Gabriel Boric Presidente","lower_bound: 250000, upper_bound: 299999","lower_bound: 400, upper_bound: 499",USD,"{""age"":""13-17"",""gender"":""female"",""percentage"":3.1e-5},{""age"":""45-54"",""gender"":""male"",""percentage"":0.09236},{""age"":""65+"",""gender"":""male"",""percentage"":0.028759},{""age"":""55-64"",""gender"":""female"",""percentage"":0.066609},{""age"":""35-44"",""gender"":""male"",""percentage"":0.103321},{""age"":""35-44"",""gender"":""female"",""percentage"":0.066122},{""age"":""45-54"",""gender"":""female"",""percentage"":0.06458},{""age"":""18-24"",""gender"":""female"",""percentage"":0.103655},{""age"":""65+"",""gender"":""female"",""percentage"":0.034205},{""age"":""55-64"",""gender"":""male"",""percentage"":0.070337},{""age"":""18-24"",""gender"":""male"",""percentage"":0.081619},{""age"":""13-17"",""gender"":""unknown"",""percentage"":1.8e-5},{""age"":""25-34"",""gender"":""male"",""percentage"":0.158723},{""age"":""25-34"",""gender"":""female"",""percentage"":0.121541},{""age"":""35-44"",""gender"":""unknown"",""percentage"":0.001414},{""age"":""25-34"",""gender"":""unknown"",""percentage"":0.001884},{""age"":""55-64"",""gender"":""unknown"",""percentage"":0.000487},{""age"":""18-24"",""gender"":""unknown"",""percentage"":0.00303},{""age"":""65+"",""gender"":""unknown"",""percentage"":0.000351},{""age"":""45-54"",""gender"":""unknown"",""percentage"":0.000905},{""age"":""13-17"",""gender"":""male"",""percentage"":4.8e-5}","{""region"":""Santiago Metropolitan Region"",""percentage"":1}","facebook,instagram","lower_bound: 1000001",es
1016212035903079,177384889097855,"Gabriel Boric",2021-12-05,2021-12-05,2021-12-11,"Gabriel Boric Font","No podemos permitir que familias y pequeños agricultores tengan que obtener agua a través de camiones aljibes, mientras que algunos abusan de su poder acumulándola para su beneficios. Para que el agua sea un derecho vota Gabriel Boric 1️⃣","Boric Presidente",boricpresidente.cl,"Votemos para hacer realidad un Chile en que nadie quede fuera. Votemos Gabriel Boric Presidente","lower_bound: 70000, upper_bound: 79999","lower_bound: 100, upper_bound: 199",USD,"{""age"":""55-64"",""gender"":""unknown"",""percentage"":0.000611},{""age"":""45-54"",""gender"":""female"",""percentage"":0.062166},{""age"":""65+"",""gender"":""unknown"",""percentage"":0.000455},{""age"":""25-34"",""gender"":""unknown"",""percentage"":0.001692},{""age"":""55-64"",""gender"":""male"",""percentage"":0.048956},{""age"":""55-64"",""gender"":""female"",""percentage"":0.057502},{""age"":""18-24"",""gender"":""female"",""percentage"":0.108961},{""age"":""25-34"",""gender"":""female"",""percentage"":0.142162},{""age"":""35-44"",""gender"":""male"",""percentage"":0.105435},{""age"":""65+"",""gender"":""female"",""percentage"":0.030045},{""age"":""18-24"",""gender"":""unknown"",""percentage"":0.001621},{""age"":""25-34"",""gender"":""male"",""percentage"":0.170202},{""age"":""35-44"",""gender"":""female"",""percentage"":0.079243},{""age"":""18-24"",""gender"":""male"",""percentage"":0.084803},{""age"":""65+"",""gender"":""male"",""percentage"":0.023234},{""age"":""45-54"",""gender"":""male"",""percentage"":0.079456},{""age"":""35-44"",""gender"":""unknown"",""percentage"":0.00236},{""age"":""45-54"",""gender"":""unknown"",""percentage"":0.001081},{""age"":""13-17"",""gender"":""male"",""percentage"":1.4e-5}","{""region"":""Santiago Metropolitan Region"",""percentage"":1}","facebook,instagram","lower_bound: 1000001",es
1674121472919626,177384889097855,"Gabriel Boric",2021-12-05,2021-12-05,2021-12-11,"Gabriel Boric Font","No podemos permitir que familias y pequeños agricultores tengan que obtener agua a través de camiones aljibes, mientras que algunos abusan de su poder acumulándola para su beneficios. Para que el agua sea un derecho vota Gabriel Boric 1️⃣","Boric Presidente",boricpresidente.cl,"Votemos para hacer realidad un Chile en que nadie quede fuera. Votemos Gabriel Boric Presidente","lower_bound: 10000, upper_bound: 14999","lower_bound: 0, upper_bound: 99",USD,"{""age"":""65+"",""gender"":""unknown"",""percentage"":0.000181},{""age"":""35-44"",""gender"":""female"",""percentage"":0.109665},{""age"":""18-24"",""gender"":""unknown"",""percentage"":0.001447},{""age"":""25-34"",""gender"":""unknown"",""percentage"":0.001627},{""age"":""45-54"",""gender"":""male"",""percentage"":0.068077},{""age"":""25-34"",""gender"":""female"",""percentage"":0.161197},{""age"":""65+"",""gender"":""female"",""percentage"":0.02224},{""age"":""25-34"",""gender"":""male"",""percentage"":0.154868},{""age"":""18-24"",""gender"":""female"",""percentage"":0.108218},{""age"":""55-64"",""gender"":""unknown"",""percentage"":0.000181},{""age"":""35-44"",""gender"":""male"",""percentage"":0.091673},{""age"":""55-64"",""gender"":""female"",""percentage"":0.061568},{""age"":""55-64"",""gender"":""male"",""percentage"":0.041678},{""age"":""18-24"",""gender"":""male"",""percentage"":0.074315},{""age"":""45-54"",""gender"":""female"",""percentage"":0.088328},{""age"":""65+"",""gender"":""male"",""percentage"":0.013471},{""age"":""45-54"",""gender"":""unknown"",""percentage"":0.000362},{""age"":""35-44"",""gender"":""unknown"",""percentage"":0.000904}","{""region"":""Maule Region"",""percentage"":1}","facebook,instagram","lower_bound: 100001, upper_bound: 500000",es
5163988463621026,177384889097855,"Gabriel Boric",2021-12-05,2021-12-05,2021-12-11,"Gabriel Boric Font","Que no necesitemos los bingos y completadas para pagar un tratamiento 🏥, sino para celebrar un país más justo 🎉. 
Por una salud para todos, sin privilegios. Vota Gabriel Boric 1️⃣","Boric Presidente",boricpresidente.cl,"Votemos para hacer realidad un Chile en que nadie quede fuera. Votemos Gabriel Boric Presidente","lower_bound: 4000, upper_bound: 4999","lower_bound: 0, upper_bound: 99",USD,"{""age"":""25-34"",""gender"":""unknown"",""percentage"":0.001276},{""age"":""45-54"",""gender"":""male"",""percentage"":0.06352},{""age"":""55-64"",""gender"":""unknown"",""percentage"":0.00051},{""age"":""45-54"",""gender"":""unknown"",""percentage"":0.000765},{""age"":""65+"",""gender"":""male"",""percentage"":0.013265},{""age"":""35-44"",""gender"":""unknown"",""percentage"":0.001531},{""age"":""55-64"",""gender"":""male"",""percentage"":0.037755},{""age"":""65+"",""gender"":""female"",""percentage"":0.019898},{""age"":""35-44"",""gender"":""female"",""percentage"":0.096429},{""age"":""18-24"",""gender"":""male"",""percentage"":0.102551},{""age"":""45-54"",""gender"":""female"",""percentage"":0.070663},{""age"":""25-34"",""gender"":""female"",""percentage"":0.165051},{""age"":""25-34"",""gender"":""male"",""percentage"":0.171939},{""age"":""35-44"",""gender"":""male"",""percentage"":0.091837},{""age"":""18-24"",""gender"":""female"",""percentage"":0.115561},{""age"":""55-64"",""gender"":""female"",""percentage"":0.046429},{""age"":""18-24"",""gender"":""unknown"",""percentage"":0.00102}","{""region"":""Maule Region"",""percentage"":1}","facebook,instagram","lower_bound: 10001, upper_bound: 50000",es
957271068235541,177384889097855,"Gabriel Boric",2021-12-05,2021-12-05,2021-12-10,"Gabriel Boric Font","Que no necesitemos los bingos y completadas para pagar un tratamiento 🏥, sino para celebrar un país más justo 🎉. 
Por una salud para todos, sin privilegios. Vota Gabriel Boric 1️⃣","Boric Presidente",boricpresidente.cl,"Votemos para hacer realidad un Chile en que nadie quede fuera. Votemos Gabriel Boric Presidente","lower_bound: 2000, upper_bound: 2999","lower_bound: 0, upper_bound: 99",USD,"{""age"":""18-24"",""gender"":""unknown"",""percentage"":0.000978},{""age"":""45-54"",""gender"":""male"",""percentage"":0.050342},{""age"":""35-44"",""gender"":""unknown"",""percentage"":0.000978},{""age"":""55-64"",""gender"":""male"",""percentage"":0.042033},{""age"":""25-34"",""gender"":""female"",""percentage"":0.164712},{""age"":""45-54"",""gender"":""female"",""percentage"":0.061584},{""age"":""35-44"",""gender"":""female"",""percentage"":0.110948},{""age"":""18-24"",""gender"":""male"",""percentage"":0.097263},{""age"":""18-24"",""gender"":""female"",""percentage"":0.131965},{""age"":""55-64"",""gender"":""unknown"",""percentage"":0.000489},{""age"":""35-44"",""gender"":""male"",""percentage"":0.09433},{""age"":""55-64"",""gender"":""female"",""percentage"":0.046432},{""age"":""65+"",""gender"":""male"",""percentage"":0.012708},{""age"":""25-34"",""gender"":""male"",""percentage"":0.161779},{""age"":""65+"",""gender"":""female"",""percentage"":0.020528},{""age"":""45-54"",""gender"":""unknown"",""percentage"":0.000978},{""age"":""25-34"",""gender"":""unknown"",""percentage"":0.001955}","{""region"":""O'Higgins Region"",""percentage"":1}","facebook,instagram","lower_bound: 10001, upper_bound: 50000",es
234098728796951,177384889097855,"Gabriel Boric",2021-12-05,2021-12-05,2021-12-11,"Gabriel Boric Font","No podemos permitir que familias y pequeños agricultores tengan que obtener agua a través de camiones aljibes, mientras que algunos abusan de su poder acumulándola para su beneficios. Para que el agua sea un derecho vota Gabriel Boric 1️⃣","Boric Presidente",boricpresidente.cl,"Votemos para hacer realidad un Chile en que nadie quede fuera. Votemos Gabriel Boric Presidente","lower_bound: 15000, upper_bound: 19999","lower_bound: 0, upper_bound: 99",USD,"{""age"":""65+"",""gender"":""unknown"",""percentage"":0.000268},{""age"":""55-64"",""gender"":""female"",""percentage"":0.042747},{""age"":""45-54"",""gender"":""unknown"",""percentage"":0.001943},{""age"":""35-44"",""gender"":""unknown"",""percentage"":0.002144},{""age"":""25-34"",""gender"":""unknown"",""percentage"":0.001273},{""age"":""25-34"",""gender"":""male"",""percentage"":0.159531},{""age"":""25-34"",""gender"":""female"",""percentage"":0.161474},{""age"":""18-24"",""gender"":""female"",""percentage"":0.130318},{""age"":""35-44"",""gender"":""female"",""percentage"":0.088241},{""age"":""18-24"",""gender"":""unknown"",""percentage"":0.001608},{""age"":""18-24"",""gender"":""male"",""percentage"":0.098157},{""age"":""65+"",""gender"":""male"",""percentage"":0.015745},{""age"":""45-54"",""gender"":""male"",""percentage"":0.069146},{""age"":""35-44"",""gender"":""male"",""percentage"":0.105327},{""age"":""45-54"",""gender"":""female"",""percentage"":0.06392},{""age"":""65+"",""gender"":""female"",""percentage"":0.020972},{""age"":""55-64"",""gender"":""male"",""percentage"":0.036985},{""age"":""55-64"",""gender"":""unknown"",""percentage"":0.000201}","{""region"":""O'Higgins Region"",""percentage"":1}","facebook,instagram","lower_bound: 100001, upper_bound: 500000",es
332849688274391,177384889097855,"Gabriel Boric",2021-12-05,2021-12-05,2021-12-10,"Gabriel Boric Font","Que no necesitemos los bingos y completadas para pagar un tratamiento 🏥, sino para celebrar un país más justo 🎉. 
Por una salud para todos, sin privilegios. Vota Gabriel Boric 1️⃣","Boric Presidente",boricpresidente.cl,"Votemos para hacer realidad un Chile en que nadie quede fuera. Votemos Gabriel Boric Presidente","lower_bound: 0, upper_bound: 999","lower_bound: 0, upper_bound: 99",USD,"{""age"":""35-44"",""gender"":""unknown"",""percentage"":0.001988},{""age"":""55-64"",""gender"":""unknown"",""percentage"":0.001988},{""age"":""35-44"",""gender"":""male"",""percentage"":0.079523},{""age"":""45-54"",""gender"":""female"",""percentage"":0.089463},{""age"":""45-54"",""gender"":""male"",""percentage"":0.081511},{""age"":""18-24"",""gender"":""female"",""percentage"":0.125249},{""age"":""18-24"",""gender"":""male"",""percentage"":0.097416},{""age"":""25-34"",""gender"":""male"",""percentage"":0.172962},{""age"":""35-44"",""gender"":""female"",""percentage"":0.107356},{""age"":""65+"",""gender"":""female"",""percentage"":0.005964},{""age"":""55-64"",""gender"":""female"",""percentage"":0.031809},{""age"":""55-64"",""gender"":""male"",""percentage"":0.025845},{""age"":""65+"",""gender"":""male"",""percentage"":0.00994},{""age"":""25-34"",""gender"":""female"",""percentage"":0.168986}","{""region"":""O'Higgins Region"",""percentage"":1}","facebook,instagram","lower_bound: 5001, upper_bound: 10000",es
433354538368108,177384889097855,"Gabriel Boric",2021-12-05,2021-12-05,2021-12-10,"Gabriel Boric Font","Que nunca más tengas que esperar horas para recibir tus remedios 💊, una salud digna donde los medicamentos se entreguen a domicilio 🚐. Vota Gabriel Boric 1️⃣","Boric Presidente",boricpresidente.cl,"Votemos para hacer realidad un Chile en que nadie quede fuera. Votemos Gabriel Boric Presidente","lower_bound: 0, upper_bound: 999","lower_bound: 0, upper_bound: 99",USD,"{""age"":""65+"",""gender"":""female"",""percentage"":0.264151},{""age"":""65+"",""gender"":""male"",""percentage"":0.169811},{""age"":""55-64"",""gender"":""female"",""percentage"":0.367925},{""age"":""55-64"",""gender"":""male"",""percentage"":0.188679},{""age"":""65+"",""gender"":""unknown"",""percentage"":0.009434}","{""region"":""Santiago Metropolitan Region"",""percentage"":1}","facebook,instagram","lower_bound: 1001, upper_bound: 5000",es
632342104612138,177384889097855,"Gabriel Boric",2021-12-05,2021-12-06,2021-12-10,"Gabriel Boric Font","Que la vejez sea para descansar y disfrutar 🫂, no para trabajar porque la pensión no alcanza. Fin a las AFP para una jubilación a los 65 años con un piso de $250.000 mensuales. Para pensiones justas, vota Gabriel Boric 1️⃣","Boric Presidente",boricpresidente.cl,"Votemos para hacer realidad un Chile en que nadie quede fuera. Votemos Gabriel Boric Presidente","lower_bound: 5000, upper_bound: 5999","lower_bound: 0, upper_bound: 99",USD,"{""age"":""25-34"",""gender"":""unknown"",""percentage"":0.001051},{""age"":""55-64"",""gender"":""female"",""percentage"":0.060135},{""age"":""65+"",""gender"":""unknown"",""percentage"":0.00021},{""age"":""18-24"",""gender"":""unknown"",""percentage"":0.002733},{""age"":""65+"",""gender"":""female"",""percentage"":0.017662},{""age"":""35-44"",""gender"":""female"",""percentage"":0.093776},{""age"":""18-24"",""gender"":""male"",""percentage"":0.089151},{""age"":""25-34"",""gender"":""male"",""percentage"":0.146972},{""age"":""45-54"",""gender"":""female"",""percentage"":0.084525},{""age"":""35-44"",""gender"":""unknown"",""percentage"":0.000841},{""age"":""25-34"",""gender"":""female"",""percentage"":0.148444},{""age"":""35-44"",""gender"":""male"",""percentage"":0.087258},{""age"":""45-54"",""gender"":""male"",""percentage"":0.070017},{""age"":""18-24"",""gender"":""female"",""percentage"":0.13688},{""age"":""55-64"",""gender"":""male"",""percentage"":0.041632},{""age"":""65+"",""gender"":""male"",""percentage"":0.018503},{""age"":""45-54"",""gender"":""unknown"",""percentage"":0.00021}","{""region"":""O'Higgins Region"",""percentage"":1}","facebook,instagram","lower_bound: 10001, upper_bound: 50000",es
645786699766375,177384889097855,"Gabriel Boric",2021-12-05,2021-12-06,2021-12-10,"Gabriel Boric Font","Que la vejez sea para descansar y disfrutar 🫂, no para trabajar porque la pensión no alcanza. Fin a las AFP para una jubilación a los 65 años con un piso de $250.000 mensuales. Para pensiones justas, vota Gabriel Boric 1️⃣","Boric Presidente",boricpresidente.cl,"Votemos para hacer realidad un Chile en que nadie quede fuera. Votemos Gabriel Boric Presidente","lower_bound: 2000, upper_bound: 2999","lower_bound: 0, upper_bound: 99",USD,"{""age"":""65+"",""gender"":""unknown"",""percentage"":0.000488},{""age"":""65+"",""gender"":""female"",""percentage"":0.018555},{""age"":""55-64"",""gender"":""unknown"",""percentage"":0.001465},{""age"":""65+"",""gender"":""male"",""percentage"":0.01416},{""age"":""55-64"",""gender"":""female"",""percentage"":0.068848},{""age"":""25-34"",""gender"":""male"",""percentage"":0.132324},{""age"":""25-34"",""gender"":""female"",""percentage"":0.14209},{""age"":""45-54"",""gender"":""male"",""percentage"":0.085449},{""age"":""45-54"",""gender"":""female"",""percentage"":0.100586},{""age"":""35-44"",""gender"":""female"",""percentage"":0.109863},{""age"":""18-24"",""gender"":""female"",""percentage"":0.108398},{""age"":""18-24"",""gender"":""male"",""percentage"":0.068848},{""age"":""35-44"",""gender"":""male"",""percentage"":0.086426},{""age"":""55-64"",""gender"":""male"",""percentage"":0.060547},{""age"":""35-44"",""gender"":""unknown"",""percentage"":0.000977},{""age"":""45-54"",""gender"":""unknown"",""percentage"":0.000977}","{""region"":""O'Higgins Region"",""percentage"":1}","facebook,instagram","lower_bound: 5001, upper_bound: 10000",es
886546375356487,177384889097855,"Gabriel Boric",2021-12-05,2021-12-05,2021-12-10,"Gabriel Boric Font","No podemos permitir que familias y pequeños agricultores tengan que obtener agua a través de camiones aljibes, mientras que algunos abusan de su poder acumulándola para su beneficios. Para que el agua sea un derecho vota Gabriel Boric 1️⃣","Boric Presidente",boricpresidente.cl,"Votemos para hacer realidad un Chile en que nadie quede fuera. Votemos Gabriel Boric Presidente","lower_bound: 2000, upper_bound: 2999","lower_bound: 0, upper_bound: 99",USD,"{""age"":""18-24"",""gender"":""unknown"",""percentage"":0.00194},{""age"":""25-34"",""gender"":""unknown"",""percentage"":0.000776},{""age"":""45-54"",""gender"":""unknown"",""percentage"":0.000388},{""age"":""65+"",""gender"":""male"",""percentage"":0.009313},{""age"":""55-64"",""gender"":""female"",""percentage"":0.049282},{""age"":""55-64"",""gender"":""male"",""percentage"":0.02988},{""age"":""35-44"",""gender"":""male"",""percentage"":0.092744},{""age"":""45-54"",""gender"":""male"",""percentage"":0.054715},{""age"":""25-34"",""gender"":""male"",""percentage"":0.149399},{""age"":""45-54"",""gender"":""female"",""percentage"":0.072565},{""age"":""25-34"",""gender"":""female"",""percentage"":0.19092},{""age"":""18-24"",""gender"":""female"",""percentage"":0.124175},{""age"":""18-24"",""gender"":""male"",""percentage"":0.084983},{""age"":""35-44"",""gender"":""female"",""percentage"":0.110982},{""age"":""65+"",""gender"":""female"",""percentage"":0.025999},{""age"":""35-44"",""gender"":""unknown"",""percentage"":0.00194}","{""region"":""O'Higgins Region"",""percentage"":1}","facebook,instagram","lower_bound: 10001, upper_bound: 50000",es
906332953350336,177384889097855,"Gabriel Boric",2021-12-05,2021-12-05,2021-12-11,"Gabriel Boric Font","Que no necesitemos los bingos y completadas para pagar un tratamiento 🏥, sino para celebrar un país más justo 🎉. 
Por una salud para todos, sin privilegios. Vota Gabriel Boric 1️⃣","Boric Presidente",boricpresidente.cl,"Votemos para hacer realidad un Chile en que nadie quede fuera. Votemos Gabriel Boric Presidente","lower_bound: 10000, upper_bound: 14999","lower_bound: 0, upper_bound: 99",USD,"{""age"":""18-24"",""gender"":""unknown"",""percentage"":0.001595},{""age"":""25-34"",""gender"":""female"",""percentage"":0.169396},{""age"":""65+"",""gender"":""unknown"",""percentage"":0.000319},{""age"":""35-44"",""gender"":""female"",""percentage"":0.100489},{""age"":""55-64"",""gender"":""female"",""percentage"":0.055402},{""age"":""25-34"",""gender"":""male"",""percentage"":0.175032},{""age"":""18-24"",""gender"":""female"",""percentage"":0.123033},{""age"":""45-54"",""gender"":""female"",""percentage"":0.067099},{""age"":""18-24"",""gender"":""male"",""percentage"":0.089643},{""age"":""45-54"",""gender"":""unknown"",""percentage"":0.00202},{""age"":""55-64"",""gender"":""male"",""percentage"":0.030413},{""age"":""35-44"",""gender"":""male"",""percentage"":0.097193},{""age"":""45-54"",""gender"":""male"",""percentage"":0.053807},{""age"":""25-34"",""gender"":""unknown"",""percentage"":0.00202},{""age"":""65+"",""gender"":""male"",""percentage"":0.013399},{""age"":""65+"",""gender"":""female"",""percentage"":0.017333},{""age"":""35-44"",""gender"":""unknown"",""percentage"":0.001595},{""age"":""55-64"",""gender"":""unknown"",""percentage"":0.000213}","{""region"":""O'Higgins Region"",""percentage"":1}","facebook,instagram","lower_bound: 100001, upper_bound: 500000",es
911852033025461,177384889097855,"Gabriel Boric",2021-12-05,2021-12-06,2021-12-11,"Gabriel Boric Font","Que la vejez sea para descansar y disfrutar 🫂, no para trabajar porque la pensión no alcanza. Fin a las AFP para una jubilación a los 65 años con un piso de $250.000 mensuales. Para pensiones justas, vota Gabriel Boric 1️⃣","Boric Presidente",boricpresidente.cl,"Votemos para hacer realidad un Chile en que nadie quede fuera. Votemos Gabriel Boric Presidente","lower_bound: 9000, upper_bound: 9999","lower_bound: 0, upper_bound: 99",USD,"{""age"":""45-54"",""gender"":""unknown"",""percentage"":0.000144},{""age"":""45-54"",""gender"":""male"",""percentage"":0.071367},{""age"":""35-44"",""gender"":""unknown"",""percentage"":0.000721},{""age"":""18-24"",""gender"":""female"",""percentage"":0.128028},{""age"":""65+"",""gender"":""female"",""percentage"":0.020329},{""age"":""35-44"",""gender"":""female"",""percentage"":0.100202},{""age"":""35-44"",""gender"":""male"",""percentage"":0.092849},{""age"":""18-24"",""gender"":""male"",""percentage"":0.086794},{""age"":""45-54"",""gender"":""female"",""percentage"":0.081171},{""age"":""18-24"",""gender"":""unknown"",""percentage"":0.002018},{""age"":""55-64"",""gender"":""male"",""percentage"":0.044406},{""age"":""25-34"",""gender"":""female"",""percentage"":0.150663},{""age"":""25-34"",""gender"":""male"",""percentage"":0.143743},{""age"":""65+"",""gender"":""male"",""percentage"":0.015859},{""age"":""55-64"",""gender"":""female"",""percentage"":0.059689},{""age"":""25-34"",""gender"":""unknown"",""percentage"":0.00173},{""age"":""55-64"",""gender"":""unknown"",""percentage"":0.000288}","{""region"":""O'Higgins Region"",""percentage"":1}","facebook,instagram","lower_bound: 10001, upper_bound: 50000",es
936400920322249,177384889097855,"Gabriel Boric",2021-12-05,2021-12-05,2021-12-11,"Gabriel Boric Font","No podemos permitir que familias y pequeños agricultores tengan que obtener agua a través de camiones aljibes, mientras que algunos abusan de su poder acumulándola para su beneficios. Para que el agua sea un derecho vota Gabriel Boric 1️⃣","Boric Presidente",boricpresidente.cl,"Votemos para hacer realidad un Chile en que nadie quede fuera. Votemos Gabriel Boric Presidente","lower_bound: 1000, upper_bound: 1999","lower_bound: 0, upper_bound: 99",USD,"{""age"":""45-54"",""gender"":""unknown"",""percentage"":0.001107},{""age"":""35-44"",""gender"":""male"",""percentage"":0.079734},{""age"":""65+"",""gender"":""female"",""percentage"":0.016611},{""age"":""35-44"",""gender"":""female"",""percentage"":0.129568},{""age"":""55-64"",""gender"":""male"",""percentage"":0.040975},{""age"":""25-34"",""gender"":""female"",""percentage"":0.202658},{""age"":""35-44"",""gender"":""unknown"",""percentage"":0.003322},{""age"":""45-54"",""gender"":""female"",""percentage"":0.083056},{""age"":""45-54"",""gender"":""male"",""percentage"":0.048726},{""age"":""18-24"",""gender"":""unknown"",""percentage"":0.001107},{""age"":""18-24"",""gender"":""male"",""percentage"":0.06866},{""age"":""18-24"",""gender"":""female"",""percentage"":0.126246},{""age"":""25-34"",""gender"":""male"",""percentage"":0.129568},{""age"":""65+"",""gender"":""male"",""percentage"":0.008859},{""age"":""55-64"",""gender"":""unknown"",""percentage"":0.001107},{""age"":""25-34"",""gender"":""unknown"",""percentage"":0.001107},{""age"":""55-64"",""gender"":""female"",""percentage"":0.057586}","{""region"":""O'Higgins Region"",""percentage"":1}","facebook,instagram","lower_bound: 5001, upper_bound: 10000",es
939813193322097,177384889097855,"Gabriel Boric",2021-12-05,2021-12-06,2021-12-10,"Gabriel Boric Font","Que la vejez sea para descansar y disfrutar 🫂, no para trabajar porque la pensión no alcanza. Fin a las AFP para una jubilación a los 65 años con un piso de $250.000 mensuales. Para pensiones justas, vota Gabriel Boric 1️⃣","Boric Presidente",boricpresidente.cl,"Votemos para hacer realidad un Chile en que nadie quede fuera. Votemos Gabriel Boric Presidente","lower_bound: 0, upper_bound: 999","lower_bound: 0, upper_bound: 99",USD,"{""age"":""55-64"",""gender"":""female"",""percentage"":0.373585},{""age"":""55-64"",""gender"":""male"",""percentage"":0.207547},{""age"":""65+"",""gender"":""male"",""percentage"":0.162264},{""age"":""65+"",""gender"":""female"",""percentage"":0.25283},{""age"":""65+"",""gender"":""unknown"",""percentage"":0.003774}","{""region"":""Santiago Metropolitan Region"",""percentage"":1}","facebook,instagram","lower_bound: 1001, upper_bound: 5000",es
1238084936713793,177384889097855,"Gabriel Boric",2021-12-05,2021-12-05,2021-12-10,"Gabriel Boric Font","Que no necesitemos los bingos y completadas para pagar un tratamiento 🏥, sino para celebrar un país más justo 🎉. 
Por una salud para todos, sin privilegios. Vota Gabriel Boric 1️⃣","Boric Presidente",boricpresidente.cl,"Votemos para hacer realidad un Chile en que nadie quede fuera. Votemos Gabriel Boric Presidente","lower_bound: 2000, upper_bound: 2999","lower_bound: 0, upper_bound: 99",USD,"{""age"":""65+"",""gender"":""unknown"",""percentage"":0.000502},{""age"":""45-54"",""gender"":""unknown"",""percentage"":0.000502},{""age"":""65+"",""gender"":""male"",""percentage"":0.014566},{""age"":""65+"",""gender"":""female"",""percentage"":0.017579},{""age"":""45-54"",""gender"":""female"",""percentage"":0.069814},{""age"":""55-64"",""gender"":""female"",""percentage"":0.040683},{""age"":""55-64"",""gender"":""male"",""percentage"":0.032145},{""age"":""25-34"",""gender"":""female"",""percentage"":0.168257},{""age"":""18-24"",""gender"":""male"",""percentage"":0.096434},{""age"":""45-54"",""gender"":""male"",""percentage"":0.060773},{""age"":""35-44"",""gender"":""female"",""percentage"":0.098945},{""age"":""25-34"",""gender"":""male"",""percentage"":0.177298},{""age"":""35-44"",""gender"":""male"",""percentage"":0.096936},{""age"":""18-24"",""gender"":""female"",""percentage"":0.120542},{""age"":""25-34"",""gender"":""unknown"",""percentage"":0.002511},{""age"":""18-24"",""gender"":""unknown"",""percentage"":0.002511}","{""region"":""O'Higgins Region"",""percentage"":1}","facebook,instagram","lower_bound: 10001, upper_bound: 50000",es
3147842705542005,177384889097855,"Gabriel Boric",2021-12-05,2021-12-06,2021-12-11,"Gabriel Boric Font","Que la vejez sea para descansar y disfrutar 🫂, no para trabajar porque la pensión no alcanza. Fin a las AFP para una jubilación a los 65 años con un piso de $250.000 mensuales. Para pensiones justas, vota Gabriel Boric 1️⃣","Boric Presidente",boricpresidente.cl,"Votemos para hacer realidad un Chile en que nadie quede fuera. Votemos Gabriel Boric Presidente","lower_bound: 45000, upper_bound: 49999","lower_bound: 0, upper_bound: 99",USD,"{""age"":""13-17"",""gender"":""female"",""percentage"":2.8e-5},{""age"":""25-34"",""gender"":""female"",""percentage"":0.148715},{""age"":""25-34"",""gender"":""unknown"",""percentage"":0.001564},{""age"":""35-44"",""gender"":""unknown"",""percentage"":0.001109},{""age"":""55-64"",""gender"":""unknown"",""percentage"":0.000256},{""age"":""18-24"",""gender"":""unknown"",""percentage"":0.00273},{""age"":""18-24"",""gender"":""male"",""percentage"":0.090907},{""age"":""45-54"",""gender"":""male"",""percentage"":0.072481},{""age"":""55-64"",""gender"":""male"",""percentage"":0.04379},{""age"":""55-64"",""gender"":""female"",""percentage"":0.060652},{""age"":""45-54"",""gender"":""unknown"",""percentage"":0.000739},{""age"":""35-44"",""gender"":""male"",""percentage"":0.096593},{""age"":""35-44"",""gender"":""female"",""percentage"":0.08212},{""age"":""65+"",""gender"":""female"",""percentage"":0.023772},{""age"":""45-54"",""gender"":""female"",""percentage"":0.073305},{""age"":""25-34"",""gender"":""male"",""percentage"":0.154061},{""age"":""18-24"",""gender"":""female"",""percentage"":0.13046},{""age"":""65+"",""gender"":""male"",""percentage"":0.016606},{""age"":""65+"",""gender"":""unknown"",""percentage"":0.000114}","{""region"":""O'Higgins Region"",""percentage"":1}","facebook,instagram","lower_bound: 100001, upper_bound: 500000",es
443149467297158,177384889097855,"Gabriel Boric",2021-12-05,2021-12-05,2021-12-10,"Gabriel Boric Font","Las autoridades de gobierno no ganarán más de 5 millones, es decir 10 veces el salario mínimo de $500.000 al que proponemos llegar. Por un Chile sin privilegios, vota Gabriel Boric 1️⃣","Boric Presidente",boricpresidente.cl,"Votemos para hacer realidad un Chile en que nadie quede fuera. Votemos Gabriel Boric Presidente","lower_bound: 0, upper_bound: 999","lower_bound: 0, upper_bound: 99",USD,,,"facebook,instagram","lower_bound: 1001, upper_bound: 5000",es
228803912702666,177384889097855,"Gabriel Boric",2021-12-05,2021-12-06,2021-12-11,"Gabriel Boric Font","Que la vejez sea para descansar y disfrutar 🫂, no para trabajar porque la pensión no alcanza. Fin a las AFP para una jubilación a los 65 años con un piso de $250.000 mensuales. Para pensiones justas, vota Gabriel Boric 1️⃣","Boric Presidente",boricpresidente.cl,"Votemos para hacer realidad un Chile en que nadie quede fuera. Votemos Gabriel Boric Presidente","lower_bound: 2000, upper_bound: 2999","lower_bound: 0, upper_bound: 99",USD,"{""age"":""18-24"",""gender"":""unknown"",""percentage"":0.005495},{""age"":""18-24"",""gender"":""female"",""percentage"":0.153388},{""age"":""45-54"",""gender"":""male"",""percentage"":0.050824},{""age"":""25-34"",""gender"":""female"",""percentage"":0.184066},{""age"":""35-44"",""gender"":""unknown"",""percentage"":0.003663},{""age"":""45-54"",""gender"":""female"",""percentage"":0.049908},{""age"":""25-34"",""gender"":""unknown"",""percentage"":0.003663},{""age"":""35-44"",""gender"":""male"",""percentage"":0.127289},{""age"":""18-24"",""gender"":""male"",""percentage"":0.092949},{""age"":""25-34"",""gender"":""male"",""percentage"":0.220238},{""age"":""35-44"",""gender"":""female"",""percentage"":0.108059},{""age"":""45-54"",""gender"":""unknown"",""percentage"":0.000458}","{""region"":""B\u00edo B\u00edo Region"",""percentage"":1}","facebook,instagram","lower_bound: 10001, upper_bound: 50000",es
382330753580915,177384889097855,"Gabriel Boric",2021-12-05,2021-12-06,2021-12-10,"Gabriel Boric Font","Que la vejez sea para descansar y disfrutar 🫂, no para trabajar porque la pensión no alcanza. Fin a las AFP para una jubilación a los 65 años con un piso de $250.000 mensuales. Para pensiones justas, vota Gabriel Boric 1️⃣","Boric Presidente",boricpresidente.cl,"Votemos para hacer realidad un Chile en que nadie quede fuera. Votemos Gabriel Boric Presidente","lower_bound: 2000, upper_bound: 2999","lower_bound: 0, upper_bound: 99",USD,"{""age"":""45-54"",""gender"":""unknown"",""percentage"":0.000609},{""age"":""18-24"",""gender"":""unknown"",""percentage"":0.003654},{""age"":""25-34"",""gender"":""unknown"",""percentage"":0.004263},{""age"":""45-54"",""gender"":""female"",""percentage"":0.046894},{""age"":""45-54"",""gender"":""male"",""percentage"":0.048721},{""age"":""25-34"",""gender"":""male"",""percentage"":0.224726},{""age"":""35-44"",""gender"":""male"",""percentage"":0.137637},{""age"":""18-24"",""gender"":""female"",""percentage"":0.140073},{""age"":""18-24"",""gender"":""male"",""percentage"":0.073691},{""age"":""35-44"",""gender"":""female"",""percentage"":0.116931},{""age"":""25-34"",""gender"":""female"",""percentage"":0.199147},{""age"":""35-44"",""gender"":""unknown"",""percentage"":0.003654}","{""region"":""B\u00edo B\u00edo Region"",""percentage"":1}","facebook,instagram","lower_bound: 10001, upper_bound: 50000",es
448332243337882,177384889097855,"Gabriel Boric",2021-12-05,2021-12-06,2021-12-10,"Gabriel Boric Font","Que la vejez sea para descansar y disfrutar 🫂, no para trabajar porque la pensión no alcanza. Fin a las AFP para una jubilación a los 65 años con un piso de $250.000 mensuales. Para pensiones justas, vota Gabriel Boric 1️⃣","Boric Presidente",boricpresidente.cl,"Votemos para hacer realidad un Chile en que nadie quede fuera. Votemos Gabriel Boric Presidente","lower_bound: 0, upper_bound: 999","lower_bound: 0, upper_bound: 99",USD,"{""age"":""45-54"",""gender"":""unknown"",""percentage"":0.001675},{""age"":""55-64"",""gender"":""unknown"",""percentage"":0.001675},{""age"":""55-64"",""gender"":""female"",""percentage"":0.0067},{""age"":""45-54"",""gender"":""male"",""percentage"":0.102178},{""age"":""25-34"",""gender"":""unknown"",""percentage"":0.00335},{""age"":""25-34"",""gender"":""male"",""percentage"":0.254606},{""age"":""35-44"",""gender"":""male"",""percentage"":0.105528},{""age"":""45-54"",""gender"":""female"",""percentage"":0.165829},{""age"":""35-44"",""gender"":""female"",""percentage"":0.139028},{""age"":""25-34"",""gender"":""female"",""percentage"":0.20603},{""age"":""55-64"",""gender"":""male"",""percentage"":0.0134}","{""region"":""B\u00edo B\u00edo Region"",""percentage"":1}","facebook,instagram","lower_bound: 1001, upper_bound: 5000",es
443099014091038,177384889097855,"Gabriel Boric",2021-12-05,2021-12-05,2021-12-10,"Gabriel Boric Font","Que no necesitemos los bingos y completadas para pagar un tratamiento 🏥, sino para celebrar un país más justo 🎉. 
Por una salud para todos, sin privilegios. Vota Gabriel Boric 1️⃣","Boric Presidente",boricpresidente.cl,"Votemos para hacer realidad un Chile en que nadie quede fuera. Votemos Gabriel Boric Presidente","lower_bound: 2000, upper_bound: 2999","lower_bound: 0, upper_bound: 99",USD,"{""age"":""35-44"",""gender"":""unknown"",""percentage"":0.000507},{""age"":""45-54"",""gender"":""unknown"",""percentage"":0.000507},{""age"":""55-64"",""gender"":""female"",""percentage"":0.00761},{""age"":""55-64"",""gender"":""male"",""percentage"":0.003551},{""age"":""45-54"",""gender"":""male"",""percentage"":0.072045},{""age"":""35-44"",""gender"":""female"",""percentage"":0.141553},{""age"":""35-44"",""gender"":""male"",""percentage"":0.137494},{""age"":""25-34"",""gender"":""male"",""percentage"":0.243024},{""age"":""45-54"",""gender"":""female"",""percentage"":0.095383},{""age"":""25-34"",""gender"":""female"",""percentage"":0.297818},{""age"":""25-34"",""gender"":""unknown"",""percentage"":0.000507}","{""region"":""Antofagasta Region"",""percentage"":1}","facebook,instagram","lower_bound: 10001, upper_bound: 50000",es
620508719146831,177384889097855,"Gabriel Boric",2021-12-05,2021-12-05,2021-12-10,"Gabriel Boric Font","Que no necesitemos los bingos y completadas para pagar un tratamiento 🏥, sino para celebrar un país más justo 🎉. 
Por una salud para todos, sin privilegios. Vota Gabriel Boric 1️⃣","Boric Presidente",boricpresidente.cl,"Votemos para hacer realidad un Chile en que nadie quede fuera. Votemos Gabriel Boric Presidente","lower_bound: 2000, upper_bound: 2999","lower_bound: 0, upper_bound: 99",USD,"{""age"":""45-54"",""gender"":""male"",""percentage"":0.054833},{""age"":""25-34"",""gender"":""female"",""percentage"":0.318824},{""age"":""25-34"",""gender"":""male"",""percentage"":0.226116},{""age"":""55-64"",""gender"":""female"",""percentage"":0.007914},{""age"":""35-44"",""gender"":""male"",""percentage"":0.130017},{""age"":""35-44"",""gender"":""female"",""percentage"":0.162804},{""age"":""45-54"",""gender"":""female"",""percentage"":0.093273},{""age"":""55-64"",""gender"":""male"",""percentage"":0.003392},{""age"":""45-54"",""gender"":""unknown"",""percentage"":0.001131},{""age"":""35-44"",""gender"":""unknown"",""percentage"":0.000565},{""age"":""25-34"",""gender"":""unknown"",""percentage"":0.001131}","{""region"":""Antofagasta Region"",""percentage"":1}","facebook,instagram","lower_bound: 10001, upper_bound: 50000",es
1118829232193360,177384889097855,"Gabriel Boric",2021-12-05,2021-12-05,2021-12-10,"Gabriel Boric Font","Que no necesitemos los bingos y completadas para pagar un tratamiento 🏥, sino para celebrar un país más justo 🎉. 
Por una salud para todos, sin privilegios. Vota Gabriel Boric 1️⃣","Boric Presidente",boricpresidente.cl,"Votemos para hacer realidad un Chile en que nadie quede fuera. Votemos Gabriel Boric Presidente","lower_bound: 1000, upper_bound: 1999","lower_bound: 0, upper_bound: 99",USD,"{""age"":""25-34"",""gender"":""unknown"",""percentage"":0.000799},{""age"":""55-64"",""gender"":""female"",""percentage"":0.007987},{""age"":""55-64"",""gender"":""male"",""percentage"":0.004792},{""age"":""35-44"",""gender"":""male"",""percentage"":0.134984},{""age"":""35-44"",""gender"":""female"",""percentage"":0.163738},{""age"":""45-54"",""gender"":""female"",""percentage"":0.095847},{""age"":""25-34"",""gender"":""female"",""percentage"":0.247604},{""age"":""25-34"",""gender"":""male"",""percentage"":0.269968},{""age"":""45-54"",""gender"":""male"",""percentage"":0.070288},{""age"":""35-44"",""gender"":""unknown"",""percentage"":0.002396},{""age"":""45-54"",""gender"":""unknown"",""percentage"":0.001597}","{""region"":""Antofagasta Region"",""percentage"":1}","facebook,instagram","lower_bound: 10001, upper_bound: 50000",es
435654301423623,177384889097855,"Gabriel Boric",2021-12-05,2021-12-06,2021-12-10,"Gabriel Boric Font","Que la vejez sea para descansar y disfrutar 🫂, no para trabajar porque la pensión no alcanza. Fin a las AFP para una jubilación a los 65 años con un piso de $250.000 mensuales. Para pensiones justas, vota Gabriel Boric 1️⃣","Boric Presidente",boricpresidente.cl,"Votemos para hacer realidad un Chile en que nadie quede fuera. Votemos Gabriel Boric Presidente","lower_bound: 0, upper_bound: 999","lower_bound: 0, upper_bound: 99",USD,"{""age"":""25-34"",""gender"":""female"",""percentage"":0.227481},{""age"":""35-44"",""gender"":""male"",""percentage"":0.120611},{""age"":""55-64"",""gender"":""male"",""percentage"":0.00916},{""age"":""45-54"",""gender"":""female"",""percentage"":0.109924},{""age"":""55-64"",""gender"":""female"",""percentage"":0.01374},{""age"":""25-34"",""gender"":""male"",""percentage"":0.242748},{""age"":""35-44"",""gender"":""female"",""percentage"":0.138931},{""age"":""45-54"",""gender"":""male"",""percentage"":0.129771},{""age"":""35-44"",""gender"":""unknown"",""percentage"":0.006107},{""age"":""25-34"",""gender"":""unknown"",""percentage"":0.001527}","{""region"":""B\u00edo B\u00edo Region"",""percentage"":1}","facebook,instagram","lower_bound: 1001, upper_bound: 5000",es
610271763621696,177384889097855,"Gabriel Boric",2021-12-05,2021-12-05,2021-12-10,"Gabriel Boric Font","Que no necesitemos los bingos y completadas para pagar un tratamiento 🏥, sino para celebrar un país más justo 🎉. 
Por una salud para todos, sin privilegios. Vota Gabriel Boric 1️⃣","Boric Presidente",boricpresidente.cl,"Votemos para hacer realidad un Chile en que nadie quede fuera. Votemos Gabriel Boric Presidente","lower_bound: 7000, upper_bound: 7999","lower_bound: 0, upper_bound: 99",USD,"{""age"":""55-64"",""gender"":""unknown"",""percentage"":0.000148},{""age"":""18-24"",""gender"":""female"",""percentage"":0.111851},{""age"":""45-54"",""gender"":""unknown"",""percentage"":0.00148},{""age"":""35-44"",""gender"":""unknown"",""percentage"":0.001923},{""age"":""45-54"",""gender"":""female"",""percentage"":0.069685},{""age"":""35-44"",""gender"":""male"",""percentage"":0.097352},{""age"":""18-24"",""gender"":""male"",""percentage"":0.104453},{""age"":""25-34"",""gender"":""male"",""percentage"":0.188046},{""age"":""25-34"",""gender"":""female"",""percentage"":0.16171},{""age"":""65+"",""gender"":""unknown"",""percentage"":0.000296},{""age"":""45-54"",""gender"":""male"",""percentage"":0.068205},{""age"":""35-44"",""gender"":""female"",""percentage"":0.088179},{""age"":""55-64"",""gender"":""male"",""percentage"":0.034473},{""age"":""65+"",""gender"":""male"",""percentage"":0.013611},{""age"":""55-64"",""gender"":""female"",""percentage"":0.042166},{""age"":""25-34"",""gender"":""unknown"",""percentage"":0.00148},{""age"":""65+"",""gender"":""female"",""percentage"":0.013759},{""age"":""18-24"",""gender"":""unknown"",""percentage"":0.001184}","{""region"":""Santiago Metropolitan Region"",""percentage"":1}","facebook,instagram","lower_bound: 100001, upper_bound: 500000",es
205323658430683,177384889097855,"Gabriel Boric",2021-12-05,2021-12-06,2021-12-08,"Gabriel Boric Font","Que la vejez sea para descansar y disfrutar 🫂, no para trabajar porque la pensión no alcanza. Fin a las AFP para una jubilación a los 65 años con un piso de $250.000 mensuales. Para pensiones justas, vota Gabriel Boric 1️⃣","Boric Presidente",boricpresidente.cl,"Votemos para hacer realidad un Chile en que nadie quede fuera. Votemos Gabriel Boric Presidente","lower_bound: 15000, upper_bound: 19999","lower_bound: 0, upper_bound: 99",USD,"{""age"":""45-54"",""gender"":""unknown"",""percentage"":0.000394},{""age"":""45-54"",""gender"":""female"",""percentage"":0.092295},{""age"":""55-64"",""gender"":""unknown"",""percentage"":0.000526},{""age"":""65+"",""gender"":""unknown"",""percentage"":0.000526},{""age"":""35-44"",""gender"":""unknown"",""percentage"":0.001445},{""age"":""35-44"",""gender"":""male"",""percentage"":0.097681},{""age"":""65+"",""gender"":""male"",""percentage"":0.021021},{""age"":""25-34"",""gender"":""female"",""percentage"":0.13565},{""age"":""18-24"",""gender"":""female"",""percentage"":0.105038},{""age"":""25-34"",""gender"":""unknown"",""percentage"":0.001905},{""age"":""45-54"",""gender"":""male"",""percentage"":0.085594},{""age"":""35-44"",""gender"":""female"",""percentage"":0.091966},{""age"":""18-24"",""gender"":""male"",""percentage"":0.070157},{""age"":""55-64"",""gender"":""male"",""percentage"":0.057676},{""age"":""25-34"",""gender"":""male"",""percentage"":0.13519},{""age"":""65+"",""gender"":""female"",""percentage"":0.026407},{""age"":""55-64"",""gender"":""female"",""percentage"":0.074164},{""age"":""18-24"",""gender"":""unknown"",""percentage"":0.002365}","{""region"":""Ays\u00e9n Region"",""percentage"":0.803286},{""region"":""Magallanes y la Ant\u00e1rtica Chilena Region"",""percentage"":0.196714}","facebook,instagram","lower_bound: 100001, upper_bound: 500000",es
421798169663709,177384889097855,"Gabriel Boric",2021-12-05,2021-12-05,2021-12-07,"Gabriel Boric Font","Que no necesitemos los bingos y completadas para pagar un tratamiento 🏥, sino para celebrar un país más justo 🎉. 
Por una salud para todos, sin privilegios. Vota Gabriel Boric 1️⃣","Boric Presidente",boricpresidente.cl,"Votemos para hacer realidad un Chile en que nadie quede fuera. Votemos Gabriel Boric Presidente","lower_bound: 15000, upper_bound: 19999","lower_bound: 0, upper_bound: 99",USD,"{""age"":""55-64"",""gender"":""unknown"",""percentage"":0.000572},{""age"":""45-54"",""gender"":""female"",""percentage"":0.079036},{""age"":""65+"",""gender"":""unknown"",""percentage"":0.000382},{""age"":""18-24"",""gender"":""female"",""percentage"":0.118904},{""age"":""25-34"",""gender"":""male"",""percentage"":0.142557},{""age"":""18-24"",""gender"":""male"",""percentage"":0.078718},{""age"":""55-64"",""gender"":""male"",""percentage"":0.04877},{""age"":""35-44"",""gender"":""male"",""percentage"":0.104343},{""age"":""25-34"",""gender"":""female"",""percentage"":0.147199},{""age"":""25-34"",""gender"":""unknown"",""percentage"":0.00178},{""age"":""45-54"",""gender"":""male"",""percentage"":0.078273},{""age"":""35-44"",""gender"":""female"",""percentage"":0.093979},{""age"":""55-64"",""gender"":""female"",""percentage"":0.060596},{""age"":""18-24"",""gender"":""unknown"",""percentage"":0.002543},{""age"":""45-54"",""gender"":""unknown"",""percentage"":0.00089},{""age"":""65+"",""gender"":""female"",""percentage"":0.021619},{""age"":""65+"",""gender"":""male"",""percentage"":0.017549},{""age"":""35-44"",""gender"":""unknown"",""percentage"":0.002289}","{""region"":""Ays\u00e9n Region"",""percentage"":0.805741},{""region"":""Magallanes y la Ant\u00e1rtica Chilena Region"",""percentage"":0.194259}","facebook,instagram","lower_bound: 100001, upper_bound: 500000",es
698118484906062,177384889097855,"Gabriel Boric",2021-12-05,2021-12-06,2021-12-07,"Gabriel Boric Font","La mochila de los chilenos debe ser de aprendizajes 🎒 y no de deudas para alcanzar los sueños. Por una educación gratuita y de calidad, para poner fin al CAE y condonar la deuda histórica de los profesores, vota Gabriel Boric 1️⃣","Boric Presidente",boricpresidente.cl,"Votemos para hacer realidad un Chile en que nadie quede fuera. Votemos Gabriel Boric Presidente","lower_bound: 1000, upper_bound: 1999","lower_bound: 0, upper_bound: 99",USD,"{""age"":""45-54"",""gender"":""unknown"",""percentage"":0.001675},{""age"":""18-24"",""gender"":""unknown"",""percentage"":0.001675},{""age"":""65+"",""gender"":""male"",""percentage"":0.0134},{""age"":""55-64"",""gender"":""female"",""percentage"":0.030151},{""age"":""45-54"",""gender"":""female"",""percentage"":0.069793},{""age"":""35-44"",""gender"":""male"",""percentage"":0.085985},{""age"":""18-24"",""gender"":""male"",""percentage"":0.147962},{""age"":""25-34"",""gender"":""male"",""percentage"":0.149637},{""age"":""18-24"",""gender"":""female"",""percentage"":0.154662},{""age"":""55-64"",""gender"":""male"",""percentage"":0.028476},{""age"":""25-34"",""gender"":""female"",""percentage"":0.144612},{""age"":""45-54"",""gender"":""male"",""percentage"":0.063093},{""age"":""35-44"",""gender"":""female"",""percentage"":0.087661},{""age"":""65+"",""gender"":""female"",""percentage"":0.018984},{""age"":""25-34"",""gender"":""unknown"",""percentage"":0.000558},{""age"":""35-44"",""gender"":""unknown"",""percentage"":0.001675}","{""region"":""Ays\u00e9n Region"",""percentage"":0.7942},{""region"":""Magallanes y la Ant\u00e1rtica Chilena Region"",""percentage"":0.2058}","facebook,instagram","lower_bound: 100001, upper_bound: 500000",es
648660593170205,177384889097855,"Gabriel Boric",2021-12-05,2021-12-05,2021-12-07,"Gabriel Boric Font","Que no necesitemos los bingos y completadas para pagar un tratamiento 🏥, sino para celebrar un país más justo 🎉. 
Por una salud para todos, sin privilegios. Vota Gabriel Boric 1️⃣","Boric Presidente",boricpresidente.cl,"Votemos para hacer realidad un Chile en que nadie quede fuera. Votemos Gabriel Boric Presidente","lower_bound: 10000, upper_bound: 14999","lower_bound: 0, upper_bound: 99",USD,"{""age"":""35-44"",""gender"":""unknown"",""percentage"":0.003327},{""age"":""25-34"",""gender"":""female"",""percentage"":0.135624},{""age"":""45-54"",""gender"":""female"",""percentage"":0.072405},{""age"":""55-64"",""gender"":""male"",""percentage"":0.063942},{""age"":""25-34"",""gender"":""male"",""percentage"":0.152622},{""age"":""35-44"",""gender"":""male"",""percentage"":0.098517},{""age"":""45-54"",""gender"":""male"",""percentage"":0.080145},{""age"":""18-24"",""gender"":""female"",""percentage"":0.094901},{""age"":""65+"",""gender"":""female"",""percentage"":0.031826},{""age"":""45-54"",""gender"":""unknown"",""percentage"":0.001519},{""age"":""18-24"",""gender"":""male"",""percentage"":0.078047},{""age"":""35-44"",""gender"":""female"",""percentage"":0.090995},{""age"":""55-64"",""gender"":""female"",""percentage"":0.066763},{""age"":""65+"",""gender"":""male"",""percentage"":0.025172},{""age"":""25-34"",""gender"":""unknown"",""percentage"":0.001519},{""age"":""55-64"",""gender"":""unknown"",""percentage"":0.000796},{""age"":""18-24"",""gender"":""unknown"",""percentage"":0.001591},{""age"":""65+"",""gender"":""unknown"",""percentage"":0.000289}","{""region"":""Magallanes y la Ant\u00e1rtica Chilena Region"",""percentage"":1}","facebook,instagram","lower_bound: 100001, upper_bound: 500000",es
660849691576533,177384889097855,"Gabriel Boric",2021-12-05,2021-12-06,2021-12-07,"Gabriel Boric Font","La mochila de los chilenos debe ser de aprendizajes 🎒 y no de deudas para alcanzar los sueños. Por una educación gratuita y de calidad, para poner fin al CAE y condonar la deuda histórica de los profesores, vota Gabriel Boric 1️⃣","Boric Presidente",boricpresidente.cl,"Votemos para hacer realidad un Chile en que nadie quede fuera. Votemos Gabriel Boric Presidente","lower_bound: 2000, upper_bound: 2999","lower_bound: 0, upper_bound: 99",USD,"{""age"":""65+"",""gender"":""female"",""percentage"":0.022502},{""age"":""25-34"",""gender"":""male"",""percentage"":0.136364},{""age"":""45-54"",""gender"":""unknown"",""percentage"":0.0027},{""age"":""65+"",""gender"":""male"",""percentage"":0.023852},{""age"":""35-44"",""gender"":""unknown"",""percentage"":0.0018},{""age"":""18-24"",""gender"":""unknown"",""percentage"":0.0036},{""age"":""65+"",""gender"":""unknown"",""percentage"":0.00045},{""age"":""35-44"",""gender"":""male"",""percentage"":0.10216},{""age"":""45-54"",""gender"":""female"",""percentage"":0.049955},{""age"":""45-54"",""gender"":""male"",""percentage"":0.067057},{""age"":""55-64"",""gender"":""female"",""percentage"":0.039154},{""age"":""18-24"",""gender"":""male"",""percentage"":0.118812},{""age"":""55-64"",""gender"":""male"",""percentage"":0.046805},{""age"":""35-44"",""gender"":""female"",""percentage"":0.079658},{""age"":""18-24"",""gender"":""female"",""percentage"":0.169667},{""age"":""25-34"",""gender"":""female"",""percentage"":0.134113},{""age"":""25-34"",""gender"":""unknown"",""percentage"":0.00135}","{""region"":""Magallanes y la Ant\u00e1rtica Chilena Region"",""percentage"":1}","facebook,instagram","lower_bound: 100001, upper_bound: 500000",es
1283462855460897,177384889097855,"Gabriel Boric",2021-12-05,2021-12-06,2021-12-08,"Gabriel Boric Font","Que la vejez sea para descansar y disfrutar 🫂, no para trabajar porque la pensión no alcanza. Fin a las AFP para una jubilación a los 65 años con un piso de $250.000 mensuales. Para pensiones justas, vota Gabriel Boric 1️⃣","Boric Presidente",boricpresidente.cl,"Votemos para hacer realidad un Chile en que nadie quede fuera. Votemos Gabriel Boric Presidente","lower_bound: 10000, upper_bound: 14999","lower_bound: 0, upper_bound: 99",USD,"{""age"":""55-64"",""gender"":""unknown"",""percentage"":0.000663},{""age"":""25-34"",""gender"":""male"",""percentage"":0.13578},{""age"":""25-34"",""gender"":""unknown"",""percentage"":0.00116},{""age"":""18-24"",""gender"":""unknown"",""percentage"":0.002237},{""age"":""35-44"",""gender"":""unknown"",""percentage"":0.001905},{""age"":""65+"",""gender"":""female"",""percentage"":0.037611},{""age"":""18-24"",""gender"":""male"",""percentage"":0.070748},{""age"":""25-34"",""gender"":""female"",""percentage"":0.128738},{""age"":""45-54"",""gender"":""male"",""percentage"":0.077873},{""age"":""45-54"",""gender"":""unknown"",""percentage"":0.001243},{""age"":""45-54"",""gender"":""female"",""percentage"":0.08566},{""age"":""18-24"",""gender"":""female"",""percentage"":0.100157},{""age"":""35-44"",""gender"":""male"",""percentage"":0.092867},{""age"":""55-64"",""gender"":""female"",""percentage"":0.084997},{""age"":""55-64"",""gender"":""male"",""percentage"":0.065032},{""age"":""35-44"",""gender"":""female"",""percentage"":0.085163},{""age"":""65+"",""gender"":""male"",""percentage"":0.02767},{""age"":""65+"",""gender"":""unknown"",""percentage"":0.000497}","{""region"":""Magallanes y la Ant\u00e1rtica Chilena Region"",""percentage"":1}","facebook,instagram","lower_bound: 100001, upper_bound: 500000",es
1225519851275167,177384889097855,"Gabriel Boric",2021-12-05,2021-12-05,2021-12-08,"Gabriel Boric Font","Que no necesitemos los bingos y completadas para pagar un tratamiento 🏥, sino para celebrar un país más justo 🎉. 
Por una salud para todos, sin privilegios. Vota Gabriel Boric 1️⃣","Boric Presidente",boricpresidente.cl,"Votemos para hacer realidad un Chile en que nadie quede fuera. Votemos Gabriel Boric Presidente","lower_bound: 125000, upper_bound: 149999","lower_bound: 200, upper_bound: 299",USD,"{""age"":""55-64"",""gender"":""unknown"",""percentage"":0.000402},{""age"":""25-34"",""gender"":""female"",""percentage"":0.14783},{""age"":""45-54"",""gender"":""unknown"",""percentage"":0.00067},{""age"":""18-24"",""gender"":""unknown"",""percentage"":0.002372},{""age"":""18-24"",""gender"":""male"",""percentage"":0.096318},{""age"":""35-44"",""gender"":""female"",""percentage"":0.090257},{""age"":""55-64"",""gender"":""female"",""percentage"":0.062066},{""age"":""35-44"",""gender"":""male"",""percentage"":0.08355},{""age"":""25-34"",""gender"":""male"",""percentage"":0.139933},{""age"":""65+"",""gender"":""female"",""percentage"":0.02563},{""age"":""25-34"",""gender"":""unknown"",""percentage"":0.001474},{""age"":""45-54"",""gender"":""male"",""percentage"":0.06387},{""age"":""18-24"",""gender"":""female"",""percentage"":0.147586},{""age"":""45-54"",""gender"":""female"",""percentage"":0.077876},{""age"":""55-64"",""gender"":""male"",""percentage"":0.04252},{""age"":""65+"",""gender"":""male"",""percentage"":0.016125},{""age"":""65+"",""gender"":""unknown"",""percentage"":0.000189},{""age"":""35-44"",""gender"":""unknown"",""percentage"":0.001324},{""age"":""13-17"",""gender"":""female"",""percentage"":8.0e-6}","{""region"":""Los R\u00edos Region"",""percentage"":0.153461},{""region"":""B\u00edo B\u00edo Region"",""percentage"":0.697643},{""region"":""Los Lagos Region"",""percentage"":0.148896}","facebook,instagram","lower_bound: 1000001",es
2142925169199915,177384889097855,"Gabriel Boric",2021-12-05,2021-12-05,2021-12-08,"Gabriel Boric Font","Las autoridades de gobierno no ganarán más de 5 millones, es decir 10 veces el salario mínimo de $500.000 al que proponemos llegar. Por un Chile sin privilegios, vota Gabriel Boric 1️⃣","Boric Presidente",boricpresidente.cl,"Votemos para hacer realidad un Chile en que nadie quede fuera. Votemos Gabriel Boric Presidente","lower_bound: 30000, upper_bound: 34999","lower_bound: 0, upper_bound: 99",USD,"{""age"":""25-34"",""gender"":""unknown"",""percentage"":0.002156},{""age"":""45-54"",""gender"":""female"",""percentage"":0.075455},{""age"":""65+"",""gender"":""unknown"",""percentage"":0.000285},{""age"":""45-54"",""gender"":""unknown"",""percentage"":0.001427},{""age"":""55-64"",""gender"":""male"",""percentage"":0.051043},{""age"":""65+"",""gender"":""male"",""percentage"":0.021939},{""age"":""35-44"",""gender"":""female"",""percentage"":0.093399},{""age"":""55-64"",""gender"":""female"",""percentage"":0.0642},{""age"":""65+"",""gender"":""female"",""percentage"":0.030023},{""age"":""18-24"",""gender"":""unknown"",""percentage"":0.001871},{""age"":""25-34"",""gender"":""male"",""percentage"":0.164764},{""age"":""45-54"",""gender"":""male"",""percentage"":0.078308},{""age"":""35-44"",""gender"":""male"",""percentage"":0.096411},{""age"":""18-24"",""gender"":""female"",""percentage"":0.089595},{""age"":""18-24"",""gender"":""male"",""percentage"":0.07853},{""age"":""25-34"",""gender"":""female"",""percentage"":0.147771},{""age"":""35-44"",""gender"":""unknown"",""percentage"":0.002188},{""age"":""55-64"",""gender"":""unknown"",""percentage"":0.000634}","{""region"":""Los R\u00edos Region"",""percentage"":0.152847},{""region"":""B\u00edo B\u00edo Region"",""percentage"":0.692178},{""region"":""Los Lagos Region"",""percentage"":0.154975}","facebook,instagram","lower_bound: 1000001",es
2544210209054394,177384889097855,"Gabriel Boric",2021-12-05,2021-12-06,2021-12-08,"Gabriel Boric Font","Que la vejez sea para descansar y disfrutar 🫂, no para trabajar porque la pensión no alcanza. Fin a las AFP para una jubilación a los 65 años con un piso de $250.000 mensuales. Para pensiones justas, vota Gabriel Boric 1️⃣","Boric Presidente",boricpresidente.cl,"Votemos para hacer realidad un Chile en que nadie quede fuera. Votemos Gabriel Boric Presidente","lower_bound: 125000, upper_bound: 149999","lower_bound: 300, upper_bound: 399",USD,"{""age"":""45-54"",""gender"":""unknown"",""percentage"":0.00069},{""age"":""18-24"",""gender"":""female"",""percentage"":0.134635},{""age"":""35-44"",""gender"":""unknown"",""percentage"":0.001031},{""age"":""25-34"",""gender"":""unknown"",""percentage"":0.001417},{""age"":""55-64"",""gender"":""unknown"",""percentage"":0.000455},{""age"":""55-64"",""gender"":""female"",""percentage"":0.075268},{""age"":""45-54"",""gender"":""female"",""percentage"":0.083666},{""age"":""65+"",""gender"":""male"",""percentage"":0.020896},{""age"":""65+"",""gender"":""female"",""percentage"":0.03143},{""age"":""18-24"",""gender"":""unknown"",""percentage"":0.002865},{""age"":""25-34"",""gender"":""female"",""percentage"":0.127253},{""age"":""35-44"",""gender"":""male"",""percentage"":0.081308},{""age"":""18-24"",""gender"":""male"",""percentage"":0.097657},{""age"":""25-34"",""gender"":""male"",""percentage"":0.134832},{""age"":""55-64"",""gender"":""male"",""percentage"":0.053205},{""age"":""35-44"",""gender"":""female"",""percentage"":0.078087},{""age"":""45-54"",""gender"":""male"",""percentage"":0.074965},{""age"":""65+"",""gender"":""unknown"",""percentage"":0.000341}","{""region"":""Los R\u00edos Region"",""percentage"":0.154345},{""region"":""B\u00edo B\u00edo Region"",""percentage"":0.700538},{""region"":""Los Lagos Region"",""percentage"":0.145118}","facebook,instagram","lower_bound: 1000001",es
1524224451310401,177384889097855,"Gabriel Boric",2021-12-05,2021-12-05,2021-12-08,"Gabriel Boric Font","Las autoridades de gobierno no ganarán más de 5 millones, es decir 10 veces el salario mínimo de $500.000 al que proponemos llegar. Por un Chile sin privilegios, vota Gabriel Boric 1️⃣","Boric Presidente",boricpresidente.cl,"Votemos para hacer realidad un Chile en que nadie quede fuera. Votemos Gabriel Boric Presidente","lower_bound: 25000, upper_bound: 29999","lower_bound: 0, upper_bound: 99",USD,"{""age"":""55-64"",""gender"":""unknown"",""percentage"":0.000335},{""age"":""18-24"",""gender"":""female"",""percentage"":0.078989},{""age"":""65+"",""gender"":""male"",""percentage"":0.021116},{""age"":""45-54"",""gender"":""male"",""percentage"":0.075637},{""age"":""35-44"",""gender"":""female"",""percentage"":0.088113},{""age"":""45-54"",""gender"":""female"",""percentage"":0.073551},{""age"":""35-44"",""gender"":""male"",""percentage"":0.104052},{""age"":""25-34"",""gender"":""male"",""percentage"":0.187621},{""age"":""18-24"",""gender"":""male"",""percentage"":0.073738},{""age"":""45-54"",""gender"":""unknown"",""percentage"":0.001341},{""age"":""25-34"",""gender"":""female"",""percentage"":0.150901},{""age"":""55-64"",""gender"":""female"",""percentage"":0.062565},{""age"":""55-64"",""gender"":""male"",""percentage"":0.04603},{""age"":""65+"",""gender"":""female"",""percentage"":0.029458},{""age"":""35-44"",""gender"":""unknown"",""percentage"":0.002086},{""age"":""18-24"",""gender"":""unknown"",""percentage"":0.002123},{""age"":""25-34"",""gender"":""unknown"",""percentage"":0.002048},{""age"":""65+"",""gender"":""unknown"",""percentage"":0.000298}","{""region"":""Araucan\u00eda Region"",""percentage"":0.378418},{""region"":""B\u00edo B\u00edo Region"",""percentage"":0.290264},{""region"":""Los Lagos Region"",""percentage"":0.331318}","facebook,instagram","lower_bound: 500001, upper_bound: 1000000",es
645237933145269,177384889097855,"Gabriel Boric",2021-12-05,2021-12-05,2021-12-07,"Gabriel Boric Font","Que no necesitemos los bingos y completadas para pagar un tratamiento 🏥, sino para celebrar un país más justo 🎉. 
Por una salud para todos, sin privilegios. Vota Gabriel Boric 1️⃣","Boric Presidente",boricpresidente.cl,"Votemos para hacer realidad un Chile en que nadie quede fuera. Votemos Gabriel Boric Presidente","lower_bound: 60000, upper_bound: 69999","lower_bound: 100, upper_bound: 199",USD,"{""age"":""13-17"",""gender"":""unknown"",""percentage"":3.5e-5},{""age"":""65+"",""gender"":""female"",""percentage"":0.022143},{""age"":""13-17"",""gender"":""male"",""percentage"":1.7e-5},{""age"":""55-64"",""gender"":""unknown"",""percentage"":0.000398},{""age"":""18-24"",""gender"":""unknown"",""percentage"":0.002112},{""age"":""35-44"",""gender"":""unknown"",""percentage"":0.001887},{""age"":""25-34"",""gender"":""unknown"",""percentage"":0.001593},{""age"":""55-64"",""gender"":""male"",""percentage"":0.035457},{""age"":""55-64"",""gender"":""female"",""percentage"":0.04929},{""age"":""65+"",""gender"":""male"",""percentage"":0.014889},{""age"":""35-44"",""gender"":""female"",""percentage"":0.086911},{""age"":""65+"",""gender"":""unknown"",""percentage"":0.000329},{""age"":""35-44"",""gender"":""male"",""percentage"":0.087396},{""age"":""25-34"",""gender"":""female"",""percentage"":0.165495},{""age"":""18-24"",""gender"":""female"",""percentage"":0.134713},{""age"":""25-34"",""gender"":""male"",""percentage"":0.166551},{""age"":""45-54"",""gender"":""female"",""percentage"":0.06965},{""age"":""18-24"",""gender"":""male"",""percentage"":0.099654},{""age"":""45-54"",""gender"":""male"",""percentage"":0.060526},{""age"":""45-54"",""gender"":""unknown"",""percentage"":0.000918},{""age"":""13-17"",""gender"":""female"",""percentage"":3.5e-5}","{""region"":""Araucan\u00eda Region"",""percentage"":0.369769},{""region"":""B\u00edo B\u00edo Region"",""percentage"":0.309201},{""region"":""Los Lagos Region"",""percentage"":0.32103}","facebook,instagram","lower_bound: 500001, upper_bound: 1000000",es
1055864258530468,177384889097855,"Gabriel Boric",2021-12-05,2021-12-06,2021-12-08,"Gabriel Boric Font","Que la vejez sea para descansar y disfrutar 🫂, no para trabajar porque la pensión no alcanza. Fin a las AFP para una jubilación a los 65 años con un piso de $250.000 mensuales. Para pensiones justas, vota Gabriel Boric 1️⃣","Boric Presidente",boricpresidente.cl,"Votemos para hacer realidad un Chile en que nadie quede fuera. Votemos Gabriel Boric Presidente","lower_bound: 60000, upper_bound: 69999","lower_bound: 100, upper_bound: 199",USD,"{""age"":""45-54"",""gender"":""unknown"",""percentage"":0.000822},{""age"":""25-34"",""gender"":""female"",""percentage"":0.132536},{""age"":""18-24"",""gender"":""unknown"",""percentage"":0.002467},{""age"":""35-44"",""gender"":""unknown"",""percentage"":0.001555},{""age"":""55-64"",""gender"":""male"",""percentage"":0.047802},{""age"":""18-24"",""gender"":""male"",""percentage"":0.095679},{""age"":""65+"",""gender"":""male"",""percentage"":0.019797},{""age"":""35-44"",""gender"":""male"",""percentage"":0.088935},{""age"":""55-64"",""gender"":""female"",""percentage"":0.068974},{""age"":""65+"",""gender"":""unknown"",""percentage"":0.000404},{""age"":""25-34"",""gender"":""male"",""percentage"":0.148355},{""age"":""45-54"",""gender"":""female"",""percentage"":0.079949},{""age"":""18-24"",""gender"":""female"",""percentage"":0.121531},{""age"":""45-54"",""gender"":""male"",""percentage"":0.077108},{""age"":""65+"",""gender"":""female"",""percentage"":0.03294},{""age"":""35-44"",""gender"":""female"",""percentage"":0.078708},{""age"":""25-34"",""gender"":""unknown"",""percentage"":0.001824},{""age"":""55-64"",""gender"":""unknown"",""percentage"":0.000613}","{""region"":""Araucan\u00eda Region"",""percentage"":0.392253},{""region"":""B\u00edo B\u00edo Region"",""percentage"":0.282015},{""region"":""Los Lagos Region"",""percentage"":0.325732}","facebook,instagram","lower_bound: 500001, upper_bound: 1000000",es
1232014607293371,177384889097855,"Gabriel Boric",2021-12-05,2021-12-06,2021-12-08,"Gabriel Boric Font","Que la vejez sea para descansar y disfrutar 🫂, no para trabajar porque la pensión no alcanza. Fin a las AFP para una jubilación a los 65 años con un piso de $250.000 mensuales. Para pensiones justas, vota Gabriel Boric 1️⃣","Boric Presidente",boricpresidente.cl,"Votemos para hacer realidad un Chile en que nadie quede fuera. Votemos Gabriel Boric Presidente","lower_bound: 150000, upper_bound: 174999","lower_bound: 200, upper_bound: 299",USD,"{""age"":""45-54"",""gender"":""unknown"",""percentage"":0.000371},{""age"":""18-24"",""gender"":""female"",""percentage"":0.106212},{""age"":""35-44"",""gender"":""unknown"",""percentage"":0.000855},{""age"":""25-34"",""gender"":""unknown"",""percentage"":0.001006},{""age"":""18-24"",""gender"":""unknown"",""percentage"":0.001201},{""age"":""25-34"",""gender"":""male"",""percentage"":0.135364},{""age"":""45-54"",""gender"":""male"",""percentage"":0.089461},{""age"":""55-64"",""gender"":""male"",""percentage"":0.050598},{""age"":""35-44"",""gender"":""male"",""percentage"":0.103541},{""age"":""25-34"",""gender"":""female"",""percentage"":0.13158},{""age"":""65+"",""gender"":""unknown"",""percentage"":0.000176},{""age"":""55-64"",""gender"":""female"",""percentage"":0.066978},{""age"":""18-24"",""gender"":""male"",""percentage"":0.07909},{""age"":""45-54"",""gender"":""female"",""percentage"":0.096941},{""age"":""65+"",""gender"":""male"",""percentage"":0.016481},{""age"":""35-44"",""gender"":""female"",""percentage"":0.097953},{""age"":""65+"",""gender"":""female"",""percentage"":0.021968},{""age"":""55-64"",""gender"":""unknown"",""percentage"":0.000214},{""age"":""13-17"",""gender"":""male"",""percentage"":1.3e-5}","{""region"":""O'Higgins Region"",""percentage"":0.383422},{""region"":""Maule Region"",""percentage"":0.616578}","facebook,instagram","lower_bound: 500001, upper_bound: 1000000",es
328977565410204,177384889097855,"Gabriel Boric",2021-12-05,2021-12-05,2021-12-08,"Gabriel Boric Font","Reformar Carabineros para tener más dotación donde más se necesita, con barrios seguros libres de narcotráfico. Vota Gabriel Boric 1️⃣","Boric Presidente",boricpresidente.cl,"Votemos para hacer realidad un Chile en que nadie quede fuera. Votemos Gabriel Boric Presidente","lower_bound: 60000, upper_bound: 69999","lower_bound: 0, upper_bound: 99",USD,"{""age"":""25-34"",""gender"":""unknown"",""percentage"":0.001219},{""age"":""45-54"",""gender"":""unknown"",""percentage"":0.000501},{""age"":""13-17"",""gender"":""male"",""percentage"":1.7e-5},{""age"":""55-64"",""gender"":""unknown"",""percentage"":0.0001},{""age"":""35-44"",""gender"":""unknown"",""percentage"":0.001186},{""age"":""18-24"",""gender"":""unknown"",""percentage"":0.001002},{""age"":""65+"",""gender"":""female"",""percentage"":0.022395},{""age"":""65+"",""gender"":""male"",""percentage"":0.015681},{""age"":""55-64"",""gender"":""female"",""percentage"":0.063226},{""age"":""35-44"",""gender"":""female"",""percentage"":0.100585},{""age"":""18-24"",""gender"":""female"",""percentage"":0.111774},{""age"":""35-44"",""gender"":""male"",""percentage"":0.097712},{""age"":""25-34"",""gender"":""female"",""percentage"":0.150985},{""age"":""18-24"",""gender"":""male"",""percentage"":0.080077},{""age"":""25-34"",""gender"":""male"",""percentage"":0.145157},{""age"":""45-54"",""gender"":""female"",""percentage"":0.087709},{""age"":""55-64"",""gender"":""male"",""percentage"":0.046359},{""age"":""45-54"",""gender"":""male"",""percentage"":0.074215},{""age"":""65+"",""gender"":""unknown"",""percentage"":0.0001}","{""region"":""O'Higgins Region"",""percentage"":0.391222},{""region"":""Maule Region"",""percentage"":0.608778}","facebook,instagram","lower_bound: 500001, upper_bound: 1000000",es
924831528469194,177384889097855,"Gabriel Boric",2021-12-05,2021-12-05,2021-12-08,"Gabriel Boric Font","Que no necesitemos los bingos y completadas para pagar un tratamiento 🏥, sino para celebrar un país más justo 🎉. 
Por una salud para todos, sin privilegios. Vota Gabriel Boric 1️⃣","Boric Presidente",boricpresidente.cl,"Votemos para hacer realidad un Chile en que nadie quede fuera. Votemos Gabriel Boric Presidente","lower_bound: 90000, upper_bound: 99999","lower_bound: 100, upper_bound: 199",USD,"{""age"":""45-54"",""gender"":""unknown"",""percentage"":0.000532},{""age"":""35-44"",""gender"":""male"",""percentage"":0.103273},{""age"":""35-44"",""gender"":""unknown"",""percentage"":0.001041},{""age"":""18-24"",""gender"":""unknown"",""percentage"":0.001313},{""age"":""18-24"",""gender"":""female"",""percentage"":0.125055},{""age"":""65+"",""gender"":""unknown"",""percentage"":0.000136},{""age"":""18-24"",""gender"":""male"",""percentage"":0.096586},{""age"":""45-54"",""gender"":""male"",""percentage"":0.078244},{""age"":""25-34"",""gender"":""male"",""percentage"":0.147957},{""age"":""55-64"",""gender"":""unknown"",""percentage"":0.000192},{""age"":""55-64"",""gender"":""male"",""percentage"":0.039558},{""age"":""65+"",""gender"":""male"",""percentage"":0.013329},{""age"":""35-44"",""gender"":""female"",""percentage"":0.097378},{""age"":""45-54"",""gender"":""female"",""percentage"":0.083506},{""age"":""25-34"",""gender"":""female"",""percentage"":0.143725},{""age"":""65+"",""gender"":""female"",""percentage"":0.017505},{""age"":""55-64"",""gender"":""female"",""percentage"":0.049379},{""age"":""25-34"",""gender"":""unknown"",""percentage"":0.00129}","{""region"":""O'Higgins Region"",""percentage"":0.395041},{""region"":""Maule Region"",""percentage"":0.604959}","facebook,instagram","lower_bound: 500001, upper_bound: 1000000",es
440235307473062,177384889097855,"Gabriel Boric",2021-12-05,2021-12-05,2021-12-07,"Gabriel Boric Font","Reformar Carabineros para tener más dotación donde más se necesita, con barrios seguros libres de narcotráfico. Vota Gabriel Boric 1️⃣","Boric Presidente",boricpresidente.cl,"Votemos para hacer realidad un Chile en que nadie quede fuera. Votemos Gabriel Boric Presidente","lower_bound: 7000, upper_bound: 7999","lower_bound: 0, upper_bound: 99",USD,"{""age"":""35-44"",""gender"":""unknown"",""percentage"":0.002603},{""age"":""25-34"",""gender"":""male"",""percentage"":0.146685},{""age"":""65+"",""gender"":""unknown"",""percentage"":0.000459},{""age"":""45-54"",""gender"":""unknown"",""percentage"":0.001072},{""age"":""65+"",""gender"":""female"",""percentage"":0.014546},{""age"":""18-24"",""gender"":""female"",""percentage"":0.209769},{""age"":""35-44"",""gender"":""female"",""percentage"":0.075792},{""age"":""18-24"",""gender"":""male"",""percentage"":0.166896},{""age"":""25-34"",""gender"":""female"",""percentage"":0.154035},{""age"":""18-24"",""gender"":""unknown"",""percentage"":0.010412},{""age"":""45-54"",""gender"":""female"",""percentage"":0.052213},{""age"":""55-64"",""gender"":""female"",""percentage"":0.030164},{""age"":""35-44"",""gender"":""male"",""percentage"":0.05405},{""age"":""55-64"",""gender"":""male"",""percentage"":0.026183},{""age"":""65+"",""gender"":""male"",""percentage"":0.011177},{""age"":""45-54"",""gender"":""male"",""percentage"":0.03981},{""age"":""25-34"",""gender"":""unknown"",""percentage"":0.003522},{""age"":""55-64"",""gender"":""unknown"",""percentage"":0.000612}","{""region"":""Santiago Metropolitan Region"",""percentage"":1}","facebook,instagram","lower_bound: 50001, upper_bound: 100000",es
944600756164401,177384889097855,"Gabriel Boric",2021-12-05,2021-12-05,2021-12-08,"Gabriel Boric Font","Que no necesitemos los bingos y completadas para pagar un tratamiento 🏥, sino para celebrar un país más justo 🎉. 
Por una salud para todos, sin privilegios. Vota Gabriel Boric 1️⃣","Boric Presidente",boricpresidente.cl,"Votemos para hacer realidad un Chile en que nadie quede fuera. Votemos Gabriel Boric Presidente","lower_bound: 10000, upper_bound: 14999","lower_bound: 100, upper_bound: 199",USD,"{""age"":""55-64"",""gender"":""unknown"",""percentage"":0.000651},{""age"":""25-34"",""gender"":""male"",""percentage"":0.155334},{""age"":""35-44"",""gender"":""unknown"",""percentage"":0.002139},{""age"":""55-64"",""gender"":""male"",""percentage"":0.028742},{""age"":""18-24"",""gender"":""unknown"",""percentage"":0.007534},{""age"":""35-44"",""gender"":""male"",""percentage"":0.069389},{""age"":""18-24"",""gender"":""female"",""percentage"":0.143708},{""age"":""25-34"",""gender"":""female"",""percentage"":0.171333},{""age"":""45-54"",""gender"":""female"",""percentage"":0.068924},{""age"":""25-34"",""gender"":""unknown"",""percentage"":0.004279},{""age"":""45-54"",""gender"":""male"",""percentage"":0.053297},{""age"":""18-24"",""gender"":""male"",""percentage"":0.131151},{""age"":""35-44"",""gender"":""female"",""percentage"":0.09134},{""age"":""65+"",""gender"":""female"",""percentage"":0.017673},{""age"":""55-64"",""gender"":""female"",""percentage"":0.041485},{""age"":""45-54"",""gender"":""unknown"",""percentage"":0.001023},{""age"":""65+"",""gender"":""male"",""percentage"":0.011534},{""age"":""65+"",""gender"":""unknown"",""percentage"":0.000465}","{""region"":""Santiago Metropolitan Region"",""percentage"":1}","facebook,instagram","lower_bound: 50001, upper_bound: 100000",es
1246049392472042,177384889097855,"Gabriel Boric",2021-12-05,2021-12-06,2021-12-08,"Gabriel Boric Font","Que la vejez sea para descansar y disfrutar 🫂, no para trabajar porque la pensión no alcanza. Fin a las AFP para una jubilación a los 65 años con un piso de $250.000 mensuales. Para pensiones justas, vota Gabriel Boric 1️⃣","Boric Presidente",boricpresidente.cl,"Votemos para hacer realidad un Chile en que nadie quede fuera. Votemos Gabriel Boric Presidente","lower_bound: 10000, upper_bound: 14999","lower_bound: 100, upper_bound: 199",USD,"{""age"":""45-54"",""gender"":""unknown"",""percentage"":0.001251},{""age"":""25-34"",""gender"":""female"",""percentage"":0.141097},{""age"":""35-44"",""gender"":""unknown"",""percentage"":0.002406},{""age"":""18-24"",""gender"":""unknown"",""percentage"":0.004139},{""age"":""35-44"",""gender"":""female"",""percentage"":0.10847},{""age"":""45-54"",""gender"":""female"",""percentage"":0.077863},{""age"":""45-54"",""gender"":""male"",""percentage"":0.064293},{""age"":""18-24"",""gender"":""male"",""percentage"":0.109528},{""age"":""55-64"",""gender"":""female"",""percentage"":0.056208},{""age"":""65+"",""gender"":""unknown"",""percentage"":0.000385},{""age"":""55-64"",""gender"":""male"",""percentage"":0.039654},{""age"":""35-44"",""gender"":""male"",""percentage"":0.09384},{""age"":""25-34"",""gender"":""male"",""percentage"":0.150144},{""age"":""18-24"",""gender"":""female"",""percentage"":0.1077},{""age"":""65+"",""gender"":""female"",""percentage"":0.022425},{""age"":""65+"",""gender"":""male"",""percentage"":0.017132},{""age"":""25-34"",""gender"":""unknown"",""percentage"":0.002984},{""age"":""55-64"",""gender"":""unknown"",""percentage"":0.000481}","{""region"":""Santiago Metropolitan Region"",""percentage"":1}","facebook,instagram","lower_bound: 50001, upper_bound: 100000",es
426268342443974,177384889097855,"Gabriel Boric",2021-12-05,2021-12-05,2021-12-08,"Gabriel Boric Font","Que no necesitemos los bingos y completadas para pagar un tratamiento 🏥, sino para celebrar un país más justo 🎉. 
Por una salud para todos, sin privilegios. Vota Gabriel Boric 1️⃣","Boric Presidente",boricpresidente.cl,"Votemos para hacer realidad un Chile en que nadie quede fuera. Votemos Gabriel Boric Presidente","lower_bound: 175000, upper_bound: 199999","lower_bound: 400, upper_bound: 499",USD,"{""age"":""55-64"",""gender"":""unknown"",""percentage"":0.000439},{""age"":""18-24"",""gender"":""unknown"",""percentage"":0.003177},{""age"":""13-17"",""gender"":""female"",""percentage"":6.0e-6},{""age"":""65+"",""gender"":""unknown"",""percentage"":0.000387},{""age"":""25-34"",""gender"":""unknown"",""percentage"":0.002212},{""age"":""65+"",""gender"":""female"",""percentage"":0.022673},{""age"":""55-64"",""gender"":""male"",""percentage"":0.033377},{""age"":""65+"",""gender"":""male"",""percentage"":0.014829},{""age"":""45-54"",""gender"":""male"",""percentage"":0.047368},{""age"":""45-54"",""gender"":""female"",""percentage"":0.057824},{""age"":""45-54"",""gender"":""unknown"",""percentage"":0.001022},{""age"":""35-44"",""gender"":""female"",""percentage"":0.077748},{""age"":""55-64"",""gender"":""female"",""percentage"":0.046808},{""age"":""25-34"",""gender"":""female"",""percentage"":0.176696},{""age"":""25-34"",""gender"":""male"",""percentage"":0.161151},{""age"":""18-24"",""gender"":""male"",""percentage"":0.11142},{""age"":""35-44"",""gender"":""male"",""percentage"":0.074305},{""age"":""18-24"",""gender"":""female"",""percentage"":0.166679},{""age"":""35-44"",""gender"":""unknown"",""percentage"":0.001872},{""age"":""13-17"",""gender"":""male"",""percentage"":6.0e-6}","{""region"":""Santiago Metropolitan Region"",""percentage"":1}","facebook,instagram","lower_bound: 1000001",es
881409812519741,177384889097855,"Gabriel Boric",2021-12-05,2021-12-06,2021-12-08,"Gabriel Boric Font","Que la vejez sea para descansar y disfrutar 🫂, no para trabajar porque la pensión no alcanza. Fin a las AFP para una jubilación a los 65 años con un piso de $250.000 mensuales. Para pensiones justas, vota Gabriel Boric 1️⃣","Boric Presidente",boricpresidente.cl,"Votemos para hacer realidad un Chile en que nadie quede fuera. Votemos Gabriel Boric Presidente","lower_bound: 200000, upper_bound: 249999","lower_bound: 700, upper_bound: 799",USD,"{""age"":""13-17"",""gender"":""unknown"",""percentage"":9.0e-6},{""age"":""45-54"",""gender"":""female"",""percentage"":0.062051},{""age"":""65+"",""gender"":""unknown"",""percentage"":0.00037},{""age"":""35-44"",""gender"":""unknown"",""percentage"":0.001755},{""age"":""45-54"",""gender"":""male"",""percentage"":0.054789},{""age"":""25-34"",""gender"":""male"",""percentage"":0.164029},{""age"":""35-44"",""gender"":""male"",""percentage"":0.081832},{""age"":""55-64"",""gender"":""male"",""percentage"":0.040411},{""age"":""25-34"",""gender"":""female"",""percentage"":0.150025},{""age"":""55-64"",""gender"":""female"",""percentage"":0.058016},{""age"":""18-24"",""gender"":""female"",""percentage"":0.140574},{""age"":""13-17"",""gender"":""male"",""percentage"":9.0e-6},{""age"":""35-44"",""gender"":""female"",""percentage"":0.074972},{""age"":""18-24"",""gender"":""male"",""percentage"":0.115748},{""age"":""65+"",""gender"":""male"",""percentage"":0.018766},{""age"":""65+"",""gender"":""female"",""percentage"":0.028505},{""age"":""45-54"",""gender"":""unknown"",""percentage"":0.001106},{""age"":""25-34"",""gender"":""unknown"",""percentage"":0.002573},{""age"":""18-24"",""gender"":""unknown"",""percentage"":0.003921},{""age"":""55-64"",""gender"":""unknown"",""percentage"":0.00053},{""age"":""13-17"",""gender"":""female"",""percentage"":9.0e-6}","{""region"":""Santiago Metropolitan Region"",""percentage"":1}","facebook,instagram","lower_bound: 1000001",es
2920472914932037,177384889097855,"Gabriel Boric",2021-12-05,2021-12-05,2021-12-08,"Gabriel Boric Font","Reformar Carabineros para tener más dotación donde más se necesita, con barrios seguros libres de narcotráfico. Vota Gabriel Boric 1️⃣","Boric Presidente",boricpresidente.cl,"Votemos para hacer realidad un Chile en que nadie quede fuera. Votemos Gabriel Boric Presidente","lower_bound: 70000, upper_bound: 79999","lower_bound: 200, upper_bound: 299",USD,"{""age"":""55-64"",""gender"":""unknown"",""percentage"":0.000678},{""age"":""45-54"",""gender"":""female"",""percentage"":0.05186},{""age"":""13-17"",""gender"":""female"",""percentage"":1.3e-5},{""age"":""65+"",""gender"":""unknown"",""percentage"":0.000492},{""age"":""45-54"",""gender"":""unknown"",""percentage"":0.001462},{""age"":""25-34"",""gender"":""unknown"",""percentage"":0.002644},{""age"":""18-24"",""gender"":""unknown"",""percentage"":0.004185},{""age"":""65+"",""gender"":""male"",""percentage"":0.016224},{""age"":""65+"",""gender"":""female"",""percentage"":0.021924},{""age"":""18-24"",""gender"":""male"",""percentage"":0.12207},{""age"":""35-44"",""gender"":""unknown"",""percentage"":0.002392},{""age"":""35-44"",""gender"":""female"",""percentage"":0.077186},{""age"":""55-64"",""gender"":""female"",""percentage"":0.041642},{""age"":""35-44"",""gender"":""male"",""percentage"":0.083138},{""age"":""18-24"",""gender"":""female"",""percentage"":0.171326},{""age"":""45-54"",""gender"":""male"",""percentage"":0.048764},{""age"":""25-34"",""gender"":""female"",""percentage"":0.146625},{""age"":""25-34"",""gender"":""male"",""percentage"":0.176455},{""age"":""55-64"",""gender"":""male"",""percentage"":0.030906},{""age"":""13-17"",""gender"":""male"",""percentage"":1.3e-5}","{""region"":""Santiago Metropolitan Region"",""percentage"":1}","facebook,instagram","lower_bound: 1000001",es
318506763369730,177384889097855,"Gabriel Boric",2021-12-05,2021-12-06,2021-12-08,"Gabriel Boric Font","Que la vejez sea para descansar y disfrutar 🫂, no para trabajar porque la pensión no alcanza. Fin a las AFP para una jubilación a los 65 años con un piso de $250.000 mensuales. Para pensiones justas, vota Gabriel Boric 1️⃣","Boric Presidente",boricpresidente.cl,"Votemos para hacer realidad un Chile en que nadie quede fuera. Votemos Gabriel Boric Presidente","lower_bound: 400000, upper_bound: 449999","lower_bound: 700, upper_bound: 799",USD,"{""age"":""13-17"",""gender"":""male"",""percentage"":2.0e-6},{""age"":""25-34"",""gender"":""male"",""percentage"":0.152082},{""age"":""65+"",""gender"":""female"",""percentage"":0.032149},{""age"":""35-44"",""gender"":""unknown"",""percentage"":0.001346},{""age"":""25-34"",""gender"":""unknown"",""percentage"":0.001562},{""age"":""18-24"",""gender"":""female"",""percentage"":0.129786},{""age"":""18-24"",""gender"":""male"",""percentage"":0.092297},{""age"":""35-44"",""gender"":""male"",""percentage"":0.08975},{""age"":""45-54"",""gender"":""male"",""percentage"":0.079273},{""age"":""55-64"",""gender"":""male"",""percentage"":0.059217},{""age"":""55-64"",""gender"":""unknown"",""percentage"":0.000422},{""age"":""25-34"",""gender"":""female"",""percentage"":0.128497},{""age"":""35-44"",""gender"":""female"",""percentage"":0.06695},{""age"":""55-64"",""gender"":""female"",""percentage"":0.068737},{""age"":""65+"",""gender"":""male"",""percentage"":0.0246},{""age"":""45-54"",""gender"":""female"",""percentage"":0.069678},{""age"":""65+"",""gender"":""unknown"",""percentage"":0.000315},{""age"":""45-54"",""gender"":""unknown"",""percentage"":0.000866},{""age"":""18-24"",""gender"":""unknown"",""percentage"":0.002458},{""age"":""13-17"",""gender"":""female"",""percentage"":1.5e-5}","{""region"":""Santiago Metropolitan Region"",""percentage"":1}","facebook,instagram","lower_bound: 1000001",es
433532235028033,177384889097855,"Gabriel Boric",2021-12-05,2021-12-05,2021-12-08,"Gabriel Boric Font","Que no necesitemos los bingos y completadas para pagar un tratamiento 🏥, sino para celebrar un país más justo 🎉. 
Por una salud para todos, sin privilegios. Vota Gabriel Boric 1️⃣","Boric Presidente",boricpresidente.cl,"Votemos para hacer realidad un Chile en que nadie quede fuera. Votemos Gabriel Boric Presidente","lower_bound: 250000, upper_bound: 299999","lower_bound: 400, upper_bound: 499",USD,"{""age"":""13-17"",""gender"":""male"",""percentage"":4.0e-6},{""age"":""65+"",""gender"":""male"",""percentage"":0.020508},{""age"":""55-64"",""gender"":""unknown"",""percentage"":0.000463},{""age"":""13-17"",""gender"":""female"",""percentage"":4.0e-6},{""age"":""65+"",""gender"":""unknown"",""percentage"":0.000366},{""age"":""45-54"",""gender"":""unknown"",""percentage"":0.000992},{""age"":""25-34"",""gender"":""unknown"",""percentage"":0.001703},{""age"":""18-24"",""gender"":""unknown"",""percentage"":0.001853},{""age"":""55-64"",""gender"":""female"",""percentage"":0.057554},{""age"":""45-54"",""gender"":""female"",""percentage"":0.066625},{""age"":""55-64"",""gender"":""male"",""percentage"":0.048641},{""age"":""35-44"",""gender"":""unknown"",""percentage"":0.001845},{""age"":""18-24"",""gender"":""female"",""percentage"":0.127691},{""age"":""45-54"",""gender"":""male"",""percentage"":0.070068},{""age"":""25-34"",""gender"":""female"",""percentage"":0.1424},{""age"":""18-24"",""gender"":""male"",""percentage"":0.090389},{""age"":""25-34"",""gender"":""male"",""percentage"":0.167171},{""age"":""35-44"",""gender"":""female"",""percentage"":0.079517},{""age"":""35-44"",""gender"":""male"",""percentage"":0.092779},{""age"":""65+"",""gender"":""female"",""percentage"":0.029417},{""age"":""13-17"",""gender"":""unknown"",""percentage"":8.0e-6}","{""region"":""Santiago Metropolitan Region"",""percentage"":1}","facebook,instagram","lower_bound: 1000001",es
646308136400060,177384889097855,"Gabriel Boric",2021-12-05,2021-12-05,2021-12-08,"Gabriel Boric Font","Reformar Carabineros para tener más dotación donde más se necesita, con barrios seguros libres de narcotráfico. Vota Gabriel Boric 1️⃣","Boric Presidente",boricpresidente.cl,"Votemos para hacer realidad un Chile en que nadie quede fuera. Votemos Gabriel Boric Presidente","lower_bound: 125000, upper_bound: 149999","lower_bound: 200, upper_bound: 299",USD,"{""age"":""18-24"",""gender"":""unknown"",""percentage"":0.002196},{""age"":""45-54"",""gender"":""female"",""percentage"":0.062791},{""age"":""45-54"",""gender"":""unknown"",""percentage"":0.001672},{""age"":""65+"",""gender"":""unknown"",""percentage"":0.00046},{""age"":""35-44"",""gender"":""unknown"",""percentage"":0.002699},{""age"":""25-34"",""gender"":""unknown"",""percentage"":0.002097},{""age"":""65+"",""gender"":""female"",""percentage"":0.026589},{""age"":""25-34"",""gender"":""male"",""percentage"":0.180247},{""age"":""18-24"",""gender"":""female"",""percentage"":0.104732},{""age"":""55-64"",""gender"":""male"",""percentage"":0.046489},{""age"":""35-44"",""gender"":""female"",""percentage"":0.085249},{""age"":""25-34"",""gender"":""female"",""percentage"":0.143853},{""age"":""35-44"",""gender"":""male"",""percentage"":0.10481},{""age"":""18-24"",""gender"":""male"",""percentage"":0.090435},{""age"":""45-54"",""gender"":""male"",""percentage"":0.070201},{""age"":""65+"",""gender"":""male"",""percentage"":0.021013},{""age"":""55-64"",""gender"":""female"",""percentage"":0.053886},{""age"":""55-64"",""gender"":""unknown"",""percentage"":0.000581}","{""region"":""Santiago Metropolitan Region"",""percentage"":1}","facebook,instagram","lower_bound: 1000001",es
237263501709267,177384889097855,"Gabriel Boric",2021-12-05,2021-12-05,2021-12-08,"Gabriel Boric Font","Que no necesitemos los bingos y completadas para pagar un tratamiento 🏥, sino para celebrar un país más justo 🎉. 
Por una salud para todos, sin privilegios. Vota Gabriel Boric 1️⃣","Boric Presidente",boricpresidente.cl,"Votemos para hacer realidad un Chile en que nadie quede fuera. Votemos Gabriel Boric Presidente","lower_bound: 90000, upper_bound: 99999","lower_bound: 200, upper_bound: 299",USD,"{""age"":""55-64"",""gender"":""unknown"",""percentage"":0.000421},{""age"":""55-64"",""gender"":""female"",""percentage"":0.053341},{""age"":""65+"",""gender"":""unknown"",""percentage"":0.000269},{""age"":""65+"",""gender"":""male"",""percentage"":0.016186},{""age"":""18-24"",""gender"":""female"",""percentage"":0.173801},{""age"":""55-64"",""gender"":""male"",""percentage"":0.038278},{""age"":""35-44"",""gender"":""male"",""percentage"":0.069972},{""age"":""25-34"",""gender"":""male"",""percentage"":0.155311},{""age"":""18-24"",""gender"":""male"",""percentage"":0.124915},{""age"":""25-34"",""gender"":""female"",""percentage"":0.161895},{""age"":""25-34"",""gender"":""unknown"",""percentage"":0.002105},{""age"":""65+"",""gender"":""female"",""percentage"":0.021905},{""age"":""45-54"",""gender"":""male"",""percentage"":0.047038},{""age"":""35-44"",""gender"":""female"",""percentage"":0.068253},{""age"":""18-24"",""gender"":""unknown"",""percentage"":0.004573},{""age"":""45-54"",""gender"":""female"",""percentage"":0.059048},{""age"":""35-44"",""gender"":""unknown"",""percentage"":0.001731},{""age"":""45-54"",""gender"":""unknown"",""percentage"":0.000936},{""age"":""13-17"",""gender"":""unknown"",""percentage"":2.3e-5}","{""region"":""Santiago Metropolitan Region"",""percentage"":1}","facebook,instagram","lower_bound: 500001, upper_bound: 1000000",es
612727639917813,177384889097855,"Gabriel Boric",2021-12-05,2021-12-05,2021-12-08,"Gabriel Boric Font","Reformar Carabineros para tener más dotación donde más se necesita, con barrios seguros libres de narcotráfico. Vota Gabriel Boric 1️⃣","Boric Presidente",boricpresidente.cl,"Votemos para hacer realidad un Chile en que nadie quede fuera. Votemos Gabriel Boric Presidente","lower_bound: 45000, upper_bound: 49999","lower_bound: 100, upper_bound: 199",USD,"{""age"":""18-24"",""gender"":""unknown"",""percentage"":0.005854},{""age"":""35-44"",""gender"":""male"",""percentage"":0.068815},{""age"":""13-17"",""gender"":""male"",""percentage"":2.3e-5},{""age"":""65+"",""gender"":""unknown"",""percentage"":0.00025},{""age"":""55-64"",""gender"":""unknown"",""percentage"":0.000386},{""age"":""35-44"",""gender"":""unknown"",""percentage"":0.00236},{""age"":""25-34"",""gender"":""unknown"",""percentage"":0.001974},{""age"":""45-54"",""gender"":""unknown"",""percentage"":0.001361},{""age"":""25-34"",""gender"":""female"",""percentage"":0.166307},{""age"":""45-54"",""gender"":""male"",""percentage"":0.043744},{""age"":""65+"",""gender"":""female"",""percentage"":0.023347},{""age"":""35-44"",""gender"":""female"",""percentage"":0.074351},{""age"":""65+"",""gender"":""male"",""percentage"":0.013953},{""age"":""55-64"",""gender"":""male"",""percentage"":0.03249},{""age"":""55-64"",""gender"":""female"",""percentage"":0.053182},{""age"":""45-54"",""gender"":""female"",""percentage"":0.057357},{""age"":""18-24"",""gender"":""female"",""percentage"":0.176812},{""age"":""18-24"",""gender"":""male"",""percentage"":0.129665},{""age"":""25-34"",""gender"":""male"",""percentage"":0.147748},{""age"":""13-17"",""gender"":""female"",""percentage"":2.3e-5}","{""region"":""Santiago Metropolitan Region"",""percentage"":1}","facebook,instagram","lower_bound: 500001, upper_bound: 1000000",es
651103999229499,177384889097855,"Gabriel Boric",2021-12-05,2021-12-06,2021-12-08,"Gabriel Boric Font","Que la vejez sea para descansar y disfrutar 🫂, no para trabajar porque la pensión no alcanza. Fin a las AFP para una jubilación a los 65 años con un piso de $250.000 mensuales. Para pensiones justas, vota Gabriel Boric 1️⃣","Boric Presidente",boricpresidente.cl,"Votemos para hacer realidad un Chile en que nadie quede fuera. Votemos Gabriel Boric Presidente","lower_bound: 80000, upper_bound: 89999","lower_bound: 200, upper_bound: 299",USD,"{""age"":""55-64"",""gender"":""unknown"",""percentage"":0.000538},{""age"":""55-64"",""gender"":""male"",""percentage"":0.053987},{""age"":""18-24"",""gender"":""unknown"",""percentage"":0.003597},{""age"":""65+"",""gender"":""unknown"",""percentage"":0.000465},{""age"":""55-64"",""gender"":""female"",""percentage"":0.076778},{""age"":""35-44"",""gender"":""unknown"",""percentage"":0.0017},{""age"":""18-24"",""gender"":""female"",""percentage"":0.137653},{""age"":""45-54"",""gender"":""male"",""percentage"":0.061119},{""age"":""35-44"",""gender"":""male"",""percentage"":0.074784},{""age"":""45-54"",""gender"":""unknown"",""percentage"":0.001089},{""age"":""18-24"",""gender"":""male"",""percentage"":0.112757},{""age"":""25-34"",""gender"":""male"",""percentage"":0.150816},{""age"":""25-34"",""gender"":""female"",""percentage"":0.130802},{""age"":""65+"",""gender"":""female"",""percentage"":0.034083},{""age"":""65+"",""gender"":""male"",""percentage"":0.022571},{""age"":""35-44"",""gender"":""female"",""percentage"":0.06715},{""age"":""45-54"",""gender"":""female"",""percentage"":0.0683},{""age"":""25-34"",""gender"":""unknown"",""percentage"":0.001811}","{""region"":""Santiago Metropolitan Region"",""percentage"":1}","facebook,instagram","lower_bound: 500001, upper_bound: 1000000",es
243720174495336,177384889097855,"Gabriel Boric",2021-12-05,2021-12-05,2021-12-08,"Gabriel Boric Font","Reformar Carabineros para tener más dotación donde más se necesita, con barrios seguros libres de narcotráfico. Vota Gabriel Boric 1️⃣","Boric Presidente",boricpresidente.cl,"Votemos para hacer realidad un Chile en que nadie quede fuera. Votemos Gabriel Boric Presidente","lower_bound: 30000, upper_bound: 34999","lower_bound: 0, upper_bound: 99",USD,"{""age"":""45-54"",""gender"":""unknown"",""percentage"":0.001198},{""age"":""25-34"",""gender"":""male"",""percentage"":0.146036},{""age"":""35-44"",""gender"":""unknown"",""percentage"":0.001796},{""age"":""45-54"",""gender"":""female"",""percentage"":0.071388},{""age"":""18-24"",""gender"":""female"",""percentage"":0.133528},{""age"":""18-24"",""gender"":""male"",""percentage"":0.09158},{""age"":""65+"",""gender"":""male"",""percentage"":0.020392},{""age"":""55-64"",""gender"":""male"",""percentage"":0.051828},{""age"":""65+"",""gender"":""female"",""percentage"":0.027877},{""age"":""65+"",""gender"":""unknown"",""percentage"":0.000266},{""age"":""45-54"",""gender"":""male"",""percentage"":0.066598},{""age"":""55-64"",""gender"":""female"",""percentage"":0.06407},{""age"":""35-44"",""gender"":""female"",""percentage"":0.088819},{""age"":""35-44"",""gender"":""male"",""percentage"":0.087688},{""age"":""25-34"",""gender"":""female"",""percentage"":0.142543},{""age"":""25-34"",""gender"":""unknown"",""percentage"":0.001996},{""age"":""55-64"",""gender"":""unknown"",""percentage"":0.000532},{""age"":""18-24"",""gender"":""unknown"",""percentage"":0.001863}","{""region"":""Valpara\u00edso Region"",""percentage"":1}","facebook,instagram","lower_bound: 500001, upper_bound: 1000000",es
452127099817183,177384889097855,"Gabriel Boric",2021-12-05,2021-12-06,2021-12-08,"Gabriel Boric Font","Que la vejez sea para descansar y disfrutar 🫂, no para trabajar porque la pensión no alcanza. Fin a las AFP para una jubilación a los 65 años con un piso de $250.000 mensuales. Para pensiones justas, vota Gabriel Boric 1️⃣","Boric Presidente",boricpresidente.cl,"Votemos para hacer realidad un Chile en que nadie quede fuera. Votemos Gabriel Boric Presidente","lower_bound: 70000, upper_bound: 79999","lower_bound: 100, upper_bound: 199",USD,"{""age"":""35-44"",""gender"":""unknown"",""percentage"":0.001393},{""age"":""55-64"",""gender"":""female"",""percentage"":0.07008},{""age"":""25-34"",""gender"":""unknown"",""percentage"":0.002048},{""age"":""25-34"",""gender"":""male"",""percentage"":0.146577},{""age"":""25-34"",""gender"":""female"",""percentage"":0.132895},{""age"":""45-54"",""gender"":""male"",""percentage"":0.07561},{""age"":""65+"",""gender"":""female"",""percentage"":0.031476},{""age"":""18-24"",""gender"":""male"",""percentage"":0.088815},{""age"":""35-44"",""gender"":""male"",""percentage"":0.087736},{""age"":""65+"",""gender"":""male"",""percentage"":0.023433},{""age"":""65+"",""gender"":""unknown"",""percentage"":0.000287},{""age"":""45-54"",""gender"":""female"",""percentage"":0.079079},{""age"":""55-64"",""gender"":""male"",""percentage"":0.056533},{""age"":""18-24"",""gender"":""female"",""percentage"":0.114487},{""age"":""45-54"",""gender"":""unknown"",""percentage"":0.000915},{""age"":""35-44"",""gender"":""female"",""percentage"":0.08592},{""age"":""18-24"",""gender"":""unknown"",""percentage"":0.002349},{""age"":""55-64"",""gender"":""unknown"",""percentage"":0.000355},{""age"":""13-17"",""gender"":""female"",""percentage"":1.4e-5}","{""region"":""Valpara\u00edso Region"",""percentage"":1}","facebook,instagram","lower_bound: 500001, upper_bound: 1000000",es
1306985366409117,177384889097855,"Gabriel Boric",2021-12-05,2021-12-05,2021-12-08,"Gabriel Boric Font","Que no necesitemos los bingos y completadas para pagar un tratamiento 🏥, sino para celebrar un país más justo 🎉. 
Por una salud para todos, sin privilegios. Vota Gabriel Boric 1️⃣","Boric Presidente",boricpresidente.cl,"Votemos para hacer realidad un Chile en que nadie quede fuera. Votemos Gabriel Boric Presidente","lower_bound: 40000, upper_bound: 44999","lower_bound: 0, upper_bound: 99",USD,"{""age"":""55-64"",""gender"":""unknown"",""percentage"":0.000307},{""age"":""25-34"",""gender"":""female"",""percentage"":0.151025},{""age"":""45-54"",""gender"":""unknown"",""percentage"":0.000665},{""age"":""25-34"",""gender"":""unknown"",""percentage"":0.002147},{""age"":""18-24"",""gender"":""male"",""percentage"":0.096841},{""age"":""18-24"",""gender"":""female"",""percentage"":0.144482},{""age"":""45-54"",""gender"":""female"",""percentage"":0.076548},{""age"":""55-64"",""gender"":""female"",""percentage"":0.05812},{""age"":""35-44"",""gender"":""female"",""percentage"":0.097787},{""age"":""18-24"",""gender"":""unknown"",""percentage"":0.002249},{""age"":""65+"",""gender"":""female"",""percentage"":0.026427},{""age"":""25-34"",""gender"":""male"",""percentage"":0.138016},{""age"":""35-44"",""gender"":""male"",""percentage"":0.087154},{""age"":""55-64"",""gender"":""male"",""percentage"":0.038057},{""age"":""45-54"",""gender"":""male"",""percentage"":0.060752},{""age"":""65+"",""gender"":""male"",""percentage"":0.017047},{""age"":""65+"",""gender"":""unknown"",""percentage"":0.000281},{""age"":""35-44"",""gender"":""unknown"",""percentage"":0.002096}","{""region"":""Valpara\u00edso Region"",""percentage"":1}","facebook,instagram","lower_bound: 500001, upper_bound: 1000000",es
320453659896432,177384889097855,"Gabriel Boric",2021-12-05,2021-12-06,2021-12-08,"Gabriel Boric Font","Que la vejez sea para descansar y disfrutar 🫂, no para trabajar porque la pensión no alcanza. Fin a las AFP para una jubilación a los 65 años con un piso de $250.000 mensuales. Para pensiones justas, vota Gabriel Boric 1️⃣","Boric Presidente",boricpresidente.cl,"Votemos para hacer realidad un Chile en que nadie quede fuera. Votemos Gabriel Boric Presidente","lower_bound: 40000, upper_bound: 44999","lower_bound: 0, upper_bound: 99",USD,"{""age"":""45-54"",""gender"":""unknown"",""percentage"":0.000567},{""age"":""25-34"",""gender"":""female"",""percentage"":0.142241},{""age"":""25-34"",""gender"":""unknown"",""percentage"":0.001182},{""age"":""35-44"",""gender"":""unknown"",""percentage"":0.000813},{""age"":""55-64"",""gender"":""female"",""percentage"":0.068115},{""age"":""18-24"",""gender"":""female"",""percentage"":0.113813},{""age"":""35-44"",""gender"":""male"",""percentage"":0.093144},{""age"":""18-24"",""gender"":""male"",""percentage"":0.075752},{""age"":""55-64"",""gender"":""male"",""percentage"":0.051216},{""age"":""65+"",""gender"":""unknown"",""percentage"":0.000246},{""age"":""25-34"",""gender"":""male"",""percentage"":0.125785},{""age"":""45-54"",""gender"":""female"",""percentage"":0.098268},{""age"":""45-54"",""gender"":""male"",""percentage"":0.08265},{""age"":""35-44"",""gender"":""female"",""percentage"":0.103885},{""age"":""65+"",""gender"":""female"",""percentage"":0.023206},{""age"":""65+"",""gender"":""male"",""percentage"":0.017663},{""age"":""18-24"",""gender"":""unknown"",""percentage"":0.001207},{""age"":""55-64"",""gender"":""unknown"",""percentage"":0.000246}","{""region"":""Atacama Region"",""percentage"":0.20966},{""region"":""Coquimbo Region"",""percentage"":0.79034}","facebook,instagram","lower_bound: 100001, upper_bound: 500000",es
629052504794144,177384889097855,"Gabriel Boric",2021-12-05,2021-12-06,2021-12-07,"Gabriel Boric Font","Mayor dotación policial y coordinación con los países vecinos para una migración regular y ordenada. Por un gobierno que cuide nuestras fronteras, vota Gabriel Boric 1️⃣","Boric Presidente",boricpresidente.cl,"Votemos para hacer realidad un Chile en que nadie quede fuera. Votemos Gabriel Boric Presidente","lower_bound: 5000, upper_bound: 5999","lower_bound: 0, upper_bound: 99",USD,"{""age"":""65+"",""gender"":""unknown"",""percentage"":0.000174},{""age"":""18-24"",""gender"":""male"",""percentage"":0.161397},{""age"":""65+"",""gender"":""female"",""percentage"":0.011814},{""age"":""45-54"",""gender"":""male"",""percentage"":0.039437},{""age"":""45-54"",""gender"":""female"",""percentage"":0.044302},{""age"":""35-44"",""gender"":""female"",""percentage"":0.066018},{""age"":""35-44"",""gender"":""male"",""percentage"":0.066018},{""age"":""25-34"",""gender"":""male"",""percentage"":0.187804},{""age"":""25-34"",""gender"":""female"",""percentage"":0.167304},{""age"":""25-34"",""gender"":""unknown"",""percentage"":0.001911},{""age"":""55-64"",""gender"":""male"",""percentage"":0.026233},{""age"":""18-24"",""gender"":""female"",""percentage"":0.178596},{""age"":""55-64"",""gender"":""female"",""percentage"":0.030924},{""age"":""18-24"",""gender"":""unknown"",""percentage"":0.002085},{""age"":""65+"",""gender"":""male"",""percentage"":0.01442},{""age"":""35-44"",""gender"":""unknown"",""percentage"":0.001216},{""age"":""45-54"",""gender"":""unknown"",""percentage"":0.000347}","{""region"":""Atacama Region"",""percentage"":0.197432},{""region"":""Coquimbo Region"",""percentage"":0.802568}","facebook,instagram","lower_bound: 100001, upper_bound: 500000",es
941189083477185,177384889097855,"Gabriel Boric",2021-12-05,2021-12-05,2021-12-07,"Gabriel Boric Font","Que no necesitemos los bingos y completadas para pagar un tratamiento 🏥, sino para celebrar un país más justo 🎉. 
Por una salud para todos, sin privilegios. Vota Gabriel Boric 1️⃣","Boric Presidente",boricpresidente.cl,"Votemos para hacer realidad un Chile en que nadie quede fuera. Votemos Gabriel Boric Presidente","lower_bound: 50000, upper_bound: 59999","lower_bound: 0, upper_bound: 99",USD,"{""age"":""65+"",""gender"":""unknown"",""percentage"":0.000109},{""age"":""25-34"",""gender"":""female"",""percentage"":0.159504},{""age"":""65+"",""gender"":""female"",""percentage"":0.016419},{""age"":""25-34"",""gender"":""male"",""percentage"":0.145143},{""age"":""45-54"",""gender"":""male"",""percentage"":0.069748},{""age"":""18-24"",""gender"":""male"",""percentage"":0.092187},{""age"":""55-64"",""gender"":""female"",""percentage"":0.052891},{""age"":""18-24"",""gender"":""female"",""percentage"":0.12671},{""age"":""35-44"",""gender"":""male"",""percentage"":0.092471},{""age"":""55-64"",""gender"":""unknown"",""percentage"":0.000153},{""age"":""35-44"",""gender"":""female"",""percentage"":0.100112},{""age"":""55-64"",""gender"":""male"",""percentage"":0.041682},{""age"":""18-24"",""gender"":""unknown"",""percentage"":0.001532},{""age"":""45-54"",""gender"":""female"",""percentage"":0.084109},{""age"":""65+"",""gender"":""male"",""percentage"":0.014492},{""age"":""45-54"",""gender"":""unknown"",""percentage"":0.000504},{""age"":""35-44"",""gender"":""unknown"",""percentage"":0.000919},{""age"":""25-34"",""gender"":""unknown"",""percentage"":0.001314}","{""region"":""Atacama Region"",""percentage"":0.209987},{""region"":""Coquimbo Region"",""percentage"":0.790013}","facebook,instagram","lower_bound: 100001, upper_bound: 500000",es
385029533379241,177384889097855,"Gabriel Boric",2021-12-05,2021-12-05,2021-12-07,"Gabriel Boric Font","Que no necesitemos los bingos y completadas para pagar un tratamiento 🏥, sino para celebrar un país más justo 🎉. 
Por una salud para todos, sin privilegios. Vota Gabriel Boric 1️⃣","Boric Presidente",boricpresidente.cl,"Votemos para hacer realidad un Chile en que nadie quede fuera. Votemos Gabriel Boric Presidente","lower_bound: 25000, upper_bound: 29999","lower_bound: 0, upper_bound: 99",USD,"{""age"":""65+"",""gender"":""unknown"",""percentage"":0.000123},{""age"":""35-44"",""gender"":""female"",""percentage"":0.094711},{""age"":""65+"",""gender"":""male"",""percentage"":0.012947},{""age"":""55-64"",""gender"":""unknown"",""percentage"":0.000245},{""age"":""18-24"",""gender"":""male"",""percentage"":0.114437},{""age"":""25-34"",""gender"":""male"",""percentage"":0.15728},{""age"":""18-24"",""gender"":""female"",""percentage"":0.158301},{""age"":""35-44"",""gender"":""male"",""percentage"":0.082704},{""age"":""45-54"",""gender"":""female"",""percentage"":0.06167},{""age"":""45-54"",""gender"":""unknown"",""percentage"":0.000449},{""age"":""25-34"",""gender"":""female"",""percentage"":0.177946},{""age"":""55-64"",""gender"":""male"",""percentage"":0.032796},{""age"":""65+"",""gender"":""female"",""percentage"":0.015479},{""age"":""45-54"",""gender"":""male"",""percentage"":0.05048},{""age"":""55-64"",""gender"":""female"",""percentage"":0.036676},{""age"":""35-44"",""gender"":""unknown"",""percentage"":0.000939},{""age"":""25-34"",""gender"":""unknown"",""percentage"":0.001266},{""age"":""18-24"",""gender"":""unknown"",""percentage"":0.001552}","{""region"":""Arica y Parinacota Region"",""percentage"":0.029335},{""region"":""Antofagasta Region"",""percentage"":0.485862},{""region"":""Tarapac\u00e1 Region"",""percentage"":0.484803}","facebook,instagram","lower_bound: 100001, upper_bound: 500000",es
428222875557039,177384889097855,"Gabriel Boric",2021-12-05,2021-12-06,2021-12-08,"Gabriel Boric Font","Mayor dotación policial y coordinación con los países vecinos para una migración regular y ordenada. Por un gobierno que cuide nuestras fronteras, vota Gabriel Boric 1️⃣","Boric Presidente",boricpresidente.cl,"Votemos para hacer realidad un Chile en que nadie quede fuera. Votemos Gabriel Boric Presidente","lower_bound: 4000, upper_bound: 4999","lower_bound: 0, upper_bound: 99",USD,"{""age"":""65+"",""gender"":""male"",""percentage"":0.006492},{""age"":""18-24"",""gender"":""unknown"",""percentage"":0.005597},{""age"":""45-54"",""gender"":""female"",""percentage"":0.031341},{""age"":""35-44"",""gender"":""male"",""percentage"":0.051489},{""age"":""35-44"",""gender"":""female"",""percentage"":0.058876},{""age"":""55-64"",""gender"":""male"",""percentage"":0.015894},{""age"":""25-34"",""gender"":""female"",""percentage"":0.158943},{""age"":""65+"",""gender"":""female"",""percentage"":0.008059},{""age"":""45-54"",""gender"":""male"",""percentage"":0.025744},{""age"":""55-64"",""gender"":""female"",""percentage"":0.018133},{""age"":""25-34"",""gender"":""male"",""percentage"":0.180434},{""age"":""18-24"",""gender"":""female"",""percentage"":0.238639},{""age"":""18-24"",""gender"":""male"",""percentage"":0.197672},{""age"":""35-44"",""gender"":""unknown"",""percentage"":0.001343},{""age"":""25-34"",""gender"":""unknown"",""percentage"":0.001119},{""age"":""65+"",""gender"":""unknown"",""percentage"":0.000224}","{""region"":""Arica y Parinacota Region"",""percentage"":0.016166},{""region"":""Antofagasta Region"",""percentage"":0.568761},{""region"":""Tarapac\u00e1 Region"",""percentage"":0.415073}","facebook,instagram","lower_bound: 100001, upper_bound: 500000",es
479997606785056,177384889097855,"Gabriel Boric",2021-12-05,2021-12-06,2021-12-08,"Gabriel Boric Font","Que la vejez sea para descansar y disfrutar 🫂, no para trabajar porque la pensión no alcanza. Fin a las AFP para una jubilación a los 65 años con un piso de $250.000 mensuales. Para pensiones justas, vota Gabriel Boric 1️⃣","Boric Presidente",boricpresidente.cl,"Votemos para hacer realidad un Chile en que nadie quede fuera. Votemos Gabriel Boric Presidente","lower_bound: 20000, upper_bound: 24999","lower_bound: 0, upper_bound: 99",USD,"{""age"":""65+"",""gender"":""unknown"",""percentage"":0.000139},{""age"":""18-24"",""gender"":""male"",""percentage"":0.102719},{""age"":""25-34"",""gender"":""unknown"",""percentage"":0.001387},{""age"":""55-64"",""gender"":""male"",""percentage"":0.038572},{""age"":""45-54"",""gender"":""female"",""percentage"":0.069698},{""age"":""35-44"",""gender"":""female"",""percentage"":0.100407},{""age"":""35-44"",""gender"":""male"",""percentage"":0.090463},{""age"":""18-24"",""gender"":""female"",""percentage"":0.132828},{""age"":""55-64"",""gender"":""female"",""percentage"":0.044677},{""age"":""55-64"",""gender"":""unknown"",""percentage"":4.6e-5},{""age"":""45-54"",""gender"":""male"",""percentage"":0.059569},{""age"":""25-34"",""gender"":""female"",""percentage"":0.168995},{""age"":""65+"",""gender"":""female"",""percentage"":0.019101},{""age"":""25-34"",""gender"":""male"",""percentage"":0.154195},{""age"":""65+"",""gender"":""male"",""percentage"":0.014568},{""age"":""18-24"",""gender"":""unknown"",""percentage"":0.001341},{""age"":""45-54"",""gender"":""unknown"",""percentage"":0.000277},{""age"":""35-44"",""gender"":""unknown"",""percentage"":0.001017}","{""region"":""Arica y Parinacota Region"",""percentage"":0.031668},{""region"":""Antofagasta Region"",""percentage"":0.46754},{""region"":""Tarapac\u00e1 Region"",""percentage"":0.500793}","facebook,instagram","lower_bound: 100001, upper_bound: 500000",es
230829335797854,177384889097855,"Gabriel Boric",2021-12-05,2021-12-06,2021-12-08,"Gabriel Boric Font","Que la vejez sea para descansar y disfrutar 🫂, no para trabajar porque la pensión no alcanza. Fin a las AFP para una jubilación a los 65 años con un piso de $250.000 mensuales. Para pensiones justas, vota Gabriel Boric 1️⃣","Boric Presidente",boricpresidente.cl,"Votemos para hacer realidad un Chile en que nadie quede fuera. Votemos Gabriel Boric Presidente","lower_bound: 25000, upper_bound: 29999","lower_bound: 0, upper_bound: 99",USD,"{""age"":""25-34"",""gender"":""unknown"",""percentage"":0.001936},{""age"":""65+"",""gender"":""female"",""percentage"":0.028817},{""age"":""65+"",""gender"":""unknown"",""percentage"":0.00038},{""age"":""55-64"",""gender"":""unknown"",""percentage"":0.000569},{""age"":""35-44"",""gender"":""unknown"",""percentage"":0.001215},{""age"":""45-54"",""gender"":""unknown"",""percentage"":0.000797},{""age"":""65+"",""gender"":""male"",""percentage"":0.022021},{""age"":""55-64"",""gender"":""male"",""percentage"":0.05695},{""age"":""55-64"",""gender"":""female"",""percentage"":0.059},{""age"":""18-24"",""gender"":""female"",""percentage"":0.093132},{""age"":""45-54"",""gender"":""male"",""percentage"":0.068454},{""age"":""45-54"",""gender"":""female"",""percentage"":0.068909},{""age"":""35-44"",""gender"":""female"",""percentage"":0.079008},{""age"":""35-44"",""gender"":""male"",""percentage"":0.095524},{""age"":""18-24"",""gender"":""male"",""percentage"":0.084703},{""age"":""25-34"",""gender"":""female"",""percentage"":0.150993},{""age"":""25-34"",""gender"":""male"",""percentage"":0.184973},{""age"":""18-24"",""gender"":""unknown"",""percentage"":0.00262}","{""region"":""Antofagasta Region"",""percentage"":1}","facebook,instagram","lower_bound: 100001, upper_bound: 500000",es
595997998171388,177384889097855,"Gabriel Boric",2021-12-05,2021-12-05,2021-12-08,"Gabriel Boric Font","Que no necesitemos los bingos y completadas para pagar un tratamiento 🏥, sino para celebrar un país más justo 🎉. 
Por una salud para todos, sin privilegios. Vota Gabriel Boric 1️⃣","Boric Presidente",boricpresidente.cl,"Votemos para hacer realidad un Chile en que nadie quede fuera. Votemos Gabriel Boric Presidente","lower_bound: 45000, upper_bound: 49999","lower_bound: 100, upper_bound: 199",USD,"{""age"":""55-64"",""gender"":""unknown"",""percentage"":0.000416},{""age"":""45-54"",""gender"":""female"",""percentage"":0.057708},{""age"":""35-44"",""gender"":""unknown"",""percentage"":0.001311},{""age"":""18-24"",""gender"":""unknown"",""percentage"":0.002059},{""age"":""55-64"",""gender"":""male"",""percentage"":0.033867},{""age"":""45-54"",""gender"":""unknown"",""percentage"":0.000978},{""age"":""65+"",""gender"":""female"",""percentage"":0.021073},{""age"":""55-64"",""gender"":""female"",""percentage"":0.042355},{""age"":""25-34"",""gender"":""unknown"",""percentage"":0.00156},{""age"":""45-54"",""gender"":""male"",""percentage"":0.054712},{""age"":""65+"",""gender"":""unknown"",""percentage"":0.000333},{""age"":""25-34"",""gender"":""female"",""percentage"":0.167651},{""age"":""18-24"",""gender"":""female"",""percentage"":0.154587},{""age"":""35-44"",""gender"":""male"",""percentage"":0.084855},{""age"":""25-34"",""gender"":""male"",""percentage"":0.168691},{""age"":""35-44"",""gender"":""female"",""percentage"":0.082068},{""age"":""18-24"",""gender"":""male"",""percentage"":0.110776},{""age"":""65+"",""gender"":""male"",""percentage"":0.014978},{""age"":""13-17"",""gender"":""female"",""percentage"":2.1e-5}","{""region"":""Antofagasta Region"",""percentage"":1}","facebook,instagram","lower_bound: 100001, upper_bound: 500000",es
916679772305429,177384889097855,"Gabriel Boric",2021-12-05,2021-12-06,2021-12-07,"Gabriel Boric Font","Mayor dotación policial y coordinación con los países vecinos para una migración regular y ordenada. Por un gobierno que cuide nuestras fronteras, vota Gabriel Boric 1️⃣","Boric Presidente",boricpresidente.cl,"Votemos para hacer realidad un Chile en que nadie quede fuera. Votemos Gabriel Boric Presidente","lower_bound: 10000, upper_bound: 14999","lower_bound: 0, upper_bound: 99",USD,"{""age"":""45-54"",""gender"":""unknown"",""percentage"":0.000358},{""age"":""25-34"",""gender"":""female"",""percentage"":0.187236},{""age"":""65+"",""gender"":""unknown"",""percentage"":0.000143},{""age"":""55-64"",""gender"":""unknown"",""percentage"":0.000215},{""age"":""55-64"",""gender"":""female"",""percentage"":0.022537},{""age"":""18-24"",""gender"":""unknown"",""percentage"":0.006868},{""age"":""65+"",""gender"":""female"",""percentage"":0.013308},{""age"":""45-54"",""gender"":""male"",""percentage"":0.03241},{""age"":""18-24"",""gender"":""male"",""percentage"":0.159906},{""age"":""35-44"",""gender"":""female"",""percentage"":0.077198},{""age"":""35-44"",""gender"":""unknown"",""percentage"":0.002075},{""age"":""25-34"",""gender"":""male"",""percentage"":0.148959},{""age"":""35-44"",""gender"":""male"",""percentage"":0.063032},{""age"":""18-24"",""gender"":""female"",""percentage"":0.212993},{""age"":""55-64"",""gender"":""male"",""percentage"":0.018316},{""age"":""45-54"",""gender"":""female"",""percentage"":0.042069},{""age"":""65+"",""gender"":""male"",""percentage"":0.010088},{""age"":""25-34"",""gender"":""unknown"",""percentage"":0.002218},{""age"":""13-17"",""gender"":""unknown"",""percentage"":7.2e-5}","{""region"":""Antofagasta Region"",""percentage"":1}","facebook,instagram","lower_bound: 100001, upper_bound: 500000",es
447997670182389,177384889097855,"Gabriel Boric",2021-12-05,2021-12-05,2021-12-08,"Gabriel Boric Font","Que no necesitemos los bingos y completadas para pagar un tratamiento 🏥, sino para celebrar un país más justo 🎉. 
Por una salud para todos, sin privilegios. Vota Gabriel Boric 1️⃣","Boric Presidente",boricpresidente.cl,"Votemos para hacer realidad un Chile en que nadie quede fuera. Votemos Gabriel Boric Presidente","lower_bound: 200000, upper_bound: 249999","lower_bound: 300, upper_bound: 399",USD,"{""age"":""55-64"",""gender"":""unknown"",""percentage"":0.000248},{""age"":""45-54"",""gender"":""male"",""percentage"":0.079941},{""age"":""13-17"",""gender"":""male"",""percentage"":5.0e-6},{""age"":""45-54"",""gender"":""unknown"",""percentage"":0.000541},{""age"":""25-34"",""gender"":""unknown"",""percentage"":0.001237},{""age"":""18-24"",""gender"":""unknown"",""percentage"":0.001466},{""age"":""65+"",""gender"":""male"",""percentage"":0.014976},{""age"":""65+"",""gender"":""female"",""percentage"":0.021809},{""age"":""55-64"",""gender"":""male"",""percentage"":0.0445},{""age"":""25-34"",""gender"":""male"",""percentage"":0.129136},{""age"":""65+"",""gender"":""unknown"",""percentage"":0.000127},{""age"":""25-34"",""gender"":""female"",""percentage"":0.14438},{""age"":""45-54"",""gender"":""female"",""percentage"":0.096607},{""age"":""55-64"",""gender"":""female"",""percentage"":0.063869},{""age"":""35-44"",""gender"":""male"",""percentage"":0.093037},{""age"":""18-24"",""gender"":""male"",""percentage"":0.083623},{""age"":""35-44"",""gender"":""female"",""percentage"":0.103129},{""age"":""18-24"",""gender"":""female"",""percentage"":0.120238},{""age"":""35-44"",""gender"":""unknown"",""percentage"":0.001125},{""age"":""13-17"",""gender"":""unknown"",""percentage"":5.0e-6}","{""region"":""Los R\u00edos Region"",""percentage"":0.092139},{""region"":""Araucan\u00eda Region"",""percentage"":0.27952},{""region"":""B\u00edo B\u00edo Region"",""percentage"":0.347351},{""region"":""Los Lagos Region"",""percentage"":0.28099}","facebook,instagram","lower_bound: 1000001",es
975601453164359,177384889097855,"Gabriel Boric",2021-12-05,2021-12-05,2021-12-08,"Gabriel Boric Font","Las autoridades de gobierno no ganarán más de 5 millones, es decir 10 veces el salario mínimo de $500.000 al que proponemos llegar. Por un Chile sin privilegios, vota Gabriel Boric 1️⃣","Boric Presidente",boricpresidente.cl,"Votemos para hacer realidad un Chile en que nadie quede fuera. Votemos Gabriel Boric Presidente","lower_bound: 50000, upper_bound: 59999","lower_bound: 0, upper_bound: 99",USD,"{""age"":""18-24"",""gender"":""unknown"",""percentage"":0.001132},{""age"":""45-54"",""gender"":""female"",""percentage"":0.093305},{""age"":""13-17"",""gender"":""male"",""percentage"":1.9e-5},{""age"":""65+"",""gender"":""unknown"",""percentage"":0.000334},{""age"":""25-34"",""gender"":""unknown"",""percentage"":0.00167},{""age"":""55-64"",""gender"":""male"",""percentage"":0.057093},{""age"":""45-54"",""gender"":""male"",""percentage"":0.087588},{""age"":""65+"",""gender"":""female"",""percentage"":0.026282},{""age"":""35-44"",""gender"":""female"",""percentage"":0.099486},{""age"":""18-24"",""gender"":""male"",""percentage"":0.07261},{""age"":""55-64"",""gender"":""unknown"",""percentage"":0.000278},{""age"":""18-24"",""gender"":""female"",""percentage"":0.080034},{""age"":""55-64"",""gender"":""female"",""percentage"":0.066151},{""age"":""35-44"",""gender"":""unknown"",""percentage"":0.001411},{""age"":""65+"",""gender"":""male"",""percentage"":0.02025},{""age"":""25-34"",""gender"":""female"",""percentage"":0.133805},{""age"":""25-34"",""gender"":""male"",""percentage"":0.15747},{""age"":""35-44"",""gender"":""male"",""percentage"":0.100488},{""age"":""45-54"",""gender"":""unknown"",""percentage"":0.000594}","{""region"":""Los R\u00edos Region"",""percentage"":0.088989},{""region"":""Araucan\u00eda Region"",""percentage"":0.274988},{""region"":""B\u00edo B\u00edo Region"",""percentage"":0.352556},{""region"":""Los Lagos Region"",""percentage"":0.283467}","facebook,instagram","lower_bound: 1000001",es
1547327435626910,177384889097855,"Gabriel Boric",2021-12-05,2021-12-06,2021-12-08,"Gabriel Boric Font","Que la vejez sea para descansar y disfrutar 🫂, no para trabajar porque la pensión no alcanza. Fin a las AFP para una jubilación a los 65 años con un piso de $250.000 mensuales. Para pensiones justas, vota Gabriel Boric 1️⃣","Boric Presidente",boricpresidente.cl,"Votemos para hacer realidad un Chile en que nadie quede fuera. Votemos Gabriel Boric Presidente","lower_bound: 200000, upper_bound: 249999","lower_bound: 400, upper_bound: 499",USD,"{""age"":""45-54"",""gender"":""unknown"",""percentage"":0.000464},{""age"":""45-54"",""gender"":""female"",""percentage"":0.109298},{""age"":""55-64"",""gender"":""unknown"",""percentage"":0.000211},{""age"":""18-24"",""gender"":""unknown"",""percentage"":0.001285},{""age"":""65+"",""gender"":""unknown"",""percentage"":0.000206},{""age"":""35-44"",""gender"":""unknown"",""percentage"":0.000881},{""age"":""25-34"",""gender"":""unknown"",""percentage"":0.001053},{""age"":""65+"",""gender"":""male"",""percentage"":0.017415},{""age"":""55-64"",""gender"":""male"",""percentage"":0.05536},{""age"":""18-24"",""gender"":""female"",""percentage"":0.10328},{""age"":""35-44"",""gender"":""male"",""percentage"":0.097756},{""age"":""25-34"",""gender"":""female"",""percentage"":0.12029},{""age"":""25-34"",""gender"":""male"",""percentage"":0.115768},{""age"":""18-24"",""gender"":""male"",""percentage"":0.077538},{""age"":""55-64"",""gender"":""female"",""percentage"":0.077173},{""age"":""45-54"",""gender"":""male"",""percentage"":0.091363},{""age"":""65+"",""gender"":""female"",""percentage"":0.026541},{""age"":""35-44"",""gender"":""female"",""percentage"":0.104114},{""age"":""13-17"",""gender"":""male"",""percentage"":4.0e-6}","{""region"":""Los R\u00edos Region"",""percentage"":0.088683},{""region"":""Araucan\u00eda Region"",""percentage"":0.284324},{""region"":""B\u00edo B\u00edo Region"",""percentage"":0.356862},{""region"":""Los Lagos Region"",""percentage"":0.270132}","facebook,instagram","lower_bound: 1000001",es
407102277776439,177384889097855,"Gabriel Boric",2021-12-05,2021-12-06,2021-12-08,"Gabriel Boric Font","Que la vejez sea para descansar y disfrutar 🫂, no para trabajar porque la pensión no alcanza. Fin a las AFP para una jubilación a los 65 años con un piso de $250.000 mensuales. Para pensiones justas, vota Gabriel Boric 1️⃣","Boric Presidente",boricpresidente.cl,"Votemos para hacer realidad un Chile en que nadie quede fuera. Votemos Gabriel Boric Presidente","lower_bound: 50000, upper_bound: 59999","lower_bound: 100, upper_bound: 199",USD,"{""age"":""55-64"",""gender"":""unknown"",""percentage"":0.000279},{""age"":""55-64"",""gender"":""female"",""percentage"":0.06516},{""age"":""65+"",""gender"":""unknown"",""percentage"":0.000279},{""age"":""35-44"",""gender"":""unknown"",""percentage"":0.000925},{""age"":""45-54"",""gender"":""unknown"",""percentage"":0.000628},{""age"":""18-24"",""gender"":""unknown"",""percentage"":0.001745},{""age"":""45-54"",""gender"":""male"",""percentage"":0.078527},{""age"":""18-24"",""gender"":""female"",""percentage"":0.126237},{""age"":""35-44"",""gender"":""female"",""percentage"":0.080394},{""age"":""18-24"",""gender"":""male"",""percentage"":0.093587},{""age"":""25-34"",""gender"":""unknown"",""percentage"":0.001379},{""age"":""35-44"",""gender"":""male"",""percentage"":0.091667},{""age"":""25-34"",""gender"":""male"",""percentage"":0.150877},{""age"":""45-54"",""gender"":""female"",""percentage"":0.076276},{""age"":""55-64"",""gender"":""male"",""percentage"":0.053189},{""age"":""25-34"",""gender"":""female"",""percentage"":0.131786},{""age"":""65+"",""gender"":""male"",""percentage"":0.019283},{""age"":""65+"",""gender"":""female"",""percentage"":0.027764},{""age"":""13-17"",""gender"":""female"",""percentage"":1.7e-5}","{""region"":""O'Higgins Region"",""percentage"":0.458624},{""region"":""Maule Region"",""percentage"":0.541376}","facebook,instagram","lower_bound: 100001, upper_bound: 500000",es
598116537908878,177384889097855,"Gabriel Boric",2021-12-05,2021-12-06,2021-12-08,"Gabriel Boric Font","Que la vejez sea para descansar y disfrutar 🫂, no para trabajar porque la pensión no alcanza. Fin a las AFP para una jubilación a los 65 años con un piso de $250.000 mensuales. Para pensiones justas, vota Gabriel Boric 1️⃣","Boric Presidente",boricpresidente.cl,"Votemos para hacer realidad un Chile en que nadie quede fuera. Votemos Gabriel Boric Presidente","lower_bound: 30000, upper_bound: 34999","lower_bound: 0, upper_bound: 99",USD,"{""age"":""45-54"",""gender"":""unknown"",""percentage"":0.000404},{""age"":""25-34"",""gender"":""male"",""percentage"":0.151004},{""age"":""55-64"",""gender"":""unknown"",""percentage"":0.000337},{""age"":""65+"",""gender"":""unknown"",""percentage"":0.000337},{""age"":""25-34"",""gender"":""unknown"",""percentage"":0.001179},{""age"":""18-24"",""gender"":""unknown"",""percentage"":0.001617},{""age"":""65+"",""gender"":""female"",""percentage"":0.022231},{""age"":""35-44"",""gender"":""male"",""percentage"":0.096436},{""age"":""55-64"",""gender"":""male"",""percentage"":0.047898},{""age"":""35-44"",""gender"":""female"",""percentage"":0.093876},{""age"":""35-44"",""gender"":""unknown"",""percentage"":0.000775},{""age"":""45-54"",""gender"":""female"",""percentage"":0.083434},{""age"":""25-34"",""gender"":""female"",""percentage"":0.142886},{""age"":""18-24"",""gender"":""male"",""percentage"":0.087443},{""age"":""55-64"",""gender"":""female"",""percentage"":0.063157},{""age"":""45-54"",""gender"":""male"",""percentage"":0.076327},{""age"":""18-24"",""gender"":""female"",""percentage"":0.113817},{""age"":""65+"",""gender"":""male"",""percentage"":0.016808},{""age"":""13-17"",""gender"":""female"",""percentage"":3.4e-5}","{""region"":""O'Higgins Region"",""percentage"":0.295807},{""region"":""Maule Region"",""percentage"":0.704193}","facebook,instagram","lower_bound: 100001, upper_bound: 500000",es
920024018641328,177384889097855,"Gabriel Boric",2021-12-05,2021-12-05,2021-12-08,"Gabriel Boric Font","Que no necesitemos los bingos y completadas para pagar un tratamiento 🏥, sino para celebrar un país más justo 🎉. 
Por una salud para todos, sin privilegios. Vota Gabriel Boric 1️⃣","Boric Presidente",boricpresidente.cl,"Votemos para hacer realidad un Chile en que nadie quede fuera. Votemos Gabriel Boric Presidente","lower_bound: 50000, upper_bound: 59999","lower_bound: 100, upper_bound: 199",USD,"{""age"":""65+"",""gender"":""unknown"",""percentage"":0.000348},{""age"":""45-54"",""gender"":""male"",""percentage"":0.060029},{""age"":""25-34"",""gender"":""unknown"",""percentage"":0.00165},{""age"":""55-64"",""gender"":""unknown"",""percentage"":0.000532},{""age"":""55-64"",""gender"":""female"",""percentage"":0.062668},{""age"":""18-24"",""gender"":""unknown"",""percentage"":0.00231},{""age"":""65+"",""gender"":""male"",""percentage"":0.019759},{""age"":""45-54"",""gender"":""female"",""percentage"":0.074693},{""age"":""35-44"",""gender"":""female"",""percentage"":0.092839},{""age"":""35-44"",""gender"":""unknown"",""percentage"":0.00165},{""age"":""35-44"",""gender"":""male"",""percentage"":0.082611},{""age"":""25-34"",""gender"":""female"",""percentage"":0.150521},{""age"":""18-24"",""gender"":""female"",""percentage"":0.137453},{""age"":""25-34"",""gender"":""male"",""percentage"":0.145976},{""age"":""55-64"",""gender"":""male"",""percentage"":0.044266},{""age"":""18-24"",""gender"":""male"",""percentage"":0.091226},{""age"":""65+"",""gender"":""female"",""percentage"":0.030702},{""age"":""45-54"",""gender"":""unknown"",""percentage"":0.00077}","{""region"":""Valpara\u00edso Region"",""percentage"":1}","facebook,instagram","lower_bound: 500001, upper_bound: 1000000",es
4648838518541223,177384889097855,"Gabriel Boric",2021-12-05,2021-12-05,2021-12-08,"Gabriel Boric Font","Reformar Carabineros para tener más dotación donde más se necesita, con barrios seguros libres de narcotráfico. Vota Gabriel Boric 1️⃣","Boric Presidente",boricpresidente.cl,"Votemos para hacer realidad un Chile en que nadie quede fuera. Votemos Gabriel Boric Presidente","lower_bound: 25000, upper_bound: 29999","lower_bound: 0, upper_bound: 99",USD,"{""age"":""55-64"",""gender"":""unknown"",""percentage"":0.000338},{""age"":""18-24"",""gender"":""female"",""percentage"":0.162062},{""age"":""35-44"",""gender"":""unknown"",""percentage"":0.001767},{""age"":""65+"",""gender"":""male"",""percentage"":0.018684},{""age"":""45-54"",""gender"":""female"",""percentage"":0.058569},{""age"":""55-64"",""gender"":""male"",""percentage"":0.045224},{""age"":""55-64"",""gender"":""female"",""percentage"":0.052479},{""age"":""18-24"",""gender"":""male"",""percentage"":0.094884},{""age"":""65+"",""gender"":""female"",""percentage"":0.021465},{""age"":""18-24"",""gender"":""unknown"",""percentage"":0.002105},{""age"":""35-44"",""gender"":""male"",""percentage"":0.097515},{""age"":""25-34"",""gender"":""male"",""percentage"":0.151573},{""age"":""45-54"",""gender"":""male"",""percentage"":0.072441},{""age"":""35-44"",""gender"":""female"",""percentage"":0.078681},{""age"":""25-34"",""gender"":""female"",""percentage"":0.139506},{""age"":""45-54"",""gender"":""unknown"",""percentage"":0.001203},{""age"":""25-34"",""gender"":""unknown"",""percentage"":0.001391},{""age"":""65+"",""gender"":""unknown"",""percentage"":0.000113}","{""region"":""O'Higgins Region"",""percentage"":0.467099},{""region"":""Maule Region"",""percentage"":0.532901}","facebook,instagram","lower_bound: 100001, upper_bound: 500000",es
241764084723333,177384889097855,"Gabriel Boric",2021-12-05,2021-12-05,2021-12-08,"Gabriel Boric Font","Que no necesitemos los bingos y completadas para pagar un tratamiento 🏥, sino para celebrar un país más justo 🎉. 
Por una salud para todos, sin privilegios. Vota Gabriel Boric 1️⃣","Boric Presidente",boricpresidente.cl,"Votemos para hacer realidad un Chile en que nadie quede fuera. Votemos Gabriel Boric Presidente","lower_bound: 30000, upper_bound: 34999","lower_bound: 0, upper_bound: 99",USD,"{""age"":""55-64"",""gender"":""unknown"",""percentage"":0.000319},{""age"":""25-34"",""gender"":""male"",""percentage"":0.165614},{""age"":""45-54"",""gender"":""unknown"",""percentage"":0.001181},{""age"":""35-44"",""gender"":""unknown"",""percentage"":0.001883},{""age"":""45-54"",""gender"":""male"",""percentage"":0.063756},{""age"":""18-24"",""gender"":""male"",""percentage"":0.097262},{""age"":""18-24"",""gender"":""female"",""percentage"":0.117461},{""age"":""35-44"",""gender"":""male"",""percentage"":0.097996},{""age"":""55-64"",""gender"":""female"",""percentage"":0.053737},{""age"":""25-34"",""gender"":""unknown"",""percentage"":0.001468},{""age"":""45-54"",""gender"":""female"",""percentage"":0.07116},{""age"":""25-34"",""gender"":""female"",""percentage"":0.160668},{""age"":""35-44"",""gender"":""female"",""percentage"":0.092795},{""age"":""55-64"",""gender"":""male"",""percentage"":0.036314},{""age"":""18-24"",""gender"":""unknown"",""percentage"":0.001372},{""age"":""65+"",""gender"":""female"",""percentage"":0.022465},{""age"":""65+"",""gender"":""male"",""percentage"":0.014328},{""age"":""65+"",""gender"":""unknown"",""percentage"":0.000223}","{""region"":""O'Higgins Region"",""percentage"":0.492823},{""region"":""Maule Region"",""percentage"":0.507177}","facebook,instagram","lower_bound: 100001, upper_bound: 500000",es
291812779541711,177384889097855,"Gabriel Boric",2021-12-05,2021-12-06,2021-12-08,"Gabriel Boric Font","Que la vejez sea para descansar y disfrutar 🫂, no para trabajar porque la pensión no alcanza. Fin a las AFP para una jubilación a los 65 años con un piso de $250.000 mensuales. Para pensiones justas, vota Gabriel Boric 1️⃣","Boric Presidente",boricpresidente.cl,"Votemos para hacer realidad un Chile en que nadie quede fuera. Votemos Gabriel Boric Presidente","lower_bound: 70000, upper_bound: 79999","lower_bound: 100, upper_bound: 199",USD,"{""age"":""35-44"",""gender"":""unknown"",""percentage"":0.001476},{""age"":""18-24"",""gender"":""female"",""percentage"":0.107949},{""age"":""25-34"",""gender"":""unknown"",""percentage"":0.001607},{""age"":""65+"",""gender"":""female"",""percentage"":0.037561},{""age"":""35-44"",""gender"":""female"",""percentage"":0.081272},{""age"":""18-24"",""gender"":""male"",""percentage"":0.084136},{""age"":""45-54"",""gender"":""male"",""percentage"":0.072097},{""age"":""25-34"",""gender"":""male"",""percentage"":0.156116},{""age"":""65+"",""gender"":""male"",""percentage"":0.025786},{""age"":""35-44"",""gender"":""male"",""percentage"":0.089234},{""age"":""55-64"",""gender"":""unknown"",""percentage"":0.000424},{""age"":""55-64"",""gender"":""male"",""percentage"":0.057123},{""age"":""25-34"",""gender"":""female"",""percentage"":0.134144},{""age"":""45-54"",""gender"":""female"",""percentage"":0.071995},{""age"":""55-64"",""gender"":""female"",""percentage"":0.075312},{""age"":""65+"",""gender"":""unknown"",""percentage"":0.000482},{""age"":""45-54"",""gender"":""unknown"",""percentage"":0.000964},{""age"":""18-24"",""gender"":""unknown"",""percentage"":0.002294},{""age"":""13-17"",""gender"":""male"",""percentage"":2.9e-5}","{""region"":""Valpara\u00edso Region"",""percentage"":1}","facebook,instagram","lower_bound: 500001, upper_bound: 1000000",es
436606247970670,177384889097855,"Gabriel Boric",2021-12-05,2021-12-05,2021-12-07,"Gabriel Boric Font","Que no necesitemos los bingos y completadas para pagar un tratamiento 🏥, sino para celebrar un país más justo 🎉. 
Por una salud para todos, sin privilegios. Vota Gabriel Boric 1️⃣","Boric Presidente",boricpresidente.cl,"Votemos para hacer realidad un Chile en que nadie quede fuera. Votemos Gabriel Boric Presidente","lower_bound: 15000, upper_bound: 19999","lower_bound: 0, upper_bound: 99",USD,"{""age"":""65+"",""gender"":""unknown"",""percentage"":0.000406},{""age"":""25-34"",""gender"":""male"",""percentage"":0.160502},{""age"":""35-44"",""gender"":""unknown"",""percentage"":0.000581},{""age"":""55-64"",""gender"":""female"",""percentage"":0.055165},{""age"":""18-24"",""gender"":""female"",""percentage"":0.127925},{""age"":""18-24"",""gender"":""male"",""percentage"":0.095174},{""age"":""35-44"",""gender"":""female"",""percentage"":0.092968},{""age"":""55-64"",""gender"":""male"",""percentage"":0.038616},{""age"":""25-34"",""gender"":""female"",""percentage"":0.15725},{""age"":""25-34"",""gender"":""unknown"",""percentage"":0.001219},{""age"":""65+"",""gender"":""male"",""percentage"":0.013588},{""age"":""35-44"",""gender"":""male"",""percentage"":0.090123},{""age"":""45-54"",""gender"":""male"",""percentage"":0.067418},{""age"":""45-54"",""gender"":""female"",""percentage"":0.076186},{""age"":""65+"",""gender"":""female"",""percentage"":0.019743},{""age"":""45-54"",""gender"":""unknown"",""percentage"":0.000581},{""age"":""18-24"",""gender"":""unknown"",""percentage"":0.001974},{""age"":""55-64"",""gender"":""unknown"",""percentage"":0.000581}","{""region"":""O'Higgins Region"",""percentage"":0.31447},{""region"":""Maule Region"",""percentage"":0.68553}","facebook,instagram","lower_bound: 100001, upper_bound: 500000",es
1032755854240122,177384889097855,"Gabriel Boric",2021-12-05,2021-12-05,2021-12-07,"Gabriel Boric Font","Reformar Carabineros para tener más dotación donde más se necesita, con barrios seguros libres de narcotráfico. Vota Gabriel Boric 1️⃣","Boric Presidente",boricpresidente.cl,"Votemos para hacer realidad un Chile en que nadie quede fuera. Votemos Gabriel Boric Presidente","lower_bound: 7000, upper_bound: 7999","lower_bound: 0, upper_bound: 99",USD,"{""age"":""55-64"",""gender"":""unknown"",""percentage"":0.000414},{""age"":""45-54"",""gender"":""female"",""percentage"":0.06988},{""age"":""35-44"",""gender"":""unknown"",""percentage"":0.001795},{""age"":""65+"",""gender"":""female"",""percentage"":0.018644},{""age"":""65+"",""gender"":""male"",""percentage"":0.01892},{""age"":""55-64"",""gender"":""female"",""percentage"":0.051788},{""age"":""55-64"",""gender"":""male"",""percentage"":0.042259},{""age"":""25-34"",""gender"":""female"",""percentage"":0.157161},{""age"":""25-34"",""gender"":""male"",""percentage"":0.153294},{""age"":""65+"",""gender"":""unknown"",""percentage"":0.000552},{""age"":""18-24"",""gender"":""female"",""percentage"":0.129402},{""age"":""35-44"",""gender"":""male"",""percentage"":0.097915},{""age"":""45-54"",""gender"":""male"",""percentage"":0.065599},{""age"":""35-44"",""gender"":""female"",""percentage"":0.103024},{""age"":""18-24"",""gender"":""male"",""percentage"":0.084519},{""age"":""18-24"",""gender"":""unknown"",""percentage"":0.001519},{""age"":""25-34"",""gender"":""unknown"",""percentage"":0.002072},{""age"":""45-54"",""gender"":""unknown"",""percentage"":0.001243}","{""region"":""O'Higgins Region"",""percentage"":0.304152},{""region"":""Maule Region"",""percentage"":0.695848}","facebook,instagram","lower_bound: 100001, upper_bound: 500000",es
2710051575965827,177384889097855,"Gabriel Boric",2021-12-05,2021-12-05,2021-12-08,"Gabriel Boric Font","Reformar Carabineros para tener más dotación donde más se necesita, con barrios seguros libres de narcotráfico. Vota Gabriel Boric 1️⃣","Boric Presidente",boricpresidente.cl,"Votemos para hacer realidad un Chile en que nadie quede fuera. Votemos Gabriel Boric Presidente","lower_bound: 35000, upper_bound: 39999","lower_bound: 0, upper_bound: 99",USD,"{""age"":""55-64"",""gender"":""unknown"",""percentage"":0.000567},{""age"":""18-24"",""gender"":""male"",""percentage"":0.126848},{""age"":""55-64"",""gender"":""male"",""percentage"":0.032279},{""age"":""35-44"",""gender"":""male"",""percentage"":0.07597},{""age"":""45-54"",""gender"":""male"",""percentage"":0.046811},{""age"":""45-54"",""gender"":""female"",""percentage"":0.050972},{""age"":""55-64"",""gender"":""female"",""percentage"":0.041326},{""age"":""25-34"",""gender"":""female"",""percentage"":0.158056},{""age"":""18-24"",""gender"":""female"",""percentage"":0.191533},{""age"":""18-24"",""gender"":""unknown"",""percentage"":0.00435},{""age"":""35-44"",""gender"":""female"",""percentage"":0.080982},{""age"":""25-34"",""gender"":""male"",""percentage"":0.144753},{""age"":""65+"",""gender"":""male"",""percentage"":0.016928},{""age"":""65+"",""gender"":""female"",""percentage"":0.023138},{""age"":""35-44"",""gender"":""unknown"",""percentage"":0.001608},{""age"":""45-54"",""gender"":""unknown"",""percentage"":0.001229},{""age"":""25-34"",""gender"":""unknown"",""percentage"":0.002364},{""age"":""65+"",""gender"":""unknown"",""percentage"":0.000284}","{""region"":""Valpara\u00edso Region"",""percentage"":1}","facebook,instagram","lower_bound: 500001, upper_bound: 1000000",es
1033898620722903,177384889097855,"Gabriel Boric",2021-12-05,2021-12-05,2021-12-08,"Gabriel Boric Font","Que no necesitemos los bingos y completadas para pagar un tratamiento 🏥, sino para celebrar un país más justo 🎉. 
Por una salud para todos, sin privilegios. Vota Gabriel Boric 1️⃣","Boric Presidente",boricpresidente.cl,"Votemos para hacer realidad un Chile en que nadie quede fuera. Votemos Gabriel Boric Presidente","lower_bound: 30000, upper_bound: 34999","lower_bound: 0, upper_bound: 99",USD,"{""age"":""55-64"",""gender"":""unknown"",""percentage"":0.001041},{""age"":""65+"",""gender"":""female"",""percentage"":0.031689},{""age"":""25-34"",""gender"":""unknown"",""percentage"":0.002017},{""age"":""45-54"",""gender"":""unknown"",""percentage"":0.001789},{""age"":""35-44"",""gender"":""unknown"",""percentage"":0.002603},{""age"":""35-44"",""gender"":""male"",""percentage"":0.085307},{""age"":""55-64"",""gender"":""male"",""percentage"":0.041189},{""age"":""45-54"",""gender"":""female"",""percentage"":0.065168},{""age"":""65+"",""gender"":""male"",""percentage"":0.02118},{""age"":""55-64"",""gender"":""female"",""percentage"":0.057425},{""age"":""18-24"",""gender"":""unknown"",""percentage"":0.002115},{""age"":""35-44"",""gender"":""female"",""percentage"":0.089895},{""age"":""18-24"",""gender"":""female"",""percentage"":0.122723},{""age"":""25-34"",""gender"":""female"",""percentage"":0.171037},{""age"":""18-24"",""gender"":""male"",""percentage"":0.082346},{""age"":""45-54"",""gender"":""male"",""percentage"":0.05993},{""age"":""25-34"",""gender"":""male"",""percentage"":0.162123},{""age"":""65+"",""gender"":""unknown"",""percentage"":0.000423}","{""region"":""Valpara\u00edso Region"",""percentage"":1}","facebook,instagram","lower_bound: 500001, upper_bound: 1000000",es
4773572056040551,177384889097855,"Gabriel Boric",2021-12-05,2021-12-06,2021-12-08,"Gabriel Boric Font","Que la vejez sea para descansar y disfrutar 🫂, no para trabajar porque la pensión no alcanza. Fin a las AFP para una jubilación a los 65 años con un piso de $250.000 mensuales. Para pensiones justas, vota Gabriel Boric 1️⃣","Boric Presidente",boricpresidente.cl,"Votemos para hacer realidad un Chile en que nadie quede fuera. Votemos Gabriel Boric Presidente","lower_bound: 50000, upper_bound: 59999","lower_bound: 100, upper_bound: 199",USD,"{""age"":""25-34"",""gender"":""unknown"",""percentage"":0.002363},{""age"":""65+"",""gender"":""female"",""percentage"":0.037818},{""age"":""18-24"",""gender"":""unknown"",""percentage"":0.002803},{""age"":""55-64"",""gender"":""unknown"",""percentage"":0.000705},{""age"":""45-54"",""gender"":""unknown"",""percentage"":0.000917},{""age"":""35-44"",""gender"":""female"",""percentage"":0.070523},{""age"":""55-64"",""gender"":""female"",""percentage"":0.067843},{""age"":""25-34"",""gender"":""female"",""percentage"":0.142686},{""age"":""45-54"",""gender"":""male"",""percentage"":0.062924},{""age"":""18-24"",""gender"":""female"",""percentage"":0.122252},{""age"":""65+"",""gender"":""unknown"",""percentage"":0.000511},{""age"":""45-54"",""gender"":""female"",""percentage"":0.060897},{""age"":""65+"",""gender"":""male"",""percentage"":0.02724},{""age"":""35-44"",""gender"":""male"",""percentage"":0.079356},{""age"":""25-34"",""gender"":""male"",""percentage"":0.164566},{""age"":""18-24"",""gender"":""male"",""percentage"":0.104956},{""age"":""55-64"",""gender"":""male"",""percentage"":0.049825},{""age"":""35-44"",""gender"":""unknown"",""percentage"":0.001798},{""age"":""13-17"",""gender"":""male"",""percentage"":1.8e-5}","{""region"":""Valpara\u00edso Region"",""percentage"":1}","facebook,instagram","lower_bound: 500001, upper_bound: 1000000",es
227024842771707,177384889097855,"Gabriel Boric",2021-12-05,2021-12-05,2021-12-07,"Gabriel Boric Font","Reformar Carabineros para tener más dotación donde más se necesita, con barrios seguros libres de narcotráfico. Vota Gabriel Boric 1️⃣","Boric Presidente",boricpresidente.cl,"Votemos para hacer realidad un Chile en que nadie quede fuera. Votemos Gabriel Boric Presidente","lower_bound: 40000, upper_bound: 44999","lower_bound: 0, upper_bound: 99",USD,"{""age"":""65+"",""gender"":""unknown"",""percentage"":0.000599},{""age"":""65+"",""gender"":""male"",""percentage"":0.020617},{""age"":""45-54"",""gender"":""unknown"",""percentage"":0.001355},{""age"":""25-34"",""gender"":""unknown"",""percentage"":0.002711},{""age"":""25-34"",""gender"":""female"",""percentage"":0.154638},{""age"":""55-64"",""gender"":""female"",""percentage"":0.053379},{""age"":""18-24"",""gender"":""male"",""percentage"":0.121693},{""age"":""45-54"",""gender"":""male"",""percentage"":0.047124},{""age"":""18-24"",""gender"":""female"",""percentage"":0.181953},{""age"":""35-44"",""gender"":""unknown"",""percentage"":0.00245},{""age"":""35-44"",""gender"":""male"",""percentage"":0.071051},{""age"":""65+"",""gender"":""female"",""percentage"":0.031694},{""age"":""55-64"",""gender"":""male"",""percentage"":0.038054},{""age"":""25-34"",""gender"":""male"",""percentage"":0.145698},{""age"":""45-54"",""gender"":""female"",""percentage"":0.051398},{""age"":""35-44"",""gender"":""female"",""percentage"":0.070712},{""age"":""18-24"",""gender"":""unknown"",""percentage"":0.004275},{""age"":""55-64"",""gender"":""unknown"",""percentage"":0.000599}","{""region"":""Valpara\u00edso Region"",""percentage"":1}","facebook,instagram","lower_bound: 500001, upper_bound: 1000000",es
207911294846322,177384889097855,"Gabriel Boric",2021-12-05,2021-12-06,2021-12-07,"Gabriel Boric Font","Mayor dotación policial y coordinación con los países vecinos para una migración regular y ordenada. Por un gobierno que cuide nuestras fronteras, vota Gabriel Boric 1️⃣","Boric Presidente",boricpresidente.cl,"Votemos para hacer realidad un Chile en que nadie quede fuera. Votemos Gabriel Boric Presidente","lower_bound: 10000, upper_bound: 14999","lower_bound: 0, upper_bound: 99",USD,"{""age"":""45-54"",""gender"":""unknown"",""percentage"":0.00076},{""age"":""35-44"",""gender"":""male"",""percentage"":0.056737},{""age"":""55-64"",""gender"":""unknown"",""percentage"":0.00038},{""age"":""65+"",""gender"":""unknown"",""percentage"":0.000456},{""age"":""65+"",""gender"":""female"",""percentage"":0.015646},{""age"":""55-64"",""gender"":""female"",""percentage"":0.027723},{""age"":""18-24"",""gender"":""unknown"",""percentage"":0.004709},{""age"":""18-24"",""gender"":""male"",""percentage"":0.142412},{""age"":""55-64"",""gender"":""male"",""percentage"":0.017773},{""age"":""25-34"",""gender"":""female"",""percentage"":0.199377},{""age"":""35-44"",""gender"":""unknown"",""percentage"":0.001975},{""age"":""25-34"",""gender"":""male"",""percentage"":0.171654},{""age"":""35-44"",""gender"":""female"",""percentage"":0.068358},{""age"":""45-54"",""gender"":""male"",""percentage"":0.030533},{""age"":""18-24"",""gender"":""female"",""percentage"":0.209707},{""age"":""45-54"",""gender"":""female"",""percentage"":0.03866},{""age"":""65+"",""gender"":""male"",""percentage"":0.010406},{""age"":""25-34"",""gender"":""unknown"",""percentage"":0.002658},{""age"":""13-17"",""gender"":""unknown"",""percentage"":7.6e-5}","{""region"":""Atacama Region"",""percentage"":0.26889},{""region"":""Coquimbo Region"",""percentage"":0.73111}","facebook,instagram","lower_bound: 500001, upper_bound: 1000000",es
278443500778736,177384889097855,"Gabriel Boric",2021-12-05,2021-12-05,2021-12-08,"Gabriel Boric Font","Que no necesitemos los bingos y completadas para pagar un tratamiento 🏥, sino para celebrar un país más justo 🎉. 
Por una salud para todos, sin privilegios. Vota Gabriel Boric 1️⃣","Boric Presidente",boricpresidente.cl,"Votemos para hacer realidad un Chile en que nadie quede fuera. Votemos Gabriel Boric Presidente","lower_bound: 25000, upper_bound: 29999","lower_bound: 0, upper_bound: 99",USD,"{""age"":""55-64"",""gender"":""unknown"",""percentage"":0.00021},{""age"":""55-64"",""gender"":""male"",""percentage"":0.038116},{""age"":""45-54"",""gender"":""unknown"",""percentage"":0.000545},{""age"":""18-24"",""gender"":""unknown"",""percentage"":0.001426},{""age"":""25-34"",""gender"":""unknown"",""percentage"":0.001468},{""age"":""65+"",""gender"":""female"",""percentage"":0.020547},{""age"":""65+"",""gender"":""male"",""percentage"":0.01346},{""age"":""55-64"",""gender"":""female"",""percentage"":0.05099},{""age"":""45-54"",""gender"":""male"",""percentage"":0.060886},{""age"":""35-44"",""gender"":""unknown"",""percentage"":0.001006},{""age"":""45-54"",""gender"":""female"",""percentage"":0.080594},{""age"":""35-44"",""gender"":""male"",""percentage"":0.090112},{""age"":""35-44"",""gender"":""female"",""percentage"":0.102399},{""age"":""18-24"",""gender"":""female"",""percentage"":0.141647},{""age"":""25-34"",""gender"":""female"",""percentage"":0.160307},{""age"":""25-34"",""gender"":""male"",""percentage"":0.13976},{""age"":""18-24"",""gender"":""male"",""percentage"":0.09636},{""age"":""65+"",""gender"":""unknown"",""percentage"":0.000168}","{""region"":""Atacama Region"",""percentage"":0.345088},{""region"":""Coquimbo Region"",""percentage"":0.654912}","facebook,instagram","lower_bound: 100001, upper_bound: 500000",es
640994423739873,177384889097855,"Gabriel Boric",2021-12-05,2021-12-06,2021-12-08,"Gabriel Boric Font","Que la vejez sea para descansar y disfrutar 🫂, no para trabajar porque la pensión no alcanza. Fin a las AFP para una jubilación a los 65 años con un piso de $250.000 mensuales. Para pensiones justas, vota Gabriel Boric 1️⃣","Boric Presidente",boricpresidente.cl,"Votemos para hacer realidad un Chile en que nadie quede fuera. Votemos Gabriel Boric Presidente","lower_bound: 20000, upper_bound: 24999","lower_bound: 0, upper_bound: 99",USD,"{""age"":""55-64"",""gender"":""unknown"",""percentage"":0.000194},{""age"":""25-34"",""gender"":""male"",""percentage"":0.157178},{""age"":""45-54"",""gender"":""unknown"",""percentage"":0.000339},{""age"":""65+"",""gender"":""male"",""percentage"":0.020108},{""age"":""18-24"",""gender"":""female"",""percentage"":0.109356},{""age"":""35-44"",""gender"":""unknown"",""percentage"":0.001163},{""age"":""55-64"",""gender"":""male"",""percentage"":0.052473},{""age"":""18-24"",""gender"":""male"",""percentage"":0.090702},{""age"":""35-44"",""gender"":""male"",""percentage"":0.09109},{""age"":""25-34"",""gender"":""unknown"",""percentage"":0.00189},{""age"":""25-34"",""gender"":""female"",""percentage"":0.137119},{""age"":""45-54"",""gender"":""male"",""percentage"":0.078977},{""age"":""65+"",""gender"":""female"",""percentage"":0.025437},{""age"":""55-64"",""gender"":""female"",""percentage"":0.060177},{""age"":""45-54"",""gender"":""female"",""percentage"":0.085712},{""age"":""35-44"",""gender"":""female"",""percentage"":0.086777},{""age"":""18-24"",""gender"":""unknown"",""percentage"":0.001211},{""age"":""65+"",""gender"":""unknown"",""percentage"":9.7e-5}","{""region"":""Atacama Region"",""percentage"":0.323129},{""region"":""Coquimbo Region"",""percentage"":0.676871}","facebook,instagram","lower_bound: 100001, upper_bound: 500000",es
654767469237450,177384889097855,"Gabriel Boric",2021-12-05,2021-12-06,2021-12-08,"Gabriel Boric Font","Mayor dotación policial y coordinación con los países vecinos para una migración regular y ordenada. Por un gobierno que cuide nuestras fronteras, vota Gabriel Boric 1️⃣","Boric Presidente",boricpresidente.cl,"Votemos para hacer realidad un Chile en que nadie quede fuera. Votemos Gabriel Boric Presidente","lower_bound: 15000, upper_bound: 19999","lower_bound: 0, upper_bound: 99",USD,"{""age"":""55-64"",""gender"":""unknown"",""percentage"":0.00031},{""age"":""55-64"",""gender"":""female"",""percentage"":0.021991},{""age"":""45-54"",""gender"":""unknown"",""percentage"":0.00031},{""age"":""25-34"",""gender"":""unknown"",""percentage"":0.001755},{""age"":""65+"",""gender"":""male"",""percentage"":0.010427},{""age"":""65+"",""gender"":""female"",""percentage"":0.010582},{""age"":""45-54"",""gender"":""male"",""percentage"":0.027101},{""age"":""35-44"",""gender"":""male"",""percentage"":0.062306},{""age"":""25-34"",""gender"":""male"",""percentage"":0.170349},{""age"":""35-44"",""gender"":""unknown"",""percentage"":0.001187},{""age"":""55-64"",""gender"":""male"",""percentage"":0.015951},{""age"":""35-44"",""gender"":""female"",""percentage"":0.060758},{""age"":""18-24"",""gender"":""male"",""percentage"":0.164},{""age"":""18-24"",""gender"":""female"",""percentage"":0.23503},{""age"":""45-54"",""gender"":""female"",""percentage"":0.033244},{""age"":""25-34"",""gender"":""female"",""percentage"":0.18026},{""age"":""18-24"",""gender"":""unknown"",""percentage"":0.004388},{""age"":""65+"",""gender"":""unknown"",""percentage"":5.2e-5}","{""region"":""Arica y Parinacota Region"",""percentage"":0.369535},{""region"":""Antofagasta Region"",""percentage"":0.23139},{""region"":""Tarapac\u00e1 Region"",""percentage"":0.399075}","facebook,instagram","lower_bound: 500001, upper_bound: 1000000",es
691518115149832,177384889097855,"Gabriel Boric",2021-12-05,2021-12-06,2021-12-07,"Gabriel Boric Font","Mayor dotación policial y coordinación con los países vecinos para una migración regular y ordenada. Por un gobierno que cuide nuestras fronteras, vota Gabriel Boric 1️⃣","Boric Presidente",boricpresidente.cl,"Votemos para hacer realidad un Chile en que nadie quede fuera. Votemos Gabriel Boric Presidente","lower_bound: 4000, upper_bound: 4999","lower_bound: 0, upper_bound: 99",USD,"{""age"":""35-44"",""gender"":""unknown"",""percentage"":0.001268},{""age"":""45-54"",""gender"":""female"",""percentage"":0.03973},{""age"":""65+"",""gender"":""unknown"",""percentage"":0.000423},{""age"":""55-64"",""gender"":""unknown"",""percentage"":0.000423},{""age"":""25-34"",""gender"":""unknown"",""percentage"":0.00317},{""age"":""65+"",""gender"":""male"",""percentage"":0.00951},{""age"":""55-64"",""gender"":""female"",""percentage"":0.027261},{""age"":""25-34"",""gender"":""female"",""percentage"":0.173711},{""age"":""35-44"",""gender"":""female"",""percentage"":0.071429},{""age"":""18-24"",""gender"":""unknown"",""percentage"":0.002113},{""age"":""35-44"",""gender"":""male"",""percentage"":0.058538},{""age"":""18-24"",""gender"":""male"",""percentage"":0.171175},{""age"":""18-24"",""gender"":""female"",""percentage"":0.209848},{""age"":""55-64"",""gender"":""male"",""percentage"":0.021978},{""age"":""45-54"",""gender"":""male"",""percentage"":0.032122},{""age"":""25-34"",""gender"":""male"",""percentage"":0.163779},{""age"":""65+"",""gender"":""female"",""percentage"":0.013314},{""age"":""45-54"",""gender"":""unknown"",""percentage"":0.000211}","{""region"":""Atacama Region"",""percentage"":0.331879},{""region"":""Coquimbo Region"",""percentage"":0.668121}","facebook,instagram","lower_bound: 100001, upper_bound: 500000",es
1633425623660114,177384889097855,"Gabriel Boric",2021-12-05,2021-12-05,2021-12-08,"Gabriel Boric Font","Que no necesitemos los bingos y completadas para pagar un tratamiento 🏥, sino para celebrar un país más justo 🎉. 
Por una salud para todos, sin privilegios. Vota Gabriel Boric 1️⃣","Boric Presidente",boricpresidente.cl,"Votemos para hacer realidad un Chile en que nadie quede fuera. Votemos Gabriel Boric Presidente","lower_bound: 70000, upper_bound: 79999","lower_bound: 100, upper_bound: 199",USD,"{""age"":""45-54"",""gender"":""unknown"",""percentage"":0.000794},{""age"":""25-34"",""gender"":""male"",""percentage"":0.174},{""age"":""55-64"",""gender"":""unknown"",""percentage"":0.000231},{""age"":""25-34"",""gender"":""unknown"",""percentage"":0.001328},{""age"":""18-24"",""gender"":""unknown"",""percentage"":0.001558},{""age"":""18-24"",""gender"":""male"",""percentage"":0.10143},{""age"":""35-44"",""gender"":""male"",""percentage"":0.094157},{""age"":""25-34"",""gender"":""female"",""percentage"":0.165962},{""age"":""18-24"",""gender"":""female"",""percentage"":0.134389},{""age"":""45-54"",""gender"":""female"",""percentage"":0.058601},{""age"":""65+"",""gender"":""unknown"",""percentage"":0.000346},{""age"":""35-44"",""gender"":""female"",""percentage"":0.096394},{""age"":""45-54"",""gender"":""male"",""percentage"":0.055585},{""age"":""55-64"",""gender"":""female"",""percentage"":0.043016},{""age"":""65+"",""gender"":""male"",""percentage"":0.016999},{""age"":""55-64"",""gender"":""male"",""percentage"":0.033478},{""age"":""65+"",""gender"":""female"",""percentage"":0.020318},{""age"":""35-44"",""gender"":""unknown"",""percentage"":0.0014},{""age"":""13-17"",""gender"":""female"",""percentage"":1.4e-5}","{""region"":""Arica y Parinacota Region"",""percentage"":0.329818},{""region"":""Antofagasta Region"",""percentage"":0.280875},{""region"":""Tarapac\u00e1 Region"",""percentage"":0.389307}","facebook,instagram","lower_bound: 500001, upper_bound: 1000000",es
405691488005679,177384889097855,"Gabriel Boric",2021-12-05,2021-12-06,2021-12-08,"Gabriel Boric Font","Que la vejez sea para descansar y disfrutar 🫂, no para trabajar porque la pensión no alcanza. Fin a las AFP para una jubilación a los 65 años con un piso de $250.000 mensuales. Para pensiones justas, vota Gabriel Boric 1️⃣","Boric Presidente",boricpresidente.cl,"Votemos para hacer realidad un Chile en que nadie quede fuera. Votemos Gabriel Boric Presidente","lower_bound: 70000, upper_bound: 79999","lower_bound: 100, upper_bound: 199",USD,"{""age"":""65+"",""gender"":""unknown"",""percentage"":0.00028},{""age"":""25-34"",""gender"":""female"",""percentage"":0.136381},{""age"":""45-54"",""gender"":""unknown"",""percentage"":0.000841},{""age"":""55-64"",""gender"":""female"",""percentage"":0.058874},{""age"":""18-24"",""gender"":""female"",""percentage"":0.141597},{""age"":""18-24"",""gender"":""male"",""percentage"":0.106517},{""age"":""35-44"",""gender"":""male"",""percentage"":0.085906},{""age"":""45-54"",""gender"":""male"",""percentage"":0.06831},{""age"":""55-64"",""gender"":""male"",""percentage"":0.050041},{""age"":""25-34"",""gender"":""unknown"",""percentage"":0.001234},{""age"":""25-34"",""gender"":""male"",""percentage"":0.147584},{""age"":""65+"",""gender"":""female"",""percentage"":0.029178},{""age"":""35-44"",""gender"":""female"",""percentage"":0.075026},{""age"":""45-54"",""gender"":""female"",""percentage"":0.071114},{""age"":""65+"",""gender"":""male"",""percentage"":0.022265},{""age"":""35-44"",""gender"":""unknown"",""percentage"":0.001332},{""age"":""55-64"",""gender"":""unknown"",""percentage"":0.000449},{""age"":""18-24"",""gender"":""unknown"",""percentage"":0.003071}","{""region"":""Atacama Region"",""percentage"":0.308777},{""region"":""Coquimbo Region"",""percentage"":0.691223}","facebook,instagram","lower_bound: 500001, upper_bound: 1000000",es
438604831224845,177384889097855,"Gabriel Boric",2021-12-05,2021-12-06,2021-12-08,"Gabriel Boric Font","Que la vejez sea para descansar y disfrutar 🫂, no para trabajar porque la pensión no alcanza. Fin a las AFP para una jubilación a los 65 años con un piso de $250.000 mensuales. Para pensiones justas, vota Gabriel Boric 1️⃣","Boric Presidente",boricpresidente.cl,"Votemos para hacer realidad un Chile en que nadie quede fuera. Votemos Gabriel Boric Presidente","lower_bound: 80000, upper_bound: 89999","lower_bound: 100, upper_bound: 199",USD,"{""age"":""55-64"",""gender"":""male"",""percentage"":0.043826},{""age"":""25-34"",""gender"":""male"",""percentage"":0.161789},{""age"":""55-64"",""gender"":""unknown"",""percentage"":0.000392},{""age"":""18-24"",""gender"":""unknown"",""percentage"":0.001768},{""age"":""45-54"",""gender"":""unknown"",""percentage"":0.000733},{""age"":""65+"",""gender"":""unknown"",""percentage"":0.00029},{""age"":""35-44"",""gender"":""unknown"",""percentage"":0.000935},{""age"":""45-54"",""gender"":""male"",""percentage"":0.063503},{""age"":""18-24"",""gender"":""female"",""percentage"":0.1239},{""age"":""35-44"",""gender"":""female"",""percentage"":0.092097},{""age"":""25-34"",""gender"":""unknown"",""percentage"":0.000985},{""age"":""25-34"",""gender"":""female"",""percentage"":0.155272},{""age"":""18-24"",""gender"":""male"",""percentage"":0.092451},{""age"":""35-44"",""gender"":""male"",""percentage"":0.096076},{""age"":""45-54"",""gender"":""female"",""percentage"":0.065701},{""age"":""65+"",""gender"":""female"",""percentage"":0.024919},{""age"":""55-64"",""gender"":""female"",""percentage"":0.053867},{""age"":""65+"",""gender"":""male"",""percentage"":0.021484},{""age"":""13-17"",""gender"":""unknown"",""percentage"":1.3e-5}","{""region"":""Arica y Parinacota Region"",""percentage"":0.347098},{""region"":""Antofagasta Region"",""percentage"":0.263227},{""region"":""Tarapac\u00e1 Region"",""percentage"":0.389676}","facebook,instagram","lower_bound: 500001, upper_bound: 1000000",es
605109977208479,177384889097855,"Gabriel Boric",2021-12-05,2021-12-05,2021-12-08,"Gabriel Boric Font","Que no necesitemos los bingos y completadas para pagar un tratamiento 🏥, sino para celebrar un país más justo 🎉. 
Por una salud para todos, sin privilegios. Vota Gabriel Boric 1️⃣","Boric Presidente",boricpresidente.cl,"Votemos para hacer realidad un Chile en que nadie quede fuera. Votemos Gabriel Boric Presidente","lower_bound: 60000, upper_bound: 69999","lower_bound: 100, upper_bound: 199",USD,"{""age"":""65+"",""gender"":""unknown"",""percentage"":0.000268},{""age"":""55-64"",""gender"":""female"",""percentage"":0.050603},{""age"":""18-24"",""gender"":""unknown"",""percentage"":0.001706},{""age"":""25-34"",""gender"":""unknown"",""percentage"":0.001321},{""age"":""65+"",""gender"":""male"",""percentage"":0.017609},{""age"":""25-34"",""gender"":""female"",""percentage"":0.162745},{""age"":""35-44"",""gender"":""male"",""percentage"":0.083496},{""age"":""18-24"",""gender"":""male"",""percentage"":0.101005},{""age"":""25-34"",""gender"":""male"",""percentage"":0.155939},{""age"":""55-64"",""gender"":""unknown"",""percentage"":0.000385},{""age"":""18-24"",""gender"":""female"",""percentage"":0.142544},{""age"":""45-54"",""gender"":""female"",""percentage"":0.068831},{""age"":""35-44"",""gender"":""female"",""percentage"":0.0897},{""age"":""65+"",""gender"":""female"",""percentage"":0.024616},{""age"":""45-54"",""gender"":""unknown"",""percentage"":0.000953},{""age"":""45-54"",""gender"":""male"",""percentage"":0.058044},{""age"":""55-64"",""gender"":""male"",""percentage"":0.038579},{""age"":""35-44"",""gender"":""unknown"",""percentage"":0.001656}","{""region"":""Atacama Region"",""percentage"":0.305194},{""region"":""Coquimbo Region"",""percentage"":0.694806}","facebook,instagram","lower_bound: 500001, upper_bound: 1000000",es
