ad_archive_id,page_id,page_name,ad_creation_time,ad_delivery_start_time,ad_delivery_stop_time,byline,ad_creative_bodies,ad_creative_link_titles,ad_creative_link_captions,ad_creative_link_descriptions,impressions,spend,currency,demographic_distribution,delivery_by_region,publisher_platforms,estimated_audience_size,languages
633421307835602,177384889097855,"Gabriel Boric",2021-11-18,2021-11-18,2021-11-18,"Gabriel Boric Font","Te recordamos que hoy cerramos este largo caminar que recorrimos junt@s. Terminemos también con la misma fuerza que hemos tenido en esta campaña, junto a est@s artistas de la música 🌳

Seguimos para continuar el proceso de cambios que vive Chile. Vota 1, vota Gabriel Boric ☝️","Cierre de campaña",,,"lower_bound: 400000, upper_bound: 449999","lower_bound: 400, upper_bound: 499",USD,"{""age"":""25-34"",""gender"":""unknown"",""percentage"":0.001109},{""age"":""35-44"",""gender"":""male"",""percentage"":0.092601},{""age"":""18-24"",""gender"":""unknown"",""percentage"":0.00089},{""age"":""55-64"",""gender"":""male"",""percentage"":0.04817},{""age"":""65+"",""gender"":""unknown"",""percentage"":0.000238},{""age"":""45-54"",""gender"":""female"",""percentage"":0.090408},{""age"":""18-24"",""gender"":""female"",""percentage"":0.100091},{""age"":""55-64"",""gender"":""female"",""percentage"":0.071345},{""age"":""25-34"",""gender"":""female"",""percentage"":0.16},{""age"":""35-44"",""gender"":""unknown"",""percentage"":0.001454},{""age"":""25-34"",""gender"":""male"",""percentage"":0.144564},{""age"":""18-24"",""gender"":""male"",""percentage"":0.068192},{""age"":""45-54"",""gender"":""male"",""percentage"":0.075771},{""age"":""35-44"",""gender"":""female"",""percentage"":0.10353},{""age"":""65+"",""gender"":""female"",""percentage"":0.023399},{""age"":""65+"",""gender"":""male"",""percentage"":0.017104},{""age"":""45-54"",""gender"":""unknown"",""percentage"":0.000814},{""age"":""55-64"",""gender"":""unknown"",""percentage"":0.000319}","{""region"":""Los R\u00edos Region"",""percentage"":0.032922},{""region"":""Arica y Parinacota Region"",""percentage"":0.017818},{""region"":""Valpara\u00edso Region"",""percentage"":0.089309},{""region"":""Ays\u00e9n Region"",""percentage"":0.012117},{""region"":""Antofagasta Region"",""percentage"":0.043082},{""region"":""Araucan\u00eda Region"",""percentage"":0.081893},{""region"":""Atacama Region"",""percentage"":0.023967},{""region"":""B\u00edo B\u00edo Region"",""percentage"":0.143889},{""region"":""Coquimbo Region"",""percentage"":0.050112},{""region"":""O'Higgins Region"",""percentage"":0.064629},{""region"":""Los Lagos Region"",""percentage"":0.089389},{""region"":""Magallanes y la Ant\u00e1rtica Chilena Region"",""percentage"":0.018195},{""region"":""Maule Region"",""percentage"":0.082453},{""region"":""Santiago Metropolitan Region"",""percentage"":0.222716},{""region"":""Tarapac\u00e1 Region"",""percentage"":0.02751}","facebook,instagram","lower_bound: 1000001",es
651972375979303,177384889097855,"Gabriel Boric",2021-11-17,2021-11-17,2021-11-18,"Gabriel Boric Font","Crearemos un nuevo sistema de pensiones, poniendo fin a las AFP y respetando el dinero ahorrado hasta ahora por cada persona. Vota 1, Boric Presidente","Este 21 de noviembre votamos Gabriel Boric",boricpresidente.cl,"Pensiones dignas","lower_bound: 0, upper_bound: 999","lower_bound: 0, upper_bound: 99",USD,"{""age"":""45-54"",""gender"":""female"",""percentage"":0.009412},{""age"":""45-54"",""gender"":""male"",""percentage"":0.011765},{""age"":""35-44"",""gender"":""female"",""percentage"":0.142353},{""age"":""25-34"",""gender"":""male"",""percentage"":0.241176},{""age"":""35-44"",""gender"":""male"",""percentage"":0.165882},{""age"":""18-24"",""gender"":""female"",""percentage"":0.108235},{""age"":""18-24"",""gender"":""male"",""percentage"":0.095294},{""age"":""25-34"",""gender"":""female"",""percentage"":0.221176},{""age"":""35-44"",""gender"":""unknown"",""percentage"":0.002353},{""age"":""45-54"",""gender"":""unknown"",""percentage"":0.001176},{""age"":""25-34"",""gender"":""unknown"",""percentage"":0.001176}","{""region"":""Los Lagos Region"",""percentage"":1}","facebook,instagram","lower_bound: 100001, upper_bound: 500000",es
656974009021269,177384889097855,"Gabriel Boric",2021-11-17,2021-11-17,2021-11-18,"Gabriel Boric Font","Pymes y Mipymes necesitan un real apoyo estatal para poder competir justamente en el mercado. Vota 1, Boric Presidente.","El Gobierno de las Pymes",boricpresidente.cl,"Juntas y juntos por el cambio","lower_bound: 5000, upper_bound: 5999","lower_bound: 0, upper_bound: 99",USD,"{""age"":""35-44"",""gender"":""unknown"",""percentage"":0.001065},{""age"":""18-24"",""gender"":""unknown"",""percentage"":0.000799},{""age"":""25-34"",""gender"":""unknown"",""percentage"":0.000532},{""age"":""18-24"",""gender"":""male"",""percentage"":0.124567},{""age"":""18-24"",""gender"":""female"",""percentage"":0.13415},{""age"":""25-34"",""gender"":""male"",""percentage"":0.244078},{""age"":""35-44"",""gender"":""male"",""percentage"":0.159436},{""age"":""45-54"",""gender"":""female"",""percentage"":0.008251},{""age"":""25-34"",""gender"":""female"",""percentage"":0.190578},{""age"":""35-44"",""gender"":""female"",""percentage"":0.123237},{""age"":""45-54"",""gender"":""male"",""percentage"":0.013308}","{""region"":""Los Lagos Region"",""percentage"":1}","facebook,instagram","lower_bound: 100001, upper_bound: 500000",es
287674603266250,177384889097855,"Gabriel Boric",2021-11-17,2021-11-17,2021-11-18,"Gabriel Boric Font","Por una igualdad real, debemos recuperar el retroceso en empleos de mujeres que generó la pandemia. Vota 1, Boric Presidente.","Paso a paso para todas y todos",boricpresidente.cl,"Igualdad en la generación de empleos","lower_bound: 20000, upper_bound: 24999","lower_bound: 0, upper_bound: 99",USD,"{""age"":""45-54"",""gender"":""unknown"",""percentage"":5.6e-5},{""age"":""18-24"",""gender"":""unknown"",""percentage"":0.001167},{""age"":""25-34"",""gender"":""unknown"",""percentage"":0.001445},{""age"":""45-54"",""gender"":""male"",""percentage"":0.010169},{""age"":""18-24"",""gender"":""female"",""percentage"":0.12864},{""age"":""35-44"",""gender"":""female"",""percentage"":0.130751},{""age"":""18-24"",""gender"":""male"",""percentage"":0.09691},{""age"":""25-34"",""gender"":""female"",""percentage"":0.23333},{""age"":""25-34"",""gender"":""male"",""percentage"":0.253112},{""age"":""35-44"",""gender"":""male"",""percentage"":0.130529},{""age"":""35-44"",""gender"":""unknown"",""percentage"":0.00389},{""age"":""45-54"",""gender"":""female"",""percentage"":0.010002}","{""region"":""Los R\u00edos Region"",""percentage"":0.009038},{""region"":""Arica y Parinacota Region"",""percentage"":0.005897},{""region"":""Valpara\u00edso Region"",""percentage"":0.088013},{""region"":""Antofagasta Region"",""percentage"":0.037531},{""region"":""Araucan\u00eda Region"",""percentage"":0.039846},{""region"":""Atacama Region"",""percentage"":0.01962},{""region"":""B\u00edo B\u00edo Region"",""percentage"":0.096225},{""region"":""Coquimbo Region"",""percentage"":0.060788},{""region"":""O'Higgins Region"",""percentage"":0.026178},{""region"":""Los Lagos Region"",""percentage"":0.035216},{""region"":""Magallanes y la Ant\u00e1rtica Chilena Region"",""percentage"":0.008432},{""region"":""Maule Region"",""percentage"":0.06437},{""region"":""Santiago Metropolitan Region"",""percentage"":0.45445},{""region"":""Tarapac\u00e1 Region"",""percentage"":0.054395}","facebook,instagram","lower_bound: 1000001",es
594933055098239,177384889097855,"Gabriel Boric",2021-11-17,2021-11-17,2021-11-18,"Gabriel Boric Font","Seremos el primer gobierno ecológico de Chile, impulsando políticas sustentables para combatir la crisis climática. Vota 1, Boric Presidente","Nuevo modelo de desarrollo sustentable",boricpresidente.cl,"Un futuro verde","lower_bound: 7000, upper_bound: 7999","lower_bound: 0, upper_bound: 99",USD,"{""age"":""45-54"",""gender"":""unknown"",""percentage"":0.000214},{""age"":""35-44"",""gender"":""unknown"",""percentage"":0.002142},{""age"":""25-34"",""gender"":""unknown"",""percentage"":0.001713},{""age"":""45-54"",""gender"":""female"",""percentage"":0.011994},{""age"":""25-34"",""gender"":""male"",""percentage"":0.241165},{""age"":""35-44"",""gender"":""female"",""percentage"":0.13943},{""age"":""35-44"",""gender"":""male"",""percentage"":0.134504},{""age"":""25-34"",""gender"":""female"",""percentage"":0.217605},{""age"":""18-24"",""gender"":""male"",""percentage"":0.101521},{""age"":""18-24"",""gender"":""female"",""percentage"":0.137074},{""age"":""18-24"",""gender"":""unknown"",""percentage"":0.001499},{""age"":""45-54"",""gender"":""male"",""percentage"":0.011137}","{""region"":""Valpara\u00edso Region"",""percentage"":1}","facebook,instagram","lower_bound: 100001, upper_bound: 500000",es
2032929673529200,177384889097855,"Gabriel Boric",2021-11-17,2021-11-18,2021-11-19,"Gabriel Boric Font","Haremos la reforma más profunda en el sistema de salud, dando acceso universal a la atención y tratamientos de enfermedades. Vota 1, Boric Presidente","Acceso a la Salud Universal",boricpresidente.cl,"Chile para todas y todos","lower_bound: 1000, upper_bound: 1999","lower_bound: 0, upper_bound: 99",USD,"{""age"":""18-24"",""gender"":""unknown"",""percentage"":0.000854},{""age"":""25-34"",""gender"":""unknown"",""percentage"":0.001708},{""age"":""35-44"",""gender"":""unknown"",""percentage"":0.00427},{""age"":""45-54"",""gender"":""unknown"",""percentage"":0.000854},{""age"":""45-54"",""gender"":""female"",""percentage"":0.010248},{""age"":""45-54"",""gender"":""male"",""percentage"":0.013664},{""age"":""18-24"",""gender"":""female"",""percentage"":0.134927},{""age"":""35-44"",""gender"":""female"",""percentage"":0.184458},{""age"":""25-34"",""gender"":""female"",""percentage"":0.145175},{""age"":""18-24"",""gender"":""male"",""percentage"":0.12895},{""age"":""35-44"",""gender"":""male"",""percentage"":0.176772},{""age"":""25-34"",""gender"":""male"",""percentage"":0.198121}","{""region"":""Valpara\u00edso Region"",""percentage"":1}","facebook,instagram","lower_bound: 10001, upper_bound: 50000",es
276155100976648,177384889097855,"Gabriel Boric",2021-11-17,2021-11-18,2021-11-18,"Gabriel Boric Font","Haremos la reforma más profunda en el sistema de salud, dando acceso universal a la atención y tratamientos de enfermedades. Vota 1, Boric Presidente","Acceso a la Salud Universal",boricpresidente.cl,"Chile para todas y todos","lower_bound: 2000, upper_bound: 2999","lower_bound: 0, upper_bound: 99",USD,"{""age"":""45-54"",""gender"":""female"",""percentage"":0.006345},{""age"":""45-54"",""gender"":""male"",""percentage"":0.005857},{""age"":""18-24"",""gender"":""female"",""percentage"":0.13226},{""age"":""25-34"",""gender"":""male"",""percentage"":0.254758},{""age"":""35-44"",""gender"":""female"",""percentage"":0.117618},{""age"":""18-24"",""gender"":""male"",""percentage"":0.114202},{""age"":""25-34"",""gender"":""female"",""percentage"":0.209858},{""age"":""35-44"",""gender"":""male"",""percentage"":0.150317},{""age"":""18-24"",""gender"":""unknown"",""percentage"":0.001952},{""age"":""35-44"",""gender"":""unknown"",""percentage"":0.004392},{""age"":""25-34"",""gender"":""unknown"",""percentage"":0.00244}","{""region"":""Atacama Region"",""percentage"":1}","facebook,instagram","lower_bound: 50001, upper_bound: 100000",es
291611796175359,177384889097855,"Gabriel Boric",2021-11-17,2021-11-17,2021-11-18,"Gabriel Boric Font","Pymes y Mipymes necesitan un real apoyo estatal para poder competir justamente en el mercado. Vota 1, Boric Presidente.","El Gobierno de las Pymes",boricpresidente.cl,"Juntas y juntos por el cambio","lower_bound: 8000, upper_bound: 8999","lower_bound: 0, upper_bound: 99",USD,"{""age"":""18-24"",""gender"":""unknown"",""percentage"":0.000839},{""age"":""25-34"",""gender"":""unknown"",""percentage"":0.001174},{""age"":""35-44"",""gender"":""unknown"",""percentage"":0.002851},{""age"":""18-24"",""gender"":""male"",""percentage"":0.118397},{""age"":""35-44"",""gender"":""female"",""percentage"":0.115714},{""age"":""25-34"",""gender"":""male"",""percentage"":0.264967},{""age"":""45-54"",""gender"":""male"",""percentage"":0.007547},{""age"":""18-24"",""gender"":""female"",""percentage"":0.137515},{""age"":""25-34"",""gender"":""female"",""percentage"":0.22321},{""age"":""35-44"",""gender"":""male"",""percentage"":0.117726},{""age"":""45-54"",""gender"":""female"",""percentage"":0.009224},{""age"":""45-54"",""gender"":""unknown"",""percentage"":0.000839}","{""region"":""Coquimbo Region"",""percentage"":1}","facebook,instagram","lower_bound: 50001, upper_bound: 100000",es
325474262295140,177384889097855,"Gabriel Boric",2021-11-17,2021-11-17,2021-11-18,"Gabriel Boric Font","Crearemos un nuevo sistema de pensiones, poniendo fin a las AFP y respetando el dinero ahorrado hasta ahora por cada persona. Vota 1, Boric Presidente","Este 21 de noviembre votamos Gabriel Boric",boricpresidente.cl,"Pensiones dignas","lower_bound: 2000, upper_bound: 2999","lower_bound: 0, upper_bound: 99",USD,"{""age"":""45-54"",""gender"":""unknown"",""percentage"":0.000465},{""age"":""35-44"",""gender"":""unknown"",""percentage"":0.003717},{""age"":""45-54"",""gender"":""male"",""percentage"":0.009758},{""age"":""45-54"",""gender"":""female"",""percentage"":0.00697},{""age"":""18-24"",""gender"":""female"",""percentage"":0.148699},{""age"":""25-34"",""gender"":""female"",""percentage"":0.240706},{""age"":""25-34"",""gender"":""male"",""percentage"":0.243959},{""age"":""18-24"",""gender"":""male"",""percentage"":0.114777},{""age"":""35-44"",""gender"":""male"",""percentage"":0.115242},{""age"":""35-44"",""gender"":""female"",""percentage"":0.111524},{""age"":""25-34"",""gender"":""unknown"",""percentage"":0.003253},{""age"":""18-24"",""gender"":""unknown"",""percentage"":0.000929}","{""region"":""Santiago Metropolitan Region"",""percentage"":1}","facebook,instagram","lower_bound: 100001, upper_bound: 500000",es
407639347664820,177384889097855,"Gabriel Boric",2021-11-17,2021-11-17,2021-11-18,"Gabriel Boric Font","La reforma más profunda en décadas que entregue acceso universal garantizado a la salud. Vota 1, Boric Presidente.","Un nuevo Chile con Salud Universal",boricpresidente.cl,"Cambios para vivir mejor","lower_bound: 10000, upper_bound: 14999","lower_bound: 0, upper_bound: 99",USD,"{""age"":""25-34"",""gender"":""unknown"",""percentage"":0.001445},{""age"":""45-54"",""gender"":""unknown"",""percentage"":0.000434},{""age"":""18-24"",""gender"":""unknown"",""percentage"":0.001156},{""age"":""45-54"",""gender"":""female"",""percentage"":0.008671},{""age"":""45-54"",""gender"":""male"",""percentage"":0.007514},{""age"":""25-34"",""gender"":""female"",""percentage"":0.234971},{""age"":""18-24"",""gender"":""male"",""percentage"":0.113873},{""age"":""25-34"",""gender"":""male"",""percentage"":0.285983},{""age"":""18-24"",""gender"":""female"",""percentage"":0.124855},{""age"":""35-44"",""gender"":""female"",""percentage"":0.105636},{""age"":""35-44"",""gender"":""male"",""percentage"":0.11315},{""age"":""35-44"",""gender"":""unknown"",""percentage"":0.002312}","{""region"":""Antofagasta Region"",""percentage"":1}","facebook,instagram","lower_bound: 100001, upper_bound: 500000",es
416497873300723,177384889097855,"Gabriel Boric",2021-11-17,2021-11-17,2021-11-17,"Gabriel Boric Font","Avancemos a un nuevo Chile de amabilidad y respeto. Seguimos por la salud, educación, pensiones, medio ambiente y mucho más.","El nuevo Chile está en tus manos",boricpresidente.cl,"Vota Boric, vota 1","lower_bound: 70000, upper_bound: 79999","lower_bound: 100, upper_bound: 199",USD,"{""age"":""45-54"",""gender"":""unknown"",""percentage"":0.000212},{""age"":""35-44"",""gender"":""unknown"",""percentage"":0.001925},{""age"":""25-34"",""gender"":""unknown"",""percentage"":0.00138},{""age"":""35-44"",""gender"":""female"",""percentage"":0.187921},{""age"":""18-24"",""gender"":""female"",""percentage"":0.084908},{""age"":""25-34"",""gender"":""male"",""percentage"":0.223839},{""age"":""35-44"",""gender"":""male"",""percentage"":0.190271},{""age"":""18-24"",""gender"":""male"",""percentage"":0.088771},{""age"":""25-34"",""gender"":""female"",""percentage"":0.18167},{""age"":""45-54"",""gender"":""male"",""percentage"":0.018264},{""age"":""45-54"",""gender"":""female"",""percentage"":0.020042},{""age"":""18-24"",""gender"":""unknown"",""percentage"":0.000796}","{""region"":""Los R\u00edos Region"",""percentage"":0.03401},{""region"":""Arica y Parinacota Region"",""percentage"":0.02138},{""region"":""Valpara\u00edso Region"",""percentage"":0.075031},{""region"":""Ays\u00e9n Region"",""percentage"":0.009218},{""region"":""Antofagasta Region"",""percentage"":0.037917},{""region"":""Araucan\u00eda Region"",""percentage"":0.098539},{""region"":""Atacama Region"",""percentage"":0.022143},{""region"":""B\u00edo B\u00edo Region"",""percentage"":0.147427},{""region"":""Coquimbo Region"",""percentage"":0.044794},{""region"":""O'Higgins Region"",""percentage"":0.064917},{""region"":""Los Lagos Region"",""percentage"":0.075486},{""region"":""Magallanes y la Ant\u00e1rtica Chilena Region"",""percentage"":0.009018},{""region"":""Maule Region"",""percentage"":0.082885},{""region"":""Santiago Metropolitan Region"",""percentage"":0.2518},{""region"":""Tarapac\u00e1 Region"",""percentage"":0.025434}","facebook,instagram","lower_bound: 1000001",
437051944444329,177384889097855,"Gabriel Boric",2021-11-17,2021-11-17,2021-11-18,"Gabriel Boric Font","Escuchamos a cada territorio entregar propuestas que la ciudadanía necesita. El cambio lo construímos juntos y juntas. Vota 1, Boric Presidente","El nuevo Chile está en tus manos",boricpresidente.cl,"Juntas y juntos somos UNO.","lower_bound: 10000, upper_bound: 14999","lower_bound: 0, upper_bound: 99",USD,"{""age"":""45-54"",""gender"":""unknown"",""percentage"":0.000163},{""age"":""25-34"",""gender"":""unknown"",""percentage"":0.00098},{""age"":""45-54"",""gender"":""female"",""percentage"":0.008165},{""age"":""25-34"",""gender"":""female"",""percentage"":0.20885},{""age"":""18-24"",""gender"":""male"",""percentage"":0.136349},{""age"":""35-44"",""gender"":""male"",""percentage"":0.118713},{""age"":""35-44"",""gender"":""female"",""percentage"":0.10663},{""age"":""18-24"",""gender"":""female"",""percentage"":0.14582},{""age"":""25-34"",""gender"":""male"",""percentage"":0.264696},{""age"":""45-54"",""gender"":""male"",""percentage"":0.007348},{""age"":""35-44"",""gender"":""unknown"",""percentage"":0.002286}","{""region"":""Arica y Parinacota Region"",""percentage"":1}","facebook,instagram","lower_bound: 100001, upper_bound: 500000",es
440361780957718,177384889097855,"Gabriel Boric",2021-11-17,2021-11-17,2021-11-18,"Gabriel Boric Font","Llevamos años luchando por una educación pública de calidad. Como gobierno fomentaremos una buena enseñanza no sexista. Vota 1, Boric Presidente","Educación como pilar fundamental para el proceso de cambios",boricpresidente.cl,"Educación de calidad para todas y todos","lower_bound: 5000, upper_bound: 5999","lower_bound: 0, upper_bound: 99",USD,"{""age"":""45-54"",""gender"":""male"",""percentage"":0.009344},{""age"":""35-44"",""gender"":""unknown"",""percentage"":0.003418},{""age"":""18-24"",""gender"":""female"",""percentage"":0.138788},{""age"":""35-44"",""gender"":""male"",""percentage"":0.122607},{""age"":""25-34"",""gender"":""male"",""percentage"":0.285779},{""age"":""25-34"",""gender"":""female"",""percentage"":0.214676},{""age"":""35-44"",""gender"":""female"",""percentage"":0.102552},{""age"":""18-24"",""gender"":""male"",""percentage"":0.11258},{""age"":""18-24"",""gender"":""unknown"",""percentage"":0.000912},{""age"":""45-54"",""gender"":""female"",""percentage"":0.007748},{""age"":""45-54"",""gender"":""unknown"",""percentage"":0.000228},{""age"":""25-34"",""gender"":""unknown"",""percentage"":0.001367}","{""region"":""Santiago Metropolitan Region"",""percentage"":1}","facebook,instagram","lower_bound: 50001, upper_bound: 100000",es
583819226256846,177384889097855,"Gabriel Boric",2021-11-17,2021-11-17,2021-11-18,"Gabriel Boric Font","Árbol a árbol, raíz a raíz, nos acompañamos, nos sumamos. Porque junt@s somos UNO 🌳","Capítulo 3 Franja",,,"lower_bound: 20000, upper_bound: 24999","lower_bound: 300, upper_bound: 399",USD,"{""age"":""18-24"",""gender"":""unknown"",""percentage"":0.000592},{""age"":""25-34"",""gender"":""unknown"",""percentage"":0.001775},{""age"":""35-44"",""gender"":""unknown"",""percentage"":0.005522},{""age"":""18-24"",""gender"":""male"",""percentage"":0.021742},{""age"":""18-24"",""gender"":""female"",""percentage"":0.056944},{""age"":""45-54"",""gender"":""male"",""percentage"":0.013805},{""age"":""35-44"",""gender"":""male"",""percentage"":0.137554},{""age"":""45-54"",""gender"":""female"",""percentage"":0.031504},{""age"":""35-44"",""gender"":""female"",""percentage"":0.299512},{""age"":""25-34"",""gender"":""female"",""percentage"":0.291969},{""age"":""25-34"",""gender"":""male"",""percentage"":0.13849},{""age"":""45-54"",""gender"":""unknown"",""percentage"":0.000592}","{""region"":""Los R\u00edos Region"",""percentage"":0.026497},{""region"":""Arica y Parinacota Region"",""percentage"":0.018474},{""region"":""Valpara\u00edso Region"",""percentage"":0.094052},{""region"":""Ays\u00e9n Region"",""percentage"":0.00728},{""region"":""Antofagasta Region"",""percentage"":0.046704},{""region"":""Araucan\u00eda Region"",""percentage"":0.071121},{""region"":""Atacama Region"",""percentage"":0.0157},{""region"":""B\u00edo B\u00edo Region"",""percentage"":0.108068},{""region"":""Coquimbo Region"",""percentage"":0.039176},{""region"":""O'Higgins Region"",""percentage"":0.042346},{""region"":""Los Lagos Region"",""percentage"":0.037195},{""region"":""Magallanes y la Ant\u00e1rtica Chilena Region"",""percentage"":0.011342},{""region"":""Maule Region"",""percentage"":0.060472},{""region"":""Santiago Metropolitan Region"",""percentage"":0.395275},{""region"":""Tarapac\u00e1 Region"",""percentage"":0.026299}",facebook,"lower_bound: 100001, upper_bound: 500000",es
587735705861438,177384889097855,"Gabriel Boric",2021-11-17,2021-11-17,2021-11-18,"Gabriel Boric Font","Seremos el primer gobierno ecológico de Chile, impulsando políticas sustentables para combatir la crisis climática. Vota 1, Boric Presidente","Nuevo modelo de desarrollo sustentable",boricpresidente.cl,"Un futuro verde","lower_bound: 5000, upper_bound: 5999","lower_bound: 0, upper_bound: 99",USD,"{""age"":""45-54"",""gender"":""unknown"",""percentage"":0.000321},{""age"":""25-34"",""gender"":""unknown"",""percentage"":0.00257},{""age"":""45-54"",""gender"":""male"",""percentage"":0.008673},{""age"":""35-44"",""gender"":""male"",""percentage"":0.123032},{""age"":""25-34"",""gender"":""male"",""percentage"":0.211372},{""age"":""35-44"",""gender"":""female"",""percentage"":0.150659},{""age"":""25-34"",""gender"":""female"",""percentage"":0.240925},{""age"":""18-24"",""gender"":""female"",""percentage"":0.137488},{""age"":""18-24"",""gender"":""male"",""percentage"":0.108256},{""age"":""45-54"",""gender"":""female"",""percentage"":0.010922},{""age"":""18-24"",""gender"":""unknown"",""percentage"":0.002249},{""age"":""35-44"",""gender"":""unknown"",""percentage"":0.003534}","{""region"":""Valpara\u00edso Region"",""percentage"":1}","facebook,instagram","lower_bound: 10001, upper_bound: 50000",es
594368741785135,177384889097855,"Gabriel Boric",2021-11-17,2021-11-17,2021-11-18,"Gabriel Boric Font","Llevamos años luchando por una educación pública de calidad. Como gobierno fomentaremos una buena enseñanza no sexista. Vota 1, Boric Presidente","Educación como pilar fundamental para el proceso de cambios",boricpresidente.cl,"Educación de calidad para todas y todos","lower_bound: 6000, upper_bound: 6999","lower_bound: 0, upper_bound: 99",USD,"{""age"":""18-24"",""gender"":""male"",""percentage"":0.121706},{""age"":""25-34"",""gender"":""male"",""percentage"":0.284047},{""age"":""25-34"",""gender"":""female"",""percentage"":0.200161},{""age"":""18-24"",""gender"":""female"",""percentage"":0.122309},{""age"":""35-44"",""gender"":""female"",""percentage"":0.097164},{""age"":""35-44"",""gender"":""male"",""percentage"":0.15168},{""age"":""45-54"",""gender"":""male"",""percentage"":0.009455},{""age"":""35-44"",""gender"":""unknown"",""percentage"":0.003621},{""age"":""25-34"",""gender"":""unknown"",""percentage"":0.003018},{""age"":""45-54"",""gender"":""female"",""percentage"":0.005834},{""age"":""18-24"",""gender"":""unknown"",""percentage"":0.000805},{""age"":""45-54"",""gender"":""unknown"",""percentage"":0.000201}","{""region"":""Santiago Metropolitan Region"",""percentage"":1}","facebook,instagram","lower_bound: 100001, upper_bound: 500000",es
595216918264143,177384889097855,"Gabriel Boric",2021-11-17,2021-11-17,2021-11-18,"Gabriel Boric Font","Crearemos un nuevo sistema de pensiones, poniendo fin a las AFP y respetando el dinero ahorrado hasta ahora por cada persona. Vota 1, Boric Presidente","Este 21 de noviembre votamos Gabriel Boric",boricpresidente.cl,"Pensiones dignas","lower_bound: 9000, upper_bound: 9999","lower_bound: 0, upper_bound: 99",USD,"{""age"":""25-34"",""gender"":""unknown"",""percentage"":0.001296},{""age"":""35-44"",""gender"":""unknown"",""percentage"":0.002016},{""age"":""18-24"",""gender"":""unknown"",""percentage"":0.001152},{""age"":""35-44"",""gender"":""female"",""percentage"":0.114742},{""age"":""25-34"",""gender"":""female"",""percentage"":0.227469},{""age"":""18-24"",""gender"":""male"",""percentage"":0.123812},{""age"":""18-24"",""gender"":""female"",""percentage"":0.145839},{""age"":""25-34"",""gender"":""male"",""percentage"":0.247768},{""age"":""45-54"",""gender"":""female"",""percentage"":0.007918},{""age"":""35-44"",""gender"":""male"",""percentage"":0.118341},{""age"":""45-54"",""gender"":""male"",""percentage"":0.009358},{""age"":""45-54"",""gender"":""unknown"",""percentage"":0.000288}","{""region"":""Santiago Metropolitan Region"",""percentage"":1}","facebook,instagram","lower_bound: 50001, upper_bound: 100000",es
598618118224164,177384889097855,"Gabriel Boric",2021-11-17,2021-11-17,2021-11-18,"Gabriel Boric Font","En nuestro país somos distintas, distintos, diversas, diversos y diferentes, pero juntas y juntos somos UNO ☝️🌳

En este segundo capítulo de #franjaelectoral compartimos todas y todos, de norte a sur, de mar a cordillera, con cada una de nuestras riquezas. #Seguimos por los cambios, seguimos por un #ChileDigno✊","Capítulo 2 Franja",,,"lower_bound: 25000, upper_bound: 29999","lower_bound: 400, upper_bound: 499",USD,"{""age"":""45-54"",""gender"":""unknown"",""percentage"":0.000522},{""age"":""18-24"",""gender"":""male"",""percentage"":0.023563},{""age"":""35-44"",""gender"":""male"",""percentage"":0.132578},{""age"":""25-34"",""gender"":""male"",""percentage"":0.144359},{""age"":""25-34"",""gender"":""female"",""percentage"":0.29267},{""age"":""35-44"",""gender"":""female"",""percentage"":0.288532},{""age"":""18-24"",""gender"":""female"",""percentage"":0.067668},{""age"":""45-54"",""gender"":""female"",""percentage"":0.029975},{""age"":""45-54"",""gender"":""male"",""percentage"":0.012602},{""age"":""35-44"",""gender"":""unknown"",""percentage"":0.004847},{""age"":""25-34"",""gender"":""unknown"",""percentage"":0.0022},{""age"":""18-24"",""gender"":""unknown"",""percentage"":0.000485}","{""region"":""Los R\u00edos Region"",""percentage"":0.027121},{""region"":""Arica y Parinacota Region"",""percentage"":0.019174},{""region"":""Valpara\u00edso Region"",""percentage"":0.095068},{""region"":""Ays\u00e9n Region"",""percentage"":0.0074},{""region"":""Antofagasta Region"",""percentage"":0.04819},{""region"":""Araucan\u00eda Region"",""percentage"":0.07141},{""region"":""Atacama Region"",""percentage"":0.01418},{""region"":""B\u00edo B\u00edo Region"",""percentage"":0.106842},{""region"":""Coquimbo Region"",""percentage"":0.037145},{""region"":""O'Higgins Region"",""percentage"":0.042248},{""region"":""Los Lagos Region"",""percentage"":0.034375},{""region"":""Magallanes y la Ant\u00e1rtica Chilena Region"",""percentage"":0.012066},{""region"":""Maule Region"",""percentage"":0.06237},{""region"":""Santiago Metropolitan Region"",""percentage"":0.394926},{""region"":""Tarapac\u00e1 Region"",""percentage"":0.027485}",facebook,"lower_bound: 100001, upper_bound: 500000",es
676096393372965,177384889097855,"Gabriel Boric",2021-11-17,2021-11-17,2021-11-18,"Gabriel Boric Font","Por el derecho al cuidado en sala cuna y jardines infantiles para tus hijas e hijos. Vota 1, Boric Presidente.","Dignidad para todas y todos",boricpresidente.cl,"Un Chile para todas y todos","lower_bound: 9000, upper_bound: 9999","lower_bound: 0, upper_bound: 99",USD,"{""age"":""45-54"",""gender"":""male"",""percentage"":0.006459},{""age"":""18-24"",""gender"":""male"",""percentage"":0.106293},{""age"":""35-44"",""gender"":""male"",""percentage"":0.117734},{""age"":""35-44"",""gender"":""female"",""percentage"":0.117734},{""age"":""18-24"",""gender"":""female"",""percentage"":0.155564},{""age"":""25-34"",""gender"":""female"",""percentage"":0.24045},{""age"":""25-34"",""gender"":""male"",""percentage"":0.241188},{""age"":""25-34"",""gender"":""unknown"",""percentage"":0.00203},{""age"":""45-54"",""gender"":""female"",""percentage"":0.00812},{""age"":""35-44"",""gender"":""unknown"",""percentage"":0.003506},{""age"":""18-24"",""gender"":""unknown"",""percentage"":0.000738},{""age"":""45-54"",""gender"":""unknown"",""percentage"":0.000185}","{""region"":""Santiago Metropolitan Region"",""percentage"":1}","facebook,instagram","lower_bound: 50001, upper_bound: 100000",es
867243730625593,177384889097855,"Gabriel Boric",2021-11-17,2021-11-17,2021-11-18,"Gabriel Boric Font","Avancemos a un nuevo Chile de amabilidad y respeto. Seguimos por la salud, educación, pensiones, medio ambiente y mucho más. Vota 1, Boric Presidente","Juntas y juntos construimos un nuevo Chile",boricpresidente.cl,"Elección presidencial 2021","lower_bound: 0, upper_bound: 999","lower_bound: 0, upper_bound: 99",USD,"{""age"":""45-54"",""gender"":""male"",""percentage"":0.008889},{""age"":""35-44"",""gender"":""female"",""percentage"":0.078519},{""age"":""35-44"",""gender"":""male"",""percentage"":0.094815},{""age"":""25-34"",""gender"":""female"",""percentage"":0.217778},{""age"":""18-24"",""gender"":""male"",""percentage"":0.136296},{""age"":""25-34"",""gender"":""male"",""percentage"":0.331852},{""age"":""18-24"",""gender"":""female"",""percentage"":0.124444},{""age"":""25-34"",""gender"":""unknown"",""percentage"":0.002963},{""age"":""35-44"",""gender"":""unknown"",""percentage"":0.001481},{""age"":""45-54"",""gender"":""female"",""percentage"":0.002963}","{""region"":""Santiago Metropolitan Region"",""percentage"":1}","facebook,instagram","lower_bound: 50001, upper_bound: 100000",es
973260066597404,177384889097855,"Gabriel Boric",2021-11-17,2021-11-17,2021-11-18,"Gabriel Boric Font","La reforma más profunda en décadas que entregue acceso universal garantizado a la salud. Vota 1, Boric Presidente.","Un nuevo Chile con Salud Universal",boricpresidente.cl,"Cambios para vivir mejor","lower_bound: 3000, upper_bound: 3999","lower_bound: 0, upper_bound: 99",USD,"{""age"":""25-34"",""gender"":""male"",""percentage"":0.234156},{""age"":""25-34"",""gender"":""female"",""percentage"":0.256379},{""age"":""18-24"",""gender"":""female"",""percentage"":0.147737},{""age"":""35-44"",""gender"":""female"",""percentage"":0.141152},{""age"":""35-44"",""gender"":""male"",""percentage"":0.102058},{""age"":""18-24"",""gender"":""male"",""percentage"":0.088477},{""age"":""45-54"",""gender"":""female"",""percentage"":0.014403},{""age"":""45-54"",""gender"":""male"",""percentage"":0.011111},{""age"":""35-44"",""gender"":""unknown"",""percentage"":0.002469},{""age"":""25-34"",""gender"":""unknown"",""percentage"":0.001235},{""age"":""45-54"",""gender"":""unknown"",""percentage"":0.000412},{""age"":""18-24"",""gender"":""unknown"",""percentage"":0.000412}","{""region"":""Maule Region"",""percentage"":1}","facebook,instagram","lower_bound: 10001, upper_bound: 50000",es
974350076799847,177384889097855,"Gabriel Boric",2021-11-17,2021-11-17,2021-11-18,"Gabriel Boric Font","Crearemos un nuevo sistema de pensiones, poniendo fin a las AFP y respetando el dinero ahorrado hasta ahora por cada persona. Vota 1, Boric Presidente","Este 21 de noviembre votamos Gabriel Boric",boricpresidente.cl,"Pensiones dignas","lower_bound: 0, upper_bound: 999","lower_bound: 0, upper_bound: 99",USD,"{""age"":""45-54"",""gender"":""female"",""percentage"":0.014885},{""age"":""18-24"",""gender"":""male"",""percentage"":0.136671},{""age"":""35-44"",""gender"":""male"",""percentage"":0.128552},{""age"":""25-34"",""gender"":""male"",""percentage"":0.188092},{""age"":""25-34"",""gender"":""female"",""percentage"":0.193505},{""age"":""35-44"",""gender"":""female"",""percentage"":0.158322},{""age"":""18-24"",""gender"":""female"",""percentage"":0.165088},{""age"":""45-54"",""gender"":""male"",""percentage"":0.013532},{""age"":""18-24"",""gender"":""unknown"",""percentage"":0.001353}","{""region"":""Maule Region"",""percentage"":1}","facebook,instagram","lower_bound: 10001, upper_bound: 50000",es
4448639838584699,177384889097855,"Gabriel Boric",2021-11-17,2021-11-17,2021-11-18,"Gabriel Boric Font","Pymes y Mipymes necesitan un real apoyo estatal para poder competir justamente en el mercado. Vota 1, Boric Presidente.","El Gobierno de las Pymes",boricpresidente.cl,"Juntas y juntos por el cambio","lower_bound: 5000, upper_bound: 5999","lower_bound: 0, upper_bound: 99",USD,"{""age"":""18-24"",""gender"":""unknown"",""percentage"":0.000545},{""age"":""45-54"",""gender"":""male"",""percentage"":0.008451},{""age"":""45-54"",""gender"":""female"",""percentage"":0.010087},{""age"":""18-24"",""gender"":""female"",""percentage"":0.119956},{""age"":""35-44"",""gender"":""female"",""percentage"":0.11205},{""age"":""25-34"",""gender"":""male"",""percentage"":0.273446},{""age"":""25-34"",""gender"":""female"",""percentage"":0.236914},{""age"":""35-44"",""gender"":""male"",""percentage"":0.120229},{""age"":""18-24"",""gender"":""male"",""percentage"":0.113686},{""age"":""35-44"",""gender"":""unknown"",""percentage"":0.002726},{""age"":""25-34"",""gender"":""unknown"",""percentage"":0.001908}","{""region"":""Los R\u00edos Region"",""percentage"":1}","facebook,instagram","lower_bound: 100001, upper_bound: 500000",es
214499624116988,177384889097855,"Gabriel Boric",2021-11-17,2021-11-17,2021-11-18,"Gabriel Boric Font","Escuchamos a cada territorio entregar propuestas que la ciudadanía necesita. El cambio lo construímos juntos y juntas. Vota 1, Boric Presidente","Juntas y juntos somos UNO.",boricpresidente.cl,"El cambio lo construimos juntos y juntas","lower_bound: 6000, upper_bound: 6999","lower_bound: 0, upper_bound: 99",USD,"{""age"":""45-54"",""gender"":""unknown"",""percentage"":0.000197},{""age"":""18-24"",""gender"":""unknown"",""percentage"":0.001184},{""age"":""35-44"",""gender"":""female"",""percentage"":0.146832},{""age"":""25-34"",""gender"":""unknown"",""percentage"":0.001381},{""age"":""25-34"",""gender"":""female"",""percentage"":0.205842},{""age"":""25-34"",""gender"":""male"",""percentage"":0.235642},{""age"":""35-44"",""gender"":""male"",""percentage"":0.142688},{""age"":""18-24"",""gender"":""female"",""percentage"":0.131241},{""age"":""18-24"",""gender"":""male"",""percentage"":0.113677},{""age"":""35-44"",""gender"":""unknown"",""percentage"":0.002171},{""age"":""45-54"",""gender"":""female"",""percentage"":0.010262},{""age"":""45-54"",""gender"":""male"",""percentage"":0.008881}","{""region"":""Los R\u00edos Region"",""percentage"":0.013047},{""region"":""Arica y Parinacota Region"",""percentage"":0.01124},{""region"":""Valpara\u00edso Region"",""percentage"":0.092533},{""region"":""Antofagasta Region"",""percentage"":0.056002},{""region"":""Araucan\u00eda Region"",""percentage"":0.042553},{""region"":""Atacama Region"",""percentage"":0.024689},{""region"":""B\u00edo B\u00edo Region"",""percentage"":0.095343},{""region"":""Coquimbo Region"",""percentage"":0.063629},{""region"":""O'Higgins Region"",""percentage"":0.039944},{""region"":""Los Lagos Region"",""percentage"":0.030108},{""region"":""Magallanes y la Ant\u00e1rtica Chilena Region"",""percentage"":0.009033},{""region"":""Maule Region"",""percentage"":0.064231},{""region"":""Santiago Metropolitan Region"",""percentage"":0.405259},{""region"":""Tarapac\u00e1 Region"",""percentage"":0.052389}","facebook,instagram","lower_bound: 1000001",es
244224727700480,177384889097855,"Gabriel Boric",2021-11-17,2021-11-17,2021-11-18,"Gabriel Boric Font","Seremos el primer gobierno ecológico de Chile, impulsando políticas sustentables para combatir la crisis climática. Vota 1, Boric Presidente","Nuevo modelo de desarrollo sustentable",boricpresidente.cl,"Un futuro verde","lower_bound: 7000, upper_bound: 7999","lower_bound: 0, upper_bound: 99",USD,"{""age"":""45-54"",""gender"":""male"",""percentage"":0.011249},{""age"":""18-24"",""gender"":""female"",""percentage"":0.103159},{""age"":""25-34"",""gender"":""male"",""percentage"":0.258018},{""age"":""25-34"",""gender"":""female"",""percentage"":0.198181},{""age"":""35-44"",""gender"":""female"",""percentage"":0.137147},{""age"":""35-44"",""gender"":""male"",""percentage"":0.144806},{""age"":""45-54"",""gender"":""female"",""percentage"":0.010292},{""age"":""25-34"",""gender"":""unknown"",""percentage"":0.002154},{""age"":""18-24"",""gender"":""male"",""percentage"":0.127812},{""age"":""35-44"",""gender"":""unknown"",""percentage"":0.005026},{""age"":""45-54"",""gender"":""unknown"",""percentage"":0.000718},{""age"":""18-24"",""gender"":""unknown"",""percentage"":0.001436}","{""region"":""Santiago Metropolitan Region"",""percentage"":1}","facebook,instagram","lower_bound: 10001, upper_bound: 50000",es
254459489913985,177384889097855,"Gabriel Boric",2021-11-17,2021-11-17,2021-11-18,"Gabriel Boric Font","Pymes y Mipymes necesitan un real apoyo estatal para poder competir justamente en el mercado. Vota 1, Boric Presidente.","El Gobierno de las Pymes",boricpresidente.cl,"Juntas y juntos por el cambio","lower_bound: 3000, upper_bound: 3999","lower_bound: 0, upper_bound: 99",USD,"{""age"":""25-34"",""gender"":""unknown"",""percentage"":0.001872},{""age"":""45-54"",""gender"":""unknown"",""percentage"":0.000374},{""age"":""45-54"",""gender"":""male"",""percentage"":0.008985},{""age"":""18-24"",""gender"":""female"",""percentage"":0.127668},{""age"":""35-44"",""gender"":""male"",""percentage"":0.118682},{""age"":""25-34"",""gender"":""male"",""percentage"":0.274803},{""age"":""25-34"",""gender"":""female"",""percentage"":0.224261},{""age"":""18-24"",""gender"":""male"",""percentage"":0.122426},{""age"":""35-44"",""gender"":""female"",""percentage"":0.109322},{""age"":""35-44"",""gender"":""unknown"",""percentage"":0.002246},{""age"":""45-54"",""gender"":""female"",""percentage"":0.008985},{""age"":""18-24"",""gender"":""unknown"",""percentage"":0.000374}","{""region"":""O'Higgins Region"",""percentage"":1}","facebook,instagram","lower_bound: 100001, upper_bound: 500000",es
255728779772266,177384889097855,"Gabriel Boric",2021-11-17,2021-11-18,2021-11-18,"Gabriel Boric Font","Haremos la reforma más profunda en el sistema de salud, dando acceso universal a la atención y tratamientos de enfermedades. Vota 1, Boric Presidente","Acceso a la Salud Universal",boricpresidente.cl,"Chile para todas y todos","lower_bound: 1000, upper_bound: 1999","lower_bound: 0, upper_bound: 99",USD,"{""age"":""18-24"",""gender"":""unknown"",""percentage"":0.000643},{""age"":""45-54"",""gender"":""female"",""percentage"":0.005784},{""age"":""18-24"",""gender"":""female"",""percentage"":0.117609},{""age"":""35-44"",""gender"":""female"",""percentage"":0.126607},{""age"":""35-44"",""gender"":""male"",""percentage"":0.133676},{""age"":""25-34"",""gender"":""female"",""percentage"":0.237147},{""age"":""25-34"",""gender"":""male"",""percentage"":0.244859},{""age"":""18-24"",""gender"":""male"",""percentage"":0.122751},{""age"":""35-44"",""gender"":""unknown"",""percentage"":0.001928},{""age"":""45-54"",""gender"":""male"",""percentage"":0.007712},{""age"":""25-34"",""gender"":""unknown"",""percentage"":0.001285}","{""region"":""Santiago Metropolitan Region"",""percentage"":1}","facebook,instagram","lower_bound: 10001, upper_bound: 50000",es
265607312185043,177384889097855,"Gabriel Boric",2021-11-17,2021-11-17,2021-11-18,"Gabriel Boric Font","Escuchamos a cada territorio entregar propuestas que la ciudadanía necesita. El cambio lo construímos juntos y juntas. Vota 1, Boric Presidente","El nuevo Chile está en tus manos",boricpresidente.cl,"Juntas y juntos somos UNO.","lower_bound: 2000, upper_bound: 2999","lower_bound: 0, upper_bound: 99",USD,"{""age"":""25-34"",""gender"":""unknown"",""percentage"":0.002095},{""age"":""35-44"",""gender"":""unknown"",""percentage"":0.004888},{""age"":""18-24"",""gender"":""male"",""percentage"":0.14595},{""age"":""18-24"",""gender"":""female"",""percentage"":0.14176},{""age"":""45-54"",""gender"":""male"",""percentage"":0.010475},{""age"":""35-44"",""gender"":""female"",""percentage"":0.105447},{""age"":""25-34"",""gender"":""male"",""percentage"":0.255587},{""age"":""25-34"",""gender"":""female"",""percentage"":0.213687},{""age"":""35-44"",""gender"":""male"",""percentage"":0.111034},{""age"":""45-54"",""gender"":""female"",""percentage"":0.00838},{""age"":""18-24"",""gender"":""unknown"",""percentage"":0.000698}","{""region"":""Magallanes y la Ant\u00e1rtica Chilena Region"",""percentage"":1}","facebook,instagram","lower_bound: 10001, upper_bound: 50000",es
293187942707646,177384889097855,"Gabriel Boric",2021-11-17,2021-11-17,2021-11-18,"Gabriel Boric Font","Pymes y Mipymes necesitan un real apoyo estatal para poder competir justamente en el mercado. Vota 1, Boric Presidente.","Juntas y juntos por el cambio",boricpresidente.cl,"Apoyo a Pymes y Mipymes","lower_bound: 5000, upper_bound: 5999","lower_bound: 0, upper_bound: 99",USD,"{""age"":""45-54"",""gender"":""unknown"",""percentage"":0.00041},{""age"":""18-24"",""gender"":""unknown"",""percentage"":0.00164},{""age"":""18-24"",""gender"":""male"",""percentage"":0.140398},{""age"":""18-24"",""gender"":""female"",""percentage"":0.122156},{""age"":""25-34"",""gender"":""female"",""percentage"":0.200656},{""age"":""35-44"",""gender"":""male"",""percentage"":0.123591},{""age"":""35-44"",""gender"":""female"",""percentage"":0.102275},{""age"":""25-34"",""gender"":""male"",""percentage"":0.290223},{""age"":""45-54"",""gender"":""female"",""percentage"":0.005534},{""age"":""35-44"",""gender"":""unknown"",""percentage"":0.003074},{""age"":""45-54"",""gender"":""male"",""percentage"":0.008403},{""age"":""25-34"",""gender"":""unknown"",""percentage"":0.00164}","{""region"":""Los R\u00edos Region"",""percentage"":0.012505},{""region"":""Arica y Parinacota Region"",""percentage"":0.020295},{""region"":""Valpara\u00edso Region"",""percentage"":0.089996},{""region"":""Antofagasta Region"",""percentage"":0.04428},{""region"":""Araucan\u00eda Region"",""percentage"":0.047355},{""region"":""Atacama Region"",""percentage"":0.021525},{""region"":""B\u00edo B\u00edo Region"",""percentage"":0.095531},{""region"":""Coquimbo Region"",""percentage"":0.053096},{""region"":""O'Higgins Region"",""percentage"":0.026035},{""region"":""Los Lagos Region"",""percentage"":0.031775},{""region"":""Magallanes y la Ant\u00e1rtica Chilena Region"",""percentage"":0.01394},{""region"":""Maule Region"",""percentage"":0.062526},{""region"":""Santiago Metropolitan Region"",""percentage"":0.429069},{""region"":""Tarapac\u00e1 Region"",""percentage"":0.052071}","facebook,instagram","lower_bound: 1000001",es
317646446555077,177384889097855,"Gabriel Boric",2021-11-17,2021-11-17,2021-11-18,"Gabriel Boric Font","Avancemos a un nuevo Chile de amabilidad y respeto. Seguimos por la salud, educación, pensiones, medio ambiente y mucho más. Vota 1, Boric Presidente","Juntas y juntos construimos un nuevo Chile",boricpresidente.cl,"Elección presidencial 2021","lower_bound: 0, upper_bound: 999","lower_bound: 0, upper_bound: 99",USD,"{""age"":""35-44"",""gender"":""unknown"",""percentage"":0.002933},{""age"":""25-34"",""gender"":""female"",""percentage"":0.152493},{""age"":""35-44"",""gender"":""male"",""percentage"":0.155425},{""age"":""18-24"",""gender"":""male"",""percentage"":0.140762},{""age"":""18-24"",""gender"":""female"",""percentage"":0.140762},{""age"":""25-34"",""gender"":""male"",""percentage"":0.278592},{""age"":""35-44"",""gender"":""female"",""percentage"":0.111437},{""age"":""45-54"",""gender"":""female"",""percentage"":0.008798},{""age"":""45-54"",""gender"":""male"",""percentage"":0.008798}","{""region"":""Santiago Metropolitan Region"",""percentage"":1}","facebook,instagram","lower_bound: 50001, upper_bound: 100000",es
319826979978709,177384889097855,"Gabriel Boric",2021-11-17,2021-11-17,2021-11-19,"Gabriel Boric Font","Por una igualdad real, debemos recuperar el retroceso en empleos de mujeres que generó la pandemia. Vota 1, Boric Presidente.","Justicia para todas",boricpresidente.cl,"Paso a paso para todas y todos","lower_bound: 5000, upper_bound: 5999","lower_bound: 0, upper_bound: 99",USD,"{""age"":""45-54"",""gender"":""unknown"",""percentage"":0.000291},{""age"":""35-44"",""gender"":""unknown"",""percentage"":0.002906},{""age"":""18-24"",""gender"":""unknown"",""percentage"":0.002034},{""age"":""35-44"",""gender"":""male"",""percentage"":0.154025},{""age"":""45-54"",""gender"":""male"",""percentage"":0.013659},{""age"":""25-34"",""gender"":""female"",""percentage"":0.192095},{""age"":""35-44"",""gender"":""female"",""percentage"":0.181343},{""age"":""25-34"",""gender"":""male"",""percentage"":0.224644},{""age"":""45-54"",""gender"":""female"",""percentage"":0.013659},{""age"":""18-24"",""gender"":""male"",""percentage"":0.09968},{""age"":""18-24"",""gender"":""female"",""percentage"":0.11363},{""age"":""25-34"",""gender"":""unknown"",""percentage"":0.002034}","{""region"":""Santiago Metropolitan Region"",""percentage"":1}","facebook,instagram","lower_bound: 10001, upper_bound: 50000",es
327769518694899,177384889097855,"Gabriel Boric",2021-11-17,2021-11-17,2021-11-18,"Gabriel Boric Font","Llevamos años luchando por una educación pública de calidad. Como gobierno fomentaremos una buena enseñanza no sexista. Vota 1, Boric Presidente","Educación como pilar fundamental para el proceso de cambios",boricpresidente.cl,"Educación de calidad para todas y todos","lower_bound: 2000, upper_bound: 2999","lower_bound: 0, upper_bound: 99",USD,"{""age"":""25-34"",""gender"":""female"",""percentage"":0.219142},{""age"":""35-44"",""gender"":""unknown"",""percentage"":0.00563},{""age"":""18-24"",""gender"":""female"",""percentage"":0.13599},{""age"":""35-44"",""gender"":""female"",""percentage"":0.133824},{""age"":""35-44"",""gender"":""male"",""percentage"":0.14032},{""age"":""18-24"",""gender"":""male"",""percentage"":0.124729},{""age"":""25-34"",""gender"":""male"",""percentage"":0.211347},{""age"":""45-54"",""gender"":""unknown"",""percentage"":0.000433},{""age"":""25-34"",""gender"":""unknown"",""percentage"":0.001299},{""age"":""18-24"",""gender"":""unknown"",""percentage"":0.001299},{""age"":""45-54"",""gender"":""male"",""percentage"":0.013426},{""age"":""45-54"",""gender"":""female"",""percentage"":0.01256}","{""region"":""Araucan\u00eda Region"",""percentage"":1}","facebook,instagram","lower_bound: 50001, upper_bound: 100000",es
417071166640700,177384889097855,"Gabriel Boric",2021-11-17,2021-11-18,2021-11-18,"Gabriel Boric Font","Haremos la reforma más profunda en el sistema de salud, dando acceso universal a la atención y tratamientos de enfermedades. Vota 1, Boric Presidente","Acceso a la Salud Universal",boricpresidente.cl,"Chile para todas y todos","lower_bound: 2000, upper_bound: 2999","lower_bound: 0, upper_bound: 99",USD,"{""age"":""35-44"",""gender"":""unknown"",""percentage"":0.001234},{""age"":""18-24"",""gender"":""unknown"",""percentage"":0.001851},{""age"":""25-34"",""gender"":""unknown"",""percentage"":0.003701},{""age"":""45-54"",""gender"":""female"",""percentage"":0.008637},{""age"":""18-24"",""gender"":""female"",""percentage"":0.108575},{""age"":""18-24"",""gender"":""male"",""percentage"":0.070327},{""age"":""35-44"",""gender"":""female"",""percentage"":0.12153},{""age"":""25-34"",""gender"":""male"",""percentage"":0.244294},{""age"":""35-44"",""gender"":""male"",""percentage"":0.090685},{""age"":""25-34"",""gender"":""female"",""percentage"":0.342998},{""age"":""45-54"",""gender"":""male"",""percentage"":0.005552},{""age"":""45-54"",""gender"":""unknown"",""percentage"":0.000617}","{""region"":""Valpara\u00edso Region"",""percentage"":1}","facebook,instagram","lower_bound: 10001, upper_bound: 50000",es
420066536491151,177384889097855,"Gabriel Boric",2021-11-17,2021-11-17,2021-11-18,"Gabriel Boric Font","Por una igualdad real, debemos recuperar el retroceso en empleos de mujeres que generó la pandemia. Vota 1, Boric Presidente.","Justicia para todas",boricpresidente.cl,"Paso a paso para todas y todos","lower_bound: 8000, upper_bound: 8999","lower_bound: 0, upper_bound: 99",USD,"{""age"":""18-24"",""gender"":""unknown"",""percentage"":0.001317},{""age"":""25-34"",""gender"":""unknown"",""percentage"":0.001694},{""age"":""45-54"",""gender"":""male"",""percentage"":0.013925},{""age"":""18-24"",""gender"":""female"",""percentage"":0.128152},{""age"":""35-44"",""gender"":""female"",""percentage"":0.152992},{""age"":""35-44"",""gender"":""unknown"",""percentage"":0.004705},{""age"":""35-44"",""gender"":""male"",""percentage"":0.143018},{""age"":""18-24"",""gender"":""male"",""percentage"":0.090139},{""age"":""25-34"",""gender"":""male"",""percentage"":0.227512},{""age"":""45-54"",""gender"":""female"",""percentage"":0.012985},{""age"":""25-34"",""gender"":""female"",""percentage"":0.223372},{""age"":""45-54"",""gender"":""unknown"",""percentage"":0.000188}","{""region"":""Valpara\u00edso Region"",""percentage"":1}","facebook,instagram","lower_bound: 50001, upper_bound: 100000",es
427279345532798,177384889097855,"Gabriel Boric",2021-11-17,2021-11-17,2021-11-17,"Gabriel Boric Font","Este 21 de noviembre juntas y juntos seguimos el proceso de cambios por un Chile Justo, digno y cariñoso. Vota 1.","Votemos por el cambio a un nuevo Chile",boricpresidente.cl,"Elecciones 2021","lower_bound: 90000, upper_bound: 99999","lower_bound: 100, upper_bound: 199",USD,"{""age"":""18-24"",""gender"":""unknown"",""percentage"":0.000607},{""age"":""25-34"",""gender"":""unknown"",""percentage"":0.001062},{""age"":""45-54"",""gender"":""female"",""percentage"":0.021399},{""age"":""18-24"",""gender"":""female"",""percentage"":0.104545},{""age"":""18-24"",""gender"":""male"",""percentage"":0.079935},{""age"":""25-34"",""gender"":""male"",""percentage"":0.209568},{""age"":""35-44"",""gender"":""male"",""percentage"":0.172922},{""age"":""35-44"",""gender"":""female"",""percentage"":0.187212},{""age"":""45-54"",""gender"":""male"",""percentage"":0.017407},{""age"":""25-34"",""gender"":""female"",""percentage"":0.203381},{""age"":""45-54"",""gender"":""unknown"",""percentage"":0.00021},{""age"":""35-44"",""gender"":""unknown"",""percentage"":0.001751}","{""region"":""Los R\u00edos Region"",""percentage"":0.029705},{""region"":""Arica y Parinacota Region"",""percentage"":0.026522},{""region"":""Valpara\u00edso Region"",""percentage"":0.079927},{""region"":""Ays\u00e9n Region"",""percentage"":0.008627},{""region"":""Antofagasta Region"",""percentage"":0.04669},{""region"":""Araucan\u00eda Region"",""percentage"":0.082562},{""region"":""Atacama Region"",""percentage"":0.02264},{""region"":""B\u00edo B\u00edo Region"",""percentage"":0.127364},{""region"":""Coquimbo Region"",""percentage"":0.045256},{""region"":""O'Higgins Region"",""percentage"":0.05653},{""region"":""Los Lagos Region"",""percentage"":0.074168},{""region"":""Magallanes y la Ant\u00e1rtica Chilena Region"",""percentage"":0.010492},{""region"":""Maule Region"",""percentage"":0.080592},{""region"":""Santiago Metropolitan Region"",""percentage"":0.276353},{""region"":""Tarapac\u00e1 Region"",""percentage"":0.032572}","facebook,instagram","lower_bound: 1000001",
430991821819123,177384889097855,"Gabriel Boric",2021-11-17,2021-11-17,2021-11-18,"Gabriel Boric Font","La reforma más profunda en décadas que entregue acceso universal garantizado a la salud. Vota 1, Boric Presidente.","Un nuevo Chile con Salud Universal",boricpresidente.cl,"Cambios para vivir mejor","lower_bound: 3000, upper_bound: 3999","lower_bound: 0, upper_bound: 99",USD,"{""age"":""35-44"",""gender"":""unknown"",""percentage"":0.002342},{""age"":""45-54"",""gender"":""female"",""percentage"":0.005855},{""age"":""18-24"",""gender"":""male"",""percentage"":0.118852},{""age"":""25-34"",""gender"":""female"",""percentage"":0.196136},{""age"":""18-24"",""gender"":""female"",""percentage"":0.121194},{""age"":""25-34"",""gender"":""male"",""percentage"":0.248244},{""age"":""35-44"",""gender"":""male"",""percentage"":0.173302},{""age"":""35-44"",""gender"":""female"",""percentage"":0.124122},{""age"":""45-54"",""gender"":""unknown"",""percentage"":0.000585},{""age"":""45-54"",""gender"":""male"",""percentage"":0.007611},{""age"":""25-34"",""gender"":""unknown"",""percentage"":0.001756}","{""region"":""Tarapac\u00e1 Region"",""percentage"":1}","facebook,instagram","lower_bound: 5001, upper_bound: 10000",es
446200296922778,177384889097855,"Gabriel Boric",2021-11-17,2021-11-17,2021-11-18,"Gabriel Boric Font","Escuchamos a cada territorio entregar propuestas que la ciudadanía necesita. El cambio lo construímos juntos y juntas. Vota 1, Boric Presidente","El nuevo Chile está en tus manos",boricpresidente.cl,"Juntas y juntos somos UNO.","lower_bound: 4000, upper_bound: 4999","lower_bound: 0, upper_bound: 99",USD,"{""age"":""25-34"",""gender"":""unknown"",""percentage"":0.002527},{""age"":""18-24"",""gender"":""female"",""percentage"":0.1238},{""age"":""18-24"",""gender"":""male"",""percentage"":0.077817},{""age"":""35-44"",""gender"":""female"",""percentage"":0.171804},{""age"":""25-34"",""gender"":""female"",""percentage"":0.253663},{""age"":""35-44"",""gender"":""male"",""percentage"":0.133401},{""age"":""25-34"",""gender"":""male"",""percentage"":0.211723},{""age"":""45-54"",""gender"":""male"",""percentage"":0.011117},{""age"":""45-54"",""gender"":""female"",""percentage"":0.013138},{""age"":""35-44"",""gender"":""unknown"",""percentage"":0.000505},{""age"":""18-24"",""gender"":""unknown"",""percentage"":0.000505}","{""region"":""Ays\u00e9n Region"",""percentage"":1}","facebook,instagram","lower_bound: 10001, upper_bound: 50000",es
574702490461438,177384889097855,"Gabriel Boric",2021-11-17,2021-11-17,2021-11-18,"Gabriel Boric Font","Crearemos un nuevo sistema de pensiones, poniendo fin a las AFP y respetando el dinero ahorrado hasta ahora por cada persona. Vota 1, Boric Presidente","Pensiones dignas",boricpresidente.cl,"Nuevo sistema de pensiones, fin a las AFP","lower_bound: 10000, upper_bound: 14999","lower_bound: 0, upper_bound: 99",USD,"{""age"":""35-44"",""gender"":""unknown"",""percentage"":0.003116},{""age"":""18-24"",""gender"":""unknown"",""percentage"":0.0011},{""age"":""18-24"",""gender"":""female"",""percentage"":0.092192},{""age"":""45-54"",""gender"":""male"",""percentage"":0.012738},{""age"":""45-54"",""gender"":""female"",""percentage"":0.014296},{""age"":""25-34"",""gender"":""male"",""percentage"":0.241386},{""age"":""35-44"",""gender"":""male"",""percentage"":0.16349},{""age"":""25-34"",""gender"":""female"",""percentage"":0.228922},{""age"":""18-24"",""gender"":""male"",""percentage"":0.076155},{""age"":""35-44"",""gender"":""female"",""percentage"":0.165048},{""age"":""25-34"",""gender"":""unknown"",""percentage"":0.001375},{""age"":""45-54"",""gender"":""unknown"",""percentage"":0.000183}","{""region"":""Arica y Parinacota Region"",""percentage"":0.007344},{""region"":""Valpara\u00edso Region"",""percentage"":0.090609},{""region"":""Antofagasta Region"",""percentage"":0.041403},{""region"":""Araucan\u00eda Region"",""percentage"":0.03516},{""region"":""Atacama Region"",""percentage"":0.020564},{""region"":""B\u00edo B\u00edo Region"",""percentage"":0.100064},{""region"":""Coquimbo Region"",""percentage"":0.054439},{""region"":""O'Higgins Region"",""percentage"":0.022124},{""region"":""Los Lagos Region"",""percentage"":0.030845},{""region"":""Magallanes y la Ant\u00e1rtica Chilena Region"",""percentage"":0.010741},{""region"":""Maule Region"",""percentage"":0.06573},{""region"":""Santiago Metropolitan Region"",""percentage"":0.457542},{""region"":""Tarapac\u00e1 Region"",""percentage"":0.054255},{""region"":""Los R\u00edos Region"",""percentage"":0.00918}","facebook,instagram","lower_bound: 1000001",es
597699631479982,177384889097855,"Gabriel Boric",2021-11-17,2021-11-18,2021-11-18,"Gabriel Boric Font","Haremos la reforma más profunda en el sistema de salud, dando acceso universal a la atención y tratamientos de enfermedades. Vota 1, Boric Presidente","Acceso a la Salud Universal",boricpresidente.cl,"Chile para todas y todos","lower_bound: 0, upper_bound: 999","lower_bound: 0, upper_bound: 99",USD,"{""age"":""35-44"",""gender"":""female"",""percentage"":0.122449},{""age"":""35-44"",""gender"":""male"",""percentage"":0.147567},{""age"":""18-24"",""gender"":""male"",""percentage"":0.11146},{""age"":""18-24"",""gender"":""female"",""percentage"":0.1146},{""age"":""25-34"",""gender"":""female"",""percentage"":0.202512},{""age"":""25-34"",""gender"":""male"",""percentage"":0.274725},{""age"":""45-54"",""gender"":""female"",""percentage"":0.010989},{""age"":""45-54"",""gender"":""male"",""percentage"":0.010989},{""age"":""35-44"",""gender"":""unknown"",""percentage"":0.00314},{""age"":""25-34"",""gender"":""unknown"",""percentage"":0.00157}","{""region"":""B\u00edo B\u00edo Region"",""percentage"":1}","facebook,instagram","lower_bound: 50001, upper_bound: 100000",es
613050563376386,177384889097855,"Gabriel Boric",2021-11-17,2021-11-17,2021-11-18,"Gabriel Boric Font","Seremos el primer gobierno ecológico de Chile, impulsando políticas sustentables para combatir la crisis climática. Vota 1, Boric Presidente","Nuevo modelo de desarrollo sustentable",boricpresidente.cl,"Un futuro verde","lower_bound: 4000, upper_bound: 4999","lower_bound: 0, upper_bound: 99",USD,"{""age"":""45-54"",""gender"":""unknown"",""percentage"":0.000701},{""age"":""35-44"",""gender"":""unknown"",""percentage"":0.003155},{""age"":""45-54"",""gender"":""female"",""percentage"":0.008763},{""age"":""18-24"",""gender"":""female"",""percentage"":0.126183},{""age"":""25-34"",""gender"":""unknown"",""percentage"":0.002804},{""age"":""35-44"",""gender"":""male"",""percentage"":0.126884},{""age"":""18-24"",""gender"":""male"",""percentage"":0.110761},{""age"":""25-34"",""gender"":""male"",""percentage"":0.261479},{""age"":""25-34"",""gender"":""female"",""percentage"":0.235191},{""age"":""35-44"",""gender"":""female"",""percentage"":0.114266},{""age"":""45-54"",""gender"":""male"",""percentage"":0.008412},{""age"":""18-24"",""gender"":""unknown"",""percentage"":0.001402}","{""region"":""B\u00edo B\u00edo Region"",""percentage"":1}","facebook,instagram","lower_bound: 50001, upper_bound: 100000",es
624988538853415,177384889097855,"Gabriel Boric",2021-11-17,2021-11-17,2021-11-18,"Gabriel Boric Font","La reforma más profunda en décadas que entregue acceso universal garantizado a la salud. Vota 1, Boric Presidente.","Cambios para vivir mejor",boricpresidente.cl,"Acceso universal a la salud","lower_bound: 15000, upper_bound: 19999","lower_bound: 0, upper_bound: 99",USD,"{""age"":""45-54"",""gender"":""unknown"",""percentage"":0.000192},{""age"":""25-34"",""gender"":""male"",""percentage"":0.23632},{""age"":""35-44"",""gender"":""male"",""percentage"":0.142344},{""age"":""45-54"",""gender"":""female"",""percentage"":0.011098},{""age"":""45-54"",""gender"":""male"",""percentage"":0.011547},{""age"":""35-44"",""gender"":""female"",""percentage"":0.128488},{""age"":""25-34"",""gender"":""female"",""percentage"":0.217012},{""age"":""18-24"",""gender"":""female"",""percentage"":0.136635},{""age"":""18-24"",""gender"":""male"",""percentage"":0.110527},{""age"":""25-34"",""gender"":""unknown"",""percentage"":0.00154},{""age"":""35-44"",""gender"":""unknown"",""percentage"":0.003079},{""age"":""18-24"",""gender"":""unknown"",""percentage"":0.001219}","{""region"":""Los R\u00edos Region"",""percentage"":0.009146},{""region"":""Arica y Parinacota Region"",""percentage"":0.006486},{""region"":""Valpara\u00edso Region"",""percentage"":0.090809},{""region"":""Antofagasta Region"",""percentage"":0.03574},{""region"":""Araucan\u00eda Region"",""percentage"":0.040669},{""region"":""Atacama Region"",""percentage"":0.02147},{""region"":""B\u00edo B\u00edo Region"",""percentage"":0.102744},{""region"":""Coquimbo Region"",""percentage"":0.064409},{""region"":""O'Higgins Region"",""percentage"":0.029902},{""region"":""Los Lagos Region"",""percentage"":0.034442},{""region"":""Magallanes y la Ant\u00e1rtica Chilena Region"",""percentage"":0.009211},{""region"":""Maule Region"",""percentage"":0.065188},{""region"":""Santiago Metropolitan Region"",""percentage"":0.436855},{""region"":""Tarapac\u00e1 Region"",""percentage"":0.052929}","facebook,instagram","lower_bound: 1000001",es
641473870359617,177384889097855,"Gabriel Boric",2021-11-17,2021-11-17,2021-11-18,"Gabriel Boric Font","Seremos el primer gobierno ecológico de Chile, impulsando políticas sustentables para combatir la crisis climática. Vota 1, Boric Presidente","Un futuro verde",boricpresidente.cl,"Por un Gobierno realmente ecológico","lower_bound: 35000, upper_bound: 39999","lower_bound: 0, upper_bound: 99",USD,"{""age"":""45-54"",""gender"":""unknown"",""percentage"":0.000398},{""age"":""45-54"",""gender"":""male"",""percentage"":0.011399},{""age"":""45-54"",""gender"":""female"",""percentage"":0.008974},{""age"":""35-44"",""gender"":""male"",""percentage"":0.161281},{""age"":""25-34"",""gender"":""male"",""percentage"":0.264194},{""age"":""25-34"",""gender"":""female"",""percentage"":0.177601},{""age"":""35-44"",""gender"":""female"",""percentage"":0.121874},{""age"":""18-24"",""gender"":""male"",""percentage"":0.138448},{""age"":""18-24"",""gender"":""female"",""percentage"":0.104433},{""age"":""35-44"",""gender"":""unknown"",""percentage"":0.004523},{""age"":""18-24"",""gender"":""unknown"",""percentage"":0.003184},{""age"":""25-34"",""gender"":""unknown"",""percentage"":0.003691}","{""region"":""Los R\u00edos Region"",""percentage"":0.016221},{""region"":""Arica y Parinacota Region"",""percentage"":0.019101},{""region"":""Valpara\u00edso Region"",""percentage"":0.088434},{""region"":""Antofagasta Region"",""percentage"":0.04881},{""region"":""Araucan\u00eda Region"",""percentage"":0.043597},{""region"":""Atacama Region"",""percentage"":0.0187},{""region"":""B\u00edo B\u00edo Region"",""percentage"":0.095433},{""region"":""Coquimbo Region"",""percentage"":0.04757},{""region"":""O'Higgins Region"",""percentage"":0.031458},{""region"":""Los Lagos Region"",""percentage"":0.030183},{""region"":""Magallanes y la Ant\u00e1rtica Chilena Region"",""percentage"":0.013779},{""region"":""Maule Region"",""percentage"":0.054205},{""region"":""Santiago Metropolitan Region"",""percentage"":0.445558},{""region"":""Tarapac\u00e1 Region"",""percentage"":0.046951}","facebook,instagram","lower_bound: 1000001",es
656795128640342,177384889097855,"Gabriel Boric",2021-11-17,2021-11-17,2021-11-18,"Gabriel Boric Font","Este 21 de noviembre juntas y juntos seguimos el proceso de cambios por un Chile Justo, digno y cariñoso. Vota 1.","Un nuevo Chile",boricpresidente.cl,"Este 21 de Noviembre juntos y juntas construyamos el cambio","lower_bound: 15000, upper_bound: 19999","lower_bound: 0, upper_bound: 99",USD,"{""age"":""45-54"",""gender"":""male"",""percentage"":0.008645},{""age"":""18-24"",""gender"":""male"",""percentage"":0.101113},{""age"":""25-34"",""gender"":""female"",""percentage"":0.245001},{""age"":""35-44"",""gender"":""female"",""percentage"":0.136671},{""age"":""18-24"",""gender"":""female"",""percentage"":0.130432},{""age"":""25-34"",""gender"":""male"",""percentage"":0.232747},{""age"":""35-44"",""gender"":""male"",""percentage"":0.129379},{""age"":""45-54"",""gender"":""female"",""percentage"":0.009998},{""age"":""25-34"",""gender"":""unknown"",""percentage"":0.001504},{""age"":""18-24"",""gender"":""unknown"",""percentage"":0.001654},{""age"":""35-44"",""gender"":""unknown"",""percentage"":0.002556},{""age"":""45-54"",""gender"":""unknown"",""percentage"":0.000301}","{""region"":""Los R\u00edos Region"",""percentage"":0.007454},{""region"":""Arica y Parinacota Region"",""percentage"":0.002534},{""region"":""Valpara\u00edso Region"",""percentage"":0.084451},{""region"":""Antofagasta Region"",""percentage"":0.0404},{""region"":""Araucan\u00eda Region"",""percentage"":0.042859},{""region"":""Atacama Region"",""percentage"":0.021094},{""region"":""B\u00edo B\u00edo Region"",""percentage"":0.093098},{""region"":""Coquimbo Region"",""percentage"":0.060152},{""region"":""O'Higgins Region"",""percentage"":0.028995},{""region"":""Los Lagos Region"",""percentage"":0.032797},{""region"":""Magallanes y la Ant\u00e1rtica Chilena Region"",""percentage"":0.009243},{""region"":""Maule Region"",""percentage"":0.062835},{""region"":""Santiago Metropolitan Region"",""percentage"":0.458482},{""region"":""Tarapac\u00e1 Region"",""percentage"":0.055605}","facebook,instagram","lower_bound: 1000001",es
842676519747370,177384889097855,"Gabriel Boric",2021-11-17,2021-11-17,2021-11-19,"Gabriel Boric Font","Seremos el primer gobierno ecológico de Chile, impulsando políticas sustentables para combatir la crisis climática. Vota 1, Boric Presidente","Nuevo modelo de desarrollo sustentable",boricpresidente.cl,"Un futuro verde","lower_bound: 1000, upper_bound: 1999","lower_bound: 0, upper_bound: 99",USD,"{""age"":""35-44"",""gender"":""unknown"",""percentage"":0.004669},{""age"":""45-54"",""gender"":""female"",""percentage"":0.014939},{""age"":""45-54"",""gender"":""male"",""percentage"":0.011204},{""age"":""35-44"",""gender"":""male"",""percentage"":0.154995},{""age"":""35-44"",""gender"":""female"",""percentage"":0.149393},{""age"":""18-24"",""gender"":""male"",""percentage"":0.086835},{""age"":""25-34"",""gender"":""male"",""percentage"":0.310924},{""age"":""25-34"",""gender"":""female"",""percentage"":0.18394},{""age"":""18-24"",""gender"":""female"",""percentage"":0.078431},{""age"":""18-24"",""gender"":""unknown"",""percentage"":0.001867},{""age"":""25-34"",""gender"":""unknown"",""percentage"":0.002801}","{""region"":""Santiago Metropolitan Region"",""percentage"":1}","facebook,instagram","lower_bound: 10001, upper_bound: 50000",es
846004802761789,177384889097855,"Gabriel Boric",2021-11-17,2021-11-17,2021-11-18,"Gabriel Boric Font","Avancemos a un nuevo Chile de amabilidad y respeto. Seguimos por la salud, educación, pensiones, medio ambiente y mucho más. Vota 1, Boric Presidente","Juntas y juntos construimos un nuevo Chile",boricpresidente.cl,"Elección presidencial 2021","lower_bound: 0, upper_bound: 999","lower_bound: 0, upper_bound: 99",USD,"{""age"":""35-44"",""gender"":""male"",""percentage"":0.119658},{""age"":""18-24"",""gender"":""unknown"",""percentage"":0.002137},{""age"":""18-24"",""gender"":""female"",""percentage"":0.151709},{""age"":""25-34"",""gender"":""female"",""percentage"":0.245726},{""age"":""18-24"",""gender"":""male"",""percentage"":0.126068},{""age"":""25-34"",""gender"":""male"",""percentage"":0.262821},{""age"":""35-44"",""gender"":""female"",""percentage"":0.081197},{""age"":""45-54"",""gender"":""female"",""percentage"":0.004274},{""age"":""25-34"",""gender"":""unknown"",""percentage"":0.002137},{""age"":""45-54"",""gender"":""male"",""percentage"":0.002137},{""age"":""35-44"",""gender"":""unknown"",""percentage"":0.002137}","{""region"":""Santiago Metropolitan Region"",""percentage"":1}","facebook,instagram","lower_bound: 50001, upper_bound: 100000",es
906153043374399,177384889097855,"Gabriel Boric",2021-11-17,2021-11-17,2021-11-18,"Gabriel Boric Font","Se debe garantizar internet como un servicio básico para poder conectar Chile de sur a norte. Vota 1, Boric Presidente.","Un nuevo Chile para todas y para todos",boricpresidente.cl,"Internet como un servicio básico","lower_bound: 6000, upper_bound: 6999","lower_bound: 0, upper_bound: 99",USD,"{""age"":""35-44"",""gender"":""unknown"",""percentage"":0.001652},{""age"":""25-34"",""gender"":""unknown"",""percentage"":0.001652},{""age"":""45-54"",""gender"":""male"",""percentage"":0.008075},{""age"":""45-54"",""gender"":""unknown"",""percentage"":0.000734},{""age"":""45-54"",""gender"":""female"",""percentage"":0.009543},{""age"":""25-34"",""gender"":""female"",""percentage"":0.23564},{""age"":""35-44"",""gender"":""female"",""percentage"":0.120573},{""age"":""18-24"",""gender"":""female"",""percentage"":0.137089},{""age"":""35-44"",""gender"":""male"",""percentage"":0.123692},{""age"":""18-24"",""gender"":""male"",""percentage"":0.10791},{""age"":""25-34"",""gender"":""male"",""percentage"":0.252156},{""age"":""18-24"",""gender"":""unknown"",""percentage"":0.001285}","{""region"":""Los R\u00edos Region"",""percentage"":0.014583},{""region"":""Arica y Parinacota Region"",""percentage"":0.007838},{""region"":""Valpara\u00edso Region"",""percentage"":0.087131},{""region"":""Antofagasta Region"",""percentage"":0.047758},{""region"":""Araucan\u00eda Region"",""percentage"":0.041378},{""region"":""Atacama Region"",""percentage"":0.022603},{""region"":""B\u00edo B\u00edo Region"",""percentage"":0.096792},{""region"":""Coquimbo Region"",""percentage"":0.055961},{""region"":""O'Higgins Region"",""percentage"":0.028254},{""region"":""Los Lagos Region"",""percentage"":0.031717},{""region"":""Magallanes y la Ant\u00e1rtica Chilena Region"",""percentage"":0.011119},{""region"":""Maule Region"",""percentage"":0.065439},{""region"":""Santiago Metropolitan Region"",""percentage"":0.434561},{""region"":""Tarapac\u00e1 Region"",""percentage"":0.054867}","facebook,instagram","lower_bound: 1000001",es
913848132586665,177384889097855,"Gabriel Boric",2021-11-17,2021-11-17,2021-11-19,"Gabriel Boric Font","Seremos el primer gobierno ecológico de Chile, impulsando políticas sustentables para combatir la crisis climática. Vota 1, Boric Presidente","Nuevo modelo de desarrollo sustentable",boricpresidente.cl,"Un futuro verde","lower_bound: 1000, upper_bound: 1999","lower_bound: 0, upper_bound: 99",USD,"{""age"":""25-34"",""gender"":""unknown"",""percentage"":0.003436},{""age"":""35-44"",""gender"":""unknown"",""percentage"":0.003436},{""age"":""35-44"",""gender"":""female"",""percentage"":0.151203},{""age"":""25-34"",""gender"":""female"",""percentage"":0.213058},{""age"":""25-34"",""gender"":""male"",""percentage"":0.274914},{""age"":""35-44"",""gender"":""male"",""percentage"":0.139175},{""age"":""18-24"",""gender"":""male"",""percentage"":0.089347},{""age"":""18-24"",""gender"":""female"",""percentage"":0.104811},{""age"":""45-54"",""gender"":""female"",""percentage"":0.012027},{""age"":""45-54"",""gender"":""male"",""percentage"":0.006873},{""age"":""18-24"",""gender"":""unknown"",""percentage"":0.001718}","{""region"":""Valpara\u00edso Region"",""percentage"":1}","facebook,instagram","lower_bound: 1001, upper_bound: 5000",es
948746599089176,177384889097855,"Gabriel Boric",2021-11-17,2021-11-17,2021-11-19,"Gabriel Boric Font","Seremos el primer gobierno ecológico de Chile, impulsando políticas sustentables para combatir la crisis climática. Vota 1, Boric Presidente","Nuevo modelo de desarrollo sustentable",boricpresidente.cl,"Un futuro verde","lower_bound: 8000, upper_bound: 8999","lower_bound: 0, upper_bound: 99",USD,"{""age"":""35-44"",""gender"":""unknown"",""percentage"":0.001357},{""age"":""45-54"",""gender"":""female"",""percentage"":0.011538},{""age"":""18-24"",""gender"":""male"",""percentage"":0.096833},{""age"":""25-34"",""gender"":""male"",""percentage"":0.209276},{""age"":""18-24"",""gender"":""female"",""percentage"":0.138688},{""age"":""25-34"",""gender"":""female"",""percentage"":0.260633},{""age"":""35-44"",""gender"":""female"",""percentage"":0.138688},{""age"":""35-44"",""gender"":""male"",""percentage"":0.132805},{""age"":""45-54"",""gender"":""male"",""percentage"":0.008145},{""age"":""25-34"",""gender"":""unknown"",""percentage"":0.001357},{""age"":""18-24"",""gender"":""unknown"",""percentage"":0.000679}","{""region"":""Santiago Metropolitan Region"",""percentage"":1}","facebook,instagram","lower_bound: 10001, upper_bound: 50000",es
1007188719855141,177384889097855,"Gabriel Boric",2021-11-17,2021-11-17,2021-11-19,"Gabriel Boric Font","Seremos el primer gobierno ecológico de Chile, impulsando políticas sustentables para combatir la crisis climática. Vota 1, Boric Presidente","Nuevo modelo de desarrollo sustentable",boricpresidente.cl,"Un futuro verde","lower_bound: 8000, upper_bound: 8999","lower_bound: 0, upper_bound: 99",USD,"{""age"":""45-54"",""gender"":""male"",""percentage"":0.00768},{""age"":""18-24"",""gender"":""unknown"",""percentage"":0.001378},{""age"":""25-34"",""gender"":""male"",""percentage"":0.274124},{""age"":""35-44"",""gender"":""female"",""percentage"":0.111855},{""age"":""18-24"",""gender"":""female"",""percentage"":0.127806},{""age"":""18-24"",""gender"":""male"",""percentage"":0.121111},{""age"":""35-44"",""gender"":""male"",""percentage"":0.132139},{""age"":""25-34"",""gender"":""female"",""percentage"":0.210516},{""age"":""35-44"",""gender"":""unknown"",""percentage"":0.003742},{""age"":""45-54"",""gender"":""female"",""percentage"":0.007483},{""age"":""25-34"",""gender"":""unknown"",""percentage"":0.002166}","{""region"":""Santiago Metropolitan Region"",""percentage"":1}","facebook,instagram","lower_bound: 50001, upper_bound: 100000",es
1029493291169369,177384889097855,"Gabriel Boric",2021-11-17,2021-11-17,2021-11-19,"Gabriel Boric Font","Llevamos años luchando por una educación pública de calidad. Como gobierno fomentaremos una buena enseñanza no sexista. Vota 1, Boric Presidente","Educación como pilar fundamental para el proceso de cambios",boricpresidente.cl,"Educación de calidad para todas y todos","lower_bound: 7000, upper_bound: 7999","lower_bound: 0, upper_bound: 99",USD,"{""age"":""25-34"",""gender"":""unknown"",""percentage"":0.001843},{""age"":""45-54"",""gender"":""female"",""percentage"":0.005026},{""age"":""45-54"",""gender"":""male"",""percentage"":0.006701},{""age"":""25-34"",""gender"":""male"",""percentage"":0.303401},{""age"":""18-24"",""gender"":""female"",""percentage"":0.132518},{""age"":""25-34"",""gender"":""female"",""percentage"":0.203384},{""age"":""18-24"",""gender"":""male"",""percentage"":0.119618},{""age"":""35-44"",""gender"":""male"",""percentage"":0.134193},{""age"":""35-44"",""gender"":""female"",""percentage"":0.090802},{""age"":""35-44"",""gender"":""unknown"",""percentage"":0.001675},{""age"":""18-24"",""gender"":""unknown"",""percentage"":0.00067},{""age"":""45-54"",""gender"":""unknown"",""percentage"":0.000168}","{""region"":""Santiago Metropolitan Region"",""percentage"":1}","facebook,instagram","lower_bound: 100001, upper_bound: 500000",es
1042877402953726,177384889097855,"Gabriel Boric",2021-11-17,2021-11-17,2021-11-19,"Gabriel Boric Font","Crearemos un nuevo sistema de pensiones, poniendo fin a las AFP y respetando el dinero ahorrado hasta ahora por cada persona. Vota 1, Boric Presidente","Este 21 de noviembre votamos Gabriel Boric",boricpresidente.cl,"Pensiones dignas","lower_bound: 1000, upper_bound: 1999","lower_bound: 0, upper_bound: 99",USD,"{""age"":""18-24"",""gender"":""male"",""percentage"":0.113071},{""age"":""45-54"",""gender"":""female"",""percentage"":0.007217},{""age"":""25-34"",""gender"":""male"",""percentage"":0.283079},{""age"":""25-34"",""gender"":""female"",""percentage"":0.214114},{""age"":""18-24"",""gender"":""female"",""percentage"":0.094627},{""age"":""35-44"",""gender"":""male"",""percentage"":0.153168},{""age"":""35-44"",""gender"":""female"",""percentage"":0.121091},{""age"":""35-44"",""gender"":""unknown"",""percentage"":0.001604},{""age"":""25-34"",""gender"":""unknown"",""percentage"":0.000802},{""age"":""45-54"",""gender"":""male"",""percentage"":0.011227}","{""region"":""O'Higgins Region"",""percentage"":1}","facebook,instagram","lower_bound: 100001, upper_bound: 500000",es
1045512156249279,177384889097855,"Gabriel Boric",2021-11-17,2021-11-17,2021-11-18,"Gabriel Boric Font","Escuchamos a cada territorio entregar propuestas que la ciudadanía necesita. El cambio lo construímos juntos y juntas. Vota 1, Boric Presidente","El nuevo Chile está en tus manos",boricpresidente.cl,"Juntas y juntos somos UNO.","lower_bound: 0, upper_bound: 999","lower_bound: 0, upper_bound: 99",USD,"{""age"":""35-44"",""gender"":""unknown"",""percentage"":0.004615},{""age"":""35-44"",""gender"":""male"",""percentage"":0.152308},{""age"":""18-24"",""gender"":""male"",""percentage"":0.092308},{""age"":""18-24"",""gender"":""female"",""percentage"":0.121538},{""age"":""25-34"",""gender"":""female"",""percentage"":0.24},{""age"":""25-34"",""gender"":""male"",""percentage"":0.246154},{""age"":""35-44"",""gender"":""female"",""percentage"":0.121538},{""age"":""45-54"",""gender"":""male"",""percentage"":0.006154},{""age"":""45-54"",""gender"":""female"",""percentage"":0.013846},{""age"":""18-24"",""gender"":""unknown"",""percentage"":0.001538}","{""region"":""Valpara\u00edso Region"",""percentage"":1}","facebook,instagram","lower_bound: 100001, upper_bound: 500000",es
1048509842356935,177384889097855,"Gabriel Boric",2021-11-17,2021-11-17,2021-11-18,"Gabriel Boric Font","Se debe garantizar internet como un servicio básico para poder conectar Chile de sur a norte. Vota 1, Boric Presidente.","Chile justo y digno",boricpresidente.cl,"Un nuevo Chile para todas y para todos","lower_bound: 2000, upper_bound: 2999","lower_bound: 0, upper_bound: 99",USD,"{""age"":""45-54"",""gender"":""female"",""percentage"":0.009138},{""age"":""18-24"",""gender"":""female"",""percentage"":0.110223},{""age"":""25-34"",""gender"":""female"",""percentage"":0.206168},{""age"":""35-44"",""gender"":""male"",""percentage"":0.173044},{""age"":""25-34"",""gender"":""male"",""percentage"":0.233581},{""age"":""18-24"",""gender"":""male"",""percentage"":0.092519},{""age"":""35-44"",""gender"":""female"",""percentage"":0.153055},{""age"":""18-24"",""gender"":""unknown"",""percentage"":0.001142},{""age"":""45-54"",""gender"":""male"",""percentage"":0.014849},{""age"":""35-44"",""gender"":""unknown"",""percentage"":0.003427},{""age"":""45-54"",""gender"":""unknown"",""percentage"":0.000571},{""age"":""25-34"",""gender"":""unknown"",""percentage"":0.002284}","{""region"":""Magallanes y la Ant\u00e1rtica Chilena Region"",""percentage"":1}","facebook,instagram","lower_bound: 10001, upper_bound: 50000",es
1060009634810992,177384889097855,"Gabriel Boric",2021-11-17,2021-11-17,2021-11-18,"Gabriel Boric Font","La reforma más profunda en décadas que entregue acceso universal garantizado a la salud. Vota 1, Boric Presidente.","Un nuevo Chile con Salud Universal",boricpresidente.cl,"Cambios para vivir mejor","lower_bound: 3000, upper_bound: 3999","lower_bound: 0, upper_bound: 99",USD,"{""age"":""25-34"",""gender"":""unknown"",""percentage"":0.00111},{""age"":""45-54"",""gender"":""female"",""percentage"":0.012579},{""age"":""45-54"",""gender"":""male"",""percentage"":0.010729},{""age"":""25-34"",""gender"":""male"",""percentage"":0.220496},{""age"":""35-44"",""gender"":""male"",""percentage"":0.133555},{""age"":""18-24"",""gender"":""male"",""percentage"":0.114317},{""age"":""18-24"",""gender"":""female"",""percentage"":0.129116},{""age"":""25-34"",""gender"":""female"",""percentage"":0.224935},{""age"":""35-44"",""gender"":""female"",""percentage"":0.150573},{""age"":""18-24"",""gender"":""unknown"",""percentage"":0.00148},{""age"":""35-44"",""gender"":""unknown"",""percentage"":0.00111}","{""region"":""B\u00edo B\u00edo Region"",""percentage"":1}","facebook,instagram","lower_bound: 100001, upper_bound: 500000",es
1093489191393290,177384889097855,"Gabriel Boric",2021-11-17,2021-11-17,2021-11-18,"Gabriel Boric Font","Escuchamos a cada territorio entregar propuestas que la ciudadanía necesita. El cambio lo construímos juntos y juntas. Vota 1, Boric Presidente","El nuevo Chile está en tus manos",boricpresidente.cl,"Juntas y juntos somos UNO.","lower_bound: 0, upper_bound: 999","lower_bound: 0, upper_bound: 99",USD,"{""age"":""25-34"",""gender"":""female"",""percentage"":0.268617},{""age"":""25-34"",""gender"":""male"",""percentage"":0.199468},{""age"":""18-24"",""gender"":""female"",""percentage"":0.156915},{""age"":""35-44"",""gender"":""female"",""percentage"":0.101064},{""age"":""35-44"",""gender"":""male"",""percentage"":0.132979},{""age"":""18-24"",""gender"":""male"",""percentage"":0.138298},{""age"":""45-54"",""gender"":""female"",""percentage"":0.00266}","{""region"":""Tarapac\u00e1 Region"",""percentage"":1}","facebook,instagram","lower_bound: 5001, upper_bound: 10000",es
1131393960724192,177384889097855,"Gabriel Boric",2021-11-17,2021-11-17,2021-11-18,"Gabriel Boric Font","Crearemos un nuevo sistema de pensiones, poniendo fin a las AFP y respetando el dinero ahorrado hasta ahora por cada persona. Vota 1, Boric Presidente","Este 21 de noviembre votamos Gabriel Boric",boricpresidente.cl,"Pensiones dignas","lower_bound: 1000, upper_bound: 1999","lower_bound: 0, upper_bound: 99",USD,"{""age"":""18-24"",""gender"":""male"",""percentage"":0.082834},{""age"":""45-54"",""gender"":""male"",""percentage"":0.011976},{""age"":""35-44"",""gender"":""female"",""percentage"":0.158683},{""age"":""18-24"",""gender"":""female"",""percentage"":0.134731},{""age"":""35-44"",""gender"":""male"",""percentage"":0.145709},{""age"":""25-34"",""gender"":""female"",""percentage"":0.233533},{""age"":""45-54"",""gender"":""female"",""percentage"":0.016966},{""age"":""25-34"",""gender"":""male"",""percentage"":0.210579},{""age"":""25-34"",""gender"":""unknown"",""percentage"":0.000998},{""age"":""35-44"",""gender"":""unknown"",""percentage"":0.001996},{""age"":""18-24"",""gender"":""unknown"",""percentage"":0.001996}","{""region"":""B\u00edo B\u00edo Region"",""percentage"":1}","facebook,instagram","lower_bound: 100001, upper_bound: 500000",es
1268020356955982,177384889097855,"Gabriel Boric",2021-11-17,2021-11-17,2021-11-18,"Gabriel Boric Font","Crearemos un nuevo sistema de pensiones, poniendo fin a las AFP y respetando el dinero ahorrado hasta ahora por cada persona. Vota 1, Boric Presidente","Este 21 de noviembre votamos Gabriel Boric",boricpresidente.cl,"Pensiones dignas","lower_bound: 2000, upper_bound: 2999","lower_bound: 0, upper_bound: 99",USD,"{""age"":""25-34"",""gender"":""unknown"",""percentage"":0.002191},{""age"":""45-54"",""gender"":""female"",""percentage"":0.007011},{""age"":""18-24"",""gender"":""female"",""percentage"":0.153374},{""age"":""35-44"",""gender"":""unknown"",""percentage"":0.002191},{""age"":""35-44"",""gender"":""female"",""percentage"":0.101227},{""age"":""18-24"",""gender"":""male"",""percentage"":0.112182},{""age"":""25-34"",""gender"":""male"",""percentage"":0.267748},{""age"":""25-34"",""gender"":""female"",""percentage"":0.241455},{""age"":""35-44"",""gender"":""male"",""percentage"":0.106924},{""age"":""45-54"",""gender"":""male"",""percentage"":0.00482},{""age"":""18-24"",""gender"":""unknown"",""percentage"":0.000876}","{""region"":""Santiago Metropolitan Region"",""percentage"":1}","facebook,instagram","lower_bound: 100001, upper_bound: 500000",es
1503058846730894,177384889097855,"Gabriel Boric",2021-11-17,2021-11-17,2021-11-18,"Gabriel Boric Font","Seremos el primer gobierno ecológico de Chile, impulsando políticas sustentables para combatir la crisis climática. Vota 1, Boric Presidente","Nuevo modelo de desarrollo sustentable",boricpresidente.cl,"Un futuro verde","lower_bound: 9000, upper_bound: 9999","lower_bound: 0, upper_bound: 99",USD,"{""age"":""18-24"",""gender"":""unknown"",""percentage"":0.000812},{""age"":""35-44"",""gender"":""unknown"",""percentage"":0.002842},{""age"":""45-54"",""gender"":""male"",""percentage"":0.008729},{""age"":""45-54"",""gender"":""female"",""percentage"":0.008932},{""age"":""18-24"",""gender"":""female"",""percentage"":0.153065},{""age"":""25-34"",""gender"":""male"",""percentage"":0.247259},{""age"":""25-34"",""gender"":""female"",""percentage"":0.227771},{""age"":""35-44"",""gender"":""male"",""percentage"":0.115916},{""age"":""35-44"",""gender"":""female"",""percentage"":0.108201},{""age"":""18-24"",""gender"":""male"",""percentage"":0.124848},{""age"":""45-54"",""gender"":""unknown"",""percentage"":0.000203},{""age"":""25-34"",""gender"":""unknown"",""percentage"":0.001421}","{""region"":""Santiago Metropolitan Region"",""percentage"":1}","facebook,instagram","lower_bound: 10001, upper_bound: 50000",es
4499680066814255,177384889097855,"Gabriel Boric",2021-11-17,2021-11-17,2021-11-18,"Gabriel Boric Font","Escuchamos a cada territorio entregar propuestas que la ciudadanía necesita. El cambio lo construímos juntos y juntas.","Nos unimos, no nos soltemos",boricpresidente.cl,"Juntas y juntos somos UNO.","lower_bound: 90000, upper_bound: 99999","lower_bound: 100, upper_bound: 199",USD,"{""age"":""35-44"",""gender"":""male"",""percentage"":0.177393},{""age"":""25-34"",""gender"":""female"",""percentage"":0.176754},{""age"":""35-44"",""gender"":""female"",""percentage"":0.186317},{""age"":""18-24"",""gender"":""female"",""percentage"":0.101443},{""age"":""18-24"",""gender"":""male"",""percentage"":0.092384},{""age"":""25-34"",""gender"":""male"",""percentage"":0.215669},{""age"":""45-54"",""gender"":""female"",""percentage"":0.02446},{""age"":""18-24"",""gender"":""unknown"",""percentage"":0.000971},{""age"":""25-34"",""gender"":""unknown"",""percentage"":0.001549},{""age"":""45-54"",""gender"":""male"",""percentage"":0.020502},{""age"":""35-44"",""gender"":""unknown"",""percentage"":0.002237},{""age"":""45-54"",""gender"":""unknown"",""percentage"":0.00032}","{""region"":""Los R\u00edos Region"",""percentage"":0.031504},{""region"":""Arica y Parinacota Region"",""percentage"":0.02809},{""region"":""Valpara\u00edso Region"",""percentage"":0.081101},{""region"":""Ays\u00e9n Region"",""percentage"":0.01068},{""region"":""Antofagasta Region"",""percentage"":0.043245},{""region"":""Araucan\u00eda Region"",""percentage"":0.098146},{""region"":""Atacama Region"",""percentage"":0.023201},{""region"":""B\u00edo B\u00edo Region"",""percentage"":0.132929},{""region"":""Coquimbo Region"",""percentage"":0.045927},{""region"":""O'Higgins Region"",""percentage"":0.055937},{""region"":""Los Lagos Region"",""percentage"":0.084893},{""region"":""Magallanes y la Ant\u00e1rtica Chilena Region"",""percentage"":0.009997},{""region"":""Maule Region"",""percentage"":0.081345},{""region"":""Santiago Metropolitan Region"",""percentage"":0.24056},{""region"":""Tarapac\u00e1 Region"",""percentage"":0.032443}","facebook,instagram","lower_bound: 1000001",
4742832699115543,177384889097855,"Gabriel Boric",2021-11-17,2021-11-17,2021-11-19,"Gabriel Boric Font","Por el derecho al cuidado en sala cuna y jardines infantiles para tus hijas e hijos. Vota 1, Boric Presidente.","Un Chile para todas y todos",boricpresidente.cl,"Derecho al cuídado para tus hijos e hijas","lower_bound: 400000, upper_bound: 449999","lower_bound: 400, upper_bound: 499",USD,"{""age"":""45-54"",""gender"":""unknown"",""percentage"":0.000176},{""age"":""25-34"",""gender"":""unknown"",""percentage"":0.001678},{""age"":""35-44"",""gender"":""unknown"",""percentage"":0.002031},{""age"":""45-54"",""gender"":""male"",""percentage"":0.010467},{""age"":""25-34"",""gender"":""male"",""percentage"":0.230691},{""age"":""35-44"",""gender"":""female"",""percentage"":0.133505},{""age"":""18-24"",""gender"":""female"",""percentage"":0.146297},{""age"":""18-24"",""gender"":""male"",""percentage"":0.102162},{""age"":""25-34"",""gender"":""female"",""percentage"":0.227383},{""age"":""35-44"",""gender"":""male"",""percentage"":0.134525},{""age"":""18-24"",""gender"":""unknown"",""percentage"":0.000986},{""age"":""45-54"",""gender"":""female"",""percentage"":0.010097}","{""region"":""Los R\u00edos Region"",""percentage"":0.013913},{""region"":""Arica y Parinacota Region"",""percentage"":0.028574},{""region"":""Valpara\u00edso Region"",""percentage"":0.076368},{""region"":""Antofagasta Region"",""percentage"":0.064507},{""region"":""Araucan\u00eda Region"",""percentage"":0.041383},{""region"":""Atacama Region"",""percentage"":0.022683},{""region"":""B\u00edo B\u00edo Region"",""percentage"":0.102924},{""region"":""Coquimbo Region"",""percentage"":0.052786},{""region"":""O'Higgins Region"",""percentage"":0.042022},{""region"":""Los Lagos Region"",""percentage"":0.026349},{""region"":""Magallanes y la Ant\u00e1rtica Chilena Region"",""percentage"":0.014814},{""region"":""Maule Region"",""percentage"":0.063074},{""region"":""Santiago Metropolitan Region"",""percentage"":0.401216},{""region"":""Tarapac\u00e1 Region"",""percentage"":0.049388}","facebook,instagram","lower_bound: 1000001",es
7095639893794858,177384889097855,"Gabriel Boric",2021-11-17,2021-11-17,2021-11-18,"Gabriel Boric Font","Llevamos años luchando por una educación pública de calidad. Como gobierno fomentaremos una buena enseñanza no sexista. Vota 1, Boric Presidente","Educación de calidad para todas y todos",boricpresidente.cl,"Educación de calidad","lower_bound: 15000, upper_bound: 19999","lower_bound: 0, upper_bound: 99",USD,"{""age"":""45-54"",""gender"":""female"",""percentage"":0.008232},{""age"":""45-54"",""gender"":""male"",""percentage"":0.008489},{""age"":""18-24"",""gender"":""male"",""percentage"":0.142444},{""age"":""35-44"",""gender"":""male"",""percentage"":0.11582},{""age"":""25-34"",""gender"":""male"",""percentage"":0.273698},{""age"":""35-44"",""gender"":""female"",""percentage"":0.094662},{""age"":""25-34"",""gender"":""female"",""percentage"":0.206559},{""age"":""18-24"",""gender"":""female"",""percentage"":0.146367},{""age"":""35-44"",""gender"":""unknown"",""percentage"":0.001479},{""age"":""18-24"",""gender"":""unknown"",""percentage"":0.00135},{""age"":""25-34"",""gender"":""unknown"",""percentage"":0.0009}","{""region"":""Los R\u00edos Region"",""percentage"":0.007945},{""region"":""Arica y Parinacota Region"",""percentage"":0.023515},{""region"":""Valpara\u00edso Region"",""percentage"":0.083232},{""region"":""Antofagasta Region"",""percentage"":0.054911},{""region"":""Araucan\u00eda Region"",""percentage"":0.032485},{""region"":""Atacama Region"",""percentage"":0.017172},{""region"":""B\u00edo B\u00edo Region"",""percentage"":0.090985},{""region"":""Coquimbo Region"",""percentage"":0.050682},{""region"":""O'Higgins Region"",""percentage"":0.042865},{""region"":""Los Lagos Region"",""percentage"":0.027039},{""region"":""Magallanes y la Ant\u00e1rtica Chilena Region"",""percentage"":0.018389},{""region"":""Maule Region"",""percentage"":0.064715},{""region"":""Santiago Metropolitan Region"",""percentage"":0.424617},{""region"":""Tarapac\u00e1 Region"",""percentage"":0.061447}","facebook,instagram","lower_bound: 1000001",es
1055749011888613,177384889097855,"Gabriel Boric",2021-11-17,2021-11-17,2021-11-18,"Gabriel Boric Font","Avancemos a un nuevo Chile de amabilidad y respeto. Seguimos por la salud, educación, pensiones, medio ambiente y mucho más.","El nuevo Chile está en tus manos",boricpresidente.cl,"Vota Boric, vota 1","lower_bound: 60000, upper_bound: 69999","lower_bound: 100, upper_bound: 199",USD,"{""age"":""35-44"",""gender"":""male"",""percentage"":0.143225},{""age"":""25-34"",""gender"":""male"",""percentage"":0.152597},{""age"":""35-44"",""gender"":""female"",""percentage"":0.26513},{""age"":""18-24"",""gender"":""female"",""percentage"":0.101017},{""age"":""18-24"",""gender"":""male"",""percentage"":0.063412},{""age"":""25-34"",""gender"":""female"",""percentage"":0.220546},{""age"":""45-54"",""gender"":""male"",""percentage"":0.018346},{""age"":""35-44"",""gender"":""unknown"",""percentage"":0.002459},{""age"":""45-54"",""gender"":""female"",""percentage"":0.030925},{""age"":""18-24"",""gender"":""unknown"",""percentage"":0.000698},{""age"":""45-54"",""gender"":""unknown"",""percentage"":0.000382},{""age"":""25-34"",""gender"":""unknown"",""percentage"":0.001263}","{""region"":""Los R\u00edos Region"",""percentage"":0.033411},{""region"":""Arica y Parinacota Region"",""percentage"":0.021483},{""region"":""Valpara\u00edso Region"",""percentage"":0.078485},{""region"":""Ays\u00e9n Region"",""percentage"":0.008063},{""region"":""Antofagasta Region"",""percentage"":0.038488},{""region"":""Araucan\u00eda Region"",""percentage"":0.090562},{""region"":""Atacama Region"",""percentage"":0.021052},{""region"":""B\u00edo B\u00edo Region"",""percentage"":0.141857},{""region"":""Coquimbo Region"",""percentage"":0.049536},{""region"":""O'Higgins Region"",""percentage"":0.062526},{""region"":""Los Lagos Region"",""percentage"":0.083246},{""region"":""Magallanes y la Ant\u00e1rtica Chilena Region"",""percentage"":0.008792},{""region"":""Maule Region"",""percentage"":0.077921},{""region"":""Santiago Metropolitan Region"",""percentage"":0.259643},{""region"":""Tarapac\u00e1 Region"",""percentage"":0.024934}","facebook,instagram","lower_bound: 1000001",es
445196380486367,177384889097855,"Gabriel Boric",2021-11-17,2021-11-17,2021-11-18,"Gabriel Boric Font","Este 21 de noviembre juntas y juntos seguimos el proceso de cambios por un Chile Justo, digno y cariñoso. Vota 1.","Votemos por el cambio a un nuevo Chile",boricpresidente.cl,"Un nuevo Chile","lower_bound: 6000, upper_bound: 6999","lower_bound: 0, upper_bound: 99",USD,"{""age"":""35-44"",""gender"":""unknown"",""percentage"":0.003818},{""age"":""25-34"",""gender"":""unknown"",""percentage"":0.001572},{""age"":""45-54"",""gender"":""unknown"",""percentage"":0.000225},{""age"":""45-54"",""gender"":""female"",""percentage"":0.009432},{""age"":""25-34"",""gender"":""male"",""percentage"":0.256232},{""age"":""35-44"",""gender"":""female"",""percentage"":0.134516},{""age"":""35-44"",""gender"":""male"",""percentage"":0.128453},{""age"":""25-34"",""gender"":""female"",""percentage"":0.219852},{""age"":""18-24"",""gender"":""female"",""percentage"":0.125758},{""age"":""18-24"",""gender"":""male"",""percentage"":0.107568},{""age"":""45-54"",""gender"":""male"",""percentage"":0.011902},{""age"":""18-24"",""gender"":""unknown"",""percentage"":0.000674}","{""region"":""Valpara\u00edso Region"",""percentage"":1}","facebook,instagram","lower_bound: 50001, upper_bound: 100000",es
642482956912131,177384889097855,"Gabriel Boric",2021-11-17,2021-11-17,2021-11-17,"Gabriel Boric Font","Crearemos un nuevo sistema de pensiones, poniendo fin a las AFP y respetando el dinero ahorrado hasta ahora por cada persona.","Jubilación digna para todos y todas",boricpresidente.cl,"Nuevo sistema de pensión.","lower_bound: 20000, upper_bound: 24999","lower_bound: 0, upper_bound: 99",USD,"{""age"":""45-54"",""gender"":""unknown"",""percentage"":9.5e-5},{""age"":""35-44"",""gender"":""female"",""percentage"":0.267292},{""age"":""35-44"",""gender"":""male"",""percentage"":0.177516},{""age"":""18-24"",""gender"":""male"",""percentage"":0.073195},{""age"":""25-34"",""gender"":""female"",""percentage"":0.178605},{""age"":""45-54"",""gender"":""female"",""percentage"":0.035532},{""age"":""45-54"",""gender"":""male"",""percentage"":0.020182},{""age"":""25-34"",""gender"":""male"",""percentage"":0.136441},{""age"":""18-24"",""gender"":""female"",""percentage"":0.105931},{""age"":""18-24"",""gender"":""unknown"",""percentage"":0.001327},{""age"":""35-44"",""gender"":""unknown"",""percentage"":0.002843},{""age"":""25-34"",""gender"":""unknown"",""percentage"":0.001042}","{""region"":""Los R\u00edos Region"",""percentage"":0.032691},{""region"":""Arica y Parinacota Region"",""percentage"":0.01729},{""region"":""Valpara\u00edso Region"",""percentage"":0.083711},{""region"":""Ays\u00e9n Region"",""percentage"":0.010062},{""region"":""Antofagasta Region"",""percentage"":0.035289},{""region"":""Araucan\u00eda Region"",""percentage"":0.095049},{""region"":""Atacama Region"",""percentage"":0.021495},{""region"":""B\u00edo B\u00edo Region"",""percentage"":0.13596},{""region"":""Coquimbo Region"",""percentage"":0.048186},{""region"":""O'Higgins Region"",""percentage"":0.063539},{""region"":""Los Lagos Region"",""percentage"":0.080971},{""region"":""Magallanes y la Ant\u00e1rtica Chilena Region"",""percentage"":0.011385},{""region"":""Maule Region"",""percentage"":0.087491},{""region"":""Santiago Metropolitan Region"",""percentage"":0.254441},{""region"":""Tarapac\u00e1 Region"",""percentage"":0.02244}","facebook,instagram","lower_bound: 1000001",
249177787196448,177384889097855,"Gabriel Boric",2021-11-17,2021-11-17,2021-11-18,"Gabriel Boric Font",,"Boric Presidente",boricpresidente.cl,"Votemos para hacer realidad un Chile en que nadie quede fuera. Votemos Gabriel Boric Presidente","lower_bound: 5000, upper_bound: 5999","lower_bound: 0, upper_bound: 99",USD,"{""age"":""18-24"",""gender"":""unknown"",""percentage"":0.005356},{""age"":""25-34"",""gender"":""male"",""percentage"":0.140052},{""age"":""18-24"",""gender"":""female"",""percentage"":0.378695},{""age"":""18-24"",""gender"":""male"",""percentage"":0.22436},{""age"":""25-34"",""gender"":""female"",""percentage"":0.195001},{""age"":""25-34"",""gender"":""unknown"",""percentage"":0.002777},{""age"":""35-44"",""gender"":""male"",""percentage"":0.021821},{""age"":""35-44"",""gender"":""female"",""percentage"":0.029954},{""age"":""45-54"",""gender"":""male"",""percentage"":0.000793},{""age"":""35-44"",""gender"":""unknown"",""percentage"":0.000198},{""age"":""45-54"",""gender"":""female"",""percentage"":0.000992}","{""region"":""Los R\u00edos Region"",""percentage"":0.018957},{""region"":""Arica y Parinacota Region"",""percentage"":0.027449},{""region"":""Valpara\u00edso Region"",""percentage"":0.084518},{""region"":""Antofagasta Region"",""percentage"":0.049171},{""region"":""Araucan\u00eda Region"",""percentage"":0.029028},{""region"":""Atacama Region"",""percentage"":0.018562},{""region"":""B\u00edo B\u00edo Region"",""percentage"":0.113744},{""region"":""Coquimbo Region"",""percentage"":0.053712},{""region"":""O'Higgins Region"",""percentage"":0.035545},{""region"":""Los Lagos Region"",""percentage"":0.022117},{""region"":""Magallanes y la Ant\u00e1rtica Chilena Region"",""percentage"":0.01639},{""region"":""Maule Region"",""percentage"":0.050553},{""region"":""Santiago Metropolitan Region"",""percentage"":0.447077},{""region"":""Tarapac\u00e1 Region"",""percentage"":0.033175}","facebook,instagram","lower_bound: 1000001",es
292972532705231,177384889097855,"Gabriel Boric",2021-11-17,2021-11-17,2021-11-18,"Gabriel Boric Font",,"Boric Presidente",boricpresidente.cl,"Votemos para hacer realidad un Chile en que nadie quede fuera. Votemos Gabriel Boric Presidente","lower_bound: 15000, upper_bound: 19999","lower_bound: 0, upper_bound: 99",USD,"{""age"":""45-54"",""gender"":""male"",""percentage"":0.001306},{""age"":""35-44"",""gender"":""female"",""percentage"":0.036878},{""age"":""35-44"",""gender"":""male"",""percentage"":0.042102},{""age"":""25-34"",""gender"":""male"",""percentage"":0.251998},{""age"":""18-24"",""gender"":""female"",""percentage"":0.244238},{""age"":""18-24"",""gender"":""male"",""percentage"":0.205363},{""age"":""25-34"",""gender"":""female"",""percentage"":0.208359},{""age"":""25-34"",""gender"":""unknown"",""percentage"":0.003304},{""age"":""18-24"",""gender"":""unknown"",""percentage"":0.004072},{""age"":""45-54"",""gender"":""female"",""percentage"":0.001383},{""age"":""35-44"",""gender"":""unknown"",""percentage"":0.000845},{""age"":""45-54"",""gender"":""unknown"",""percentage"":0.000154}","{""region"":""Los R\u00edos Region"",""percentage"":0.020303},{""region"":""Arica y Parinacota Region"",""percentage"":0.016288},{""region"":""Valpara\u00edso Region"",""percentage"":0.086074},{""region"":""Antofagasta Region"",""percentage"":0.046086},{""region"":""Araucan\u00eda Region"",""percentage"":0.030878},{""region"":""Atacama Region"",""percentage"":0.01459},{""region"":""B\u00edo B\u00edo Region"",""percentage"":0.094411},{""region"":""Coquimbo Region"",""percentage"":0.046704},{""region"":""O'Higgins Region"",""percentage"":0.029103},{""region"":""Los Lagos Region"",""percentage"":0.01598},{""region"":""Magallanes y la Ant\u00e1rtica Chilena Region"",""percentage"":0.015362},{""region"":""Maule Region"",""percentage"":0.046241},{""region"":""Santiago Metropolitan Region"",""percentage"":0.514204},{""region"":""Tarapac\u00e1 Region"",""percentage"":0.023776}","facebook,instagram","lower_bound: 1000001",es
358226872762074,177384889097855,"Gabriel Boric",2021-11-17,2021-11-17,2021-11-18,"Gabriel Boric Font",,"Boric Presidente",boricpresidente.cl,"Votemos para hacer realidad un Chile en que nadie quede fuera. Votemos Gabriel Boric Presidente","lower_bound: 2000, upper_bound: 2999","lower_bound: 0, upper_bound: 99",USD,"{""age"":""18-24"",""gender"":""unknown"",""percentage"":0.004682},{""age"":""45-54"",""gender"":""male"",""percentage"":0.001404},{""age"":""18-24"",""gender"":""female"",""percentage"":0.245318},{""age"":""25-34"",""gender"":""female"",""percentage"":0.138577},{""age"":""18-24"",""gender"":""male"",""percentage"":0.286049},{""age"":""25-34"",""gender"":""male"",""percentage"":0.236891},{""age"":""35-44"",""gender"":""female"",""percentage"":0.034176},{""age"":""35-44"",""gender"":""male"",""percentage"":0.044476},{""age"":""35-44"",""gender"":""unknown"",""percentage"":0.000468},{""age"":""45-54"",""gender"":""female"",""percentage"":0.003277},{""age"":""25-34"",""gender"":""unknown"",""percentage"":0.004682}","{""region"":""Los R\u00edos Region"",""percentage"":0.021884},{""region"":""Arica y Parinacota Region"",""percentage"":0.019505},{""region"":""Valpara\u00edso Region"",""percentage"":0.091342},{""region"":""Antofagasta Region"",""percentage"":0.05138},{""region"":""Araucan\u00eda Region"",""percentage"":0.027593},{""region"":""Atacama Region"",""percentage"":0.014272},{""region"":""B\u00edo B\u00edo Region"",""percentage"":0.102759},{""region"":""Coquimbo Region"",""percentage"":0.047574},{""region"":""O'Higgins Region"",""percentage"":0.034253},{""region"":""Los Lagos Region"",""percentage"":0.018078},{""region"":""Magallanes y la Ant\u00e1rtica Chilena Region"",""percentage"":0.018078},{""region"":""Maule Region"",""percentage"":0.046622},{""region"":""Santiago Metropolitan Region"",""percentage"":0.475737},{""region"":""Tarapac\u00e1 Region"",""percentage"":0.030923}","facebook,instagram","lower_bound: 1000001",es
424957652427518,177384889097855,"Gabriel Boric",2021-11-17,2021-11-17,2021-11-19,"Gabriel Boric Font","Cada día de nuestra campaña nos hemos dedicado a llegar a lugares extremos del país para escuchar las distintas realidades y así construir un gobierno que sea por y para la gente.

Este espacio permite seguir llegando a otras zonas, pero no nos olvidemos que muchas personas tienen dificultad o nulo acceso a medios de comunicación, por eso #seguimos trabajando para poder conversar con cada una y uno de ustedes en persona, y hacer de nuestro gobierno un proyecto colectivo generado por todas y todos ✊

#FranjaBoric","Capitulo 1 Franja",,,"lower_bound: 2000, upper_bound: 2999","lower_bound: 0, upper_bound: 99",USD,"{""age"":""35-44"",""gender"":""unknown"",""percentage"":0.003191},{""age"":""45-54"",""gender"":""female"",""percentage"":0.031915},{""age"":""18-24"",""gender"":""female"",""percentage"":0.070567},{""age"":""25-34"",""gender"":""male"",""percentage"":0.15922},{""age"":""25-34"",""gender"":""female"",""percentage"":0.275887},{""age"":""18-24"",""gender"":""male"",""percentage"":0.03227},{""age"":""35-44"",""gender"":""female"",""percentage"":0.271986},{""age"":""35-44"",""gender"":""male"",""percentage"":0.141135},{""age"":""45-54"",""gender"":""male"",""percentage"":0.010993},{""age"":""45-54"",""gender"":""unknown"",""percentage"":0.000709},{""age"":""18-24"",""gender"":""unknown"",""percentage"":0.001418},{""age"":""25-34"",""gender"":""unknown"",""percentage"":0.000709}","{""region"":""Los R\u00edos Region"",""percentage"":0.030281},{""region"":""Arica y Parinacota Region"",""percentage"":0.020663},{""region"":""Valpara\u00edso Region"",""percentage"":0.094051},{""region"":""Ays\u00e9n Region"",""percentage"":0.012113},{""region"":""Antofagasta Region"",""percentage"":0.046669},{""region"":""Araucan\u00eda Region"",""percentage"":0.072675},{""region"":""Atacama Region"",""percentage"":0.01995},{""region"":""B\u00edo B\u00edo Region"",""percentage"":0.106163},{""region"":""Coquimbo Region"",""percentage"":0.034913},{""region"":""O'Higgins Region"",""percentage"":0.065194},{""region"":""Los Lagos Region"",""percentage"":0.038831},{""region"":""Magallanes y la Ant\u00e1rtica Chilena Region"",""percentage"":0.016031},{""region"":""Maule Region"",""percentage"":0.079088},{""region"":""Santiago Metropolitan Region"",""percentage"":0.325971},{""region"":""Tarapac\u00e1 Region"",""percentage"":0.037406}",facebook,"lower_bound: 100001, upper_bound: 500000",es
430027441987676,177384889097855,"Gabriel Boric",2021-11-17,2021-11-17,2021-11-19,"Gabriel Boric Font",,"Boric Presidente",boricpresidente.cl,"Votemos para hacer realidad un Chile en que nadie quede fuera. Votemos Gabriel Boric Presidente","lower_bound: 125000, upper_bound: 149999","lower_bound: 200, upper_bound: 299",USD,"{""age"":""13-17"",""gender"":""female"",""percentage"":9.0e-6},{""age"":""45-54"",""gender"":""male"",""percentage"":0.000551},{""age"":""45-54"",""gender"":""female"",""percentage"":0.000693},{""age"":""25-34"",""gender"":""unknown"",""percentage"":0.002558},{""age"":""35-44"",""gender"":""male"",""percentage"":0.018007},{""age"":""18-24"",""gender"":""male"",""percentage"":0.227114},{""age"":""35-44"",""gender"":""female"",""percentage"":0.023843},{""age"":""25-34"",""gender"":""male"",""percentage"":0.120531},{""age"":""18-24"",""gender"":""female"",""percentage"":0.428635},{""age"":""25-34"",""gender"":""female"",""percentage"":0.170278},{""age"":""18-24"",""gender"":""unknown"",""percentage"":0.006894},{""age"":""35-44"",""gender"":""unknown"",""percentage"":0.000835},{""age"":""45-54"",""gender"":""unknown"",""percentage"":3.6e-5},{""age"":""13-17"",""gender"":""male"",""percentage"":1.8e-5}","{""region"":""Los R\u00edos Region"",""percentage"":0.022567},{""region"":""Arica y Parinacota Region"",""percentage"":0.028959},{""region"":""Valpara\u00edso Region"",""percentage"":0.085545},{""region"":""Antofagasta Region"",""percentage"":0.056817},{""region"":""Araucan\u00eda Region"",""percentage"":0.026855},{""region"":""Atacama Region"",""percentage"":0.01811},{""region"":""B\u00edo B\u00edo Region"",""percentage"":0.103033},{""region"":""Coquimbo Region"",""percentage"":0.053852},{""region"":""O'Higgins Region"",""percentage"":0.036398},{""region"":""Los Lagos Region"",""percentage"":0.016557},{""region"":""Magallanes y la Ant\u00e1rtica Chilena Region"",""percentage"":0.018909},{""region"":""Maule Region"",""percentage"":0.048703},{""region"":""Santiago Metropolitan Region"",""percentage"":0.448292},{""region"":""Tarapac\u00e1 Region"",""percentage"":0.035404}","facebook,instagram","lower_bound: 1000001",es
564783131491519,177384889097855,"Gabriel Boric",2021-11-17,2021-11-17,2021-11-18,"Gabriel Boric Font","Súmate a la nueva playlist El Árbol de acceso gratuito en Spotify, puedes hacer tu colaboración para el nuevo Chile que estamos formando 🎶

No importa si tu pieza no está acabada o aún se encuentra en baja calidad, acá está el espacio para ti.

Ingresa a la web boricpresidente.cl/playlist y entérate de cómo hacer tu aporte ✊",,,,"lower_bound: 40000, upper_bound: 44999","lower_bound: 300, upper_bound: 399",USD,"{""age"":""45-54"",""gender"":""unknown"",""percentage"":0.000303},{""age"":""25-34"",""gender"":""unknown"",""percentage"":0.001212},{""age"":""25-34"",""gender"":""male"",""percentage"":0.14544},{""age"":""18-24"",""gender"":""female"",""percentage"":0.090193},{""age"":""35-44"",""gender"":""male"",""percentage"":0.136375},{""age"":""45-54"",""gender"":""male"",""percentage"":0.01318},{""age"":""35-44"",""gender"":""female"",""percentage"":0.263155},{""age"":""45-54"",""gender"":""female"",""percentage"":0.027421},{""age"":""18-24"",""gender"":""male"",""percentage"":0.037218},{""age"":""25-34"",""gender"":""female"",""percentage"":0.281941},{""age"":""18-24"",""gender"":""unknown"",""percentage"":0.000404},{""age"":""35-44"",""gender"":""unknown"",""percentage"":0.003156}","{""region"":""Los R\u00edos Region"",""percentage"":0.029197},{""region"":""Arica y Parinacota Region"",""percentage"":0.023614},{""region"":""Valpara\u00edso Region"",""percentage"":0.092219},{""region"":""Ays\u00e9n Region"",""percentage"":0.008953},{""region"":""Antofagasta Region"",""percentage"":0.043733},{""region"":""Araucan\u00eda Region"",""percentage"":0.077432},{""region"":""Atacama Region"",""percentage"":0.018761},{""region"":""B\u00edo B\u00edo Region"",""percentage"":0.126295},{""region"":""Coquimbo Region"",""percentage"":0.036817},{""region"":""O'Higgins Region"",""percentage"":0.053717},{""region"":""Los Lagos Region"",""percentage"":0.042124},{""region"":""Magallanes y la Ant\u00e1rtica Chilena Region"",""percentage"":0.012951},{""region"":""Maule Region"",""percentage"":0.079117},{""region"":""Santiago Metropolitan Region"",""percentage"":0.315713},{""region"":""Tarapac\u00e1 Region"",""percentage"":0.039357}",facebook,"lower_bound: 100001, upper_bound: 500000",es
623360255360182,177384889097855,"Gabriel Boric",2021-11-17,2021-11-17,2021-11-18,"Gabriel Boric Font","Nos han llegado muy buenas e inspiradoras ideas para hacer campaña, les comparto este video para personalizar poleras reutilizando 👕 viejas, cloro y un poco de motricidad fina para hacer el stencil 📐✏️. 
💡¿Se les ocurren más formas de hacer materiales de campaña amigables con el medio ambiente🌳?

*La plantilla pueden descargarla desde acá https://bit.ly/2Y668Pv","Polera estampa sin tinta",,,"lower_bound: 25000, upper_bound: 29999","lower_bound: 0, upper_bound: 99",USD,"{""age"":""25-34"",""gender"":""unknown"",""percentage"":0.00204},{""age"":""25-34"",""gender"":""male"",""percentage"":0.220862},{""age"":""45-54"",""gender"":""female"",""percentage"":0.01461},{""age"":""35-44"",""gender"":""male"",""percentage"":0.144278},{""age"":""18-24"",""gender"":""female"",""percentage"":0.11167},{""age"":""35-44"",""gender"":""female"",""percentage"":0.177542},{""age"":""18-24"",""gender"":""male"",""percentage"":0.077422},{""age"":""25-34"",""gender"":""female"",""percentage"":0.235108},{""age"":""45-54"",""gender"":""male"",""percentage"":0.012278},{""age"":""45-54"",""gender"":""unknown"",""percentage"":0.000401},{""age"":""18-24"",""gender"":""unknown"",""percentage"":0.00102},{""age"":""35-44"",""gender"":""unknown"",""percentage"":0.002769}","{""region"":""Los R\u00edos Region"",""percentage"":0.027109},{""region"":""Valpara\u00edso Region"",""percentage"":0.09951},{""region"":""Ays\u00e9n Region"",""percentage"":0.01067},{""region"":""Antofagasta Region"",""percentage"":0.049428},{""region"":""Araucan\u00eda Region"",""percentage"":0.069679},{""region"":""Atacama Region"",""percentage"":0.022791},{""region"":""B\u00edo B\u00edo Region"",""percentage"":0.125785},{""region"":""Coquimbo Region"",""percentage"":0.051896},{""region"":""O'Higgins Region"",""percentage"":0.060207},{""region"":""Los Lagos Region"",""percentage"":0.049174},{""region"":""Magallanes y la Ant\u00e1rtica Chilena Region"",""percentage"":0.018291},{""region"":""Maule Region"",""percentage"":0.070622},{""region"":""Santiago Metropolitan Region"",""percentage"":0.291018},{""region"":""Tarapac\u00e1 Region"",""percentage"":0.031791},{""region"":""Arica y Parinacota Region"",""percentage"":0.022029}",facebook,"lower_bound: 1000001",es
1073662790124858,177384889097855,"Gabriel Boric",2021-11-17,2021-11-17,2021-11-19,"Gabriel Boric Font",,"Boric Presidente",boricpresidente.cl,"Votemos para hacer realidad un Chile en que nadie quede fuera. Votemos Gabriel Boric Presidente","lower_bound: 30000, upper_bound: 34999","lower_bound: 0, upper_bound: 99",USD,"{""age"":""45-54"",""gender"":""unknown"",""percentage"":8.3e-5},{""age"":""25-34"",""gender"":""unknown"",""percentage"":0.001831},{""age"":""45-54"",""gender"":""female"",""percentage"":0.001789},{""age"":""45-54"",""gender"":""male"",""percentage"":0.001082},{""age"":""35-44"",""gender"":""unknown"",""percentage"":0.00104},{""age"":""35-44"",""gender"":""male"",""percentage"":0.031625},{""age"":""18-24"",""gender"":""male"",""percentage"":0.222911},{""age"":""25-34"",""gender"":""male"",""percentage"":0.180842},{""age"":""35-44"",""gender"":""female"",""percentage"":0.044982},{""age"":""25-34"",""gender"":""female"",""percentage"":0.204477},{""age"":""18-24"",""gender"":""female"",""percentage"":0.305884},{""age"":""18-24"",""gender"":""unknown"",""percentage"":0.003454}","{""region"":""Los R\u00edos Region"",""percentage"":0.016731},{""region"":""Arica y Parinacota Region"",""percentage"":0.020153},{""region"":""Valpara\u00edso Region"",""percentage"":0.083448},{""region"":""Antofagasta Region"",""percentage"":0.051028},{""region"":""Araucan\u00eda Region"",""percentage"":0.030333},{""region"":""Atacama Region"",""percentage"":0.017065},{""region"":""B\u00edo B\u00edo Region"",""percentage"":0.093337},{""region"":""Coquimbo Region"",""percentage"":0.049902},{""region"":""O'Higgins Region"",""percentage"":0.029374},{""region"":""Los Lagos Region"",""percentage"":0.017649},{""region"":""Magallanes y la Ant\u00e1rtica Chilena Region"",""percentage"":0.013644},{""region"":""Maule Region"",""percentage"":0.046773},{""region"":""Santiago Metropolitan Region"",""percentage"":0.500939},{""region"":""Tarapac\u00e1 Region"",""percentage"":0.029624}","facebook,instagram","lower_bound: 1000001",es
1429754240753626,177384889097855,"Gabriel Boric",2021-11-17,2021-11-17,2021-11-19,"Gabriel Boric Font","El deporte es necesario para una sociedad más amable; nos cambia, nos conecta, nos mueve. Por eso hoy realizamos la Copa del Apruebo, que nos dio la oportunidad de reunir a la comunidad de Maipú, compartir y competir de manera sana ⚽

Hace un año atrás junt@s ganamos uno de los partidos más importantes del país, el del Apruebo. Hoy estamos disputando otro en el que se ponen en juego los cambios, por eso te necesitamos a ti para seguir construyendo el Chile que queremos ✊",,,,"lower_bound: 125000, upper_bound: 149999","lower_bound: 100, upper_bound: 199",USD,"{""age"":""45-54"",""gender"":""unknown"",""percentage"":0.000178},{""age"":""18-24"",""gender"":""unknown"",""percentage"":0.0009},{""age"":""35-44"",""gender"":""unknown"",""percentage"":0.002296},{""age"":""25-34"",""gender"":""female"",""percentage"":0.20195},{""age"":""25-34"",""gender"":""male"",""percentage"":0.238547},{""age"":""18-24"",""gender"":""female"",""percentage"":0.113833},{""age"":""35-44"",""gender"":""male"",""percentage"":0.158574},{""age"":""35-44"",""gender"":""female"",""percentage"":0.149648},{""age"":""18-24"",""gender"":""male"",""percentage"":0.105551},{""age"":""45-54"",""gender"":""male"",""percentage"":0.013269},{""age"":""45-54"",""gender"":""female"",""percentage"":0.013781},{""age"":""25-34"",""gender"":""unknown"",""percentage"":0.001474}","{""region"":""Los R\u00edos Region"",""percentage"":0.030083},{""region"":""Arica y Parinacota Region"",""percentage"":0.016826},{""region"":""Valpara\u00edso Region"",""percentage"":0.089751},{""region"":""Ays\u00e9n Region"",""percentage"":0.010841},{""region"":""Antofagasta Region"",""percentage"":0.042424},{""region"":""Araucan\u00eda Region"",""percentage"":0.077458},{""region"":""Atacama Region"",""percentage"":0.025519},{""region"":""B\u00edo B\u00edo Region"",""percentage"":0.133928},{""region"":""Coquimbo Region"",""percentage"":0.051488},{""region"":""O'Higgins Region"",""percentage"":0.070565},{""region"":""Los Lagos Region"",""percentage"":0.05876},{""region"":""Magallanes y la Ant\u00e1rtica Chilena Region"",""percentage"":0.013154},{""region"":""Maule Region"",""percentage"":0.086253},{""region"":""Santiago Metropolitan Region"",""percentage"":0.26484},{""region"":""Tarapac\u00e1 Region"",""percentage"":0.028109}",facebook,"lower_bound: 1000001",es
322585769294986,177384889097855,"Gabriel Boric",2021-11-17,2021-11-17,2021-11-18,"Gabriel Boric Font",,"Boric Presidente",boricpresidente.cl,"Votemos para hacer realidad un Chile en que nadie quede fuera. Votemos Gabriel Boric Presidente","lower_bound: 100000, upper_bound: 124999","lower_bound: 200, upper_bound: 299",USD,"{""age"":""13-17"",""gender"":""male"",""percentage"":2.1e-5},{""age"":""13-17"",""gender"":""unknown"",""percentage"":1.0e-5},{""age"":""45-54"",""gender"":""male"",""percentage"":0.000411},{""age"":""45-54"",""gender"":""female"",""percentage"":0.000554},{""age"":""18-24"",""gender"":""unknown"",""percentage"":0.003245},{""age"":""35-44"",""gender"":""male"",""percentage"":0.017477},{""age"":""25-34"",""gender"":""female"",""percentage"":0.165578},{""age"":""25-34"",""gender"":""male"",""percentage"":0.133325},{""age"":""18-24"",""gender"":""male"",""percentage"":0.259955},{""age"":""18-24"",""gender"":""female"",""percentage"":0.396433},{""age"":""35-44"",""gender"":""female"",""percentage"":0.020886},{""age"":""25-34"",""gender"":""unknown"",""percentage"":0.001499},{""age"":""35-44"",""gender"":""unknown"",""percentage"":0.000585},{""age"":""45-54"",""gender"":""unknown"",""percentage"":2.1e-5}","{""region"":""Los R\u00edos Region"",""percentage"":0.025804},{""region"":""Arica y Parinacota Region"",""percentage"":0.027513},{""region"":""Valpara\u00edso Region"",""percentage"":0.079453},{""region"":""Antofagasta Region"",""percentage"":0.062098},{""region"":""Araucan\u00eda Region"",""percentage"":0.027409},{""region"":""Atacama Region"",""percentage"":0.018307},{""region"":""B\u00edo B\u00edo Region"",""percentage"":0.109554},{""region"":""Coquimbo Region"",""percentage"":0.054891},{""region"":""O'Higgins Region"",""percentage"":0.038696},{""region"":""Los Lagos Region"",""percentage"":0.022139},{""region"":""Magallanes y la Ant\u00e1rtica Chilena Region"",""percentage"":0.020119},{""region"":""Maule Region"",""percentage"":0.055626},{""region"":""Santiago Metropolitan Region"",""percentage"":0.420097},{""region"":""Tarapac\u00e1 Region"",""percentage"":0.038292}","facebook,instagram","lower_bound: 1000001",es
431852458289598,177384889097855,"Gabriel Boric",2021-11-17,2021-11-17,2021-11-18,"Gabriel Boric Font",,"Boric Presidente",boricpresidente.cl,"Votemos para hacer realidad un Chile en que nadie quede fuera. Votemos Gabriel Boric Presidente","lower_bound: 1000, upper_bound: 1999","lower_bound: 0, upper_bound: 99",USD,"{""age"":""35-44"",""gender"":""unknown"",""percentage"":0.001101},{""age"":""18-24"",""gender"":""unknown"",""percentage"":0.002752},{""age"":""25-34"",""gender"":""female"",""percentage"":0.187672},{""age"":""35-44"",""gender"":""male"",""percentage"":0.025867},{""age"":""18-24"",""gender"":""female"",""percentage"":0.411117},{""age"":""25-34"",""gender"":""male"",""percentage"":0.143093},{""age"":""18-24"",""gender"":""male"",""percentage"":0.188773},{""age"":""35-44"",""gender"":""female"",""percentage"":0.033021},{""age"":""45-54"",""gender"":""female"",""percentage"":0.002201},{""age"":""45-54"",""gender"":""male"",""percentage"":0.001651},{""age"":""25-34"",""gender"":""unknown"",""percentage"":0.002752}","{""region"":""Los R\u00edos Region"",""percentage"":0.022803},{""region"":""Arica y Parinacota Region"",""percentage"":0.028921},{""region"":""Valpara\u00edso Region"",""percentage"":0.091212},{""region"":""Antofagasta Region"",""percentage"":0.073415},{""region"":""Araucan\u00eda Region"",""percentage"":0.023359},{""region"":""Atacama Region"",""percentage"":0.018354},{""region"":""B\u00edo B\u00edo Region"",""percentage"":0.081201},{""region"":""Coquimbo Region"",""percentage"":0.053393},{""region"":""O'Higgins Region"",""percentage"":0.031146},{""region"":""Los Lagos Region"",""percentage"":0.023915},{""region"":""Magallanes y la Ant\u00e1rtica Chilena Region"",""percentage"":0.017798},{""region"":""Maule Region"",""percentage"":0.042269},{""region"":""Santiago Metropolitan Region"",""percentage"":0.46218},{""region"":""Tarapac\u00e1 Region"",""percentage"":0.030033}","facebook,instagram","lower_bound: 1000001",es
568309440937727,177384889097855,"Gabriel Boric",2021-11-17,2021-11-17,2021-11-18,"Gabriel Boric Font","Nuestro gobierno combatirá con toda la fuerza el daño medio ambiental que han ocasionado décadas de mega industria, por eso desde ya hemos decidido utilizar volantes sin tinta, para disminuir el impacto negativo que genera la propaganda. 
Estos bonitos diseños están hechos con papel biodegradable, que lo hace perfecto para compostar. Además tienen doble uso, puedes leerlo y también utilizarlo para marcar tu cuaderno, pieza o ropa un cepillo de dientes y pintura 🌳

#Seguimos por la sustentabilidad ✊",,,,"lower_bound: 30000, upper_bound: 34999","lower_bound: 400, upper_bound: 499",USD,"{""age"":""45-54"",""gender"":""unknown"",""percentage"":0.000363},{""age"":""25-34"",""gender"":""unknown"",""percentage"":0.002146},{""age"":""35-44"",""gender"":""unknown"",""percentage"":0.005382},{""age"":""45-54"",""gender"":""female"",""percentage"":0.032459},{""age"":""45-54"",""gender"":""male"",""percentage"":0.012845},{""age"":""35-44"",""gender"":""male"",""percentage"":0.131621},{""age"":""18-24"",""gender"":""female"",""percentage"":0.074594},{""age"":""25-34"",""gender"":""male"",""percentage"":0.139744},{""age"":""25-34"",""gender"":""female"",""percentage"":0.292201},{""age"":""18-24"",""gender"":""male"",""percentage"":0.02602},{""age"":""35-44"",""gender"":""female"",""percentage"":0.282129},{""age"":""18-24"",""gender"":""unknown"",""percentage"":0.000495}","{""region"":""Los R\u00edos Region"",""percentage"":0.027432},{""region"":""Arica y Parinacota Region"",""percentage"":0.018321},{""region"":""Valpara\u00edso Region"",""percentage"":0.095944},{""region"":""Ays\u00e9n Region"",""percentage"":0.006611},{""region"":""Antofagasta Region"",""percentage"":0.047101},{""region"":""Araucan\u00eda Region"",""percentage"":0.066803},{""region"":""Atacama Region"",""percentage"":0.01467},{""region"":""B\u00edo B\u00edo Region"",""percentage"":0.104727},{""region"":""Coquimbo Region"",""percentage"":0.035687},{""region"":""O'Higgins Region"",""percentage"":0.045061},{""region"":""Los Lagos Region"",""percentage"":0.032727},{""region"":""Magallanes y la Ant\u00e1rtica Chilena Region"",""percentage"":0.011808},{""region"":""Maule Region"",""percentage"":0.059698},{""region"":""Santiago Metropolitan Region"",""percentage"":0.406572},{""region"":""Tarapac\u00e1 Region"",""percentage"":0.026839}",facebook,"lower_bound: 100001, upper_bound: 500000",es
577054030249479,177384889097855,"Gabriel Boric",2021-11-17,2021-11-17,2021-11-18,"Gabriel Boric Font",,"Boric Presidente",boricpresidente.cl,"Votemos para hacer realidad un Chile en que nadie quede fuera. Votemos Gabriel Boric Presidente","lower_bound: 2000, upper_bound: 2999","lower_bound: 0, upper_bound: 99",USD,"{""age"":""25-34"",""gender"":""unknown"",""percentage"":0.0019},{""age"":""18-24"",""gender"":""female"",""percentage"":0.361322},{""age"":""25-34"",""gender"":""male"",""percentage"":0.150076},{""age"":""25-34"",""gender"":""female"",""percentage"":0.155015},{""age"":""18-24"",""gender"":""male"",""percentage"":0.284195},{""age"":""35-44"",""gender"":""male"",""percentage"":0.022416},{""age"":""18-24"",""gender"":""unknown"",""percentage"":0.004939},{""age"":""35-44"",""gender"":""female"",""percentage"":0.019757},{""age"":""35-44"",""gender"":""unknown"",""percentage"":0.00038}","{""region"":""Los R\u00edos Region"",""percentage"":0.029641},{""region"":""Arica y Parinacota Region"",""percentage"":0.037832},{""region"":""Valpara\u00edso Region"",""percentage"":0.088144},{""region"":""Antofagasta Region"",""percentage"":0.062012},{""region"":""Araucan\u00eda Region"",""percentage"":0.025351},{""region"":""Atacama Region"",""percentage"":0.024181},{""region"":""B\u00edo B\u00edo Region"",""percentage"":0.105304},{""region"":""Coquimbo Region"",""percentage"":0.063573},{""region"":""O'Higgins Region"",""percentage"":0.040562},{""region"":""Los Lagos Region"",""percentage"":0.020671},{""region"":""Magallanes y la Ant\u00e1rtica Chilena Region"",""percentage"":0.024571},{""region"":""Maule Region"",""percentage"":0.049532},{""region"":""Santiago Metropolitan Region"",""percentage"":0.388456},{""region"":""Tarapac\u00e1 Region"",""percentage"":0.040172}","facebook,instagram","lower_bound: 1000001",es
950560035804803,177384889097855,"Gabriel Boric",2021-11-17,2021-11-17,2021-11-18,"Gabriel Boric Font",,"Boric Presidente",boricpresidente.cl,"Votemos para hacer realidad un Chile en que nadie quede fuera. Votemos Gabriel Boric Presidente","lower_bound: 2000, upper_bound: 2999","lower_bound: 0, upper_bound: 99",USD,"{""age"":""35-44"",""gender"":""female"",""percentage"":0.036089},{""age"":""35-44"",""gender"":""unknown"",""percentage"":0.002937},{""age"":""25-34"",""gender"":""female"",""percentage"":0.203105},{""age"":""18-24"",""gender"":""male"",""percentage"":0.180864},{""age"":""18-24"",""gender"":""female"",""percentage"":0.309274},{""age"":""25-34"",""gender"":""unknown"",""percentage"":0.006295},{""age"":""25-34"",""gender"":""male"",""percentage"":0.20898},{""age"":""18-24"",""gender"":""unknown"",""percentage"":0.005875},{""age"":""45-54"",""gender"":""male"",""percentage"":0.002098},{""age"":""45-54"",""gender"":""female"",""percentage"":0.001259},{""age"":""35-44"",""gender"":""male"",""percentage"":0.043223}","{""region"":""Los R\u00edos Region"",""percentage"":0.025577},{""region"":""Arica y Parinacota Region"",""percentage"":0.024738},{""region"":""Valpara\u00edso Region"",""percentage"":0.103564},{""region"":""Antofagasta Region"",""percentage"":0.040252},{""region"":""Araucan\u00eda Region"",""percentage"":0.031027},{""region"":""Atacama Region"",""percentage"":0.013417},{""region"":""B\u00edo B\u00edo Region"",""percentage"":0.093501},{""region"":""Coquimbo Region"",""percentage"":0.047799},{""region"":""Maule Region"",""percentage"":0.054507},{""region"":""Santiago Metropolitan Region"",""percentage"":0.467505},{""region"":""Tarapac\u00e1 Region"",""percentage"":0.022642},{""region"":""O'Higgins Region"",""percentage"":0.033543},{""region"":""Los Lagos Region"",""percentage"":0.020126},{""region"":""Magallanes y la Ant\u00e1rtica Chilena Region"",""percentage"":0.021803}","facebook,instagram","lower_bound: 1000001",es
1038470906723641,177384889097855,"Gabriel Boric",2021-11-17,2021-11-17,2021-11-18,"Gabriel Boric Font",,"Boric Presidente",boricpresidente.cl,"Votemos para hacer realidad un Chile en que nadie quede fuera. Votemos Gabriel Boric Presidente","lower_bound: 9000, upper_bound: 9999","lower_bound: 0, upper_bound: 99",USD,"{""age"":""45-54"",""gender"":""male"",""percentage"":0.000575},{""age"":""35-44"",""gender"":""male"",""percentage"":0.021739},{""age"":""18-24"",""gender"":""male"",""percentage"":0.311364},{""age"":""18-24"",""gender"":""female"",""percentage"":0.371981},{""age"":""25-34"",""gender"":""female"",""percentage"":0.135381},{""age"":""25-34"",""gender"":""male"",""percentage"":0.13285},{""age"":""35-44"",""gender"":""female"",""percentage"":0.020704},{""age"":""35-44"",""gender"":""unknown"",""percentage"":0.00069},{""age"":""45-54"",""gender"":""female"",""percentage"":0.00115},{""age"":""18-24"",""gender"":""unknown"",""percentage"":0.00253},{""age"":""13-17"",""gender"":""male"",""percentage"":0.000115},{""age"":""25-34"",""gender"":""unknown"",""percentage"":0.00092}","{""region"":""Los R\u00edos Region"",""percentage"":0.025756},{""region"":""Arica y Parinacota Region"",""percentage"":0.034495},{""region"":""Valpara\u00edso Region"",""percentage"":0.078993},{""region"":""Antofagasta Region"",""percentage"":0.065655},{""region"":""Araucan\u00eda Region"",""percentage"":0.024606},{""region"":""Atacama Region"",""percentage"":0.019777},{""region"":""B\u00edo B\u00edo Region"",""percentage"":0.117052},{""region"":""Coquimbo Region"",""percentage"":0.060826},{""region"":""O'Higgins Region"",""percentage"":0.037599},{""region"":""Los Lagos Region"",""percentage"":0.022537},{""region"":""Magallanes y la Ant\u00e1rtica Chilena Region"",""percentage"":0.019087},{""region"":""Maule Region"",""percentage"":0.053812},{""region"":""Santiago Metropolitan Region"",""percentage"":0.399218},{""region"":""Tarapac\u00e1 Region"",""percentage"":0.040589}","facebook,instagram","lower_bound: 1000001",es
6795572433787001,177384889097855,"Gabriel Boric",2021-11-17,2021-11-17,2021-11-18,"Gabriel Boric Font",,"Boric Presidente",boricpresidente.cl,"Votemos para hacer realidad un Chile en que nadie quede fuera. Votemos Gabriel Boric Presidente","lower_bound: 3000, upper_bound: 3999","lower_bound: 0, upper_bound: 99",USD,"{""age"":""45-54"",""gender"":""female"",""percentage"":0.001987},{""age"":""25-34"",""gender"":""female"",""percentage"":0.186773},{""age"":""25-34"",""gender"":""male"",""percentage"":0.173716},{""age"":""18-24"",""gender"":""male"",""percentage"":0.237582},{""age"":""18-24"",""gender"":""female"",""percentage"":0.317627},{""age"":""35-44"",""gender"":""male"",""percentage"":0.032075},{""age"":""35-44"",""gender"":""female"",""percentage"":0.040874},{""age"":""45-54"",""gender"":""male"",""percentage"":0.002271},{""age"":""18-24"",""gender"":""unknown"",""percentage"":0.00369},{""age"":""25-34"",""gender"":""unknown"",""percentage"":0.002555},{""age"":""35-44"",""gender"":""unknown"",""percentage"":0.000852}","{""region"":""Los R\u00edos Region"",""percentage"":0.019464},{""region"":""Arica y Parinacota Region"",""percentage"":0.022285},{""region"":""Valpara\u00edso Region"",""percentage"":0.076446},{""region"":""Antofagasta Region"",""percentage"":0.058674},{""region"":""Araucan\u00eda Region"",""percentage"":0.02567},{""region"":""Atacama Region"",""percentage"":0.017207},{""region"":""B\u00edo B\u00edo Region"",""percentage"":0.100141},{""region"":""Coquimbo Region"",""percentage"":0.056982},{""region"":""O'Higgins Region"",""percentage"":0.028491},{""region"":""Los Lagos Region"",""percentage"":0.015797},{""region"":""Magallanes y la Ant\u00e1rtica Chilena Region"",""percentage"":0.012412},{""region"":""Maule Region"",""percentage"":0.050494},{""region"":""Santiago Metropolitan Region"",""percentage"":0.485472},{""region"":""Tarapac\u00e1 Region"",""percentage"":0.030465}","facebook,instagram","lower_bound: 1000001",es
211245124484517,177384889097855,"Gabriel Boric",2021-11-12,2021-11-12,2021-11-17,"Gabriel Boric Font","Escuchamos a cada territorio entregar propuestas que la ciudadanía necesita. El cambio lo construímos juntos y juntas. Vota 1, Boric Presidente","El nuevo Chile está en tus manos",boricpresidente.cl,"Juntas y juntos somos UNO.","lower_bound: 10000, upper_bound: 14999","lower_bound: 0, upper_bound: 99",USD,"{""age"":""65+"",""gender"":""unknown"",""percentage"":0.000378},{""age"":""35-44"",""gender"":""male"",""percentage"":0.124764},{""age"":""35-44"",""gender"":""unknown"",""percentage"":0.00189},{""age"":""18-24"",""gender"":""unknown"",""percentage"":0.001134},{""age"":""45-54"",""gender"":""female"",""percentage"":0.048771},{""age"":""65+"",""gender"":""male"",""percentage"":0.012854},{""age"":""25-34"",""gender"":""unknown"",""percentage"":0.001512},{""age"":""25-34"",""gender"":""female"",""percentage"":0.162571},{""age"":""65+"",""gender"":""female"",""percentage"":0.012098},{""age"":""45-54"",""gender"":""unknown"",""percentage"":0.001134},{""age"":""18-24"",""gender"":""male"",""percentage"":0.113422},{""age"":""18-24"",""gender"":""female"",""percentage"":0.113422},{""age"":""25-34"",""gender"":""male"",""percentage"":0.19206},{""age"":""35-44"",""gender"":""female"",""percentage"":0.091871},{""age"":""45-54"",""gender"":""male"",""percentage"":0.066541},{""age"":""55-64"",""gender"":""female"",""percentage"":0.029112},{""age"":""55-64"",""gender"":""male"",""percentage"":0.026087},{""age"":""55-64"",""gender"":""unknown"",""percentage"":0.000378}","{""region"":""Tarapac\u00e1 Region"",""percentage"":1}","facebook,instagram","lower_bound: 5001, upper_bound: 10000",es
421307286288914,177384889097855,"Gabriel Boric",2021-11-12,2021-11-12,2021-11-18,"Gabriel Boric Font","La reforma más profunda en décadas que entregue acceso universal garantizado a la salud. Vota 1, Boric Presidente.","Un nuevo Chile con Salud Universal",boricpresidente.cl,"Cambios para vivir mejor","lower_bound: 20000, upper_bound: 24999","lower_bound: 0, upper_bound: 99",USD,"{""age"":""25-34"",""gender"":""unknown"",""percentage"":0.002619},{""age"":""18-24"",""gender"":""male"",""percentage"":0.09165},{""age"":""18-24"",""gender"":""unknown"",""percentage"":0.000873},{""age"":""65+"",""gender"":""male"",""percentage"":0.013675},{""age"":""45-54"",""gender"":""unknown"",""percentage"":0.001164},{""age"":""55-64"",""gender"":""female"",""percentage"":0.031714},{""age"":""65+"",""gender"":""female"",""percentage"":0.015129},{""age"":""18-24"",""gender"":""female"",""percentage"":0.096887},{""age"":""35-44"",""gender"":""male"",""percentage"":0.141402},{""age"":""35-44"",""gender"":""unknown"",""percentage"":0.001455},{""age"":""35-44"",""gender"":""female"",""percentage"":0.089613},{""age"":""45-54"",""gender"":""female"",""percentage"":0.048007},{""age"":""25-34"",""gender"":""female"",""percentage"":0.152749},{""age"":""45-54"",""gender"":""male"",""percentage"":0.078557},{""age"":""25-34"",""gender"":""male"",""percentage"":0.196101},{""age"":""55-64"",""gender"":""male"",""percentage"":0.038115},{""age"":""55-64"",""gender"":""unknown"",""percentage"":0.000291}","{""region"":""Tarapac\u00e1 Region"",""percentage"":0.998577},{""region"":""Araucan\u00eda Region"",""percentage"":0.000285},{""region"":""Maule Region"",""percentage"":0.000285},{""region"":""Santiago Metropolitan Region"",""percentage"":0.000854}","facebook,instagram","lower_bound: 5001, upper_bound: 10000",es
1013794309168691,177384889097855,"Gabriel Boric",2021-11-12,2021-11-12,2021-11-18,"Gabriel Boric Font","Pymes y Mipymes necesitan un real apoyo estatal para poder competir justamente en el mercado. Vota 1, Boric Presidente.","El Gobierno de las Pymes",boricpresidente.cl,"Juntas y juntos por el cambio","lower_bound: 35000, upper_bound: 39999","lower_bound: 0, upper_bound: 99",USD,"{""age"":""18-24"",""gender"":""unknown"",""percentage"":0.000449},{""age"":""18-24"",""gender"":""female"",""percentage"":0.082151},{""age"":""35-44"",""gender"":""unknown"",""percentage"":0.001616},{""age"":""25-34"",""gender"":""unknown"",""percentage"":0.001796},{""age"":""65+"",""gender"":""unknown"",""percentage"":0.000449},{""age"":""18-24"",""gender"":""male"",""percentage"":0.080445},{""age"":""35-44"",""gender"":""female"",""percentage"":0.100467},{""age"":""45-54"",""gender"":""male"",""percentage"":0.068863},{""age"":""65+"",""gender"":""female"",""percentage"":0.02469},{""age"":""55-64"",""gender"":""unknown"",""percentage"":0.000449},{""age"":""35-44"",""gender"":""male"",""percentage"":0.104687},{""age"":""45-54"",""gender"":""female"",""percentage"":0.071018},{""age"":""25-34"",""gender"":""female"",""percentage"":0.152002},{""age"":""25-34"",""gender"":""male"",""percentage"":0.186389},{""age"":""55-64"",""gender"":""female"",""percentage"":0.061142},{""age"":""55-64"",""gender"":""male"",""percentage"":0.043006},{""age"":""65+"",""gender"":""male"",""percentage"":0.019393},{""age"":""45-54"",""gender"":""unknown"",""percentage"":0.000988}","{""region"":""Los R\u00edos Region"",""percentage"":1}","facebook,instagram","lower_bound: 100001, upper_bound: 500000",es
2746543115644054,177384889097855,"Gabriel Boric",2021-11-12,2021-11-13,2021-11-18,"Gabriel Boric Font","Haremos la reforma más profunda en el sistema de salud, dando acceso universal a la atención y tratamientos de enfermedades. Vota 1, Boric Presidente","Acceso a la Salud Universal",boricpresidente.cl,"Chile para todas y todos","lower_bound: 35000, upper_bound: 39999","lower_bound: 0, upper_bound: 99",USD,"{""age"":""65+"",""gender"":""unknown"",""percentage"":0.000211},{""age"":""18-24"",""gender"":""male"",""percentage"":0.077563},{""age"":""18-24"",""gender"":""unknown"",""percentage"":0.000632},{""age"":""65+"",""gender"":""female"",""percentage"":0.015808},{""age"":""45-54"",""gender"":""unknown"",""percentage"":0.001054},{""age"":""25-34"",""gender"":""male"",""percentage"":0.171567},{""age"":""35-44"",""gender"":""female"",""percentage"":0.105491},{""age"":""18-24"",""gender"":""female"",""percentage"":0.115502},{""age"":""45-54"",""gender"":""female"",""percentage"":0.065339},{""age"":""55-64"",""gender"":""unknown"",""percentage"":0.000632},{""age"":""35-44"",""gender"":""male"",""percentage"":0.093055},{""age"":""25-34"",""gender"":""female"",""percentage"":0.191801},{""age"":""55-64"",""gender"":""female"",""percentage"":0.048899},{""age"":""55-64"",""gender"":""male"",""percentage"":0.039836},{""age"":""45-54"",""gender"":""male"",""percentage"":0.054379},{""age"":""35-44"",""gender"":""unknown"",""percentage"":0.001792},{""age"":""65+"",""gender"":""male"",""percentage"":0.015913},{""age"":""25-34"",""gender"":""unknown"",""percentage"":0.000527}","{""region"":""Unknown"",""percentage"":0.000105},{""region"":""Atacama Region"",""percentage"":0.999895}","facebook,instagram","lower_bound: 100001, upper_bound: 500000",es
1015251675932779,177384889097855,"Gabriel Boric",2021-11-12,2021-11-12,2021-11-18,"Gabriel Boric Font","Se debe garantizar internet como un servicio básico para poder conectar Chile de sur a norte. Vota 1, Boric Presidente.","Chile justo y digno",boricpresidente.cl,"Un nuevo Chile para todas y para todos","lower_bound: 25000, upper_bound: 29999","lower_bound: 0, upper_bound: 99",USD,"{""age"":""25-34"",""gender"":""unknown"",""percentage"":0.001462},{""age"":""65+"",""gender"":""male"",""percentage"":0.020335},{""age"":""65+"",""gender"":""unknown"",""percentage"":0.000266},{""age"":""55-64"",""gender"":""unknown"",""percentage"":0.001196},{""age"":""35-44"",""gender"":""unknown"",""percentage"":0.002127},{""age"":""18-24"",""gender"":""female"",""percentage"":0.075359},{""age"":""35-44"",""gender"":""female"",""percentage"":0.088783},{""age"":""25-34"",""gender"":""male"",""percentage"":0.188995},{""age"":""65+"",""gender"":""female"",""percentage"":0.023259},{""age"":""45-54"",""gender"":""unknown"",""percentage"":0.001196},{""age"":""35-44"",""gender"":""male"",""percentage"":0.117889},{""age"":""18-24"",""gender"":""male"",""percentage"":0.076954},{""age"":""55-64"",""gender"":""female"",""percentage"":0.056087},{""age"":""25-34"",""gender"":""female"",""percentage"":0.133307},{""age"":""45-54"",""gender"":""male"",""percentage"":0.085859},{""age"":""45-54"",""gender"":""female"",""percentage"":0.063264},{""age"":""55-64"",""gender"":""male"",""percentage"":0.061935},{""age"":""18-24"",""gender"":""unknown"",""percentage"":0.001728}","{""region"":""Magallanes y la Ant\u00e1rtica Chilena Region"",""percentage"":1}","facebook,instagram","lower_bound: 50001, upper_bound: 100000",es
180631487523790,177384889097855,"Gabriel Boric",2021-11-12,2021-11-12,2021-11-18,"Gabriel Boric Font","Escuchamos a cada territorio entregar propuestas que la ciudadanía necesita. El cambio lo construímos juntos y juntas. Vota 1, Boric Presidente","El nuevo Chile está en tus manos",boricpresidente.cl,"Juntas y juntos somos UNO.","lower_bound: 10000, upper_bound: 14999","lower_bound: 0, upper_bound: 99",USD,"{""age"":""55-64"",""gender"":""unknown"",""percentage"":0.00023},{""age"":""55-64"",""gender"":""male"",""percentage"":0.047465},{""age"":""25-34"",""gender"":""unknown"",""percentage"":0.001382},{""age"":""18-24"",""gender"":""unknown"",""percentage"":0.001382},{""age"":""35-44"",""gender"":""unknown"",""percentage"":0.001843},{""age"":""25-34"",""gender"":""female"",""percentage"":0.151382},{""age"":""18-24"",""gender"":""male"",""percentage"":0.087097},{""age"":""35-44"",""gender"":""male"",""percentage"":0.111521},{""age"":""65+"",""gender"":""male"",""percentage"":0.014977},{""age"":""45-54"",""gender"":""female"",""percentage"":0.070507},{""age"":""25-34"",""gender"":""male"",""percentage"":0.176728},{""age"":""55-64"",""gender"":""female"",""percentage"":0.048618},{""age"":""45-54"",""gender"":""male"",""percentage"":0.06682},{""age"":""65+"",""gender"":""female"",""percentage"":0.017742},{""age"":""18-24"",""gender"":""female"",""percentage"":0.095392},{""age"":""35-44"",""gender"":""female"",""percentage"":0.105069},{""age"":""45-54"",""gender"":""unknown"",""percentage"":0.001843}","{""region"":""Magallanes y la Ant\u00e1rtica Chilena Region"",""percentage"":1}","facebook,instagram","lower_bound: 50001, upper_bound: 100000",es
424620285835525,177384889097855,"Gabriel Boric",2021-11-12,2021-11-12,2021-11-18,"Gabriel Boric Font","La reforma más profunda en décadas que entregue acceso universal garantizado a la salud. Vota 1, Boric Presidente.","Un nuevo Chile con Salud Universal",boricpresidente.cl,"Cambios para vivir mejor","lower_bound: 15000, upper_bound: 19999","lower_bound: 0, upper_bound: 99",USD,"{""age"":""18-24"",""gender"":""male"",""percentage"":0.072265},{""age"":""35-44"",""gender"":""male"",""percentage"":0.119244},{""age"":""45-54"",""gender"":""female"",""percentage"":0.082357},{""age"":""55-64"",""gender"":""female"",""percentage"":0.057418},{""age"":""25-34"",""gender"":""female"",""percentage"":0.143835},{""age"":""25-34"",""gender"":""male"",""percentage"":0.168426},{""age"":""35-44"",""gender"":""female"",""percentage"":0.105788},{""age"":""18-24"",""gender"":""female"",""percentage"":0.074121},{""age"":""45-54"",""gender"":""male"",""percentage"":0.082241},{""age"":""65+"",""gender"":""female"",""percentage"":0.025751},{""age"":""55-64"",""gender"":""male"",""percentage"":0.044774},{""age"":""65+"",""gender"":""male"",""percentage"":0.017515},{""age"":""45-54"",""gender"":""unknown"",""percentage"":0.000812},{""age"":""25-34"",""gender"":""unknown"",""percentage"":0.001972},{""age"":""35-44"",""gender"":""unknown"",""percentage"":0.00232},{""age"":""18-24"",""gender"":""unknown"",""percentage"":0.00116}","{""region"":""B\u00edo B\u00edo Region"",""percentage"":1}","facebook,instagram","lower_bound: 100001, upper_bound: 500000",es
261474289335994,177384889097855,"Gabriel Boric",2021-11-12,2021-11-12,2021-11-18,"Gabriel Boric Font","Pymes y Mipymes necesitan un real apoyo estatal para poder competir justamente en el mercado. Vota 1, Boric Presidente.","El Gobierno de las Pymes",boricpresidente.cl,"Juntas y juntos por el cambio","lower_bound: 15000, upper_bound: 19999","lower_bound: 0, upper_bound: 99",USD,"{""age"":""45-54"",""gender"":""unknown"",""percentage"":0.000133},{""age"":""55-64"",""gender"":""female"",""percentage"":0.048101},{""age"":""18-24"",""gender"":""unknown"",""percentage"":0.001199},{""age"":""55-64"",""gender"":""male"",""percentage"":0.02958},{""age"":""65+"",""gender"":""male"",""percentage"":0.01026},{""age"":""35-44"",""gender"":""unknown"",""percentage"":0.001732},{""age"":""65+"",""gender"":""unknown"",""percentage"":0.000266},{""age"":""55-64"",""gender"":""unknown"",""percentage"":0.0004},{""age"":""18-24"",""gender"":""male"",""percentage"":0.093671},{""age"":""65+"",""gender"":""female"",""percentage"":0.010926},{""age"":""45-54"",""gender"":""male"",""percentage"":0.069953},{""age"":""35-44"",""gender"":""female"",""percentage"":0.105929},{""age"":""35-44"",""gender"":""male"",""percentage"":0.10513},{""age"":""45-54"",""gender"":""female"",""percentage"":0.083544},{""age"":""18-24"",""gender"":""female"",""percentage"":0.106596},{""age"":""25-34"",""gender"":""female"",""percentage"":0.156962},{""age"":""25-34"",""gender"":""male"",""percentage"":0.174417},{""age"":""25-34"",""gender"":""unknown"",""percentage"":0.001199}","{""region"":""Los Lagos Region"",""percentage"":1}","facebook,instagram","lower_bound: 100001, upper_bound: 500000",es
271436091577996,177384889097855,"Gabriel Boric",2021-11-12,2021-11-13,2021-11-18,"Gabriel Boric Font","Llevamos años luchando por una educación pública de calidad. Como gobierno fomentaremos una buena enseñanza no sexista. Vota 1, Boric Presidente","Educación como pilar fundamental para el proceso de cambios",boricpresidente.cl,"Educación de calidad para todas y todos","lower_bound: 35000, upper_bound: 39999","lower_bound: 0, upper_bound: 99",USD,"{""age"":""55-64"",""gender"":""unknown"",""percentage"":0.000749},{""age"":""65+"",""gender"":""male"",""percentage"":0.016053},{""age"":""18-24"",""gender"":""unknown"",""percentage"":0.000963},{""age"":""45-54"",""gender"":""unknown"",""percentage"":0.001284},{""age"":""18-24"",""gender"":""male"",""percentage"":0.086045},{""age"":""45-54"",""gender"":""female"",""percentage"":0.078767},{""age"":""55-64"",""gender"":""female"",""percentage"":0.056079},{""age"":""25-34"",""gender"":""male"",""percentage"":0.171661},{""age"":""65+"",""gender"":""female"",""percentage"":0.025364},{""age"":""35-44"",""gender"":""unknown"",""percentage"":0.003746},{""age"":""35-44"",""gender"":""female"",""percentage"":0.099422},{""age"":""35-44"",""gender"":""male"",""percentage"":0.092787},{""age"":""25-34"",""gender"":""female"",""percentage"":0.175193},{""age"":""45-54"",""gender"":""male"",""percentage"":0.062179},{""age"":""18-24"",""gender"":""female"",""percentage"":0.094499},{""age"":""55-64"",""gender"":""male"",""percentage"":0.033604},{""age"":""25-34"",""gender"":""unknown"",""percentage"":0.001177},{""age"":""65+"",""gender"":""unknown"",""percentage"":0.000428}","{""region"":""Araucan\u00eda Region"",""percentage"":1}","facebook,instagram","lower_bound: 100001, upper_bound: 500000",es
255513839782983,177384889097855,"Gabriel Boric",2021-11-12,2021-11-12,2021-11-17,"Gabriel Boric Font","Escuchamos a cada territorio entregar propuestas que la ciudadanía necesita. El cambio lo construímos juntos y juntas. Vota 1, Boric Presidente","El nuevo Chile está en tus manos",boricpresidente.cl,"Juntas y juntos somos UNO.","lower_bound: 30000, upper_bound: 34999","lower_bound: 0, upper_bound: 99",USD,"{""age"":""55-64"",""gender"":""unknown"",""percentage"":0.000435},{""age"":""45-54"",""gender"":""male"",""percentage"":0.076054},{""age"":""55-64"",""gender"":""female"",""percentage"":0.049978},{""age"":""35-44"",""gender"":""female"",""percentage"":0.126901},{""age"":""25-34"",""gender"":""female"",""percentage"":0.178183},{""age"":""35-44"",""gender"":""male"",""percentage"":0.108648},{""age"":""45-54"",""gender"":""female"",""percentage"":0.081052},{""age"":""25-34"",""gender"":""male"",""percentage"":0.161452},{""age"":""35-44"",""gender"":""unknown"",""percentage"":0.001956},{""age"":""45-54"",""gender"":""unknown"",""percentage"":0.000869},{""age"":""18-24"",""gender"":""female"",""percentage"":0.094307},{""age"":""25-34"",""gender"":""unknown"",""percentage"":0.001738},{""age"":""18-24"",""gender"":""unknown"",""percentage"":0.001738},{""age"":""18-24"",""gender"":""male"",""percentage"":0.064972},{""age"":""65+"",""gender"":""female"",""percentage"":0.012603},{""age"":""65+"",""gender"":""male"",""percentage"":0.008475},{""age"":""55-64"",""gender"":""male"",""percentage"":0.030639}","{""region"":""Santiago Metropolitan Region"",""percentage"":0.000442},{""region"":""Ays\u00e9n Region"",""percentage"":0.999558}","facebook,instagram","lower_bound: 10001, upper_bound: 50000",es
5218443028172175,177384889097855,"Gabriel Boric",2021-11-12,2021-11-12,2021-11-18,"Gabriel Boric Font","Crearemos un nuevo sistema de pensiones, poniendo fin a las AFP y respetando el dinero ahorrado hasta ahora por cada persona. Vota 1, Boric Presidente","Este 21 de noviembre votamos Gabriel Boric",boricpresidente.cl,"Pensiones dignas","lower_bound: 30000, upper_bound: 34999","lower_bound: 0, upper_bound: 99",USD,"{""age"":""35-44"",""gender"":""unknown"",""percentage"":0.00139},{""age"":""18-24"",""gender"":""male"",""percentage"":0.087295},{""age"":""65+"",""gender"":""unknown"",""percentage"":0.000371},{""age"":""25-34"",""gender"":""unknown"",""percentage"":0.000834},{""age"":""18-24"",""gender"":""unknown"",""percentage"":0.000927},{""age"":""65+"",""gender"":""male"",""percentage"":0.011491},{""age"":""65+"",""gender"":""female"",""percentage"":0.012325},{""age"":""18-24"",""gender"":""female"",""percentage"":0.092484},{""age"":""35-44"",""gender"":""female"",""percentage"":0.098786},{""age"":""55-64"",""gender"":""unknown"",""percentage"":0.000278},{""age"":""55-64"",""gender"":""female"",""percentage"":0.052266},{""age"":""25-34"",""gender"":""female"",""percentage"":0.146604},{""age"":""25-34"",""gender"":""male"",""percentage"":0.165972},{""age"":""45-54"",""gender"":""male"",""percentage"":0.082383},{""age"":""45-54"",""gender"":""female"",""percentage"":0.09128},{""age"":""35-44"",""gender"":""male"",""percentage"":0.113335},{""age"":""55-64"",""gender"":""male"",""percentage"":0.041331},{""age"":""45-54"",""gender"":""unknown"",""percentage"":0.000649}","{""region"":""Los Lagos Region"",""percentage"":1}","facebook,instagram","lower_bound: 100001, upper_bound: 500000",es
1075147966571446,177384889097855,"Gabriel Boric",2021-11-12,2021-11-12,2021-11-18,"Gabriel Boric Font","Crearemos un nuevo sistema de pensiones, poniendo fin a las AFP y respetando el dinero ahorrado hasta ahora por cada persona. Vota 1, Boric Presidente","Este 21 de noviembre votamos Gabriel Boric",boricpresidente.cl,"Pensiones dignas","lower_bound: 15000, upper_bound: 19999","lower_bound: 0, upper_bound: 99",USD,"{""age"":""55-64"",""gender"":""unknown"",""percentage"":0.000115},{""age"":""35-44"",""gender"":""female"",""percentage"":0.113723},{""age"":""55-64"",""gender"":""male"",""percentage"":0.041134},{""age"":""45-54"",""gender"":""female"",""percentage"":0.077889},{""age"":""65+"",""gender"":""female"",""percentage"":0.019818},{""age"":""25-34"",""gender"":""female"",""percentage"":0.156124},{""age"":""35-44"",""gender"":""male"",""percentage"":0.117295},{""age"":""25-34"",""gender"":""unknown"",""percentage"":0.000461},{""age"":""45-54"",""gender"":""male"",""percentage"":0.074778},{""age"":""18-24"",""gender"":""unknown"",""percentage"":0.000576},{""age"":""65+"",""gender"":""male"",""percentage"":0.017859},{""age"":""55-64"",""gender"":""female"",""percentage"":0.048854},{""age"":""25-34"",""gender"":""male"",""percentage"":0.182049},{""age"":""18-24"",""gender"":""female"",""percentage"":0.076276},{""age"":""18-24"",""gender"":""male"",""percentage"":0.070054},{""age"":""45-54"",""gender"":""unknown"",""percentage"":0.000691},{""age"":""35-44"",""gender"":""unknown"",""percentage"":0.002304}","{""region"":""B\u00edo B\u00edo Region"",""percentage"":1}","facebook,instagram","lower_bound: 100001, upper_bound: 500000",es
939191353369050,177384889097855,"Gabriel Boric",2021-11-12,2021-11-13,2021-11-17,"Gabriel Boric Font","Seremos el primer gobierno ecológico de Chile, impulsando políticas sustentables para combatir la crisis climática. Vota 1, Boric Presidente","Nuevo modelo de desarrollo sustentable",boricpresidente.cl,"Un futuro verde","lower_bound: 20000, upper_bound: 24999","lower_bound: 0, upper_bound: 99",USD,"{""age"":""55-64"",""gender"":""unknown"",""percentage"":0.000125},{""age"":""25-34"",""gender"":""male"",""percentage"":0.178121},{""age"":""25-34"",""gender"":""unknown"",""percentage"":0.001497},{""age"":""55-64"",""gender"":""male"",""percentage"":0.052389},{""age"":""65+"",""gender"":""female"",""percentage"":0.030311},{""age"":""18-24"",""gender"":""male"",""percentage"":0.081202},{""age"":""35-44"",""gender"":""female"",""percentage"":0.08694},{""age"":""18-24"",""gender"":""female"",""percentage"":0.091181},{""age"":""55-64"",""gender"":""female"",""percentage"":0.073843},{""age"":""45-54"",""gender"":""unknown"",""percentage"":0.000748},{""age"":""45-54"",""gender"":""female"",""percentage"":0.074217},{""age"":""25-34"",""gender"":""female"",""percentage"":0.152301},{""age"":""35-44"",""gender"":""male"",""percentage"":0.092304},{""age"":""45-54"",""gender"":""male"",""percentage"":0.061619},{""age"":""65+"",""gender"":""male"",""percentage"":0.01896},{""age"":""18-24"",""gender"":""unknown"",""percentage"":0.001497},{""age"":""65+"",""gender"":""unknown"",""percentage"":0.000249},{""age"":""35-44"",""gender"":""unknown"",""percentage"":0.002495}","{""region"":""B\u00edo B\u00edo Region"",""percentage"":1}","facebook,instagram","lower_bound: 100001, upper_bound: 500000",es
956177948445552,177384889097855,"Gabriel Boric",2021-11-12,2021-11-12,2021-11-18,"Gabriel Boric Font","Crearemos un nuevo sistema de pensiones, poniendo fin a las AFP y respetando el dinero ahorrado hasta ahora por cada persona. Vota 1, Boric Presidente","Este 21 de noviembre votamos Gabriel Boric",boricpresidente.cl,"Pensiones dignas","lower_bound: 15000, upper_bound: 19999","lower_bound: 0, upper_bound: 99",USD,"{""age"":""55-64"",""gender"":""unknown"",""percentage"":0.000355},{""age"":""45-54"",""gender"":""female"",""percentage"":0.066288},{""age"":""35-44"",""gender"":""unknown"",""percentage"":0.002367},{""age"":""18-24"",""gender"":""unknown"",""percentage"":0.000592},{""age"":""18-24"",""gender"":""male"",""percentage"":0.072088},{""age"":""25-34"",""gender"":""female"",""percentage"":0.163116},{""age"":""65+"",""gender"":""female"",""percentage"":0.02687},{""age"":""55-64"",""gender"":""female"",""percentage"":0.058002},{""age"":""35-44"",""gender"":""male"",""percentage"":0.107363},{""age"":""25-34"",""gender"":""unknown"",""percentage"":0.001065},{""age"":""35-44"",""gender"":""female"",""percentage"":0.101799},{""age"":""65+"",""gender"":""male"",""percentage"":0.020478},{""age"":""25-34"",""gender"":""male"",""percentage"":0.183949},{""age"":""18-24"",""gender"":""female"",""percentage"":0.095407},{""age"":""45-54"",""gender"":""male"",""percentage"":0.060014},{""age"":""55-64"",""gender"":""male"",""percentage"":0.039063},{""age"":""45-54"",""gender"":""unknown"",""percentage"":0.000947},{""age"":""65+"",""gender"":""unknown"",""percentage"":0.000237}","{""region"":""O'Higgins Region"",""percentage"":1}","facebook,instagram","lower_bound: 100001, upper_bound: 500000",es
1094865581285015,177384889097855,"Gabriel Boric",2021-11-12,2021-11-13,2021-11-18,"Gabriel Boric Font","Haremos la reforma más profunda en el sistema de salud, dando acceso universal a la atención y tratamientos de enfermedades. Vota 1, Boric Presidente","Acceso a la Salud Universal",boricpresidente.cl,"Chile para todas y todos","lower_bound: 30000, upper_bound: 34999","lower_bound: 0, upper_bound: 99",USD,"{""age"":""55-64"",""gender"":""unknown"",""percentage"":0.00028},{""age"":""18-24"",""gender"":""female"",""percentage"":0.105182},{""age"":""65+"",""gender"":""male"",""percentage"":0.014566},{""age"":""18-24"",""gender"":""male"",""percentage"":0.07549},{""age"":""35-44"",""gender"":""unknown"",""percentage"":0.002801},{""age"":""35-44"",""gender"":""male"",""percentage"":0.085294},{""age"":""55-64"",""gender"":""female"",""percentage"":0.057143},{""age"":""55-64"",""gender"":""male"",""percentage"":0.044398},{""age"":""25-34"",""gender"":""female"",""percentage"":0.180952},{""age"":""45-54"",""gender"":""unknown"",""percentage"":0.00084},{""age"":""65+"",""gender"":""female"",""percentage"":0.02619},{""age"":""35-44"",""gender"":""female"",""percentage"":0.097059},{""age"":""45-54"",""gender"":""male"",""percentage"":0.057283},{""age"":""45-54"",""gender"":""female"",""percentage"":0.072829},{""age"":""25-34"",""gender"":""male"",""percentage"":0.176751},{""age"":""25-34"",""gender"":""unknown"",""percentage"":0.001681},{""age"":""65+"",""gender"":""unknown"",""percentage"":0.00028},{""age"":""18-24"",""gender"":""unknown"",""percentage"":0.00098}","{""region"":""Santiago Metropolitan Region"",""percentage"":0.00014},{""region"":""Valpara\u00edso Region"",""percentage"":0.99986}","facebook,instagram","lower_bound: 10001, upper_bound: 50000",es
1583629578643350,177384889097855,"Gabriel Boric",2021-11-12,2021-11-12,2021-11-18,"Gabriel Boric Font","Pymes y Mipymes necesitan un real apoyo estatal para poder competir justamente en el mercado. Vota 1, Boric Presidente.","El Gobierno de las Pymes",boricpresidente.cl,"Juntas y juntos por el cambio","lower_bound: 20000, upper_bound: 24999","lower_bound: 0, upper_bound: 99",USD,"{""age"":""55-64"",""gender"":""unknown"",""percentage"":0.000217},{""age"":""25-34"",""gender"":""female"",""percentage"":0.151827},{""age"":""45-54"",""gender"":""unknown"",""percentage"":0.001193},{""age"":""35-44"",""gender"":""unknown"",""percentage"":0.001627},{""age"":""65+"",""gender"":""male"",""percentage"":0.021364},{""age"":""55-64"",""gender"":""female"",""percentage"":0.04056},{""age"":""18-24"",""gender"":""female"",""percentage"":0.091422},{""age"":""65+"",""gender"":""female"",""percentage"":0.020497},{""age"":""45-54"",""gender"":""female"",""percentage"":0.047609},{""age"":""18-24"",""gender"":""unknown"",""percentage"":0.000434},{""age"":""45-54"",""gender"":""male"",""percentage"":0.058454},{""age"":""25-34"",""gender"":""male"",""percentage"":0.216896},{""age"":""55-64"",""gender"":""male"",""percentage"":0.035463},{""age"":""35-44"",""gender"":""female"",""percentage"":0.087951},{""age"":""35-44"",""gender"":""male"",""percentage"":0.12157},{""age"":""18-24"",""gender"":""male"",""percentage"":0.101074},{""age"":""25-34"",""gender"":""unknown"",""percentage"":0.001518},{""age"":""65+"",""gender"":""unknown"",""percentage"":0.000325}","{""region"":""O'Higgins Region"",""percentage"":1}","facebook,instagram","lower_bound: 100001, upper_bound: 500000",es
598779297844712,177384889097855,"Gabriel Boric",2021-11-12,2021-11-13,2021-11-18,"Gabriel Boric Font","Seremos el primer gobierno ecológico de Chile, impulsando políticas sustentables para combatir la crisis climática. Vota 1, Boric Presidente","Nuevo modelo de desarrollo sustentable",boricpresidente.cl,"Un futuro verde","lower_bound: 9000, upper_bound: 9999","lower_bound: 0, upper_bound: 99",USD,"{""age"":""65+"",""gender"":""unknown"",""percentage"":0.001282},{""age"":""55-64"",""gender"":""male"",""percentage"":0.048077},{""age"":""18-24"",""gender"":""male"",""percentage"":0.064744},{""age"":""55-64"",""gender"":""female"",""percentage"":0.064744},{""age"":""35-44"",""gender"":""female"",""percentage"":0.109615},{""age"":""25-34"",""gender"":""female"",""percentage"":0.149359},{""age"":""45-54"",""gender"":""male"",""percentage"":0.066667},{""age"":""45-54"",""gender"":""female"",""percentage"":0.071795},{""age"":""35-44"",""gender"":""male"",""percentage"":0.112179},{""age"":""55-64"",""gender"":""unknown"",""percentage"":0.000641},{""age"":""25-34"",""gender"":""male"",""percentage"":0.194231},{""age"":""18-24"",""gender"":""female"",""percentage"":0.063462},{""age"":""65+"",""gender"":""female"",""percentage"":0.023077},{""age"":""18-24"",""gender"":""unknown"",""percentage"":0.000641},{""age"":""25-34"",""gender"":""unknown"",""percentage"":0.001923},{""age"":""45-54"",""gender"":""unknown"",""percentage"":0.001282},{""age"":""35-44"",""gender"":""unknown"",""percentage"":0.003205},{""age"":""65+"",""gender"":""male"",""percentage"":0.023077}","{""region"":""Unknown"",""percentage"":0.000642},{""region"":""Valpara\u00edso Region"",""percentage"":0.999358}","facebook,instagram","lower_bound: 1001, upper_bound: 5000",es
2686606814969404,177384889097855,"Gabriel Boric",2021-11-12,2021-11-12,2021-11-18,"Gabriel Boric Font","Pymes y Mipymes necesitan un real apoyo estatal para poder competir justamente en el mercado. Vota 1, Boric Presidente.","El Gobierno de las Pymes",boricpresidente.cl,"Juntas y juntos por el cambio","lower_bound: 60000, upper_bound: 69999","lower_bound: 0, upper_bound: 99",USD,"{""age"":""25-34"",""gender"":""male"",""percentage"":0.196892},{""age"":""35-44"",""gender"":""unknown"",""percentage"":0.002119},{""age"":""18-24"",""gender"":""unknown"",""percentage"":0.000706},{""age"":""55-64"",""gender"":""male"",""percentage"":0.033201},{""age"":""55-64"",""gender"":""female"",""percentage"":0.04354},{""age"":""35-44"",""gender"":""female"",""percentage"":0.094272},{""age"":""45-54"",""gender"":""male"",""percentage"":0.056961},{""age"":""45-54"",""gender"":""female"",""percentage"":0.067621},{""age"":""65+"",""gender"":""male"",""percentage"":0.013614},{""age"":""18-24"",""gender"":""male"",""percentage"":0.090419},{""age"":""45-54"",""gender"":""unknown"",""percentage"":0.000899},{""age"":""55-64"",""gender"":""unknown"",""percentage"":0.000706},{""age"":""35-44"",""gender"":""male"",""percentage"":0.094272},{""age"":""65+"",""gender"":""unknown"",""percentage"":0.000257},{""age"":""18-24"",""gender"":""female"",""percentage"":0.106987},{""age"":""65+"",""gender"":""female"",""percentage"":0.01599},{""age"":""25-34"",""gender"":""female"",""percentage"":0.17981},{""age"":""25-34"",""gender"":""unknown"",""percentage"":0.001734}","{""region"":""Coquimbo Region"",""percentage"":1}","facebook,instagram","lower_bound: 100001, upper_bound: 500000",es
2958599564394954,177384889097855,"Gabriel Boric",2021-11-12,2021-11-13,2021-11-18,"Gabriel Boric Font","Haremos la reforma más profunda en el sistema de salud, dando acceso universal a la atención y tratamientos de enfermedades. Vota 1, Boric Presidente","Acceso a la Salud Universal",boricpresidente.cl,"Chile para todas y todos","lower_bound: 10000, upper_bound: 14999","lower_bound: 0, upper_bound: 99",USD,"{""age"":""55-64"",""gender"":""unknown"",""percentage"":0.000346},{""age"":""18-24"",""gender"":""female"",""percentage"":0.076377},{""age"":""45-54"",""gender"":""unknown"",""percentage"":0.001039},{""age"":""65+"",""gender"":""female"",""percentage"":0.026498},{""age"":""45-54"",""gender"":""male"",""percentage"":0.074125},{""age"":""55-64"",""gender"":""male"",""percentage"":0.058365},{""age"":""25-34"",""gender"":""female"",""percentage"":0.145133},{""age"":""25-34"",""gender"":""male"",""percentage"":0.169207},{""age"":""55-64"",""gender"":""female"",""percentage"":0.069969},{""age"":""18-24"",""gender"":""unknown"",""percentage"":0.000346},{""age"":""65+"",""gender"":""male"",""percentage"":0.019917},{""age"":""45-54"",""gender"":""female"",""percentage"":0.075857},{""age"":""35-44"",""gender"":""male"",""percentage"":0.115691},{""age"":""35-44"",""gender"":""female"",""percentage"":0.097506},{""age"":""18-24"",""gender"":""male"",""percentage"":0.0646},{""age"":""25-34"",""gender"":""unknown"",""percentage"":0.001905},{""age"":""65+"",""gender"":""unknown"",""percentage"":0.000173},{""age"":""35-44"",""gender"":""unknown"",""percentage"":0.002944}","{""region"":""B\u00edo B\u00edo Region"",""percentage"":1}","facebook,instagram","lower_bound: 100001, upper_bound: 500000",es
416709423279107,177384889097855,"Gabriel Boric",2021-11-12,2021-11-12,2021-11-18,"Gabriel Boric Font","La reforma más profunda en décadas que entregue acceso universal garantizado a la salud. Vota 1, Boric Presidente.","Un nuevo Chile con Salud Universal",boricpresidente.cl,"Cambios para vivir mejor","lower_bound: 25000, upper_bound: 29999","lower_bound: 0, upper_bound: 99",USD,"{""age"":""25-34"",""gender"":""unknown"",""percentage"":0.000458},{""age"":""18-24"",""gender"":""unknown"",""percentage"":0.000916},{""age"":""65+"",""gender"":""female"",""percentage"":0.012363},{""age"":""45-54"",""gender"":""unknown"",""percentage"":0.001068},{""age"":""35-44"",""gender"":""unknown"",""percentage"":0.000611},{""age"":""65+"",""gender"":""male"",""percentage"":0.011447},{""age"":""18-24"",""gender"":""female"",""percentage"":0.1134},{""age"":""25-34"",""gender"":""male"",""percentage"":0.179029},{""age"":""18-24"",""gender"":""male"",""percentage"":0.090201},{""age"":""55-64"",""gender"":""female"",""percentage"":0.052961},{""age"":""25-34"",""gender"":""female"",""percentage"":0.157814},{""age"":""55-64"",""gender"":""male"",""percentage"":0.037698},{""age"":""45-54"",""gender"":""female"",""percentage"":0.075397},{""age"":""45-54"",""gender"":""male"",""percentage"":0.064866},{""age"":""35-44"",""gender"":""female"",""percentage"":0.106074},{""age"":""35-44"",""gender"":""male"",""percentage"":0.095696}","{""region"":""Los Lagos Region"",""percentage"":0.000156},{""region"":""Maule Region"",""percentage"":0.999844}","facebook,instagram","lower_bound: 50001, upper_bound: 100000",es
280730477288142,177384889097855,"Gabriel Boric",2021-11-12,2021-11-13,2021-11-18,"Gabriel Boric Font","Seremos el primer gobierno ecológico de Chile, impulsando políticas sustentables para combatir la crisis climática. Vota 1, Boric Presidente","Nuevo modelo de desarrollo sustentable",boricpresidente.cl,"Un futuro verde","lower_bound: 50000, upper_bound: 59999","lower_bound: 100, upper_bound: 199",USD,"{""age"":""65+"",""gender"":""unknown"",""percentage"":0.000365},{""age"":""18-24"",""gender"":""female"",""percentage"":0.070066},{""age"":""18-24"",""gender"":""unknown"",""percentage"":0.000877},{""age"":""55-64"",""gender"":""male"",""percentage"":0.053335},{""age"":""65+"",""gender"":""male"",""percentage"":0.020457},{""age"":""35-44"",""gender"":""female"",""percentage"":0.099145},{""age"":""45-54"",""gender"":""female"",""percentage"":0.089209},{""age"":""25-34"",""gender"":""male"",""percentage"":0.168043},{""age"":""65+"",""gender"":""female"",""percentage"":0.024841},{""age"":""55-64"",""gender"":""unknown"",""percentage"":0.001023},{""age"":""45-54"",""gender"":""male"",""percentage"":0.085702},{""age"":""55-64"",""gender"":""female"",""percentage"":0.070066},{""age"":""35-44"",""gender"":""male"",""percentage"":0.09688},{""age"":""25-34"",""gender"":""female"",""percentage"":0.124863},{""age"":""18-24"",""gender"":""male"",""percentage"":0.087821},{""age"":""25-34"",""gender"":""unknown"",""percentage"":0.001753},{""age"":""35-44"",""gender"":""unknown"",""percentage"":0.003215},{""age"":""45-54"",""gender"":""unknown"",""percentage"":0.002338}","{""region"":""Santiago Metropolitan Region"",""percentage"":1}","facebook,instagram","lower_bound: 50001, upper_bound: 100000",es
304334891443452,177384889097855,"Gabriel Boric",2021-11-12,2021-11-12,2021-11-18,"Gabriel Boric Font","Crearemos un nuevo sistema de pensiones, poniendo fin a las AFP y respetando el dinero ahorrado hasta ahora por cada persona. Vota 1, Boric Presidente","Este 21 de noviembre votamos Gabriel Boric",boricpresidente.cl,"Pensiones dignas","lower_bound: 6000, upper_bound: 6999","lower_bound: 0, upper_bound: 99",USD,"{""age"":""35-44"",""gender"":""unknown"",""percentage"":0.000971},{""age"":""65+"",""gender"":""male"",""percentage"":0.011007},{""age"":""55-64"",""gender"":""male"",""percentage"":0.026222},{""age"":""18-24"",""gender"":""female"",""percentage"":0.116219},{""age"":""18-24"",""gender"":""male"",""percentage"":0.082875},{""age"":""35-44"",""gender"":""female"",""percentage"":0.115248},{""age"":""25-34"",""gender"":""female"",""percentage"":0.182907},{""age"":""25-34"",""gender"":""male"",""percentage"":0.167692},{""age"":""45-54"",""gender"":""male"",""percentage"":0.058595},{""age"":""55-64"",""gender"":""female"",""percentage"":0.046941},{""age"":""45-54"",""gender"":""female"",""percentage"":0.081904},{""age"":""35-44"",""gender"":""male"",""percentage"":0.097119},{""age"":""65+"",""gender"":""female"",""percentage"":0.009712},{""age"":""25-34"",""gender"":""unknown"",""percentage"":0.000647},{""age"":""55-64"",""gender"":""unknown"",""percentage"":0.000324},{""age"":""45-54"",""gender"":""unknown"",""percentage"":0.001619}","{""region"":""Maule Region"",""percentage"":1}","facebook,instagram","lower_bound: 50001, upper_bound: 100000",es
392861379197277,177384889097855,"Gabriel Boric",2021-11-12,2021-11-12,2021-11-18,"Gabriel Boric Font","La reforma más profunda en décadas que entregue acceso universal garantizado a la salud. Vota 1, Boric Presidente.","Un nuevo Chile con Salud Universal",boricpresidente.cl,"Cambios para vivir mejor","lower_bound: 70000, upper_bound: 79999","lower_bound: 0, upper_bound: 99",USD,"{""age"":""25-34"",""gender"":""unknown"",""percentage"":0.001188},{""age"":""25-34"",""gender"":""male"",""percentage"":0.191784},{""age"":""65+"",""gender"":""unknown"",""percentage"":0.000228},{""age"":""45-54"",""gender"":""unknown"",""percentage"":0.001142},{""age"":""65+"",""gender"":""female"",""percentage"":0.02166},{""age"":""55-64"",""gender"":""male"",""percentage"":0.038019},{""age"":""55-64"",""gender"":""female"",""percentage"":0.043685},{""age"":""35-44"",""gender"":""female"",""percentage"":0.095184},{""age"":""65+"",""gender"":""male"",""percentage"":0.019878},{""age"":""35-44"",""gender"":""unknown"",""percentage"":0.001874},{""age"":""35-44"",""gender"":""male"",""percentage"":0.100576},{""age"":""45-54"",""gender"":""male"",""percentage"":0.058947},{""age"":""45-54"",""gender"":""female"",""percentage"":0.056891},{""age"":""18-24"",""gender"":""male"",""percentage"":0.095275},{""age"":""18-24"",""gender"":""female"",""percentage"":0.105419},{""age"":""25-34"",""gender"":""female"",""percentage"":0.167154},{""age"":""55-64"",""gender"":""unknown"",""percentage"":0.000366},{""age"":""18-24"",""gender"":""unknown"",""percentage"":0.000731}","{""region"":""Antofagasta Region"",""percentage"":1}","facebook,instagram","lower_bound: 100001, upper_bound: 500000",es
411380950437194,177384889097855,"Gabriel Boric",2021-11-12,2021-11-12,2021-11-18,"Gabriel Boric Font","Por una igualdad real, debemos recuperar el retroceso en empleos de mujeres que generó la pandemia. Vota 1, Boric Presidente.","Justicia para todas",boricpresidente.cl,"Paso a paso para todas y todos","lower_bound: 50000, upper_bound: 59999","lower_bound: 0, upper_bound: 99",USD,"{""age"":""55-64"",""gender"":""unknown"",""percentage"":0.000566},{""age"":""45-54"",""gender"":""female"",""percentage"":0.078454},{""age"":""18-24"",""gender"":""unknown"",""percentage"":0.000708},{""age"":""25-34"",""gender"":""unknown"",""percentage"":0.001558},{""age"":""65+"",""gender"":""male"",""percentage"":0.017277},{""age"":""45-54"",""gender"":""male"",""percentage"":0.065567},{""age"":""35-44"",""gender"":""female"",""percentage"":0.108192},{""age"":""25-34"",""gender"":""male"",""percentage"":0.179353},{""age"":""35-44"",""gender"":""male"",""percentage"":0.108546},{""age"":""45-54"",""gender"":""unknown"",""percentage"":0.001345},{""age"":""25-34"",""gender"":""female"",""percentage"":0.159527},{""age"":""55-64"",""gender"":""female"",""percentage"":0.059477},{""age"":""18-24"",""gender"":""male"",""percentage"":0.062026},{""age"":""65+"",""gender"":""female"",""percentage"":0.026836},{""age"":""55-64"",""gender"":""male"",""percentage"":0.043688},{""age"":""18-24"",""gender"":""female"",""percentage"":0.083693},{""age"":""35-44"",""gender"":""unknown"",""percentage"":0.002903},{""age"":""65+"",""gender"":""unknown"",""percentage"":0.000283}","{""region"":""Los Lagos Region"",""percentage"":7.1e-5},{""region"":""Valpara\u00edso Region"",""percentage"":0.999929}","facebook,instagram","lower_bound: 100001, upper_bound: 500000",es
594980928432473,177384889097855,"Gabriel Boric",2021-11-12,2021-11-13,2021-11-18,"Gabriel Boric Font","Haremos la reforma más profunda en el sistema de salud, dando acceso universal a la atención y tratamientos de enfermedades. Vota 1, Boric Presidente","Acceso a la Salud Universal",boricpresidente.cl,"Chile para todas y todos","lower_bound: 10000, upper_bound: 14999","lower_bound: 0, upper_bound: 99",USD,"{""age"":""55-64"",""gender"":""male"",""percentage"":0.027479},{""age"":""25-34"",""gender"":""female"",""percentage"":0.176322},{""age"":""65+"",""gender"":""unknown"",""percentage"":0.000229},{""age"":""45-54"",""gender"":""unknown"",""percentage"":0.000458},{""age"":""25-34"",""gender"":""unknown"",""percentage"":0.001145},{""age"":""65+"",""gender"":""male"",""percentage"":0.010992},{""age"":""55-64"",""gender"":""female"",""percentage"":0.038241},{""age"":""45-54"",""gender"":""female"",""percentage"":0.066407},{""age"":""18-24"",""gender"":""female"",""percentage"":0.124342},{""age"":""35-44"",""gender"":""unknown"",""percentage"":0.002977},{""age"":""45-54"",""gender"":""male"",""percentage"":0.0545},{""age"":""35-44"",""gender"":""female"",""percentage"":0.131211},{""age"":""25-34"",""gender"":""male"",""percentage"":0.149073},{""age"":""18-24"",""gender"":""male"",""percentage"":0.08839},{""age"":""65+"",""gender"":""female"",""percentage"":0.018319},{""age"":""35-44"",""gender"":""male"",""percentage"":0.10877},{""age"":""18-24"",""gender"":""unknown"",""percentage"":0.001145}","{""region"":""Santiago Metropolitan Region"",""percentage"":0.000224},{""region"":""Valpara\u00edso Region"",""percentage"":0.999776}","facebook,instagram","lower_bound: 10001, upper_bound: 50000",es
193712032931640,177384889097855,"Gabriel Boric",2021-11-12,2021-11-13,2021-11-18,"Gabriel Boric Font","Seremos el primer gobierno ecológico de Chile, impulsando políticas sustentables para combatir la crisis climática. Vota 1, Boric Presidente","Nuevo modelo de desarrollo sustentable",boricpresidente.cl,"Un futuro verde","lower_bound: 35000, upper_bound: 39999","lower_bound: 0, upper_bound: 99",USD,"{""age"":""55-64"",""gender"":""unknown"",""percentage"":0.000258},{""age"":""18-24"",""gender"":""female"",""percentage"":0.103903},{""age"":""65+"",""gender"":""unknown"",""percentage"":0.000129},{""age"":""45-54"",""gender"":""unknown"",""percentage"":0.001292},{""age"":""25-34"",""gender"":""unknown"",""percentage"":0.001551},{""age"":""55-64"",""gender"":""male"",""percentage"":0.044456},{""age"":""18-24"",""gender"":""male"",""percentage"":0.080124},{""age"":""25-34"",""gender"":""male"",""percentage"":0.16503},{""age"":""65+"",""gender"":""male"",""percentage"":0.016671},{""age"":""45-54"",""gender"":""male"",""percentage"":0.053631},{""age"":""25-34"",""gender"":""female"",""percentage"":0.165676},{""age"":""65+"",""gender"":""female"",""percentage"":0.027526},{""age"":""35-44"",""gender"":""female"",""percentage"":0.107909},{""age"":""35-44"",""gender"":""male"",""percentage"":0.096149},{""age"":""55-64"",""gender"":""female"",""percentage"":0.060868},{""age"":""18-24"",""gender"":""unknown"",""percentage"":0.001422},{""age"":""45-54"",""gender"":""female"",""percentage"":0.070561},{""age"":""35-44"",""gender"":""unknown"",""percentage"":0.002843}","{""region"":""Santiago Metropolitan Region"",""percentage"":0.000259},{""region"":""Valpara\u00edso Region"",""percentage"":0.999741}","facebook,instagram","lower_bound: 10001, upper_bound: 50000",es
599679817777275,177384889097855,"Gabriel Boric",2021-11-12,2021-11-13,2021-11-18,"Gabriel Boric Font","Haremos la reforma más profunda en el sistema de salud, dando acceso universal a la atención y tratamientos de enfermedades. Vota 1, Boric Presidente","Acceso a la Salud Universal",boricpresidente.cl,"Chile para todas y todos","lower_bound: 45000, upper_bound: 49999","lower_bound: 0, upper_bound: 99",USD,"{""age"":""45-54"",""gender"":""unknown"",""percentage"":0.000765},{""age"":""35-44"",""gender"":""unknown"",""percentage"":0.000765},{""age"":""65+"",""gender"":""female"",""percentage"":0.010707},{""age"":""25-34"",""gender"":""unknown"",""percentage"":0.001093},{""age"":""65+"",""gender"":""male"",""percentage"":0.009614},{""age"":""55-64"",""gender"":""male"",""percentage"":0.036491},{""age"":""45-54"",""gender"":""female"",""percentage"":0.070906},{""age"":""45-54"",""gender"":""male"",""percentage"":0.062165},{""age"":""18-24"",""gender"":""male"",""percentage"":0.080083},{""age"":""55-64"",""gender"":""female"",""percentage"":0.046105},{""age"":""25-34"",""gender"":""male"",""percentage"":0.176117},{""age"":""18-24"",""gender"":""female"",""percentage"":0.100295},{""age"":""35-44"",""gender"":""male"",""percentage"":0.104774},{""age"":""25-34"",""gender"":""female"",""percentage"":0.189774},{""age"":""35-44"",""gender"":""female"",""percentage"":0.110128},{""age"":""18-24"",""gender"":""unknown"",""percentage"":0.000219}","{""region"":""Valpara\u00edso Region"",""percentage"":0.000108},{""region"":""Santiago Metropolitan Region"",""percentage"":0.999892}","facebook,instagram","lower_bound: 10001, upper_bound: 50000",es
587797535819472,177384889097855,"Gabriel Boric",2021-11-12,2021-11-13,2021-11-18,"Gabriel Boric Font","Seremos el primer gobierno ecológico de Chile, impulsando políticas sustentables para combatir la crisis climática. Vota 1, Boric Presidente","Nuevo modelo de desarrollo sustentable",boricpresidente.cl,"Un futuro verde","lower_bound: 50000, upper_bound: 59999","lower_bound: 0, upper_bound: 99",USD,"{""age"":""55-64"",""gender"":""unknown"",""percentage"":0.000439},{""age"":""25-34"",""gender"":""male"",""percentage"":0.209483},{""age"":""45-54"",""gender"":""unknown"",""percentage"":0.00139},{""age"":""35-44"",""gender"":""unknown"",""percentage"":0.003073},{""age"":""18-24"",""gender"":""male"",""percentage"":0.095339},{""age"":""25-34"",""gender"":""female"",""percentage"":0.161191},{""age"":""35-44"",""gender"":""male"",""percentage"":0.10068},{""age"":""55-64"",""gender"":""female"",""percentage"":0.049828},{""age"":""45-54"",""gender"":""female"",""percentage"":0.061462},{""age"":""65+"",""gender"":""unknown"",""percentage"":0.000293},{""age"":""55-64"",""gender"":""male"",""percentage"":0.037023},{""age"":""35-44"",""gender"":""female"",""percentage"":0.087364},{""age"":""45-54"",""gender"":""male"",""percentage"":0.055608},{""age"":""65+"",""gender"":""female"",""percentage"":0.021951},{""age"":""18-24"",""gender"":""female"",""percentage"":0.097388},{""age"":""65+"",""gender"":""male"",""percentage"":0.014414},{""age"":""18-24"",""gender"":""unknown"",""percentage"":0.001024},{""age"":""25-34"",""gender"":""unknown"",""percentage"":0.002049}","{""region"":""Santiago Metropolitan Region"",""percentage"":1}","facebook,instagram","lower_bound: 100001, upper_bound: 500000",es
591956538728610,177384889097855,"Gabriel Boric",2021-11-12,2021-11-12,2021-11-18,"Gabriel Boric Font","Escuchamos a cada territorio entregar propuestas que la ciudadanía necesita. El cambio lo construímos juntos y juntas. Vota 1, Boric Presidente","El nuevo Chile está en tus manos",boricpresidente.cl,"Juntas y juntos somos UNO.","lower_bound: 70000, upper_bound: 79999","lower_bound: 0, upper_bound: 99",USD,"{""age"":""65+"",""gender"":""unknown"",""percentage"":0.000317},{""age"":""25-34"",""gender"":""female"",""percentage"":0.186926},{""age"":""35-44"",""gender"":""unknown"",""percentage"":0.001584},{""age"":""45-54"",""gender"":""unknown"",""percentage"":0.000845},{""age"":""25-34"",""gender"":""unknown"",""percentage"":0.001267},{""age"":""55-64"",""gender"":""male"",""percentage"":0.02825},{""age"":""65+"",""gender"":""female"",""percentage"":0.018429},{""age"":""25-34"",""gender"":""male"",""percentage"":0.189883},{""age"":""55-64"",""gender"":""female"",""percentage"":0.036382},{""age"":""18-24"",""gender"":""unknown"",""percentage"":0.001056},{""age"":""35-44"",""gender"":""male"",""percentage"":0.089291},{""age"":""18-24"",""gender"":""male"",""percentage"":0.102017},{""age"":""35-44"",""gender"":""female"",""percentage"":0.098479},{""age"":""45-54"",""gender"":""female"",""percentage"":0.052117},{""age"":""18-24"",""gender"":""female"",""percentage"":0.130584},{""age"":""45-54"",""gender"":""male"",""percentage"":0.046045},{""age"":""65+"",""gender"":""male"",""percentage"":0.016316},{""age"":""55-64"",""gender"":""unknown"",""percentage"":0.000211}","{""region"":""Arica y Parinacota Region"",""percentage"":1}","facebook,instagram","lower_bound: 100001, upper_bound: 500000",es
619966739189761,177384889097855,"Gabriel Boric",2021-11-12,2021-11-12,2021-11-17,"Gabriel Boric Font","Avancemos a un nuevo Chile de amabilidad y respeto. Seguimos por la salud, educación, pensiones, medio ambiente y mucho más. Vota 1, Boric Presidente","Juntas y juntos construimos un nuevo Chile",boricpresidente.cl,"Elección presidencial 2021","lower_bound: 20000, upper_bound: 24999","lower_bound: 0, upper_bound: 99",USD,"{""age"":""55-64"",""gender"":""male"",""percentage"":0.033756},{""age"":""35-44"",""gender"":""female"",""percentage"":0.093653},{""age"":""65+"",""gender"":""unknown"",""percentage"":0.000282},{""age"":""45-54"",""gender"":""unknown"",""percentage"":0.001316},{""age"":""25-34"",""gender"":""unknown"",""percentage"":0.002163},{""age"":""35-44"",""gender"":""unknown"",""percentage"":0.003385},{""age"":""65+"",""gender"":""female"",""percentage"":0.023695},{""age"":""65+"",""gender"":""male"",""percentage"":0.015045},{""age"":""45-54"",""gender"":""female"",""percentage"":0.061401},{""age"":""45-54"",""gender"":""male"",""percentage"":0.050776},{""age"":""18-24"",""gender"":""female"",""percentage"":0.110296},{""age"":""35-44"",""gender"":""male"",""percentage"":0.102774},{""age"":""25-34"",""gender"":""female"",""percentage"":0.160696},{""age"":""25-34"",""gender"":""male"",""percentage"":0.187964},{""age"":""18-24"",""gender"":""male"",""percentage"":0.098637},{""age"":""55-64"",""gender"":""female"",""percentage"":0.052186},{""age"":""18-24"",""gender"":""unknown"",""percentage"":0.001504},{""age"":""55-64"",""gender"":""unknown"",""percentage"":0.00047}","{""region"":""Santiago Metropolitan Region"",""percentage"":1}","facebook,instagram","lower_bound: 100001, upper_bound: 500000",es
1384140791980723,177384889097855,"Gabriel Boric",2021-11-12,2021-11-13,2021-11-18,"Gabriel Boric Font","Seremos el primer gobierno ecológico de Chile, impulsando políticas sustentables para combatir la crisis climática. Vota 1, Boric Presidente","Nuevo modelo de desarrollo sustentable",boricpresidente.cl,"Un futuro verde","lower_bound: 25000, upper_bound: 29999","lower_bound: 0, upper_bound: 99",USD,"{""age"":""35-44"",""gender"":""unknown"",""percentage"":0.001267},{""age"":""45-54"",""gender"":""unknown"",""percentage"":0.000704},{""age"":""65+"",""gender"":""female"",""percentage"":0.013371},{""age"":""35-44"",""gender"":""male"",""percentage"":0.101337},{""age"":""35-44"",""gender"":""female"",""percentage"":0.110486},{""age"":""55-64"",""gender"":""female"",""percentage"":0.053061},{""age"":""45-54"",""gender"":""male"",""percentage"":0.064039},{""age"":""25-34"",""gender"":""female"",""percentage"":0.179451},{""age"":""25-34"",""gender"":""male"",""percentage"":0.169317},{""age"":""18-24"",""gender"":""male"",""percentage"":0.078818},{""age"":""55-64"",""gender"":""male"",""percentage"":0.041239},{""age"":""18-24"",""gender"":""female"",""percentage"":0.095144},{""age"":""45-54"",""gender"":""female"",""percentage"":0.079381},{""age"":""65+"",""gender"":""male"",""percentage"":0.010556},{""age"":""25-34"",""gender"":""unknown"",""percentage"":0.001407},{""age"":""18-24"",""gender"":""unknown"",""percentage"":0.000422}","{""region"":""Santiago Metropolitan Region"",""percentage"":1}","facebook,instagram","lower_bound: 10001, upper_bound: 50000",es
630640161430953,177384889097855,"Gabriel Boric",2021-11-12,2021-11-13,2021-11-18,"Gabriel Boric Font","Seremos el primer gobierno ecológico de Chile, impulsando políticas sustentables para combatir la crisis climática. Vota 1, Boric Presidente","Nuevo modelo de desarrollo sustentable",boricpresidente.cl,"Un futuro verde","lower_bound: 45000, upper_bound: 49999","lower_bound: 0, upper_bound: 99",USD,"{""age"":""45-54"",""gender"":""unknown"",""percentage"":0.001523},{""age"":""35-44"",""gender"":""male"",""percentage"":0.099611},{""age"":""35-44"",""gender"":""unknown"",""percentage"":0.002116},{""age"":""25-34"",""gender"":""unknown"",""percentage"":0.002031},{""age"":""65+"",""gender"":""male"",""percentage"":0.017603},{""age"":""65+"",""gender"":""unknown"",""percentage"":0.000339},{""age"":""55-64"",""gender"":""female"",""percentage"":0.060173},{""age"":""55-64"",""gender"":""male"",""percentage"":0.049001},{""age"":""25-34"",""gender"":""female"",""percentage"":0.1652},{""age"":""18-24"",""gender"":""unknown"",""percentage"":0.000762},{""age"":""25-34"",""gender"":""male"",""percentage"":0.183903},{""age"":""35-44"",""gender"":""female"",""percentage"":0.099103},{""age"":""18-24"",""gender"":""female"",""percentage"":0.092248},{""age"":""65+"",""gender"":""female"",""percentage"":0.024543},{""age"":""45-54"",""gender"":""male"",""percentage"":0.065166},{""age"":""45-54"",""gender"":""female"",""percentage"":0.064827},{""age"":""18-24"",""gender"":""male"",""percentage"":0.07109},{""age"":""55-64"",""gender"":""unknown"",""percentage"":0.000762}","{""region"":""Valpara\u00edso Region"",""percentage"":1}","facebook,instagram","lower_bound: 100001, upper_bound: 500000",es
434922961595944,177384889097855,"Gabriel Boric",2021-11-12,2021-11-13,2021-11-18,"Gabriel Boric Font","Este 21 de noviembre juntas y juntos seguimos el proceso de cambios por un Chile Justo, digno y cariñoso. Vota 1.","Votemos por el cambio a un nuevo Chile",boricpresidente.cl,"Un nuevo Chile","lower_bound: 50000, upper_bound: 59999","lower_bound: 0, upper_bound: 99",USD,"{""age"":""55-64"",""gender"":""unknown"",""percentage"":0.000569},{""age"":""55-64"",""gender"":""female"",""percentage"":0.058878},{""age"":""45-54"",""gender"":""unknown"",""percentage"":0.001778},{""age"":""65+"",""gender"":""female"",""percentage"":0.027092},{""age"":""45-54"",""gender"":""female"",""percentage"":0.07246},{""age"":""18-24"",""gender"":""female"",""percentage"":0.09173},{""age"":""45-54"",""gender"":""male"",""percentage"":0.061224},{""age"":""25-34"",""gender"":""male"",""percentage"":0.177203},{""age"":""25-34"",""gender"":""female"",""percentage"":0.155657},{""age"":""18-24"",""gender"":""unknown"",""percentage"":0.000711},{""age"":""35-44"",""gender"":""male"",""percentage"":0.104956},{""age"":""18-24"",""gender"":""male"",""percentage"":0.077366},{""age"":""35-44"",""gender"":""female"",""percentage"":0.112209},{""age"":""55-64"",""gender"":""male"",""percentage"":0.038256},{""age"":""65+"",""gender"":""male"",""percentage"":0.015573},{""age"":""35-44"",""gender"":""unknown"",""percentage"":0.002702},{""age"":""65+"",""gender"":""unknown"",""percentage"":0.000213},{""age"":""25-34"",""gender"":""unknown"",""percentage"":0.001422}","{""region"":""Valpara\u00edso Region"",""percentage"":1}","facebook,instagram","lower_bound: 100001, upper_bound: 500000",es
181120004140351,177384889097855,"Gabriel Boric",2021-11-12,2021-11-12,2021-11-17,"Gabriel Boric Font","Escuchamos a cada territorio entregar propuestas que la ciudadanía necesita. El cambio lo construímos juntos y juntas. Vota 1, Boric Presidente","El nuevo Chile está en tus manos",boricpresidente.cl,"Juntas y juntos somos UNO.","lower_bound: 15000, upper_bound: 19999","lower_bound: 0, upper_bound: 99",USD,"{""age"":""55-64"",""gender"":""unknown"",""percentage"":0.001037},{""age"":""25-34"",""gender"":""male"",""percentage"":0.185066},{""age"":""25-34"",""gender"":""unknown"",""percentage"":0.001844},{""age"":""18-24"",""gender"":""unknown"",""percentage"":0.000922},{""age"":""35-44"",""gender"":""male"",""percentage"":0.10613},{""age"":""55-64"",""gender"":""male"",""percentage"":0.038949},{""age"":""18-24"",""gender"":""female"",""percentage"":0.090228},{""age"":""25-34"",""gender"":""female"",""percentage"":0.163863},{""age"":""45-54"",""gender"":""female"",""percentage"":0.064531},{""age"":""45-54"",""gender"":""unknown"",""percentage"":0.00242},{""age"":""18-24"",""gender"":""male"",""percentage"":0.073058},{""age"":""55-64"",""gender"":""female"",""percentage"":0.058078},{""age"":""35-44"",""gender"":""female"",""percentage"":0.101867},{""age"":""45-54"",""gender"":""male"",""percentage"":0.068334},{""age"":""65+"",""gender"":""male"",""percentage"":0.018092},{""age"":""65+"",""gender"":""female"",""percentage"":0.023047},{""age"":""35-44"",""gender"":""unknown"",""percentage"":0.002189},{""age"":""65+"",""gender"":""unknown"",""percentage"":0.000346}","{""region"":""Valpara\u00edso Region"",""percentage"":1}","facebook,instagram","lower_bound: 100001, upper_bound: 500000",es
211673494322917,177384889097855,"Gabriel Boric",2021-11-12,2021-11-12,2021-11-18,"Gabriel Boric Font","Llevamos años luchando por una educación pública de calidad. Como gobierno fomentaremos una buena enseñanza no sexista. Vota 1, Boric Presidente","Educación como pilar fundamental para el proceso de cambios",boricpresidente.cl,"Educación de calidad para todas y todos","lower_bound: 70000, upper_bound: 79999","lower_bound: 0, upper_bound: 99",USD,"{""age"":""65+"",""gender"":""female"",""percentage"":0.016856},{""age"":""45-54"",""gender"":""male"",""percentage"":0.051374},{""age"":""35-44"",""gender"":""unknown"",""percentage"":0.002767},{""age"":""25-34"",""gender"":""unknown"",""percentage"":0.002466},{""age"":""55-64"",""gender"":""unknown"",""percentage"":0.000453},{""age"":""65+"",""gender"":""unknown"",""percentage"":0.000252},{""age"":""45-54"",""gender"":""female"",""percentage"":0.046996},{""age"":""25-34"",""gender"":""female"",""percentage"":0.183003},{""age"":""55-64"",""gender"":""female"",""percentage"":0.037687},{""age"":""18-24"",""gender"":""unknown"",""percentage"":0.001107},{""age"":""35-44"",""gender"":""female"",""percentage"":0.079249},{""age"":""25-34"",""gender"":""male"",""percentage"":0.227383},{""age"":""35-44"",""gender"":""male"",""percentage"":0.106873},{""age"":""18-24"",""gender"":""female"",""percentage"":0.105012},{""age"":""18-24"",""gender"":""male"",""percentage"":0.091325},{""age"":""55-64"",""gender"":""male"",""percentage"":0.032454},{""age"":""65+"",""gender"":""male"",""percentage"":0.013837},{""age"":""45-54"",""gender"":""unknown"",""percentage"":0.000906}","{""region"":""Santiago Metropolitan Region"",""percentage"":1}","facebook,instagram","lower_bound: 100001, upper_bound: 500000",es
2010940765910614,177384889097855,"Gabriel Boric",2021-11-12,2021-11-12,2021-11-18,"Gabriel Boric Font","Crearemos un nuevo sistema de pensiones, poniendo fin a las AFP y respetando el dinero ahorrado hasta ahora por cada persona. Vota 1, Boric Presidente","Este 21 de noviembre votamos Gabriel Boric",boricpresidente.cl,"Pensiones dignas","lower_bound: 15000, upper_bound: 19999","lower_bound: 0, upper_bound: 99",USD,"{""age"":""55-64"",""gender"":""unknown"",""percentage"":0.000647},{""age"":""25-34"",""gender"":""male"",""percentage"":0.207372},{""age"":""65+"",""gender"":""female"",""percentage"":0.019293},{""age"":""55-64"",""gender"":""female"",""percentage"":0.044729},{""age"":""35-44"",""gender"":""female"",""percentage"":0.086333},{""age"":""35-44"",""gender"":""male"",""percentage"":0.112416},{""age"":""18-24"",""gender"":""female"",""percentage"":0.097111},{""age"":""25-34"",""gender"":""female"",""percentage"":0.182475},{""age"":""55-64"",""gender"":""male"",""percentage"":0.033628},{""age"":""18-24"",""gender"":""unknown"",""percentage"":0.000862},{""age"":""45-54"",""gender"":""female"",""percentage"":0.052382},{""age"":""65+"",""gender"":""male"",""percentage"":0.015089},{""age"":""18-24"",""gender"":""male"",""percentage"":0.082992},{""age"":""45-54"",""gender"":""male"",""percentage"":0.057556},{""age"":""25-34"",""gender"":""unknown"",""percentage"":0.002263},{""age"":""65+"",""gender"":""unknown"",""percentage"":0.000431},{""age"":""45-54"",""gender"":""unknown"",""percentage"":0.001401},{""age"":""35-44"",""gender"":""unknown"",""percentage"":0.003018}","{""region"":""Santiago Metropolitan Region"",""percentage"":1}","facebook,instagram","lower_bound: 100001, upper_bound: 500000",es
243723841079805,177384889097855,"Gabriel Boric",2021-11-12,2021-11-12,2021-11-18,"Gabriel Boric Font","Crearemos un nuevo sistema de pensiones, poniendo fin a las AFP y respetando el dinero ahorrado hasta ahora por cada persona. Vota 1, Boric Presidente","Este 21 de noviembre votamos Gabriel Boric",boricpresidente.cl,"Pensiones dignas","lower_bound: 90000, upper_bound: 99999","lower_bound: 100, upper_bound: 199",USD,"{""age"":""55-64"",""gender"":""unknown"",""percentage"":0.000135},{""age"":""25-34"",""gender"":""female"",""percentage"":0.176075},{""age"":""18-24"",""gender"":""unknown"",""percentage"":0.000767},{""age"":""65+"",""gender"":""female"",""percentage"":0.014214},{""age"":""65+"",""gender"":""male"",""percentage"":0.011507},{""age"":""35-44"",""gender"":""unknown"",""percentage"":0.001579},{""age"":""18-24"",""gender"":""male"",""percentage"":0.091061},{""age"":""18-24"",""gender"":""female"",""percentage"":0.10699},{""age"":""45-54"",""gender"":""female"",""percentage"":0.063806},{""age"":""65+"",""gender"":""unknown"",""percentage"":9.0e-5},{""age"":""55-64"",""gender"":""male"",""percentage"":0.034114},{""age"":""35-44"",""gender"":""female"",""percentage"":0.094355},{""age"":""25-34"",""gender"":""male"",""percentage"":0.203285},{""age"":""55-64"",""gender"":""female"",""percentage"":0.041785},{""age"":""35-44"",""gender"":""male"",""percentage"":0.093904},{""age"":""25-34"",""gender"":""unknown"",""percentage"":0.000812},{""age"":""45-54"",""gender"":""male"",""percentage"":0.064889},{""age"":""45-54"",""gender"":""unknown"",""percentage"":0.000632}","{""region"":""B\u00edo B\u00edo Region"",""percentage"":4.4e-5},{""region"":""Santiago Metropolitan Region"",""percentage"":0.999956}","facebook,instagram","lower_bound: 100001, upper_bound: 500000",es
318468423064256,177384889097855,"Gabriel Boric",2021-11-12,2021-11-12,2021-11-17,"Gabriel Boric Font","Avancemos a un nuevo Chile de amabilidad y respeto. Seguimos por la salud, educación, pensiones, medio ambiente y mucho más. Vota 1, Boric Presidente","Juntas y juntos construimos un nuevo Chile",boricpresidente.cl,"Elección presidencial 2021","lower_bound: 20000, upper_bound: 24999","lower_bound: 0, upper_bound: 99",USD,"{""age"":""18-24"",""gender"":""unknown"",""percentage"":0.001229},{""age"":""55-64"",""gender"":""female"",""percentage"":0.03921},{""age"":""18-24"",""gender"":""male"",""percentage"":0.091319},{""age"":""35-44"",""gender"":""male"",""percentage"":0.095618},{""age"":""25-34"",""gender"":""female"",""percentage"":0.192568},{""age"":""25-34"",""gender"":""male"",""percentage"":0.185811},{""age"":""35-44"",""gender"":""female"",""percentage"":0.096233},{""age"":""18-24"",""gender"":""female"",""percentage"":0.126945},{""age"":""45-54"",""gender"":""male"",""percentage"":0.05733},{""age"":""55-64"",""gender"":""unknown"",""percentage"":0.000102},{""age"":""65+"",""gender"":""female"",""percentage"":0.010749},{""age"":""65+"",""gender"":""male"",""percentage"":0.010238},{""age"":""55-64"",""gender"":""male"",""percentage"":0.027846},{""age"":""25-34"",""gender"":""unknown"",""percentage"":0.000921},{""age"":""35-44"",""gender"":""unknown"",""percentage"":0.001843},{""age"":""65+"",""gender"":""unknown"",""percentage"":0.000205},{""age"":""45-54"",""gender"":""unknown"",""percentage"":0.000717},{""age"":""45-54"",""gender"":""female"",""percentage"":0.061118}","{""region"":""Unknown"",""percentage"":0.000207},{""region"":""Santiago Metropolitan Region"",""percentage"":0.999793}","facebook,instagram","lower_bound: 100001, upper_bound: 500000",es
4477224875732330,177384889097855,"Gabriel Boric",2021-11-12,2021-11-12,2021-11-18,"Gabriel Boric Font","Por el derecho al cuidado en sala cuna y jardines infantiles para tus hijas e hijos. Vota 1, Boric Presidente.","Dignidad para todas y todos",boricpresidente.cl,"Un Chile para todas y todos","lower_bound: 50000, upper_bound: 59999","lower_bound: 0, upper_bound: 99",USD,"{""age"":""55-64"",""gender"":""unknown"",""percentage"":0.000143},{""age"":""55-64"",""gender"":""female"",""percentage"":0.048705},{""age"":""65+"",""gender"":""male"",""percentage"":0.011262},{""age"":""18-24"",""gender"":""female"",""percentage"":0.116132},{""age"":""25-34"",""gender"":""female"",""percentage"":0.179184},{""age"":""35-44"",""gender"":""male"",""percentage"":0.096478},{""age"":""18-24"",""gender"":""male"",""percentage"":0.085431},{""age"":""45-54"",""gender"":""female"",""percentage"":0.062765},{""age"":""25-34"",""gender"":""male"",""percentage"":0.185066},{""age"":""65+"",""gender"":""unknown"",""percentage"":0.000215},{""age"":""35-44"",""gender"":""female"",""percentage"":0.096478},{""age"":""65+"",""gender"":""female"",""percentage"":0.012481},{""age"":""45-54"",""gender"":""male"",""percentage"":0.065849},{""age"":""55-64"",""gender"":""male"",""percentage"":0.034789},{""age"":""25-34"",""gender"":""unknown"",""percentage"":0.000861},{""age"":""18-24"",""gender"":""unknown"",""percentage"":0.000861},{""age"":""45-54"",""gender"":""unknown"",""percentage"":0.000789},{""age"":""35-44"",""gender"":""unknown"",""percentage"":0.002511}","{""region"":""Unknown"",""percentage"":7.4e-5},{""region"":""Santiago Metropolitan Region"",""percentage"":0.999926}","facebook,instagram","lower_bound: 100001, upper_bound: 500000",es
325250462607435,177384889097855,"Gabriel Boric",2021-11-12,2021-11-12,2021-11-18,"Gabriel Boric Font","Llevamos años luchando por una educación pública de calidad. Como gobierno fomentaremos una buena enseñanza no sexista. Vota 1, Boric Presidente","Educación como pilar fundamental para el proceso de cambios",boricpresidente.cl,"Educación de calidad para todas y todos","lower_bound: 80000, upper_bound: 89999","lower_bound: 0, upper_bound: 99",USD,"{""age"":""55-64"",""gender"":""unknown"",""percentage"":0.000388},{""age"":""35-44"",""gender"":""male"",""percentage"":0.11116},{""age"":""25-34"",""gender"":""female"",""percentage"":0.177642},{""age"":""25-34"",""gender"":""male"",""percentage"":0.225953},{""age"":""18-24"",""gender"":""female"",""percentage"":0.107768},{""age"":""45-54"",""gender"":""male"",""percentage"":0.052624},{""age"":""35-44"",""gender"":""female"",""percentage"":0.085429},{""age"":""45-54"",""gender"":""female"",""percentage"":0.04836},{""age"":""65+"",""gender"":""female"",""percentage"":0.013374},{""age"":""45-54"",""gender"":""unknown"",""percentage"":0.001211},{""age"":""18-24"",""gender"":""male"",""percentage"":0.100015},{""age"":""55-64"",""gender"":""male"",""percentage"":0.028299},{""age"":""55-64"",""gender"":""female"",""percentage"":0.030722},{""age"":""65+"",""gender"":""male"",""percentage"":0.013519},{""age"":""18-24"",""gender"":""unknown"",""percentage"":0.000533},{""age"":""25-34"",""gender"":""unknown"",""percentage"":0.001357},{""age"":""35-44"",""gender"":""unknown"",""percentage"":0.001502},{""age"":""65+"",""gender"":""unknown"",""percentage"":0.000145}","{""region"":""Santiago Metropolitan Region"",""percentage"":1}","facebook,instagram","lower_bound: 100001, upper_bound: 500000",es
436317827835725,177384889097855,"Gabriel Boric",2021-11-12,2021-11-13,2021-11-18,"Gabriel Boric Font","Seremos el primer gobierno ecológico de Chile, impulsando políticas sustentables para combatir la crisis climática. Vota 1, Boric Presidente","Nuevo modelo de desarrollo sustentable",boricpresidente.cl,"Un futuro verde","lower_bound: 25000, upper_bound: 29999","lower_bound: 0, upper_bound: 99",USD,"{""age"":""18-24"",""gender"":""unknown"",""percentage"":0.000719},{""age"":""25-34"",""gender"":""male"",""percentage"":0.191004},{""age"":""65+"",""gender"":""unknown"",""percentage"":0.000103},{""age"":""55-64"",""gender"":""unknown"",""percentage"":0.001027},{""age"":""65+"",""gender"":""female"",""percentage"":0.021976},{""age"":""65+"",""gender"":""male"",""percentage"":0.019819},{""age"":""35-44"",""gender"":""female"",""percentage"":0.097659},{""age"":""45-54"",""gender"":""male"",""percentage"":0.099712},{""age"":""35-44"",""gender"":""male"",""percentage"":0.113986},{""age"":""45-54"",""gender"":""unknown"",""percentage"":0.001848},{""age"":""45-54"",""gender"":""female"",""percentage"":0.082563},{""age"":""25-34"",""gender"":""female"",""percentage"":0.115629},{""age"":""18-24"",""gender"":""female"",""percentage"":0.054939},{""age"":""55-64"",""gender"":""male"",""percentage"":0.061512},{""age"":""55-64"",""gender"":""female"",""percentage"":0.058739},{""age"":""18-24"",""gender"":""male"",""percentage"":0.074964},{""age"":""35-44"",""gender"":""unknown"",""percentage"":0.001848},{""age"":""25-34"",""gender"":""unknown"",""percentage"":0.001951}","{""region"":""Santiago Metropolitan Region"",""percentage"":1}","facebook,instagram","lower_bound: 10001, upper_bound: 50000",es
630125868008503,177384889097855,"Gabriel Boric",2021-11-12,2021-11-12,2021-11-17,"Gabriel Boric Font","Avancemos a un nuevo Chile de amabilidad y respeto. Seguimos por la salud, educación, pensiones, medio ambiente y mucho más. Vota 1, Boric Presidente","Juntas y juntos construimos un nuevo Chile",boricpresidente.cl,"Elección presidencial 2021","lower_bound: 15000, upper_bound: 19999","lower_bound: 0, upper_bound: 99",USD,"{""age"":""45-54"",""gender"":""unknown"",""percentage"":0.002107},{""age"":""25-34"",""gender"":""male"",""percentage"":0.194472},{""age"":""45-54"",""gender"":""male"",""percentage"":0.052677},{""age"":""55-64"",""gender"":""male"",""percentage"":0.032226},{""age"":""35-44"",""gender"":""male"",""percentage"":0.097422},{""age"":""18-24"",""gender"":""female"",""percentage"":0.130268},{""age"":""55-64"",""gender"":""female"",""percentage"":0.039663},{""age"":""18-24"",""gender"":""male"",""percentage"":0.099281},{""age"":""35-44"",""gender"":""female"",""percentage"":0.086267},{""age"":""35-44"",""gender"":""unknown"",""percentage"":0.002479},{""age"":""25-34"",""gender"":""female"",""percentage"":0.175012},{""age"":""45-54"",""gender"":""female"",""percentage"":0.055776},{""age"":""65+"",""gender"":""female"",""percentage"":0.018096},{""age"":""65+"",""gender"":""male"",""percentage"":0.010535},{""age"":""25-34"",""gender"":""unknown"",""percentage"":0.001983},{""age"":""65+"",""gender"":""unknown"",""percentage"":0.000496},{""age"":""55-64"",""gender"":""unknown"",""percentage"":0.000372},{""age"":""18-24"",""gender"":""unknown"",""percentage"":0.000868}","{""region"":""Santiago Metropolitan Region"",""percentage"":1}","facebook,instagram","lower_bound: 100001, upper_bound: 500000",es
937457403527659,177384889097855,"Gabriel Boric",2021-11-12,2021-11-12,2021-11-17,"Gabriel Boric Font","Crearemos un nuevo sistema de pensiones, poniendo fin a las AFP y respetando el dinero ahorrado hasta ahora por cada persona. Vota 1, Boric Presidente","Este 21 de noviembre votamos Gabriel Boric",boricpresidente.cl,"Pensiones dignas","lower_bound: 15000, upper_bound: 19999","lower_bound: 0, upper_bound: 99",USD,"{""age"":""18-24"",""gender"":""unknown"",""percentage"":0.00036},{""age"":""25-34"",""gender"":""female"",""percentage"":0.172795},{""age"":""65+"",""gender"":""female"",""percentage"":0.012016},{""age"":""45-54"",""gender"":""female"",""percentage"":0.057198},{""age"":""65+"",""gender"":""male"",""percentage"":0.013098},{""age"":""35-44"",""gender"":""male"",""percentage"":0.114876},{""age"":""25-34"",""gender"":""male"",""percentage"":0.219899},{""age"":""18-24"",""gender"":""female"",""percentage"":0.100216},{""age"":""18-24"",""gender"":""male"",""percentage"":0.092165},{""age"":""55-64"",""gender"":""unknown"",""percentage"":0.00024},{""age"":""35-44"",""gender"":""female"",""percentage"":0.093848},{""age"":""45-54"",""gender"":""male"",""percentage"":0.057438},{""age"":""55-64"",""gender"":""female"",""percentage"":0.035088},{""age"":""25-34"",""gender"":""unknown"",""percentage"":0.001202},{""age"":""55-64"",""gender"":""male"",""percentage"":0.026796},{""age"":""45-54"",""gender"":""unknown"",""percentage"":0.000601},{""age"":""35-44"",""gender"":""unknown"",""percentage"":0.002163}","{""region"":""Santiago Metropolitan Region"",""percentage"":1}","facebook,instagram","lower_bound: 100001, upper_bound: 500000",es
1214982382327047,177384889097855,"Gabriel Boric",2021-11-12,2021-11-12,2021-11-18,"Gabriel Boric Font","Por una igualdad real, debemos recuperar el retroceso en empleos de mujeres que generó la pandemia. Vota 1, Boric Presidente.","Justicia para todas",boricpresidente.cl,"Paso a paso para todas y todos","lower_bound: 25000, upper_bound: 29999","lower_bound: 0, upper_bound: 99",USD,"{""age"":""65+"",""gender"":""unknown"",""percentage"":0.000533},{""age"":""45-54"",""gender"":""male"",""percentage"":0.102728},{""age"":""35-44"",""gender"":""unknown"",""percentage"":0.002025},{""age"":""25-34"",""gender"":""unknown"",""percentage"":0.001492},{""age"":""25-34"",""gender"":""female"",""percentage"":0.120737},{""age"":""35-44"",""gender"":""male"",""percentage"":0.103581},{""age"":""55-64"",""gender"":""male"",""percentage"":0.06639},{""age"":""18-24"",""gender"":""female"",""percentage"":0.058184},{""age"":""55-64"",""gender"":""female"",""percentage"":0.081948},{""age"":""55-64"",""gender"":""unknown"",""percentage"":0.001492},{""age"":""25-34"",""gender"":""male"",""percentage"":0.140878},{""age"":""35-44"",""gender"":""female"",""percentage"":0.098359},{""age"":""18-24"",""gender"":""male"",""percentage"":0.063512},{""age"":""65+"",""gender"":""female"",""percentage"":0.034953},{""age"":""45-54"",""gender"":""unknown"",""percentage"":0.002238},{""age"":""45-54"",""gender"":""female"",""percentage"":0.096974},{""age"":""65+"",""gender"":""male"",""percentage"":0.022911},{""age"":""18-24"",""gender"":""unknown"",""percentage"":0.001066}","{""region"":""Santiago Metropolitan Region"",""percentage"":1}","facebook,instagram","lower_bound: 10001, upper_bound: 50000",es
466978844850184,177384889097855,"Gabriel Boric",2021-11-12,2021-11-12,2021-11-18,"Gabriel Boric Font","Llevamos años luchando por una educación pública de calidad. Como gobierno fomentaremos una buena enseñanza no sexista. Vota 1, Boric Presidente","Educación como pilar fundamental para el proceso de cambios",boricpresidente.cl,"Educación de calidad para todas y todos","lower_bound: 60000, upper_bound: 69999","lower_bound: 0, upper_bound: 99",USD,"{""age"":""55-64"",""gender"":""unknown"",""percentage"":0.000452},{""age"":""45-54"",""gender"":""male"",""percentage"":0.061128},{""age"":""18-24"",""gender"":""unknown"",""percentage"":0.001033},{""age"":""45-54"",""gender"":""unknown"",""percentage"":0.001743},{""age"":""65+"",""gender"":""male"",""percentage"":0.012393},{""age"":""55-64"",""gender"":""male"",""percentage"":0.033824},{""age"":""25-34"",""gender"":""female"",""percentage"":0.166796},{""age"":""35-44"",""gender"":""female"",""percentage"":0.082559},{""age"":""65+"",""gender"":""female"",""percentage"":0.011748},{""age"":""65+"",""gender"":""unknown"",""percentage"":0.000323},{""age"":""18-24"",""gender"":""female"",""percentage"":0.101859},{""age"":""55-64"",""gender"":""female"",""percentage"":0.036858},{""age"":""25-34"",""gender"":""male"",""percentage"":0.228892},{""age"":""18-24"",""gender"":""male"",""percentage"":0.096114},{""age"":""35-44"",""gender"":""male"",""percentage"":0.103537},{""age"":""45-54"",""gender"":""female"",""percentage"":0.056997},{""age"":""25-34"",""gender"":""unknown"",""percentage"":0.001549},{""age"":""35-44"",""gender"":""unknown"",""percentage"":0.002195}","{""region"":""Unknown"",""percentage"":0.000132},{""region"":""Santiago Metropolitan Region"",""percentage"":0.999868}","facebook,instagram","lower_bound: 100001, upper_bound: 500000",es
861754107848374,177384889097855,"Gabriel Boric",2021-11-12,2021-11-13,2021-11-18,"Gabriel Boric Font","Seremos el primer gobierno ecológico de Chile, impulsando políticas sustentables para combatir la crisis climática. Vota 1, Boric Presidente","Nuevo modelo de desarrollo sustentable",boricpresidente.cl,"Un futuro verde","lower_bound: 60000, upper_bound: 69999","lower_bound: 100, upper_bound: 199",USD,"{""age"":""65+"",""gender"":""unknown"",""percentage"":0.000295},{""age"":""35-44"",""gender"":""female"",""percentage"":0.087741},{""age"":""65+"",""gender"":""male"",""percentage"":0.012671},{""age"":""18-24"",""gender"":""unknown"",""percentage"":0.000958},{""age"":""55-64"",""gender"":""female"",""percentage"":0.041624},{""age"":""45-54"",""gender"":""male"",""percentage"":0.060336},{""age"":""65+"",""gender"":""female"",""percentage"":0.016797},{""age"":""45-54"",""gender"":""female"",""percentage"":0.066524},{""age"":""55-64"",""gender"":""male"",""percentage"":0.0291},{""age"":""55-64"",""gender"":""unknown"",""percentage"":0.000221},{""age"":""18-24"",""gender"":""male"",""percentage"":0.091351},{""age"":""25-34"",""gender"":""male"",""percentage"":0.198173},{""age"":""18-24"",""gender"":""female"",""percentage"":0.109548},{""age"":""35-44"",""gender"":""male"",""percentage"":0.101223},{""age"":""25-34"",""gender"":""female"",""percentage"":0.176956},{""age"":""25-34"",""gender"":""unknown"",""percentage"":0.001694},{""age"":""35-44"",""gender"":""unknown"",""percentage"":0.002357},{""age"":""45-54"",""gender"":""unknown"",""percentage"":0.002431}","{""region"":""Unknown"",""percentage"":0.000222},{""region"":""Santiago Metropolitan Region"",""percentage"":0.999778}","facebook,instagram","lower_bound: 50001, upper_bound: 100000",es
589812175617554,177384889097855,"Gabriel Boric",2021-11-12,2021-11-13,2021-11-18,"Gabriel Boric Font","Seremos el primer gobierno ecológico de Chile, impulsando políticas sustentables para combatir la crisis climática. Vota 1, Boric Presidente","Un futuro verde",boricpresidente.cl,"Por un Gobierno realmente ecológico","lower_bound: 900000, upper_bound: 999999","lower_bound: 900, upper_bound: 999",USD,"{""age"":""35-44"",""gender"":""unknown"",""percentage"":0.00199},{""age"":""18-24"",""gender"":""female"",""percentage"":0.116111},{""age"":""45-54"",""gender"":""female"",""percentage"":0.067272},{""age"":""35-44"",""gender"":""male"",""percentage"":0.106388},{""age"":""35-44"",""gender"":""female"",""percentage"":0.098393},{""age"":""25-34"",""gender"":""female"",""percentage"":0.165519},{""age"":""25-34"",""gender"":""male"",""percentage"":0.205498},{""age"":""18-24"",""gender"":""male"",""percentage"":0.103623},{""age"":""55-64"",""gender"":""female"",""percentage"":0.032056},{""age"":""45-54"",""gender"":""male"",""percentage"":0.071788},{""age"":""45-54"",""gender"":""unknown"",""percentage"":0.000938},{""age"":""18-24"",""gender"":""unknown"",""percentage"":0.001102},{""age"":""55-64"",""gender"":""male"",""percentage"":0.027597},{""age"":""25-34"",""gender"":""unknown"",""percentage"":0.00151},{""age"":""55-64"",""gender"":""unknown"",""percentage"":0.000216}","{""region"":""Los R\u00edos Region"",""percentage"":0.015253},{""region"":""Arica y Parinacota Region"",""percentage"":0.0263},{""region"":""Valpara\u00edso Region"",""percentage"":0.080109},{""region"":""Antofagasta Region"",""percentage"":0.059154},{""region"":""Araucan\u00eda Region"",""percentage"":0.041191},{""region"":""Atacama Region"",""percentage"":0.017401},{""region"":""B\u00edo B\u00edo Region"",""percentage"":0.11266},{""region"":""Coquimbo Region"",""percentage"":0.05193},{""region"":""O'Higgins Region"",""percentage"":0.042292},{""region"":""Los Lagos Region"",""percentage"":0.030307},{""region"":""Magallanes y la Ant\u00e1rtica Chilena Region"",""percentage"":0.016992},{""region"":""Maule Region"",""percentage"":0.061839},{""region"":""Santiago Metropolitan Region"",""percentage"":0.397716},{""region"":""Tarapac\u00e1 Region"",""percentage"":0.046856}","facebook,instagram","lower_bound: 1000001",es
316266610013265,177384889097855,"Gabriel Boric",2021-11-12,2021-11-13,2021-11-18,"Gabriel Boric Font","Por una igualdad real, debemos recuperar el retroceso en empleos de mujeres que generó la pandemia. Vota 1, Boric Presidente.","Paso a paso para todas y todos",boricpresidente.cl,"Igualdad en la generación de empleos","lower_bound: 200000, upper_bound: 249999","lower_bound: 200, upper_bound: 299",USD,"{""age"":""25-34"",""gender"":""unknown"",""percentage"":0.001123},{""age"":""18-24"",""gender"":""unknown"",""percentage"":0.000729},{""age"":""18-24"",""gender"":""male"",""percentage"":0.074664},{""age"":""25-34"",""gender"":""male"",""percentage"":0.166762},{""age"":""55-64"",""gender"":""male"",""percentage"":0.036912},{""age"":""45-54"",""gender"":""female"",""percentage"":0.089747},{""age"":""18-24"",""gender"":""female"",""percentage"":0.102622},{""age"":""35-44"",""gender"":""male"",""percentage"":0.108579},{""age"":""45-54"",""gender"":""male"",""percentage"":0.081856},{""age"":""25-34"",""gender"":""female"",""percentage"":0.16732},{""age"":""55-64"",""gender"":""female"",""percentage"":0.050046},{""age"":""35-44"",""gender"":""female"",""percentage"":0.116634},{""age"":""35-44"",""gender"":""unknown"",""percentage"":0.00174},{""age"":""45-54"",""gender"":""unknown"",""percentage"":0.000974},{""age"":""55-64"",""gender"":""unknown"",""percentage"":0.00029}","{""region"":""Los R\u00edos Region"",""percentage"":0.010707},{""region"":""Arica y Parinacota Region"",""percentage"":0.018439},{""region"":""Valpara\u00edso Region"",""percentage"":0.082924},{""region"":""Antofagasta Region"",""percentage"":0.051436},{""region"":""Araucan\u00eda Region"",""percentage"":0.036923},{""region"":""Atacama Region"",""percentage"":0.01467},{""region"":""B\u00edo B\u00edo Region"",""percentage"":0.10091},{""region"":""Coquimbo Region"",""percentage"":0.059154},{""region"":""O'Higgins Region"",""percentage"":0.037763},{""region"":""Los Lagos Region"",""percentage"":0.031376},{""region"":""Magallanes y la Ant\u00e1rtica Chilena Region"",""percentage"":0.015279},{""region"":""Maule Region"",""percentage"":0.062136},{""region"":""Santiago Metropolitan Region"",""percentage"":0.42799},{""region"":""Tarapac\u00e1 Region"",""percentage"":0.050291}","facebook,instagram","lower_bound: 1000001",es
677494309899215,177384889097855,"Gabriel Boric",2021-11-12,2021-11-12,2021-11-18,"Gabriel Boric Font","Escuchamos a cada territorio entregar propuestas que la ciudadanía necesita. El cambio lo construímos juntos y juntas. Vota 1, Boric Presidente","Juntas y juntos somos UNO.",boricpresidente.cl,"El cambio lo construimos juntos y juntas","lower_bound: 150000, upper_bound: 174999","lower_bound: 100, upper_bound: 199",USD,"{""age"":""25-34"",""gender"":""unknown"",""percentage"":0.001559},{""age"":""18-24"",""gender"":""unknown"",""percentage"":0.000981},{""age"":""55-64"",""gender"":""unknown"",""percentage"":0.000217},{""age"":""55-64"",""gender"":""male"",""percentage"":0.021711},{""age"":""45-54"",""gender"":""male"",""percentage"":0.060642},{""age"":""25-34"",""gender"":""female"",""percentage"":0.18687},{""age"":""18-24"",""gender"":""male"",""percentage"":0.08449},{""age"":""35-44"",""gender"":""female"",""percentage"":0.117257},{""age"":""25-34"",""gender"":""male"",""percentage"":0.201664},{""age"":""35-44"",""gender"":""male"",""percentage"":0.110691},{""age"":""45-54"",""gender"":""female"",""percentage"":0.072328},{""age"":""18-24"",""gender"":""female"",""percentage"":0.106314},{""age"":""55-64"",""gender"":""female"",""percentage"":0.032158},{""age"":""35-44"",""gender"":""unknown"",""percentage"":0.002178},{""age"":""45-54"",""gender"":""unknown"",""percentage"":0.000939}","{""region"":""Los R\u00edos Region"",""percentage"":0.008314},{""region"":""Arica y Parinacota Region"",""percentage"":0.005744},{""region"":""Valpara\u00edso Region"",""percentage"":0.093597},{""region"":""Antofagasta Region"",""percentage"":0.041373},{""region"":""Araucan\u00eda Region"",""percentage"":0.040468},{""region"":""Atacama Region"",""percentage"":0.016915},{""region"":""B\u00edo B\u00edo Region"",""percentage"":0.107007},{""region"":""Coquimbo Region"",""percentage"":0.05653},{""region"":""O'Higgins Region"",""percentage"":0.032925},{""region"":""Los Lagos Region"",""percentage"":0.035566},{""region"":""Magallanes y la Ant\u00e1rtica Chilena Region"",""percentage"":0.010061},{""region"":""Maule Region"",""percentage"":0.061535},{""region"":""Santiago Metropolitan Region"",""percentage"":0.43696},{""region"":""Tarapac\u00e1 Region"",""percentage"":0.053005}","facebook,instagram","lower_bound: 1000001",es
1724332084424130,177384889097855,"Gabriel Boric",2021-11-12,2021-11-12,2021-11-18,"Gabriel Boric Font","La reforma más profunda en décadas que entregue acceso universal garantizado a la salud. Vota 1, Boric Presidente.","Cambios para vivir mejor",boricpresidente.cl,"Acceso universal a la salud","lower_bound: 125000, upper_bound: 149999","lower_bound: 100, upper_bound: 199",USD,"{""age"":""55-64"",""gender"":""male"",""percentage"":0.020968},{""age"":""35-44"",""gender"":""female"",""percentage"":0.118154},{""age"":""45-54"",""gender"":""male"",""percentage"":0.057487},{""age"":""18-24"",""gender"":""male"",""percentage"":0.078417},{""age"":""25-34"",""gender"":""female"",""percentage"":0.202261},{""age"":""18-24"",""gender"":""female"",""percentage"":0.107323},{""age"":""25-34"",""gender"":""male"",""percentage"":0.187665},{""age"":""35-44"",""gender"":""male"",""percentage"":0.103608},{""age"":""55-64"",""gender"":""female"",""percentage"":0.036867},{""age"":""45-54"",""gender"":""female"",""percentage"":0.080728},{""age"":""35-44"",""gender"":""unknown"",""percentage"":0.002248},{""age"":""25-34"",""gender"":""unknown"",""percentage"":0.001689},{""age"":""55-64"",""gender"":""unknown"",""percentage"":0.000261},{""age"":""45-54"",""gender"":""unknown"",""percentage"":0.001354},{""age"":""18-24"",""gender"":""unknown"",""percentage"":0.000969}","{""region"":""Los R\u00edos Region"",""percentage"":0.006422},{""region"":""Arica y Parinacota Region"",""percentage"":0.007317},{""region"":""Valpara\u00edso Region"",""percentage"":0.096225},{""region"":""Antofagasta Region"",""percentage"":0.035066},{""region"":""Araucan\u00eda Region"",""percentage"":0.037419},{""region"":""Atacama Region"",""percentage"":0.016436},{""region"":""B\u00edo B\u00edo Region"",""percentage"":0.09951},{""region"":""Coquimbo Region"",""percentage"":0.055803},{""region"":""O'Higgins Region"",""percentage"":0.033325},{""region"":""Los Lagos Region"",""percentage"":0.034159},{""region"":""Magallanes y la Ant\u00e1rtica Chilena Region"",""percentage"":0.011509},{""region"":""Maule Region"",""percentage"":0.065547},{""region"":""Santiago Metropolitan Region"",""percentage"":0.448376},{""region"":""Tarapac\u00e1 Region"",""percentage"":0.052886}","facebook,instagram","lower_bound: 1000001",es
487408405750598,177384889097855,"Gabriel Boric",2021-11-12,2021-11-12,2021-11-18,"Gabriel Boric Font","Este 21 de noviembre juntas y juntos seguimos el proceso de cambios por un Chile Justo, digno y cariñoso. Vota 1.","Un nuevo Chile",boricpresidente.cl,"Este 21 de Noviembre juntos y juntas construyamos el cambio","lower_bound: 70000, upper_bound: 79999","lower_bound: 0, upper_bound: 99",USD,"{""age"":""55-64"",""gender"":""unknown"",""percentage"":0.000294},{""age"":""45-54"",""gender"":""unknown"",""percentage"":0.001037},{""age"":""55-64"",""gender"":""male"",""percentage"":0.020409},{""age"":""25-34"",""gender"":""male"",""percentage"":0.214832},{""age"":""55-64"",""gender"":""female"",""percentage"":0.026084},{""age"":""25-34"",""gender"":""female"",""percentage"":0.18914},{""age"":""18-24"",""gender"":""male"",""percentage"":0.085647},{""age"":""35-44"",""gender"":""male"",""percentage"":0.114803},{""age"":""45-54"",""gender"":""female"",""percentage"":0.063947},{""age"":""18-24"",""gender"":""female"",""percentage"":0.103434},{""age"":""35-44"",""gender"":""female"",""percentage"":0.114138},{""age"":""45-54"",""gender"":""male"",""percentage"":0.060973},{""age"":""25-34"",""gender"":""unknown"",""percentage"":0.001761},{""age"":""18-24"",""gender"":""unknown"",""percentage"":0.001037},{""age"":""35-44"",""gender"":""unknown"",""percentage"":0.002466}","{""region"":""Los R\u00edos Region"",""percentage"":0.004988},{""region"":""Arica y Parinacota Region"",""percentage"":0.00415},{""region"":""Valpara\u00edso Region"",""percentage"":0.092167},{""region"":""Antofagasta Region"",""percentage"":0.034665},{""region"":""Araucan\u00eda Region"",""percentage"":0.035853},{""region"":""Atacama Region"",""percentage"":0.015549},{""region"":""B\u00edo B\u00edo Region"",""percentage"":0.104793},{""region"":""Coquimbo Region"",""percentage"":0.060795},{""region"":""O'Higgins Region"",""percentage"":0.032775},{""region"":""Los Lagos Region"",""percentage"":0.035094},{""region"":""Magallanes y la Ant\u00e1rtica Chilena Region"",""percentage"":0.01136},{""region"":""Maule Region"",""percentage"":0.068277},{""region"":""Santiago Metropolitan Region"",""percentage"":0.441485},{""region"":""Tarapac\u00e1 Region"",""percentage"":0.058048}","facebook,instagram","lower_bound: 1000001",es
414848780314952,177384889097855,"Gabriel Boric",2021-11-12,2021-11-12,2021-11-18,"Gabriel Boric Font","Pymes y Mipymes necesitan un real apoyo estatal para poder competir justamente en el mercado. Vota 1, Boric Presidente.","Juntas y juntos por el cambio",boricpresidente.cl,"Apoyo a Pymes y Mipymes","lower_bound: 50000, upper_bound: 59999","lower_bound: 0, upper_bound: 99",USD,"{""age"":""55-64"",""gender"":""unknown"",""percentage"":0.000275},{""age"":""35-44"",""gender"":""unknown"",""percentage"":0.002064},{""age"":""45-54"",""gender"":""male"",""percentage"":0.062433},{""age"":""35-44"",""gender"":""female"",""percentage"":0.111218},{""age"":""25-34"",""gender"":""female"",""percentage"":0.176733},{""age"":""35-44"",""gender"":""male"",""percentage"":0.115235},{""age"":""25-34"",""gender"":""male"",""percentage"":0.220593},{""age"":""55-64"",""gender"":""female"",""percentage"":0.024104},{""age"":""18-24"",""gender"":""male"",""percentage"":0.104945},{""age"":""45-54"",""gender"":""female"",""percentage"":0.061635},{""age"":""18-24"",""gender"":""female"",""percentage"":0.097928},{""age"":""25-34"",""gender"":""unknown"",""percentage"":0.001403},{""age"":""55-64"",""gender"":""male"",""percentage"":0.018683},{""age"":""18-24"",""gender"":""unknown"",""percentage"":0.001486},{""age"":""45-54"",""gender"":""unknown"",""percentage"":0.001266}","{""region"":""Los R\u00edos Region"",""percentage"":0.006172},{""region"":""Arica y Parinacota Region"",""percentage"":0.003868},{""region"":""Valpara\u00edso Region"",""percentage"":0.096947},{""region"":""Antofagasta Region"",""percentage"":0.038406},{""region"":""Araucan\u00eda Region"",""percentage"":0.034455},{""region"":""Atacama Region"",""percentage"":0.015582},{""region"":""B\u00edo B\u00edo Region"",""percentage"":0.106082},{""region"":""Coquimbo Region"",""percentage"":0.061284},{""region"":""O'Higgins Region"",""percentage"":0.031026},{""region"":""Los Lagos Region"",""percentage"":0.034812},{""region"":""Magallanes y la Ant\u00e1rtica Chilena Region"",""percentage"":0.01037},{""region"":""Maule Region"",""percentage"":0.065372},{""region"":""Santiago Metropolitan Region"",""percentage"":0.439223},{""region"":""Tarapac\u00e1 Region"",""percentage"":0.056401}","facebook,instagram","lower_bound: 1000001",es
407827517671439,177384889097855,"Gabriel Boric",2021-11-12,2021-11-12,2021-11-18,"Gabriel Boric Font","Crearemos un nuevo sistema de pensiones, poniendo fin a las AFP y respetando el dinero ahorrado hasta ahora por cada persona. Vota 1, Boric Presidente","Pensiones dignas",boricpresidente.cl,"Nuevo sistema de pensiones, fin a las AFP","lower_bound: 800000, upper_bound: 899999","lower_bound: 900, upper_bound: 999",USD,"{""age"":""55-64"",""gender"":""unknown"",""percentage"":0.00024},{""age"":""35-44"",""gender"":""unknown"",""percentage"":0.001762},{""age"":""25-34"",""gender"":""male"",""percentage"":0.190964},{""age"":""35-44"",""gender"":""female"",""percentage"":0.113552},{""age"":""18-24"",""gender"":""female"",""percentage"":0.095716},{""age"":""18-24"",""gender"":""male"",""percentage"":0.084037},{""age"":""25-34"",""gender"":""female"",""percentage"":0.165709},{""age"":""35-44"",""gender"":""male"",""percentage"":0.118339},{""age"":""55-64"",""gender"":""female"",""percentage"":0.034672},{""age"":""45-54"",""gender"":""female"",""percentage"":0.078358},{""age"":""25-34"",""gender"":""unknown"",""percentage"":0.001124},{""age"":""18-24"",""gender"":""unknown"",""percentage"":0.000619},{""age"":""45-54"",""gender"":""male"",""percentage"":0.08327},{""age"":""55-64"",""gender"":""male"",""percentage"":0.030654},{""age"":""45-54"",""gender"":""unknown"",""percentage"":0.000983}","{""region"":""Los R\u00edos Region"",""percentage"":0.014342},{""region"":""Arica y Parinacota Region"",""percentage"":0.024795},{""region"":""Valpara\u00edso Region"",""percentage"":0.076581},{""region"":""Antofagasta Region"",""percentage"":0.059584},{""region"":""Araucan\u00eda Region"",""percentage"":0.036808},{""region"":""Atacama Region"",""percentage"":0.019742},{""region"":""B\u00edo B\u00edo Region"",""percentage"":0.104556},{""region"":""Coquimbo Region"",""percentage"":0.050786},{""region"":""O'Higgins Region"",""percentage"":0.038345},{""region"":""Los Lagos Region"",""percentage"":0.025839},{""region"":""Magallanes y la Ant\u00e1rtica Chilena Region"",""percentage"":0.014809},{""region"":""Maule Region"",""percentage"":0.058859},{""region"":""Santiago Metropolitan Region"",""percentage"":0.429556},{""region"":""Tarapac\u00e1 Region"",""percentage"":0.045397}","facebook,instagram","lower_bound: 1000001",es
909571059679890,177384889097855,"Gabriel Boric",2021-11-12,2021-11-12,2021-11-18,"Gabriel Boric Font","Por el derecho al cuidado en sala cuna y jardines infantiles para tus hijas e hijos. Vota 1, Boric Presidente.","Un Chile para todas y todos",boricpresidente.cl,"Derecho al cuídado para tus hijos e hijas","lower_bound: 1000000","lower_bound: 2000, upper_bound: 2499",USD,"{""age"":""45-54"",""gender"":""unknown"",""percentage"":0.001006},{""age"":""35-44"",""gender"":""unknown"",""percentage"":0.001827},{""age"":""25-34"",""gender"":""unknown"",""percentage"":0.001331},{""age"":""25-34"",""gender"":""male"",""percentage"":0.168933},{""age"":""45-54"",""gender"":""female"",""percentage"":0.084563},{""age"":""18-24"",""gender"":""female"",""percentage"":0.107753},{""age"":""25-34"",""gender"":""female"",""percentage"":0.167531},{""age"":""35-44"",""gender"":""male"",""percentage"":0.112345},{""age"":""45-54"",""gender"":""male"",""percentage"":0.080669},{""age"":""18-24"",""gender"":""male"",""percentage"":0.079584},{""age"":""55-64"",""gender"":""male"",""percentage"":0.033658},{""age"":""35-44"",""gender"":""female"",""percentage"":0.115456},{""age"":""55-64"",""gender"":""female"",""percentage"":0.044185},{""age"":""18-24"",""gender"":""unknown"",""percentage"":0.000879},{""age"":""55-64"",""gender"":""unknown"",""percentage"":0.000281}","{""region"":""Los R\u00edos Region"",""percentage"":0.017256},{""region"":""Arica y Parinacota Region"",""percentage"":0.027968},{""region"":""Valpara\u00edso Region"",""percentage"":0.077843},{""region"":""Antofagasta Region"",""percentage"":0.061966},{""region"":""Araucan\u00eda Region"",""percentage"":0.038931},{""region"":""Atacama Region"",""percentage"":0.021672},{""region"":""B\u00edo B\u00edo Region"",""percentage"":0.110447},{""region"":""Coquimbo Region"",""percentage"":0.048385},{""region"":""O'Higgins Region"",""percentage"":0.040536},{""region"":""Los Lagos Region"",""percentage"":0.027537},{""region"":""Magallanes y la Ant\u00e1rtica Chilena Region"",""percentage"":0.015448},{""region"":""Maule Region"",""percentage"":0.06329},{""region"":""Santiago Metropolitan Region"",""percentage"":0.403606},{""region"":""Tarapac\u00e1 Region"",""percentage"":0.045115}","facebook,instagram","lower_bound: 1000001",es
400365575061136,177384889097855,"Gabriel Boric",2021-11-12,2021-11-12,2021-11-18,"Gabriel Boric Font","Se debe garantizar internet como un servicio básico para poder conectar Chile de sur a norte. Vota 1, Boric Presidente.","Un nuevo Chile para todas y para todos",boricpresidente.cl,"Internet como un servicio básico","lower_bound: 90000, upper_bound: 99999","lower_bound: 0, upper_bound: 99",USD,"{""age"":""45-54"",""gender"":""unknown"",""percentage"":0.000928},{""age"":""55-64"",""gender"":""male"",""percentage"":0.024932},{""age"":""55-64"",""gender"":""unknown"",""percentage"":0.000239},{""age"":""35-44"",""gender"":""male"",""percentage"":0.118791},{""age"":""18-24"",""gender"":""female"",""percentage"":0.082651},{""age"":""25-34"",""gender"":""male"",""percentage"":0.25584},{""age"":""35-44"",""gender"":""female"",""percentage"":0.094159},{""age"":""25-34"",""gender"":""female"",""percentage"":0.170136},{""age"":""45-54"",""gender"":""female"",""percentage"":0.059785},{""age"":""18-24"",""gender"":""male"",""percentage"":0.09395},{""age"":""55-64"",""gender"":""female"",""percentage"":0.026338},{""age"":""45-54"",""gender"":""male"",""percentage"":0.067417},{""age"":""25-34"",""gender"":""unknown"",""percentage"":0.001631},{""age"":""18-24"",""gender"":""unknown"",""percentage"":0.001003},{""age"":""35-44"",""gender"":""unknown"",""percentage"":0.0022}","{""region"":""Los R\u00edos Region"",""percentage"":0.014033},{""region"":""Arica y Parinacota Region"",""percentage"":0.015918},{""region"":""Valpara\u00edso Region"",""percentage"":0.091194},{""region"":""Antofagasta Region"",""percentage"":0.048838},{""region"":""Araucan\u00eda Region"",""percentage"":0.036236},{""region"":""Atacama Region"",""percentage"":0.017756},{""region"":""B\u00edo B\u00edo Region"",""percentage"":0.103162},{""region"":""Coquimbo Region"",""percentage"":0.056917},{""region"":""O'Higgins Region"",""percentage"":0.035031},{""region"":""Los Lagos Region"",""percentage"":0.030252},{""region"":""Magallanes y la Ant\u00e1rtica Chilena Region"",""percentage"":0.011441},{""region"":""Maule Region"",""percentage"":0.061906},{""region"":""Santiago Metropolitan Region"",""percentage"":0.432803},{""region"":""Tarapac\u00e1 Region"",""percentage"":0.044512}","facebook,instagram","lower_bound: 1000001",es
918697692361940,177384889097855,"Gabriel Boric",2021-11-12,2021-11-12,2021-11-18,"Gabriel Boric Font",,"Boric Presidente",boricpresidente.cl,"Votemos para hacer realidad un Chile en que nadie quede fuera. Votemos Gabriel Boric Presidente","lower_bound: 90000, upper_bound: 99999","lower_bound: 100, upper_bound: 199",USD,"{""age"":""55-64"",""gender"":""male"",""percentage"":0.001713},{""age"":""35-44"",""gender"":""female"",""percentage"":0.043778},{""age"":""35-44"",""gender"":""male"",""percentage"":0.031744},{""age"":""45-54"",""gender"":""female"",""percentage"":0.013429},{""age"":""18-24"",""gender"":""unknown"",""percentage"":0.00313},{""age"":""25-34"",""gender"":""male"",""percentage"":0.178665},{""age"":""18-24"",""gender"":""male"",""percentage"":0.231939},{""age"":""25-34"",""gender"":""female"",""percentage"":0.190656},{""age"":""18-24"",""gender"":""female"",""percentage"":0.290521},{""age"":""45-54"",""gender"":""male"",""percentage"":0.007},{""age"":""25-34"",""gender"":""unknown"",""percentage"":0.001713},{""age"":""55-64"",""gender"":""female"",""percentage"":0.004378},{""age"":""35-44"",""gender"":""unknown"",""percentage"":0.000973},{""age"":""45-54"",""gender"":""unknown"",""percentage"":0.000254},{""age"":""55-64"",""gender"":""unknown"",""percentage"":0.000106}","{""region"":""Los R\u00edos Region"",""percentage"":0.017173},{""region"":""Arica y Parinacota Region"",""percentage"":0.019115},{""region"":""Valpara\u00edso Region"",""percentage"":0.08452},{""region"":""Antofagasta Region"",""percentage"":0.051477},{""region"":""Araucan\u00eda Region"",""percentage"":0.029138},{""region"":""Atacama Region"",""percentage"":0.016739},{""region"":""B\u00edo B\u00edo Region"",""percentage"":0.095266},{""region"":""Coquimbo Region"",""percentage"":0.050051},{""region"":""O'Higgins Region"",""percentage"":0.032692},{""region"":""Los Lagos Region"",""percentage"":0.018495},{""region"":""Magallanes y la Ant\u00e1rtica Chilena Region"",""percentage"":0.014404},{""region"":""Maule Region"",""percentage"":0.046641},{""region"":""Santiago Metropolitan Region"",""percentage"":0.495898},{""region"":""Tarapac\u00e1 Region"",""percentage"":0.028394}","facebook,instagram","lower_bound: 1000001",es
422796689404396,177384889097855,"Gabriel Boric",2021-11-12,2021-11-12,2021-11-17,"Gabriel Boric Font",,"Boric Presidente",boricpresidente.cl,"Votemos para hacer realidad un Chile en que nadie quede fuera. Votemos Gabriel Boric Presidente","lower_bound: 70000, upper_bound: 79999","lower_bound: 100, upper_bound: 199",USD,"{""age"":""35-44"",""gender"":""unknown"",""percentage"":0.001378},{""age"":""25-34"",""gender"":""unknown"",""percentage"":0.002756},{""age"":""55-64"",""gender"":""male"",""percentage"":0.00074},{""age"":""35-44"",""gender"":""female"",""percentage"":0.044815},{""age"":""35-44"",""gender"":""male"",""percentage"":0.039226},{""age"":""25-34"",""gender"":""female"",""percentage"":0.198198},{""age"":""25-34"",""gender"":""male"",""percentage"":0.197535},{""age"":""18-24"",""gender"":""female"",""percentage"":0.273129},{""age"":""18-24"",""gender"":""male"",""percentage"":0.218921},{""age"":""18-24"",""gender"":""unknown"",""percentage"":0.004568},{""age"":""45-54"",""gender"":""female"",""percentage"":0.009009},{""age"":""45-54"",""gender"":""unknown"",""percentage"":0.000434},{""age"":""45-54"",""gender"":""male"",""percentage"":0.007171},{""age"":""55-64"",""gender"":""female"",""percentage"":0.002093},{""age"":""55-64"",""gender"":""unknown"",""percentage"":2.6e-5}","{""region"":""Los R\u00edos Region"",""percentage"":0.02042},{""region"":""Arica y Parinacota Region"",""percentage"":0.020344},{""region"":""Valpara\u00edso Region"",""percentage"":0.091232},{""region"":""Antofagasta Region"",""percentage"":0.051861},{""region"":""Araucan\u00eda Region"",""percentage"":0.02873},{""region"":""Atacama Region"",""percentage"":0.014618},{""region"":""B\u00edo B\u00edo Region"",""percentage"":0.090269},{""region"":""Coquimbo Region"",""percentage"":0.047554},{""region"":""O'Higgins Region"",""percentage"":0.032302},{""region"":""Los Lagos Region"",""percentage"":0.016949},{""region"":""Magallanes y la Ant\u00e1rtica Chilena Region"",""percentage"":0.012946},{""region"":""Maule Region"",""percentage"":0.04383},{""region"":""Santiago Metropolitan Region"",""percentage"":0.50432},{""region"":""Tarapac\u00e1 Region"",""percentage"":0.024626}","facebook,instagram","lower_bound: 1000001",es
251343683558142,177384889097855,"Gabriel Boric",2021-11-12,2021-11-12,2021-11-17,"Gabriel Boric Font",,"Boric Presidente",boricpresidente.cl,"Votemos para hacer realidad un Chile en que nadie quede fuera. Votemos Gabriel Boric Presidente","lower_bound: 10000, upper_bound: 14999","lower_bound: 0, upper_bound: 99",USD,"{""age"":""35-44"",""gender"":""female"",""percentage"":0.042207},{""age"":""45-54"",""gender"":""female"",""percentage"":0.016784},{""age"":""45-54"",""gender"":""male"",""percentage"":0.008639},{""age"":""25-34"",""gender"":""female"",""percentage"":0.211156},{""age"":""18-24"",""gender"":""female"",""percentage"":0.283845},{""age"":""25-34"",""gender"":""male"",""percentage"":0.190423},{""age"":""18-24"",""gender"":""male"",""percentage"":0.20116},{""age"":""35-44"",""gender"":""male"",""percentage"":0.034679},{""age"":""18-24"",""gender"":""unknown"",""percentage"":0.001481},{""age"":""35-44"",""gender"":""unknown"",""percentage"":0.000494},{""age"":""25-34"",""gender"":""unknown"",""percentage"":0.001111},{""age"":""55-64"",""gender"":""female"",""percentage"":0.0058},{""age"":""45-54"",""gender"":""unknown"",""percentage"":0.000494},{""age"":""55-64"",""gender"":""male"",""percentage"":0.001728}","{""region"":""Los R\u00edos Region"",""percentage"":0.016436},{""region"":""Arica y Parinacota Region"",""percentage"":0.024779},{""region"":""Valpara\u00edso Region"",""percentage"":0.084547},{""region"":""Antofagasta Region"",""percentage"":0.060516},{""region"":""Araucan\u00eda Region"",""percentage"":0.027643},{""region"":""Atacama Region"",""percentage"":0.015938},{""region"":""B\u00edo B\u00edo Region"",""percentage"":0.100486},{""region"":""Coquimbo Region"",""percentage"":0.056531},{""region"":""O'Higgins Region"",""percentage"":0.031876},{""region"":""Los Lagos Region"",""percentage"":0.017059},{""region"":""Magallanes y la Ant\u00e1rtica Chilena Region"",""percentage"":0.015316},{""region"":""Maule Region"",""percentage"":0.047939},{""region"":""Santiago Metropolitan Region"",""percentage"":0.468684},{""region"":""Tarapac\u00e1 Region"",""percentage"":0.03225}","facebook,instagram","lower_bound: 1000001",es
572817470477501,177384889097855,"Gabriel Boric",2021-11-12,2021-11-12,2021-11-17,"Gabriel Boric Font",,"Boric Presidente",boricpresidente.cl,"Votemos para hacer realidad un Chile en que nadie quede fuera. Votemos Gabriel Boric Presidente","lower_bound: 35000, upper_bound: 39999","lower_bound: 0, upper_bound: 99",USD,"{""age"":""45-54"",""gender"":""unknown"",""percentage"":0.000161},{""age"":""55-64"",""gender"":""female"",""percentage"":0.002061},{""age"":""55-64"",""gender"":""male"",""percentage"":0.000773},{""age"":""35-44"",""gender"":""female"",""percentage"":0.027055},{""age"":""45-54"",""gender"":""female"",""percentage"":0.006796},{""age"":""25-34"",""gender"":""male"",""percentage"":0.171799},{""age"":""45-54"",""gender"":""male"",""percentage"":0.005089},{""age"":""18-24"",""gender"":""male"",""percentage"":0.25029},{""age"":""25-34"",""gender"":""female"",""percentage"":0.172024},{""age"":""18-24"",""gender"":""female"",""percentage"":0.332485},{""age"":""25-34"",""gender"":""unknown"",""percentage"":0.00161},{""age"":""35-44"",""gender"":""male"",""percentage"":0.026475},{""age"":""18-24"",""gender"":""unknown"",""percentage"":0.002834},{""age"":""35-44"",""gender"":""unknown"",""percentage"":0.000548}","{""region"":""Los R\u00edos Region"",""percentage"":0.021744},{""region"":""Arica y Parinacota Region"",""percentage"":0.028177},{""region"":""Valpara\u00edso Region"",""percentage"":0.087555},{""region"":""Antofagasta Region"",""percentage"":0.055196},{""region"":""Araucan\u00eda Region"",""percentage"":0.030397},{""region"":""Atacama Region"",""percentage"":0.017209},{""region"":""B\u00edo B\u00edo Region"",""percentage"":0.105214},{""region"":""Coquimbo Region"",""percentage"":0.056612},{""region"":""O'Higgins Region"",""percentage"":0.038181},{""region"":""Los Lagos Region"",""percentage"":0.017852},{""region"":""Magallanes y la Ant\u00e1rtica Chilena Region"",""percentage"":0.017755},{""region"":""Maule Region"",""percentage"":0.053652},{""region"":""Santiago Metropolitan Region"",""percentage"":0.429927},{""region"":""Tarapac\u00e1 Region"",""percentage"":0.040529}","facebook,instagram","lower_bound: 1000001",es
4600090576765146,177384889097855,"Gabriel Boric",2021-11-12,2021-11-12,2021-11-17,"Gabriel Boric Font",,"Boric Presidente",boricpresidente.cl,"Votemos para hacer realidad un Chile en que nadie quede fuera. Votemos Gabriel Boric Presidente","lower_bound: 20000, upper_bound: 24999","lower_bound: 0, upper_bound: 99",USD,"{""age"":""45-54"",""gender"":""unknown"",""percentage"":0.000114},{""age"":""18-24"",""gender"":""unknown"",""percentage"":0.001995},{""age"":""35-44"",""gender"":""unknown"",""percentage"":0.000855},{""age"":""55-64"",""gender"":""male"",""percentage"":0.000912},{""age"":""35-44"",""gender"":""female"",""percentage"":0.031177},{""age"":""45-54"",""gender"":""female"",""percentage"":0.008777},{""age"":""55-64"",""gender"":""female"",""percentage"":0.002907},{""age"":""18-24"",""gender"":""female"",""percentage"":0.366885},{""age"":""18-24"",""gender"":""male"",""percentage"":0.259846},{""age"":""25-34"",""gender"":""female"",""percentage"":0.158393},{""age"":""25-34"",""gender"":""male"",""percentage"":0.136905},{""age"":""35-44"",""gender"":""male"",""percentage"":0.024508},{""age"":""45-54"",""gender"":""male"",""percentage"":0.005814},{""age"":""25-34"",""gender"":""unknown"",""percentage"":0.000912}","{""region"":""Los R\u00edos Region"",""percentage"":0.020037},{""region"":""Arica y Parinacota Region"",""percentage"":0.027328},{""region"":""Valpara\u00edso Region"",""percentage"":0.079917},{""region"":""Antofagasta Region"",""percentage"":0.057699},{""region"":""Araucan\u00eda Region"",""percentage"":0.028074},{""region"":""Atacama Region"",""percentage"":0.0213},{""region"":""B\u00edo B\u00edo Region"",""percentage"":0.09961},{""region"":""Coquimbo Region"",""percentage"":0.061086},{""region"":""O'Higgins Region"",""percentage"":0.037547},{""region"":""Los Lagos Region"",""percentage"":0.020037},{""region"":""Magallanes y la Ant\u00e1rtica Chilena Region"",""percentage"":0.019692},{""region"":""Maule Region"",""percentage"":0.050293},{""region"":""Santiago Metropolitan Region"",""percentage"":0.437651},{""region"":""Tarapac\u00e1 Region"",""percentage"":0.039729}","facebook,instagram","lower_bound: 1000001",es
283714890339646,177384889097855,"Gabriel Boric",2021-11-12,2021-11-12,2021-11-18,"Gabriel Boric Font",,"Boric Presidente",boricpresidente.cl,"Votemos para hacer realidad un Chile en que nadie quede fuera. Votemos Gabriel Boric Presidente","lower_bound: 20000, upper_bound: 24999","lower_bound: 0, upper_bound: 99",USD,"{""age"":""35-44"",""gender"":""unknown"",""percentage"":0.001045},{""age"":""18-24"",""gender"":""unknown"",""percentage"":0.003521},{""age"":""45-54"",""gender"":""female"",""percentage"":0.011334},{""age"":""35-44"",""gender"":""male"",""percentage"":0.034111},{""age"":""35-44"",""gender"":""female"",""percentage"":0.043409},{""age"":""18-24"",""gender"":""female"",""percentage"":0.318332},{""age"":""25-34"",""gender"":""female"",""percentage"":0.200704},{""age"":""25-34"",""gender"":""male"",""percentage"":0.160982},{""age"":""18-24"",""gender"":""male"",""percentage"":0.210552},{""age"":""55-64"",""gender"":""female"",""percentage"":0.003466},{""age"":""25-34"",""gender"":""unknown"",""percentage"":0.002751},{""age"":""45-54"",""gender"":""male"",""percentage"":0.007207},{""age"":""55-64"",""gender"":""male"",""percentage"":0.001816},{""age"":""55-64"",""gender"":""unknown"",""percentage"":5.5e-5},{""age"":""45-54"",""gender"":""unknown"",""percentage"":0.000715}","{""region"":""Los R\u00edos Region"",""percentage"":0.0233},{""region"":""Arica y Parinacota Region"",""percentage"":0.023133},{""region"":""Valpara\u00edso Region"",""percentage"":0.084281},{""region"":""Antofagasta Region"",""percentage"":0.049443},{""region"":""Araucan\u00eda Region"",""percentage"":0.029376},{""region"":""Atacama Region"",""percentage"":0.017391},{""region"":""B\u00edo B\u00edo Region"",""percentage"":0.09476},{""region"":""Coquimbo Region"",""percentage"":0.054627},{""region"":""O'Higgins Region"",""percentage"":0.036065},{""region"":""Los Lagos Region"",""percentage"":0.018283},{""region"":""Magallanes y la Ant\u00e1rtica Chilena Region"",""percentage"":0.018395},{""region"":""Maule Region"",""percentage"":0.048161},{""region"":""Santiago Metropolitan Region"",""percentage"":0.473077},{""region"":""Tarapac\u00e1 Region"",""percentage"":0.02971}","facebook,instagram","lower_bound: 1000001",es
316189556676550,177384889097855,"Gabriel Boric",2021-11-12,2021-11-12,2021-11-18,"Gabriel Boric Font",,"Boric Presidente",boricpresidente.cl,"Votemos para hacer realidad un Chile en que nadie quede fuera. Votemos Gabriel Boric Presidente","lower_bound: 400000, upper_bound: 449999","lower_bound: 700, upper_bound: 799",USD,"{""age"":""13-17"",""gender"":""unknown"",""percentage"":5.0e-6},{""age"":""55-64"",""gender"":""unknown"",""percentage"":2.8e-5},{""age"":""45-54"",""gender"":""unknown"",""percentage"":0.000136},{""age"":""25-34"",""gender"":""unknown"",""percentage"":0.001292},{""age"":""35-44"",""gender"":""unknown"",""percentage"":0.00059},{""age"":""55-64"",""gender"":""female"",""percentage"":0.001825},{""age"":""18-24"",""gender"":""female"",""percentage"":0.414992},{""age"":""25-34"",""gender"":""female"",""percentage"":0.169707},{""age"":""18-24"",""gender"":""male"",""percentage"":0.230658},{""age"":""35-44"",""gender"":""female"",""percentage"":0.025664},{""age"":""25-34"",""gender"":""male"",""percentage"":0.121491},{""age"":""45-54"",""gender"":""female"",""percentage"":0.006127},{""age"":""18-24"",""gender"":""unknown"",""percentage"":0.003206},{""age"":""45-54"",""gender"":""male"",""percentage"":0.003979},{""age"":""35-44"",""gender"":""male"",""percentage"":0.019443},{""age"":""55-64"",""gender"":""male"",""percentage"":0.000857}","{""region"":""Los R\u00edos Region"",""percentage"":0.020731},{""region"":""Arica y Parinacota Region"",""percentage"":0.025741},{""region"":""Valpara\u00edso Region"",""percentage"":0.086408},{""region"":""Antofagasta Region"",""percentage"":0.059647},{""region"":""Araucan\u00eda Region"",""percentage"":0.027628},{""region"":""Atacama Region"",""percentage"":0.020123},{""region"":""B\u00edo B\u00edo Region"",""percentage"":0.101648},{""region"":""Coquimbo Region"",""percentage"":0.054543},{""region"":""O'Higgins Region"",""percentage"":0.039824},{""region"":""Los Lagos Region"",""percentage"":0.02126},{""region"":""Magallanes y la Ant\u00e1rtica Chilena Region"",""percentage"":0.018053},{""region"":""Maule Region"",""percentage"":0.053766},{""region"":""Santiago Metropolitan Region"",""percentage"":0.43382},{""region"":""Tarapac\u00e1 Region"",""percentage"":0.036809}","facebook,instagram","lower_bound: 1000001",es
454613292751508,177384889097855,"Gabriel Boric",2021-11-12,2021-11-12,2021-11-17,"Gabriel Boric Font",,"Boric Presidente",boricpresidente.cl,"Votemos para hacer realidad un Chile en que nadie quede fuera. Votemos Gabriel Boric Presidente","lower_bound: 7000, upper_bound: 7999","lower_bound: 0, upper_bound: 99",USD,"{""age"":""45-54"",""gender"":""unknown"",""percentage"":0.000165},{""age"":""55-64"",""gender"":""male"",""percentage"":0.00066},{""age"":""25-34"",""gender"":""unknown"",""percentage"":0.00165},{""age"":""35-44"",""gender"":""male"",""percentage"":0.030198},{""age"":""25-34"",""gender"":""male"",""percentage"":0.159406},{""age"":""25-34"",""gender"":""female"",""percentage"":0.150165},{""age"":""18-24"",""gender"":""female"",""percentage"":0.334323},{""age"":""18-24"",""gender"":""male"",""percentage"":0.265677},{""age"":""35-44"",""gender"":""female"",""percentage"":0.032343},{""age"":""45-54"",""gender"":""female"",""percentage"":0.011881},{""age"":""45-54"",""gender"":""male"",""percentage"":0.005611},{""age"":""35-44"",""gender"":""unknown"",""percentage"":0.000825},{""age"":""18-24"",""gender"":""unknown"",""percentage"":0.00396},{""age"":""55-64"",""gender"":""female"",""percentage"":0.003135}","{""region"":""Los R\u00edos Region"",""percentage"":0.015959},{""region"":""Arica y Parinacota Region"",""percentage"":0.024679},{""region"":""Valpara\u00edso Region"",""percentage"":0.084732},{""region"":""Antofagasta Region"",""percentage"":0.049029},{""region"":""Araucan\u00eda Region"",""percentage"":0.027641},{""region"":""Atacama Region"",""percentage"":0.020895},{""region"":""B\u00edo B\u00edo Region"",""percentage"":0.11336},{""region"":""Coquimbo Region"",""percentage"":0.057256},{""region"":""O'Higgins Region"",""percentage"":0.040803},{""region"":""Los Lagos Region"",""percentage"":0.018427},{""region"":""Magallanes y la Ant\u00e1rtica Chilena Region"",""percentage"":0.016782},{""region"":""Maule Region"",""percentage"":0.046561},{""region"":""Santiago Metropolitan Region"",""percentage"":0.453439},{""region"":""Tarapac\u00e1 Region"",""percentage"":0.030438}","facebook,instagram","lower_bound: 1000001",es
877522429615598,177384889097855,"Gabriel Boric",2021-11-12,2021-11-12,2021-11-18,"Gabriel Boric Font",,"Boric Presidente",boricpresidente.cl,"Votemos para hacer realidad un Chile en que nadie quede fuera. Votemos Gabriel Boric Presidente","lower_bound: 1000000","lower_bound: 3000, upper_bound: 3499",USD,"{""age"":""13-17"",""gender"":""male"",""percentage"":1.4e-5},{""age"":""45-54"",""gender"":""male"",""percentage"":0.004208},{""age"":""55-64"",""gender"":""female"",""percentage"":0.002649},{""age"":""35-44"",""gender"":""unknown"",""percentage"":0.00075},{""age"":""55-64"",""gender"":""male"",""percentage"":0.001131},{""age"":""45-54"",""gender"":""female"",""percentage"":0.007279},{""age"":""18-24"",""gender"":""unknown"",""percentage"":0.004026},{""age"":""35-44"",""gender"":""female"",""percentage"":0.027771},{""age"":""35-44"",""gender"":""male"",""percentage"":0.018624},{""age"":""13-17"",""gender"":""female"",""percentage"":1.0e-5},{""age"":""25-34"",""gender"":""female"",""percentage"":0.194951},{""age"":""18-24"",""gender"":""male"",""percentage"":0.217048},{""age"":""25-34"",""gender"":""male"",""percentage"":0.123927},{""age"":""18-24"",""gender"":""female"",""percentage"":0.395588},{""age"":""25-34"",""gender"":""unknown"",""percentage"":0.001742},{""age"":""45-54"",""gender"":""unknown"",""percentage"":0.000217},{""age"":""13-17"",""gender"":""unknown"",""percentage"":4.0e-6},{""age"":""55-64"",""gender"":""unknown"",""percentage"":6.2e-5}","{""region"":""Los R\u00edos Region"",""percentage"":0.018785},{""region"":""Arica y Parinacota Region"",""percentage"":0.024974},{""region"":""Valpara\u00edso Region"",""percentage"":0.082669},{""region"":""Antofagasta Region"",""percentage"":0.054848},{""region"":""Araucan\u00eda Region"",""percentage"":0.027194},{""region"":""Atacama Region"",""percentage"":0.016987},{""region"":""B\u00edo B\u00edo Region"",""percentage"":0.095713},{""region"":""Coquimbo Region"",""percentage"":0.050325},{""region"":""O'Higgins Region"",""percentage"":0.034613},{""region"":""Los Lagos Region"",""percentage"":0.017103},{""region"":""Magallanes y la Ant\u00e1rtica Chilena Region"",""percentage"":0.016903},{""region"":""Maule Region"",""percentage"":0.046932},{""region"":""Santiago Metropolitan Region"",""percentage"":0.479774},{""region"":""Tarapac\u00e1 Region"",""percentage"":0.033177},{""region"":""C\u00f3rdoba"",""percentage"":2.0e-6}","facebook,instagram","lower_bound: 1000001",es
694548738188431,177384889097855,"Gabriel Boric",2021-11-12,2021-11-12,2021-11-17,"Gabriel Boric Font",,"Boric Presidente",boricpresidente.cl,"Votemos para hacer realidad un Chile en que nadie quede fuera. Votemos Gabriel Boric Presidente","lower_bound: 15000, upper_bound: 19999","lower_bound: 0, upper_bound: 99",USD,"{""age"":""13-17"",""gender"":""male"",""percentage"":6.7e-5},{""age"":""55-64"",""gender"":""unknown"",""percentage"":6.7e-5},{""age"":""35-44"",""gender"":""unknown"",""percentage"":0.000733},{""age"":""55-64"",""gender"":""male"",""percentage"":0.001732},{""age"":""18-24"",""gender"":""unknown"",""percentage"":0.002731},{""age"":""45-54"",""gender"":""male"",""percentage"":0.006728},{""age"":""35-44"",""gender"":""female"",""percentage"":0.040437},{""age"":""25-34"",""gender"":""unknown"",""percentage"":0.001999},{""age"":""25-34"",""gender"":""male"",""percentage"":0.138232},{""age"":""18-24"",""gender"":""female"",""percentage"":0.371328},{""age"":""18-24"",""gender"":""male"",""percentage"":0.198987},{""age"":""25-34"",""gender"":""female"",""percentage"":0.193125},{""age"":""55-64"",""gender"":""female"",""percentage"":0.005329},{""age"":""35-44"",""gender"":""male"",""percentage"":0.026914},{""age"":""45-54"",""gender"":""female"",""percentage"":0.011325},{""age"":""45-54"",""gender"":""unknown"",""percentage"":0.000266}","{""region"":""Los R\u00edos Region"",""percentage"":0.020822},{""region"":""Arica y Parinacota Region"",""percentage"":0.026095},{""region"":""Valpara\u00edso Region"",""percentage"":0.08409},{""region"":""Antofagasta Region"",""percentage"":0.058796},{""region"":""Araucan\u00eda Region"",""percentage"":0.029365},{""region"":""Atacama Region"",""percentage"":0.019888},{""region"":""B\u00edo B\u00edo Region"",""percentage"":0.111319},{""region"":""Coquimbo Region"",""percentage"":0.054658},{""region"":""O'Higgins Region"",""percentage"":0.036839},{""region"":""Los Lagos Region"",""percentage"":0.020355},{""region"":""Magallanes y la Ant\u00e1rtica Chilena Region"",""percentage"":0.019688},{""region"":""Maule Region"",""percentage"":0.05279},{""region"":""Santiago Metropolitan Region"",""percentage"":0.429058},{""region"":""Tarapac\u00e1 Region"",""percentage"":0.036239}","facebook,instagram","lower_bound: 1000001",es
1131641687644681,177384889097855,"Gabriel Boric",2021-11-12,2021-11-12,2021-11-17,"Gabriel Boric Font",,"Boric Presidente",boricpresidente.cl,"Votemos para hacer realidad un Chile en que nadie quede fuera. Votemos Gabriel Boric Presidente","lower_bound: 20000, upper_bound: 24999","lower_bound: 0, upper_bound: 99",USD,"{""age"":""13-17"",""gender"":""female"",""percentage"":5.6e-5},{""age"":""25-34"",""gender"":""female"",""percentage"":0.177838},{""age"":""55-64"",""gender"":""female"",""percentage"":0.002003},{""age"":""45-54"",""gender"":""female"",""percentage"":0.010291},{""age"":""18-24"",""gender"":""unknown"",""percentage"":0.002559},{""age"":""35-44"",""gender"":""male"",""percentage"":0.02264},{""age"":""25-34"",""gender"":""male"",""percentage"":0.128553},{""age"":""45-54"",""gender"":""male"",""percentage"":0.005396},{""age"":""18-24"",""gender"":""male"",""percentage"":0.217055},{""age"":""45-54"",""gender"":""unknown"",""percentage"":5.6e-5},{""age"":""18-24"",""gender"":""female"",""percentage"":0.39773},{""age"":""35-44"",""gender"":""female"",""percentage"":0.032764},{""age"":""35-44"",""gender"":""unknown"",""percentage"":0.000501},{""age"":""55-64"",""gender"":""unknown"",""percentage"":5.6e-5},{""age"":""13-17"",""gender"":""unknown"",""percentage"":5.6e-5},{""age"":""55-64"",""gender"":""male"",""percentage"":0.000723},{""age"":""25-34"",""gender"":""unknown"",""percentage"":0.001724}","{""region"":""Los R\u00edos Region"",""percentage"":0.019903},{""region"":""Arica y Parinacota Region"",""percentage"":0.030481},{""region"":""Valpara\u00edso Region"",""percentage"":0.080593},{""region"":""Antofagasta Region"",""percentage"":0.056655},{""region"":""Araucan\u00eda Region"",""percentage"":0.027755},{""region"":""Atacama Region"",""percentage"":0.017449},{""region"":""B\u00edo B\u00edo Region"",""percentage"":0.100714},{""region"":""Coquimbo Region"",""percentage"":0.062435},{""region"":""O'Higgins Region"",""percentage"":0.036098},{""region"":""Los Lagos Region"",""percentage"":0.016086},{""region"":""Magallanes y la Ant\u00e1rtica Chilena Region"",""percentage"":0.015432},{""region"":""Maule Region"",""percentage"":0.048149},{""region"":""Santiago Metropolitan Region"",""percentage"":0.451006},{""region"":""Tarapac\u00e1 Region"",""percentage"":0.037243}","facebook,instagram","lower_bound: 1000001",es
596077358384877,177384889097855,"Gabriel Boric",2021-11-12,2021-11-12,2021-11-16,"Gabriel Boric Font","Has sido partícipe de esta campaña desde su inicio y juntas y juntos debemos llegar hasta el último día! Súmate como apoderada/apoderado de mesa en el local que más te acomode y defendamos el proceso de cambios en las urnas con papeleta.

Inscríbete la web: https://boricpresidente.cl/apoderados",,,,"lower_bound: 1000000","lower_bound: 1000, upper_bound: 1499",USD,"{""age"":""55-64"",""gender"":""unknown"",""percentage"":0.000434},{""age"":""45-54"",""gender"":""female"",""percentage"":0.075605},{""age"":""35-44"",""gender"":""unknown"",""percentage"":0.002217},{""age"":""18-24"",""gender"":""unknown"",""percentage"":0.000948},{""age"":""65+"",""gender"":""male"",""percentage"":0.01663},{""age"":""55-64"",""gender"":""male"",""percentage"":0.042353},{""age"":""65+"",""gender"":""female"",""percentage"":0.019265},{""age"":""18-24"",""gender"":""male"",""percentage"":0.072618},{""age"":""25-34"",""gender"":""male"",""percentage"":0.177683},{""age"":""25-34"",""gender"":""unknown"",""percentage"":0.001621},{""age"":""45-54"",""gender"":""male"",""percentage"":0.080979},{""age"":""35-44"",""gender"":""male"",""percentage"":0.122227},{""age"":""55-64"",""gender"":""female"",""percentage"":0.047627},{""age"":""35-44"",""gender"":""female"",""percentage"":0.107706},{""age"":""18-24"",""gender"":""female"",""percentage"":0.077766},{""age"":""25-34"",""gender"":""female"",""percentage"":0.152948},{""age"":""45-54"",""gender"":""unknown"",""percentage"":0.001077},{""age"":""65+"",""gender"":""unknown"",""percentage"":0.000298}","{""region"":""Unknown"",""percentage"":3.0e-6},{""region"":""Los R\u00edos Region"",""percentage"":0.034052},{""region"":""Arica y Parinacota Region"",""percentage"":0.015753},{""region"":""Valpara\u00edso Region"",""percentage"":0.087111},{""region"":""Ays\u00e9n Region"",""percentage"":0.012466},{""region"":""Antofagasta Region"",""percentage"":0.03919},{""region"":""Araucan\u00eda Region"",""percentage"":0.090074},{""region"":""Atacama Region"",""percentage"":0.024995},{""region"":""B\u00edo B\u00edo Region"",""percentage"":0.147632},{""region"":""Coquimbo Region"",""percentage"":0.050739},{""region"":""O'Higgins Region"",""percentage"":0.072655},{""region"":""Los Lagos Region"",""percentage"":0.070962},{""region"":""Magallanes y la Ant\u00e1rtica Chilena Region"",""percentage"":0.015944},{""region"":""Maule Region"",""percentage"":0.08978},{""region"":""Santiago Metropolitan Region"",""percentage"":0.224481},{""region"":""Tarapac\u00e1 Region"",""percentage"":0.024163}",facebook,"lower_bound: 1000001",es
1347547879038807,177384889097855,"Gabriel Boric",2021-11-12,2021-11-12,2021-11-18,"Gabriel Boric Font","Árbol a árbol, raíz a raíz, nos acompañamos, nos sumamos. Porque junt@s somos UNO 🌳","Capítulo 3 Franja",,,"lower_bound: 250000, upper_bound: 299999","lower_bound: 1000, upper_bound: 1499",USD,"{""age"":""25-34"",""gender"":""unknown"",""percentage"":0.000618},{""age"":""35-44"",""gender"":""female"",""percentage"":0.096904},{""age"":""35-44"",""gender"":""unknown"",""percentage"":0.001336},{""age"":""55-64"",""gender"":""unknown"",""percentage"":0.001265},{""age"":""45-54"",""gender"":""unknown"",""percentage"":0.001091},{""age"":""18-24"",""gender"":""female"",""percentage"":0.033806},{""age"":""18-24"",""gender"":""male"",""percentage"":0.013411},{""age"":""65+"",""gender"":""male"",""percentage"":0.057161},{""age"":""55-64"",""gender"":""male"",""percentage"":0.067664},{""age"":""65+"",""gender"":""unknown"",""percentage"":0.001132},{""age"":""25-34"",""gender"":""male"",""percentage"":0.055711},{""age"":""45-54"",""gender"":""female"",""percentage"":0.12263},{""age"":""45-54"",""gender"":""male"",""percentage"":0.051737},{""age"":""35-44"",""gender"":""male"",""percentage"":0.04917},{""age"":""65+"",""gender"":""female"",""percentage"":0.149966},{""age"":""55-64"",""gender"":""female"",""percentage"":0.192044},{""age"":""25-34"",""gender"":""female"",""percentage"":0.1042},{""age"":""18-24"",""gender"":""unknown"",""percentage"":0.000155}","{""region"":""Los R\u00edos Region"",""percentage"":0.028179},{""region"":""Arica y Parinacota Region"",""percentage"":0.017274},{""region"":""Valpara\u00edso Region"",""percentage"":0.099517},{""region"":""Ays\u00e9n Region"",""percentage"":0.00727},{""region"":""Antofagasta Region"",""percentage"":0.035917},{""region"":""Araucan\u00eda Region"",""percentage"":0.066687},{""region"":""Atacama Region"",""percentage"":0.017156},{""region"":""B\u00edo B\u00edo Region"",""percentage"":0.125566},{""region"":""Coquimbo Region"",""percentage"":0.035089},{""region"":""O'Higgins Region"",""percentage"":0.05169},{""region"":""Los Lagos Region"",""percentage"":0.038761},{""region"":""Magallanes y la Ant\u00e1rtica Chilena Region"",""percentage"":0.012105},{""region"":""Maule Region"",""percentage"":0.063633},{""region"":""Santiago Metropolitan Region"",""percentage"":0.375987},{""region"":""Tarapac\u00e1 Region"",""percentage"":0.02517}",facebook,"lower_bound: 100001, upper_bound: 500000",es
470241754522311,177384889097855,"Gabriel Boric",2021-11-12,2021-11-12,2021-11-18,"Gabriel Boric Font","Nuestro gobierno combatirá con toda la fuerza el daño medio ambiental que han ocasionado décadas de mega industria, por eso desde ya hemos decidido utilizar volantes sin tinta, para disminuir el impacto negativo que genera la propaganda. 
Estos bonitos diseños están hechos con papel biodegradable, que lo hace perfecto para compostar. Además tienen doble uso, puedes leerlo y también utilizarlo para marcar tu cuaderno, pieza o ropa un cepillo de dientes y pintura 🌳

#Seguimos por la sustentabilidad ✊",,,,"lower_bound: 250000, upper_bound: 299999","lower_bound: 1500, upper_bound: 1999",USD,"{""age"":""65+"",""gender"":""unknown"",""percentage"":0.001142},{""age"":""18-24"",""gender"":""male"",""percentage"":0.012509},{""age"":""35-44"",""gender"":""unknown"",""percentage"":0.001315},{""age"":""55-64"",""gender"":""unknown"",""percentage"":0.001283},{""age"":""45-54"",""gender"":""unknown"",""percentage"":0.001132},{""age"":""35-44"",""gender"":""female"",""percentage"":0.095397},{""age"":""55-64"",""gender"":""female"",""percentage"":0.194142},{""age"":""25-34"",""gender"":""female"",""percentage"":0.100471},{""age"":""65+"",""gender"":""female"",""percentage"":0.161531},{""age"":""25-34"",""gender"":""unknown"",""percentage"":0.000559},{""age"":""45-54"",""gender"":""male"",""percentage"":0.048443},{""age"":""45-54"",""gender"":""female"",""percentage"":0.12182},{""age"":""25-34"",""gender"":""male"",""percentage"":0.052565},{""age"":""55-64"",""gender"":""male"",""percentage"":0.068487},{""age"":""65+"",""gender"":""male"",""percentage"":0.062339},{""age"":""35-44"",""gender"":""male"",""percentage"":0.046709},{""age"":""18-24"",""gender"":""female"",""percentage"":0.029998},{""age"":""18-24"",""gender"":""unknown"",""percentage"":0.000159}","{""region"":""Los R\u00edos Region"",""percentage"":0.027621},{""region"":""Los Lagos Region"",""percentage"":0.037741},{""region"":""State of Mexico"",""percentage"":4.0e-6},{""region"":""Hidalgo"",""percentage"":4.0e-6},{""region"":""Tarapac\u00e1 Region"",""percentage"":0.025628},{""region"":""Santiago Metropolitan Region"",""percentage"":0.374279},{""region"":""Maule Region"",""percentage"":0.063202},{""region"":""Magallanes y la Ant\u00e1rtica Chilena Region"",""percentage"":0.011846},{""region"":""O'Higgins Region"",""percentage"":0.051252},{""region"":""Arica y Parinacota Region"",""percentage"":0.017566},{""region"":""Coquimbo Region"",""percentage"":0.035625},{""region"":""B\u00edo B\u00edo Region"",""percentage"":0.123919},{""region"":""Atacama Region"",""percentage"":0.017212},{""region"":""Araucan\u00eda Region"",""percentage"":0.067056},{""region"":""Antofagasta Region"",""percentage"":0.037828},{""region"":""Ays\u00e9n Region"",""percentage"":0.007352},{""region"":""Valpara\u00edso Region"",""percentage"":0.101863},{""region"":""Nayarit"",""percentage"":4.0e-6}",facebook,"lower_bound: 100001, upper_bound: 500000",es
394532405647846,177384889097855,"Gabriel Boric",2021-11-12,2021-11-12,2021-11-18,"Gabriel Boric Font","Cada día de nuestra campaña nos hemos dedicado a llegar a lugares extremos del país para escuchar las distintas realidades y así construir un gobierno que sea por y para la gente.

Este espacio permite seguir llegando a otras zonas, pero no nos olvidemos que muchas personas tienen dificultad o nulo acceso a medios de comunicación, por eso #seguimos trabajando para poder conversar con cada una y uno de ustedes en persona, y hacer de nuestro gobierno un proyecto colectivo generado por todas y todos ✊

#FranjaBoric","Capitulo 1 Franja",,,"lower_bound: 35000, upper_bound: 39999","lower_bound: 200, upper_bound: 299",USD,"{""age"":""18-24"",""gender"":""unknown"",""percentage"":0.000255},{""age"":""45-54"",""gender"":""female"",""percentage"":0.117898},{""age"":""55-64"",""gender"":""unknown"",""percentage"":0.001711},{""age"":""25-34"",""gender"":""male"",""percentage"":0.046679},{""age"":""35-44"",""gender"":""unknown"",""percentage"":0.001481},{""age"":""18-24"",""gender"":""male"",""percentage"":0.009397},{""age"":""65+"",""gender"":""male"",""percentage"":0.075356},{""age"":""18-24"",""gender"":""female"",""percentage"":0.024387},{""age"":""65+"",""gender"":""female"",""percentage"":0.18092},{""age"":""65+"",""gender"":""unknown"",""percentage"":0.001736},{""age"":""45-54"",""gender"":""male"",""percentage"":0.049794},{""age"":""35-44"",""gender"":""female"",""percentage"":0.087766},{""age"":""35-44"",""gender"":""male"",""percentage"":0.041623},{""age"":""55-64"",""gender"":""male"",""percentage"":0.072598},{""age"":""25-34"",""gender"":""female"",""percentage"":0.093179},{""age"":""55-64"",""gender"":""female"",""percentage"":0.193202},{""age"":""25-34"",""gender"":""unknown"",""percentage"":0.000638},{""age"":""45-54"",""gender"":""unknown"",""percentage"":0.001379}","{""region"":""San Luis Potosi"",""percentage"":2.6e-5},{""region"":""Los R\u00edos Region"",""percentage"":0.025463},{""region"":""Arica y Parinacota Region"",""percentage"":0.017453},{""region"":""Valpara\u00edso Region"",""percentage"":0.104719},{""region"":""Ays\u00e9n Region"",""percentage"":0.006244},{""region"":""Antofagasta Region"",""percentage"":0.035828},{""region"":""Araucan\u00eda Region"",""percentage"":0.063543},{""region"":""Atacama Region"",""percentage"":0.015048},{""region"":""B\u00edo B\u00edo Region"",""percentage"":0.116286},{""region"":""Coquimbo Region"",""percentage"":0.033678},{""region"":""O'Higgins Region"",""percentage"":0.044631},{""region"":""Los Lagos Region"",""percentage"":0.033729},{""region"":""Magallanes y la Ant\u00e1rtica Chilena Region"",""percentage"":0.012181},{""region"":""Maule Region"",""percentage"":0.060037},{""region"":""Santiago Metropolitan Region"",""percentage"":0.408281},{""region"":""Tarapac\u00e1 Region"",""percentage"":0.022853}",facebook,"lower_bound: 100001, upper_bound: 500000",es
472365490827971,177384889097855,"Gabriel Boric",2021-11-12,2021-11-12,2021-11-18,"Gabriel Boric Font","El deporte es necesario para una sociedad más amable; nos cambia, nos conecta, nos mueve. Por eso hoy realizamos la Copa del Apruebo, que nos dio la oportunidad de reunir a la comunidad de Maipú, compartir y competir de manera sana ⚽

Hace un año atrás junt@s ganamos uno de los partidos más importantes del país, el del Apruebo. Hoy estamos disputando otro en el que se ponen en juego los cambios, por eso te necesitamos a ti para seguir construyendo el Chile que queremos ✊",,,,"lower_bound: 350000, upper_bound: 399999","lower_bound: 400, upper_bound: 499",USD,"{""age"":""18-24"",""gender"":""unknown"",""percentage"":0.000564},{""age"":""18-24"",""gender"":""male"",""percentage"":0.076126},{""age"":""55-64"",""gender"":""male"",""percentage"":0.049162},{""age"":""45-54"",""gender"":""female"",""percentage"":0.080054},{""age"":""45-54"",""gender"":""male"",""percentage"":0.08439},{""age"":""35-44"",""gender"":""male"",""percentage"":0.112284},{""age"":""18-24"",""gender"":""female"",""percentage"":0.072114},{""age"":""25-34"",""gender"":""male"",""percentage"":0.171992},{""age"":""25-34"",""gender"":""female"",""percentage"":0.146647},{""age"":""55-64"",""gender"":""unknown"",""percentage"":0.000374},{""age"":""35-44"",""gender"":""female"",""percentage"":0.107067},{""age"":""55-64"",""gender"":""female"",""percentage"":0.057362},{""age"":""65+"",""gender"":""female"",""percentage"":0.019907},{""age"":""35-44"",""gender"":""unknown"",""percentage"":0.001949},{""age"":""65+"",""gender"":""unknown"",""percentage"":0.000286},{""age"":""25-34"",""gender"":""unknown"",""percentage"":0.001252},{""age"":""45-54"",""gender"":""unknown"",""percentage"":0.000909},{""age"":""65+"",""gender"":""male"",""percentage"":0.017561}","{""region"":""Los R\u00edos Region"",""percentage"":0.030903},{""region"":""Magallanes y la Ant\u00e1rtica Chilena Region"",""percentage"":0.012976},{""region"":""Hidalgo"",""percentage"":3.0e-6},{""region"":""Chihuahua"",""percentage"":3.0e-6},{""region"":""Baja California"",""percentage"":5.0e-6},{""region"":""Yangon"",""percentage"":3.0e-6},{""region"":""Tarapac\u00e1 Region"",""percentage"":0.024079},{""region"":""Santiago Metropolitan Region"",""percentage"":0.259635},{""region"":""Maule Region"",""percentage"":0.087997},{""region"":""Los Lagos Region"",""percentage"":0.064994},{""region"":""Arica y Parinacota Region"",""percentage"":0.013802},{""region"":""O'Higgins Region"",""percentage"":0.073997},{""region"":""Coquimbo Region"",""percentage"":0.047718},{""region"":""B\u00edo B\u00edo Region"",""percentage"":0.140286},{""region"":""Atacama Region"",""percentage"":0.023796},{""region"":""Araucan\u00eda Region"",""percentage"":0.083756},{""region"":""Antofagasta Region"",""percentage"":0.040565},{""region"":""Ays\u00e9n Region"",""percentage"":0.009391},{""region"":""Valpara\u00edso Region"",""percentage"":0.086089},{""region"":""Tamaulipas"",""percentage"":3.0e-6}",facebook,"lower_bound: 1000001",es
576482573432605,177384889097855,"Gabriel Boric",2021-11-12,2021-11-12,2021-11-18,"Gabriel Boric Font","En nuestro país somos distintas, distintos, diversas, diversos y diferentes, pero juntas y juntos somos UNO ☝️🌳

En este segundo capítulo de #franjaelectoral compartimos todas y todos, de norte a sur, de mar a cordillera, con cada una de nuestras riquezas. #Seguimos por los cambios, seguimos por un #ChileDigno✊","Capítulo 2 Franja",,,"lower_bound: 250000, upper_bound: 299999","lower_bound: 1500, upper_bound: 1999",USD,"{""age"":""25-34"",""gender"":""unknown"",""percentage"":0.000586},{""age"":""55-64"",""gender"":""female"",""percentage"":0.189606},{""age"":""45-54"",""gender"":""unknown"",""percentage"":0.001188},{""age"":""35-44"",""gender"":""unknown"",""percentage"":0.001482},{""age"":""18-24"",""gender"":""female"",""percentage"":0.032787},{""age"":""35-44"",""gender"":""male"",""percentage"":0.048976},{""age"":""18-24"",""gender"":""male"",""percentage"":0.013197},{""age"":""25-34"",""gender"":""male"",""percentage"":0.053481},{""age"":""35-44"",""gender"":""female"",""percentage"":0.095719},{""age"":""65+"",""gender"":""unknown"",""percentage"":0.001207},{""age"":""65+"",""gender"":""male"",""percentage"":0.060422},{""age"":""25-34"",""gender"":""female"",""percentage"":0.104311},{""age"":""45-54"",""gender"":""female"",""percentage"":0.122247},{""age"":""45-54"",""gender"":""male"",""percentage"":0.0497},{""age"":""55-64"",""gender"":""male"",""percentage"":0.0679},{""age"":""65+"",""gender"":""female"",""percentage"":0.155701},{""age"":""55-64"",""gender"":""unknown"",""percentage"":0.001325},{""age"":""18-24"",""gender"":""unknown"",""percentage"":0.000165}","{""region"":""Los R\u00edos Region"",""percentage"":0.027585},{""region"":""Santiago Metropolitan Region"",""percentage"":0.380762},{""region"":""Tamaulipas"",""percentage"":8.0e-6},{""region"":""San Luis Potosi"",""percentage"":8.0e-6},{""region"":""Nuevo Le\u00f3n"",""percentage"":8.0e-6},{""region"":""Morelos"",""percentage"":4.0e-6},{""region"":""Hidalgo"",""percentage"":4.0e-6},{""region"":""Coahuila de Zaragoza"",""percentage"":4.0e-6},{""region"":""Baja California"",""percentage"":1.1e-5},{""region"":""Mandalay"",""percentage"":4.0e-6},{""region"":""Tarapac\u00e1 Region"",""percentage"":0.025159},{""region"":""Maule Region"",""percentage"":0.062818},{""region"":""Arica y Parinacota Region"",""percentage"":0.01727},{""region"":""Magallanes y la Ant\u00e1rtica Chilena Region"",""percentage"":0.012174},{""region"":""Los Lagos Region"",""percentage"":0.038087},{""region"":""O'Higgins Region"",""percentage"":0.050116},{""region"":""Coquimbo Region"",""percentage"":0.035214},{""region"":""B\u00edo B\u00edo Region"",""percentage"":0.122867},{""region"":""Atacama Region"",""percentage"":0.017179},{""region"":""Araucan\u00eda Region"",""percentage"":0.065454},{""region"":""Antofagasta Region"",""percentage"":0.036553},{""region"":""Ays\u00e9n Region"",""percentage"":0.007155},{""region"":""Valpara\u00edso Region"",""percentage"":0.101552},{""region"":""Buenos Aires"",""percentage"":4.0e-6}",facebook,"lower_bound: 100001, upper_bound: 500000",es
1043990079755424,177384889097855,"Gabriel Boric",2021-11-12,2021-11-12,2021-11-18,"Gabriel Boric Font","Súmate a la nueva playlist El Árbol de acceso gratuito en Spotify, puedes hacer tu colaboración para el nuevo Chile que estamos formando 🎶

No importa si tu pieza no está acabada o aún se encuentra en baja calidad, acá está el espacio para ti.

Ingresa a la web boricpresidente.cl/playlist y entérate de cómo hacer tu aporte ✊",,,,"lower_bound: 175000, upper_bound: 199999","lower_bound: 1000, upper_bound: 1499",USD,"{""age"":""65+"",""gender"":""unknown"",""percentage"":0.001705},{""age"":""35-44"",""gender"":""unknown"",""percentage"":0.001669},{""age"":""25-34"",""gender"":""unknown"",""percentage"":0.000679},{""age"":""55-64"",""gender"":""unknown"",""percentage"":0.001628},{""age"":""45-54"",""gender"":""male"",""percentage"":0.045458},{""age"":""35-44"",""gender"":""male"",""percentage"":0.04097},{""age"":""18-24"",""gender"":""female"",""percentage"":0.026031},{""age"":""65+"",""gender"":""male"",""percentage"":0.076927},{""age"":""25-34"",""gender"":""male"",""percentage"":0.048532},{""age"":""18-24"",""gender"":""male"",""percentage"":0.009968},{""age"":""25-34"",""gender"":""female"",""percentage"":0.100755},{""age"":""65+"",""gender"":""female"",""percentage"":0.182403},{""age"":""55-64"",""gender"":""male"",""percentage"":0.070707},{""age"":""55-64"",""gender"":""female"",""percentage"":0.185716},{""age"":""45-54"",""gender"":""unknown"",""percentage"":0.001425},{""age"":""45-54"",""gender"":""female"",""percentage"":0.112029},{""age"":""35-44"",""gender"":""female"",""percentage"":0.09328},{""age"":""18-24"",""gender"":""unknown"",""percentage"":0.000119}","{""region"":""Los R\u00edos Region"",""percentage"":0.026316},{""region"":""Arica y Parinacota Region"",""percentage"":0.01744},{""region"":""Valpara\u00edso Region"",""percentage"":0.104403},{""region"":""Ays\u00e9n Region"",""percentage"":0.006039},{""region"":""Antofagasta Region"",""percentage"":0.037948},{""region"":""Araucan\u00eda Region"",""percentage"":0.063449},{""region"":""Atacama Region"",""percentage"":0.015357},{""region"":""B\u00edo B\u00edo Region"",""percentage"":0.112366},{""region"":""Coquimbo Region"",""percentage"":0.035352},{""region"":""O'Higgins Region"",""percentage"":0.047071},{""region"":""Los Lagos Region"",""percentage"":0.034551},{""region"":""Magallanes y la Ant\u00e1rtica Chilena Region"",""percentage"":0.011883},{""region"":""Maule Region"",""percentage"":0.055932},{""region"":""Santiago Metropolitan Region"",""percentage"":0.407706},{""region"":""Tarapac\u00e1 Region"",""percentage"":0.024187}",facebook,"lower_bound: 100001, upper_bound: 500000",es
2991265104470219,177384889097855,"Gabriel Boric",2021-11-12,2021-11-12,2021-11-18,"Gabriel Boric Font","Nos han llegado muy buenas e inspiradoras ideas para hacer campaña, les comparto este video para personalizar poleras reutilizando 👕 viejas, cloro y un poco de motricidad fina para hacer el stencil 📐✏️. 
💡¿Se les ocurren más formas de hacer materiales de campaña amigables con el medio ambiente🌳?

*La plantilla pueden descargarla desde acá https://bit.ly/2Y668Pv","Polera estampa sin tinta",,,"lower_bound: 175000, upper_bound: 199999","lower_bound: 200, upper_bound: 299",USD,"{""age"":""65+"",""gender"":""unknown"",""percentage"":0.000195},{""age"":""35-44"",""gender"":""male"",""percentage"":0.105228},{""age"":""25-34"",""gender"":""unknown"",""percentage"":0.00144},{""age"":""65+"",""gender"":""male"",""percentage"":0.010223},{""age"":""45-54"",""gender"":""female"",""percentage"":0.080375},{""age"":""55-64"",""gender"":""male"",""percentage"":0.02747},{""age"":""18-24"",""gender"":""male"",""percentage"":0.067421},{""age"":""55-64"",""gender"":""female"",""percentage"":0.045237},{""age"":""18-24"",""gender"":""female"",""percentage"":0.096645},{""age"":""55-64"",""gender"":""unknown"",""percentage"":0.000334},{""age"":""25-34"",""gender"":""female"",""percentage"":0.189423},{""age"":""65+"",""gender"":""female"",""percentage"":0.014069},{""age"":""25-34"",""gender"":""male"",""percentage"":0.167152},{""age"":""35-44"",""gender"":""female"",""percentage"":0.130353},{""age"":""45-54"",""gender"":""male"",""percentage"":0.060279},{""age"":""45-54"",""gender"":""unknown"",""percentage"":0.001126},{""age"":""18-24"",""gender"":""unknown"",""percentage"":0.000818},{""age"":""35-44"",""gender"":""unknown"",""percentage"":0.002211}","{""region"":""Los R\u00edos Region"",""percentage"":0.030307},{""region"":""Arica y Parinacota Region"",""percentage"":0.01671},{""region"":""Valpara\u00edso Region"",""percentage"":0.087916},{""region"":""Ays\u00e9n Region"",""percentage"":0.009688},{""region"":""Antofagasta Region"",""percentage"":0.048733},{""region"":""Araucan\u00eda Region"",""percentage"":0.078619},{""region"":""Atacama Region"",""percentage"":0.025936},{""region"":""B\u00edo B\u00edo Region"",""percentage"":0.134389},{""region"":""Coquimbo Region"",""percentage"":0.049515},{""region"":""O'Higgins Region"",""percentage"":0.068048},{""region"":""Los Lagos Region"",""percentage"":0.061752},{""region"":""Magallanes y la Ant\u00e1rtica Chilena Region"",""percentage"":0.015694},{""region"":""Maule Region"",""percentage"":0.080823},{""region"":""Santiago Metropolitan Region"",""percentage"":0.263417},{""region"":""Tarapac\u00e1 Region"",""percentage"":0.028454}",facebook,"lower_bound: 1000001",es
424000499175954,177384889097855,"Gabriel Boric",2021-11-08,2021-11-08,2021-11-13,"Gabriel Boric Font","Nos han llegado muy buenas e inspiradoras ideas para hacer campaña, les comparto este video para personalizar poleras reutilizando 👕 viejas, cloro y un poco de motricidad fina para hacer el stencil 📐✏️. 
💡¿Se les ocurren más formas de hacer materiales de campaña amigables con el medio ambiente🌳?

*La plantilla pueden descargarla desde acá https://bit.ly/2Y668Pv","Polera estampa sin tinta",,,"lower_bound: 600000, upper_bound: 699999","lower_bound: 600, upper_bound: 699",USD,"{""age"":""55-64"",""gender"":""unknown"",""percentage"":0.000328},{""age"":""55-64"",""gender"":""female"",""percentage"":0.047137},{""age"":""65+"",""gender"":""male"",""percentage"":0.010473},{""age"":""55-64"",""gender"":""male"",""percentage"":0.031135},{""age"":""35-44"",""gender"":""male"",""percentage"":0.108409},{""age"":""25-34"",""gender"":""male"",""percentage"":0.161066},{""age"":""35-44"",""gender"":""female"",""percentage"":0.124683},{""age"":""65+"",""gender"":""female"",""percentage"":0.013484},{""age"":""45-54"",""gender"":""male"",""percentage"":0.068058},{""age"":""65+"",""gender"":""unknown"",""percentage"":0.000177},{""age"":""25-34"",""gender"":""female"",""percentage"":0.180771},{""age"":""45-54"",""gender"":""female"",""percentage"":0.085256},{""age"":""18-24"",""gender"":""female"",""percentage"":0.09639},{""age"":""18-24"",""gender"":""male"",""percentage"":0.067846},{""age"":""35-44"",""gender"":""unknown"",""percentage"":0.001873},{""age"":""25-34"",""gender"":""unknown"",""percentage"":0.001258},{""age"":""18-24"",""gender"":""unknown"",""percentage"":0.0006},{""age"":""45-54"",""gender"":""unknown"",""percentage"":0.001056}","{""region"":""Los R\u00edos Region"",""percentage"":0.028602},{""region"":""Arica y Parinacota Region"",""percentage"":0.018164},{""region"":""Valpara\u00edso Region"",""percentage"":0.095645},{""region"":""Ays\u00e9n Region"",""percentage"":0.009653},{""region"":""Antofagasta Region"",""percentage"":0.045263},{""region"":""Araucan\u00eda Region"",""percentage"":0.071672},{""region"":""Atacama Region"",""percentage"":0.022994},{""region"":""B\u00edo B\u00edo Region"",""percentage"":0.135447},{""region"":""Coquimbo Region"",""percentage"":0.050245},{""region"":""O'Higgins Region"",""percentage"":0.060016},{""region"":""Los Lagos Region"",""percentage"":0.0718},{""region"":""Magallanes y la Ant\u00e1rtica Chilena Region"",""percentage"":0.015338},{""region"":""Maule Region"",""percentage"":0.073264},{""region"":""Santiago Metropolitan Region"",""percentage"":0.273453},{""region"":""Tarapac\u00e1 Region"",""percentage"":0.028443}",facebook,"lower_bound: 1000001",es
444508790349844,177384889097855,"Gabriel Boric",2021-11-08,2021-11-08,2021-11-13,"Gabriel Boric Font","Súmate a la nueva playlist El Árbol de acceso gratuito en Spotify, puedes hacer tu colaboración para el nuevo Chile que estamos formando 🎶

No importa si tu pieza no está acabada o aún se encuentra en baja calidad, acá está el espacio para ti.

Ingresa a la web boricpresidente.cl/playlist y entérate de cómo hacer tu aporte ✊",,,,"lower_bound: 200000, upper_bound: 249999","lower_bound: 1000, upper_bound: 1499",USD,"{""age"":""45-54"",""gender"":""unknown"",""percentage"":0.001183},{""age"":""25-34"",""gender"":""female"",""percentage"":0.115512},{""age"":""25-34"",""gender"":""unknown"",""percentage"":0.000668},{""age"":""55-64"",""gender"":""unknown"",""percentage"":0.001149},{""age"":""65+"",""gender"":""unknown"",""percentage"":0.000947},{""age"":""55-64"",""gender"":""male"",""percentage"":0.06357},{""age"":""55-64"",""gender"":""female"",""percentage"":0.187503},{""age"":""18-24"",""gender"":""female"",""percentage"":0.036087},{""age"":""45-54"",""gender"":""male"",""percentage"":0.051182},{""age"":""35-44"",""gender"":""unknown"",""percentage"":0.001467},{""age"":""35-44"",""gender"":""female"",""percentage"":0.100282},{""age"":""45-54"",""gender"":""female"",""percentage"":0.121129},{""age"":""65+"",""gender"":""female"",""percentage"":0.14276},{""age"":""65+"",""gender"":""male"",""percentage"":0.051418},{""age"":""25-34"",""gender"":""male"",""percentage"":0.058867},{""age"":""35-44"",""gender"":""male"",""percentage"":0.052298},{""age"":""18-24"",""gender"":""male"",""percentage"":0.013797},{""age"":""18-24"",""gender"":""unknown"",""percentage"":0.000178}","{""region"":""Los R\u00edos Region"",""percentage"":0.025878},{""region"":""Arica y Parinacota Region"",""percentage"":0.017037},{""region"":""Valpara\u00edso Region"",""percentage"":0.103769},{""region"":""Ays\u00e9n Region"",""percentage"":0.007136},{""region"":""Antofagasta Region"",""percentage"":0.036286},{""region"":""Araucan\u00eda Region"",""percentage"":0.063576},{""region"":""Atacama Region"",""percentage"":0.016281},{""region"":""B\u00edo B\u00edo Region"",""percentage"":0.118951},{""region"":""Coquimbo Region"",""percentage"":0.033077},{""region"":""O'Higgins Region"",""percentage"":0.046727},{""region"":""Los Lagos Region"",""percentage"":0.050475},{""region"":""Magallanes y la Ant\u00e1rtica Chilena Region"",""percentage"":0.011048},{""region"":""Maule Region"",""percentage"":0.058411},{""region"":""Santiago Metropolitan Region"",""percentage"":0.386368},{""region"":""Tarapac\u00e1 Region"",""percentage"":0.024982}",facebook,"lower_bound: 100001, upper_bound: 500000",es
301742518460622,177384889097855,"Gabriel Boric",2021-11-02,2021-11-08,2021-11-13,"Gabriel Boric Font","En nuestro país somos distintas, distintos, diversas, diversos y diferentes, pero juntas y juntos somos UNO ☝️🌳

En este segundo capítulo de #franjaelectoral compartimos todas y todos, de norte a sur, de mar a cordillera, con cada una de nuestras riquezas. #Seguimos por los cambios, seguimos por un #ChileDigno✊","Capítulo 2 Franja",,,"lower_bound: 300000, upper_bound: 349999","lower_bound: 1000, upper_bound: 1499",USD,"{""age"":""18-24"",""gender"":""unknown"",""percentage"":0.000177},{""age"":""55-64"",""gender"":""female"",""percentage"":0.193929},{""age"":""55-64"",""gender"":""unknown"",""percentage"":0.001228},{""age"":""65+"",""gender"":""unknown"",""percentage"":0.001221},{""age"":""45-54"",""gender"":""male"",""percentage"":0.050167},{""age"":""35-44"",""gender"":""male"",""percentage"":0.049525},{""age"":""55-64"",""gender"":""male"",""percentage"":0.06747},{""age"":""25-34"",""gender"":""female"",""percentage"":0.102697},{""age"":""25-34"",""gender"":""male"",""percentage"":0.054384},{""age"":""25-34"",""gender"":""unknown"",""percentage"":0.000658},{""age"":""45-54"",""gender"":""female"",""percentage"":0.117856},{""age"":""65+"",""gender"":""male"",""percentage"":0.059082},{""age"":""35-44"",""gender"":""female"",""percentage"":0.095367},{""age"":""65+"",""gender"":""female"",""percentage"":0.160506},{""age"":""18-24"",""gender"":""male"",""percentage"":0.012461},{""age"":""18-24"",""gender"":""female"",""percentage"":0.030831},{""age"":""35-44"",""gender"":""unknown"",""percentage"":0.001329},{""age"":""45-54"",""gender"":""unknown"",""percentage"":0.001113}","{""region"":""Los R\u00edos Region"",""percentage"":0.025675},{""region"":""Arica y Parinacota Region"",""percentage"":0.016929},{""region"":""Valpara\u00edso Region"",""percentage"":0.10439},{""region"":""Ays\u00e9n Region"",""percentage"":0.006729},{""region"":""Antofagasta Region"",""percentage"":0.03527},{""region"":""Araucan\u00eda Region"",""percentage"":0.061266},{""region"":""Atacama Region"",""percentage"":0.015904},{""region"":""B\u00edo B\u00edo Region"",""percentage"":0.122757},{""region"":""Coquimbo Region"",""percentage"":0.032061},{""region"":""O'Higgins Region"",""percentage"":0.047738},{""region"":""Los Lagos Region"",""percentage"":0.048841},{""region"":""Magallanes y la Ant\u00e1rtica Chilena Region"",""percentage"":0.011157},{""region"":""Maule Region"",""percentage"":0.05758},{""region"":""Santiago Metropolitan Region"",""percentage"":0.389661},{""region"":""Tarapac\u00e1 Region"",""percentage"":0.024044}",facebook,"lower_bound: 100001, upper_bound: 500000",es
320605829398882,177384889097855,"Gabriel Boric",2021-11-02,2021-11-07,2021-11-13,"Gabriel Boric Font","Nuestro gobierno combatirá con toda la fuerza el daño medio ambiental que han ocasionado décadas de mega industria, por eso desde ya hemos decidido utilizar volantes sin tinta, para disminuir el impacto negativo que genera la propaganda. 
Estos bonitos diseños están hechos con papel biodegradable, que lo hace perfecto para compostar. Además tienen doble uso, puedes leerlo y también utilizarlo para marcar tu cuaderno, pieza o ropa un cepillo de dientes y pintura 🌳

#Seguimos por la sustentabilidad ✊",,,,"lower_bound: 300000, upper_bound: 349999","lower_bound: 1000, upper_bound: 1499",USD,"{""age"":""35-44"",""gender"":""unknown"",""percentage"":0.001279},{""age"":""25-34"",""gender"":""male"",""percentage"":0.05357},{""age"":""55-64"",""gender"":""unknown"",""percentage"":0.001193},{""age"":""45-54"",""gender"":""unknown"",""percentage"":0.001108},{""age"":""65+"",""gender"":""unknown"",""percentage"":0.001155},{""age"":""18-24"",""gender"":""female"",""percentage"":0.03185},{""age"":""45-54"",""gender"":""male"",""percentage"":0.050029},{""age"":""65+"",""gender"":""female"",""percentage"":0.160448},{""age"":""25-34"",""gender"":""female"",""percentage"":0.10114},{""age"":""25-34"",""gender"":""unknown"",""percentage"":0.00063},{""age"":""55-64"",""gender"":""female"",""percentage"":0.19633},{""age"":""65+"",""gender"":""male"",""percentage"":0.056687},{""age"":""55-64"",""gender"":""male"",""percentage"":0.066558},{""age"":""35-44"",""gender"":""female"",""percentage"":0.095896},{""age"":""35-44"",""gender"":""male"",""percentage"":0.04881},{""age"":""45-54"",""gender"":""female"",""percentage"":0.120584},{""age"":""18-24"",""gender"":""male"",""percentage"":0.01257},{""age"":""18-24"",""gender"":""unknown"",""percentage"":0.000161}","{""region"":""Los R\u00edos Region"",""percentage"":0.025874},{""region"":""Arica y Parinacota Region"",""percentage"":0.016985},{""region"":""Valpara\u00edso Region"",""percentage"":0.103684},{""region"":""Ays\u00e9n Region"",""percentage"":0.006678},{""region"":""Antofagasta Region"",""percentage"":0.035335},{""region"":""Araucan\u00eda Region"",""percentage"":0.061417},{""region"":""Atacama Region"",""percentage"":0.01601},{""region"":""B\u00edo B\u00edo Region"",""percentage"":0.123069},{""region"":""Coquimbo Region"",""percentage"":0.032253},{""region"":""O'Higgins Region"",""percentage"":0.046759},{""region"":""Los Lagos Region"",""percentage"":0.048829},{""region"":""Magallanes y la Ant\u00e1rtica Chilena Region"",""percentage"":0.011116},{""region"":""Maule Region"",""percentage"":0.058529},{""region"":""Santiago Metropolitan Region"",""percentage"":0.388929},{""region"":""Tarapac\u00e1 Region"",""percentage"":0.024534}",facebook,"lower_bound: 100001, upper_bound: 500000",es
737972124262642,177384889097855,"Gabriel Boric",2021-11-02,2021-11-06,2021-11-13,"Gabriel Boric Font","Árbol a árbol, raíz a raíz, nos acompañamos, nos sumamos. Porque junt@s somos UNO 🌳","Capítulo 3 Franja",,,"lower_bound: 300000, upper_bound: 349999","lower_bound: 1500, upper_bound: 1999",USD,"{""age"":""25-34"",""gender"":""unknown"",""percentage"":0.000647},{""age"":""45-54"",""gender"":""male"",""percentage"":0.051343},{""age"":""55-64"",""gender"":""unknown"",""percentage"":0.001249},{""age"":""45-54"",""gender"":""unknown"",""percentage"":0.001199},{""age"":""65+"",""gender"":""unknown"",""percentage"":0.001267},{""age"":""35-44"",""gender"":""unknown"",""percentage"":0.001317},{""age"":""18-24"",""gender"":""female"",""percentage"":0.03148},{""age"":""55-64"",""gender"":""male"",""percentage"":0.068652},{""age"":""35-44"",""gender"":""female"",""percentage"":0.094391},{""age"":""35-44"",""gender"":""male"",""percentage"":0.049778},{""age"":""65+"",""gender"":""male"",""percentage"":0.060325},{""age"":""45-54"",""gender"":""female"",""percentage"":0.118471},{""age"":""25-34"",""gender"":""female"",""percentage"":0.09963},{""age"":""25-34"",""gender"":""male"",""percentage"":0.053841},{""age"":""18-24"",""gender"":""male"",""percentage"":0.012777},{""age"":""55-64"",""gender"":""female"",""percentage"":0.1923},{""age"":""65+"",""gender"":""female"",""percentage"":0.161154},{""age"":""18-24"",""gender"":""unknown"",""percentage"":0.00018}","{""region"":""Jalisco"",""percentage"":3.0e-6},{""region"":""Los R\u00edos Region"",""percentage"":0.025565},{""region"":""Arica y Parinacota Region"",""percentage"":0.016866},{""region"":""Valpara\u00edso Region"",""percentage"":0.104447},{""region"":""Ays\u00e9n Region"",""percentage"":0.006711},{""region"":""Antofagasta Region"",""percentage"":0.034998},{""region"":""Araucan\u00eda Region"",""percentage"":0.061916},{""region"":""Atacama Region"",""percentage"":0.015811},{""region"":""B\u00edo B\u00edo Region"",""percentage"":0.120562},{""region"":""Coquimbo Region"",""percentage"":0.032341},{""region"":""O'Higgins Region"",""percentage"":0.0464},{""region"":""Los Lagos Region"",""percentage"":0.048267},{""region"":""Magallanes y la Ant\u00e1rtica Chilena Region"",""percentage"":0.011057},{""region"":""Maule Region"",""percentage"":0.057517},{""region"":""Santiago Metropolitan Region"",""percentage"":0.393714},{""region"":""Tarapac\u00e1 Region"",""percentage"":0.023825}",facebook,"lower_bound: 100001, upper_bound: 500000",es
1608578849342316,177384889097855,"Gabriel Boric",2021-11-04,2021-11-04,2021-11-17,"Gabriel Boric Font","Este 21 de noviembre juntas y juntos seguimos el proceso de cambios por un Chile Justo, digno y cariñoso. Vota 1.","Votemos por el cambio a un nuevo Chile",boricpresidente.cl,"Elecciones 2021","lower_bound: 1000000","lower_bound: 3000, upper_bound: 3499",USD,"{""age"":""18-24"",""gender"":""male"",""percentage"":0.003296},{""age"":""65+"",""gender"":""male"",""percentage"":0.089278},{""age"":""25-34"",""gender"":""unknown"",""percentage"":0.000323},{""age"":""65+"",""gender"":""unknown"",""percentage"":0.000817},{""age"":""45-54"",""gender"":""unknown"",""percentage"":0.000683},{""age"":""55-64"",""gender"":""unknown"",""percentage"":0.000809},{""age"":""25-34"",""gender"":""female"",""percentage"":0.044819},{""age"":""35-44"",""gender"":""male"",""percentage"":0.046212},{""age"":""45-54"",""gender"":""male"",""percentage"":0.078319},{""age"":""18-24"",""gender"":""female"",""percentage"":0.003671},{""age"":""55-64"",""gender"":""male"",""percentage"":0.133141},{""age"":""35-44"",""gender"":""female"",""percentage"":0.056036},{""age"":""45-54"",""gender"":""female"",""percentage"":0.114737},{""age"":""55-64"",""gender"":""female"",""percentage"":0.205996},{""age"":""65+"",""gender"":""female"",""percentage"":0.175556},{""age"":""25-34"",""gender"":""male"",""percentage"":0.045726},{""age"":""35-44"",""gender"":""unknown"",""percentage"":0.000565},{""age"":""18-24"",""gender"":""unknown"",""percentage"":1.7e-5}","{""region"":""Baja California"",""percentage"":2.0e-6},{""region"":""Los R\u00edos Region"",""percentage"":0.028653},{""region"":""Arica y Parinacota Region"",""percentage"":0.019466},{""region"":""Valpara\u00edso Region"",""percentage"":0.087821},{""region"":""Ays\u00e9n Region"",""percentage"":0.008061},{""region"":""Antofagasta Region"",""percentage"":0.030908},{""region"":""Araucan\u00eda Region"",""percentage"":0.076925},{""region"":""Atacama Region"",""percentage"":0.017156},{""region"":""B\u00edo B\u00edo Region"",""percentage"":0.145759},{""region"":""Coquimbo Region"",""percentage"":0.041915},{""region"":""O'Higgins Region"",""percentage"":0.056436},{""region"":""Los Lagos Region"",""percentage"":0.066631},{""region"":""Magallanes y la Ant\u00e1rtica Chilena Region"",""percentage"":0.015059},{""region"":""Maule Region"",""percentage"":0.075805},{""region"":""Santiago Metropolitan Region"",""percentage"":0.307145},{""region"":""Tarapac\u00e1 Region"",""percentage"":0.022259}","facebook,instagram","lower_bound: 1000001",
851682662168605,177384889097855,"Gabriel Boric",2021-11-04,2021-11-05,2021-11-18,"Gabriel Boric Font","Haremos la reforma más profunda en el sistema de salud, dando acceso universal a la atención y tratamientos de enfermedades.","Acceso a la Salud Universal",boricpresidente.cl,"La salud nos importa.","lower_bound: 1000000","lower_bound: 5000, upper_bound: 5999",USD,"{""age"":""65+"",""gender"":""unknown"",""percentage"":0.001053},{""age"":""65+"",""gender"":""male"",""percentage"":0.079452},{""age"":""55-64"",""gender"":""unknown"",""percentage"":0.001112},{""age"":""45-54"",""gender"":""unknown"",""percentage"":0.001101},{""age"":""25-34"",""gender"":""unknown"",""percentage"":0.000439},{""age"":""35-44"",""gender"":""unknown"",""percentage"":0.000955},{""age"":""25-34"",""gender"":""male"",""percentage"":0.038288},{""age"":""18-24"",""gender"":""female"",""percentage"":0.003708},{""age"":""35-44"",""gender"":""female"",""percentage"":0.064509},{""age"":""55-64"",""gender"":""female"",""percentage"":0.223737},{""age"":""45-54"",""gender"":""male"",""percentage"":0.0716},{""age"":""65+"",""gender"":""female"",""percentage"":0.187121},{""age"":""18-24"",""gender"":""male"",""percentage"":0.003629},{""age"":""25-34"",""gender"":""female"",""percentage"":0.043528},{""age"":""55-64"",""gender"":""male"",""percentage"":0.112034},{""age"":""45-54"",""gender"":""female"",""percentage"":0.12412},{""age"":""35-44"",""gender"":""male"",""percentage"":0.043592},{""age"":""18-24"",""gender"":""unknown"",""percentage"":2.4e-5}","{""region"":""Los R\u00edos Region"",""percentage"":0.030753},{""region"":""O'Higgins Region"",""percentage"":0.054922},{""region"":""Coahuila de Zaragoza"",""percentage"":1.0e-6},{""region"":""Tarapac\u00e1 Region"",""percentage"":0.018715},{""region"":""Santiago Metropolitan Region"",""percentage"":0.310241},{""region"":""Maule Region"",""percentage"":0.071472},{""region"":""Magallanes y la Ant\u00e1rtica Chilena Region"",""percentage"":0.014371},{""region"":""Los Lagos Region"",""percentage"":0.067748},{""region"":""Coquimbo Region"",""percentage"":0.044167},{""region"":""Arica y Parinacota Region"",""percentage"":0.015896},{""region"":""B\u00edo B\u00edo Region"",""percentage"":0.143432},{""region"":""Atacama Region"",""percentage"":0.017683},{""region"":""Araucan\u00eda Region"",""percentage"":0.074024},{""region"":""Antofagasta Region"",""percentage"":0.02922},{""region"":""Ays\u00e9n Region"",""percentage"":0.008404},{""region"":""Valpara\u00edso Region"",""percentage"":0.098951},{""region"":""Sinaloa"",""percentage"":1.0e-6}","facebook,instagram","lower_bound: 1000001",
870752303803317,177384889097855,"Gabriel Boric",2021-11-04,2021-11-05,2021-11-18,"Gabriel Boric Font","Llevamos años luchando por una educación pública de calidad. Como gobierno fomentaremos una buena enseñanza no sexista.","La enseñanza como base para el futuro",boricpresidente.cl,"Educación pública de calidad","lower_bound: 1000000","lower_bound: 3500, upper_bound: 3999",USD,"{""age"":""18-24"",""gender"":""unknown"",""percentage"":1.1e-5},{""age"":""25-34"",""gender"":""female"",""percentage"":0.03112},{""age"":""55-64"",""gender"":""unknown"",""percentage"":0.001096},{""age"":""45-54"",""gender"":""unknown"",""percentage"":0.000706},{""age"":""65+"",""gender"":""unknown"",""percentage"":0.001274},{""age"":""18-24"",""gender"":""female"",""percentage"":0.002401},{""age"":""18-24"",""gender"":""male"",""percentage"":0.00305},{""age"":""25-34"",""gender"":""male"",""percentage"":0.037525},{""age"":""35-44"",""gender"":""male"",""percentage"":0.042083},{""age"":""35-44"",""gender"":""unknown"",""percentage"":0.000444},{""age"":""35-44"",""gender"":""female"",""percentage"":0.041341},{""age"":""45-54"",""gender"":""male"",""percentage"":0.076696},{""age"":""65+"",""gender"":""male"",""percentage"":0.109029},{""age"":""45-54"",""gender"":""female"",""percentage"":0.096035},{""age"":""55-64"",""gender"":""female"",""percentage"":0.213148},{""age"":""55-64"",""gender"":""male"",""percentage"":0.143903},{""age"":""65+"",""gender"":""female"",""percentage"":0.19985},{""age"":""25-34"",""gender"":""unknown"",""percentage"":0.000287}","{""region"":""Unknown"",""percentage"":2.0e-6},{""region"":""Los R\u00edos Region"",""percentage"":0.031001},{""region"":""Arica y Parinacota Region"",""percentage"":0.017875},{""region"":""Valpara\u00edso Region"",""percentage"":0.094352},{""region"":""Ays\u00e9n Region"",""percentage"":0.008875},{""region"":""Antofagasta Region"",""percentage"":0.030361},{""region"":""Araucan\u00eda Region"",""percentage"":0.081634},{""region"":""Atacama Region"",""percentage"":0.018126},{""region"":""B\u00edo B\u00edo Region"",""percentage"":0.146197},{""region"":""Coquimbo Region"",""percentage"":0.040245},{""region"":""O'Higgins Region"",""percentage"":0.052807},{""region"":""Los Lagos Region"",""percentage"":0.069878},{""region"":""Magallanes y la Ant\u00e1rtica Chilena Region"",""percentage"":0.015609},{""region"":""Maule Region"",""percentage"":0.072266},{""region"":""Santiago Metropolitan Region"",""percentage"":0.300055},{""region"":""Tarapac\u00e1 Region"",""percentage"":0.020716}","facebook,instagram","lower_bound: 1000001",
593402798662387,177384889097855,"Gabriel Boric",2021-11-04,2021-11-05,2021-11-18,"Gabriel Boric Font","Seremos el primer gobierno ecológico de Chile, impulsando políticas sustentables para combatir la crisis climática.","Nuevo modelo de desarrollo sustentable",boricpresidente.cl,"Políticas verdes crean futuro","lower_bound: 1000000","lower_bound: 4500, upper_bound: 4999",USD,"{""age"":""55-64"",""gender"":""unknown"",""percentage"":0.000934},{""age"":""55-64"",""gender"":""male"",""percentage"":0.08969},{""age"":""35-44"",""gender"":""female"",""percentage"":0.07757},{""age"":""18-24"",""gender"":""male"",""percentage"":0.012546},{""age"":""45-54"",""gender"":""male"",""percentage"":0.084017},{""age"":""55-64"",""gender"":""female"",""percentage"":0.134108},{""age"":""25-34"",""gender"":""male"",""percentage"":0.14383},{""age"":""35-44"",""gender"":""male"",""percentage"":0.101462},{""age"":""25-34"",""gender"":""unknown"",""percentage"":0.00126},{""age"":""45-54"",""gender"":""unknown"",""percentage"":0.00152},{""age"":""45-54"",""gender"":""female"",""percentage"":0.094463},{""age"":""25-34"",""gender"":""female"",""percentage"":0.083188},{""age"":""65+"",""gender"":""male"",""percentage"":0.058617},{""age"":""65+"",""gender"":""female"",""percentage"":0.106719},{""age"":""18-24"",""gender"":""female"",""percentage"":0.007085},{""age"":""65+"",""gender"":""unknown"",""percentage"":0.00079},{""age"":""35-44"",""gender"":""unknown"",""percentage"":0.002127},{""age"":""18-24"",""gender"":""unknown"",""percentage"":7.4e-5}","{""region"":""Baja California"",""percentage"":1.0e-6},{""region"":""B\u00edo B\u00edo Region"",""percentage"":0.141855},{""region"":""Santiago Metropolitan Region"",""percentage"":0.303397},{""region"":""Maule Region"",""percentage"":0.073226},{""region"":""Magallanes y la Ant\u00e1rtica Chilena Region"",""percentage"":0.014284},{""region"":""Los Lagos Region"",""percentage"":0.068569},{""region"":""O'Higgins Region"",""percentage"":0.05571},{""region"":""Coquimbo Region"",""percentage"":0.042178},{""region"":""Atacama Region"",""percentage"":0.017786},{""region"":""Unknown"",""percentage"":1.0e-6},{""region"":""Araucan\u00eda Region"",""percentage"":0.08459},{""region"":""Antofagasta Region"",""percentage"":0.027939},{""region"":""Ays\u00e9n Region"",""percentage"":0.008187},{""region"":""Valpara\u00edso Region"",""percentage"":0.096792},{""region"":""Arica y Parinacota Region"",""percentage"":0.016018},{""region"":""Los R\u00edos Region"",""percentage"":0.030685},{""region"":""Tarapac\u00e1 Region"",""percentage"":0.018782}","facebook,instagram","lower_bound: 1000001",
1404040973325669,177384889097855,"Gabriel Boric",2021-11-04,2021-11-04,2021-11-18,"Gabriel Boric Font","Avancemos a un nuevo Chile de amabilidad y respeto. Seguimos por la salud, educación, pensiones, medio ambiente y mucho más.","El nuevo Chile está en tus manos",boricpresidente.cl,"Vota Boric, vota 1","lower_bound: 200000, upper_bound: 249999","lower_bound: 500, upper_bound: 599",USD,"{""age"":""18-24"",""gender"":""unknown"",""percentage"":5.3e-5},{""age"":""65+"",""gender"":""female"",""percentage"":0.221564},{""age"":""18-24"",""gender"":""female"",""percentage"":0.003262},{""age"":""25-34"",""gender"":""unknown"",""percentage"":0.000616},{""age"":""45-54"",""gender"":""male"",""percentage"":0.06777},{""age"":""35-44"",""gender"":""unknown"",""percentage"":0.001034},{""age"":""55-64"",""gender"":""female"",""percentage"":0.196589},{""age"":""45-54"",""gender"":""female"",""percentage"":0.094919},{""age"":""25-34"",""gender"":""female"",""percentage"":0.041009},{""age"":""65+"",""gender"":""unknown"",""percentage"":0.001726},{""age"":""35-44"",""gender"":""female"",""percentage"":0.049957},{""age"":""25-34"",""gender"":""male"",""percentage"":0.050588},{""age"":""55-64"",""gender"":""male"",""percentage"":0.116229},{""age"":""65+"",""gender"":""male"",""percentage"":0.100553},{""age"":""35-44"",""gender"":""male"",""percentage"":0.047235},{""age"":""45-54"",""gender"":""unknown"",""percentage"":0.001262},{""age"":""55-64"",""gender"":""unknown"",""percentage"":0.001475},{""age"":""18-24"",""gender"":""male"",""percentage"":0.004159}","{""region"":""Los R\u00edos Region"",""percentage"":0.030405},{""region"":""Arica y Parinacota Region"",""percentage"":0.015379},{""region"":""Valpara\u00edso Region"",""percentage"":0.10128},{""region"":""Ays\u00e9n Region"",""percentage"":0.009192},{""region"":""Antofagasta Region"",""percentage"":0.030971},{""region"":""Araucan\u00eda Region"",""percentage"":0.075272},{""region"":""Atacama Region"",""percentage"":0.017306},{""region"":""B\u00edo B\u00edo Region"",""percentage"":0.136022},{""region"":""Coquimbo Region"",""percentage"":0.041173},{""region"":""O'Higgins Region"",""percentage"":0.050487},{""region"":""Los Lagos Region"",""percentage"":0.066424},{""region"":""Magallanes y la Ant\u00e1rtica Chilena Region"",""percentage"":0.017734},{""region"":""Maule Region"",""percentage"":0.067556},{""region"":""Santiago Metropolitan Region"",""percentage"":0.322469},{""region"":""Tarapac\u00e1 Region"",""percentage"":0.01833}","facebook,instagram","lower_bound: 1000001",es
406679977666839,177384889097855,"Gabriel Boric",2021-11-04,2021-11-04,2021-11-18,"Gabriel Boric Font","Avancemos a un nuevo Chile de amabilidad y respeto. Seguimos por la salud, educación, pensiones, medio ambiente y mucho más.","El nuevo Chile está en tus manos",boricpresidente.cl,"Vota Boric, vota 1","lower_bound: 800000, upper_bound: 899999","lower_bound: 1500, upper_bound: 1999",USD,"{""age"":""35-44"",""gender"":""unknown"",""percentage"":0.001603},{""age"":""25-34"",""gender"":""male"",""percentage"":0.111929},{""age"":""55-64"",""gender"":""unknown"",""percentage"":0.001039},{""age"":""25-34"",""gender"":""unknown"",""percentage"":0.000908},{""age"":""65+"",""gender"":""unknown"",""percentage"":0.001197},{""age"":""18-24"",""gender"":""male"",""percentage"":0.009371},{""age"":""18-24"",""gender"":""female"",""percentage"":0.005094},{""age"":""65+"",""gender"":""male"",""percentage"":0.081564},{""age"":""55-64"",""gender"":""female"",""percentage"":0.155535},{""age"":""45-54"",""gender"":""unknown"",""percentage"":0.001318},{""age"":""35-44"",""gender"":""male"",""percentage"":0.084764},{""age"":""65+"",""gender"":""female"",""percentage"":0.166232},{""age"":""25-34"",""gender"":""female"",""percentage"":0.05805},{""age"":""45-54"",""gender"":""male"",""percentage"":0.083897},{""age"":""35-44"",""gender"":""female"",""percentage"":0.053041},{""age"":""55-64"",""gender"":""male"",""percentage"":0.101926},{""age"":""45-54"",""gender"":""female"",""percentage"":0.082483},{""age"":""18-24"",""gender"":""unknown"",""percentage"":4.9e-5}","{""region"":""Baja California"",""percentage"":2.0e-6},{""region"":""B\u00edo B\u00edo Region"",""percentage"":0.143723},{""region"":""Santiago Metropolitan Region"",""percentage"":0.306971},{""region"":""Maule Region"",""percentage"":0.071148},{""region"":""Magallanes y la Ant\u00e1rtica Chilena Region"",""percentage"":0.016693},{""region"":""Los Lagos Region"",""percentage"":0.067325},{""region"":""O'Higgins Region"",""percentage"":0.054915},{""region"":""Coquimbo Region"",""percentage"":0.040879},{""region"":""Atacama Region"",""percentage"":0.016874},{""region"":""San Luis Potosi"",""percentage"":2.0e-6},{""region"":""Araucan\u00eda Region"",""percentage"":0.083316},{""region"":""Antofagasta Region"",""percentage"":0.029037},{""region"":""Ays\u00e9n Region"",""percentage"":0.009092},{""region"":""Valpara\u00edso Region"",""percentage"":0.093696},{""region"":""Arica y Parinacota Region"",""percentage"":0.016022},{""region"":""Los R\u00edos Region"",""percentage"":0.031258},{""region"":""Tarapac\u00e1 Region"",""percentage"":0.019048}","facebook,instagram","lower_bound: 1000001",
1012132156025422,177384889097855,"Gabriel Boric",2021-11-04,2021-11-04,2021-11-18,"Gabriel Boric Font","Escuchamos a cada territorio entregar propuestas que la ciudadanía necesita. El cambio lo construímos juntos y juntas.","Nos unimos, no nos soltemos",boricpresidente.cl,"Juntas y juntos somos UNO.","lower_bound: 900000, upper_bound: 999999","lower_bound: 1500, upper_bound: 1999",USD,"{""age"":""55-64"",""gender"":""unknown"",""percentage"":0.000865},{""age"":""45-54"",""gender"":""male"",""percentage"":0.082419},{""age"":""65+"",""gender"":""unknown"",""percentage"":0.000742},{""age"":""25-34"",""gender"":""unknown"",""percentage"":0.000605},{""age"":""18-24"",""gender"":""female"",""percentage"":0.004544},{""age"":""55-64"",""gender"":""male"",""percentage"":0.105192},{""age"":""35-44"",""gender"":""unknown"",""percentage"":0.001207},{""age"":""55-64"",""gender"":""female"",""percentage"":0.212045},{""age"":""45-54"",""gender"":""female"",""percentage"":0.129912},{""age"":""45-54"",""gender"":""unknown"",""percentage"":0.001212},{""age"":""65+"",""gender"":""male"",""percentage"":0.064562},{""age"":""25-34"",""gender"":""male"",""percentage"":0.058138},{""age"":""35-44"",""gender"":""male"",""percentage"":0.056714},{""age"":""65+"",""gender"":""female"",""percentage"":0.162858},{""age"":""25-34"",""gender"":""female"",""percentage"":0.049167},{""age"":""35-44"",""gender"":""female"",""percentage"":0.06451},{""age"":""18-24"",""gender"":""male"",""percentage"":0.005267},{""age"":""18-24"",""gender"":""unknown"",""percentage"":4.0e-5}","{""region"":""Unknown"",""percentage"":2.0e-6},{""region"":""Los R\u00edos Region"",""percentage"":0.031445},{""region"":""Arica y Parinacota Region"",""percentage"":0.016205},{""region"":""Valpara\u00edso Region"",""percentage"":0.095068},{""region"":""Ays\u00e9n Region"",""percentage"":0.008956},{""region"":""Antofagasta Region"",""percentage"":0.029348},{""region"":""Araucan\u00eda Region"",""percentage"":0.082904},{""region"":""Atacama Region"",""percentage"":0.017088},{""region"":""B\u00edo B\u00edo Region"",""percentage"":0.153526},{""region"":""Coquimbo Region"",""percentage"":0.041221},{""region"":""O'Higgins Region"",""percentage"":0.052082},{""region"":""Los Lagos Region"",""percentage"":0.071714},{""region"":""Magallanes y la Ant\u00e1rtica Chilena Region"",""percentage"":0.015066},{""region"":""Maule Region"",""percentage"":0.072409},{""region"":""Santiago Metropolitan Region"",""percentage"":0.293315},{""region"":""Tarapac\u00e1 Region"",""percentage"":0.01965}","facebook,instagram","lower_bound: 1000001",
4573311432751528,177384889097855,"Gabriel Boric",2021-11-04,2021-11-04,2021-11-18,"Gabriel Boric Font","Crearemos un nuevo sistema de pensiones, poniendo fin a las AFP y respetando el dinero ahorrado hasta ahora por cada persona.","Jubilación digna para todos y todas",boricpresidente.cl,"Nuevo sistema de pensión.","lower_bound: 1000000","lower_bound: 6000, upper_bound: 6999",USD,"{""age"":""18-24"",""gender"":""unknown"",""percentage"":1.3e-5},{""age"":""55-64"",""gender"":""female"",""percentage"":0.184823},{""age"":""35-44"",""gender"":""unknown"",""percentage"":0.000643},{""age"":""65+"",""gender"":""unknown"",""percentage"":0.001941},{""age"":""55-64"",""gender"":""unknown"",""percentage"":0.001762},{""age"":""35-44"",""gender"":""male"",""percentage"":0.026636},{""age"":""65+"",""gender"":""female"",""percentage"":0.227365},{""age"":""65+"",""gender"":""male"",""percentage"":0.164705},{""age"":""45-54"",""gender"":""male"",""percentage"":0.076819},{""age"":""45-54"",""gender"":""unknown"",""percentage"":0.001152},{""age"":""35-44"",""gender"":""female"",""percentage"":0.023097},{""age"":""18-24"",""gender"":""male"",""percentage"":0.001463},{""age"":""55-64"",""gender"":""male"",""percentage"":0.172005},{""age"":""18-24"",""gender"":""female"",""percentage"":0.001316},{""age"":""45-54"",""gender"":""female"",""percentage"":0.075147},{""age"":""25-34"",""gender"":""female"",""percentage"":0.018409},{""age"":""25-34"",""gender"":""male"",""percentage"":0.022435},{""age"":""25-34"",""gender"":""unknown"",""percentage"":0.000269}","{""region"":""Nuevo Le\u00f3n"",""percentage"":2.0e-6},{""region"":""B\u00edo B\u00edo Region"",""percentage"":0.14238},{""region"":""Santiago Metropolitan Region"",""percentage"":0.316922},{""region"":""Maule Region"",""percentage"":0.067614},{""region"":""Magallanes y la Ant\u00e1rtica Chilena Region"",""percentage"":0.016273},{""region"":""Los Lagos Region"",""percentage"":0.0644},{""region"":""O'Higgins Region"",""percentage"":0.051251},{""region"":""Coquimbo Region"",""percentage"":0.043467},{""region"":""Atacama Region"",""percentage"":0.017982},{""region"":""Buenos Aires"",""percentage"":2.0e-6},{""region"":""Araucan\u00eda Region"",""percentage"":0.072473},{""region"":""Antofagasta Region"",""percentage"":0.030205},{""region"":""Ays\u00e9n Region"",""percentage"":0.007794},{""region"":""Valpara\u00edso Region"",""percentage"":0.105889},{""region"":""Arica y Parinacota Region"",""percentage"":0.016722},{""region"":""Los R\u00edos Region"",""percentage"":0.0293},{""region"":""Unknown"",""percentage"":2.0e-6},{""region"":""Tarapac\u00e1 Region"",""percentage"":0.017322}","facebook,instagram","lower_bound: 1000001",
427111012262954,177384889097855,"Gabriel Boric",2021-11-02,2021-11-03,2021-11-13,"Gabriel Boric Font","Cada día de nuestra campaña nos hemos dedicado a llegar a lugares extremos del país para escuchar las distintas realidades y así construir un gobierno que sea por y para la gente.

Este espacio permite seguir llegando a otras zonas, pero no nos olvidemos que muchas personas tienen dificultad o nulo acceso a medios de comunicación, por eso #seguimos trabajando para poder conversar con cada una y uno de ustedes en persona, y hacer de nuestro gobierno un proyecto colectivo generado por todas y todos ✊

#FranjaBoric","Capitulo 1 Franja",,,"lower_bound: 300000, upper_bound: 349999","lower_bound: 1500, upper_bound: 1999",USD,"{""age"":""18-24"",""gender"":""unknown"",""percentage"":0.000191},{""age"":""55-64"",""gender"":""male"",""percentage"":0.062521},{""age"":""45-54"",""gender"":""unknown"",""percentage"":0.001168},{""age"":""35-44"",""gender"":""unknown"",""percentage"":0.001265},{""age"":""35-44"",""gender"":""female"",""percentage"":0.092367},{""age"":""45-54"",""gender"":""female"",""percentage"":0.124373},{""age"":""25-34"",""gender"":""male"",""percentage"":0.051335},{""age"":""45-54"",""gender"":""male"",""percentage"":0.049158},{""age"":""25-34"",""gender"":""female"",""percentage"":0.097333},{""age"":""65+"",""gender"":""unknown"",""percentage"":0.001236},{""age"":""65+"",""gender"":""male"",""percentage"":0.05368},{""age"":""55-64"",""gender"":""female"",""percentage"":0.201398},{""age"":""35-44"",""gender"":""male"",""percentage"":0.048856},{""age"":""18-24"",""gender"":""female"",""percentage"":0.030852},{""age"":""65+"",""gender"":""female"",""percentage"":0.16982},{""age"":""18-24"",""gender"":""male"",""percentage"":0.01261},{""age"":""25-34"",""gender"":""unknown"",""percentage"":0.0006},{""age"":""55-64"",""gender"":""unknown"",""percentage"":0.001236}","{""region"":""Los R\u00edos Region"",""percentage"":0.024871},{""region"":""Arica y Parinacota Region"",""percentage"":0.016183},{""region"":""Valpara\u00edso Region"",""percentage"":0.106042},{""region"":""Ays\u00e9n Region"",""percentage"":0.006599},{""region"":""Antofagasta Region"",""percentage"":0.034407},{""region"":""Araucan\u00eda Region"",""percentage"":0.059873},{""region"":""Atacama Region"",""percentage"":0.015563},{""region"":""B\u00edo B\u00edo Region"",""percentage"":0.120175},{""region"":""Coquimbo Region"",""percentage"":0.031597},{""region"":""O'Higgins Region"",""percentage"":0.046737},{""region"":""Los Lagos Region"",""percentage"":0.046377},{""region"":""Magallanes y la Ant\u00e1rtica Chilena Region"",""percentage"":0.010559},{""region"":""Maule Region"",""percentage"":0.057326},{""region"":""Santiago Metropolitan Region"",""percentage"":0.399465},{""region"":""Tarapac\u00e1 Region"",""percentage"":0.024225}",facebook,"lower_bound: 100001, upper_bound: 500000",es
474207880899192,177384889097855,"Gabriel Boric",2021-11-02,2021-11-02,2021-11-13,"Gabriel Boric Font","El deporte es necesario para una sociedad más amable; nos cambia, nos conecta, nos mueve. Por eso hoy realizamos la Copa del Apruebo, que nos dio la oportunidad de reunir a la comunidad de Maipú, compartir y competir de manera sana ⚽

Hace un año atrás junt@s ganamos uno de los partidos más importantes del país, el del Apruebo. Hoy estamos disputando otro en el que se ponen en juego los cambios, por eso te necesitamos a ti para seguir construyendo el Chile que queremos ✊",,,,"lower_bound: 1000000","lower_bound: 1500, upper_bound: 1999",USD,"{""age"":""18-24"",""gender"":""unknown"",""percentage"":0.00061},{""age"":""65+"",""gender"":""female"",""percentage"":0.019069},{""age"":""55-64"",""gender"":""unknown"",""percentage"":0.00038},{""age"":""35-44"",""gender"":""unknown"",""percentage"":0.001853},{""age"":""25-34"",""gender"":""unknown"",""percentage"":0.001227},{""age"":""45-54"",""gender"":""unknown"",""percentage"":0.001051},{""age"":""55-64"",""gender"":""male"",""percentage"":0.046461},{""age"":""65+"",""gender"":""male"",""percentage"":0.014405},{""age"":""25-34"",""gender"":""female"",""percentage"":0.151355},{""age"":""45-54"",""gender"":""female"",""percentage"":0.086659},{""age"":""18-24"",""gender"":""male"",""percentage"":0.077674},{""age"":""45-54"",""gender"":""male"",""percentage"":0.078397},{""age"":""35-44"",""gender"":""male"",""percentage"":0.108807},{""age"":""25-34"",""gender"":""male"",""percentage"":0.165233},{""age"":""18-24"",""gender"":""female"",""percentage"":0.081237},{""age"":""55-64"",""gender"":""female"",""percentage"":0.058219},{""age"":""35-44"",""gender"":""female"",""percentage"":0.107149},{""age"":""65+"",""gender"":""unknown"",""percentage"":0.000212}","{""region"":""Unknown"",""percentage"":1.0e-6},{""region"":""B\u00edo B\u00edo Region"",""percentage"":0.125626},{""region"":""Santiago Metropolitan Region"",""percentage"":0.326971},{""region"":""Maule Region"",""percentage"":0.06862},{""region"":""Magallanes y la Ant\u00e1rtica Chilena Region"",""percentage"":0.012691},{""region"":""Los Lagos Region"",""percentage"":0.065729},{""region"":""O'Higgins Region"",""percentage"":0.055877},{""region"":""Coquimbo Region"",""percentage"":0.04798},{""region"":""Atacama Region"",""percentage"":0.01949},{""region"":""State of Mexico"",""percentage"":1.0e-6},{""region"":""Araucan\u00eda Region"",""percentage"":0.064873},{""region"":""Antofagasta Region"",""percentage"":0.038999},{""region"":""Ays\u00e9n Region"",""percentage"":0.0079},{""region"":""Valpara\u00edso Region"",""percentage"":0.096925},{""region"":""Arica y Parinacota Region"",""percentage"":0.017327},{""region"":""Los R\u00edos Region"",""percentage"":0.025936},{""region"":""Tarapac\u00e1 Region"",""percentage"":0.025055}",facebook,"lower_bound: 1000001",es
921435008800053,177384889097855,"Gabriel Boric",2021-10-16,2021-10-16,2021-10-20,"Gabriel Boric Font","El debate de Archi fue rudo, pero siempre hay espacio para hacer propuestas y compartir la esperanza de un futuro distinto.","Minuto final ARCHI",boricpresidente.cl,,"lower_bound: 150000, upper_bound: 174999","lower_bound: 200000, upper_bound: 249999",CLP,"{""age"":""18-24"",""gender"":""unknown"",""percentage"":0.000454},{""age"":""65+"",""gender"":""male"",""percentage"":0.076369},{""age"":""35-44"",""gender"":""unknown"",""percentage"":0.003539},{""age"":""45-54"",""gender"":""unknown"",""percentage"":0.002535},{""age"":""55-64"",""gender"":""unknown"",""percentage"":0.001468},{""age"":""25-34"",""gender"":""female"",""percentage"":0.033943},{""age"":""18-24"",""gender"":""male"",""percentage"":0.037323},{""age"":""18-24"",""gender"":""female"",""percentage"":0.03052},{""age"":""45-54"",""gender"":""female"",""percentage"":0.052008},{""age"":""25-34"",""gender"":""unknown"",""percentage"":0.001299},{""age"":""45-54"",""gender"":""male"",""percentage"":0.126253},{""age"":""55-64"",""gender"":""male"",""percentage"":0.127384},{""age"":""55-64"",""gender"":""female"",""percentage"":0.092944},{""age"":""25-34"",""gender"":""male"",""percentage"":0.146505},{""age"":""35-44"",""gender"":""male"",""percentage"":0.154755},{""age"":""65+"",""gender"":""female"",""percentage"":0.074457},{""age"":""35-44"",""gender"":""female"",""percentage"":0.036859},{""age"":""65+"",""gender"":""unknown"",""percentage"":0.001384}","{""region"":""Los R\u00edos Region"",""percentage"":0.033276},{""region"":""Arica y Parinacota Region"",""percentage"":0.016983},{""region"":""Valpara\u00edso Region"",""percentage"":0.101582},{""region"":""Ays\u00e9n Region"",""percentage"":0.009807},{""region"":""Antofagasta Region"",""percentage"":0.032472},{""region"":""Araucan\u00eda Region"",""percentage"":0.091953},{""region"":""Atacama Region"",""percentage"":0.019218},{""region"":""B\u00edo B\u00edo Region"",""percentage"":0.136425},{""region"":""Coquimbo Region"",""percentage"":0.038028},{""region"":""O'Higgins Region"",""percentage"":0.051731},{""region"":""Los Lagos Region"",""percentage"":0.068306},{""region"":""Magallanes y la Ant\u00e1rtica Chilena Region"",""percentage"":0.019061},{""region"":""Maule Region"",""percentage"":0.06815},{""region"":""Santiago Metropolitan Region"",""percentage"":0.291597},{""region"":""Tarapac\u00e1 Region"",""percentage"":0.021411}","facebook,instagram","lower_bound: 1000001",es
558340722129235,177384889097855,"Gabriel Boric",2021-10-14,2021-10-14,2021-10-14,"Gabriel Boric Font",,,boricpresidente.cl,,"lower_bound: 15000, upper_bound: 19999","lower_bound: 30000, upper_bound: 34999",CLP,"{""age"":""18-24"",""gender"":""unknown"",""percentage"":0.00022},{""age"":""35-44"",""gender"":""female"",""percentage"":0.094587},{""age"":""55-64"",""gender"":""female"",""percentage"":0.201691},{""age"":""25-34"",""gender"":""female"",""percentage"":0.057038},{""age"":""65+"",""gender"":""male"",""percentage"":0.03991},{""age"":""65+"",""gender"":""female"",""percentage"":0.139273},{""age"":""45-54"",""gender"":""female"",""percentage"":0.131203},{""age"":""35-44"",""gender"":""male"",""percentage"":0.07455},{""age"":""18-24"",""gender"":""female"",""percentage"":0.017896},{""age"":""65+"",""gender"":""unknown"",""percentage"":0.001043},{""age"":""45-54"",""gender"":""male"",""percentage"":0.082126},{""age"":""25-34"",""gender"":""male"",""percentage"":0.057422},{""age"":""25-34"",""gender"":""unknown"",""percentage"":0.000604},{""age"":""18-24"",""gender"":""male"",""percentage"":0.01614},{""age"":""35-44"",""gender"":""unknown"",""percentage"":0.001976},{""age"":""45-54"",""gender"":""unknown"",""percentage"":0.00247},{""age"":""55-64"",""gender"":""unknown"",""percentage"":0.001482},{""age"":""55-64"",""gender"":""male"",""percentage"":0.080369}","{""region"":""Valpara\u00edso Region"",""percentage"":0.358216},{""region"":""Antofagasta Region"",""percentage"":0.127657},{""region"":""B\u00edo B\u00edo Region"",""percentage"":0.18613},{""region"":""Coquimbo Region"",""percentage"":0.14192},{""region"":""Maule Region"",""percentage"":0.000219},{""region"":""Santiago Metropolitan Region"",""percentage"":0.185857}",facebook,"lower_bound: 1000001",
