ad_archive_id,page_id,page_name,ad_creation_time,ad_delivery_start_time,ad_delivery_stop_time,byline,ad_creative_bodies,ad_creative_link_titles,ad_creative_link_captions,ad_creative_link_descriptions,impressions,spend,currency,demographic_distribution,delivery_by_region,publisher_platforms,estimated_audience_size,languages
883127819236590,881095048648989,"José Antonio Kast",2021-11-16,2021-11-17,2021-11-19,"José Antonio Kast Rist","En el debate de ayer no hablamos de las verdaderas urgencias sociales. ¡Chile no puede esperar más! 
Por eso, te invitamos a atreverte por un Chile en libertad #AtreveteConKast",,,,"lower_bound: 50000, upper_bound: 59999","lower_bound: 500, upper_bound: 599",USD,"{""age"":""25-34"",""gender"":""female"",""percentage"":0.156588},{""age"":""18-24"",""gender"":""female"",""percentage"":0.017529},{""age"":""65+"",""gender"":""unknown"",""percentage"":0.001484},{""age"":""45-54"",""gender"":""unknown"",""percentage"":0.005329},{""age"":""35-44"",""gender"":""unknown"",""percentage"":0.005622},{""age"":""18-24"",""gender"":""unknown"",""percentage"":0.000312},{""age"":""25-34"",""gender"":""unknown"",""percentage"":0.001913},{""age"":""18-24"",""gender"":""male"",""percentage"":0.012376},{""age"":""55-64"",""gender"":""male"",""percentage"":0.049444},{""age"":""35-44"",""gender"":""female"",""percentage"":0.145872},{""age"":""35-44"",""gender"":""male"",""percentage"":0.099512},{""age"":""45-54"",""gender"":""male"",""percentage"":0.07318},{""age"":""65+"",""gender"":""female"",""percentage"":0.063088},{""age"":""45-54"",""gender"":""female"",""percentage"":0.123072},{""age"":""55-64"",""gender"":""female"",""percentage"":0.108608},{""age"":""65+"",""gender"":""male"",""percentage"":0.028694},{""age"":""25-34"",""gender"":""male"",""percentage"":0.104899},{""age"":""55-64"",""gender"":""unknown"",""percentage"":0.002479}","{""region"":""Los R\u00edos Region"",""percentage"":0.014724},{""region"":""Arica y Parinacota Region"",""percentage"":0.008753},{""region"":""Valpara\u00edso Region"",""percentage"":0.111684},{""region"":""Ays\u00e9n Region"",""percentage"":0.003053},{""region"":""Antofagasta Region"",""percentage"":0.039592},{""region"":""Araucan\u00eda Region"",""percentage"":0.041254},{""region"":""Atacama Region"",""percentage"":0.010763},{""region"":""B\u00edo B\u00edo Region"",""percentage"":0.081271},{""region"":""Coquimbo Region"",""percentage"":0.025351},{""region"":""O'Higgins Region"",""percentage"":0.03766},{""region"":""Los Lagos Region"",""percentage"":0.032056},{""region"":""Magallanes y la Ant\u00e1rtica Chilena Region"",""percentage"":0.008811},{""region"":""Maule Region"",""percentage"":0.040172},{""region"":""Santiago Metropolitan Region"",""percentage"":0.529631},{""region"":""Tarapac\u00e1 Region"",""percentage"":0.015226}","facebook,instagram","lower_bound: 1000001",es
412196970581712,881095048648989,"José Antonio Kast",2021-11-16,2021-11-17,2021-11-18,"José Antonio Kast Rist","En el debate de ayer no hablamos de las verdaderas urgencias sociales. ¡Chile no puede esperar más! 
Por eso, te invitamos a atreverte por un Chile en libertad #AtreveteConKast",,,,"lower_bound: 0, upper_bound: 999","lower_bound: 0, upper_bound: 99",USD,,,instagram,"lower_bound: 100001, upper_bound: 500000",es
587442162370068,881095048648989,"José Antonio Kast",2021-11-15,2021-11-15,2021-11-17,"José Antonio Kast Rist","Queremos un Chile que le devuelva la dignidad a nuestros queridos viejos. #PorNuestrosViejos",,,,"lower_bound: 0, upper_bound: 999","lower_bound: 0, upper_bound: 99",USD,,,instagram,"lower_bound: 10001, upper_bound: 50000",es
585745862687397,881095048648989,"José Antonio Kast",2021-11-15,2021-11-15,2021-11-19,"José Antonio Kast Rist","Queremos un Chile que le devuelva la dignidad a nuestros queridos viejos. #PorNuestrosViejos",,,,"lower_bound: 50000, upper_bound: 59999","lower_bound: 200, upper_bound: 299",USD,"{""age"":""55-64"",""gender"":""unknown"",""percentage"":0.005451},{""age"":""65+"",""gender"":""male"",""percentage"":0.154972},{""age"":""55-64"",""gender"":""male"",""percentage"":0.145407},{""age"":""55-64"",""gender"":""female"",""percentage"":0.345909},{""age"":""65+"",""gender"":""female"",""percentage"":0.342035},{""age"":""65+"",""gender"":""unknown"",""percentage"":0.006226}","{""region"":""Los R\u00edos Region"",""percentage"":0.014864},{""region"":""Arica y Parinacota Region"",""percentage"":0.007459},{""region"":""Valpara\u00edso Region"",""percentage"":0.147326},{""region"":""Ays\u00e9n Region"",""percentage"":0.00306},{""region"":""Antofagasta Region"",""percentage"":0.04328},{""region"":""Araucan\u00eda Region"",""percentage"":0.042269},{""region"":""Atacama Region"",""percentage"":0.011694},{""region"":""B\u00edo B\u00edo Region"",""percentage"":0.075603},{""region"":""Coquimbo Region"",""percentage"":0.018607},{""region"":""O'Higgins Region"",""percentage"":0.03634},{""region"":""Los Lagos Region"",""percentage"":0.022487},{""region"":""Magallanes y la Ant\u00e1rtica Chilena Region"",""percentage"":0.01306},{""region"":""Maule Region"",""percentage"":0.034673},{""region"":""Santiago Metropolitan Region"",""percentage"":0.513839},{""region"":""Tarapac\u00e1 Region"",""percentage"":0.015438}","facebook,instagram","lower_bound: 100001, upper_bound: 500000",es
1784349178435766,881095048648989,"José Antonio Kast",2021-11-15,2021-11-15,2021-11-16,"José Antonio Kast Rist","¿Aún no te inscribes? Súmate a esta gran ola de atreviDos por la libertad. Este jueves 18 a las 18 horas los AtreviDos estamos de fiesta, te esperamos para levantar nuestra bandera y cantar por un Chile libre, en el Cierre Oficial de campaña. ¡Atrévete!

👉🏻 https://forms.gle/RXUVkYKtxs9oRwQc8",,,,"lower_bound: 0, upper_bound: 999","lower_bound: 0, upper_bound: 99",USD,"{""age"":""55-64"",""gender"":""female"",""percentage"":0.00738},{""age"":""18-24"",""gender"":""female"",""percentage"":0.04428},{""age"":""55-64"",""gender"":""male"",""percentage"":0.00738},{""age"":""45-54"",""gender"":""male"",""percentage"":0.03321},{""age"":""18-24"",""gender"":""male"",""percentage"":0.162362},{""age"":""35-44"",""gender"":""unknown"",""percentage"":0.01476},{""age"":""35-44"",""gender"":""male"",""percentage"":0.132841},{""age"":""25-34"",""gender"":""female"",""percentage"":0.202952},{""age"":""25-34"",""gender"":""male"",""percentage"":0.269373},{""age"":""35-44"",""gender"":""female"",""percentage"":0.077491},{""age"":""45-54"",""gender"":""female"",""percentage"":0.02952},{""age"":""65+"",""gender"":""male"",""percentage"":0.00738},{""age"":""55-64"",""gender"":""unknown"",""percentage"":0.00369},{""age"":""45-54"",""gender"":""unknown"",""percentage"":0.00369},{""age"":""65+"",""gender"":""female"",""percentage"":0.00369}","{""region"":""Los R\u00edos Region"",""percentage"":0.03321},{""region"":""Arica y Parinacota Region"",""percentage"":0.01845},{""region"":""Valpara\u00edso Region"",""percentage"":0.062731},{""region"":""Ays\u00e9n Region"",""percentage"":0.01476},{""region"":""Antofagasta Region"",""percentage"":0.088561},{""region"":""Araucan\u00eda Region"",""percentage"":0.066421},{""region"":""Atacama Region"",""percentage"":0.00369},{""region"":""B\u00edo B\u00edo Region"",""percentage"":0.092251},{""region"":""Coquimbo Region"",""percentage"":0.0369},{""region"":""O'Higgins Region"",""percentage"":0.03321},{""region"":""Los Lagos Region"",""percentage"":0.04428},{""region"":""Magallanes y la Ant\u00e1rtica Chilena Region"",""percentage"":0.03321},{""region"":""Maule Region"",""percentage"":0.066421},{""region"":""Santiago Metropolitan Region"",""percentage"":0.361624},{""region"":""Tarapac\u00e1 Region"",""percentage"":0.04428}",instagram,"lower_bound: 100001, upper_bound: 500000",es
971672426720849,881095048648989,"José Antonio Kast",2021-11-15,2021-11-15,2021-11-18,"José Antonio Kast Rist","¿Aún no te inscribes? Súmate a esta gran ola de atreviDos por la libertad. Este jueves 18 a las 18 horas los AtreviDos estamos de fiesta, te esperamos para levantar nuestra bandera y cantar por un Chile libre, en el Cierre Oficial de campaña. ¡Atrévete!

👉🏻 https://forms.gle/RXUVkYKtxs9oRwQc8",,,,"lower_bound: 100000, upper_bound: 124999","lower_bound: 300, upper_bound: 399",USD,"{""age"":""55-64"",""gender"":""unknown"",""percentage"":0.001815},{""age"":""65+"",""gender"":""female"",""percentage"":0.028202},{""age"":""65+"",""gender"":""unknown"",""percentage"":0.000597},{""age"":""45-54"",""gender"":""unknown"",""percentage"":0.003251},{""age"":""35-44"",""gender"":""unknown"",""percentage"":0.005158},{""age"":""55-64"",""gender"":""male"",""percentage"":0.031912},{""age"":""18-24"",""gender"":""female"",""percentage"":0.023745},{""age"":""18-24"",""gender"":""male"",""percentage"":0.014796},{""age"":""35-44"",""gender"":""male"",""percentage"":0.120033},{""age"":""65+"",""gender"":""male"",""percentage"":0.014015},{""age"":""25-34"",""gender"":""female"",""percentage"":0.203949},{""age"":""25-34"",""gender"":""male"",""percentage"":0.155656},{""age"":""45-54"",""gender"":""female"",""percentage"":0.098425},{""age"":""45-54"",""gender"":""male"",""percentage"":0.062561},{""age"":""55-64"",""gender"":""female"",""percentage"":0.071475},{""age"":""35-44"",""gender"":""female"",""percentage"":0.162204},{""age"":""25-34"",""gender"":""unknown"",""percentage"":0.002045},{""age"":""18-24"",""gender"":""unknown"",""percentage"":0.000161}","{""region"":""Los R\u00edos Region"",""percentage"":0.017453},{""region"":""Arica y Parinacota Region"",""percentage"":0.011345},{""region"":""Valpara\u00edso Region"",""percentage"":0.116097},{""region"":""Ays\u00e9n Region"",""percentage"":0.003744},{""region"":""Antofagasta Region"",""percentage"":0.047054},{""region"":""Araucan\u00eda Region"",""percentage"":0.056216},{""region"":""Atacama Region"",""percentage"":0.013008},{""region"":""B\u00edo B\u00edo Region"",""percentage"":0.094108},{""region"":""Coquimbo Region"",""percentage"":0.022837},{""region"":""O'Higgins Region"",""percentage"":0.055198},{""region"":""Los Lagos Region"",""percentage"":0.036591},{""region"":""Magallanes y la Ant\u00e1rtica Chilena Region"",""percentage"":0.01398},{""region"":""Maule Region"",""percentage"":0.053569},{""region"":""Santiago Metropolitan Region"",""percentage"":0.436698},{""region"":""Tarapac\u00e1 Region"",""percentage"":0.022102}","facebook,instagram","lower_bound: 1000001",es
417016380040449,881095048648989,"José Antonio Kast",2021-11-15,2021-11-15,2021-11-18,"José Antonio Kast Rist","Ulises (6), hijo del Cabo Nain, sigue preguntando por su papá y llora su ausencia. Sueña con ser Carabinero para encontrar y detener a los asesinos de su padre; Cuando matan a un carabinero, no solo lo matan a él. Matan a una familia completa #JusticiaParaNain",,,,"lower_bound: 300000, upper_bound: 349999","lower_bound: 2000, upper_bound: 2499",USD,"{""age"":""65+"",""gender"":""unknown"",""percentage"":0.000976},{""age"":""55-64"",""gender"":""female"",""percentage"":0.089148},{""age"":""45-54"",""gender"":""female"",""percentage"":0.111434},{""age"":""45-54"",""gender"":""male"",""percentage"":0.075429},{""age"":""18-24"",""gender"":""male"",""percentage"":0.01125},{""age"":""35-44"",""gender"":""male"",""percentage"":0.113791},{""age"":""25-34"",""gender"":""male"",""percentage"":0.11805},{""age"":""65+"",""gender"":""female"",""percentage"":0.042937},{""age"":""25-34"",""gender"":""unknown"",""percentage"":0.001474},{""age"":""55-64"",""gender"":""unknown"",""percentage"":0.001708},{""age"":""35-44"",""gender"":""female"",""percentage"":0.167405},{""age"":""25-34"",""gender"":""female"",""percentage"":0.174072},{""age"":""65+"",""gender"":""male"",""percentage"":0.02041},{""age"":""45-54"",""gender"":""unknown"",""percentage"":0.003851},{""age"":""18-24"",""gender"":""female"",""percentage"":0.020609},{""age"":""35-44"",""gender"":""unknown"",""percentage"":0.00501},{""age"":""55-64"",""gender"":""male"",""percentage"":0.042279},{""age"":""18-24"",""gender"":""unknown"",""percentage"":0.000167}","{""region"":""Los R\u00edos Region"",""percentage"":0.015741},{""region"":""Arica y Parinacota Region"",""percentage"":0.009178},{""region"":""Valpara\u00edso Region"",""percentage"":0.114551},{""region"":""Ays\u00e9n Region"",""percentage"":0.003244},{""region"":""Antofagasta Region"",""percentage"":0.042132},{""region"":""Araucan\u00eda Region"",""percentage"":0.040649},{""region"":""Atacama Region"",""percentage"":0.01279},{""region"":""B\u00edo B\u00edo Region"",""percentage"":0.082859},{""region"":""Coquimbo Region"",""percentage"":0.026051},{""region"":""O'Higgins Region"",""percentage"":0.043327},{""region"":""Los Lagos Region"",""percentage"":0.029011},{""region"":""Magallanes y la Ant\u00e1rtica Chilena Region"",""percentage"":0.010049},{""region"":""Maule Region"",""percentage"":0.045017},{""region"":""Santiago Metropolitan Region"",""percentage"":0.509477},{""region"":""Tarapac\u00e1 Region"",""percentage"":0.015924}","facebook,instagram","lower_bound: 1000001",es
255584069938172,881095048648989,"José Antonio Kast",2021-11-14,2021-11-14,2021-11-17,"José Antonio Kast Rist","Las motos pueden ser una gran solución para la congestión vehicular, siempre que exista respeto y seguridad en las calles. Por un Chile con mejor convivencia vial. Junto al motociclista @[100046987186816:2048:Jeremias Israel] aprendiendo a volar sobre dos ruedas ✌🏼😎",,,,"lower_bound: 400000, upper_bound: 449999","lower_bound: 1500, upper_bound: 1999",USD,"{""age"":""25-34"",""gender"":""unknown"",""percentage"":0.00172},{""age"":""45-54"",""gender"":""unknown"",""percentage"":0.004311},{""age"":""65+"",""gender"":""unknown"",""percentage"":0.000865},{""age"":""55-64"",""gender"":""unknown"",""percentage"":0.0019},{""age"":""18-24"",""gender"":""male"",""percentage"":0.01285},{""age"":""35-44"",""gender"":""unknown"",""percentage"":0.005843},{""age"":""65+"",""gender"":""female"",""percentage"":0.035696},{""age"":""18-24"",""gender"":""female"",""percentage"":0.016328},{""age"":""35-44"",""gender"":""female"",""percentage"":0.142322},{""age"":""25-34"",""gender"":""female"",""percentage"":0.154753},{""age"":""25-34"",""gender"":""male"",""percentage"":0.132532},{""age"":""55-64"",""gender"":""male"",""percentage"":0.045637},{""age"":""55-64"",""gender"":""female"",""percentage"":0.08587},{""age"":""65+"",""gender"":""male"",""percentage"":0.019017},{""age"":""45-54"",""gender"":""female"",""percentage"":0.116076},{""age"":""45-54"",""gender"":""male"",""percentage"":0.087082},{""age"":""35-44"",""gender"":""male"",""percentage"":0.137055},{""age"":""18-24"",""gender"":""unknown"",""percentage"":0.000144}","{""region"":""Los R\u00edos Region"",""percentage"":0.017696},{""region"":""Arica y Parinacota Region"",""percentage"":0.010011},{""region"":""Valpara\u00edso Region"",""percentage"":0.113261},{""region"":""Ays\u00e9n Region"",""percentage"":0.003351},{""region"":""Antofagasta Region"",""percentage"":0.045532},{""region"":""Araucan\u00eda Region"",""percentage"":0.056773},{""region"":""Atacama Region"",""percentage"":0.012061},{""region"":""B\u00edo B\u00edo Region"",""percentage"":0.092585},{""region"":""Coquimbo Region"",""percentage"":0.022217},{""region"":""O'Higgins Region"",""percentage"":0.049812},{""region"":""Los Lagos Region"",""percentage"":0.033032},{""region"":""Magallanes y la Ant\u00e1rtica Chilena Region"",""percentage"":0.012628},{""region"":""Maule Region"",""percentage"":0.046141},{""region"":""Santiago Metropolitan Region"",""percentage"":0.466614},{""region"":""Tarapac\u00e1 Region"",""percentage"":0.018286}","facebook,instagram","lower_bound: 1000001",es
1050600479060175,881095048648989,"José Antonio Kast",2021-11-14,2021-11-14,2021-11-18,"José Antonio Kast Rist","¿Ya escuchaste nuestro nuevo jingle? ¡Atrévete! Todo va a estar bien✌🏼",,,,"lower_bound: 1000000","lower_bound: 4000, upper_bound: 4499",USD,"{""age"":""45-54"",""gender"":""female"",""percentage"":0.106348},{""age"":""18-24"",""gender"":""female"",""percentage"":0.022322},{""age"":""65+"",""gender"":""unknown"",""percentage"":0.000602},{""age"":""45-54"",""gender"":""unknown"",""percentage"":0.003098},{""age"":""55-64"",""gender"":""unknown"",""percentage"":0.00119},{""age"":""18-24"",""gender"":""male"",""percentage"":0.011984},{""age"":""35-44"",""gender"":""unknown"",""percentage"":0.005202},{""age"":""25-34"",""gender"":""unknown"",""percentage"":0.001805},{""age"":""55-64"",""gender"":""male"",""percentage"":0.028041},{""age"":""55-64"",""gender"":""female"",""percentage"":0.06423},{""age"":""65+"",""gender"":""male"",""percentage"":0.012856},{""age"":""45-54"",""gender"":""male"",""percentage"":0.059546},{""age"":""65+"",""gender"":""female"",""percentage"":0.025606},{""age"":""35-44"",""gender"":""female"",""percentage"":0.185854},{""age"":""25-34"",""gender"":""male"",""percentage"":0.127737},{""age"":""35-44"",""gender"":""male"",""percentage"":0.108524},{""age"":""25-34"",""gender"":""female"",""percentage"":0.23491},{""age"":""18-24"",""gender"":""unknown"",""percentage"":0.000144}","{""region"":""Los R\u00edos Region"",""percentage"":0.018771},{""region"":""Arica y Parinacota Region"",""percentage"":0.011478},{""region"":""Valpara\u00edso Region"",""percentage"":0.109497},{""region"":""Ays\u00e9n Region"",""percentage"":0.003965},{""region"":""Antofagasta Region"",""percentage"":0.044489},{""region"":""Araucan\u00eda Region"",""percentage"":0.046872},{""region"":""Atacama Region"",""percentage"":0.014252},{""region"":""B\u00edo B\u00edo Region"",""percentage"":0.091499},{""region"":""Coquimbo Region"",""percentage"":0.02689},{""region"":""O'Higgins Region"",""percentage"":0.053337},{""region"":""Los Lagos Region"",""percentage"":0.036345},{""region"":""Magallanes y la Ant\u00e1rtica Chilena Region"",""percentage"":0.012824},{""region"":""Maule Region"",""percentage"":0.05599},{""region"":""Santiago Metropolitan Region"",""percentage"":0.453944},{""region"":""Tarapac\u00e1 Region"",""percentage"":0.019848}","facebook,instagram","lower_bound: 1000001",es
207644018180544,881095048648989,"José Antonio Kast",2021-11-13,2021-11-14,2021-11-18,"José Antonio Kast Rist","El narcotráfico se ha tomado los barrios y las personas honestas no pueden vivir en paz #RecuperemosNuestrosBarrios",,,,"lower_bound: 0, upper_bound: 999","lower_bound: 0, upper_bound: 99",USD,,,instagram,"lower_bound: 100001, upper_bound: 500000",es
694909934811063,881095048648989,"José Antonio Kast",2021-11-13,2021-11-13,2021-11-18,"José Antonio Kast Rist","El narcotráfico se ha tomado los barrios y las personas honestas no pueden vivir en paz #RecuperemosNuestrosBarrios",,,,"lower_bound: 80000, upper_bound: 89999","lower_bound: 300, upper_bound: 399",USD,"{""age"":""18-24"",""gender"":""unknown"",""percentage"":9.4e-5},{""age"":""35-44"",""gender"":""unknown"",""percentage"":0.005624},{""age"":""25-34"",""gender"":""unknown"",""percentage"":0.002131},{""age"":""18-24"",""gender"":""female"",""percentage"":0.016494},{""age"":""18-24"",""gender"":""male"",""percentage"":0.015793},{""age"":""35-44"",""gender"":""male"",""percentage"":0.171473},{""age"":""25-34"",""gender"":""male"",""percentage"":0.19293},{""age"":""35-44"",""gender"":""female"",""percentage"":0.124862},{""age"":""55-64"",""gender"":""female"",""percentage"":0.038667},{""age"":""45-54"",""gender"":""unknown"",""percentage"":0.003682},{""age"":""55-64"",""gender"":""male"",""percentage"":0.049591},{""age"":""45-54"",""gender"":""male"",""percentage"":0.101894},{""age"":""45-54"",""gender"":""female"",""percentage"":0.069795},{""age"":""25-34"",""gender"":""female"",""percentage"":0.17011},{""age"":""65+"",""gender"":""female"",""percentage"":0.016818},{""age"":""65+"",""gender"":""male"",""percentage"":0.018059},{""age"":""55-64"",""gender"":""unknown"",""percentage"":0.001416},{""age"":""65+"",""gender"":""unknown"",""percentage"":0.000566}","{""region"":""Los R\u00edos Region"",""percentage"":0.016022},{""region"":""Arica y Parinacota Region"",""percentage"":0.008977},{""region"":""Valpara\u00edso Region"",""percentage"":0.112179},{""region"":""Ays\u00e9n Region"",""percentage"":0.003542},{""region"":""Antofagasta Region"",""percentage"":0.044241},{""region"":""Araucan\u00eda Region"",""percentage"":0.041034},{""region"":""Atacama Region"",""percentage"":0.014264},{""region"":""B\u00edo B\u00edo Region"",""percentage"":0.084362},{""region"":""Coquimbo Region"",""percentage"":0.027602},{""region"":""O'Higgins Region"",""percentage"":0.048065},{""region"":""Los Lagos Region"",""percentage"":0.032567},{""region"":""Magallanes y la Ant\u00e1rtica Chilena Region"",""percentage"":0.011889},{""region"":""Maule Region"",""percentage"":0.044549},{""region"":""Santiago Metropolitan Region"",""percentage"":0.49368},{""region"":""Tarapac\u00e1 Region"",""percentage"":0.017028}","facebook,instagram","lower_bound: 1000001",es
321889326002745,881095048648989,"José Antonio Kast",2021-11-13,2021-11-13,2021-11-17,"José Antonio Kast Rist","¿Ya escuchaste nuestro nuevo jingle? ¡Atrévete! Todo va a estar bien✌🏼",,,,"lower_bound: 50000, upper_bound: 59999","lower_bound: 0, upper_bound: 99",USD,"{""age"":""55-64"",""gender"":""unknown"",""percentage"":0.001233},{""age"":""45-54"",""gender"":""female"",""percentage"":0.0975},{""age"":""45-54"",""gender"":""unknown"",""percentage"":0.003785},{""age"":""18-24"",""gender"":""female"",""percentage"":0.021931},{""age"":""65+"",""gender"":""unknown"",""percentage"":0.000346},{""age"":""25-34"",""gender"":""unknown"",""percentage"":0.001882},{""age"":""65+"",""gender"":""male"",""percentage"":0.009862},{""age"":""65+"",""gender"":""female"",""percentage"":0.014859},{""age"":""35-44"",""gender"":""female"",""percentage"":0.172723},{""age"":""45-54"",""gender"":""male"",""percentage"":0.074206},{""age"":""25-34"",""gender"":""male"",""percentage"":0.15529},{""age"":""35-44"",""gender"":""male"",""percentage"":0.148542},{""age"":""35-44"",""gender"":""unknown"",""percentage"":0.007678},{""age"":""25-34"",""gender"":""female"",""percentage"":0.194221},{""age"":""55-64"",""gender"":""female"",""percentage"":0.050242},{""age"":""18-24"",""gender"":""male"",""percentage"":0.017865},{""age"":""55-64"",""gender"":""male"",""percentage"":0.027662},{""age"":""18-24"",""gender"":""unknown"",""percentage"":0.000173}","{""region"":""Los R\u00edos Region"",""percentage"":0.02066},{""region"":""Arica y Parinacota Region"",""percentage"":0.014101},{""region"":""Valpara\u00edso Region"",""percentage"":0.133808},{""region"":""Ays\u00e9n Region"",""percentage"":0.005042},{""region"":""Antofagasta Region"",""percentage"":0.049075},{""region"":""Araucan\u00eda Region"",""percentage"":0.037367},{""region"":""Atacama Region"",""percentage"":0.017519},{""region"":""B\u00edo B\u00edo Region"",""percentage"":0.071914},{""region"":""Coquimbo Region"",""percentage"":0.029612},{""region"":""O'Higgins Region"",""percentage"":0.064308},{""region"":""Los Lagos Region"",""percentage"":0.044695},{""region"":""Magallanes y la Ant\u00e1rtica Chilena Region"",""percentage"":0.016024},{""region"":""Maule Region"",""percentage"":0.056681},{""region"":""Santiago Metropolitan Region"",""percentage"":0.413943},{""region"":""Tarapac\u00e1 Region"",""percentage"":0.025253}","facebook,instagram","lower_bound: 1000001",es
638834293964188,881095048648989,"José Antonio Kast",2021-11-13,2021-11-13,2021-11-17,"José Antonio Kast Rist","Este 21 de noviembre vota seguro, vota Kast y anota esta receta #LaRecetadel21",,,,"lower_bound: 70000, upper_bound: 79999","lower_bound: 200, upper_bound: 299",USD,"{""age"":""65+"",""gender"":""unknown"",""percentage"":0.001119},{""age"":""45-54"",""gender"":""male"",""percentage"":0.068767},{""age"":""25-34"",""gender"":""unknown"",""percentage"":0.001741},{""age"":""45-54"",""gender"":""unknown"",""percentage"":0.003792},{""age"":""55-64"",""gender"":""unknown"",""percentage"":0.001741},{""age"":""65+"",""gender"":""male"",""percentage"":0.023559},{""age"":""35-44"",""gender"":""unknown"",""percentage"":0.005501},{""age"":""45-54"",""gender"":""female"",""percentage"":0.116103},{""age"":""25-34"",""gender"":""male"",""percentage"":0.105054},{""age"":""65+"",""gender"":""female"",""percentage"":0.050522},{""age"":""55-64"",""gender"":""male"",""percentage"":0.047352},{""age"":""35-44"",""gender"":""male"",""percentage"":0.096304},{""age"":""18-24"",""gender"":""male"",""percentage"":0.018167},{""age"":""25-34"",""gender"":""female"",""percentage"":0.163408},{""age"":""55-64"",""gender"":""female"",""percentage"":0.117393},{""age"":""18-24"",""gender"":""female"",""percentage"":0.030739},{""age"":""35-44"",""gender"":""female"",""percentage"":0.148536},{""age"":""18-24"",""gender"":""unknown"",""percentage"":0.000202}","{""region"":""Los R\u00edos Region"",""percentage"":0.017211},{""region"":""Arica y Parinacota Region"",""percentage"":0.011194},{""region"":""Valpara\u00edso Region"",""percentage"":0.111445},{""region"":""Ays\u00e9n Region"",""percentage"":0.003467},{""region"":""Antofagasta Region"",""percentage"":0.046969},{""region"":""Araucan\u00eda Region"",""percentage"":0.051602},{""region"":""Atacama Region"",""percentage"":0.012531},{""region"":""B\u00edo B\u00edo Region"",""percentage"":0.081687},{""region"":""Coquimbo Region"",""percentage"":0.024099},{""region"":""O'Higgins Region"",""percentage"":0.04644},{""region"":""Los Lagos Region"",""percentage"":0.035137},{""region"":""Magallanes y la Ant\u00e1rtica Chilena Region"",""percentage"":0.013433},{""region"":""Maule Region"",""percentage"":0.04431},{""region"":""Santiago Metropolitan Region"",""percentage"":0.478614},{""region"":""Tarapac\u00e1 Region"",""percentage"":0.02186}","facebook,instagram","lower_bound: 1000001",es
255531119963106,881095048648989,"José Antonio Kast",2021-11-12,2021-11-12,2021-11-19,"José Antonio Kast Rist","¿Ya escuchaste nuestro nuevo jingle? ¡Atrévete! Todo va a estar bien✌🏼",,,,"lower_bound: 250000, upper_bound: 299999","lower_bound: 900, upper_bound: 999",USD,"{""age"":""18-24"",""gender"":""unknown"",""percentage"":0.000188},{""age"":""18-24"",""gender"":""female"",""percentage"":0.029701},{""age"":""45-54"",""gender"":""unknown"",""percentage"":0.002715},{""age"":""65+"",""gender"":""male"",""percentage"":0.010402},{""age"":""25-34"",""gender"":""unknown"",""percentage"":0.001479},{""age"":""55-64"",""gender"":""male"",""percentage"":0.027869},{""age"":""18-24"",""gender"":""male"",""percentage"":0.01233},{""age"":""55-64"",""gender"":""unknown"",""percentage"":0.000916},{""age"":""45-54"",""gender"":""male"",""percentage"":0.05903},{""age"":""35-44"",""gender"":""unknown"",""percentage"":0.004734},{""age"":""55-64"",""gender"":""female"",""percentage"":0.055184},{""age"":""35-44"",""gender"":""female"",""percentage"":0.188372},{""age"":""35-44"",""gender"":""male"",""percentage"":0.100054},{""age"":""45-54"",""gender"":""female"",""percentage"":0.100896},{""age"":""25-34"",""gender"":""male"",""percentage"":0.120382},{""age"":""25-34"",""gender"":""female"",""percentage"":0.26731},{""age"":""65+"",""gender"":""female"",""percentage"":0.018163},{""age"":""65+"",""gender"":""unknown"",""percentage"":0.000275}","{""region"":""Los R\u00edos Region"",""percentage"":0.018602},{""region"":""Arica y Parinacota Region"",""percentage"":0.01242},{""region"":""Valpara\u00edso Region"",""percentage"":0.115997},{""region"":""Ays\u00e9n Region"",""percentage"":0.004041},{""region"":""Antofagasta Region"",""percentage"":0.047629},{""region"":""Araucan\u00eda Region"",""percentage"":0.044941},{""region"":""Atacama Region"",""percentage"":0.016318},{""region"":""B\u00edo B\u00edo Region"",""percentage"":0.094198},{""region"":""Coquimbo Region"",""percentage"":0.030036},{""region"":""O'Higgins Region"",""percentage"":0.059329},{""region"":""Los Lagos Region"",""percentage"":0.038121},{""region"":""Magallanes y la Ant\u00e1rtica Chilena Region"",""percentage"":0.013947},{""region"":""Maule Region"",""percentage"":0.058714},{""region"":""Santiago Metropolitan Region"",""percentage"":0.423436},{""region"":""Tarapac\u00e1 Region"",""percentage"":0.022271}","facebook,instagram","lower_bound: 1000001",es
4665247553552501,881095048648989,"José Antonio Kast",2021-11-12,2021-11-12,2021-11-17,"José Antonio Kast Rist","¿Ya escuchaste nuestro nuevo jingle? ¡Atrévete! Todo va a estar bien✌🏼",,,,"lower_bound: 0, upper_bound: 999","lower_bound: 0, upper_bound: 99",USD,"{""age"":""25-34"",""gender"":""unknown"",""percentage"":0.003788},{""age"":""45-54"",""gender"":""female"",""percentage"":0.063131},{""age"":""35-44"",""gender"":""unknown"",""percentage"":0.011364},{""age"":""25-34"",""gender"":""female"",""percentage"":0.248737},{""age"":""55-64"",""gender"":""female"",""percentage"":0.027778},{""age"":""25-34"",""gender"":""male"",""percentage"":0.146465},{""age"":""35-44"",""gender"":""female"",""percentage"":0.140152},{""age"":""65+"",""gender"":""female"",""percentage"":0.011364},{""age"":""65+"",""gender"":""male"",""percentage"":0.006313},{""age"":""55-64"",""gender"":""male"",""percentage"":0.020202},{""age"":""45-54"",""gender"":""male"",""percentage"":0.031566},{""age"":""18-24"",""gender"":""female"",""percentage"":0.102273},{""age"":""18-24"",""gender"":""male"",""percentage"":0.085859},{""age"":""35-44"",""gender"":""male"",""percentage"":0.10101}","{""region"":""Los R\u00edos Region"",""percentage"":0.013802},{""region"":""Arica y Parinacota Region"",""percentage"":0.011292},{""region"":""Valpara\u00edso Region"",""percentage"":0.062735},{""region"":""Antofagasta Region"",""percentage"":0.052698},{""region"":""Araucan\u00eda Region"",""percentage"":0.055207},{""region"":""Atacama Region"",""percentage"":0.018821},{""region"":""B\u00edo B\u00edo Region"",""percentage"":0.101631},{""region"":""Coquimbo Region"",""percentage"":0.04266},{""region"":""O'Higgins Region"",""percentage"":0.04266},{""region"":""Los Lagos Region"",""percentage"":0.036386},{""region"":""Magallanes y la Ant\u00e1rtica Chilena Region"",""percentage"":0.020075},{""region"":""Maule Region"",""percentage"":0.072773},{""region"":""Santiago Metropolitan Region"",""percentage"":0.430364},{""region"":""Tarapac\u00e1 Region"",""percentage"":0.030113},{""region"":""Ays\u00e9n Region"",""percentage"":0.008783}",instagram,"lower_bound: 100001, upper_bound: 500000",es
4527611780667064,881095048648989,"José Antonio Kast",2021-11-12,2021-11-12,2021-11-18,"José Antonio Kast Rist","Llegó la hora de la esperanza y reconstrucción, pondré todo de mi parte porque vale la pena jugársela por nuestro país 🇨🇱 No tengan miedo, todo estará bien en la medida que nos atrevamos por Chile.",,,,"lower_bound: 0, upper_bound: 999","lower_bound: 0, upper_bound: 99",USD,"{""age"":""65+"",""gender"":""female"",""percentage"":0.006231},{""age"":""65+"",""gender"":""male"",""percentage"":0.003115},{""age"":""55-64"",""gender"":""male"",""percentage"":0.009346},{""age"":""18-24"",""gender"":""male"",""percentage"":0.056075},{""age"":""45-54"",""gender"":""male"",""percentage"":0.040498},{""age"":""18-24"",""gender"":""female"",""percentage"":0.043614},{""age"":""35-44"",""gender"":""male"",""percentage"":0.130841},{""age"":""45-54"",""gender"":""female"",""percentage"":0.065421},{""age"":""55-64"",""gender"":""female"",""percentage"":0.049844},{""age"":""25-34"",""gender"":""male"",""percentage"":0.152648},{""age"":""35-44"",""gender"":""female"",""percentage"":0.155763},{""age"":""25-34"",""gender"":""female"",""percentage"":0.258567},{""age"":""55-64"",""gender"":""unknown"",""percentage"":0.009346},{""age"":""35-44"",""gender"":""unknown"",""percentage"":0.012461},{""age"":""45-54"",""gender"":""unknown"",""percentage"":0.006231}","{""region"":""Ays\u00e9n Region"",""percentage"":0.012461},{""region"":""Magallanes y la Ant\u00e1rtica Chilena Region"",""percentage"":0.012461},{""region"":""Arica y Parinacota Region"",""percentage"":0.009346},{""region"":""Valpara\u00edso Region"",""percentage"":0.074766},{""region"":""Antofagasta Region"",""percentage"":0.034268},{""region"":""Araucan\u00eda Region"",""percentage"":0.037383},{""region"":""Atacama Region"",""percentage"":0.018692},{""region"":""B\u00edo B\u00edo Region"",""percentage"":0.099688},{""region"":""O'Higgins Region"",""percentage"":0.037383},{""region"":""Los Lagos Region"",""percentage"":0.024922},{""region"":""Maule Region"",""percentage"":0.05296},{""region"":""Santiago Metropolitan Region"",""percentage"":0.479751},{""region"":""Tarapac\u00e1 Region"",""percentage"":0.037383},{""region"":""Los R\u00edos Region"",""percentage"":0.034268},{""region"":""Coquimbo Region"",""percentage"":0.034268}",instagram,"lower_bound: 100001, upper_bound: 500000",es
1195954887474984,881095048648989,"José Antonio Kast",2021-11-12,2021-11-12,2021-11-19,"José Antonio Kast Rist","Llegó la hora de la esperanza y reconstrucción, pondré todo de mi parte porque vale la pena jugársela por nuestro país 🇨🇱 No tengan miedo, todo estará bien en la medida que nos atrevamos por Chile.",,,,"lower_bound: 60000, upper_bound: 69999","lower_bound: 200, upper_bound: 299",USD,"{""age"":""18-24"",""gender"":""unknown"",""percentage"":0.000197},{""age"":""35-44"",""gender"":""female"",""percentage"":0.1921},{""age"":""45-54"",""gender"":""male"",""percentage"":0.073866},{""age"":""55-64"",""gender"":""male"",""percentage"":0.042938},{""age"":""55-64"",""gender"":""female"",""percentage"":0.098674},{""age"":""18-24"",""gender"":""female"",""percentage"":0.021403},{""age"":""35-44"",""gender"":""unknown"",""percentage"":0.00584},{""age"":""18-24"",""gender"":""male"",""percentage"":0.009887},{""age"":""65+"",""gender"":""female"",""percentage"":0.035913},{""age"":""55-64"",""gender"":""unknown"",""percentage"":0.001645},{""age"":""25-34"",""gender"":""female"",""percentage"":0.169924},{""age"":""25-34"",""gender"":""male"",""percentage"":0.080463},{""age"":""35-44"",""gender"":""male"",""percentage"":0.109565},{""age"":""65+"",""gender"":""male"",""percentage"":0.014576},{""age"":""45-54"",""gender"":""female"",""percentage"":0.13564},{""age"":""45-54"",""gender"":""unknown"",""percentage"":0.004327},{""age"":""65+"",""gender"":""unknown"",""percentage"":0.000921},{""age"":""25-34"",""gender"":""unknown"",""percentage"":0.002122}","{""region"":""Los R\u00edos Region"",""percentage"":0.017153},{""region"":""Arica y Parinacota Region"",""percentage"":0.010024},{""region"":""Valpara\u00edso Region"",""percentage"":0.11729},{""region"":""Ays\u00e9n Region"",""percentage"":0.004039},{""region"":""Antofagasta Region"",""percentage"":0.045278},{""region"":""Araucan\u00eda Region"",""percentage"":0.040568},{""region"":""Atacama Region"",""percentage"":0.013343},{""region"":""B\u00edo B\u00edo Region"",""percentage"":0.082478},{""region"":""Coquimbo Region"",""percentage"":0.028664},{""region"":""O'Higgins Region"",""percentage"":0.051965},{""region"":""Los Lagos Region"",""percentage"":0.034665},{""region"":""Magallanes y la Ant\u00e1rtica Chilena Region"",""percentage"":0.010727},{""region"":""Maule Region"",""percentage"":0.051851},{""region"":""Santiago Metropolitan Region"",""percentage"":0.474442},{""region"":""Tarapac\u00e1 Region"",""percentage"":0.017513}","facebook,instagram","lower_bound: 1000001",es
637375134100200,881095048648989,"José Antonio Kast",2021-11-12,2021-11-13,2021-11-17,"José Antonio Kast Rist","#LaRecetadel21 para ir a votar",,,,"lower_bound: 0, upper_bound: 999","lower_bound: 0, upper_bound: 99",USD,"{""age"":""35-44"",""gender"":""unknown"",""percentage"":0.009032},{""age"":""65+"",""gender"":""male"",""percentage"":0.007742},{""age"":""25-34"",""gender"":""male"",""percentage"":0.163871},{""age"":""45-54"",""gender"":""female"",""percentage"":0.069677},{""age"":""25-34"",""gender"":""female"",""percentage"":0.19871},{""age"":""18-24"",""gender"":""male"",""percentage"":0.127742},{""age"":""35-44"",""gender"":""male"",""percentage"":0.072258},{""age"":""35-44"",""gender"":""female"",""percentage"":0.153548},{""age"":""55-64"",""gender"":""female"",""percentage"":0.021935},{""age"":""18-24"",""gender"":""female"",""percentage"":0.108387},{""age"":""55-64"",""gender"":""male"",""percentage"":0.014194},{""age"":""45-54"",""gender"":""male"",""percentage"":0.033548},{""age"":""65+"",""gender"":""female"",""percentage"":0.007742},{""age"":""45-54"",""gender"":""unknown"",""percentage"":0.006452},{""age"":""25-34"",""gender"":""unknown"",""percentage"":0.003871},{""age"":""55-64"",""gender"":""unknown"",""percentage"":0.00129}","{""region"":""Arica y Parinacota Region"",""percentage"":0.008951},{""region"":""Antofagasta Region"",""percentage"":0.070332},{""region"":""Los R\u00edos Region"",""percentage"":0.016624},{""region"":""Valpara\u00edso Region"",""percentage"":0.081841},{""region"":""Ays\u00e9n Region"",""percentage"":0.008951},{""region"":""Araucan\u00eda Region"",""percentage"":0.044757},{""region"":""Atacama Region"",""percentage"":0.014066},{""region"":""B\u00edo B\u00edo Region"",""percentage"":0.117647},{""region"":""Coquimbo Region"",""percentage"":0.039642},{""region"":""O'Higgins Region"",""percentage"":0.035806},{""region"":""Los Lagos Region"",""percentage"":0.034527},{""region"":""Magallanes y la Ant\u00e1rtica Chilena Region"",""percentage"":0.017903},{""region"":""Maule Region"",""percentage"":0.051151},{""region"":""Santiago Metropolitan Region"",""percentage"":0.421995},{""region"":""Tarapac\u00e1 Region"",""percentage"":0.035806}",instagram,"lower_bound: 100001, upper_bound: 500000",es
1308823116218879,881095048648989,"José Antonio Kast",2021-11-12,2021-11-13,2021-11-18,"José Antonio Kast Rist","#LaRecetadel21 para ir a votar",,,,"lower_bound: 300000, upper_bound: 349999","lower_bound: 1000, upper_bound: 1499",USD,"{""age"":""45-54"",""gender"":""unknown"",""percentage"":0.00319},{""age"":""35-44"",""gender"":""male"",""percentage"":0.121634},{""age"":""25-34"",""gender"":""unknown"",""percentage"":0.001557},{""age"":""35-44"",""gender"":""female"",""percentage"":0.17623},{""age"":""25-34"",""gender"":""female"",""percentage"":0.201674},{""age"":""45-54"",""gender"":""female"",""percentage"":0.120277},{""age"":""45-54"",""gender"":""male"",""percentage"":0.071816},{""age"":""55-64"",""gender"":""female"",""percentage"":0.072779},{""age"":""25-34"",""gender"":""male"",""percentage"":0.123426},{""age"":""35-44"",""gender"":""unknown"",""percentage"":0.00517},{""age"":""65+"",""gender"":""female"",""percentage"":0.024201},{""age"":""55-64"",""gender"":""male"",""percentage"":0.034477},{""age"":""65+"",""gender"":""male"",""percentage"":0.01276},{""age"":""18-24"",""gender"":""male"",""percentage"":0.01053},{""age"":""18-24"",""gender"":""female"",""percentage"":0.01863},{""age"":""65+"",""gender"":""unknown"",""percentage"":0.000435},{""age"":""55-64"",""gender"":""unknown"",""percentage"":0.001073},{""age"":""18-24"",""gender"":""unknown"",""percentage"":0.00014}","{""region"":""Los R\u00edos Region"",""percentage"":0.017952},{""region"":""Arica y Parinacota Region"",""percentage"":0.010409},{""region"":""Valpara\u00edso Region"",""percentage"":0.119321},{""region"":""Ays\u00e9n Region"",""percentage"":0.003959},{""region"":""Antofagasta Region"",""percentage"":0.045624},{""region"":""Araucan\u00eda Region"",""percentage"":0.041267},{""region"":""Atacama Region"",""percentage"":0.015019},{""region"":""B\u00edo B\u00edo Region"",""percentage"":0.085884},{""region"":""Coquimbo Region"",""percentage"":0.027672},{""region"":""O'Higgins Region"",""percentage"":0.056059},{""region"":""Los Lagos Region"",""percentage"":0.035461},{""region"":""Magallanes y la Ant\u00e1rtica Chilena Region"",""percentage"":0.01204},{""region"":""Maule Region"",""percentage"":0.050086},{""region"":""Santiago Metropolitan Region"",""percentage"":0.460175},{""region"":""Tarapac\u00e1 Region"",""percentage"":0.019072}","facebook,instagram","lower_bound: 1000001",es
582294956343338,881095048648989,"José Antonio Kast",2021-11-09,2021-11-09,2021-11-18,"José Antonio Kast Rist","¡Chile necesita un nuevo parlamento! Vota por los candidatos del Frente Social Cristiano

El trabajo de recuperar nuestro Congreso lo hacemos juntos. Atrévete y vota por los candidatos del Frente Social Cristiano.  Conócelos en https://partidorepublicanodechile.cl/lista-de-candidatos/","Chile necesita un nuevo parlamento 🇨🇱",,,"lower_bound: 0, upper_bound: 999","lower_bound: 0, upper_bound: 99",USD,,,instagram,"lower_bound: 100001, upper_bound: 500000",es
736104694015446,881095048648989,"José Antonio Kast",2021-11-09,2021-11-09,2021-11-17,"José Antonio Kast Rist","Atrévete a Vivir en un Chile en Paz.
Que nunca más la violencia triunfe sobre la libertad.

#AtreveteAVivirEnPaz  por un Chile más seguro pinchando aquí: https://bit.ly/3ARjJIz","Atrévete a Vivir en un Chile en Paz.",,,"lower_bound: 0, upper_bound: 999","lower_bound: 0, upper_bound: 99",USD,,,instagram,"lower_bound: 100001, upper_bound: 500000",es
435547421260613,881095048648989,"José Antonio Kast",2021-11-09,2021-11-09,2021-11-17,"José Antonio Kast Rist","¡Nuestra campaña la hacemos todos! Gracias a los miles de aportes de los AtreviDos. Pero les pido un esfuerzo más: tenemos que llegar a todo Chile con nuestro mensaje para ganar.

Súmate y ayúdanos en https://aportes.servel.cl/",,,,"lower_bound: 2000, upper_bound: 2999","lower_bound: 0, upper_bound: 99",USD,"{""age"":""18-24"",""gender"":""unknown"",""percentage"":0.000513},{""age"":""65+"",""gender"":""male"",""percentage"":0.008722},{""age"":""55-64"",""gender"":""male"",""percentage"":0.014366},{""age"":""18-24"",""gender"":""female"",""percentage"":0.100564},{""age"":""25-34"",""gender"":""female"",""percentage"":0.227296},{""age"":""18-24"",""gender"":""male"",""percentage"":0.090303},{""age"":""25-34"",""gender"":""male"",""percentage"":0.173422},{""age"":""35-44"",""gender"":""male"",""percentage"":0.097999},{""age"":""35-44"",""gender"":""female"",""percentage"":0.143663},{""age"":""55-64"",""gender"":""unknown"",""percentage"":0.001539},{""age"":""45-54"",""gender"":""male"",""percentage"":0.029246},{""age"":""55-64"",""gender"":""female"",""percentage"":0.026167},{""age"":""45-54"",""gender"":""female"",""percentage"":0.059518},{""age"":""65+"",""gender"":""female"",""percentage"":0.011288},{""age"":""45-54"",""gender"":""unknown"",""percentage"":0.003079},{""age"":""25-34"",""gender"":""unknown"",""percentage"":0.003079},{""age"":""65+"",""gender"":""unknown"",""percentage"":0.001026},{""age"":""35-44"",""gender"":""unknown"",""percentage"":0.008209}","{""region"":""Los R\u00edos Region"",""percentage"":0.019447},{""region"":""Arica y Parinacota Region"",""percentage"":0.011259},{""region"":""Valpara\u00edso Region"",""percentage"":0.074207},{""region"":""Ays\u00e9n Region"",""percentage"":0.007677},{""region"":""Antofagasta Region"",""percentage"":0.044012},{""region"":""Araucan\u00eda Region"",""percentage"":0.043501},{""region"":""Atacama Region"",""percentage"":0.016888},{""region"":""B\u00edo B\u00edo Region"",""percentage"":0.097236},{""region"":""Coquimbo Region"",""percentage"":0.046059},{""region"":""O'Higgins Region"",""percentage"":0.044012},{""region"":""Los Lagos Region"",""percentage"":0.038895},{""region"":""Magallanes y la Ant\u00e1rtica Chilena Region"",""percentage"":0.012794},{""region"":""Maule Region"",""percentage"":0.060389},{""region"":""Santiago Metropolitan Region"",""percentage"":0.453941},{""region"":""Tarapac\u00e1 Region"",""percentage"":0.029683}",instagram,"lower_bound: 100001, upper_bound: 500000",es
878785246119186,881095048648989,"José Antonio Kast",2021-11-09,2021-11-09,2021-11-18,"José Antonio Kast Rist","¡Nuestra campaña la hacemos todos! Gracias a los miles de aportes de los AtreviDos. Pero les pido un esfuerzo más: tenemos que llegar a todo Chile con nuestro mensaje para ganar.

Súmate y ayúdanos en https://aportes.servel.cl/",,,,"lower_bound: 200000, upper_bound: 249999","lower_bound: 600, upper_bound: 699",USD,"{""age"":""18-24"",""gender"":""unknown"",""percentage"":0.000171},{""age"":""35-44"",""gender"":""male"",""percentage"":0.129503},{""age"":""55-64"",""gender"":""unknown"",""percentage"":0.001376},{""age"":""65+"",""gender"":""unknown"",""percentage"":0.000537},{""age"":""45-54"",""gender"":""unknown"",""percentage"":0.002815},{""age"":""18-24"",""gender"":""male"",""percentage"":0.018147},{""age"":""65+"",""gender"":""female"",""percentage"":0.032446},{""age"":""25-34"",""gender"":""female"",""percentage"":0.152733},{""age"":""25-34"",""gender"":""male"",""percentage"":0.150134},{""age"":""65+"",""gender"":""male"",""percentage"":0.024343},{""age"":""45-54"",""gender"":""female"",""percentage"":0.09941},{""age"":""55-64"",""gender"":""male"",""percentage"":0.057291},{""age"":""35-44"",""gender"":""female"",""percentage"":0.122131},{""age"":""45-54"",""gender"":""male"",""percentage"":0.093991},{""age"":""18-24"",""gender"":""female"",""percentage"":0.02303},{""age"":""55-64"",""gender"":""female"",""percentage"":0.086585},{""age"":""35-44"",""gender"":""unknown"",""percentage"":0.003906},{""age"":""25-34"",""gender"":""unknown"",""percentage"":0.00145}","{""region"":""Los R\u00edos Region"",""percentage"":0.019716},{""region"":""Arica y Parinacota Region"",""percentage"":0.010687},{""region"":""Valpara\u00edso Region"",""percentage"":0.12172},{""region"":""Ays\u00e9n Region"",""percentage"":0.003934},{""region"":""Antofagasta Region"",""percentage"":0.041816},{""region"":""Araucan\u00eda Region"",""percentage"":0.043897},{""region"":""Atacama Region"",""percentage"":0.014124},{""region"":""B\u00edo B\u00edo Region"",""percentage"":0.071287},{""region"":""Coquimbo Region"",""percentage"":0.026892},{""region"":""O'Higgins Region"",""percentage"":0.053332},{""region"":""Los Lagos Region"",""percentage"":0.032639},{""region"":""Magallanes y la Ant\u00e1rtica Chilena Region"",""percentage"":0.010007},{""region"":""Maule Region"",""percentage"":0.046185},{""region"":""Santiago Metropolitan Region"",""percentage"":0.485914},{""region"":""Tarapac\u00e1 Region"",""percentage"":0.017852}","facebook,instagram","lower_bound: 1000001",es
386217653199009,881095048648989,"José Antonio Kast",2021-11-09,2021-11-09,2021-11-17,"José Antonio Kast Rist","Nuestro programa tiene más de 200 medidas en materia medioambiental. Si queremos garantizar la seguridad energética tenemos que ver como retirarlas en la medida que avancemos en las energías renovables. ✌🏼","La emergencia climática es una realidad",,,"lower_bound: 0, upper_bound: 999","lower_bound: 0, upper_bound: 99",USD,,,instagram,"lower_bound: 100001, upper_bound: 500000",es
591914785461882,881095048648989,"José Antonio Kast",2021-11-09,2021-11-09,2021-11-18,"José Antonio Kast Rist","Nuestro programa tiene más de 200 medidas en materia medioambiental. Si queremos garantizar la seguridad energética tenemos que ver como retirarlas en la medida que avancemos en las energías renovables. ✌🏼","La emergencia climática es una realidad",,,"lower_bound: 100000, upper_bound: 124999","lower_bound: 400, upper_bound: 499",USD,"{""age"":""35-44"",""gender"":""unknown"",""percentage"":0.006562},{""age"":""45-54"",""gender"":""male"",""percentage"":0.109333},{""age"":""55-64"",""gender"":""unknown"",""percentage"":0.002981},{""age"":""25-34"",""gender"":""unknown"",""percentage"":0.001984},{""age"":""18-24"",""gender"":""male"",""percentage"":0.015474},{""age"":""65+"",""gender"":""unknown"",""percentage"":0.001353},{""age"":""65+"",""gender"":""male"",""percentage"":0.038699},{""age"":""65+"",""gender"":""female"",""percentage"":0.045617},{""age"":""55-64"",""gender"":""female"",""percentage"":0.095955},{""age"":""45-54"",""gender"":""unknown"",""percentage"":0.004944},{""age"":""25-34"",""gender"":""female"",""percentage"":0.12908},{""age"":""45-54"",""gender"":""female"",""percentage"":0.089617},{""age"":""35-44"",""gender"":""female"",""percentage"":0.10269},{""age"":""55-64"",""gender"":""male"",""percentage"":0.089871},{""age"":""25-34"",""gender"":""male"",""percentage"":0.117238},{""age"":""18-24"",""gender"":""female"",""percentage"":0.017732},{""age"":""35-44"",""gender"":""male"",""percentage"":0.130687},{""age"":""18-24"",""gender"":""unknown"",""percentage"":0.000183}","{""region"":""Los R\u00edos Region"",""percentage"":0.017394},{""region"":""Arica y Parinacota Region"",""percentage"":0.01013},{""region"":""Valpara\u00edso Region"",""percentage"":0.10657},{""region"":""Ays\u00e9n Region"",""percentage"":0.0039},{""region"":""Antofagasta Region"",""percentage"":0.041261},{""region"":""Araucan\u00eda Region"",""percentage"":0.044381},{""region"":""Atacama Region"",""percentage"":0.012055},{""region"":""B\u00edo B\u00edo Region"",""percentage"":0.079502},{""region"":""Coquimbo Region"",""percentage"":0.025569},{""region"":""O'Higgins Region"",""percentage"":0.047116},{""region"":""Los Lagos Region"",""percentage"":0.032143},{""region"":""Magallanes y la Ant\u00e1rtica Chilena Region"",""percentage"":0.012308},{""region"":""Maule Region"",""percentage"":0.046468},{""region"":""Santiago Metropolitan Region"",""percentage"":0.503637},{""region"":""Tarapac\u00e1 Region"",""percentage"":0.017566}","facebook,instagram","lower_bound: 1000001",es
288366576516414,881095048648989,"José Antonio Kast",2021-11-09,2021-11-09,2021-11-18,"José Antonio Kast Rist","Otra caricatura más: No hay nada más lejano a mi vida que los regímenes totalitarios que me intentan adosar. Les comparto parte de mi historia familiar ✌🏻","Otra caricatura más",,,"lower_bound: 0, upper_bound: 999","lower_bound: 0, upper_bound: 99",USD,"{""age"":""55-64"",""gender"":""female"",""percentage"":0.017964},{""age"":""45-54"",""gender"":""female"",""percentage"":0.017964},{""age"":""65+"",""gender"":""male"",""percentage"":0.005988},{""age"":""35-44"",""gender"":""male"",""percentage"":0.02994},{""age"":""25-34"",""gender"":""male"",""percentage"":0.155689},{""age"":""18-24"",""gender"":""male"",""percentage"":0.251497},{""age"":""18-24"",""gender"":""female"",""percentage"":0.269461},{""age"":""25-34"",""gender"":""female"",""percentage"":0.203593},{""age"":""35-44"",""gender"":""female"",""percentage"":0.041916},{""age"":""25-34"",""gender"":""unknown"",""percentage"":0.005988}","{""region"":""Ays\u00e9n Region"",""percentage"":0.005988},{""region"":""Arica y Parinacota Region"",""percentage"":0.005988},{""region"":""Los R\u00edos Region"",""percentage"":0.035928},{""region"":""Valpara\u00edso Region"",""percentage"":0.08982},{""region"":""Antofagasta Region"",""percentage"":0.065868},{""region"":""Araucan\u00eda Region"",""percentage"":0.065868},{""region"":""Atacama Region"",""percentage"":0.047904},{""region"":""B\u00edo B\u00edo Region"",""percentage"":0.11976},{""region"":""Coquimbo Region"",""percentage"":0.077844},{""region"":""O'Higgins Region"",""percentage"":0.053892},{""region"":""Los Lagos Region"",""percentage"":0.041916},{""region"":""Magallanes y la Ant\u00e1rtica Chilena Region"",""percentage"":0.023952},{""region"":""Maule Region"",""percentage"":0.065868},{""region"":""Santiago Metropolitan Region"",""percentage"":0.281437},{""region"":""Tarapac\u00e1 Region"",""percentage"":0.017964}",instagram,"lower_bound: 100001, upper_bound: 500000",es
600785744600914,881095048648989,"José Antonio Kast",2021-11-09,2021-11-09,2021-11-19,"José Antonio Kast Rist","Otra caricatura más: No hay nada más lejano a mi vida que los regímenes totalitarios que me intentan adosar. Les comparto parte de mi historia familiar ✌🏻","Otra caricatura más",,,"lower_bound: 175000, upper_bound: 199999","lower_bound: 700, upper_bound: 799",USD,"{""age"":""35-44"",""gender"":""unknown"",""percentage"":0.004718},{""age"":""25-34"",""gender"":""female"",""percentage"":0.14925},{""age"":""25-34"",""gender"":""unknown"",""percentage"":0.001011},{""age"":""65+"",""gender"":""unknown"",""percentage"":0.001066},{""age"":""18-24"",""gender"":""male"",""percentage"":0.005661},{""age"":""45-54"",""gender"":""unknown"",""percentage"":0.003872},{""age"":""65+"",""gender"":""male"",""percentage"":0.022657},{""age"":""45-54"",""gender"":""male"",""percentage"":0.076788},{""age"":""55-64"",""gender"":""female"",""percentage"":0.124977},{""age"":""55-64"",""gender"":""unknown"",""percentage"":0.001974},{""age"":""55-64"",""gender"":""male"",""percentage"":0.050149},{""age"":""45-54"",""gender"":""female"",""percentage"":0.143424},{""age"":""35-44"",""gender"":""male"",""percentage"":0.090036},{""age"":""35-44"",""gender"":""female"",""percentage"":0.191888},{""age"":""25-34"",""gender"":""male"",""percentage"":0.056635},{""age"":""18-24"",""gender"":""female"",""percentage"":0.014451},{""age"":""65+"",""gender"":""female"",""percentage"":0.061298},{""age"":""18-24"",""gender"":""unknown"",""percentage"":0.000144}","{""region"":""Los R\u00edos Region"",""percentage"":0.019471},{""region"":""Arica y Parinacota Region"",""percentage"":0.009944},{""region"":""Valpara\u00edso Region"",""percentage"":0.11967},{""region"":""Ays\u00e9n Region"",""percentage"":0.004042},{""region"":""Antofagasta Region"",""percentage"":0.046335},{""region"":""Araucan\u00eda Region"",""percentage"":0.0685},{""region"":""Atacama Region"",""percentage"":0.013028},{""region"":""B\u00edo B\u00edo Region"",""percentage"":0.1026},{""region"":""Coquimbo Region"",""percentage"":0.024696},{""region"":""O'Higgins Region"",""percentage"":0.050404},{""region"":""Los Lagos Region"",""percentage"":0.033976},{""region"":""Magallanes y la Ant\u00e1rtica Chilena Region"",""percentage"":0.015415},{""region"":""Maule Region"",""percentage"":0.052189},{""region"":""Santiago Metropolitan Region"",""percentage"":0.421204},{""region"":""Tarapac\u00e1 Region"",""percentage"":0.018527}","facebook,instagram","lower_bound: 1000001",es
900503017318857,881095048648989,"José Antonio Kast",2021-11-09,2021-11-09,2021-11-17,"José Antonio Kast Rist","“Vienen tiempos difíciles en lo social económico, no será fácil. Aquí algunos harán promesas que no podrán cumplir, y algunos otros promesas que van a dañar nuestra patria. Queremos invitarlos a recuperar un Chile en paz y en progreso, queremos un Chile mejor y para todos”. Atrévete y comencemos a recuperar Chile pinchando aquí: https://bit.ly/3kQUXCR","Debate Presidencial 2021 🇨🇱",,,"lower_bound: 0, upper_bound: 999","lower_bound: 0, upper_bound: 99",USD,,,instagram,"lower_bound: 100001, upper_bound: 500000",es
925862248045691,881095048648989,"José Antonio Kast",2021-11-09,2021-11-09,2021-11-17,"José Antonio Kast Rist","La libertad no está muerta.
Atrévete a defenderla, sin miedo y con fuerza.

Por ti, por mí, por Chile

#AtrevetePorKast",,,,"lower_bound: 0, upper_bound: 999","lower_bound: 0, upper_bound: 99",USD,,,instagram,"lower_bound: 100001, upper_bound: 500000",es
178896661028562,881095048648989,"José Antonio Kast",2021-11-04,2021-11-05,2021-11-18,"José Antonio Kast Rist","Atrévete para que cada día seamos mas los que levantemos la voz por Chile 🇨🇱 #Atrévete",,,,"lower_bound: 100000, upper_bound: 124999","lower_bound: 200, upper_bound: 299",USD,"{""age"":""18-24"",""gender"":""unknown"",""percentage"":0.00016},{""age"":""25-34"",""gender"":""male"",""percentage"":0.077757},{""age"":""55-64"",""gender"":""unknown"",""percentage"":0.000981},{""age"":""35-44"",""gender"":""unknown"",""percentage"":0.004145},{""age"":""18-24"",""gender"":""male"",""percentage"":0.009482},{""age"":""45-54"",""gender"":""male"",""percentage"":0.054959},{""age"":""55-64"",""gender"":""male"",""percentage"":0.034874},{""age"":""45-54"",""gender"":""female"",""percentage"":0.135339},{""age"":""55-64"",""gender"":""female"",""percentage"":0.099104},{""age"":""25-34"",""gender"":""unknown"",""percentage"":0.001111},{""age"":""25-34"",""gender"":""female"",""percentage"":0.207029},{""age"":""35-44"",""gender"":""male"",""percentage"":0.083825},{""age"":""35-44"",""gender"":""female"",""percentage"":0.210864},{""age"":""18-24"",""gender"":""female"",""percentage"":0.021787},{""age"":""65+"",""gender"":""male"",""percentage"":0.01625},{""age"":""65+"",""gender"":""female"",""percentage"":0.038929},{""age"":""65+"",""gender"":""unknown"",""percentage"":0.000791},{""age"":""45-54"",""gender"":""unknown"",""percentage"":0.002613}","{""region"":""Los R\u00edos Region"",""percentage"":0.019987},{""region"":""Arica y Parinacota Region"",""percentage"":0.012065},{""region"":""Valpara\u00edso Region"",""percentage"":0.114251},{""region"":""Ays\u00e9n Region"",""percentage"":0.004992},{""region"":""Antofagasta Region"",""percentage"":0.040367},{""region"":""Araucan\u00eda Region"",""percentage"":0.042469},{""region"":""Atacama Region"",""percentage"":0.014833},{""region"":""B\u00edo B\u00edo Region"",""percentage"":0.08994},{""region"":""Coquimbo Region"",""percentage"":0.03385},{""region"":""O'Higgins Region"",""percentage"":0.054756},{""region"":""Los Lagos Region"",""percentage"":0.043651},{""region"":""Magallanes y la Ant\u00e1rtica Chilena Region"",""percentage"":0.012267},{""region"":""Maule Region"",""percentage"":0.051028},{""region"":""Santiago Metropolitan Region"",""percentage"":0.447325},{""region"":""Tarapac\u00e1 Region"",""percentage"":0.018218}","facebook,instagram","lower_bound: 1000001",es
1015738552493332,881095048648989,"José Antonio Kast",2021-11-04,2021-11-05,2021-11-18,"José Antonio Kast Rist","Atrévete para que cada día seamos mas los que levantemos la voz por Chile 🇨🇱 #Atrévete",,,,"lower_bound: 0, upper_bound: 999","lower_bound: 0, upper_bound: 99",USD,"{""age"":""65+"",""gender"":""female"",""percentage"":0.017621},{""age"":""35-44"",""gender"":""unknown"",""percentage"":0.011747},{""age"":""65+"",""gender"":""male"",""percentage"":0.008811},{""age"":""55-64"",""gender"":""female"",""percentage"":0.0558},{""age"":""35-44"",""gender"":""male"",""percentage"":0.054332},{""age"":""35-44"",""gender"":""female"",""percentage"":0.116006},{""age"":""45-54"",""gender"":""female"",""percentage"":0.085169},{""age"":""18-24"",""gender"":""female"",""percentage"":0.129222},{""age"":""18-24"",""gender"":""male"",""percentage"":0.098385},{""age"":""25-34"",""gender"":""male"",""percentage"":0.133627},{""age"":""55-64"",""gender"":""male"",""percentage"":0.016153},{""age"":""25-34"",""gender"":""female"",""percentage"":0.236417},{""age"":""45-54"",""gender"":""unknown"",""percentage"":0.004405},{""age"":""25-34"",""gender"":""unknown"",""percentage"":0.001468},{""age"":""45-54"",""gender"":""male"",""percentage"":0.030837}","{""region"":""Ays\u00e9n Region"",""percentage"":0.0059},{""region"":""Los Lagos Region"",""percentage"":0.030973},{""region"":""Atacama Region"",""percentage"":0.022124},{""region"":""Los R\u00edos Region"",""percentage"":0.017699},{""region"":""Arica y Parinacota Region"",""percentage"":0.019174},{""region"":""Valpara\u00edso Region"",""percentage"":0.069322},{""region"":""Antofagasta Region"",""percentage"":0.047198},{""region"":""Araucan\u00eda Region"",""percentage"":0.050147},{""region"":""B\u00edo B\u00edo Region"",""percentage"":0.084071},{""region"":""Coquimbo Region"",""percentage"":0.028024},{""region"":""O'Higgins Region"",""percentage"":0.036873},{""region"":""Magallanes y la Ant\u00e1rtica Chilena Region"",""percentage"":0.017699},{""region"":""Santiago Metropolitan Region"",""percentage"":0.476401},{""region"":""Tarapac\u00e1 Region"",""percentage"":0.033923},{""region"":""Maule Region"",""percentage"":0.060472}",instagram,"lower_bound: 100001, upper_bound: 500000",es
397628358710943,881095048648989,"José Antonio Kast",2021-11-04,2021-11-05,2021-11-18,"José Antonio Kast Rist","Para una mejor ciudad, debemos erradicar la violencia, partiendo por no indultar a los violentistas y delincuentes. Si queremos cuidar nuestros barrios tenemos que primero no indultar a los que los quemaron.",,,,"lower_bound: 600000, upper_bound: 699999","lower_bound: 1500, upper_bound: 1999",USD,"{""age"":""18-24"",""gender"":""unknown"",""percentage"":0.000261},{""age"":""45-54"",""gender"":""male"",""percentage"":0.070186},{""age"":""35-44"",""gender"":""unknown"",""percentage"":0.005938},{""age"":""18-24"",""gender"":""male"",""percentage"":0.017256},{""age"":""18-24"",""gender"":""female"",""percentage"":0.020481},{""age"":""55-64"",""gender"":""male"",""percentage"":0.030125},{""age"":""65+"",""gender"":""female"",""percentage"":0.02265},{""age"":""35-44"",""gender"":""male"",""percentage"":0.12999},{""age"":""65+"",""gender"":""male"",""percentage"":0.012526},{""age"":""55-64"",""gender"":""unknown"",""percentage"":0.001038},{""age"":""35-44"",""gender"":""female"",""percentage"":0.172103},{""age"":""55-64"",""gender"":""female"",""percentage"":0.053436},{""age"":""25-34"",""gender"":""female"",""percentage"":0.211259},{""age"":""45-54"",""gender"":""female"",""percentage"":0.097434},{""age"":""25-34"",""gender"":""male"",""percentage"":0.149063},{""age"":""25-34"",""gender"":""unknown"",""percentage"":0.002381},{""age"":""45-54"",""gender"":""unknown"",""percentage"":0.003378},{""age"":""65+"",""gender"":""unknown"",""percentage"":0.000494}","{""region"":""Los R\u00edos Region"",""percentage"":0.019884},{""region"":""Arica y Parinacota Region"",""percentage"":0.010459},{""region"":""Valpara\u00edso Region"",""percentage"":0.111912},{""region"":""Ays\u00e9n Region"",""percentage"":0.004753},{""region"":""Antofagasta Region"",""percentage"":0.039724},{""region"":""Araucan\u00eda Region"",""percentage"":0.052952},{""region"":""Atacama Region"",""percentage"":0.013514},{""region"":""B\u00edo B\u00edo Region"",""percentage"":0.091259},{""region"":""Coquimbo Region"",""percentage"":0.028803},{""region"":""O'Higgins Region"",""percentage"":0.052072},{""region"":""Los Lagos Region"",""percentage"":0.039804},{""region"":""Magallanes y la Ant\u00e1rtica Chilena Region"",""percentage"":0.012445},{""region"":""Maule Region"",""percentage"":0.056483},{""region"":""Santiago Metropolitan Region"",""percentage"":0.44898},{""region"":""Tarapac\u00e1 Region"",""percentage"":0.016956}","facebook,instagram","lower_bound: 1000001",es
410130007261089,881095048648989,"José Antonio Kast",2021-11-04,2021-11-05,2021-11-17,"José Antonio Kast Rist","Para una mejor ciudad, debemos erradicar la violencia, partiendo por no indultar a los violentistas y delincuentes. Si queremos cuidar nuestros barrios tenemos que primero no indultar a los que los quemaron.",,,,"lower_bound: 3000, upper_bound: 3999","lower_bound: 0, upper_bound: 99",USD,"{""age"":""18-24"",""gender"":""unknown"",""percentage"":0.000315},{""age"":""55-64"",""gender"":""female"",""percentage"":0.048757},{""age"":""65+"",""gender"":""unknown"",""percentage"":0.001258},{""age"":""25-34"",""gender"":""unknown"",""percentage"":0.003146},{""age"":""65+"",""gender"":""male"",""percentage"":0.010695},{""age"":""45-54"",""gender"":""unknown"",""percentage"":0.006606},{""age"":""45-54"",""gender"":""male"",""percentage"":0.04687},{""age"":""45-54"",""gender"":""female"",""percentage"":0.070462},{""age"":""18-24"",""gender"":""female"",""percentage"":0.069204},{""age"":""35-44"",""gender"":""male"",""percentage"":0.087134},{""age"":""55-64"",""gender"":""male"",""percentage"":0.026738},{""age"":""35-44"",""gender"":""female"",""percentage"":0.129286},{""age"":""65+"",""gender"":""female"",""percentage"":0.019188},{""age"":""25-34"",""gender"":""male"",""percentage"":0.161372},{""age"":""35-44"",""gender"":""unknown"",""percentage"":0.008179},{""age"":""18-24"",""gender"":""male"",""percentage"":0.096571},{""age"":""25-34"",""gender"":""female"",""percentage"":0.212016},{""age"":""55-64"",""gender"":""unknown"",""percentage"":0.002202}","{""region"":""Arica y Parinacota Region"",""percentage"":0.013988},{""region"":""Los R\u00edos Region"",""percentage"":0.019894},{""region"":""Valpara\u00edso Region"",""percentage"":0.085483},{""region"":""Antofagasta Region"",""percentage"":0.045073},{""region"":""Araucan\u00eda Region"",""percentage"":0.042897},{""region"":""Atacama Region"",""percentage"":0.017408},{""region"":""B\u00edo B\u00edo Region"",""percentage"":0.100093},{""region"":""Coquimbo Region"",""percentage"":0.047249},{""region"":""O'Higgins Region"",""percentage"":0.04041},{""region"":""Los Lagos Region"",""percentage"":0.034504},{""region"":""Maule Region"",""percentage"":0.066832},{""region"":""Santiago Metropolitan Region"",""percentage"":0.430836},{""region"":""Tarapac\u00e1 Region"",""percentage"":0.030774},{""region"":""Ays\u00e9n Region"",""percentage"":0.00746},{""region"":""Magallanes y la Ant\u00e1rtica Chilena Region"",""percentage"":0.017097}",instagram,"lower_bound: 100001, upper_bound: 500000",es
1916385195202672,881095048648989,"José Antonio Kast",2021-10-31,2021-11-01,2021-11-18,"José Antonio Kast Rist","¿Qué cantaría hoy Violeta Parra al ver la opresión, injusticias y padecimientos que sufren los chilenos en La Araucanía y Arauco? 
#AtreveteContraElTerrorismo",#AtréveteContraElTerrorismo,,,"lower_bound: 1000000","lower_bound: 3500, upper_bound: 3999",USD,"{""age"":""45-54"",""gender"":""unknown"",""percentage"":0.00072},{""age"":""25-34"",""gender"":""male"",""percentage"":0.182489},{""age"":""13-17"",""gender"":""female"",""percentage"":5.0e-6},{""age"":""13-17"",""gender"":""male"",""percentage"":2.0e-5},{""age"":""55-64"",""gender"":""unknown"",""percentage"":0.000371},{""age"":""25-34"",""gender"":""unknown"",""percentage"":0.001651},{""age"":""35-44"",""gender"":""unknown"",""percentage"":0.001223},{""age"":""18-24"",""gender"":""male"",""percentage"":0.27649},{""age"":""18-24"",""gender"":""female"",""percentage"":0.215065},{""age"":""35-44"",""gender"":""male"",""percentage"":0.048985},{""age"":""35-44"",""gender"":""female"",""percentage"":0.036362},{""age"":""65+"",""gender"":""unknown"",""percentage"":0.000251},{""age"":""25-34"",""gender"":""female"",""percentage"":0.12431},{""age"":""18-24"",""gender"":""unknown"",""percentage"":0.003039},{""age"":""45-54"",""gender"":""male"",""percentage"":0.024735},{""age"":""55-64"",""gender"":""male"",""percentage"":0.016488},{""age"":""65+"",""gender"":""male"",""percentage"":0.010192},{""age"":""45-54"",""gender"":""female"",""percentage"":0.024032},{""age"":""55-64"",""gender"":""female"",""percentage"":0.022545},{""age"":""65+"",""gender"":""female"",""percentage"":0.011019},{""age"":""13-17"",""gender"":""unknown"",""percentage"":1.0e-5}","{""region"":""Salta"",""percentage"":1.0e-6},{""region"":""Antofagasta Region"",""percentage"":0.035966},{""region"":""Santiago Metropolitan Region"",""percentage"":0.371831},{""region"":""Maule Region"",""percentage"":0.072352},{""region"":""Magallanes y la Ant\u00e1rtica Chilena Region"",""percentage"":0.010656},{""region"":""Los Lagos Region"",""percentage"":0.044865},{""region"":""O'Higgins Region"",""percentage"":0.053045},{""region"":""Coquimbo Region"",""percentage"":0.039649},{""region"":""B\u00edo B\u00edo Region"",""percentage"":0.138374},{""region"":""Atacama Region"",""percentage"":0.016483},{""region"":""Araucan\u00eda Region"",""percentage"":0.057234},{""region"":""Ays\u00e9n Region"",""percentage"":0.005824},{""region"":""San Juan"",""percentage"":1.0e-6},{""region"":""Valpara\u00edso Region"",""percentage"":0.095066},{""region"":""Arica y Parinacota Region"",""percentage"":0.013875},{""region"":""Los R\u00edos Region"",""percentage"":0.021836},{""region"":""Unknown"",""percentage"":0.000706},{""region"":""Entre Rios"",""percentage"":1.0e-6},{""region"":""Tashkent Region"",""percentage"":1.0e-6},{""region"":""Rukwa"",""percentage"":1.0e-6},{""region"":""Dar es Salaam"",""percentage"":1.0e-6},{""region"":""Kagera"",""percentage"":1.0e-6},{""region"":""Tarapac\u00e1 Region"",""percentage"":0.022229}",instagram,"lower_bound: 1000001",
428594381953866,881095048648989,"José Antonio Kast",2021-10-31,2021-11-01,2021-11-18,"José Antonio Kast Rist","¿Qué cantaría hoy Violeta Parra al ver la opresión, injusticias y padecimientos que sufren los chilenos en La Araucanía y Arauco? 
#AtreveteContraElTerrorismo",#AtréveteContraElTerrorismo,,,"lower_bound: 200000, upper_bound: 249999","lower_bound: 700, upper_bound: 799",USD,"{""age"":""55-64"",""gender"":""unknown"",""percentage"":0.001107},{""age"":""45-54"",""gender"":""female"",""percentage"":0.097304},{""age"":""65+"",""gender"":""unknown"",""percentage"":0.000478},{""age"":""35-44"",""gender"":""unknown"",""percentage"":0.003882},{""age"":""45-54"",""gender"":""unknown"",""percentage"":0.002338},{""age"":""18-24"",""gender"":""female"",""percentage"":0.02529},{""age"":""55-64"",""gender"":""male"",""percentage"":0.039712},{""age"":""25-34"",""gender"":""female"",""percentage"":0.197862},{""age"":""35-44"",""gender"":""male"",""percentage"":0.11513},{""age"":""45-54"",""gender"":""male"",""percentage"":0.071222},{""age"":""35-44"",""gender"":""female"",""percentage"":0.145929},{""age"":""25-34"",""gender"":""male"",""percentage"":0.148007},{""age"":""25-34"",""gender"":""unknown"",""percentage"":0.00175},{""age"":""65+"",""gender"":""female"",""percentage"":0.034558},{""age"":""65+"",""gender"":""male"",""percentage"":0.019822},{""age"":""55-64"",""gender"":""female"",""percentage"":0.068583},{""age"":""18-24"",""gender"":""male"",""percentage"":0.026739},{""age"":""18-24"",""gender"":""unknown"",""percentage"":0.000287}","{""region"":""Araucan\u00eda Region"",""percentage"":1}","facebook,instagram","lower_bound: 50001, upper_bound: 100000",es
253954733364480,881095048648989,"José Antonio Kast",2021-10-30,2021-10-30,2021-11-18,"José Antonio Kast Rist","Comprometidos con la conectividad y el desarrollo regional, fuimos a #Porvenir para compartir en primera persona, las adversidades de la zona austral. 

#AtreveteAregionalizarChile Apoya la causa para que todas las regiones sean igual de importantes pinchando aquí: https://bit.ly/2XyqNeq",,,,"lower_bound: 70000, upper_bound: 79999","lower_bound: 200, upper_bound: 299",USD,"{""age"":""45-54"",""gender"":""unknown"",""percentage"":0.004},{""age"":""35-44"",""gender"":""female"",""percentage"":0.161773},{""age"":""55-64"",""gender"":""unknown"",""percentage"":0.002085},{""age"":""35-44"",""gender"":""unknown"",""percentage"":0.005744},{""age"":""25-34"",""gender"":""unknown"",""percentage"":0.002298},{""age"":""65+"",""gender"":""male"",""percentage"":0.0237},{""age"":""18-24"",""gender"":""male"",""percentage"":0.016679},{""age"":""65+"",""gender"":""female"",""percentage"":0.030338},{""age"":""18-24"",""gender"":""female"",""percentage"":0.017743},{""age"":""65+"",""gender"":""unknown"",""percentage"":0.000681},{""age"":""25-34"",""gender"":""female"",""percentage"":0.151136},{""age"":""45-54"",""gender"":""female"",""percentage"":0.096545},{""age"":""55-64"",""gender"":""female"",""percentage"":0.067654},{""age"":""25-34"",""gender"":""male"",""percentage"":0.135563},{""age"":""35-44"",""gender"":""male"",""percentage"":0.146839},{""age"":""55-64"",""gender"":""male"",""percentage"":0.047826},{""age"":""45-54"",""gender"":""male"",""percentage"":0.088886},{""age"":""18-24"",""gender"":""unknown"",""percentage"":0.000511}","{""region"":""Magallanes y la Ant\u00e1rtica Chilena Region"",""percentage"":1}","facebook,instagram","lower_bound: 10001, upper_bound: 50000",es
258956159517084,881095048648989,"José Antonio Kast",2021-10-30,2021-10-30,2021-11-17,"José Antonio Kast Rist","Para algunos es fácil hablar de inmigración y proponer fronteras abiertas, regularización y viviendas garantizadas para todos. Lo hacen, porque no conocen la realidad y no han estado en las calles enfrentando esta grave crisis humanitaria

Esta es la realidad
En primera persona

Apoya la causa por un Chile con más oportunidades, pinchando aquí: https://bit.ly/39qZ1Ty","La realidad de la crisis migratoria",,,"lower_bound: 100000, upper_bound: 124999","lower_bound: 300, upper_bound: 399",USD,"{""age"":""65+"",""gender"":""unknown"",""percentage"":0.000601},{""age"":""35-44"",""gender"":""male"",""percentage"":0.137797},{""age"":""25-34"",""gender"":""unknown"",""percentage"":0.001148},{""age"":""18-24"",""gender"":""male"",""percentage"":0.014403},{""age"":""35-44"",""gender"":""unknown"",""percentage"":0.004455},{""age"":""55-64"",""gender"":""male"",""percentage"":0.046379},{""age"":""65+"",""gender"":""female"",""percentage"":0.025827},{""age"":""45-54"",""gender"":""female"",""percentage"":0.105767},{""age"":""25-34"",""gender"":""male"",""percentage"":0.14411},{""age"":""45-54"",""gender"":""unknown"",""percentage"":0.003252},{""age"":""55-64"",""gender"":""female"",""percentage"":0.06633},{""age"":""18-24"",""gender"":""female"",""percentage"":0.016152},{""age"":""45-54"",""gender"":""male"",""percentage"":0.094179},{""age"":""35-44"",""gender"":""female"",""percentage"":0.149494},{""age"":""25-34"",""gender"":""female"",""percentage"":0.171222},{""age"":""65+"",""gender"":""male"",""percentage"":0.017682},{""age"":""55-64"",""gender"":""unknown"",""percentage"":0.001093},{""age"":""18-24"",""gender"":""unknown"",""percentage"":0.000109}","{""region"":""Unknown"",""percentage"":0.001061},{""region"":""Antofagasta Region"",""percentage"":0.998939}","facebook,instagram","lower_bound: 50001, upper_bound: 100000",es
296774735781367,881095048648989,"José Antonio Kast",2021-10-30,2021-10-31,2021-11-17,"José Antonio Kast Rist","Para algunos es fácil hablar de inmigración y proponer fronteras abiertas, regularización y viviendas garantizadas para todos. Lo hacen, porque no conocen la realidad y no han estado en las calles enfrentando esta grave crisis humanitaria

Esta es la realidad
En primera persona

Apoya la causa por un Chile con más oportunidades, pinchando aquí: https://bit.ly/39qZ1Ty","La realidad de la crisis migratoria",,,"lower_bound: 0, upper_bound: 999","lower_bound: 0, upper_bound: 99",USD,"{""age"":""65+"",""gender"":""female"",""percentage"":0.012821},{""age"":""55-64"",""gender"":""unknown"",""percentage"":0.025641},{""age"":""35-44"",""gender"":""male"",""percentage"":0.064103},{""age"":""55-64"",""gender"":""female"",""percentage"":0.025641},{""age"":""45-54"",""gender"":""male"",""percentage"":0.025641},{""age"":""25-34"",""gender"":""female"",""percentage"":0.24359},{""age"":""18-24"",""gender"":""female"",""percentage"":0.179487},{""age"":""35-44"",""gender"":""female"",""percentage"":0.102564},{""age"":""45-54"",""gender"":""female"",""percentage"":0.025641},{""age"":""18-24"",""gender"":""male"",""percentage"":0.128205},{""age"":""25-34"",""gender"":""male"",""percentage"":0.166667}","{""region"":""Unknown"",""percentage"":0.012821},{""region"":""Antofagasta Region"",""percentage"":0.987179}",instagram,"lower_bound: 10001, upper_bound: 50000",es
260385225900601,881095048648989,"José Antonio Kast",2021-10-30,2021-10-30,2021-11-17,"José Antonio Kast Rist","Comprometidos con la conectividad y el desarrollo regional, fuimos a #Porvenir para compartir en primera persona, las adversidades de la zona austral. 

#AtreveteAregionalizarChile Apoya la causa para que todas las regiones sean igual de importantes pinchando aquí: https://bit.ly/2XyqNeq",,,,"lower_bound: 0, upper_bound: 999","lower_bound: 0, upper_bound: 99",USD,,,instagram,"lower_bound: 1001, upper_bound: 5000",es
247468397434887,881095048648989,"José Antonio Kast",2021-10-30,2021-10-30,2021-11-18,"José Antonio Kast Rist","En la macrozona sur existe terrorismo. A pesar que existan algunos que sin importar las cientos de denuncias y muertes, lo siguen negando. Por las víctimas, seguiremos atreviéndonos a decir las cosas por su nombre, para volver a Recuperar el Estado de Derecho en nuestro país.

#AtreveteAVivirEnPaz Apoya la causa por un Chile más seguro pinchando aquí: https://bit.ly/3ARjJIz",,,,"lower_bound: 4000, upper_bound: 4999","lower_bound: 0, upper_bound: 99",USD,"{""age"":""18-24"",""gender"":""unknown"",""percentage"":0.000484},{""age"":""35-44"",""gender"":""female"",""percentage"":0.138015},{""age"":""35-44"",""gender"":""unknown"",""percentage"":0.004843},{""age"":""35-44"",""gender"":""male"",""percentage"":0.06586},{""age"":""55-64"",""gender"":""male"",""percentage"":0.015496},{""age"":""25-34"",""gender"":""female"",""percentage"":0.202421},{""age"":""45-54"",""gender"":""female"",""percentage"":0.063438},{""age"":""18-24"",""gender"":""male"",""percentage"":0.119613},{""age"":""55-64"",""gender"":""female"",""percentage"":0.041646},{""age"":""55-64"",""gender"":""unknown"",""percentage"":0.000484},{""age"":""18-24"",""gender"":""female"",""percentage"":0.125908},{""age"":""25-34"",""gender"":""male"",""percentage"":0.154479},{""age"":""65+"",""gender"":""female"",""percentage"":0.01937},{""age"":""45-54"",""gender"":""unknown"",""percentage"":0.002906},{""age"":""25-34"",""gender"":""unknown"",""percentage"":0.003874},{""age"":""65+"",""gender"":""male"",""percentage"":0.007748},{""age"":""45-54"",""gender"":""male"",""percentage"":0.033414}","{""region"":""Araucan\u00eda Region"",""percentage"":0.307542},{""region"":""B\u00edo B\u00edo Region"",""percentage"":0.692458}",instagram,"lower_bound: 10001, upper_bound: 50000",es
1133623400504867,881095048648989,"José Antonio Kast",2021-10-29,2021-10-29,2021-11-17,"José Antonio Kast Rist","Este #21DeNoviembre en las elecciones parlamentarias  vota por los candidatos del Frente Social Cristiano (AP). Cores del Partido Republicano y en la presidencial Vota 2 ✌️","Vota Frente Social Cristiano, vota Kast ✌🏼",,,"lower_bound: 7000, upper_bound: 7999","lower_bound: 0, upper_bound: 99",USD,"{""age"":""18-24"",""gender"":""unknown"",""percentage"":0.000538},{""age"":""18-24"",""gender"":""male"",""percentage"":0.132065},{""age"":""55-64"",""gender"":""unknown"",""percentage"":0.001256},{""age"":""45-54"",""gender"":""unknown"",""percentage"":0.002871},{""age"":""65+"",""gender"":""male"",""percentage"":0.008075},{""age"":""65+"",""gender"":""female"",""percentage"":0.010048},{""age"":""35-44"",""gender"":""female"",""percentage"":0.109815},{""age"":""45-54"",""gender"":""male"",""percentage"":0.023506},{""age"":""55-64"",""gender"":""female"",""percentage"":0.032837},{""age"":""65+"",""gender"":""unknown"",""percentage"":0.000359},{""age"":""45-54"",""gender"":""female"",""percentage"":0.045218},{""age"":""18-24"",""gender"":""female"",""percentage"":0.15288},{""age"":""25-34"",""gender"":""female"",""percentage"":0.253185},{""age"":""25-34"",""gender"":""male"",""percentage"":0.151265},{""age"":""35-44"",""gender"":""male"",""percentage"":0.055984},{""age"":""55-64"",""gender"":""male"",""percentage"":0.013458},{""age"":""35-44"",""gender"":""unknown"",""percentage"":0.003948},{""age"":""25-34"",""gender"":""unknown"",""percentage"":0.002692}","{""region"":""Los R\u00edos Region"",""percentage"":0.016132},{""region"":""Arica y Parinacota Region"",""percentage"":0.014182},{""region"":""Valpara\u00edso Region"",""percentage"":0.086687},{""region"":""Ays\u00e9n Region"",""percentage"":0.006205},{""region"":""Antofagasta Region"",""percentage"":0.054068},{""region"":""Araucan\u00eda Region"",""percentage"":0.042368},{""region"":""Atacama Region"",""percentage"":0.019677},{""region"":""B\u00edo B\u00edo Region"",""percentage"":0.10796},{""region"":""Coquimbo Region"",""percentage"":0.0468},{""region"":""O'Higgins Region"",""percentage"":0.044318},{""region"":""Los Lagos Region"",""percentage"":0.039177},{""region"":""Magallanes y la Ant\u00e1rtica Chilena Region"",""percentage"":0.012764},{""region"":""Maule Region"",""percentage"":0.060805},{""region"":""Santiago Metropolitan Region"",""percentage"":0.421202},{""region"":""Tarapac\u00e1 Region"",""percentage"":0.027655}",instagram,"lower_bound: 100001, upper_bound: 500000",es
4743939205656054,881095048648989,"José Antonio Kast",2021-10-29,2021-10-29,2021-11-19,"José Antonio Kast Rist","Este #21DeNoviembre en las elecciones parlamentarias  vota por los candidatos del Frente Social Cristiano (AP). Cores del Partido Republicano y en la presidencial Vota 2 ✌️","Vota Frente Social Cristiano, vota Kast ✌🏼",,,"lower_bound: 400000, upper_bound: 449999","lower_bound: 1000, upper_bound: 1499",USD,"{""age"":""65+"",""gender"":""unknown"",""percentage"":0.00042},{""age"":""18-24"",""gender"":""male"",""percentage"":0.026838},{""age"":""25-34"",""gender"":""unknown"",""percentage"":0.002686},{""age"":""25-34"",""gender"":""female"",""percentage"":0.20534},{""age"":""25-34"",""gender"":""male"",""percentage"":0.22005},{""age"":""45-54"",""gender"":""male"",""percentage"":0.067516},{""age"":""35-44"",""gender"":""female"",""percentage"":0.130552},{""age"":""18-24"",""gender"":""female"",""percentage"":0.02527},{""age"":""35-44"",""gender"":""male"",""percentage"":0.161112},{""age"":""18-24"",""gender"":""unknown"",""percentage"":0.000229},{""age"":""65+"",""gender"":""female"",""percentage"":0.012319},{""age"":""35-44"",""gender"":""unknown"",""percentage"":0.006387},{""age"":""55-64"",""gender"":""male"",""percentage"":0.026948},{""age"":""55-64"",""gender"":""female"",""percentage"":0.036358},{""age"":""45-54"",""gender"":""female"",""percentage"":0.06198},{""age"":""65+"",""gender"":""male"",""percentage"":0.011991},{""age"":""45-54"",""gender"":""unknown"",""percentage"":0.003127},{""age"":""55-64"",""gender"":""unknown"",""percentage"":0.000878}","{""region"":""Los R\u00edos Region"",""percentage"":0.02157},{""region"":""Arica y Parinacota Region"",""percentage"":0.013027},{""region"":""Valpara\u00edso Region"",""percentage"":0.100224},{""region"":""Ays\u00e9n Region"",""percentage"":0.004968},{""region"":""Antofagasta Region"",""percentage"":0.039111},{""region"":""Araucan\u00eda Region"",""percentage"":0.056981},{""region"":""Atacama Region"",""percentage"":0.012427},{""region"":""B\u00edo B\u00edo Region"",""percentage"":0.08981},{""region"":""Coquimbo Region"",""percentage"":0.027657},{""region"":""O'Higgins Region"",""percentage"":0.052799},{""region"":""Los Lagos Region"",""percentage"":0.045994},{""region"":""Magallanes y la Ant\u00e1rtica Chilena Region"",""percentage"":0.012332},{""region"":""Maule Region"",""percentage"":0.052335},{""region"":""Santiago Metropolitan Region"",""percentage"":0.450366},{""region"":""Tarapac\u00e1 Region"",""percentage"":0.020398}","facebook,instagram","lower_bound: 1000001",es
1322150268243167,881095048648989,"José Antonio Kast",2021-10-27,2021-10-27,2021-11-17,"José Antonio Kast Rist","¿Les gusta el Disco/Funk?

#AtreveteConKast","Atrévete con el Funk, atrévete con Kast 🇨🇱",,,"lower_bound: 500000, upper_bound: 599999","lower_bound: 1500, upper_bound: 1999",USD,"{""age"":""25-34"",""gender"":""unknown"",""percentage"":0.00191},{""age"":""45-54"",""gender"":""female"",""percentage"":0.108343},{""age"":""18-24"",""gender"":""unknown"",""percentage"":0.000203},{""age"":""65+"",""gender"":""unknown"",""percentage"":0.000821},{""age"":""35-44"",""gender"":""unknown"",""percentage"":0.005831},{""age"":""45-54"",""gender"":""unknown"",""percentage"":0.004184},{""age"":""55-64"",""gender"":""male"",""percentage"":0.044892},{""age"":""18-24"",""gender"":""female"",""percentage"":0.017066},{""age"":""35-44"",""gender"":""male"",""percentage"":0.123928},{""age"":""25-34"",""gender"":""male"",""percentage"":0.141544},{""age"":""18-24"",""gender"":""male"",""percentage"":0.015922},{""age"":""35-44"",""gender"":""female"",""percentage"":0.161487},{""age"":""25-34"",""gender"":""female"",""percentage"":0.153101},{""age"":""55-64"",""gender"":""female"",""percentage"":0.083179},{""age"":""65+"",""gender"":""female"",""percentage"":0.035941},{""age"":""45-54"",""gender"":""male"",""percentage"":0.079154},{""age"":""65+"",""gender"":""male"",""percentage"":0.020891},{""age"":""55-64"",""gender"":""unknown"",""percentage"":0.001601},{""age"":""13-17"",""gender"":""female"",""percentage"":3.0e-6}","{""region"":""Los R\u00edos Region"",""percentage"":0.021182},{""region"":""Arica y Parinacota Region"",""percentage"":0.012735},{""region"":""Valpara\u00edso Region"",""percentage"":0.112164},{""region"":""Ays\u00e9n Region"",""percentage"":0.005045},{""region"":""Antofagasta Region"",""percentage"":0.043566},{""region"":""Araucan\u00eda Region"",""percentage"":0.064804},{""region"":""Atacama Region"",""percentage"":0.014742},{""region"":""B\u00edo B\u00edo Region"",""percentage"":0.094203},{""region"":""Coquimbo Region"",""percentage"":0.029183},{""region"":""O'Higgins Region"",""percentage"":0.053436},{""region"":""Los Lagos Region"",""percentage"":0.042142},{""region"":""Magallanes y la Ant\u00e1rtica Chilena Region"",""percentage"":0.015045},{""region"":""Maule Region"",""percentage"":0.056222},{""region"":""Santiago Metropolitan Region"",""percentage"":0.413753},{""region"":""Tarapac\u00e1 Region"",""percentage"":0.021778}","facebook,instagram","lower_bound: 1000001",es
580253443182216,881095048648989,"José Antonio Kast",2021-10-27,2021-10-27,2021-11-17,"José Antonio Kast Rist","¿Les gusta el Disco/Funk?

#AtreveteConKast","Atrévete con el Funk, atrévete con Kast 🇨🇱",,,"lower_bound: 10000, upper_bound: 14999","lower_bound: 0, upper_bound: 99",USD,"{""age"":""65+"",""gender"":""unknown"",""percentage"":0.000875},{""age"":""45-54"",""gender"":""female"",""percentage"":0.082841},{""age"":""55-64"",""gender"":""unknown"",""percentage"":0.002298},{""age"":""55-64"",""gender"":""male"",""percentage"":0.031298},{""age"":""25-34"",""gender"":""female"",""percentage"":0.165463},{""age"":""45-54"",""gender"":""male"",""percentage"":0.053622},{""age"":""65+"",""gender"":""female"",""percentage"":0.026592},{""age"":""25-34"",""gender"":""male"",""percentage"":0.146093},{""age"":""65+"",""gender"":""male"",""percentage"":0.015211},{""age"":""18-24"",""gender"":""unknown"",""percentage"":0.000875},{""age"":""55-64"",""gender"":""female"",""percentage"":0.064347},{""age"":""18-24"",""gender"":""male"",""percentage"":0.110637},{""age"":""35-44"",""gender"":""female"",""percentage"":0.116109},{""age"":""35-44"",""gender"":""male"",""percentage"":0.080214},{""age"":""35-44"",""gender"":""unknown"",""percentage"":0.009083},{""age"":""25-34"",""gender"":""unknown"",""percentage"":0.002626},{""age"":""18-24"",""gender"":""female"",""percentage"":0.086562},{""age"":""45-54"",""gender"":""unknown"",""percentage"":0.005253}","{""region"":""Unknown"",""percentage"":0.000437},{""region"":""Los R\u00edos Region"",""percentage"":0.019336},{""region"":""Arica y Parinacota Region"",""percentage"":0.013655},{""region"":""Valpara\u00edso Region"",""percentage"":0.090125},{""region"":""Ays\u00e9n Region"",""percentage"":0.006445},{""region"":""Antofagasta Region"",""percentage"":0.040966},{""region"":""Araucan\u00eda Region"",""percentage"":0.049705},{""region"":""Atacama Region"",""percentage"":0.017151},{""region"":""B\u00edo B\u00edo Region"",""percentage"":0.108696},{""region"":""Coquimbo Region"",""percentage"":0.044024},{""region"":""O'Higgins Region"",""percentage"":0.038672},{""region"":""Los Lagos Region"",""percentage"":0.036159},{""region"":""Magallanes y la Ant\u00e1rtica Chilena Region"",""percentage"":0.015294},{""region"":""Maule Region"",""percentage"":0.06194},{""region"":""Santiago Metropolitan Region"",""percentage"":0.428556},{""region"":""Tarapac\u00e1 Region"",""percentage"":0.02884}",instagram,"lower_bound: 100001, upper_bound: 500000",es
577776993429364,881095048648989,"José Antonio Kast",2021-10-27,2021-10-27,2021-11-17,"José Antonio Kast Rist","En 25 días más, Chile se enfrentará ante dos modelos de país.Nosotros queremos un Chile libre.  Súmate a los AtreviDos por Chile 🇨🇱","Nosotros queremos un Chile libre 🇨🇱",,,"lower_bound: 100000, upper_bound: 124999","lower_bound: 200, upper_bound: 299",USD,"{""age"":""18-24"",""gender"":""unknown"",""percentage"":8.5e-5},{""age"":""55-64"",""gender"":""male"",""percentage"":0.045042},{""age"":""35-44"",""gender"":""unknown"",""percentage"":0.003216},{""age"":""45-54"",""gender"":""unknown"",""percentage"":0.002537},{""age"":""55-64"",""gender"":""unknown"",""percentage"":0.001019},{""age"":""55-64"",""gender"":""female"",""percentage"":0.116977},{""age"":""65+"",""gender"":""male"",""percentage"":0.018191},{""age"":""25-34"",""gender"":""female"",""percentage"":0.183244},{""age"":""45-54"",""gender"":""female"",""percentage"":0.145006},{""age"":""25-34"",""gender"":""unknown"",""percentage"":0.000955},{""age"":""35-44"",""gender"":""male"",""percentage"":0.087334},{""age"":""35-44"",""gender"":""female"",""percentage"":0.186386},{""age"":""18-24"",""gender"":""male"",""percentage"":0.008002},{""age"":""65+"",""gender"":""female"",""percentage"":0.049032},{""age"":""45-54"",""gender"":""male"",""percentage"":0.064718},{""age"":""25-34"",""gender"":""male"",""percentage"":0.068974},{""age"":""18-24"",""gender"":""female"",""percentage"":0.018711},{""age"":""65+"",""gender"":""unknown"",""percentage"":0.000573}","{""region"":""Los R\u00edos Region"",""percentage"":0.020289},{""region"":""Arica y Parinacota Region"",""percentage"":0.011206},{""region"":""Valpara\u00edso Region"",""percentage"":0.116311},{""region"":""Ays\u00e9n Region"",""percentage"":0.005284},{""region"":""Antofagasta Region"",""percentage"":0.035718},{""region"":""Araucan\u00eda Region"",""percentage"":0.047942},{""region"":""Atacama Region"",""percentage"":0.013466},{""region"":""B\u00edo B\u00edo Region"",""percentage"":0.081771},{""region"":""Coquimbo Region"",""percentage"":0.031654},{""region"":""O'Higgins Region"",""percentage"":0.050807},{""region"":""Los Lagos Region"",""percentage"":0.041766},{""region"":""Magallanes y la Ant\u00e1rtica Chilena Region"",""percentage"":0.011948},{""region"":""Maule Region"",""percentage"":0.04895},{""region"":""Santiago Metropolitan Region"",""percentage"":0.464659},{""region"":""Tarapac\u00e1 Region"",""percentage"":0.01823}","facebook,instagram","lower_bound: 1000001",es
2745816352394432,881095048648989,"José Antonio Kast",2021-10-27,2021-10-27,2021-11-16,"José Antonio Kast Rist","En 25 días más, Chile se enfrentará ante dos modelos de país.Nosotros queremos un Chile libre.  Súmate a los AtreviDos por Chile 🇨🇱","Nosotros queremos un Chile libre 🇨🇱",,,"lower_bound: 0, upper_bound: 999","lower_bound: 0, upper_bound: 99",USD,"{""age"":""25-34"",""gender"":""unknown"",""percentage"":0.009662},{""age"":""18-24"",""gender"":""unknown"",""percentage"":0.004831},{""age"":""65+"",""gender"":""female"",""percentage"":0.014493},{""age"":""55-64"",""gender"":""male"",""percentage"":0.014493},{""age"":""35-44"",""gender"":""unknown"",""percentage"":0.004831},{""age"":""35-44"",""gender"":""female"",""percentage"":0.086957},{""age"":""25-34"",""gender"":""male"",""percentage"":0.115942},{""age"":""18-24"",""gender"":""male"",""percentage"":0.15942},{""age"":""65+"",""gender"":""male"",""percentage"":0.004831},{""age"":""45-54"",""gender"":""male"",""percentage"":0.038647},{""age"":""35-44"",""gender"":""male"",""percentage"":0.057971},{""age"":""18-24"",""gender"":""female"",""percentage"":0.164251},{""age"":""55-64"",""gender"":""female"",""percentage"":0.072464},{""age"":""45-54"",""gender"":""female"",""percentage"":0.062802},{""age"":""25-34"",""gender"":""female"",""percentage"":0.188406}","{""region"":""Los R\u00edos Region"",""percentage"":0.019324},{""region"":""Valpara\u00edso Region"",""percentage"":0.115942},{""region"":""Ays\u00e9n Region"",""percentage"":0.004831},{""region"":""Antofagasta Region"",""percentage"":0.072464},{""region"":""Atacama Region"",""percentage"":0.019324},{""region"":""B\u00edo B\u00edo Region"",""percentage"":0.115942},{""region"":""Magallanes y la Ant\u00e1rtica Chilena Region"",""percentage"":0.014493},{""region"":""Maule Region"",""percentage"":0.077295},{""region"":""Santiago Metropolitan Region"",""percentage"":0.36715},{""region"":""Araucan\u00eda Region"",""percentage"":0.028986},{""region"":""Coquimbo Region"",""percentage"":0.043478},{""region"":""O'Higgins Region"",""percentage"":0.033816},{""region"":""Los Lagos Region"",""percentage"":0.05314},{""region"":""Tarapac\u00e1 Region"",""percentage"":0.014493},{""region"":""Arica y Parinacota Region"",""percentage"":0.019324}",instagram,"lower_bound: 100001, upper_bound: 500000",es
627110952003524,881095048648989,"José Antonio Kast",2021-10-26,2021-10-26,2021-11-18,"José Antonio Kast Rist","Sin conocerme, muchos tienen caricaturas mías. Ponle Play ▶️
#QuienEsKast ✌🏼","Capítulo IV: #QuienEsKast",,,"lower_bound: 600000, upper_bound: 699999","lower_bound: 1500, upper_bound: 1999",USD,"{""age"":""65+"",""gender"":""female"",""percentage"":0.024487},{""age"":""25-34"",""gender"":""female"",""percentage"":0.157381},{""age"":""55-64"",""gender"":""unknown"",""percentage"":0.001635},{""age"":""25-34"",""gender"":""unknown"",""percentage"":0.001844},{""age"":""35-44"",""gender"":""unknown"",""percentage"":0.006407},{""age"":""18-24"",""gender"":""unknown"",""percentage"":0.000209},{""age"":""45-54"",""gender"":""female"",""percentage"":0.091931},{""age"":""65+"",""gender"":""male"",""percentage"":0.022782},{""age"":""45-54"",""gender"":""unknown"",""percentage"":0.004214},{""age"":""18-24"",""gender"":""female"",""percentage"":0.014399},{""age"":""35-44"",""gender"":""female"",""percentage"":0.143231},{""age"":""25-34"",""gender"":""male"",""percentage"":0.139717},{""age"":""45-54"",""gender"":""male"",""percentage"":0.098627},{""age"":""35-44"",""gender"":""male"",""percentage"":0.156325},{""age"":""55-64"",""gender"":""female"",""percentage"":0.063624},{""age"":""55-64"",""gender"":""male"",""percentage"":0.056548},{""age"":""18-24"",""gender"":""male"",""percentage"":0.015846},{""age"":""65+"",""gender"":""unknown"",""percentage"":0.000791}","{""region"":""Los R\u00edos Region"",""percentage"":0.018249},{""region"":""Arica y Parinacota Region"",""percentage"":0.011293},{""region"":""Valpara\u00edso Region"",""percentage"":0.12247},{""region"":""Ays\u00e9n Region"",""percentage"":0.005176},{""region"":""Antofagasta Region"",""percentage"":0.038862},{""region"":""Araucan\u00eda Region"",""percentage"":0.042969},{""region"":""Atacama Region"",""percentage"":0.014228},{""region"":""B\u00edo B\u00edo Region"",""percentage"":0.079009},{""region"":""Coquimbo Region"",""percentage"":0.030196},{""region"":""O'Higgins Region"",""percentage"":0.04907},{""region"":""Los Lagos Region"",""percentage"":0.03495},{""region"":""Magallanes y la Ant\u00e1rtica Chilena Region"",""percentage"":0.011175},{""region"":""Maule Region"",""percentage"":0.053638},{""region"":""Santiago Metropolitan Region"",""percentage"":0.470731},{""region"":""Tarapac\u00e1 Region"",""percentage"":0.017981}","facebook,instagram","lower_bound: 1000001",es
3078941915707641,881095048648989,"José Antonio Kast",2021-10-26,2021-10-26,2021-11-17,"José Antonio Kast Rist","Sin conocerme, muchos tienen caricaturas mías. Ponle Play ▶️
#QuienEsKast ✌🏼","Capítulo IV: #QuienEsKast",,,"lower_bound: 2000, upper_bound: 2999","lower_bound: 0, upper_bound: 99",USD,"{""age"":""65+"",""gender"":""unknown"",""percentage"":0.00048},{""age"":""25-34"",""gender"":""male"",""percentage"":0.163305},{""age"":""55-64"",""gender"":""female"",""percentage"":0.042747},{""age"":""35-44"",""gender"":""female"",""percentage"":0.10903},{""age"":""45-54"",""gender"":""female"",""percentage"":0.048031},{""age"":""18-24"",""gender"":""female"",""percentage"":0.125841},{""age"":""18-24"",""gender"":""male"",""percentage"":0.134486},{""age"":""25-34"",""gender"":""female"",""percentage"":0.221422},{""age"":""65+"",""gender"":""female"",""percentage"":0.01633},{""age"":""18-24"",""gender"":""unknown"",""percentage"":0.000961},{""age"":""35-44"",""gender"":""male"",""percentage"":0.060038},{""age"":""55-64"",""gender"":""male"",""percentage"":0.01537},{""age"":""45-54"",""gender"":""male"",""percentage"":0.030259},{""age"":""35-44"",""gender"":""unknown"",""percentage"":0.010086},{""age"":""25-34"",""gender"":""unknown"",""percentage"":0.004803},{""age"":""45-54"",""gender"":""unknown"",""percentage"":0.002882},{""age"":""55-64"",""gender"":""unknown"",""percentage"":0.002402},{""age"":""65+"",""gender"":""male"",""percentage"":0.011527}","{""region"":""Los R\u00edos Region"",""percentage"":0.016425},{""region"":""Arica y Parinacota Region"",""percentage"":0.01401},{""region"":""Valpara\u00edso Region"",""percentage"":0.085024},{""region"":""Ays\u00e9n Region"",""percentage"":0.004348},{""region"":""Atacama Region"",""percentage"":0.014976},{""region"":""B\u00edo B\u00edo Region"",""percentage"":0.101932},{""region"":""Coquimbo Region"",""percentage"":0.042512},{""region"":""Los Lagos Region"",""percentage"":0.039614},{""region"":""Tarapac\u00e1 Region"",""percentage"":0.028986},{""region"":""Antofagasta Region"",""percentage"":0.040097},{""region"":""Maule Region"",""percentage"":0.064734},{""region"":""Santiago Metropolitan Region"",""percentage"":0.448792},{""region"":""O'Higgins Region"",""percentage"":0.038164},{""region"":""Magallanes y la Ant\u00e1rtica Chilena Region"",""percentage"":0.013527},{""region"":""Araucan\u00eda Region"",""percentage"":0.04686}",instagram,"lower_bound: 100001, upper_bound: 500000",es
556307585436360,881095048648989,"José Antonio Kast",2021-10-26,2021-10-26,2021-11-17,"José Antonio Kast Rist","Una rebelión viene en camino. Por Chile y nuestra libertad #AtrévetePorChile","Una rebelión viene en camino 🇨🇱",,,"lower_bound: 0, upper_bound: 999","lower_bound: 0, upper_bound: 99",USD,"{""age"":""35-44"",""gender"":""unknown"",""percentage"":0.006329},{""age"":""65+"",""gender"":""male"",""percentage"":0.006329},{""age"":""25-34"",""gender"":""unknown"",""percentage"":0.012658},{""age"":""55-64"",""gender"":""male"",""percentage"":0.018987},{""age"":""35-44"",""gender"":""female"",""percentage"":0.050633},{""age"":""55-64"",""gender"":""female"",""percentage"":0.037975},{""age"":""18-24"",""gender"":""male"",""percentage"":0.177215},{""age"":""18-24"",""gender"":""female"",""percentage"":0.158228},{""age"":""65+"",""gender"":""female"",""percentage"":0.044304},{""age"":""45-54"",""gender"":""unknown"",""percentage"":0.006329},{""age"":""45-54"",""gender"":""male"",""percentage"":0.037975},{""age"":""45-54"",""gender"":""female"",""percentage"":0.037975},{""age"":""25-34"",""gender"":""male"",""percentage"":0.208861},{""age"":""35-44"",""gender"":""male"",""percentage"":0.063291},{""age"":""25-34"",""gender"":""female"",""percentage"":0.132911}","{""region"":""Arica y Parinacota Region"",""percentage"":0.018987},{""region"":""Antofagasta Region"",""percentage"":0.025316},{""region"":""Coquimbo Region"",""percentage"":0.044304},{""region"":""Valpara\u00edso Region"",""percentage"":0.107595},{""region"":""Los Lagos Region"",""percentage"":0.012658},{""region"":""Magallanes y la Ant\u00e1rtica Chilena Region"",""percentage"":0.012658},{""region"":""Araucan\u00eda Region"",""percentage"":0.044304},{""region"":""Tarapac\u00e1 Region"",""percentage"":0.025316},{""region"":""B\u00edo B\u00edo Region"",""percentage"":0.113924},{""region"":""Maule Region"",""percentage"":0.101266},{""region"":""Los R\u00edos Region"",""percentage"":0.031646},{""region"":""O'Higgins Region"",""percentage"":0.044304},{""region"":""Santiago Metropolitan Region"",""percentage"":0.417722}",instagram,"lower_bound: 100001, upper_bound: 500000",es
568855434420363,881095048648989,"José Antonio Kast",2021-10-26,2021-10-26,2021-11-19,"José Antonio Kast Rist","Una rebelión viene en camino. Por Chile y nuestra libertad #AtrévetePorChile","Una rebelión viene en camino 🇨🇱",,,"lower_bound: 125000, upper_bound: 149999","lower_bound: 300, upper_bound: 399",USD,"{""age"":""55-64"",""gender"":""unknown"",""percentage"":0.001486},{""age"":""45-54"",""gender"":""male"",""percentage"":0.098578},{""age"":""65+"",""gender"":""unknown"",""percentage"":0.000867},{""age"":""45-54"",""gender"":""unknown"",""percentage"":0.003424},{""age"":""18-24"",""gender"":""female"",""percentage"":0.008204},{""age"":""25-34"",""gender"":""unknown"",""percentage"":0.002538},{""age"":""65+"",""gender"":""male"",""percentage"":0.02129},{""age"":""55-64"",""gender"":""male"",""percentage"":0.058582},{""age"":""45-54"",""gender"":""female"",""percentage"":0.080195},{""age"":""18-24"",""gender"":""male"",""percentage"":0.010843},{""age"":""35-44"",""gender"":""female"",""percentage"":0.099648},{""age"":""25-34"",""gender"":""female"",""percentage"":0.192422},{""age"":""55-64"",""gender"":""female"",""percentage"":0.063252},{""age"":""35-44"",""gender"":""male"",""percentage"":0.124113},{""age"":""25-34"",""gender"":""male"",""percentage"":0.205637},{""age"":""35-44"",""gender"":""unknown"",""percentage"":0.004651},{""age"":""65+"",""gender"":""female"",""percentage"":0.024151},{""age"":""18-24"",""gender"":""unknown"",""percentage"":0.00012}","{""region"":""Los R\u00edos Region"",""percentage"":0.019613},{""region"":""Arica y Parinacota Region"",""percentage"":0.010928},{""region"":""Valpara\u00edso Region"",""percentage"":0.11547},{""region"":""Ays\u00e9n Region"",""percentage"":0.004169},{""region"":""Antofagasta Region"",""percentage"":0.037648},{""region"":""Araucan\u00eda Region"",""percentage"":0.037447},{""region"":""Atacama Region"",""percentage"":0.013528},{""region"":""B\u00edo B\u00edo Region"",""percentage"":0.079099},{""region"":""Coquimbo Region"",""percentage"":0.030842},{""region"":""O'Higgins Region"",""percentage"":0.049297},{""region"":""Los Lagos Region"",""percentage"":0.035777},{""region"":""Magallanes y la Ant\u00e1rtica Chilena Region"",""percentage"":0.008867},{""region"":""Maule Region"",""percentage"":0.052891},{""region"":""Santiago Metropolitan Region"",""percentage"":0.485569},{""region"":""Tarapac\u00e1 Region"",""percentage"":0.018856}","facebook,instagram","lower_bound: 1000001",es
1228036981034319,881095048648989,"José Antonio Kast",2021-10-26,2021-10-26,2021-11-16,"José Antonio Kast Rist","La zanja es una caricatura más que nos hace la izquierda ideológica. Para nosotros es parte de un plan integral. Atrévete a enfrentar la crisis migratoria con firmeza y humanidad, detener la inmigración ilegal y permitir a las personas llegar a Chile por pasos habilitados.","La Zanja es una caricatura más",,,"lower_bound: 3000, upper_bound: 3999","lower_bound: 0, upper_bound: 99",USD,"{""age"":""18-24"",""gender"":""unknown"",""percentage"":0.001427},{""age"":""18-24"",""gender"":""male"",""percentage"":0.141991},{""age"":""25-34"",""gender"":""unknown"",""percentage"":0.003211},{""age"":""65+"",""gender"":""female"",""percentage"":0.011773},{""age"":""55-64"",""gender"":""male"",""percentage"":0.016054},{""age"":""35-44"",""gender"":""female"",""percentage"":0.10025},{""age"":""25-34"",""gender"":""female"",""percentage"":0.225473},{""age"":""55-64"",""gender"":""female"",""percentage"":0.024973},{""age"":""35-44"",""gender"":""male"",""percentage"":0.072066},{""age"":""65+"",""gender"":""unknown"",""percentage"":0.000357},{""age"":""25-34"",""gender"":""male"",""percentage"":0.172672},{""age"":""45-54"",""gender"":""female"",""percentage"":0.056011},{""age"":""45-54"",""gender"":""male"",""percentage"":0.029254},{""age"":""18-24"",""gender"":""female"",""percentage"":0.122726},{""age"":""65+"",""gender"":""male"",""percentage"":0.010346},{""age"":""35-44"",""gender"":""unknown"",""percentage"":0.006778},{""age"":""55-64"",""gender"":""unknown"",""percentage"":0.001427},{""age"":""45-54"",""gender"":""unknown"",""percentage"":0.003211}","{""region"":""Unknown"",""percentage"":0.001423},{""region"":""Los R\u00edos Region"",""percentage"":0.022056},{""region"":""Arica y Parinacota Region"",""percentage"":0.012095},{""region"":""Valpara\u00edso Region"",""percentage"":0.085735},{""region"":""Ays\u00e9n Region"",""percentage"":0.009249},{""region"":""Antofagasta Region"",""percentage"":0.044112},{""region"":""Araucan\u00eda Region"",""percentage"":0.044468},{""region"":""Atacama Region"",""percentage"":0.020633},{""region"":""B\u00edo B\u00edo Region"",""percentage"":0.110281},{""region"":""Coquimbo Region"",""percentage"":0.05016},{""region"":""O'Higgins Region"",""percentage"":0.031306},{""region"":""Los Lagos Region"",""percentage"":0.043757},{""region"":""Magallanes y la Ant\u00e1rtica Chilena Region"",""percentage"":0.016364},{""region"":""Maule Region"",""percentage"":0.070793},{""region"":""Santiago Metropolitan Region"",""percentage"":0.410886},{""region"":""Tarapac\u00e1 Region"",""percentage"":0.026681}",instagram,"lower_bound: 100001, upper_bound: 500000",es
1214906268995162,881095048648989,"José Antonio Kast",2021-10-26,2021-10-26,2021-11-17,"José Antonio Kast Rist","La zanja es una caricatura más que nos hace la izquierda ideológica. Para nosotros es parte de un plan integral. Atrévete a enfrentar la crisis migratoria con firmeza y humanidad, detener la inmigración ilegal y permitir a las personas llegar a Chile por pasos habilitados.","La Zanja es una caricatura más",,,"lower_bound: 700000, upper_bound: 799999","lower_bound: 2000, upper_bound: 2499",USD,"{""age"":""25-34"",""gender"":""unknown"",""percentage"":0.001805},{""age"":""35-44"",""gender"":""male"",""percentage"":0.126675},{""age"":""35-44"",""gender"":""unknown"",""percentage"":0.006225},{""age"":""45-54"",""gender"":""unknown"",""percentage"":0.00463},{""age"":""65+"",""gender"":""male"",""percentage"":0.028654},{""age"":""18-24"",""gender"":""female"",""percentage"":0.013006},{""age"":""45-54"",""gender"":""female"",""percentage"":0.10689},{""age"":""35-44"",""gender"":""female"",""percentage"":0.131183},{""age"":""55-64"",""gender"":""male"",""percentage"":0.071632},{""age"":""55-64"",""gender"":""unknown"",""percentage"":0.002003},{""age"":""25-34"",""gender"":""male"",""percentage"":0.128962},{""age"":""25-34"",""gender"":""female"",""percentage"":0.122602},{""age"":""55-64"",""gender"":""female"",""percentage"":0.091284},{""age"":""65+"",""gender"":""female"",""percentage"":0.036585},{""age"":""45-54"",""gender"":""male"",""percentage"":0.109427},{""age"":""18-24"",""gender"":""unknown"",""percentage"":0.000234},{""age"":""18-24"",""gender"":""male"",""percentage"":0.01723},{""age"":""65+"",""gender"":""unknown"",""percentage"":0.000972}","{""region"":""Los R\u00edos Region"",""percentage"":0.01815},{""region"":""Arica y Parinacota Region"",""percentage"":0.010119},{""region"":""Valpara\u00edso Region"",""percentage"":0.116858},{""region"":""Ays\u00e9n Region"",""percentage"":0.005005},{""region"":""Antofagasta Region"",""percentage"":0.037245},{""region"":""Araucan\u00eda Region"",""percentage"":0.053261},{""region"":""Atacama Region"",""percentage"":0.012241},{""region"":""B\u00edo B\u00edo Region"",""percentage"":0.083632},{""region"":""Coquimbo Region"",""percentage"":0.028253},{""region"":""O'Higgins Region"",""percentage"":0.047338},{""region"":""Los Lagos Region"",""percentage"":0.036877},{""region"":""Magallanes y la Ant\u00e1rtica Chilena Region"",""percentage"":0.012949},{""region"":""Maule Region"",""percentage"":0.054106},{""region"":""Santiago Metropolitan Region"",""percentage"":0.466966},{""region"":""Tarapac\u00e1 Region"",""percentage"":0.017}","facebook,instagram","lower_bound: 1000001",es
848307249191077,881095048648989,"José Antonio Kast",2021-10-26,2021-10-26,2021-11-18,"José Antonio Kast Rist","Yo me atrevo ¿Y tu?  Les comparto el resumen de los AtreviDos en 60 segundos.

No olviden inscribirse como apoderados de mesa en https://apoderadosdemesa.cl/ y atreverse con el ✌🏼","Atrévete en 60 segundos ✌🏼",,,"lower_bound: 4000, upper_bound: 4999","lower_bound: 0, upper_bound: 99",USD,"{""age"":""65+"",""gender"":""unknown"",""percentage"":0.000835},{""age"":""25-34"",""gender"":""female"",""percentage"":0.237817},{""age"":""55-64"",""gender"":""male"",""percentage"":0.018379},{""age"":""55-64"",""gender"":""female"",""percentage"":0.061821},{""age"":""65+"",""gender"":""female"",""percentage"":0.028404},{""age"":""18-24"",""gender"":""male"",""percentage"":0.091061},{""age"":""18-24"",""gender"":""female"",""percentage"":0.15149},{""age"":""25-34"",""gender"":""male"",""percentage"":0.110276},{""age"":""45-54"",""gender"":""female"",""percentage"":0.087441},{""age"":""25-34"",""gender"":""unknown"",""percentage"":0.001671},{""age"":""35-44"",""gender"":""female"",""percentage"":0.119187},{""age"":""65+"",""gender"":""male"",""percentage"":0.011139},{""age"":""35-44"",""gender"":""male"",""percentage"":0.044277},{""age"":""45-54"",""gender"":""male"",""percentage"":0.025063},{""age"":""18-24"",""gender"":""unknown"",""percentage"":0.000557},{""age"":""45-54"",""gender"":""unknown"",""percentage"":0.003342},{""age"":""55-64"",""gender"":""unknown"",""percentage"":0.001949},{""age"":""35-44"",""gender"":""unknown"",""percentage"":0.005291}","{""region"":""Los R\u00edos Region"",""percentage"":0.026087},{""region"":""Arica y Parinacota Region"",""percentage"":0.01122},{""region"":""Valpara\u00edso Region"",""percentage"":0.093408},{""region"":""Antofagasta Region"",""percentage"":0.040954},{""region"":""Araucan\u00eda Region"",""percentage"":0.039551},{""region"":""Atacama Region"",""percentage"":0.017111},{""region"":""B\u00edo B\u00edo Region"",""percentage"":0.102665},{""region"":""Coquimbo Region"",""percentage"":0.042917},{""region"":""O'Higgins Region"",""percentage"":0.042637},{""region"":""Los Lagos Region"",""percentage"":0.042917},{""region"":""Magallanes y la Ant\u00e1rtica Chilena Region"",""percentage"":0.014586},{""region"":""Maule Region"",""percentage"":0.062833},{""region"":""Santiago Metropolitan Region"",""percentage"":0.425245},{""region"":""Tarapac\u00e1 Region"",""percentage"":0.030575},{""region"":""Ays\u00e9n Region"",""percentage"":0.007293}",instagram,"lower_bound: 100001, upper_bound: 500000",es
282660407084183,881095048648989,"José Antonio Kast",2021-10-26,2021-10-26,2021-11-19,"José Antonio Kast Rist","Yo me atrevo ¿Y tu?  Les comparto el resumen de los AtreviDos en 60 segundos.

No olviden inscribirse como apoderados de mesa en https://apoderadosdemesa.cl/ y atreverse con el ✌🏼","Atrévete en 60 segundos ✌🏼",,,"lower_bound: 125000, upper_bound: 149999","lower_bound: 400, upper_bound: 499",USD,"{""age"":""65+"",""gender"":""unknown"",""percentage"":0.000685},{""age"":""25-34"",""gender"":""female"",""percentage"":0.142612},{""age"":""25-34"",""gender"":""unknown"",""percentage"":0.001634},{""age"":""35-44"",""gender"":""unknown"",""percentage"":0.004068},{""age"":""45-54"",""gender"":""unknown"",""percentage"":0.003441},{""age"":""18-24"",""gender"":""female"",""percentage"":0.016117},{""age"":""35-44"",""gender"":""female"",""percentage"":0.1566},{""age"":""65+"",""gender"":""male"",""percentage"":0.025112},{""age"":""55-64"",""gender"":""male"",""percentage"":0.057627},{""age"":""55-64"",""gender"":""unknown"",""percentage"":0.001535},{""age"":""25-34"",""gender"":""male"",""percentage"":0.079711},{""age"":""55-64"",""gender"":""female"",""percentage"":0.141729},{""age"":""65+"",""gender"":""female"",""percentage"":0.049845},{""age"":""35-44"",""gender"":""male"",""percentage"":0.083912},{""age"":""45-54"",""gender"":""female"",""percentage"":0.14862},{""age"":""45-54"",""gender"":""male"",""percentage"":0.076839},{""age"":""18-24"",""gender"":""male"",""percentage"":0.009697},{""age"":""18-24"",""gender"":""unknown"",""percentage"":0.000215}","{""region"":""Los R\u00edos Region"",""percentage"":0.02109},{""region"":""Arica y Parinacota Region"",""percentage"":0.011307},{""region"":""Valpara\u00edso Region"",""percentage"":0.127629},{""region"":""Ays\u00e9n Region"",""percentage"":0.005599},{""region"":""Antofagasta Region"",""percentage"":0.037962},{""region"":""Araucan\u00eda Region"",""percentage"":0.047193},{""region"":""Atacama Region"",""percentage"":0.014437},{""region"":""B\u00edo B\u00edo Region"",""percentage"":0.082536},{""region"":""Coquimbo Region"",""percentage"":0.030991},{""region"":""O'Higgins Region"",""percentage"":0.052148},{""region"":""Los Lagos Region"",""percentage"":0.038088},{""region"":""Magallanes y la Ant\u00e1rtica Chilena Region"",""percentage"":0.010219},{""region"":""Maule Region"",""percentage"":0.058057},{""region"":""Santiago Metropolitan Region"",""percentage"":0.444634},{""region"":""Tarapac\u00e1 Region"",""percentage"":0.018111}","facebook,instagram","lower_bound: 1000001",es
1528369934185080,881095048648989,"José Antonio Kast",2021-10-22,2021-10-22,2021-11-19,"José Antonio Kast Rist","Un testimonio desgarrador de un chileno más que ha sido abandonado por su país. Anoche quemaron las Termas de Pemehue en Collipulli

No tengo respuesta a todo, pero si un compromiso con la verdad: si me eligen Presidente voy a combatir el terrorismo con toda la fuerza posible. 

#AtreveteAVivirEnPaz  por un Chile más seguro pinchando aquí: https://bit.ly/3ARjJIz","Combatamos el terrorismo 🇨🇱",,,"lower_bound: 1000000","lower_bound: 10000, upper_bound: 14999",USD,"{""age"":""18-24"",""gender"":""unknown"",""percentage"":0.000183},{""age"":""45-54"",""gender"":""male"",""percentage"":0.079118},{""age"":""25-34"",""gender"":""female"",""percentage"":0.178575},{""age"":""35-44"",""gender"":""female"",""percentage"":0.159884},{""age"":""45-54"",""gender"":""female"",""percentage"":0.105555},{""age"":""35-44"",""gender"":""male"",""percentage"":0.127524},{""age"":""55-64"",""gender"":""male"",""percentage"":0.044209},{""age"":""18-24"",""gender"":""female"",""percentage"":0.018393},{""age"":""55-64"",""gender"":""female"",""percentage"":0.072044},{""age"":""65+"",""gender"":""unknown"",""percentage"":0.00059},{""age"":""25-34"",""gender"":""unknown"",""percentage"":0.001842},{""age"":""55-64"",""gender"":""unknown"",""percentage"":0.001235},{""age"":""65+"",""gender"":""female"",""percentage"":0.028165},{""age"":""18-24"",""gender"":""male"",""percentage"":0.017249},{""age"":""65+"",""gender"":""male"",""percentage"":0.018241},{""age"":""35-44"",""gender"":""unknown"",""percentage"":0.005165},{""age"":""45-54"",""gender"":""unknown"",""percentage"":0.003428},{""age"":""25-34"",""gender"":""male"",""percentage"":0.138599}","{""region"":""Los R\u00edos Region"",""percentage"":0.020825},{""region"":""Arica y Parinacota Region"",""percentage"":0.012095},{""region"":""Valpara\u00edso Region"",""percentage"":0.11049},{""region"":""Ays\u00e9n Region"",""percentage"":0.005269},{""region"":""Antofagasta Region"",""percentage"":0.041236},{""region"":""Araucan\u00eda Region"",""percentage"":0.045456},{""region"":""Atacama Region"",""percentage"":0.014847},{""region"":""B\u00edo B\u00edo Region"",""percentage"":0.079346},{""region"":""Coquimbo Region"",""percentage"":0.031542},{""region"":""O'Higgins Region"",""percentage"":0.053022},{""region"":""Los Lagos Region"",""percentage"":0.040558},{""region"":""Magallanes y la Ant\u00e1rtica Chilena Region"",""percentage"":0.012644},{""region"":""Maule Region"",""percentage"":0.054594},{""region"":""Santiago Metropolitan Region"",""percentage"":0.458349},{""region"":""Tarapac\u00e1 Region"",""percentage"":0.019726}",facebook,"lower_bound: 1000001",es
2489053531238482,881095048648989,"José Antonio Kast",2021-10-22,2021-10-23,2021-11-18,"José Antonio Kast Rist","Por un Chile más seguro atrevámonos juntos a desterrar el narcotráfico, cerrar las puertas a las drogas y devolver los espacios a los jóvenes y niños.
#AtreveteAdesterrarElnarcotráfico  Apoya la causa para luchar contra el narcotráfico, pincha aquí: https://bit.ly/3EDi2R3/",,,,"lower_bound: 3000, upper_bound: 3999","lower_bound: 0, upper_bound: 99",USD,"{""age"":""65+"",""gender"":""unknown"",""percentage"":0.001681},{""age"":""45-54"",""gender"":""male"",""percentage"":0.035642},{""age"":""25-34"",""gender"":""male"",""percentage"":0.127438},{""age"":""35-44"",""gender"":""female"",""percentage"":0.129455},{""age"":""25-34"",""gender"":""female"",""percentage"":0.212508},{""age"":""35-44"",""gender"":""male"",""percentage"":0.059852},{""age"":""18-24"",""gender"":""female"",""percentage"":0.112307},{""age"":""18-24"",""gender"":""male"",""percentage"":0.086079},{""age"":""55-64"",""gender"":""male"",""percentage"":0.023201},{""age"":""18-24"",""gender"":""unknown"",""percentage"":0.000336},{""age"":""45-54"",""gender"":""female"",""percentage"":0.078009},{""age"":""45-54"",""gender"":""unknown"",""percentage"":0.006725},{""age"":""55-64"",""gender"":""female"",""percentage"":0.066913},{""age"":""65+"",""gender"":""male"",""percentage"":0.015804},{""age"":""55-64"",""gender"":""unknown"",""percentage"":0.003026},{""age"":""25-34"",""gender"":""unknown"",""percentage"":0.003026},{""age"":""35-44"",""gender"":""unknown"",""percentage"":0.006389},{""age"":""65+"",""gender"":""female"",""percentage"":0.031607}","{""region"":""Unknown"",""percentage"":0.000338},{""region"":""Arica y Parinacota Region"",""percentage"":0.015228},{""region"":""Los Lagos Region"",""percentage"":0.036887},{""region"":""Ays\u00e9n Region"",""percentage"":0.005415},{""region"":""Coquimbo Region"",""percentage"":0.041624},{""region"":""Magallanes y la Ant\u00e1rtica Chilena Region"",""percentage"":0.013875},{""region"":""Valpara\u00edso Region"",""percentage"":0.08731},{""region"":""Santiago Metropolitan Region"",""percentage"":0.437902},{""region"":""Antofagasta Region"",""percentage"":0.04264},{""region"":""Araucan\u00eda Region"",""percentage"":0.043655},{""region"":""B\u00edo B\u00edo Region"",""percentage"":0.105922},{""region"":""O'Higgins Region"",""percentage"":0.035871},{""region"":""Maule Region"",""percentage"":0.071743},{""region"":""Los R\u00edos Region"",""percentage"":0.01692},{""region"":""Atacama Region"",""percentage"":0.017597},{""region"":""Tarapac\u00e1 Region"",""percentage"":0.027073}",instagram,"lower_bound: 100001, upper_bound: 500000",es
424238642465061,881095048648989,"José Antonio Kast",2021-10-22,2021-10-23,2021-11-18,"José Antonio Kast Rist","Por un Chile más seguro atrevámonos juntos a desterrar el narcotráfico, cerrar las puertas a las drogas y devolver los espacios a los jóvenes y niños.
#AtreveteAdesterrarElnarcotráfico  Apoya la causa para luchar contra el narcotráfico, pincha aquí: https://bit.ly/3EDi2R3/",,,,"lower_bound: 900000, upper_bound: 999999","lower_bound: 2500, upper_bound: 2999",USD,"{""age"":""18-24"",""gender"":""unknown"",""percentage"":0.000207},{""age"":""35-44"",""gender"":""female"",""percentage"":0.17557},{""age"":""18-24"",""gender"":""male"",""percentage"":0.014984},{""age"":""45-54"",""gender"":""unknown"",""percentage"":0.004319},{""age"":""35-44"",""gender"":""unknown"",""percentage"":0.006366},{""age"":""25-34"",""gender"":""male"",""percentage"":0.136826},{""age"":""25-34"",""gender"":""female"",""percentage"":0.19715},{""age"":""45-54"",""gender"":""female"",""percentage"":0.101161},{""age"":""55-64"",""gender"":""female"",""percentage"":0.05458},{""age"":""55-64"",""gender"":""unknown"",""percentage"":0.001483},{""age"":""35-44"",""gender"":""male"",""percentage"":0.130221},{""age"":""65+"",""gender"":""female"",""percentage"":0.024162},{""age"":""65+"",""gender"":""male"",""percentage"":0.018141},{""age"":""18-24"",""gender"":""female"",""percentage"":0.017034},{""age"":""55-64"",""gender"":""male"",""percentage"":0.038633},{""age"":""45-54"",""gender"":""male"",""percentage"":0.076279},{""age"":""25-34"",""gender"":""unknown"",""percentage"":0.002136},{""age"":""65+"",""gender"":""unknown"",""percentage"":0.000747}","{""region"":""Los R\u00edos Region"",""percentage"":0.019704},{""region"":""Arica y Parinacota Region"",""percentage"":0.012107},{""region"":""Valpara\u00edso Region"",""percentage"":0.112772},{""region"":""Ays\u00e9n Region"",""percentage"":0.005438},{""region"":""Antofagasta Region"",""percentage"":0.037804},{""region"":""Araucan\u00eda Region"",""percentage"":0.039417},{""region"":""Atacama Region"",""percentage"":0.014222},{""region"":""B\u00edo B\u00edo Region"",""percentage"":0.080192},{""region"":""Coquimbo Region"",""percentage"":0.033184},{""region"":""O'Higgins Region"",""percentage"":0.050366},{""region"":""Los Lagos Region"",""percentage"":0.039512},{""region"":""Magallanes y la Ant\u00e1rtica Chilena Region"",""percentage"":0.011154},{""region"":""Maule Region"",""percentage"":0.050401},{""region"":""Santiago Metropolitan Region"",""percentage"":0.47441},{""region"":""Tarapac\u00e1 Region"",""percentage"":0.019319}","facebook,instagram","lower_bound: 1000001",es
1095572704583580,881095048648989,"José Antonio Kast",2021-10-22,2021-10-22,2021-10-30,"José Antonio Kast Rist","En la macrozona sur existe terrorismo. A pesar que existan algunos que sin importar las cientos de denuncias y muertes, lo siguen negando. Por las víctimas, seguiremos atreviéndonos a decir las cosas por su nombre, para volver a Recuperar el Estado de Derecho en nuestro país.

#AtreveteAVivirEnPaz Apoya la causa por un Chile más seguro pinchando aquí: https://bit.ly/3ARjJIz",,,,"lower_bound: 0, upper_bound: 999","lower_bound: 0, upper_bound: 99",USD,"{""age"":""35-44"",""gender"":""unknown"",""percentage"":0.00271},{""age"":""45-54"",""gender"":""male"",""percentage"":0.00813},{""age"":""55-64"",""gender"":""male"",""percentage"":0.00271},{""age"":""45-54"",""gender"":""female"",""percentage"":0.03252},{""age"":""25-34"",""gender"":""male"",""percentage"":0.184282},{""age"":""18-24"",""gender"":""male"",""percentage"":0.184282},{""age"":""25-34"",""gender"":""female"",""percentage"":0.178862},{""age"":""18-24"",""gender"":""female"",""percentage"":0.214092},{""age"":""35-44"",""gender"":""male"",""percentage"":0.059621},{""age"":""65+"",""gender"":""female"",""percentage"":0.02981},{""age"":""35-44"",""gender"":""female"",""percentage"":0.062331},{""age"":""65+"",""gender"":""male"",""percentage"":0.00271},{""age"":""55-64"",""gender"":""female"",""percentage"":0.03523},{""age"":""45-54"",""gender"":""unknown"",""percentage"":0.00271}","{""region"":""Araucan\u00eda Region"",""percentage"":0.348774},{""region"":""B\u00edo B\u00edo Region"",""percentage"":0.651226}",instagram,"lower_bound: 10001, upper_bound: 50000",es
926596877942661,881095048648989,"José Antonio Kast",2021-10-22,2021-10-22,2021-11-19,"José Antonio Kast Rist","En la macrozona sur existe terrorismo. A pesar que existan algunos que sin importar las cientos de denuncias y muertes, lo siguen negando. Por las víctimas, seguiremos atreviéndonos a decir las cosas por su nombre, para volver a Recuperar el Estado de Derecho en nuestro país.

#AtreveteAVivirEnPaz Apoya la causa por un Chile más seguro pinchando aquí: https://bit.ly/3ARjJIz",,,,"lower_bound: 800000, upper_bound: 899999","lower_bound: 2500, upper_bound: 2999",USD,"{""age"":""55-64"",""gender"":""unknown"",""percentage"":0.000975},{""age"":""25-34"",""gender"":""female"",""percentage"":0.201264},{""age"":""65+"",""gender"":""unknown"",""percentage"":0.000458},{""age"":""45-54"",""gender"":""unknown"",""percentage"":0.002292},{""age"":""25-34"",""gender"":""unknown"",""percentage"":0.001525},{""age"":""35-44"",""gender"":""unknown"",""percentage"":0.003962},{""age"":""55-64"",""gender"":""female"",""percentage"":0.070944},{""age"":""25-34"",""gender"":""male"",""percentage"":0.146797},{""age"":""45-54"",""gender"":""female"",""percentage"":0.099379},{""age"":""18-24"",""gender"":""male"",""percentage"":0.023093},{""age"":""35-44"",""gender"":""female"",""percentage"":0.157888},{""age"":""35-44"",""gender"":""male"",""percentage"":0.113906},{""age"":""45-54"",""gender"":""male"",""percentage"":0.067994},{""age"":""55-64"",""gender"":""male"",""percentage"":0.03878},{""age"":""65+"",""gender"":""female"",""percentage"":0.030454},{""age"":""65+"",""gender"":""male"",""percentage"":0.017056},{""age"":""18-24"",""gender"":""female"",""percentage"":0.022972},{""age"":""18-24"",""gender"":""unknown"",""percentage"":0.000261}","{""region"":""Araucan\u00eda Region"",""percentage"":0.352683},{""region"":""B\u00edo B\u00edo Region"",""percentage"":0.647317}","facebook,instagram","lower_bound: 100001, upper_bound: 500000",es
576244403708562,881095048648989,"José Antonio Kast",2021-10-22,2021-10-22,2021-11-17,"José Antonio Kast Rist","Por un Chile más sustentable. Atrévete a mejorar tu barrio y tu comunidad con plazas, parques y zonas verdes.

Apoya la causa para recuperar nuestros barrios y comunidades pinchando aquí: https://bit.ly/39pkkoQ","Atrévete por un Chile más sustentable 🌱",,,"lower_bound: 5000, upper_bound: 5999","lower_bound: 0, upper_bound: 99",USD,"{""age"":""18-24"",""gender"":""unknown"",""percentage"":0.000671},{""age"":""55-64"",""gender"":""male"",""percentage"":0.017211},{""age"":""55-64"",""gender"":""female"",""percentage"":0.044703},{""age"":""45-54"",""gender"":""female"",""percentage"":0.055431},{""age"":""35-44"",""gender"":""female"",""percentage"":0.114439},{""age"":""18-24"",""gender"":""male"",""percentage"":0.12025},{""age"":""25-34"",""gender"":""female"",""percentage"":0.240054},{""age"":""18-24"",""gender"":""female"",""percentage"":0.142602},{""age"":""35-44"",""gender"":""male"",""percentage"":0.058561},{""age"":""45-54"",""gender"":""unknown"",""percentage"":0.003353},{""age"":""35-44"",""gender"":""unknown"",""percentage"":0.006258},{""age"":""55-64"",""gender"":""unknown"",""percentage"":0.000894},{""age"":""45-54"",""gender"":""male"",""percentage"":0.025928},{""age"":""65+"",""gender"":""male"",""percentage"":0.008717},{""age"":""65+"",""gender"":""female"",""percentage"":0.018552},{""age"":""25-34"",""gender"":""unknown"",""percentage"":0.002906},{""age"":""25-34"",""gender"":""male"",""percentage"":0.139473}","{""region"":""Atacama Region"",""percentage"":0.017156},{""region"":""Coquimbo Region"",""percentage"":0.042664},{""region"":""Arica y Parinacota Region"",""percentage"":0.014673},{""region"":""Ays\u00e9n Region"",""percentage"":0.005869},{""region"":""Antofagasta Region"",""percentage"":0.045372},{""region"":""Tarapac\u00e1 Region"",""percentage"":0.027088},{""region"":""Los R\u00edos Region"",""percentage"":0.019865},{""region"":""Araucan\u00eda Region"",""percentage"":0.049436},{""region"":""O'Higgins Region"",""percentage"":0.03544},{""region"":""Los Lagos Region"",""percentage"":0.034763},{""region"":""Magallanes y la Ant\u00e1rtica Chilena Region"",""percentage"":0.014673},{""region"":""Santiago Metropolitan Region"",""percentage"":0.41693},{""region"":""B\u00edo B\u00edo Region"",""percentage"":0.107223},{""region"":""Maule Region"",""percentage"":0.074718},{""region"":""Valpara\u00edso Region"",""percentage"":0.094131}",instagram,"lower_bound: 100001, upper_bound: 500000",es
897055544348496,881095048648989,"José Antonio Kast",2021-10-22,2021-10-22,2021-11-17,"José Antonio Kast Rist","Por un Chile más sustentable. Atrévete a mejorar tu barrio y tu comunidad con plazas, parques y zonas verdes.

Apoya la causa para recuperar nuestros barrios y comunidades pinchando aquí: https://bit.ly/39pkkoQ","Atrévete por un Chile más sustentable 🌱",,,"lower_bound: 500000, upper_bound: 599999","lower_bound: 1000, upper_bound: 1499",USD,"{""age"":""25-34"",""gender"":""unknown"",""percentage"":0.001694},{""age"":""35-44"",""gender"":""female"",""percentage"":0.158231},{""age"":""25-34"",""gender"":""male"",""percentage"":0.11899},{""age"":""45-54"",""gender"":""male"",""percentage"":0.082946},{""age"":""65+"",""gender"":""male"",""percentage"":0.021898},{""age"":""55-64"",""gender"":""female"",""percentage"":0.093541},{""age"":""45-54"",""gender"":""unknown"",""percentage"":0.003786},{""age"":""25-34"",""gender"":""female"",""percentage"":0.170188},{""age"":""35-44"",""gender"":""male"",""percentage"":0.113732},{""age"":""18-24"",""gender"":""unknown"",""percentage"":0.000131},{""age"":""65+"",""gender"":""female"",""percentage"":0.039079},{""age"":""45-54"",""gender"":""female"",""percentage"":0.111047},{""age"":""55-64"",""gender"":""male"",""percentage"":0.050811},{""age"":""18-24"",""gender"":""female"",""percentage"":0.012454},{""age"":""18-24"",""gender"":""male"",""percentage"":0.013573},{""age"":""35-44"",""gender"":""unknown"",""percentage"":0.005496},{""age"":""55-64"",""gender"":""unknown"",""percentage"":0.00161},{""age"":""65+"",""gender"":""unknown"",""percentage"":0.000794}","{""region"":""Arica y Parinacota Region"",""percentage"":0.012039},{""region"":""Los R\u00edos Region"",""percentage"":0.019938},{""region"":""Valpara\u00edso Region"",""percentage"":0.115074},{""region"":""Ays\u00e9n Region"",""percentage"":0.005268},{""region"":""Antofagasta Region"",""percentage"":0.039167},{""region"":""Araucan\u00eda Region"",""percentage"":0.048303},{""region"":""Atacama Region"",""percentage"":0.01307},{""region"":""B\u00edo B\u00edo Region"",""percentage"":0.079451},{""region"":""Coquimbo Region"",""percentage"":0.027632},{""region"":""O'Higgins Region"",""percentage"":0.050343},{""region"":""Los Lagos Region"",""percentage"":0.036889},{""region"":""Magallanes y la Ant\u00e1rtica Chilena Region"",""percentage"":0.011126},{""region"":""Maule Region"",""percentage"":0.055258},{""region"":""Santiago Metropolitan Region"",""percentage"":0.467167},{""region"":""Tarapac\u00e1 Region"",""percentage"":0.019275}","facebook,instagram","lower_bound: 1000001",es
481833086248554,881095048648989,"José Antonio Kast",2021-10-22,2021-10-22,2021-11-17,"José Antonio Kast Rist","La familia es el núcleo fundamental de la sociedad y la queremos fortalecer con políticas públicas concretas. Atrévete a que juntos defendamos a las familias chilenas.","Atrévete a defender la familia",,,"lower_bound: 0, upper_bound: 999","lower_bound: 0, upper_bound: 99",USD,"{""age"":""55-64"",""gender"":""female"",""percentage"":0.330189},{""age"":""55-64"",""gender"":""male"",""percentage"":0.169811},{""age"":""55-64"",""gender"":""unknown"",""percentage"":0.028302},{""age"":""65+"",""gender"":""female"",""percentage"":0.292453},{""age"":""65+"",""gender"":""male"",""percentage"":0.179245}","{""region"":""Los R\u00edos Region"",""percentage"":0.009434},{""region"":""Valpara\u00edso Region"",""percentage"":0.103774},{""region"":""Antofagasta Region"",""percentage"":0.04717},{""region"":""B\u00edo B\u00edo Region"",""percentage"":0.150943},{""region"":""Araucan\u00eda Region"",""percentage"":0.037736},{""region"":""Atacama Region"",""percentage"":0.028302},{""region"":""Magallanes y la Ant\u00e1rtica Chilena Region"",""percentage"":0.028302},{""region"":""Coquimbo Region"",""percentage"":0.066038},{""region"":""O'Higgins Region"",""percentage"":0.018868},{""region"":""Tarapac\u00e1 Region"",""percentage"":0.075472},{""region"":""Los Lagos Region"",""percentage"":0.028302},{""region"":""Maule Region"",""percentage"":0.066038},{""region"":""Santiago Metropolitan Region"",""percentage"":0.339623}",instagram,"lower_bound: 10001, upper_bound: 50000",es
1773619869728766,881095048648989,"José Antonio Kast",2021-10-22,2021-10-22,2021-11-18,"José Antonio Kast Rist","La familia es el núcleo fundamental de la sociedad y la queremos fortalecer con políticas públicas concretas. Atrévete a que juntos defendamos a las familias chilenas.","Atrévete a defender la familia",,,"lower_bound: 600000, upper_bound: 699999","lower_bound: 2000, upper_bound: 2499",USD,"{""age"":""55-64"",""gender"":""unknown"",""percentage"":0.004217},{""age"":""65+"",""gender"":""unknown"",""percentage"":0.005385},{""age"":""55-64"",""gender"":""female"",""percentage"":0.316675},{""age"":""55-64"",""gender"":""male"",""percentage"":0.157947},{""age"":""65+"",""gender"":""female"",""percentage"":0.342358},{""age"":""65+"",""gender"":""male"",""percentage"":0.173418}","{""region"":""Los R\u00edos Region"",""percentage"":0.018756},{""region"":""Arica y Parinacota Region"",""percentage"":0.010393},{""region"":""Valpara\u00edso Region"",""percentage"":0.127224},{""region"":""Ays\u00e9n Region"",""percentage"":0.004348},{""region"":""Antofagasta Region"",""percentage"":0.031043},{""region"":""Araucan\u00eda Region"",""percentage"":0.044815},{""region"":""Atacama Region"",""percentage"":0.011166},{""region"":""B\u00edo B\u00edo Region"",""percentage"":0.080045},{""region"":""Coquimbo Region"",""percentage"":0.02462},{""region"":""O'Higgins Region"",""percentage"":0.038361},{""region"":""Los Lagos Region"",""percentage"":0.031245},{""region"":""Magallanes y la Ant\u00e1rtica Chilena Region"",""percentage"":0.011262},{""region"":""Maule Region"",""percentage"":0.041997},{""region"":""Santiago Metropolitan Region"",""percentage"":0.507972},{""region"":""Tarapac\u00e1 Region"",""percentage"":0.016751}","facebook,instagram","lower_bound: 100001, upper_bound: 500000",es
1214641119048802,881095048648989,"José Antonio Kast",2021-10-22,2021-10-22,2021-10-30,"José Antonio Kast Rist","Comprometidos con la conectividad y el desarrollo regional, fuimos a #Porvenir para compartir en primera persona, las adversidades de la zona austral. 

#AtreveteAregionalizarChile Apoya la causa para que todas las regiones sean igual de importantes pinchando aquí: https://bit.ly/2XyqNeq",,,,"lower_bound: 30000, upper_bound: 34999","lower_bound: 0, upper_bound: 99",USD,"{""age"":""65+"",""gender"":""unknown"",""percentage"":0.000869},{""age"":""35-44"",""gender"":""male"",""percentage"":0.138013},{""age"":""55-64"",""gender"":""unknown"",""percentage"":0.002825},{""age"":""65+"",""gender"":""female"",""percentage"":0.0284},{""age"":""35-44"",""gender"":""unknown"",""percentage"":0.006303},{""age"":""25-34"",""gender"":""male"",""percentage"":0.117583},{""age"":""55-64"",""gender"":""female"",""percentage"":0.073825},{""age"":""45-54"",""gender"":""male"",""percentage"":0.088242},{""age"":""25-34"",""gender"":""female"",""percentage"":0.160327},{""age"":""45-54"",""gender"":""unknown"",""percentage"":0.005651},{""age"":""45-54"",""gender"":""female"",""percentage"":0.109034},{""age"":""35-44"",""gender"":""female"",""percentage"":0.172861},{""age"":""25-34"",""gender"":""unknown"",""percentage"":0.002753},{""age"":""55-64"",""gender"":""male"",""percentage"":0.046077},{""age"":""65+"",""gender"":""male"",""percentage"":0.025357},{""age"":""18-24"",""gender"":""male"",""percentage"":0.009056},{""age"":""18-24"",""gender"":""female"",""percentage"":0.012244},{""age"":""18-24"",""gender"":""unknown"",""percentage"":0.00058}","{""region"":""Magallanes y la Ant\u00e1rtica Chilena Region"",""percentage"":1}","facebook,instagram","lower_bound: 10001, upper_bound: 50000",es
280681183795643,881095048648989,"José Antonio Kast",2021-10-22,2021-10-22,2021-10-30,"José Antonio Kast Rist","Comprometidos con la conectividad y el desarrollo regional, fuimos a #Porvenir para compartir en primera persona, las adversidades de la zona austral. 

#AtreveteAregionalizarChile Apoya la causa para que todas las regiones sean igual de importantes pinchando aquí: https://bit.ly/2XyqNeq",,,,"lower_bound: 0, upper_bound: 999","lower_bound: 0, upper_bound: 99",USD,,,instagram,"lower_bound: 1001, upper_bound: 5000",es
252728250025103,881095048648989,"José Antonio Kast",2021-10-22,2021-10-23,2021-11-17,"José Antonio Kast Rist","¡Somos atreviDos! Más de 1000 jóvenes se atrevieron a levantar las banderas de la libertad en la  plaza Pedro de Valdivia Atrévete tu también y súmate por un Chile libre.

#AtreveteAhacerHistoria 
Apoya la causa y comencemos a recuperar Chile pinchando aquí: https://bit.ly/3kQUXCR",,,,"lower_bound: 3000, upper_bound: 3999","lower_bound: 0, upper_bound: 99",USD,"{""age"":""18-24"",""gender"":""unknown"",""percentage"":0.000562},{""age"":""18-24"",""gender"":""female"",""percentage"":0.260405},{""age"":""18-24"",""gender"":""male"",""percentage"":0.287402},{""age"":""25-34"",""gender"":""male"",""percentage"":0.191226},{""age"":""25-34"",""gender"":""female"",""percentage"":0.25928},{""age"":""25-34"",""gender"":""unknown"",""percentage"":0.001125}","{""region"":""Magallanes y la Ant\u00e1rtica Chilena Region"",""percentage"":0.01128},{""region"":""Ays\u00e9n Region"",""percentage"":0.00564},{""region"":""B\u00edo B\u00edo Region"",""percentage"":0.125776},{""region"":""Coquimbo Region"",""percentage"":0.050761},{""region"":""Valpara\u00edso Region"",""percentage"":0.089114},{""region"":""Antofagasta Region"",""percentage"":0.047377},{""region"":""Araucan\u00eda Region"",""percentage"":0.047941},{""region"":""O'Higgins Region"",""percentage"":0.050761},{""region"":""Los Lagos Region"",""percentage"":0.049633},{""region"":""Maule Region"",""percentage"":0.075014},{""region"":""Santiago Metropolitan Region"",""percentage"":0.360406},{""region"":""Tarapac\u00e1 Region"",""percentage"":0.029329},{""region"":""Los R\u00edos Region"",""percentage"":0.026509},{""region"":""Atacama Region"",""percentage"":0.015792},{""region"":""Arica y Parinacota Region"",""percentage"":0.014664}",instagram,"lower_bound: 10001, upper_bound: 50000",es
470388644263123,881095048648989,"José Antonio Kast",2021-10-22,2021-10-23,2021-10-28,"José Antonio Kast Rist","Para algunos es fácil hablar de inmigración y proponer fronteras abiertas, regularización y viviendas garantizadas para todos. Lo hacen, porque no conocen la realidad y no han estado en las calles enfrentando esta grave crisis humanitaria

Esta es la realidad
En primera persona

Apoya la causa por un Chile con más oportunidades, pinchando aquí: https://bit.ly/39qZ1Ty","La realidad de la crisis migratoria",,,"lower_bound: 0, upper_bound: 999","lower_bound: 0, upper_bound: 99",USD,,,instagram,"lower_bound: 10001, upper_bound: 50000",es
664560607839968,881095048648989,"José Antonio Kast",2021-10-22,2021-10-23,2021-10-31,"José Antonio Kast Rist","Para algunos es fácil hablar de inmigración y proponer fronteras abiertas, regularización y viviendas garantizadas para todos. Lo hacen, porque no conocen la realidad y no han estado en las calles enfrentando esta grave crisis humanitaria

Esta es la realidad
En primera persona

Apoya la causa por un Chile con más oportunidades, pinchando aquí: https://bit.ly/39qZ1Ty","La realidad de la crisis migratoria",,,"lower_bound: 30000, upper_bound: 34999","lower_bound: 0, upper_bound: 99",USD,"{""age"":""18-24"",""gender"":""unknown"",""percentage"":0.000126},{""age"":""35-44"",""gender"":""female"",""percentage"":0.151846},{""age"":""65+"",""gender"":""female"",""percentage"":0.028008},{""age"":""45-54"",""gender"":""female"",""percentage"":0.116177},{""age"":""18-24"",""gender"":""male"",""percentage"":0.010048},{""age"":""55-64"",""gender"":""female"",""percentage"":0.073097},{""age"":""25-34"",""gender"":""female"",""percentage"":0.169869},{""age"":""25-34"",""gender"":""male"",""percentage"":0.12905},{""age"":""55-64"",""gender"":""male"",""percentage"":0.047915},{""age"":""65+"",""gender"":""unknown"",""percentage"":0.000628},{""age"":""35-44"",""gender"":""male"",""percentage"":0.127669},{""age"":""45-54"",""gender"":""male"",""percentage"":0.103743},{""age"":""65+"",""gender"":""male"",""percentage"":0.018212},{""age"":""45-54"",""gender"":""unknown"",""percentage"":0.004396},{""age"":""18-24"",""gender"":""female"",""percentage"":0.010487},{""age"":""55-64"",""gender"":""unknown"",""percentage"":0.001884},{""age"":""35-44"",""gender"":""unknown"",""percentage"":0.005338},{""age"":""25-34"",""gender"":""unknown"",""percentage"":0.001507}","{""region"":""Antofagasta Region"",""percentage"":1}","facebook,instagram","lower_bound: 50001, upper_bound: 100000",es
309826260567264,881095048648989,"José Antonio Kast",2021-10-22,2021-10-23,2021-11-17,"José Antonio Kast Rist","¡Somos atreviDos! Más de 1000 jóvenes se atrevieron a levantar las banderas de la libertad en la  plaza Pedro de Valdivia Atrévete tu también y súmate por un Chile libre.

#AtreveteAhacerHistoria 
Apoya la causa y comencemos a recuperar Chile pinchando aquí: https://bit.ly/3kQUXCR",,,,"lower_bound: 600000, upper_bound: 699999","lower_bound: 2000, upper_bound: 2499",USD,"{""age"":""25-34"",""gender"":""unknown"",""percentage"":0.003393},{""age"":""18-24"",""gender"":""male"",""percentage"":0.042424},{""age"":""25-34"",""gender"":""male"",""percentage"":0.311982},{""age"":""25-34"",""gender"":""female"",""percentage"":0.543772},{""age"":""18-24"",""gender"":""female"",""percentage"":0.097698},{""age"":""18-24"",""gender"":""unknown"",""percentage"":0.000731}","{""region"":""Los R\u00edos Region"",""percentage"":0.020072},{""region"":""Arica y Parinacota Region"",""percentage"":0.012701},{""region"":""Valpara\u00edso Region"",""percentage"":0.107746},{""region"":""Ays\u00e9n Region"",""percentage"":0.003882},{""region"":""Antofagasta Region"",""percentage"":0.043766},{""region"":""Araucan\u00eda Region"",""percentage"":0.040187},{""region"":""Atacama Region"",""percentage"":0.014822},{""region"":""B\u00edo B\u00edo Region"",""percentage"":0.079456},{""region"":""Coquimbo Region"",""percentage"":0.033313},{""region"":""O'Higgins Region"",""percentage"":0.060259},{""region"":""Los Lagos Region"",""percentage"":0.035226},{""region"":""Magallanes y la Ant\u00e1rtica Chilena Region"",""percentage"":0.00952},{""region"":""Maule Region"",""percentage"":0.058688},{""region"":""Santiago Metropolitan Region"",""percentage"":0.459721},{""region"":""Tarapac\u00e1 Region"",""percentage"":0.02064}","facebook,instagram","lower_bound: 100001, upper_bound: 500000",es
244901764175471,881095048648989,"José Antonio Kast",2021-10-22,2021-10-22,2021-11-18,"José Antonio Kast Rist","¡Chile necesita un nuevo parlamento! Vota por los candidatos del Frente Social Cristiano

El trabajo de recuperar nuestro Congreso lo hacemos juntos. Atrévete y vota por los candidatos del Frente Social Cristiano.  Conócelos en https://partidorepublicanodechile.cl/lista-de-candidatos/","Chile necesita un nuevo parlamento 🇨🇱",,,"lower_bound: 70000, upper_bound: 79999","lower_bound: 100, upper_bound: 199",USD,"{""age"":""45-54"",""gender"":""unknown"",""percentage"":0.003104},{""age"":""35-44"",""gender"":""male"",""percentage"":0.139479},{""age"":""45-54"",""gender"":""male"",""percentage"":0.083424},{""age"":""55-64"",""gender"":""male"",""percentage"":0.043938},{""age"":""25-34"",""gender"":""female"",""percentage"":0.193649},{""age"":""25-34"",""gender"":""male"",""percentage"":0.178728},{""age"":""35-44"",""gender"":""female"",""percentage"":0.134284},{""age"":""18-24"",""gender"":""male"",""percentage"":0.018833},{""age"":""45-54"",""gender"":""female"",""percentage"":0.081254},{""age"":""18-24"",""gender"":""unknown"",""percentage"":0.000206},{""age"":""55-64"",""gender"":""female"",""percentage"":0.055405},{""age"":""65+"",""gender"":""male"",""percentage"":0.016916},{""age"":""18-24"",""gender"":""female"",""percentage"":0.019577},{""age"":""65+"",""gender"":""unknown"",""percentage"":0.000744},{""age"":""65+"",""gender"":""female"",""percentage"":0.02143},{""age"":""25-34"",""gender"":""unknown"",""percentage"":0.00217},{""age"":""55-64"",""gender"":""unknown"",""percentage"":0.001204},{""age"":""35-44"",""gender"":""unknown"",""percentage"":0.005655}","{""region"":""Los R\u00edos Region"",""percentage"":0.020399},{""region"":""Arica y Parinacota Region"",""percentage"":0.011702},{""region"":""Valpara\u00edso Region"",""percentage"":0.116072},{""region"":""Ays\u00e9n Region"",""percentage"":0.005458},{""region"":""Antofagasta Region"",""percentage"":0.046225},{""region"":""Araucan\u00eda Region"",""percentage"":0.05143},{""region"":""Atacama Region"",""percentage"":0.015335},{""region"":""B\u00edo B\u00edo Region"",""percentage"":0.083987},{""region"":""Coquimbo Region"",""percentage"":0.02949},{""region"":""O'Higgins Region"",""percentage"":0.054592},{""region"":""Los Lagos Region"",""percentage"":0.040437},{""region"":""Magallanes y la Ant\u00e1rtica Chilena Region"",""percentage"":0.012755},{""region"":""Maule Region"",""percentage"":0.056117},{""region"":""Santiago Metropolitan Region"",""percentage"":0.43491},{""region"":""Tarapac\u00e1 Region"",""percentage"":0.021091}","facebook,instagram","lower_bound: 1000001",es
1162122800987333,881095048648989,"José Antonio Kast",2021-10-22,2021-10-22,2021-11-17,"José Antonio Kast Rist","Atrévete a Vivir en un Chile en Paz.
Que nunca más la violencia triunfe sobre la libertad.

#AtreveteAVivirEnPaz  por un Chile más seguro pinchando aquí: https://bit.ly/3ARjJIz","Atrévete a Vivir en un Chile en Paz.",,,"lower_bound: 175000, upper_bound: 199999","lower_bound: 300, upper_bound: 399",USD,"{""age"":""65+"",""gender"":""unknown"",""percentage"":0.001263},{""age"":""25-34"",""gender"":""female"",""percentage"":0.083558},{""age"":""25-34"",""gender"":""unknown"",""percentage"":0.001707},{""age"":""55-64"",""gender"":""unknown"",""percentage"":0.002898},{""age"":""35-44"",""gender"":""unknown"",""percentage"":0.007905},{""age"":""18-24"",""gender"":""female"",""percentage"":0.005983},{""age"":""18-24"",""gender"":""male"",""percentage"":0.014268},{""age"":""65+"",""gender"":""male"",""percentage"":0.033257},{""age"":""55-64"",""gender"":""female"",""percentage"":0.098501},{""age"":""45-54"",""gender"":""female"",""percentage"":0.105653},{""age"":""55-64"",""gender"":""male"",""percentage"":0.085165},{""age"":""45-54"",""gender"":""unknown"",""percentage"":0.006176},{""age"":""25-34"",""gender"":""male"",""percentage"":0.121291},{""age"":""35-44"",""gender"":""female"",""percentage"":0.109914},{""age"":""35-44"",""gender"":""male"",""percentage"":0.153293},{""age"":""45-54"",""gender"":""male"",""percentage"":0.13061},{""age"":""65+"",""gender"":""female"",""percentage"":0.038372},{""age"":""18-24"",""gender"":""unknown"",""percentage"":0.000187}","{""region"":""Los R\u00edos Region"",""percentage"":0.020511},{""region"":""Arica y Parinacota Region"",""percentage"":0.011626},{""region"":""Valpara\u00edso Region"",""percentage"":0.126581},{""region"":""Ays\u00e9n Region"",""percentage"":0.005912},{""region"":""Antofagasta Region"",""percentage"":0.036211},{""region"":""Araucan\u00eda Region"",""percentage"":0.047279},{""region"":""Atacama Region"",""percentage"":0.012734},{""region"":""B\u00edo B\u00edo Region"",""percentage"":0.075135},{""region"":""Coquimbo Region"",""percentage"":0.027729},{""region"":""O'Higgins Region"",""percentage"":0.047371},{""region"":""Los Lagos Region"",""percentage"":0.040951},{""region"":""Magallanes y la Ant\u00e1rtica Chilena Region"",""percentage"":0.011562},{""region"":""Maule Region"",""percentage"":0.057104},{""region"":""Santiago Metropolitan Region"",""percentage"":0.459653},{""region"":""Tarapac\u00e1 Region"",""percentage"":0.019642}","facebook,instagram","lower_bound: 1000001",es
2984933661769856,881095048648989,"José Antonio Kast",2021-10-22,2021-10-22,2021-11-18,"José Antonio Kast Rist","“Vienen tiempos difíciles en lo social económico, no será fácil. Aquí algunos harán promesas que no podrán cumplir, y algunos otros promesas que van a dañar nuestra patria. Queremos invitarlos a recuperar un Chile en paz y en progreso, queremos un Chile mejor y para todos”. Atrévete y comencemos a recuperar Chile pinchando aquí: https://bit.ly/3kQUXCR","Debate Presidencial 2021 🇨🇱",,,"lower_bound: 80000, upper_bound: 89999","lower_bound: 100, upper_bound: 199",USD,"{""age"":""18-24"",""gender"":""unknown"",""percentage"":0.000183},{""age"":""25-34"",""gender"":""male"",""percentage"":0.130356},{""age"":""35-44"",""gender"":""unknown"",""percentage"":0.007498},{""age"":""18-24"",""gender"":""female"",""percentage"":0.012435},{""age"":""65+"",""gender"":""male"",""percentage"":0.016444},{""age"":""18-24"",""gender"":""male"",""percentage"":0.011647},{""age"":""55-64"",""gender"":""female"",""percentage"":0.065846},{""age"":""45-54"",""gender"":""female"",""percentage"":0.107582},{""age"":""35-44"",""gender"":""female"",""percentage"":0.185877},{""age"":""65+"",""gender"":""unknown"",""percentage"":0.000816},{""age"":""35-44"",""gender"":""male"",""percentage"":0.12954},{""age"":""25-34"",""gender"":""female"",""percentage"":0.18862},{""age"":""45-54"",""gender"":""male"",""percentage"":0.072261},{""age"":""55-64"",""gender"":""male"",""percentage"":0.036587},{""age"":""65+"",""gender"":""female"",""percentage"":0.025672},{""age"":""25-34"",""gender"":""unknown"",""percentage"":0.002166},{""age"":""55-64"",""gender"":""unknown"",""percentage"":0.001561},{""age"":""45-54"",""gender"":""unknown"",""percentage"":0.004909}","{""region"":""Los R\u00edos Region"",""percentage"":0.022085},{""region"":""Arica y Parinacota Region"",""percentage"":0.013981},{""region"":""Valpara\u00edso Region"",""percentage"":0.121896},{""region"":""Ays\u00e9n Region"",""percentage"":0.00568},{""region"":""Antofagasta Region"",""percentage"":0.036714},{""region"":""Araucan\u00eda Region"",""percentage"":0.044564},{""region"":""Atacama Region"",""percentage"":0.013995},{""region"":""B\u00edo B\u00edo Region"",""percentage"":0.076768},{""region"":""Coquimbo Region"",""percentage"":0.034346},{""region"":""O'Higgins Region"",""percentage"":0.054824},{""region"":""Los Lagos Region"",""percentage"":0.042704},{""region"":""Magallanes y la Ant\u00e1rtica Chilena Region"",""percentage"":0.014291},{""region"":""Maule Region"",""percentage"":0.057657},{""region"":""Santiago Metropolitan Region"",""percentage"":0.43865},{""region"":""Tarapac\u00e1 Region"",""percentage"":0.021845}","facebook,instagram","lower_bound: 1000001",es
593151038799380,881095048648989,"José Antonio Kast",2021-10-22,2021-10-22,2021-11-17,"José Antonio Kast Rist","Los habitantes de Colchane han sufrido robos y violencia producto de la crisis humanitaria -migratoria. Es fácil hablar de las fronteras cuando no conocen la realidad. 
Conoce nuestras propuestas en www.atrevetechile.cl y apoya la causa por un Chile con más oportunidades, pinchando aquí: https://bit.ly/39qZ1Ty","Atrévete por mejores oportunidades 🇨🇱",,,"lower_bound: 1000000","lower_bound: 2500, upper_bound: 2999",USD,"{""age"":""35-44"",""gender"":""unknown"",""percentage"":0.005249},{""age"":""45-54"",""gender"":""female"",""percentage"":0.113257},{""age"":""45-54"",""gender"":""unknown"",""percentage"":0.003696},{""age"":""55-64"",""gender"":""unknown"",""percentage"":0.001691},{""age"":""65+"",""gender"":""unknown"",""percentage"":0.000798},{""age"":""65+"",""gender"":""male"",""percentage"":0.025486},{""age"":""35-44"",""gender"":""female"",""percentage"":0.146003},{""age"":""25-34"",""gender"":""male"",""percentage"":0.120739},{""age"":""45-54"",""gender"":""male"",""percentage"":0.088315},{""age"":""25-34"",""gender"":""unknown"",""percentage"":0.00168},{""age"":""35-44"",""gender"":""male"",""percentage"":0.11988},{""age"":""25-34"",""gender"":""female"",""percentage"":0.145771},{""age"":""18-24"",""gender"":""male"",""percentage"":0.014509},{""age"":""55-64"",""gender"":""female"",""percentage"":0.098334},{""age"":""55-64"",""gender"":""male"",""percentage"":0.060608},{""age"":""18-24"",""gender"":""female"",""percentage"":0.012627},{""age"":""65+"",""gender"":""female"",""percentage"":0.041166},{""age"":""18-24"",""gender"":""unknown"",""percentage"":0.000191}","{""region"":""Los R\u00edos Region"",""percentage"":0.020701},{""region"":""Arica y Parinacota Region"",""percentage"":0.011528},{""region"":""Valpara\u00edso Region"",""percentage"":0.11773},{""region"":""Ays\u00e9n Region"",""percentage"":0.005508},{""region"":""Antofagasta Region"",""percentage"":0.040385},{""region"":""Araucan\u00eda Region"",""percentage"":0.056381},{""region"":""Atacama Region"",""percentage"":0.01305},{""region"":""B\u00edo B\u00edo Region"",""percentage"":0.095103},{""region"":""Coquimbo Region"",""percentage"":0.02721},{""region"":""O'Higgins Region"",""percentage"":0.05234},{""region"":""Los Lagos Region"",""percentage"":0.036295},{""region"":""Magallanes y la Ant\u00e1rtica Chilena Region"",""percentage"":0.013291},{""region"":""Maule Region"",""percentage"":0.057654},{""region"":""Santiago Metropolitan Region"",""percentage"":0.433529},{""region"":""Tarapac\u00e1 Region"",""percentage"":0.019295}","facebook,instagram","lower_bound: 1000001",es
1827494020783661,881095048648989,"José Antonio Kast",2021-10-22,2021-10-23,2021-11-17,"José Antonio Kast Rist","Para algunos es fácil hablar de inmigración y proponer fronteras abiertas, regularización y viviendas garantizadas para todos. Lo hacen, porque no conocen la realidad y no han estado en las calles enfrentando esta grave crisis humanitaria

Esta es la realidad
En primera persona

Apoya la causa por un Chile con más oportunidades, pinchando aquí: https://bit.ly/39qZ1Ty","La realidad de la crisis migratoria",,,"lower_bound: 175000, upper_bound: 199999","lower_bound: 300, upper_bound: 399",USD,"{""age"":""65+"",""gender"":""unknown"",""percentage"":0.00085},{""age"":""25-34"",""gender"":""unknown"",""percentage"":0.002063},{""age"":""55-64"",""gender"":""unknown"",""percentage"":0.001619},{""age"":""65+"",""gender"":""female"",""percentage"":0.035847},{""age"":""18-24"",""gender"":""female"",""percentage"":0.009679},{""age"":""25-34"",""gender"":""male"",""percentage"":0.150104},{""age"":""45-54"",""gender"":""female"",""percentage"":0.092184},{""age"":""35-44"",""gender"":""male"",""percentage"":0.142192},{""age"":""55-64"",""gender"":""female"",""percentage"":0.074571},{""age"":""45-54"",""gender"":""unknown"",""percentage"":0.004326},{""age"":""45-54"",""gender"":""male"",""percentage"":0.10105},{""age"":""35-44"",""gender"":""female"",""percentage"":0.136128},{""age"":""25-34"",""gender"":""female"",""percentage"":0.136417},{""age"":""35-44"",""gender"":""unknown"",""percentage"":0.006573},{""age"":""55-64"",""gender"":""male"",""percentage"":0.063613},{""age"":""18-24"",""gender"":""male"",""percentage"":0.013997},{""age"":""65+"",""gender"":""male"",""percentage"":0.028608},{""age"":""18-24"",""gender"":""unknown"",""percentage"":0.000177}","{""region"":""Los R\u00edos Region"",""percentage"":0.020266},{""region"":""Arica y Parinacota Region"",""percentage"":0.013165},{""region"":""Valpara\u00edso Region"",""percentage"":0.116126},{""region"":""Ays\u00e9n Region"",""percentage"":0.005394},{""region"":""Antofagasta Region"",""percentage"":0.038753},{""region"":""Araucan\u00eda Region"",""percentage"":0.057101},{""region"":""Atacama Region"",""percentage"":0.014011},{""region"":""B\u00edo B\u00edo Region"",""percentage"":0.100621},{""region"":""Coquimbo Region"",""percentage"":0.030435},{""region"":""O'Higgins Region"",""percentage"":0.051575},{""region"":""Los Lagos Region"",""percentage"":0.03884},{""region"":""Magallanes y la Ant\u00e1rtica Chilena Region"",""percentage"":0.015287},{""region"":""Maule Region"",""percentage"":0.058267},{""region"":""Santiago Metropolitan Region"",""percentage"":0.420126},{""region"":""Tarapac\u00e1 Region"",""percentage"":0.020032}","facebook,instagram","lower_bound: 1000001",es
423729575820331,881095048648989,"José Antonio Kast",2021-10-22,2021-10-22,2021-11-17,"José Antonio Kast Rist","La libertad no está muerta.
Atrévete a defenderla, sin miedo y con fuerza.

Por ti, por mí, por Chile

#AtrevetePorKast",,,,"lower_bound: 600000, upper_bound: 699999","lower_bound: 1000, upper_bound: 1499",USD,"{""age"":""65+"",""gender"":""unknown"",""percentage"":0.000612},{""age"":""18-24"",""gender"":""female"",""percentage"":0.015804},{""age"":""45-54"",""gender"":""unknown"",""percentage"":0.004013},{""age"":""25-34"",""gender"":""unknown"",""percentage"":0.001963},{""age"":""18-24"",""gender"":""male"",""percentage"":0.013315},{""age"":""65+"",""gender"":""male"",""percentage"":0.013825},{""age"":""35-44"",""gender"":""unknown"",""percentage"":0.006394},{""age"":""45-54"",""gender"":""male"",""percentage"":0.071705},{""age"":""35-44"",""gender"":""female"",""percentage"":0.193558},{""age"":""55-64"",""gender"":""unknown"",""percentage"":0.001204},{""age"":""55-64"",""gender"":""female"",""percentage"":0.054032},{""age"":""35-44"",""gender"":""male"",""percentage"":0.131571},{""age"":""25-34"",""gender"":""male"",""percentage"":0.132584},{""age"":""25-34"",""gender"":""female"",""percentage"":0.202237},{""age"":""45-54"",""gender"":""female"",""percentage"":0.100712},{""age"":""65+"",""gender"":""female"",""percentage"":0.020414},{""age"":""55-64"",""gender"":""male"",""percentage"":0.035888},{""age"":""18-24"",""gender"":""unknown"",""percentage"":0.000168}","{""region"":""Los R\u00edos Region"",""percentage"":0.020695},{""region"":""Arica y Parinacota Region"",""percentage"":0.013029},{""region"":""Valpara\u00edso Region"",""percentage"":0.118134},{""region"":""Ays\u00e9n Region"",""percentage"":0.005552},{""region"":""Antofagasta Region"",""percentage"":0.038393},{""region"":""Araucan\u00eda Region"",""percentage"":0.041588},{""region"":""Atacama Region"",""percentage"":0.01454},{""region"":""B\u00edo B\u00edo Region"",""percentage"":0.075886},{""region"":""Coquimbo Region"",""percentage"":0.032362},{""region"":""O'Higgins Region"",""percentage"":0.052617},{""region"":""Los Lagos Region"",""percentage"":0.037911},{""region"":""Magallanes y la Ant\u00e1rtica Chilena Region"",""percentage"":0.012225},{""region"":""Maule Region"",""percentage"":0.054175},{""region"":""Santiago Metropolitan Region"",""percentage"":0.463545},{""region"":""Tarapac\u00e1 Region"",""percentage"":0.019349}","facebook,instagram","lower_bound: 1000001",es
627623225035564,881095048648989,"José Antonio Kast",2021-10-21,2021-10-21,2021-10-21,"José Antonio Kast Rist","La familia es el núcleo fundamental de la sociedad y la queremos fortalecer con políticas públicas concretas. Atrévete a que juntos defendamos a las familias chilenas.","Atrévete a defender la familia",,,"lower_bound: 3000, upper_bound: 3999","lower_bound: 0, upper_bound: 99",USD,"{""age"":""55-64"",""gender"":""unknown"",""percentage"":0.001169},{""age"":""18-24"",""gender"":""unknown"",""percentage"":0.000292},{""age"":""18-24"",""gender"":""male"",""percentage"":0.008764},{""age"":""25-34"",""gender"":""unknown"",""percentage"":0.002337},{""age"":""35-44"",""gender"":""unknown"",""percentage"":0.008764},{""age"":""18-24"",""gender"":""female"",""percentage"":0.006135},{""age"":""65+"",""gender"":""female"",""percentage"":0.020158},{""age"":""65+"",""gender"":""male"",""percentage"":0.026001},{""age"":""45-54"",""gender"":""female"",""percentage"":0.098744},{""age"":""45-54"",""gender"":""unknown"",""percentage"":0.003214},{""age"":""45-54"",""gender"":""male"",""percentage"":0.092025},{""age"":""55-64"",""gender"":""female"",""percentage"":0.059889},{""age"":""55-64"",""gender"":""male"",""percentage"":0.051417},{""age"":""35-44"",""gender"":""female"",""percentage"":0.16506},{""age"":""25-34"",""gender"":""female"",""percentage"":0.169442},{""age"":""35-44"",""gender"":""male"",""percentage"":0.155419},{""age"":""25-34"",""gender"":""male"",""percentage"":0.130003},{""age"":""65+"",""gender"":""unknown"",""percentage"":0.001169}","{""region"":""Los R\u00edos Region"",""percentage"":0.021764},{""region"":""Arica y Parinacota Region"",""percentage"":0.012768},{""region"":""Valpara\u00edso Region"",""percentage"":0.127684},{""region"":""Ays\u00e9n Region"",""percentage"":0.006094},{""region"":""Antofagasta Region"",""percentage"":0.033082},{""region"":""Araucan\u00eda Region"",""percentage"":0.056007},{""region"":""Atacama Region"",""percentage"":0.0148},{""region"":""B\u00edo B\u00edo Region"",""percentage"":0.095473},{""region"":""Coquimbo Region"",""percentage"":0.031921},{""region"":""O'Higgins Region"",""percentage"":0.055717},{""region"":""Los Lagos Region"",""percentage"":0.041788},{""region"":""Magallanes y la Ant\u00e1rtica Chilena Region"",""percentage"":0.011317},{""region"":""Maule Region"",""percentage"":0.062681},{""region"":""Santiago Metropolitan Region"",""percentage"":0.405107},{""region"":""Tarapac\u00e1 Region"",""percentage"":0.023796}","facebook,instagram","lower_bound: 1000001",es
2044215432408136,881095048648989,"José Antonio Kast",2021-10-21,2021-10-21,2021-10-26,"José Antonio Kast Rist","En la macrozona sur existe terrorismo. A pesar que existan algunos que sin importar las cientos de denuncias y muertes, lo siguen negando. Por las víctimas, seguiremos atreviéndonos a decir las cosas por su nombre, para volver a Recuperar el Estado de Derecho en nuestro país.

#AtreveteAVivirEnPaz Apoya la causa por un Chile más seguro pinchando aquí: https://bit.ly/3ARjJIz",,,,"lower_bound: 15000, upper_bound: 19999","lower_bound: 0, upper_bound: 99",USD,"{""age"":""18-24"",""gender"":""male"",""percentage"":0.005837},{""age"":""45-54"",""gender"":""female"",""percentage"":0.127143},{""age"":""25-34"",""gender"":""unknown"",""percentage"":0.001581},{""age"":""55-64"",""gender"":""unknown"",""percentage"":0.002067},{""age"":""35-44"",""gender"":""unknown"",""percentage"":0.006689},{""age"":""65+"",""gender"":""male"",""percentage"":0.017877},{""age"":""45-54"",""gender"":""unknown"",""percentage"":0.00456},{""age"":""55-64"",""gender"":""female"",""percentage"":0.079472},{""age"":""25-34"",""gender"":""female"",""percentage"":0.170558},{""age"":""18-24"",""gender"":""female"",""percentage"":0.00754},{""age"":""35-44"",""gender"":""male"",""percentage"":0.127873},{""age"":""55-64"",""gender"":""male"",""percentage"":0.042503},{""age"":""45-54"",""gender"":""male"",""percentage"":0.086343},{""age"":""65+"",""gender"":""female"",""percentage"":0.032287},{""age"":""35-44"",""gender"":""female"",""percentage"":0.201022},{""age"":""25-34"",""gender"":""male"",""percentage"":0.085857},{""age"":""65+"",""gender"":""unknown"",""percentage"":0.00079}","{""region"":""Los R\u00edos Region"",""percentage"":0.023026},{""region"":""Arica y Parinacota Region"",""percentage"":0.012132},{""region"":""Valpara\u00edso Region"",""percentage"":0.116613},{""region"":""Ays\u00e9n Region"",""percentage"":0.005633},{""region"":""Antofagasta Region"",""percentage"":0.037881},{""region"":""Araucan\u00eda Region"",""percentage"":0.061958},{""region"":""Atacama Region"",""percentage"":0.014051},{""region"":""B\u00edo B\u00edo Region"",""percentage"":0.105224},{""region"":""Coquimbo Region"",""percentage"":0.032186},{""region"":""O'Higgins Region"",""percentage"":0.053231},{""region"":""Los Lagos Region"",""percentage"":0.040975},{""region"":""Magallanes y la Ant\u00e1rtica Chilena Region"",""percentage"":0.017579},{""region"":""Maule Region"",""percentage"":0.058864},{""region"":""Santiago Metropolitan Region"",""percentage"":0.401089},{""region"":""Tarapac\u00e1 Region"",""percentage"":0.019559}","facebook,instagram","lower_bound: 1000001",es
430416481776758,881095048648989,"José Antonio Kast",2021-10-21,2021-10-21,2021-10-25,"José Antonio Kast Rist","Comprometidos con la conectividad y el desarrollo regional, fuimos a #Porvenir para compartir en primera persona, las adversidades de la zona austral. 

#AtreveteAregionalizarChile Apoya la causa para que todas las regiones sean igual de importantes pinchando aquí: https://bit.ly/2XyqNeq",,,,"lower_bound: 60000, upper_bound: 69999","lower_bound: 100, upper_bound: 199",USD,"{""age"":""65+"",""gender"":""unknown"",""percentage"":0.000831},{""age"":""25-34"",""gender"":""male"",""percentage"":0.145897},{""age"":""55-64"",""gender"":""unknown"",""percentage"":0.001662},{""age"":""18-24"",""gender"":""female"",""percentage"":0.007478},{""age"":""65+"",""gender"":""female"",""percentage"":0.023536},{""age"":""25-34"",""gender"":""unknown"",""percentage"":0.00224},{""age"":""45-54"",""gender"":""female"",""percentage"":0.091779},{""age"":""65+"",""gender"":""male"",""percentage"":0.024078},{""age"":""55-64"",""gender"":""male"",""percentage"":0.054894},{""age"":""18-24"",""gender"":""unknown"",""percentage"":0.000126},{""age"":""25-34"",""gender"":""female"",""percentage"":0.14568},{""age"":""35-44"",""gender"":""male"",""percentage"":0.164195},{""age"":""55-64"",""gender"":""female"",""percentage"":0.065985},{""age"":""45-54"",""gender"":""male"",""percentage"":0.104315},{""age"":""35-44"",""gender"":""female"",""percentage"":0.145554},{""age"":""45-54"",""gender"":""unknown"",""percentage"":0.00448},{""age"":""35-44"",""gender"":""unknown"",""percentage"":0.007785},{""age"":""18-24"",""gender"":""male"",""percentage"":0.009483}","{""region"":""Los R\u00edos Region"",""percentage"":0.021829},{""region"":""Arica y Parinacota Region"",""percentage"":0.012801},{""region"":""Valpara\u00edso Region"",""percentage"":0.109719},{""region"":""Ays\u00e9n Region"",""percentage"":0.007509},{""region"":""Antofagasta Region"",""percentage"":0.033236},{""region"":""Araucan\u00eda Region"",""percentage"":0.069904},{""region"":""Atacama Region"",""percentage"":0.013873},{""region"":""B\u00edo B\u00edo Region"",""percentage"":0.111185},{""region"":""Coquimbo Region"",""percentage"":0.026996},{""region"":""O'Higgins Region"",""percentage"":0.052991},{""region"":""Los Lagos Region"",""percentage"":0.042908},{""region"":""Magallanes y la Ant\u00e1rtica Chilena Region"",""percentage"":0.017431},{""region"":""Maule Region"",""percentage"":0.063557},{""region"":""Santiago Metropolitan Region"",""percentage"":0.397039},{""region"":""Tarapac\u00e1 Region"",""percentage"":0.019022}","facebook,instagram","lower_bound: 1000001",es
1137809473419444,881095048648989,"José Antonio Kast",2021-10-21,2021-10-21,2021-10-21,"José Antonio Kast Rist","¡Chile necesita un nuevo parlamento! Vota por los candidatos del Frente Social Cristiano

El trabajo de recuperar nuestro Congreso lo hacemos juntos. Atrévete y vota por los candidatos del Frente Social Cristiano.  Conócelos en https://partidorepublicanodechile.cl/lista-de-candidatos/","Chile necesita un nuevo parlamento 🇨🇱",,,"lower_bound: 0, upper_bound: 999","lower_bound: 0, upper_bound: 99",USD,,,"facebook,instagram","lower_bound: 1000001",es
300085341672851,881095048648989,"José Antonio Kast",2021-10-21,2021-10-21,2021-10-21,"José Antonio Kast Rist","¡Chile necesita un nuevo parlamento! Vota por los candidatos del Frente Social Cristiano

El trabajo de recuperar nuestro Congreso lo hacemos juntos. Atrévete y vota por los candidatos del Frente Social Cristiano.  Conócelos en https://partidorepublicanodechile.cl/lista-de-candidatos/","Chile necesita un nuevo parlamento 🇨🇱",,,"lower_bound: 0, upper_bound: 999","lower_bound: 0, upper_bound: 99",USD,,,instagram,"lower_bound: 100001, upper_bound: 500000",es
398256142042542,881095048648989,"José Antonio Kast",2021-10-18,2021-10-18,2021-10-25,"José Antonio Kast Rist","¡Nuestra campaña la hacemos todos! Gracias a los miles de aportes de los AtreviDos. Pero les pido un esfuerzo más: tenemos que llegar a todo Chile con nuestro mensaje para ganar.

Súmate y ayúdanos en https://aportes.servel.cl/",,,,"lower_bound: 125000, upper_bound: 149999","lower_bound: 300, upper_bound: 399",USD,"{""age"":""35-44"",""gender"":""unknown"",""percentage"":0.007829},{""age"":""55-64"",""gender"":""female"",""percentage"":0.07573},{""age"":""18-24"",""gender"":""female"",""percentage"":0.013322},{""age"":""45-54"",""gender"":""unknown"",""percentage"":0.005377},{""age"":""65+"",""gender"":""female"",""percentage"":0.039806},{""age"":""65+"",""gender"":""unknown"",""percentage"":0.001199},{""age"":""18-24"",""gender"":""unknown"",""percentage"":0.000224},{""age"":""25-34"",""gender"":""male"",""percentage"":0.12349},{""age"":""65+"",""gender"":""male"",""percentage"":0.037176},{""age"":""18-24"",""gender"":""male"",""percentage"":0.010943},{""age"":""35-44"",""gender"":""male"",""percentage"":0.141376},{""age"":""35-44"",""gender"":""female"",""percentage"":0.127669},{""age"":""25-34"",""gender"":""female"",""percentage"":0.151701},{""age"":""45-54"",""gender"":""female"",""percentage"":0.08746},{""age"":""55-64"",""gender"":""male"",""percentage"":0.07054},{""age"":""25-34"",""gender"":""unknown"",""percentage"":0.002353},{""age"":""45-54"",""gender"":""male"",""percentage"":0.101265},{""age"":""55-64"",""gender"":""unknown"",""percentage"":0.002541}","{""region"":""Unknown"",""percentage"":9.0e-6},{""region"":""Los R\u00edos Region"",""percentage"":0.020738},{""region"":""Arica y Parinacota Region"",""percentage"":0.010231},{""region"":""Valpara\u00edso Region"",""percentage"":0.114301},{""region"":""Ays\u00e9n Region"",""percentage"":0.005995},{""region"":""Antofagasta Region"",""percentage"":0.033855},{""region"":""Araucan\u00eda Region"",""percentage"":0.046795},{""region"":""Atacama Region"",""percentage"":0.011705},{""region"":""B\u00edo B\u00edo Region"",""percentage"":0.085961},{""region"":""Coquimbo Region"",""percentage"":0.030694},{""region"":""O'Higgins Region"",""percentage"":0.050738},{""region"":""Los Lagos Region"",""percentage"":0.040019},{""region"":""Magallanes y la Ant\u00e1rtica Chilena Region"",""percentage"":0.013295},{""region"":""Maule Region"",""percentage"":0.056094},{""region"":""Santiago Metropolitan Region"",""percentage"":0.461513},{""region"":""Tarapac\u00e1 Region"",""percentage"":0.018056}","facebook,instagram","lower_bound: 1000001",es
417019173415021,881095048648989,"José Antonio Kast",2021-10-18,2021-10-18,2021-10-25,"José Antonio Kast Rist","¡Nuestra campaña la hacemos todos! Gracias a los miles de aportes de los AtreviDos. Pero les pido un esfuerzo más: tenemos que llegar a todo Chile con nuestro mensaje para ganar.

Súmate y ayúdanos en https://aportes.servel.cl/",,,,"lower_bound: 4000, upper_bound: 4999","lower_bound: 0, upper_bound: 99",USD,"{""age"":""25-34"",""gender"":""unknown"",""percentage"":0.004544},{""age"":""18-24"",""gender"":""female"",""percentage"":0.147969},{""age"":""45-54"",""gender"":""male"",""percentage"":0.029821},{""age"":""65+"",""gender"":""female"",""percentage"":0.017325},{""age"":""45-54"",""gender"":""female"",""percentage"":0.036921},{""age"":""55-64"",""gender"":""unknown"",""percentage"":0.001136},{""age"":""25-34"",""gender"":""female"",""percentage"":0.212724},{""age"":""25-34"",""gender"":""male"",""percentage"":0.181483},{""age"":""18-24"",""gender"":""male"",""percentage"":0.146549},{""age"":""35-44"",""gender"":""unknown"",""percentage"":0.00426},{""age"":""35-44"",""gender"":""male"",""percentage"":0.065606},{""age"":""35-44"",""gender"":""female"",""percentage"":0.085203},{""age"":""65+"",""gender"":""male"",""percentage"":0.008804},{""age"":""18-24"",""gender"":""unknown"",""percentage"":0.000852},{""age"":""45-54"",""gender"":""unknown"",""percentage"":0.004544},{""age"":""55-64"",""gender"":""male"",""percentage"":0.015905},{""age"":""55-64"",""gender"":""female"",""percentage"":0.036353}","{""region"":""Unknown"",""percentage"":0.000566},{""region"":""Los R\u00edos Region"",""percentage"":0.022373},{""region"":""Arica y Parinacota Region"",""percentage"":0.01501},{""region"":""Valpara\u00edso Region"",""percentage"":0.091759},{""region"":""Ays\u00e9n Region"",""percentage"":0.008779},{""region"":""Antofagasta Region"",""percentage"":0.042764},{""region"":""Araucan\u00eda Region"",""percentage"":0.047862},{""region"":""Atacama Region"",""percentage"":0.018692},{""region"":""B\u00edo B\u00edo Region"",""percentage"":0.115831},{""region"":""Coquimbo Region"",""percentage"":0.051827},{""region"":""O'Higgins Region"",""percentage"":0.038799},{""region"":""Los Lagos Region"",""percentage"":0.037383},{""region"":""Magallanes y la Ant\u00e1rtica Chilena Region"",""percentage"":0.013027},{""region"":""Maule Region"",""percentage"":0.066837},{""region"":""Santiago Metropolitan Region"",""percentage"":0.400453},{""region"":""Tarapac\u00e1 Region"",""percentage"":0.028037}",instagram,"lower_bound: 100001, upper_bound: 500000",es
1249055318873014,881095048648989,"José Antonio Kast",2021-10-18,2021-10-18,2021-10-25,"José Antonio Kast Rist","Atrévete a Vivir en un Chile en Paz.
Que nunca más la violencia triunfe sobre la libertad.

#AtreveteAVivirEnPaz  por un Chile más seguro pinchando aquí: https://bit.ly/3ARjJIz","Atrévete a Vivir en un Chile en Paz.",,,"lower_bound: 25000, upper_bound: 29999","lower_bound: 0, upper_bound: 99",USD,"{""age"":""18-24"",""gender"":""unknown"",""percentage"":4.0e-5},{""age"":""35-44"",""gender"":""male"",""percentage"":0.101473},{""age"":""35-44"",""gender"":""unknown"",""percentage"":0.004412},{""age"":""45-54"",""gender"":""unknown"",""percentage"":0.00425},{""age"":""65+"",""gender"":""female"",""percentage"":0.076338},{""age"":""25-34"",""gender"":""female"",""percentage"":0.071926},{""age"":""25-34"",""gender"":""male"",""percentage"":0.067959},{""age"":""55-64"",""gender"":""female"",""percentage"":0.145795},{""age"":""55-64"",""gender"":""male"",""percentage"":0.068607},{""age"":""18-24"",""gender"":""female"",""percentage"":0.009188},{""age"":""45-54"",""gender"":""female"",""percentage"":0.158342},{""age"":""45-54"",""gender"":""male"",""percentage"":0.092852},{""age"":""65+"",""gender"":""male"",""percentage"":0.039302},{""age"":""35-44"",""gender"":""female"",""percentage"":0.150409},{""age"":""25-34"",""gender"":""unknown"",""percentage"":0.001255},{""age"":""65+"",""gender"":""unknown"",""percentage"":0.001174},{""age"":""18-24"",""gender"":""male"",""percentage"":0.004857},{""age"":""55-64"",""gender"":""unknown"",""percentage"":0.001821}","{""region"":""Los R\u00edos Region"",""percentage"":0.017351},{""region"":""Arica y Parinacota Region"",""percentage"":0.011527},{""region"":""Valpara\u00edso Region"",""percentage"":0.123737},{""region"":""Ays\u00e9n Region"",""percentage"":0.005865},{""region"":""Antofagasta Region"",""percentage"":0.034091},{""region"":""Araucan\u00eda Region"",""percentage"":0.04969},{""region"":""Atacama Region"",""percentage"":0.012626},{""region"":""B\u00edo B\u00edo Region"",""percentage"":0.084922},{""region"":""Coquimbo Region"",""percentage"":0.0279},{""region"":""O'Higgins Region"",""percentage"":0.046717},{""region"":""Los Lagos Region"",""percentage"":0.039793},{""region"":""Magallanes y la Ant\u00e1rtica Chilena Region"",""percentage"":0.013604},{""region"":""Maule Region"",""percentage"":0.050138},{""region"":""Santiago Metropolitan Region"",""percentage"":0.461144},{""region"":""Tarapac\u00e1 Region"",""percentage"":0.020894}","facebook,instagram","lower_bound: 1000001",es
2203879196445046,881095048648989,"José Antonio Kast",2021-10-18,2021-10-18,2021-10-25,"José Antonio Kast Rist","Atrévete a Vivir en un Chile en Paz.
Que nunca más la violencia triunfe sobre la libertad.

#AtreveteAVivirEnPaz  por un Chile más seguro pinchando aquí: https://bit.ly/3ARjJIz","Atrévete a Vivir en un Chile en Paz.",,,"lower_bound: 0, upper_bound: 999","lower_bound: 0, upper_bound: 99",USD,,,instagram,"lower_bound: 100001, upper_bound: 500000",es
432022455208169,881095048648989,"José Antonio Kast",2021-10-18,2021-10-18,2021-10-20,"José Antonio Kast Rist","Este 18 no celebramos nada.
Pero nace una Nueva Esperanza ✌️

#AtrévetePorChile
#AtrévetePorKast","Este 18 nada que celebrar",,,"lower_bound: 60000, upper_bound: 69999","lower_bound: 100, upper_bound: 199",USD,"{""age"":""25-34"",""gender"":""unknown"",""percentage"":0.002615},{""age"":""65+"",""gender"":""male"",""percentage"":0.024162},{""age"":""18-24"",""gender"":""female"",""percentage"":0.01612},{""age"":""65+"",""gender"":""unknown"",""percentage"":0.000806},{""age"":""45-54"",""gender"":""unknown"",""percentage"":0.004227},{""age"":""18-24"",""gender"":""male"",""percentage"":0.01526},{""age"":""35-44"",""gender"":""female"",""percentage"":0.128063},{""age"":""25-34"",""gender"":""female"",""percentage"":0.197682},{""age"":""25-34"",""gender"":""male"",""percentage"":0.173395},{""age"":""35-44"",""gender"":""unknown"",""percentage"":0.006466},{""age"":""55-64"",""gender"":""male"",""percentage"":0.052139},{""age"":""35-44"",""gender"":""male"",""percentage"":0.164261},{""age"":""45-54"",""gender"":""female"",""percentage"":0.059715},{""age"":""55-64"",""gender"":""female"",""percentage"":0.03824},{""age"":""45-54"",""gender"":""male"",""percentage"":0.095035},{""age"":""65+"",""gender"":""female"",""percentage"":0.020132},{""age"":""55-64"",""gender"":""unknown"",""percentage"":0.001558},{""age"":""18-24"",""gender"":""unknown"",""percentage"":0.000125}","{""region"":""Los R\u00edos Region"",""percentage"":0.018327},{""region"":""Arica y Parinacota Region"",""percentage"":0.011658},{""region"":""Valpara\u00edso Region"",""percentage"":0.108844},{""region"":""Ays\u00e9n Region"",""percentage"":0.004717},{""region"":""Antofagasta Region"",""percentage"":0.037486},{""region"":""Araucan\u00eda Region"",""percentage"":0.04562},{""region"":""Atacama Region"",""percentage"":0.013682},{""region"":""B\u00edo B\u00edo Region"",""percentage"":0.090065},{""region"":""Coquimbo Region"",""percentage"":0.036149},{""region"":""O'Higgins Region"",""percentage"":0.047301},{""region"":""Los Lagos Region"",""percentage"":0.038643},{""region"":""Magallanes y la Ant\u00e1rtica Chilena Region"",""percentage"":0.012526},{""region"":""Maule Region"",""percentage"":0.050843},{""region"":""Santiago Metropolitan Region"",""percentage"":0.463571},{""region"":""Tarapac\u00e1 Region"",""percentage"":0.020569}","facebook,instagram","lower_bound: 1000001",es
1079444536218899,881095048648989,"José Antonio Kast",2021-10-15,2021-10-15,2021-10-20,"José Antonio Kast Rist","Nuestro programa tiene más de 200 medidas en materia medioambiental. Si queremos garantizar la seguridad energética tenemos que ver como retirarlas en la medida que avancemos en las energías renovables. ✌🏼","La emergencia climática es una realidad",,,"lower_bound: 0, upper_bound: 999","lower_bound: 0, upper_bound: 99",USD,"{""age"":""45-54"",""gender"":""unknown"",""percentage"":0.010017},{""age"":""65+"",""gender"":""male"",""percentage"":0.013356},{""age"":""25-34"",""gender"":""unknown"",""percentage"":0.005008},{""age"":""35-44"",""gender"":""female"",""percentage"":0.080134},{""age"":""55-64"",""gender"":""female"",""percentage"":0.038397},{""age"":""45-54"",""gender"":""male"",""percentage"":0.045075},{""age"":""25-34"",""gender"":""male"",""percentage"":0.217028},{""age"":""18-24"",""gender"":""male"",""percentage"":0.155259},{""age"":""25-34"",""gender"":""female"",""percentage"":0.156928},{""age"":""35-44"",""gender"":""male"",""percentage"":0.09182},{""age"":""18-24"",""gender"":""female"",""percentage"":0.086811},{""age"":""65+"",""gender"":""female"",""percentage"":0.03005},{""age"":""55-64"",""gender"":""male"",""percentage"":0.026711},{""age"":""35-44"",""gender"":""unknown"",""percentage"":0.001669},{""age"":""55-64"",""gender"":""unknown"",""percentage"":0.008347},{""age"":""45-54"",""gender"":""female"",""percentage"":0.033389}","{""region"":""Los R\u00edos Region"",""percentage"":0.026711},{""region"":""Arica y Parinacota Region"",""percentage"":0.020033},{""region"":""Valpara\u00edso Region"",""percentage"":0.096828},{""region"":""Antofagasta Region"",""percentage"":0.073456},{""region"":""Araucan\u00eda Region"",""percentage"":0.046745},{""region"":""Atacama Region"",""percentage"":0.023372},{""region"":""B\u00edo B\u00edo Region"",""percentage"":0.125209},{""region"":""Coquimbo Region"",""percentage"":0.050083},{""region"":""O'Higgins Region"",""percentage"":0.03005},{""region"":""Los Lagos Region"",""percentage"":0.033389},{""region"":""Maule Region"",""percentage"":0.066778},{""region"":""Santiago Metropolitan Region"",""percentage"":0.348915},{""region"":""Tarapac\u00e1 Region"",""percentage"":0.028381},{""region"":""Ays\u00e9n Region"",""percentage"":0.015025},{""region"":""Magallanes y la Ant\u00e1rtica Chilena Region"",""percentage"":0.015025}",instagram,"lower_bound: 100001, upper_bound: 500000",es
1051163402307517,881095048648989,"José Antonio Kast",2021-10-15,2021-10-15,2021-10-21,"José Antonio Kast Rist","Nuestro programa tiene más de 200 medidas en materia medioambiental. Si queremos garantizar la seguridad energética tenemos que ver como retirarlas en la medida que avancemos en las energías renovables. ✌🏼","La emergencia climática es una realidad",,,"lower_bound: 90000, upper_bound: 99999","lower_bound: 300, upper_bound: 399",USD,"{""age"":""65+"",""gender"":""unknown"",""percentage"":0.001857},{""age"":""65+"",""gender"":""female"",""percentage"":0.0326},{""age"":""25-34"",""gender"":""unknown"",""percentage"":0.002797},{""age"":""18-24"",""gender"":""female"",""percentage"":0.007438},{""age"":""35-44"",""gender"":""unknown"",""percentage"":0.008057},{""age"":""18-24"",""gender"":""male"",""percentage"":0.012414},{""age"":""55-64"",""gender"":""female"",""percentage"":0.06978},{""age"":""45-54"",""gender"":""unknown"",""percentage"":0.006114},{""age"":""25-34"",""gender"":""male"",""percentage"":0.153991},{""age"":""35-44"",""gender"":""female"",""percentage"":0.077911},{""age"":""45-54"",""gender"":""female"",""percentage"":0.071847},{""age"":""45-54"",""gender"":""male"",""percentage"":0.143137},{""age"":""35-44"",""gender"":""male"",""percentage"":0.164882},{""age"":""55-64"",""gender"":""male"",""percentage"":0.103506},{""age"":""65+"",""gender"":""male"",""percentage"":0.050212},{""age"":""55-64"",""gender"":""unknown"",""percentage"":0.003354},{""age"":""25-34"",""gender"":""female"",""percentage"":0.089892},{""age"":""18-24"",""gender"":""unknown"",""percentage"":0.00021}","{""region"":""Los R\u00edos Region"",""percentage"":0.018866},{""region"":""Arica y Parinacota Region"",""percentage"":0.011908},{""region"":""Valpara\u00edso Region"",""percentage"":0.117894},{""region"":""Ays\u00e9n Region"",""percentage"":0.005829},{""region"":""Antofagasta Region"",""percentage"":0.034372},{""region"":""Araucan\u00eda Region"",""percentage"":0.044174},{""region"":""Atacama Region"",""percentage"":0.011194},{""region"":""B\u00edo B\u00edo Region"",""percentage"":0.08885},{""region"":""Coquimbo Region"",""percentage"":0.03031},{""region"":""O'Higgins Region"",""percentage"":0.047659},{""region"":""Los Lagos Region"",""percentage"":0.039148},{""region"":""Magallanes y la Ant\u00e1rtica Chilena Region"",""percentage"":0.014328},{""region"":""Maule Region"",""percentage"":0.049301},{""region"":""Santiago Metropolitan Region"",""percentage"":0.467064},{""region"":""Tarapac\u00e1 Region"",""percentage"":0.019104}","facebook,instagram","lower_bound: 1000001",es
447220266800362,881095048648989,"José Antonio Kast",2021-10-13,2021-10-13,2021-10-20,"José Antonio Kast Rist","Otra caricatura más: No hay nada más lejano a mi vida que los regímenes totalitarios que me intentan adosar. Les comparto parte de mi historia familiar ✌🏻","Otra caricatura más",,,"lower_bound: 350000, upper_bound: 399999","lower_bound: 900, upper_bound: 999",USD,"{""age"":""25-34"",""gender"":""unknown"",""percentage"":0.001397},{""age"":""18-24"",""gender"":""female"",""percentage"":0.009742},{""age"":""18-24"",""gender"":""unknown"",""percentage"":0.000138},{""age"":""45-54"",""gender"":""unknown"",""percentage"":0.003394},{""age"":""45-54"",""gender"":""male"",""percentage"":0.082597},{""age"":""65+"",""gender"":""female"",""percentage"":0.040075},{""age"":""55-64"",""gender"":""male"",""percentage"":0.053327},{""age"":""55-64"",""gender"":""female"",""percentage"":0.096525},{""age"":""35-44"",""gender"":""male"",""percentage"":0.114723},{""age"":""65+"",""gender"":""male"",""percentage"":0.026187},{""age"":""25-34"",""gender"":""female"",""percentage"":0.159069},{""age"":""45-54"",""gender"":""female"",""percentage"":0.131596},{""age"":""35-44"",""gender"":""unknown"",""percentage"":0.004653},{""age"":""25-34"",""gender"":""male"",""percentage"":0.100546},{""age"":""35-44"",""gender"":""female"",""percentage"":0.166471},{""age"":""18-24"",""gender"":""male"",""percentage"":0.007286},{""age"":""55-64"",""gender"":""unknown"",""percentage"":0.00157},{""age"":""65+"",""gender"":""unknown"",""percentage"":0.000703}","{""region"":""Los R\u00edos Region"",""percentage"":0.018042},{""region"":""Arica y Parinacota Region"",""percentage"":0.017023},{""region"":""Valpara\u00edso Region"",""percentage"":0.112342},{""region"":""Ays\u00e9n Region"",""percentage"":0.005091},{""region"":""Antofagasta Region"",""percentage"":0.046625},{""region"":""Araucan\u00eda Region"",""percentage"":0.060928},{""region"":""Atacama Region"",""percentage"":0.016314},{""region"":""B\u00edo B\u00edo Region"",""percentage"":0.11644},{""region"":""Coquimbo Region"",""percentage"":0.035761},{""region"":""O'Higgins Region"",""percentage"":0.049061},{""region"":""Los Lagos Region"",""percentage"":0.034584},{""region"":""Magallanes y la Ant\u00e1rtica Chilena Region"",""percentage"":0.012715},{""region"":""Maule Region"",""percentage"":0.051218},{""region"":""Santiago Metropolitan Region"",""percentage"":0.399074},{""region"":""Tarapac\u00e1 Region"",""percentage"":0.024782}","facebook,instagram","lower_bound: 1000001",es
1240778176438292,881095048648989,"José Antonio Kast",2021-10-13,2021-10-13,2021-10-20,"José Antonio Kast Rist","Otra caricatura más: No hay nada más lejano a mi vida que los regímenes totalitarios que me intentan adosar. Les comparto parte de mi historia familiar ✌🏻","Otra caricatura más",,,"lower_bound: 2000, upper_bound: 2999","lower_bound: 0, upper_bound: 99",USD,"{""age"":""55-64"",""gender"":""unknown"",""percentage"":0.000496},{""age"":""18-24"",""gender"":""unknown"",""percentage"":0.000496},{""age"":""65+"",""gender"":""male"",""percentage"":0.003968},{""age"":""45-54"",""gender"":""male"",""percentage"":0.012897},{""age"":""55-64"",""gender"":""male"",""percentage"":0.003472},{""age"":""55-64"",""gender"":""female"",""percentage"":0.02381},{""age"":""35-44"",""gender"":""male"",""percentage"":0.029762},{""age"":""18-24"",""gender"":""male"",""percentage"":0.149802},{""age"":""25-34"",""gender"":""female"",""percentage"":0.262897},{""age"":""35-44"",""gender"":""unknown"",""percentage"":0.001488},{""age"":""25-34"",""gender"":""male"",""percentage"":0.116567},{""age"":""18-24"",""gender"":""female"",""percentage"":0.234127},{""age"":""45-54"",""gender"":""female"",""percentage"":0.048611},{""age"":""35-44"",""gender"":""female"",""percentage"":0.100198},{""age"":""25-34"",""gender"":""unknown"",""percentage"":0.002976},{""age"":""45-54"",""gender"":""unknown"",""percentage"":0.001488},{""age"":""65+"",""gender"":""female"",""percentage"":0.006944}","{""region"":""Los R\u00edos Region"",""percentage"":0.022523},{""region"":""Arica y Parinacota Region"",""percentage"":0.017518},{""region"":""Valpara\u00edso Region"",""percentage"":0.094595},{""region"":""Ays\u00e9n Region"",""percentage"":0.006507},{""region"":""Antofagasta Region"",""percentage"":0.044545},{""region"":""Araucan\u00eda Region"",""percentage"":0.042042},{""region"":""Atacama Region"",""percentage"":0.024024},{""region"":""B\u00edo B\u00edo Region"",""percentage"":0.128128},{""region"":""Coquimbo Region"",""percentage"":0.046046},{""region"":""O'Higgins Region"",""percentage"":0.047047},{""region"":""Los Lagos Region"",""percentage"":0.041542},{""region"":""Magallanes y la Ant\u00e1rtica Chilena Region"",""percentage"":0.013013},{""region"":""Maule Region"",""percentage"":0.062563},{""region"":""Santiago Metropolitan Region"",""percentage"":0.388889},{""region"":""Tarapac\u00e1 Region"",""percentage"":0.021021}",instagram,"lower_bound: 100001, upper_bound: 500000",es
860060768015325,881095048648989,"José Antonio Kast",2021-10-13,2021-10-13,2021-10-26,"José Antonio Kast Rist","Un testimonio desgarrador de un chileno más que ha sido abandonado por su país. Anoche quemaron las Termas de Pemehue en Collipulli

No tengo respuesta a todo, pero si un compromiso con la verdad: si me eligen Presidente voy a combatir el terrorismo con toda la fuerza posible. 

#AtreveteAVivirEnPaz  por un Chile más seguro pinchando aquí: https://bit.ly/3ARjJIz","Combatamos el terrorismo 🇨🇱",,,"lower_bound: 90000, upper_bound: 99999","lower_bound: 200, upper_bound: 299",USD,"{""age"":""65+"",""gender"":""unknown"",""percentage"":0.001069},{""age"":""25-34"",""gender"":""male"",""percentage"":0.215181},{""age"":""65+"",""gender"":""female"",""percentage"":0.022134},{""age"":""18-24"",""gender"":""male"",""percentage"":0.016226},{""age"":""25-34"",""gender"":""female"",""percentage"":0.182129},{""age"":""55-64"",""gender"":""female"",""percentage"":0.041614},{""age"":""35-44"",""gender"":""male"",""percentage"":0.1576},{""age"":""45-54"",""gender"":""male"",""percentage"":0.098078},{""age"":""35-44"",""gender"":""female"",""percentage"":0.094565},{""age"":""18-24"",""gender"":""unknown"",""percentage"":0.000197},{""age"":""55-64"",""gender"":""male"",""percentage"":0.054597},{""age"":""45-54"",""gender"":""unknown"",""percentage"":0.004852},{""age"":""45-54"",""gender"":""female"",""percentage"":0.053909},{""age"":""65+"",""gender"":""male"",""percentage"":0.030302},{""age"":""35-44"",""gender"":""unknown"",""percentage"":0.008057},{""age"":""18-24"",""gender"":""female"",""percentage"":0.014211},{""age"":""25-34"",""gender"":""unknown"",""percentage"":0.003316},{""age"":""55-64"",""gender"":""unknown"",""percentage"":0.001965}","{""region"":""Los R\u00edos Region"",""percentage"":0.019003},{""region"":""Arica y Parinacota Region"",""percentage"":0.012795},{""region"":""Valpara\u00edso Region"",""percentage"":0.094953},{""region"":""Ays\u00e9n Region"",""percentage"":0.004416},{""region"":""Antofagasta Region"",""percentage"":0.039453},{""region"":""Araucan\u00eda Region"",""percentage"":0.041895},{""region"":""Atacama Region"",""percentage"":0.014452},{""region"":""B\u00edo B\u00edo Region"",""percentage"":0.087445},{""region"":""Coquimbo Region"",""percentage"":0.033835},{""region"":""O'Higgins Region"",""percentage"":0.045366},{""region"":""Los Lagos Region"",""percentage"":0.039674},{""region"":""Magallanes y la Ant\u00e1rtica Chilena Region"",""percentage"":0.012918},{""region"":""Maule Region"",""percentage"":0.046053},{""region"":""Santiago Metropolitan Region"",""percentage"":0.486554},{""region"":""Tarapac\u00e1 Region"",""percentage"":0.021187}","facebook,instagram","lower_bound: 1000001",es
254843979912547,881095048648989,"José Antonio Kast",2021-10-12,2021-10-12,2021-10-25,"José Antonio Kast Rist","Sobre las acusaciones  del candidato Boric: No tengo sociedades ni inversiones en el exterior.
Aparecí hace 15 años en la constitución de una sociedad donde no tuve participación ni invertí ni un peso. Fue constituida por mi hermano y él asumió la propiedad de esa sociedad para hacer inversiones en Estados Unidos. 
Seguiremos atreviéndonos a debatir con altura de miras y transparentando lo que sea necesario.",,,,"lower_bound: 450000, upper_bound: 499999","lower_bound: 1000, upper_bound: 1499",USD,"{""age"":""18-24"",""gender"":""unknown"",""percentage"":6.2e-5},{""age"":""45-54"",""gender"":""male"",""percentage"":0.060214},{""age"":""18-24"",""gender"":""male"",""percentage"":0.005263},{""age"":""65+"",""gender"":""unknown"",""percentage"":0.000623},{""age"":""55-64"",""gender"":""female"",""percentage"":0.077313},{""age"":""35-44"",""gender"":""male"",""percentage"":0.100718},{""age"":""18-24"",""gender"":""female"",""percentage"":0.012793},{""age"":""45-54"",""gender"":""female"",""percentage"":0.126856},{""age"":""25-34"",""gender"":""male"",""percentage"":0.095854},{""age"":""35-44"",""gender"":""unknown"",""percentage"":0.004915},{""age"":""25-34"",""gender"":""female"",""percentage"":0.218474},{""age"":""35-44"",""gender"":""female"",""percentage"":0.203086},{""age"":""65+"",""gender"":""male"",""percentage"":0.016149},{""age"":""55-64"",""gender"":""male"",""percentage"":0.034684},{""age"":""45-54"",""gender"":""unknown"",""percentage"":0.003206},{""age"":""65+"",""gender"":""female"",""percentage"":0.037039},{""age"":""55-64"",""gender"":""unknown"",""percentage"":0.001278},{""age"":""25-34"",""gender"":""unknown"",""percentage"":0.001473}","{""region"":""Los R\u00edos Region"",""percentage"":0.018127},{""region"":""Arica y Parinacota Region"",""percentage"":0.012703},{""region"":""Valpara\u00edso Region"",""percentage"":0.116228},{""region"":""Ays\u00e9n Region"",""percentage"":0.00513},{""region"":""Antofagasta Region"",""percentage"":0.035784},{""region"":""Araucan\u00eda Region"",""percentage"":0.043671},{""region"":""Atacama Region"",""percentage"":0.014068},{""region"":""B\u00edo B\u00edo Region"",""percentage"":0.090454},{""region"":""Coquimbo Region"",""percentage"":0.036969},{""region"":""O'Higgins Region"",""percentage"":0.048862},{""region"":""Los Lagos Region"",""percentage"":0.035127},{""region"":""Magallanes y la Ant\u00e1rtica Chilena Region"",""percentage"":0.012427},{""region"":""Maule Region"",""percentage"":0.050509},{""region"":""Santiago Metropolitan Region"",""percentage"":0.46183},{""region"":""Tarapac\u00e1 Region"",""percentage"":0.018112}","facebook,instagram","lower_bound: 1000001",es
1291599714610967,881095048648989,"José Antonio Kast",2021-10-12,2021-10-12,2021-10-25,"José Antonio Kast Rist","Sobre las acusaciones  del candidato Boric: No tengo sociedades ni inversiones en el exterior.
Aparecí hace 15 años en la constitución de una sociedad donde no tuve participación ni invertí ni un peso. Fue constituida por mi hermano y él asumió la propiedad de esa sociedad para hacer inversiones en Estados Unidos. 
Seguiremos atreviéndonos a debatir con altura de miras y transparentando lo que sea necesario.",,,,"lower_bound: 4000, upper_bound: 4999","lower_bound: 0, upper_bound: 99",USD,"{""age"":""55-64"",""gender"":""unknown"",""percentage"":0.000746},{""age"":""18-24"",""gender"":""male"",""percentage"":0.128358},{""age"":""35-44"",""gender"":""unknown"",""percentage"":0.004975},{""age"":""25-34"",""gender"":""unknown"",""percentage"":0.00398},{""age"":""65+"",""gender"":""male"",""percentage"":0.012687},{""age"":""65+"",""gender"":""female"",""percentage"":0.023383},{""age"":""35-44"",""gender"":""male"",""percentage"":0.062687},{""age"":""55-64"",""gender"":""male"",""percentage"":0.016169},{""age"":""25-34"",""gender"":""male"",""percentage"":0.174876},{""age"":""45-54"",""gender"":""unknown"",""percentage"":0.003234},{""age"":""25-34"",""gender"":""female"",""percentage"":0.236318},{""age"":""18-24"",""gender"":""female"",""percentage"":0.138806},{""age"":""35-44"",""gender"":""female"",""percentage"":0.076368},{""age"":""55-64"",""gender"":""female"",""percentage"":0.040299},{""age"":""45-54"",""gender"":""female"",""percentage"":0.04801},{""age"":""45-54"",""gender"":""male"",""percentage"":0.027612},{""age"":""18-24"",""gender"":""unknown"",""percentage"":0.001493}","{""region"":""Unknown"",""percentage"":0.000248},{""region"":""Valpara\u00edso Region"",""percentage"":0.092079},{""region"":""Ays\u00e9n Region"",""percentage"":0.005941},{""region"":""Antofagasta Region"",""percentage"":0.04901},{""region"":""Araucan\u00eda Region"",""percentage"":0.036386},{""region"":""Atacama Region"",""percentage"":0.018812},{""region"":""B\u00edo B\u00edo Region"",""percentage"":0.092079},{""region"":""O'Higgins Region"",""percentage"":0.037129},{""region"":""Maule Region"",""percentage"":0.062871},{""region"":""Santiago Metropolitan Region"",""percentage"":0.458911},{""region"":""Los R\u00edos Region"",""percentage"":0.016832},{""region"":""Arica y Parinacota Region"",""percentage"":0.010644},{""region"":""Coquimbo Region"",""percentage"":0.043564},{""region"":""Los Lagos Region"",""percentage"":0.041337},{""region"":""Magallanes y la Ant\u00e1rtica Chilena Region"",""percentage"":0.009901},{""region"":""Tarapac\u00e1 Region"",""percentage"":0.024257}",instagram,"lower_bound: 100001, upper_bound: 500000",es
217747430299132,881095048648989,"José Antonio Kast",2021-10-12,2021-10-13,2021-10-25,"José Antonio Kast Rist","“Vienen tiempos difíciles en lo social económico, no será fácil. Aquí algunos harán promesas que no podrán cumplir, y algunos otros promesas que van a dañar nuestra patria. Queremos invitarlos a recuperar un Chile en paz y en progreso, queremos un Chile mejor y para todos”. Atrévete y comencemos a recuperar Chile pinchando aquí: https://bit.ly/3kQUXCR","Debate Presidencial 2021 🇨🇱",,,"lower_bound: 50000, upper_bound: 59999","lower_bound: 100, upper_bound: 199",USD,"{""age"":""18-24"",""gender"":""unknown"",""percentage"":4.2e-5},{""age"":""45-54"",""gender"":""female"",""percentage"":0.129794},{""age"":""35-44"",""gender"":""male"",""percentage"":0.090511},{""age"":""55-64"",""gender"":""male"",""percentage"":0.043479},{""age"":""25-34"",""gender"":""female"",""percentage"":0.180668},{""age"":""25-34"",""gender"":""male"",""percentage"":0.089721},{""age"":""55-64"",""gender"":""female"",""percentage"":0.101396},{""age"":""45-54"",""gender"":""male"",""percentage"":0.062674},{""age"":""65+"",""gender"":""female"",""percentage"":0.058935},{""age"":""65+"",""gender"":""unknown"",""percentage"":0.000872},{""age"":""18-24"",""gender"":""male"",""percentage"":0.007001},{""age"":""65+"",""gender"":""male"",""percentage"":0.026881},{""age"":""45-54"",""gender"":""unknown"",""percentage"":0.003282},{""age"":""55-64"",""gender"":""unknown"",""percentage"":0.001558},{""age"":""35-44"",""gender"":""unknown"",""percentage"":0.003926},{""age"":""18-24"",""gender"":""female"",""percentage"":0.012859},{""age"":""25-34"",""gender"":""unknown"",""percentage"":0.001516},{""age"":""35-44"",""gender"":""female"",""percentage"":0.184885}","{""region"":""Los R\u00edos Region"",""percentage"":0.021538},{""region"":""Arica y Parinacota Region"",""percentage"":0.011081},{""region"":""Valpara\u00edso Region"",""percentage"":0.116066},{""region"":""Ays\u00e9n Region"",""percentage"":0.004802},{""region"":""Antofagasta Region"",""percentage"":0.034822},{""region"":""Araucan\u00eda Region"",""percentage"":0.045341},{""region"":""Atacama Region"",""percentage"":0.011975},{""region"":""B\u00edo B\u00edo Region"",""percentage"":0.083531},{""region"":""Coquimbo Region"",""percentage"":0.034032},{""region"":""O'Higgins Region"",""percentage"":0.049166},{""region"":""Los Lagos Region"",""percentage"":0.040227},{""region"":""Magallanes y la Ant\u00e1rtica Chilena Region"",""percentage"":0.014178},{""region"":""Maule Region"",""percentage"":0.049208},{""region"":""Santiago Metropolitan Region"",""percentage"":0.464721},{""region"":""Tarapac\u00e1 Region"",""percentage"":0.019313}","facebook,instagram","lower_bound: 1000001",es
306531597960942,881095048648989,"José Antonio Kast",2021-10-12,2021-10-13,2021-10-25,"José Antonio Kast Rist","“Vienen tiempos difíciles en lo social económico, no será fácil. Aquí algunos harán promesas que no podrán cumplir, y algunos otros promesas que van a dañar nuestra patria. Queremos invitarlos a recuperar un Chile en paz y en progreso, queremos un Chile mejor y para todos”. Atrévete y comencemos a recuperar Chile pinchando aquí: https://bit.ly/3kQUXCR","Debate Presidencial 2021 🇨🇱",,,"lower_bound: 2000, upper_bound: 2999","lower_bound: 0, upper_bound: 99",USD,"{""age"":""65+"",""gender"":""unknown"",""percentage"":0.000483},{""age"":""25-34"",""gender"":""unknown"",""percentage"":0.00145},{""age"":""45-54"",""gender"":""unknown"",""percentage"":0.0029},{""age"":""35-44"",""gender"":""unknown"",""percentage"":0.005317},{""age"":""65+"",""gender"":""male"",""percentage"":0.006767},{""age"":""45-54"",""gender"":""female"",""percentage"":0.074915},{""age"":""25-34"",""gender"":""female"",""percentage"":0.22813},{""age"":""35-44"",""gender"":""female"",""percentage"":0.142581},{""age"":""18-24"",""gender"":""female"",""percentage"":0.118898},{""age"":""45-54"",""gender"":""male"",""percentage"":0.029483},{""age"":""25-34"",""gender"":""male"",""percentage"":0.144031},{""age"":""18-24"",""gender"":""male"",""percentage"":0.099082},{""age"":""35-44"",""gender"":""male"",""percentage"":0.056066},{""age"":""55-64"",""gender"":""male"",""percentage"":0.01305},{""age"":""65+"",""gender"":""female"",""percentage"":0.02175},{""age"":""55-64"",""gender"":""female"",""percentage"":0.055099}","{""region"":""Los R\u00edos Region"",""percentage"":0.017383},{""region"":""Arica y Parinacota Region"",""percentage"":0.014486},{""region"":""Valpara\u00edso Region"",""percentage"":0.09126},{""region"":""Ays\u00e9n Region"",""percentage"":0.00676},{""region"":""Antofagasta Region"",""percentage"":0.047803},{""region"":""Araucan\u00eda Region"",""percentage"":0.032352},{""region"":""Atacama Region"",""percentage"":0.019314},{""region"":""Coquimbo Region"",""percentage"":0.039594},{""region"":""O'Higgins Region"",""percentage"":0.036214},{""region"":""Maule Region"",""percentage"":0.06084},{""region"":""Santiago Metropolitan Region"",""percentage"":0.458233},{""region"":""Tarapac\u00e1 Region"",""percentage"":0.028006},{""region"":""B\u00edo B\u00edo Region"",""percentage"":0.09464},{""region"":""Los Lagos Region"",""percentage"":0.042009},{""region"":""Magallanes y la Ant\u00e1rtica Chilena Region"",""percentage"":0.011106}",instagram,"lower_bound: 100001, upper_bound: 500000",es
1105569746917276,881095048648989,"José Antonio Kast",2021-10-08,2021-10-08,2021-10-22,"José Antonio Kast Rist","Por un Chile más seguro atrevámonos juntos a desterrar el narcotráfico, cerrar las puertas a las drogas y devolver los espacios a los jóvenes y niños.
#AtreveteAdesterrarElnarcotráfico  Apoya la causa para luchar contra el narcotráfico, pincha aquí: https://bit.ly/3EDi2R3/",,,,"lower_bound: 1000000","lower_bound: 3500, upper_bound: 3999",USD,"{""age"":""18-24"",""gender"":""unknown"",""percentage"":0.000111},{""age"":""35-44"",""gender"":""female"",""percentage"":0.149843},{""age"":""25-34"",""gender"":""unknown"",""percentage"":0.001872},{""age"":""18-24"",""gender"":""female"",""percentage"":0.011425},{""age"":""45-54"",""gender"":""male"",""percentage"":0.09693},{""age"":""55-64"",""gender"":""female"",""percentage"":0.0743},{""age"":""45-54"",""gender"":""female"",""percentage"":0.095866},{""age"":""25-34"",""gender"":""male"",""percentage"":0.122739},{""age"":""35-44"",""gender"":""male"",""percentage"":0.132005},{""age"":""45-54"",""gender"":""unknown"",""percentage"":0.004304},{""age"":""25-34"",""gender"":""female"",""percentage"":0.168039},{""age"":""65+"",""gender"":""female"",""percentage"":0.036469},{""age"":""55-64"",""gender"":""male"",""percentage"":0.059018},{""age"":""65+"",""gender"":""male"",""percentage"":0.029043},{""age"":""18-24"",""gender"":""male"",""percentage"":0.009178},{""age"":""35-44"",""gender"":""unknown"",""percentage"":0.00601},{""age"":""55-64"",""gender"":""unknown"",""percentage"":0.001823},{""age"":""65+"",""gender"":""unknown"",""percentage"":0.001026}","{""region"":""Los R\u00edos Region"",""percentage"":0.019817},{""region"":""Arica y Parinacota Region"",""percentage"":0.011441},{""region"":""Valpara\u00edso Region"",""percentage"":0.119625},{""region"":""Ays\u00e9n Region"",""percentage"":0.00537},{""region"":""Antofagasta Region"",""percentage"":0.03175},{""region"":""Araucan\u00eda Region"",""percentage"":0.047077},{""region"":""Atacama Region"",""percentage"":0.011557},{""region"":""B\u00edo B\u00edo Region"",""percentage"":0.087493},{""region"":""Coquimbo Region"",""percentage"":0.031718},{""region"":""O'Higgins Region"",""percentage"":0.050234},{""region"":""Los Lagos Region"",""percentage"":0.039352},{""region"":""Magallanes y la Ant\u00e1rtica Chilena Region"",""percentage"":0.013454},{""region"":""Maule Region"",""percentage"":0.051401},{""region"":""Santiago Metropolitan Region"",""percentage"":0.461638},{""region"":""Tarapac\u00e1 Region"",""percentage"":0.018073}","facebook,instagram","lower_bound: 1000001",es
171658635134555,881095048648989,"José Antonio Kast",2021-10-08,2021-10-08,2021-10-25,"José Antonio Kast Rist","Por un Chile más seguro atrevámonos juntos a desterrar el narcotráfico, cerrar las puertas a las drogas y devolver los espacios a los jóvenes y niños.
#AtreveteAdesterrarElnarcotráfico  Apoya la causa para luchar contra el narcotráfico, pincha aquí: https://bit.ly/3EDi2R3/",,,,"lower_bound: 20000, upper_bound: 24999","lower_bound: 0, upper_bound: 99",USD,"{""age"":""18-24"",""gender"":""unknown"",""percentage"":0.00021},{""age"":""18-24"",""gender"":""female"",""percentage"":0.047269},{""age"":""35-44"",""gender"":""female"",""percentage"":0.126635},{""age"":""25-34"",""gender"":""male"",""percentage"":0.124117},{""age"":""45-54"",""gender"":""male"",""percentage"":0.045661},{""age"":""45-54"",""gender"":""female"",""percentage"":0.075939},{""age"":""55-64"",""gender"":""female"",""percentage"":0.087826},{""age"":""25-34"",""gender"":""female"",""percentage"":0.277183},{""age"":""35-44"",""gender"":""male"",""percentage"":0.073142},{""age"":""65+"",""gender"":""unknown"",""percentage"":0.001608},{""age"":""25-34"",""gender"":""unknown"",""percentage"":0.002727},{""age"":""55-64"",""gender"":""unknown"",""percentage"":0.002727},{""age"":""55-64"",""gender"":""male"",""percentage"":0.03741},{""age"":""65+"",""gender"":""female"",""percentage"":0.043424},{""age"":""65+"",""gender"":""male"",""percentage"":0.020838},{""age"":""35-44"",""gender"":""unknown"",""percentage"":0.004615},{""age"":""45-54"",""gender"":""unknown"",""percentage"":0.003496},{""age"":""18-24"",""gender"":""male"",""percentage"":0.025173}","{""region"":""Los R\u00edos Region"",""percentage"":0.015984},{""region"":""Arica y Parinacota Region"",""percentage"":0.009632},{""region"":""Ays\u00e9n Region"",""percentage"":0.004467},{""region"":""Antofagasta Region"",""percentage"":0.031758},{""region"":""Atacama Region"",""percentage"":0.009911},{""region"":""Coquimbo Region"",""percentage"":0.025895},{""region"":""Los Lagos Region"",""percentage"":0.030572},{""region"":""Magallanes y la Ant\u00e1rtica Chilena Region"",""percentage"":0.009283},{""region"":""Valpara\u00edso Region"",""percentage"":0.125009},{""region"":""Araucan\u00eda Region"",""percentage"":0.056746},{""region"":""B\u00edo B\u00edo Region"",""percentage"":0.105954},{""region"":""O'Higgins Region"",""percentage"":0.050255},{""region"":""Maule Region"",""percentage"":0.058421},{""region"":""Santiago Metropolitan Region"",""percentage"":0.448245},{""region"":""Tarapac\u00e1 Region"",""percentage"":0.017868}",instagram,"lower_bound: 1000001",es
885367822418427,881095048648989,"José Antonio Kast",2021-10-08,2021-10-10,2021-10-21,"José Antonio Kast Rist","Comprometidos con la conectividad y el desarrollo regional, fuimos a #Porvenir para compartir en primera persona, las adversidades de la zona austral. 

#AtreveteAregionalizarChile Apoya la causa para que todas las regiones sean igual de importantes pinchando aquí: https://bit.ly/2XyqNeq",,,,"lower_bound: 0, upper_bound: 999","lower_bound: 0, upper_bound: 99",USD,,,instagram,"lower_bound: 100, upper_bound: 1000",es
237692925071434,881095048648989,"José Antonio Kast",2021-10-08,2021-10-08,2021-10-25,"José Antonio Kast Rist","Comprometidos con la conectividad y el desarrollo regional, fuimos a #Porvenir para compartir en primera persona, las adversidades de la zona austral. 

#AtreveteAregionalizarChile Apoya la causa para que todas las regiones sean igual de importantes pinchando aquí: https://bit.ly/2XyqNeq",,,,"lower_bound: 8000, upper_bound: 8999","lower_bound: 0, upper_bound: 99",USD,"{""age"":""55-64"",""gender"":""unknown"",""percentage"":0.000342},{""age"":""55-64"",""gender"":""female"",""percentage"":0.068011},{""age"":""35-44"",""gender"":""unknown"",""percentage"":0.003759},{""age"":""18-24"",""gender"":""male"",""percentage"":0.008544},{""age"":""25-34"",""gender"":""unknown"",""percentage"":0.002392},{""age"":""45-54"",""gender"":""unknown"",""percentage"":0.005126},{""age"":""35-44"",""gender"":""female"",""percentage"":0.15311},{""age"":""25-34"",""gender"":""female"",""percentage"":0.168489},{""age"":""65+"",""gender"":""male"",""percentage"":0.033493},{""age"":""65+"",""gender"":""unknown"",""percentage"":0.001367},{""age"":""45-54"",""gender"":""female"",""percentage"":0.089542},{""age"":""55-64"",""gender"":""male"",""percentage"":0.048189},{""age"":""25-34"",""gender"":""male"",""percentage"":0.126111},{""age"":""35-44"",""gender"":""male"",""percentage"":0.150034},{""age"":""45-54"",""gender"":""male"",""percentage"":0.098086},{""age"":""65+"",""gender"":""female"",""percentage"":0.030417},{""age"":""18-24"",""gender"":""female"",""percentage"":0.012987}","{""region"":""Santa Cruz"",""percentage"":0.005062},{""region"":""Magallanes y la Ant\u00e1rtica Chilena Region"",""percentage"":0.994938}","facebook,instagram","lower_bound: 1001, upper_bound: 5000",es
571164290817141,881095048648989,"José Antonio Kast",2021-10-07,2021-10-08,2021-10-22,"José Antonio Kast Rist","En la macrozona sur existe terrorismo. A pesar que existan algunos que sin importar las cientos de denuncias y muertes, lo siguen negando. Por las víctimas, seguiremos atreviéndonos a decir las cosas por su nombre, para volver a Recuperar el Estado de Derecho en nuestro país.

#AtreveteAVivirEnPaz Apoya la causa por un Chile más seguro pinchando aquí: https://bit.ly/3ARjJIz",,,,"lower_bound: 350000, upper_bound: 399999","lower_bound: 1000, upper_bound: 1499",USD,"{""age"":""65+"",""gender"":""unknown"",""percentage"":0.000732},{""age"":""45-54"",""gender"":""female"",""percentage"":0.113616},{""age"":""55-64"",""gender"":""unknown"",""percentage"":0.001316},{""age"":""45-54"",""gender"":""unknown"",""percentage"":0.002957},{""age"":""18-24"",""gender"":""male"",""percentage"":0.011082},{""age"":""55-64"",""gender"":""male"",""percentage"":0.049022},{""age"":""25-34"",""gender"":""unknown"",""percentage"":0.001655},{""age"":""25-34"",""gender"":""female"",""percentage"":0.18329},{""age"":""25-34"",""gender"":""male"",""percentage"":0.114443},{""age"":""35-44"",""gender"":""unknown"",""percentage"":0.004585},{""age"":""35-44"",""gender"":""female"",""percentage"":0.161736},{""age"":""45-54"",""gender"":""male"",""percentage"":0.075853},{""age"":""35-44"",""gender"":""male"",""percentage"":0.113216},{""age"":""55-64"",""gender"":""female"",""percentage"":0.085388},{""age"":""65+"",""gender"":""female"",""percentage"":0.040504},{""age"":""65+"",""gender"":""male"",""percentage"":0.02698},{""age"":""18-24"",""gender"":""female"",""percentage"":0.013503},{""age"":""18-24"",""gender"":""unknown"",""percentage"":0.000122}","{""region"":""Araucan\u00eda Region"",""percentage"":0.341193},{""region"":""B\u00edo B\u00edo Region"",""percentage"":0.658807}","facebook,instagram","lower_bound: 100001, upper_bound: 500000",es
901566130756345,881095048648989,"José Antonio Kast",2021-10-07,2021-10-08,2021-10-25,"José Antonio Kast Rist","En la macrozona sur existe terrorismo. A pesar que existan algunos que sin importar las cientos de denuncias y muertes, lo siguen negando. Por las víctimas, seguiremos atreviéndonos a decir las cosas por su nombre, para volver a Recuperar el Estado de Derecho en nuestro país.

#AtreveteAVivirEnPaz Apoya la causa por un Chile más seguro pinchando aquí: https://bit.ly/3ARjJIz",,,,"lower_bound: 3000, upper_bound: 3999","lower_bound: 0, upper_bound: 99",USD,"{""age"":""18-24"",""gender"":""unknown"",""percentage"":0.00214},{""age"":""45-54"",""gender"":""male"",""percentage"":0.032638},{""age"":""55-64"",""gender"":""male"",""percentage"":0.016586},{""age"":""65+"",""gender"":""male"",""percentage"":0.006421},{""age"":""45-54"",""gender"":""female"",""percentage"":0.049224},{""age"":""35-44"",""gender"":""male"",""percentage"":0.069021},{""age"":""18-24"",""gender"":""male"",""percentage"":0.136437},{""age"":""25-34"",""gender"":""male"",""percentage"":0.17603},{""age"":""25-34"",""gender"":""female"",""percentage"":0.211878},{""age"":""55-64"",""gender"":""unknown"",""percentage"":0.00107},{""age"":""35-44"",""gender"":""female"",""percentage"":0.103799},{""age"":""65+"",""gender"":""female"",""percentage"":0.016051},{""age"":""18-24"",""gender"":""female"",""percentage"":0.131621},{""age"":""25-34"",""gender"":""unknown"",""percentage"":0.00428},{""age"":""55-64"",""gender"":""female"",""percentage"":0.035313},{""age"":""35-44"",""gender"":""unknown"",""percentage"":0.004815},{""age"":""45-54"",""gender"":""unknown"",""percentage"":0.002675}","{""region"":""Araucan\u00eda Region"",""percentage"":0.263882},{""region"":""B\u00edo B\u00edo Region"",""percentage"":0.736118}",instagram,"lower_bound: 10001, upper_bound: 50000",es
411161353719676,881095048648989,"José Antonio Kast",2021-10-06,2021-10-07,2021-10-25,"José Antonio Kast Rist","Por un Chile más sustentable. Atrévete a mejorar tu barrio y tu comunidad con plazas, parques y zonas verdes.

Apoya la causa para recuperar nuestros barrios y comunidades pinchando aquí: https://bit.ly/39pkkoQ","Atrévete por un Chile más sustentable 🌱",,,"lower_bound: 500000, upper_bound: 599999","lower_bound: 1000, upper_bound: 1499",USD,"{""age"":""25-34"",""gender"":""unknown"",""percentage"":0.001623},{""age"":""65+"",""gender"":""female"",""percentage"":0.050198},{""age"":""65+"",""gender"":""unknown"",""percentage"":0.001317},{""age"":""35-44"",""gender"":""unknown"",""percentage"":0.005305},{""age"":""45-54"",""gender"":""male"",""percentage"":0.127453},{""age"":""25-34"",""gender"":""male"",""percentage"":0.122684},{""age"":""35-44"",""gender"":""female"",""percentage"":0.087498},{""age"":""55-64"",""gender"":""female"",""percentage"":0.106215},{""age"":""55-64"",""gender"":""male"",""percentage"":0.104936},{""age"":""18-24"",""gender"":""female"",""percentage"":0.006883},{""age"":""35-44"",""gender"":""male"",""percentage"":0.135924},{""age"":""45-54"",""gender"":""female"",""percentage"":0.09294},{""age"":""25-34"",""gender"":""female"",""percentage"":0.093313},{""age"":""65+"",""gender"":""male"",""percentage"":0.048477},{""age"":""18-24"",""gender"":""unknown"",""percentage"":0.000102},{""age"":""18-24"",""gender"":""male"",""percentage"":0.008601},{""age"":""45-54"",""gender"":""unknown"",""percentage"":0.004173},{""age"":""55-64"",""gender"":""unknown"",""percentage"":0.002359}","{""region"":""Unknown"",""percentage"":6.0e-6},{""region"":""Los R\u00edos Region"",""percentage"":0.01876},{""region"":""Arica y Parinacota Region"",""percentage"":0.008867},{""region"":""Valpara\u00edso Region"",""percentage"":0.12341},{""region"":""Ays\u00e9n Region"",""percentage"":0.005394},{""region"":""Antofagasta Region"",""percentage"":0.025426},{""region"":""Araucan\u00eda Region"",""percentage"":0.050499},{""region"":""Atacama Region"",""percentage"":0.008614},{""region"":""B\u00edo B\u00edo Region"",""percentage"":0.083488},{""region"":""Coquimbo Region"",""percentage"":0.027002},{""region"":""O'Higgins Region"",""percentage"":0.052641},{""region"":""Los Lagos Region"",""percentage"":0.038289},{""region"":""Magallanes y la Ant\u00e1rtica Chilena Region"",""percentage"":0.012979},{""region"":""Maule Region"",""percentage"":0.050912},{""region"":""Santiago Metropolitan Region"",""percentage"":0.478609},{""region"":""Tarapac\u00e1 Region"",""percentage"":0.015105}","facebook,instagram","lower_bound: 1000001",es
880333705934673,881095048648989,"José Antonio Kast",2021-10-06,2021-10-06,2021-10-21,"José Antonio Kast Rist","Por un Chile más sustentable. Atrévete a mejorar tu barrio y tu comunidad con plazas, parques y zonas verdes.

Apoya la causa para recuperar nuestros barrios y comunidades pinchando aquí: https://bit.ly/39pkkoQ","Atrévete por un Chile más sustentable 🌱",,,"lower_bound: 5000, upper_bound: 5999","lower_bound: 0, upper_bound: 99",USD,"{""age"":""65+"",""gender"":""female"",""percentage"":0.014856},{""age"":""35-44"",""gender"":""male"",""percentage"":0.059656},{""age"":""45-54"",""gender"":""unknown"",""percentage"":0.002786},{""age"":""55-64"",""gender"":""male"",""percentage"":0.013231},{""age"":""45-54"",""gender"":""male"",""percentage"":0.025766},{""age"":""35-44"",""gender"":""female"",""percentage"":0.083101},{""age"":""25-34"",""gender"":""female"",""percentage"":0.229109},{""age"":""18-24"",""gender"":""male"",""percentage"":0.141365},{""age"":""18-24"",""gender"":""female"",""percentage"":0.147168},{""age"":""35-44"",""gender"":""unknown"",""percentage"":0.005107},{""age"":""25-34"",""gender"":""male"",""percentage"":0.182683},{""age"":""45-54"",""gender"":""female"",""percentage"":0.043872},{""age"":""55-64"",""gender"":""female"",""percentage"":0.02948},{""age"":""18-24"",""gender"":""unknown"",""percentage"":0.003714},{""age"":""65+"",""gender"":""unknown"",""percentage"":0.000696},{""age"":""55-64"",""gender"":""unknown"",""percentage"":0.001393},{""age"":""25-34"",""gender"":""unknown"",""percentage"":0.005803},{""age"":""65+"",""gender"":""male"",""percentage"":0.010214}","{""region"":""Ays\u00e9n Region"",""percentage"":0.00676},{""region"":""Arica y Parinacota Region"",""percentage"":0.011655},{""region"":""Valpara\u00edso Region"",""percentage"":0.079487},{""region"":""Antofagasta Region"",""percentage"":0.04289},{""region"":""Araucan\u00eda Region"",""percentage"":0.038928},{""region"":""B\u00edo B\u00edo Region"",""percentage"":0.108858},{""region"":""Coquimbo Region"",""percentage"":0.051515},{""region"":""Los Lagos Region"",""percentage"":0.0338},{""region"":""Magallanes y la Ant\u00e1rtica Chilena Region"",""percentage"":0.010723},{""region"":""Maule Region"",""percentage"":0.0662},{""region"":""Santiago Metropolitan Region"",""percentage"":0.446853},{""region"":""Tarapac\u00e1 Region"",""percentage"":0.023543},{""region"":""Los R\u00edos Region"",""percentage"":0.019114},{""region"":""Atacama Region"",""percentage"":0.017949},{""region"":""O'Higgins Region"",""percentage"":0.041725}",instagram,"lower_bound: 100001, upper_bound: 500000",es
1023730175055511,881095048648989,"José Antonio Kast",2021-10-06,2021-10-07,2021-10-25,"José Antonio Kast Rist","La familia es el núcleo fundamental de la sociedad y la queremos fortalecer con políticas públicas concretas. Atrévete a que juntos defendamos a las familias chilenas.","Atrévete a defender la familia",,,"lower_bound: 3000, upper_bound: 3999","lower_bound: 0, upper_bound: 99",USD,"{""age"":""45-54"",""gender"":""male"",""percentage"":0.039589},{""age"":""35-44"",""gender"":""male"",""percentage"":0.069282},{""age"":""25-34"",""gender"":""unknown"",""percentage"":0.004032},{""age"":""55-64"",""gender"":""unknown"",""percentage"":0.0011},{""age"":""35-44"",""gender"":""unknown"",""percentage"":0.007698},{""age"":""55-64"",""gender"":""female"",""percentage"":0.033358},{""age"":""65+"",""gender"":""female"",""percentage"":0.016129},{""age"":""65+"",""gender"":""male"",""percentage"":0.009897},{""age"":""18-24"",""gender"":""female"",""percentage"":0.141862},{""age"":""55-64"",""gender"":""male"",""percentage"":0.018328},{""age"":""45-54"",""gender"":""female"",""percentage"":0.044355},{""age"":""25-34"",""gender"":""male"",""percentage"":0.179619},{""age"":""25-34"",""gender"":""female"",""percentage"":0.164223},{""age"":""35-44"",""gender"":""female"",""percentage"":0.094575},{""age"":""18-24"",""gender"":""male"",""percentage"":0.167889},{""age"":""45-54"",""gender"":""unknown"",""percentage"":0.003299},{""age"":""18-24"",""gender"":""unknown"",""percentage"":0.004765}","{""region"":""Ays\u00e9n Region"",""percentage"":0.0051},{""region"":""Atacama Region"",""percentage"":0.021858},{""region"":""Magallanes y la Ant\u00e1rtica Chilena Region"",""percentage"":0.011658},{""region"":""Los R\u00edos Region"",""percentage"":0.018944},{""region"":""Arica y Parinacota Region"",""percentage"":0.014208},{""region"":""Antofagasta Region"",""percentage"":0.05173},{""region"":""Araucan\u00eda Region"",""percentage"":0.03898},{""region"":""Coquimbo Region"",""percentage"":0.052459},{""region"":""Los Lagos Region"",""percentage"":0.041166},{""region"":""Tarapac\u00e1 Region"",""percentage"":0.024772},{""region"":""Valpara\u00edso Region"",""percentage"":0.084882},{""region"":""B\u00edo B\u00edo Region"",""percentage"":0.097996},{""region"":""O'Higgins Region"",""percentage"":0.043716},{""region"":""Maule Region"",""percentage"":0.068852},{""region"":""Santiago Metropolitan Region"",""percentage"":0.423679}",instagram,"lower_bound: 100001, upper_bound: 500000",es
2069781409864476,881095048648989,"José Antonio Kast",2021-10-06,2021-10-06,2021-10-26,"José Antonio Kast Rist","La familia es el núcleo fundamental de la sociedad y la queremos fortalecer con políticas públicas concretas. Atrévete a que juntos defendamos a las familias chilenas.","Atrévete a defender la familia",,,"lower_bound: 500000, upper_bound: 599999","lower_bound: 1000, upper_bound: 1499",USD,"{""age"":""65+"",""gender"":""unknown"",""percentage"":0.00115},{""age"":""25-34"",""gender"":""female"",""percentage"":0.159032},{""age"":""25-34"",""gender"":""unknown"",""percentage"":0.00206},{""age"":""45-54"",""gender"":""unknown"",""percentage"":0.004601},{""age"":""55-64"",""gender"":""unknown"",""percentage"":0.00194},{""age"":""35-44"",""gender"":""unknown"",""percentage"":0.006707},{""age"":""65+"",""gender"":""female"",""percentage"":0.039744},{""age"":""45-54"",""gender"":""female"",""percentage"":0.095788},{""age"":""35-44"",""gender"":""female"",""percentage"":0.146706},{""age"":""18-24"",""gender"":""male"",""percentage"":0.009216},{""age"":""35-44"",""gender"":""male"",""percentage"":0.139378},{""age"":""55-64"",""gender"":""male"",""percentage"":0.061656},{""age"":""55-64"",""gender"":""female"",""percentage"":0.076592},{""age"":""25-34"",""gender"":""male"",""percentage"":0.116839},{""age"":""45-54"",""gender"":""male"",""percentage"":0.095874},{""age"":""65+"",""gender"":""male"",""percentage"":0.030839},{""age"":""18-24"",""gender"":""female"",""percentage"":0.011743},{""age"":""18-24"",""gender"":""unknown"",""percentage"":0.000134}","{""region"":""Unknown"",""percentage"":3.0e-6},{""region"":""Los R\u00edos Region"",""percentage"":0.019775},{""region"":""Arica y Parinacota Region"",""percentage"":0.010068},{""region"":""Valpara\u00edso Region"",""percentage"":0.123478},{""region"":""Ays\u00e9n Region"",""percentage"":0.005419},{""region"":""Antofagasta Region"",""percentage"":0.026153},{""region"":""Araucan\u00eda Region"",""percentage"":0.047666},{""region"":""Atacama Region"",""percentage"":0.009087},{""region"":""B\u00edo B\u00edo Region"",""percentage"":0.074845},{""region"":""Coquimbo Region"",""percentage"":0.028681},{""region"":""O'Higgins Region"",""percentage"":0.050154},{""region"":""Los Lagos Region"",""percentage"":0.038561},{""region"":""Magallanes y la Ant\u00e1rtica Chilena Region"",""percentage"":0.013008},{""region"":""Maule Region"",""percentage"":0.051931},{""region"":""Santiago Metropolitan Region"",""percentage"":0.484792},{""region"":""Tarapac\u00e1 Region"",""percentage"":0.016378}","facebook,instagram","lower_bound: 1000001",es
841872953359281,881095048648989,"José Antonio Kast",2021-10-06,2021-10-06,2021-10-25,"José Antonio Kast Rist","Los habitantes de Colchane han sufrido robos y violencia producto de la crisis humanitaria -migratoria. Es fácil hablar de las fronteras cuando no conocen la realidad. 
Conoce nuestras propuestas en www.atrevetechile.cl y apoya la causa por un Chile con más oportunidades, pinchando aquí: https://bit.ly/39qZ1Ty","Atrévete por mejores oportunidades 🇨🇱",,,"lower_bound: 0, upper_bound: 999","lower_bound: 0, upper_bound: 99",USD,"{""age"":""45-54"",""gender"":""unknown"",""percentage"":0.003584},{""age"":""35-44"",""gender"":""unknown"",""percentage"":0.005376},{""age"":""45-54"",""gender"":""female"",""percentage"":0.075269},{""age"":""65+"",""gender"":""unknown"",""percentage"":0.001792},{""age"":""45-54"",""gender"":""male"",""percentage"":0.048387},{""age"":""55-64"",""gender"":""unknown"",""percentage"":0.007168},{""age"":""65+"",""gender"":""female"",""percentage"":0.03405},{""age"":""18-24"",""gender"":""female"",""percentage"":0.057348},{""age"":""25-34"",""gender"":""male"",""percentage"":0.132616},{""age"":""25-34"",""gender"":""female"",""percentage"":0.224014},{""age"":""65+"",""gender"":""male"",""percentage"":0.02509},{""age"":""55-64"",""gender"":""male"",""percentage"":0.050179},{""age"":""35-44"",""gender"":""male"",""percentage"":0.098566},{""age"":""18-24"",""gender"":""male"",""percentage"":0.037634},{""age"":""35-44"",""gender"":""female"",""percentage"":0.111111},{""age"":""55-64"",""gender"":""female"",""percentage"":0.087814}","{""region"":""Arica y Parinacota Region"",""percentage"":0.105735},{""region"":""Antofagasta Region"",""percentage"":0.329749},{""region"":""Atacama Region"",""percentage"":0.116487},{""region"":""Coquimbo Region"",""percentage"":0.265233},{""region"":""Tarapac\u00e1 Region"",""percentage"":0.182796}",instagram,"lower_bound: 100001, upper_bound: 500000",es
946825579581408,881095048648989,"José Antonio Kast",2021-10-06,2021-10-06,2021-10-26,"José Antonio Kast Rist","Los habitantes de Colchane han sufrido robos y violencia producto de la crisis humanitaria -migratoria. Es fácil hablar de las fronteras cuando no conocen la realidad. 
Conoce nuestras propuestas en www.atrevetechile.cl y apoya la causa por un Chile con más oportunidades, pinchando aquí: https://bit.ly/39qZ1Ty","Atrévete por mejores oportunidades 🇨🇱",,,"lower_bound: 250000, upper_bound: 299999","lower_bound: 700, upper_bound: 799",USD,"{""age"":""55-64"",""gender"":""unknown"",""percentage"":0.001399},{""age"":""35-44"",""gender"":""male"",""percentage"":0.123446},{""age"":""65+"",""gender"":""unknown"",""percentage"":0.000739},{""age"":""45-54"",""gender"":""male"",""percentage"":0.093779},{""age"":""55-64"",""gender"":""female"",""percentage"":0.081983},{""age"":""45-54"",""gender"":""female"",""percentage"":0.11378},{""age"":""25-34"",""gender"":""female"",""percentage"":0.16605},{""age"":""55-64"",""gender"":""male"",""percentage"":0.05873},{""age"":""25-34"",""gender"":""male"",""percentage"":0.108087},{""age"":""25-34"",""gender"":""unknown"",""percentage"":0.00147},{""age"":""65+"",""gender"":""male"",""percentage"":0.028278},{""age"":""35-44"",""gender"":""female"",""percentage"":0.153729},{""age"":""65+"",""gender"":""female"",""percentage"":0.039584},{""age"":""18-24"",""gender"":""female"",""percentage"":0.012954},{""age"":""35-44"",""gender"":""unknown"",""percentage"":0.003947},{""age"":""45-54"",""gender"":""unknown"",""percentage"":0.003198},{""age"":""18-24"",""gender"":""male"",""percentage"":0.008722},{""age"":""18-24"",""gender"":""unknown"",""percentage"":0.000125}","{""region"":""Arica y Parinacota Region"",""percentage"":0.109307},{""region"":""Antofagasta Region"",""percentage"":0.306848},{""region"":""Atacama Region"",""percentage"":0.110426},{""region"":""Coquimbo Region"",""percentage"":0.30423},{""region"":""Tarapac\u00e1 Region"",""percentage"":0.169189}","facebook,instagram","lower_bound: 100001, upper_bound: 500000",es
935755153992732,881095048648989,"José Antonio Kast",2021-10-06,2021-10-06,2021-10-21,"José Antonio Kast Rist","¡Somos atreviDos! Más de 1000 jóvenes se atrevieron a levantar las banderas de la libertad en la  plaza Pedro de Valdivia Atrévete tu también y súmate por un Chile libre.

#AtreveteAhacerHistoria 
Apoya la causa y comencemos a recuperar Chile pinchando aquí: https://bit.ly/3kQUXCR",,,,"lower_bound: 250000, upper_bound: 299999","lower_bound: 700, upper_bound: 799",USD,"{""age"":""35-44"",""gender"":""unknown"",""percentage"":0.001221},{""age"":""25-34"",""gender"":""unknown"",""percentage"":0.005128},{""age"":""18-24"",""gender"":""female"",""percentage"":0.032685},{""age"":""35-44"",""gender"":""female"",""percentage"":0.064476},{""age"":""25-34"",""gender"":""male"",""percentage"":0.298031},{""age"":""35-44"",""gender"":""male"",""percentage"":0.044208},{""age"":""18-24"",""gender"":""male"",""percentage"":0.011439},{""age"":""25-34"",""gender"":""female"",""percentage"":0.542598},{""age"":""18-24"",""gender"":""unknown"",""percentage"":0.000214}","{""region"":""Los R\u00edos Region"",""percentage"":0.018336},{""region"":""Arica y Parinacota Region"",""percentage"":0.011468},{""region"":""Valpara\u00edso Region"",""percentage"":0.12543},{""region"":""Ays\u00e9n Region"",""percentage"":0.004509},{""region"":""Antofagasta Region"",""percentage"":0.028609},{""region"":""Araucan\u00eda Region"",""percentage"":0.041091},{""region"":""Atacama Region"",""percentage"":0.009807},{""region"":""B\u00edo B\u00edo Region"",""percentage"":0.084226},{""region"":""Coquimbo Region"",""percentage"":0.029841},{""region"":""O'Higgins Region"",""percentage"":0.061787},{""region"":""Los Lagos Region"",""percentage"":0.03526},{""region"":""Magallanes y la Ant\u00e1rtica Chilena Region"",""percentage"":0.011423},{""region"":""Maule Region"",""percentage"":0.059796},{""region"":""Santiago Metropolitan Region"",""percentage"":0.462298},{""region"":""Tarapac\u00e1 Region"",""percentage"":0.016119}","facebook,instagram","lower_bound: 500001, upper_bound: 1000000",es
267950711791621,881095048648989,"José Antonio Kast",2021-10-05,2021-10-06,2021-10-20,"José Antonio Kast Rist","Para algunos es fácil hablar de inmigración y proponer fronteras abiertas, regularización y viviendas garantizadas para todos. Lo hacen, porque no conocen la realidad y no han estado en las calles enfrentando esta grave crisis humanitaria

Esta es la realidad
En primera persona

Apoya la causa por un Chile con más oportunidades, pinchando aquí: https://bit.ly/39qZ1Ty","La realidad de la crisis migratoria",,,"lower_bound: 0, upper_bound: 999","lower_bound: 0, upper_bound: 99",USD,,,instagram,"lower_bound: 1001, upper_bound: 5000",es
617175182996881,881095048648989,"José Antonio Kast",2021-10-05,2021-10-06,2021-10-21,"José Antonio Kast Rist","Para algunos es fácil hablar de inmigración y proponer fronteras abiertas, regularización y viviendas garantizadas para todos. Lo hacen, porque no conocen la realidad y no han estado en las calles enfrentando esta grave crisis humanitaria

Esta es la realidad
En primera persona

Apoya la causa por un Chile con más oportunidades, pinchando aquí: https://bit.ly/39qZ1Ty","La realidad de la crisis migratoria",,,"lower_bound: 30000, upper_bound: 34999","lower_bound: 0, upper_bound: 99",USD,"{""age"":""55-64"",""gender"":""unknown"",""percentage"":0.001257},{""age"":""45-54"",""gender"":""male"",""percentage"":0.09396},{""age"":""18-24"",""gender"":""female"",""percentage"":0.010128},{""age"":""55-64"",""gender"":""male"",""percentage"":0.064094},{""age"":""55-64"",""gender"":""female"",""percentage"":0.08021},{""age"":""35-44"",""gender"":""unknown"",""percentage"":0.004509},{""age"":""25-34"",""gender"":""female"",""percentage"":0.172913},{""age"":""45-54"",""gender"":""female"",""percentage"":0.111776},{""age"":""25-34"",""gender"":""male"",""percentage"":0.110372},{""age"":""25-34"",""gender"":""unknown"",""percentage"":0.001479},{""age"":""35-44"",""gender"":""female"",""percentage"":0.149922},{""age"":""35-44"",""gender"":""male"",""percentage"":0.122496},{""age"":""65+"",""gender"":""female"",""percentage"":0.038442},{""age"":""65+"",""gender"":""male"",""percentage"":0.02617},{""age"":""45-54"",""gender"":""unknown"",""percentage"":0.003918},{""age"":""65+"",""gender"":""unknown"",""percentage"":0.001183},{""age"":""18-24"",""gender"":""male"",""percentage"":0.007171}","{""region"":""Atacama Region"",""percentage"":1}","facebook,instagram","lower_bound: 10001, upper_bound: 50000",es
419029616261121,881095048648989,"José Antonio Kast",2021-10-05,2021-10-06,2021-10-25,"José Antonio Kast Rist","Para algunos es fácil hablar de inmigración y proponer fronteras abiertas, regularización y viviendas garantizadas para todos. Lo hacen, porque no conocen la realidad y no han estado en las calles enfrentando esta grave crisis humanitaria

Esta es la realidad
En primera persona

Apoya la causa por un Chile con más oportunidades, pinchando aquí: https://bit.ly/39qZ1Ty","La realidad de la crisis migratoria",,,"lower_bound: 0, upper_bound: 999","lower_bound: 0, upper_bound: 99",USD,"{""age"":""55-64"",""gender"":""male"",""percentage"":0.006803},{""age"":""55-64"",""gender"":""unknown"",""percentage"":0.006803},{""age"":""45-54"",""gender"":""female"",""percentage"":0.040816},{""age"":""18-24"",""gender"":""female"",""percentage"":0.190476},{""age"":""18-24"",""gender"":""male"",""percentage"":0.156463},{""age"":""25-34"",""gender"":""female"",""percentage"":0.204082},{""age"":""35-44"",""gender"":""male"",""percentage"":0.040816},{""age"":""35-44"",""gender"":""female"",""percentage"":0.068027},{""age"":""25-34"",""gender"":""male"",""percentage"":0.217687},{""age"":""45-54"",""gender"":""male"",""percentage"":0.047619},{""age"":""55-64"",""gender"":""female"",""percentage"":0.020408}","{""region"":""Antofagasta Region"",""percentage"":1}",instagram,"lower_bound: 10001, upper_bound: 50000",es
1060169514721655,881095048648989,"José Antonio Kast",2021-10-05,2021-10-06,2021-10-25,"José Antonio Kast Rist","Para algunos es fácil hablar de inmigración y proponer fronteras abiertas, regularización y viviendas garantizadas para todos. Lo hacen, porque no conocen la realidad y no han estado en las calles enfrentando esta grave crisis humanitaria

Esta es la realidad
En primera persona

Apoya la causa por un Chile con más oportunidades, pinchando aquí: https://bit.ly/39qZ1Ty","La realidad de la crisis migratoria",,,"lower_bound: 70000, upper_bound: 79999","lower_bound: 200, upper_bound: 299",USD,"{""age"":""18-24"",""gender"":""unknown"",""percentage"":9.4e-5},{""age"":""25-34"",""gender"":""male"",""percentage"":0.118801},{""age"":""65+"",""gender"":""male"",""percentage"":0.026397},{""age"":""18-24"",""gender"":""female"",""percentage"":0.010295},{""age"":""45-54"",""gender"":""unknown"",""percentage"":0.003672},{""age"":""55-64"",""gender"":""female"",""percentage"":0.073478},{""age"":""55-64"",""gender"":""male"",""percentage"":0.059605},{""age"":""35-44"",""gender"":""unknown"",""percentage"":0.004739},{""age"":""35-44"",""gender"":""male"",""percentage"":0.150816},{""age"":""65+"",""gender"":""unknown"",""percentage"":0.000753},{""age"":""45-54"",""gender"":""female"",""percentage"":0.107972},{""age"":""45-54"",""gender"":""male"",""percentage"":0.108475},{""age"":""25-34"",""gender"":""female"",""percentage"":0.151758},{""age"":""65+"",""gender"":""female"",""percentage"":0.033051},{""age"":""35-44"",""gender"":""female"",""percentage"":0.139454},{""age"":""18-24"",""gender"":""male"",""percentage"":0.007721},{""age"":""25-34"",""gender"":""unknown"",""percentage"":0.001538},{""age"":""55-64"",""gender"":""unknown"",""percentage"":0.001381}","{""region"":""Antofagasta Region"",""percentage"":1}","facebook,instagram","lower_bound: 50001, upper_bound: 100000",es
339137164645281,881095048648989,"José Antonio Kast",2021-10-05,2021-10-06,2021-10-21,"José Antonio Kast Rist","Para algunos es fácil hablar de inmigración y proponer fronteras abiertas, regularización y viviendas garantizadas para todos. Lo hacen, porque no conocen la realidad y no han estado en las calles enfrentando esta grave crisis humanitaria

Esta es la realidad
En primera persona

Apoya la causa por un Chile con más oportunidades, pinchando aquí: https://bit.ly/39qZ1Ty","La realidad de la crisis migratoria",,,"lower_bound: 30000, upper_bound: 34999","lower_bound: 0, upper_bound: 99",USD,"{""age"":""18-24"",""gender"":""unknown"",""percentage"":7.1e-5},{""age"":""35-44"",""gender"":""female"",""percentage"":0.167378},{""age"":""18-24"",""gender"":""female"",""percentage"":0.01444},{""age"":""65+"",""gender"":""male"",""percentage"":0.033077},{""age"":""55-64"",""gender"":""male"",""percentage"":0.05456},{""age"":""35-44"",""gender"":""male"",""percentage"":0.121426},{""age"":""25-34"",""gender"":""female"",""percentage"":0.172357},{""age"":""45-54"",""gender"":""male"",""percentage"":0.082586},{""age"":""45-54"",""gender"":""female"",""percentage"":0.100868},{""age"":""65+"",""gender"":""unknown"",""percentage"":0.000782},{""age"":""35-44"",""gender"":""unknown"",""percentage"":0.003486},{""age"":""25-34"",""gender"":""male"",""percentage"":0.113316},{""age"":""55-64"",""gender"":""female"",""percentage"":0.075971},{""age"":""65+"",""gender"":""female"",""percentage"":0.04389},{""age"":""18-24"",""gender"":""male"",""percentage"":0.010101},{""age"":""45-54"",""gender"":""unknown"",""percentage"":0.003059},{""age"":""25-34"",""gender"":""unknown"",""percentage"":0.001565},{""age"":""55-64"",""gender"":""unknown"",""percentage"":0.001067}","{""region"":""Arica y Parinacota Region"",""percentage"":0.99403},{""region"":""Tacna Region"",""percentage"":0.00597}","facebook,instagram","lower_bound: 10001, upper_bound: 50000",es
1540063559672716,881095048648989,"José Antonio Kast",2021-10-05,2021-10-06,2021-10-21,"José Antonio Kast Rist","Para algunos es fácil hablar de inmigración y proponer fronteras abiertas, regularización y viviendas garantizadas para todos. Lo hacen, porque no conocen la realidad y no han estado en las calles enfrentando esta grave crisis humanitaria

Esta es la realidad
En primera persona

Apoya la causa por un Chile con más oportunidades, pinchando aquí: https://bit.ly/39qZ1Ty","La realidad de la crisis migratoria",,,"lower_bound: 0, upper_bound: 999","lower_bound: 0, upper_bound: 99",USD,,,instagram,"lower_bound: 1001, upper_bound: 5000",es
1829759257196624,881095048648989,"José Antonio Kast",2021-10-01,2021-10-01,2021-10-20,"José Antonio Kast Rist","¡Somos atreviDos! Más de 1000 jóvenes se atrevieron a levantar las banderas de la libertad en la  plaza Pedro de Valdivia Atrévete tu también y súmate por un Chile libre.

#AtreveteAhacerHistoria 
Apoya la causa y comencemos a recuperar Chile pinchando aquí: https://bit.ly/3kQUXCR",,,,"lower_bound: 35000, upper_bound: 39999","lower_bound: 100, upper_bound: 199",USD,"{""age"":""45-54"",""gender"":""unknown"",""percentage"":0.004636},{""age"":""18-24"",""gender"":""male"",""percentage"":0.088216},{""age"":""18-24"",""gender"":""unknown"",""percentage"":0.004867},{""age"":""35-44"",""gender"":""unknown"",""percentage"":0.006675},{""age"":""55-64"",""gender"":""unknown"",""percentage"":0.002828},{""age"":""65+"",""gender"":""unknown"",""percentage"":0.001159},{""age"":""25-34"",""gender"":""unknown"",""percentage"":0.006444},{""age"":""18-24"",""gender"":""female"",""percentage"":0.092666},{""age"":""65+"",""gender"":""female"",""percentage"":0.029668},{""age"":""55-64"",""gender"":""male"",""percentage"":0.026748},{""age"":""45-54"",""gender"":""male"",""percentage"":0.045197},{""age"":""35-44"",""gender"":""male"",""percentage"":0.070462},{""age"":""55-64"",""gender"":""female"",""percentage"":0.065177},{""age"":""25-34"",""gender"":""female"",""percentage"":0.21718},{""age"":""35-44"",""gender"":""female"",""percentage"":0.111765},{""age"":""25-34"",""gender"":""male"",""percentage"":0.1355},{""age"":""45-54"",""gender"":""female"",""percentage"":0.077415},{""age"":""65+"",""gender"":""male"",""percentage"":0.013351},{""age"":""13-17"",""gender"":""unknown"",""percentage"":4.6e-5}","{""region"":""Unknown"",""percentage"":0.000512},{""region"":""Arica y Parinacota Region"",""percentage"":0.011738},{""region"":""Magallanes y la Ant\u00e1rtica Chilena Region"",""percentage"":0.010061},{""region"":""Valpara\u00edso Region"",""percentage"":0.080166},{""region"":""Ays\u00e9n Region"",""percentage"":0.005869},{""region"":""Antofagasta Region"",""percentage"":0.041038},{""region"":""Atacama Region"",""percentage"":0.015232},{""region"":""O'Higgins Region"",""percentage"":0.03624},{""region"":""Maule Region"",""percentage"":0.053894},{""region"":""Santiago Metropolitan Region"",""percentage"":0.480157},{""region"":""Los R\u00edos Region"",""percentage"":0.017188},{""region"":""B\u00edo B\u00edo Region"",""percentage"":0.107416},{""region"":""Coquimbo Region"",""percentage"":0.042342},{""region"":""Araucan\u00eda Region"",""percentage"":0.039687},{""region"":""Los Lagos Region"",""percentage"":0.0361},{""region"":""Tarapac\u00e1 Region"",""percentage"":0.022359}",instagram,"lower_bound: 100001, upper_bound: 500000",es
2722769351363976,881095048648989,"José Antonio Kast",2021-10-01,2021-10-01,2021-10-07,"José Antonio Kast Rist","¡Somos atreviDos! Más de 1000 jóvenes se atrevieron a levantar las banderas de la libertad en la  plaza Pedro de Valdivia Atrévete tu también y súmate por un Chile libre.

#AtreveteAhacerHistoria 
Apoya la causa y comencemos a recuperar Chile pinchando aquí: https://bit.ly/3kQUXCR",,,,"lower_bound: 400000, upper_bound: 449999","lower_bound: 2500, upper_bound: 2999",USD,"{""age"":""18-24"",""gender"":""unknown"",""percentage"":0.00055},{""age"":""25-34"",""gender"":""female"",""percentage"":0.606495},{""age"":""25-34"",""gender"":""male"",""percentage"":0.253139},{""age"":""18-24"",""gender"":""female"",""percentage"":0.104164},{""age"":""25-34"",""gender"":""unknown"",""percentage"":0.003415},{""age"":""18-24"",""gender"":""male"",""percentage"":0.032237}","{""region"":""Los R\u00edos Region"",""percentage"":0.016113},{""region"":""Arica y Parinacota Region"",""percentage"":0.010659},{""region"":""Valpara\u00edso Region"",""percentage"":0.110663},{""region"":""Ays\u00e9n Region"",""percentage"":0.003425},{""region"":""Antofagasta Region"",""percentage"":0.031807},{""region"":""Araucan\u00eda Region"",""percentage"":0.039361},{""region"":""Atacama Region"",""percentage"":0.009821},{""region"":""B\u00edo B\u00edo Region"",""percentage"":0.105679},{""region"":""Coquimbo Region"",""percentage"":0.035047},{""region"":""O'Higgins Region"",""percentage"":0.053689},{""region"":""Los Lagos Region"",""percentage"":0.036922},{""region"":""Magallanes y la Ant\u00e1rtica Chilena Region"",""percentage"":0.007072},{""region"":""Maule Region"",""percentage"":0.048925},{""region"":""Santiago Metropolitan Region"",""percentage"":0.474816},{""region"":""Tarapac\u00e1 Region"",""percentage"":0.016}","facebook,instagram","lower_bound: 100001, upper_bound: 500000",es
4429890897124195,881095048648989,"José Antonio Kast",2021-09-28,2021-09-28,2021-09-29,"José Antonio Kast Rist","¡Somos atreviDos! Más de 1000 jóvenes se atrevieron a levantar las banderas de la libertad en la  plaza Pedro de Valdivia Atrévete tu también y súmate por un Chile libre.

#AtreveteAhacerHistoria 
Apoya la causa y comencemos a recuperar Chile pinchando aquí: https://bit.ly/3kQUXCR",,,,"lower_bound: 0, upper_bound: 999","lower_bound: 0, upper_bound: 99",USD,"{""age"":""25-34"",""gender"":""female"",""percentage"":0.485294},{""age"":""25-34"",""gender"":""male"",""percentage"":0.189076},{""age"":""18-24"",""gender"":""female"",""percentage"":0.210084},{""age"":""18-24"",""gender"":""male"",""percentage"":0.111345},{""age"":""18-24"",""gender"":""unknown"",""percentage"":0.002101},{""age"":""25-34"",""gender"":""unknown"",""percentage"":0.002101}","{""region"":""Los R\u00edos Region"",""percentage"":0.016807},{""region"":""Arica y Parinacota Region"",""percentage"":0.023109},{""region"":""Valpara\u00edso Region"",""percentage"":0.113445},{""region"":""Ays\u00e9n Region"",""percentage"":0.006303},{""region"":""Antofagasta Region"",""percentage"":0.033613},{""region"":""Araucan\u00eda Region"",""percentage"":0.052521},{""region"":""Atacama Region"",""percentage"":0.004202},{""region"":""B\u00edo B\u00edo Region"",""percentage"":0.142857},{""region"":""Coquimbo Region"",""percentage"":0.029412},{""region"":""O'Higgins Region"",""percentage"":0.081933},{""region"":""Los Lagos Region"",""percentage"":0.039916},{""region"":""Magallanes y la Ant\u00e1rtica Chilena Region"",""percentage"":0.010504},{""region"":""Maule Region"",""percentage"":0.052521},{""region"":""Santiago Metropolitan Region"",""percentage"":0.369748},{""region"":""Tarapac\u00e1 Region"",""percentage"":0.023109}",instagram,"lower_bound: 100001, upper_bound: 500000",es
230284729158420,881095048648989,"José Antonio Kast",2021-09-28,2021-09-28,2021-09-29,"José Antonio Kast Rist","¡Somos atreviDos! Más de 1000 jóvenes se atrevieron a levantar las banderas de la libertad en la  plaza Pedro de Valdivia Atrévete tu también y súmate por un Chile libre.

#AtreveteAhacerHistoria 
Apoya la causa y comencemos a recuperar Chile pinchando aquí: https://bit.ly/3kQUXCR",,,,"lower_bound: 25000, upper_bound: 29999","lower_bound: 0, upper_bound: 99",USD,"{""age"":""18-24"",""gender"":""unknown"",""percentage"":0.000446},{""age"":""25-34"",""gender"":""female"",""percentage"":0.536409},{""age"":""18-24"",""gender"":""male"",""percentage"":0.036214},{""age"":""25-34"",""gender"":""male"",""percentage"":0.34988},{""age"":""18-24"",""gender"":""female"",""percentage"":0.072595},{""age"":""25-34"",""gender"":""unknown"",""percentage"":0.004457}","{""region"":""Los R\u00edos Region"",""percentage"":0.02285},{""region"":""Arica y Parinacota Region"",""percentage"":0.014759},{""region"":""Valpara\u00edso Region"",""percentage"":0.123768},{""region"":""Ays\u00e9n Region"",""percentage"":0.005128},{""region"":""Antofagasta Region"",""percentage"":0.030657},{""region"":""Araucan\u00eda Region"",""percentage"":0.050487},{""region"":""Atacama Region"",""percentage"":0.010314},{""region"":""B\u00edo B\u00edo Region"",""percentage"":0.129181},{""region"":""Coquimbo Region"",""percentage"":0.032594},{""region"":""O'Higgins Region"",""percentage"":0.066044},{""region"":""Los Lagos Region"",""percentage"":0.039888},{""region"":""Magallanes y la Ant\u00e1rtica Chilena Region"",""percentage"":0.008889},{""region"":""Maule Region"",""percentage"":0.054932},{""region"":""Santiago Metropolitan Region"",""percentage"":0.39347},{""region"":""Tarapac\u00e1 Region"",""percentage"":0.017038}","facebook,instagram","lower_bound: 100001, upper_bound: 500000",es
1066895870716117,881095048648989,"José Antonio Kast",2021-09-28,2021-09-29,2021-09-30,"José Antonio Kast Rist","Todo Chile debe pedir perdón a las víctimas que han sido violentadas precisamente por algunos instigadores -algunos de los que valoran lo que llaman revuelta popular- esos actos de vandalismo tienen víctimas a ellos les pediremos perdón. #DebateChvCnn #AtreveteConKast #AtreveteAVivirEnPaz 
Apoya la causa por un Chile más seguro pinchando aquí: https://bit.ly/3ARjJIz","Perdón a las verdaderas victimas 🇨🇱 #AtréveteConKast",,,"lower_bound: 30000, upper_bound: 34999","lower_bound: 0, upper_bound: 99",USD,"{""age"":""65+"",""gender"":""female"",""percentage"":0.031257},{""age"":""35-44"",""gender"":""unknown"",""percentage"":0.007231},{""age"":""25-34"",""gender"":""unknown"",""percentage"":0.002975},{""age"":""18-24"",""gender"":""male"",""percentage"":0.016841},{""age"":""55-64"",""gender"":""unknown"",""percentage"":0.001876},{""age"":""45-54"",""gender"":""unknown"",""percentage"":0.004897},{""age"":""45-54"",""gender"":""female"",""percentage"":0.038717},{""age"":""65+"",""gender"":""unknown"",""percentage"":0.001831},{""age"":""18-24"",""gender"":""female"",""percentage"":0.013272},{""age"":""35-44"",""gender"":""female"",""percentage"":0.101643},{""age"":""55-64"",""gender"":""male"",""percentage"":0.072491},{""age"":""25-34"",""gender"":""male"",""percentage"":0.203149},{""age"":""35-44"",""gender"":""male"",""percentage"":0.168093},{""age"":""55-64"",""gender"":""female"",""percentage"":0.03652},{""age"":""65+"",""gender"":""male"",""percentage"":0.055558},{""age"":""25-34"",""gender"":""female"",""percentage"":0.15267},{""age"":""45-54"",""gender"":""male"",""percentage"":0.090614},{""age"":""18-24"",""gender"":""unknown"",""percentage"":0.000366}","{""region"":""Los R\u00edos Region"",""percentage"":0.022984},{""region"":""Arica y Parinacota Region"",""percentage"":0.012943},{""region"":""Valpara\u00edso Region"",""percentage"":0.12542},{""region"":""Ays\u00e9n Region"",""percentage"":0.005757},{""region"":""Antofagasta Region"",""percentage"":0.033946},{""region"":""Araucan\u00eda Region"",""percentage"":0.052093},{""region"":""Atacama Region"",""percentage"":0.013357},{""region"":""B\u00edo B\u00edo Region"",""percentage"":0.113122},{""region"":""Coquimbo Region"",""percentage"":0.033531},{""region"":""O'Higgins Region"",""percentage"":0.053521},{""region"":""Los Lagos Region"",""percentage"":0.047349},{""region"":""Magallanes y la Ant\u00e1rtica Chilena Region"",""percentage"":0.013634},{""region"":""Maule Region"",""percentage"":0.051034},{""region"":""Santiago Metropolitan Region"",""percentage"":0.397771},{""region"":""Tarapac\u00e1 Region"",""percentage"":0.023536}","facebook,instagram","lower_bound: 1000001",es
963063561091406,881095048648989,"José Antonio Kast",2021-09-28,2021-09-28,2021-09-30,"José Antonio Kast Rist","La libertad no está muerta.
Atrévete a defenderla, sin miedo y con fuerza.

Por ti, por mí, por Chile

#AtrevetePorKast",,,,"lower_bound: 20000, upper_bound: 24999","lower_bound: 0, upper_bound: 99",USD,"{""age"":""65+"",""gender"":""unknown"",""percentage"":0.000632},{""age"":""25-34"",""gender"":""unknown"",""percentage"":0.006371},{""age"":""35-44"",""gender"":""unknown"",""percentage"":0.002053},{""age"":""45-54"",""gender"":""male"",""percentage"":0.014743},{""age"":""35-44"",""gender"":""female"",""percentage"":0.024063},{""age"":""45-54"",""gender"":""female"",""percentage"":0.012374},{""age"":""45-54"",""gender"":""unknown"",""percentage"":0.000948},{""age"":""35-44"",""gender"":""male"",""percentage"":0.039859},{""age"":""18-24"",""gender"":""female"",""percentage"":0.192239},{""age"":""55-64"",""gender"":""male"",""percentage"":0.009267},{""age"":""18-24"",""gender"":""male"",""percentage"":0.371314},{""age"":""18-24"",""gender"":""unknown"",""percentage"":0.023115},{""age"":""25-34"",""gender"":""female"",""percentage"":0.085826},{""age"":""25-34"",""gender"":""male"",""percentage"":0.190607},{""age"":""55-64"",""gender"":""unknown"",""percentage"":0.001},{""age"":""65+"",""gender"":""male"",""percentage"":0.009794},{""age"":""55-64"",""gender"":""female"",""percentage"":0.009425},{""age"":""65+"",""gender"":""female"",""percentage"":0.006371}","{""region"":""Unknown"",""percentage"":0.000415},{""region"":""Los R\u00edos Region"",""percentage"":0.019904},{""region"":""Arica y Parinacota Region"",""percentage"":0.013476},{""region"":""Valpara\u00edso Region"",""percentage"":0.090862},{""region"":""Ays\u00e9n Region"",""percentage"":0.004769},{""region"":""Antofagasta Region"",""percentage"":0.036386},{""region"":""Araucan\u00eda Region"",""percentage"":0.045768},{""region"":""Atacama Region"",""percentage"":0.017053},{""region"":""B\u00edo B\u00edo Region"",""percentage"":0.115638},{""region"":""Coquimbo Region"",""percentage"":0.04214},{""region"":""O'Higgins Region"",""percentage"":0.0495},{""region"":""Los Lagos Region"",""percentage"":0.0396},{""region"":""Magallanes y la Ant\u00e1rtica Chilena Region"",""percentage"":0.009226},{""region"":""Maule Region"",""percentage"":0.071425},{""region"":""Santiago Metropolitan Region"",""percentage"":0.423003},{""region"":""Tarapac\u00e1 Region"",""percentage"":0.020837}",instagram,"lower_bound: 1000001",es
2897833697151034,881095048648989,"José Antonio Kast",2021-09-28,2021-09-28,2021-09-29,"José Antonio Kast Rist","Todo Chile debe pedir perdón a las víctimas que han sido violentadas precisamente por algunos instigadores -algunos de los que valoran lo que llaman revuelta popular- esos actos de vandalismo tienen víctimas a ellos les pediremos perdón. #DebateChvCnn #AtreveteConKast","Perdón a las verdaderas victimas 🇨🇱 #AtréveteConKast",,,"lower_bound: 0, upper_bound: 999","lower_bound: 0, upper_bound: 99",USD,"{""age"":""35-44"",""gender"":""unknown"",""percentage"":0.001252},{""age"":""45-54"",""gender"":""male"",""percentage"":0.013767},{""age"":""65+"",""gender"":""female"",""percentage"":0.007509},{""age"":""65+"",""gender"":""male"",""percentage"":0.010013},{""age"":""25-34"",""gender"":""male"",""percentage"":0.190238},{""age"":""18-24"",""gender"":""male"",""percentage"":0.456821},{""age"":""25-34"",""gender"":""female"",""percentage"":0.031289},{""age"":""18-24"",""gender"":""female"",""percentage"":0.152691},{""age"":""55-64"",""gender"":""female"",""percentage"":0.002503},{""age"":""35-44"",""gender"":""male"",""percentage"":0.031289},{""age"":""55-64"",""gender"":""unknown"",""percentage"":0.002503},{""age"":""18-24"",""gender"":""unknown"",""percentage"":0.055069},{""age"":""35-44"",""gender"":""female"",""percentage"":0.013767},{""age"":""45-54"",""gender"":""female"",""percentage"":0.007509},{""age"":""25-34"",""gender"":""unknown"",""percentage"":0.015019},{""age"":""55-64"",""gender"":""male"",""percentage"":0.008761}","{""region"":""Los R\u00edos Region"",""percentage"":0.013699},{""region"":""Arica y Parinacota Region"",""percentage"":0.023661},{""region"":""Valpara\u00edso Region"",""percentage"":0.07721},{""region"":""Ays\u00e9n Region"",""percentage"":0.007472},{""region"":""Antofagasta Region"",""percentage"":0.024907},{""region"":""Araucan\u00eda Region"",""percentage"":0.032379},{""region"":""Atacama Region"",""percentage"":0.01868},{""region"":""B\u00edo B\u00edo Region"",""percentage"":0.135741},{""region"":""Coquimbo Region"",""percentage"":0.064757},{""region"":""O'Higgins Region"",""percentage"":0.057285},{""region"":""Los Lagos Region"",""percentage"":0.036115},{""region"":""Magallanes y la Ant\u00e1rtica Chilena Region"",""percentage"":0.011208},{""region"":""Maule Region"",""percentage"":0.052304},{""region"":""Santiago Metropolitan Region"",""percentage"":0.414695},{""region"":""Tarapac\u00e1 Region"",""percentage"":0.029888}",instagram,"lower_bound: 1000001",es
238802321525866,881095048648989,"José Antonio Kast",2021-09-22,2021-09-22,2021-09-28,"José Antonio Kast Rist","La libertad no está muerta.
Atrévete a defenderla, sin miedo y con fuerza.

Por ti, por mí, por Chile

#AtrevetePorKast",,,,"lower_bound: 90000, upper_bound: 99999","lower_bound: 100, upper_bound: 199",USD,"{""age"":""55-64"",""gender"":""unknown"",""percentage"":0.002262},{""age"":""25-34"",""gender"":""male"",""percentage"":0.198429},{""age"":""55-64"",""gender"":""male"",""percentage"":0.009969},{""age"":""25-34"",""gender"":""unknown"",""percentage"":0.01808},{""age"":""45-54"",""gender"":""female"",""percentage"":0.012231},{""age"":""65+"",""gender"":""unknown"",""percentage"":0.001858},{""age"":""65+"",""gender"":""female"",""percentage"":0.006883},{""age"":""18-24"",""gender"":""unknown"",""percentage"":0.049506},{""age"":""18-24"",""gender"":""female"",""percentage"":0.181173},{""age"":""55-64"",""gender"":""female"",""percentage"":0.01068},{""age"":""18-24"",""gender"":""male"",""percentage"":0.32226},{""age"":""45-54"",""gender"":""male"",""percentage"":0.016335},{""age"":""25-34"",""gender"":""female"",""percentage"":0.084778},{""age"":""35-44"",""gender"":""female"",""percentage"":0.024527},{""age"":""35-44"",""gender"":""male"",""percentage"":0.04377},{""age"":""35-44"",""gender"":""unknown"",""percentage"":0.005736},{""age"":""65+"",""gender"":""male"",""percentage"":0.008725},{""age"":""45-54"",""gender"":""unknown"",""percentage"":0.002795}","{""region"":""Unknown"",""percentage"":0.00047},{""region"":""Los R\u00edos Region"",""percentage"":0.019258},{""region"":""Arica y Parinacota Region"",""percentage"":0.011803},{""region"":""Valpara\u00edso Region"",""percentage"":0.096358},{""region"":""Ays\u00e9n Region"",""percentage"":0.004718},{""region"":""Antofagasta Region"",""percentage"":0.036518},{""region"":""Araucan\u00eda Region"",""percentage"":0.045837},{""region"":""Atacama Region"",""percentage"":0.016186},{""region"":""B\u00edo B\u00edo Region"",""percentage"":0.112477},{""region"":""Coquimbo Region"",""percentage"":0.041723},{""region"":""O'Higgins Region"",""percentage"":0.048406},{""region"":""Los Lagos Region"",""percentage"":0.040682},{""region"":""Magallanes y la Ant\u00e1rtica Chilena Region"",""percentage"":0.009268},{""region"":""Maule Region"",""percentage"":0.065481},{""region"":""Santiago Metropolitan Region"",""percentage"":0.430733},{""region"":""Tarapac\u00e1 Region"",""percentage"":0.020081}",instagram,"lower_bound: 1000001",es
1511760475866846,881095048648989,"José Antonio Kast",2021-09-22,2021-09-22,2021-09-30,"José Antonio Kast Rist","La libertad no está muerta.
Atrévete a defenderla, sin miedo y con fuerza.

Por ti, por mí, por Chile

#AtrevetePorKast",,,,"lower_bound: 700000, upper_bound: 799999","lower_bound: 1500, upper_bound: 1999",USD,"{""age"":""18-24"",""gender"":""unknown"",""percentage"":0.00053},{""age"":""18-24"",""gender"":""male"",""percentage"":0.015761},{""age"":""25-34"",""gender"":""unknown"",""percentage"":0.002414},{""age"":""45-54"",""gender"":""female"",""percentage"":0.083785},{""age"":""35-44"",""gender"":""female"",""percentage"":0.15577},{""age"":""25-34"",""gender"":""male"",""percentage"":0.137381},{""age"":""25-34"",""gender"":""female"",""percentage"":0.179347},{""age"":""55-64"",""gender"":""female"",""percentage"":0.053242},{""age"":""65+"",""gender"":""male"",""percentage"":0.034573},{""age"":""45-54"",""gender"":""unknown"",""percentage"":0.004592},{""age"":""45-54"",""gender"":""male"",""percentage"":0.081749},{""age"":""18-24"",""gender"":""female"",""percentage"":0.015826},{""age"":""35-44"",""gender"":""male"",""percentage"":0.135743},{""age"":""65+"",""gender"":""female"",""percentage"":0.036586},{""age"":""55-64"",""gender"":""male"",""percentage"":0.053031},{""age"":""35-44"",""gender"":""unknown"",""percentage"":0.006777},{""age"":""55-64"",""gender"":""unknown"",""percentage"":0.001713},{""age"":""65+"",""gender"":""unknown"",""percentage"":0.001181}","{""region"":""Los R\u00edos Region"",""percentage"":0.019589},{""region"":""Arica y Parinacota Region"",""percentage"":0.011494},{""region"":""Valpara\u00edso Region"",""percentage"":0.120722},{""region"":""Ays\u00e9n Region"",""percentage"":0.004712},{""region"":""Antofagasta Region"",""percentage"":0.032534},{""region"":""Araucan\u00eda Region"",""percentage"":0.043275},{""region"":""Atacama Region"",""percentage"":0.012214},{""region"":""B\u00edo B\u00edo Region"",""percentage"":0.091066},{""region"":""Coquimbo Region"",""percentage"":0.033639},{""region"":""O'Higgins Region"",""percentage"":0.048486},{""region"":""Los Lagos Region"",""percentage"":0.040343},{""region"":""Magallanes y la Ant\u00e1rtica Chilena Region"",""percentage"":0.012187},{""region"":""Maule Region"",""percentage"":0.044572},{""region"":""Santiago Metropolitan Region"",""percentage"":0.466939},{""region"":""Tarapac\u00e1 Region"",""percentage"":0.018228}","facebook,instagram","lower_bound: 1000001",es
