ad_archive_id,page_id,page_name,ad_creation_time,ad_delivery_start_time,ad_delivery_stop_time,byline,ad_creative_bodies,ad_creative_link_titles,ad_creative_link_captions,ad_creative_link_descriptions,impressions,spend,currency,demographic_distribution,delivery_by_region,publisher_platforms,estimated_audience_size,languages
249091643843999,881095048648989,"José Antonio Kast",2021-12-15,2021-12-15,2021-12-15,"José Antonio Kast","Las diferentes etnias saben quienes son los verdaderos intolerantes. Ellos votan sin miedo por un futuro diferente ¿Y tu? #Vota2 #VotaKast",,,,"lower_bound: 2000, upper_bound: 2999","lower_bound: 0, upper_bound: 99",USD,"{""age"":""25-34"",""gender"":""unknown"",""percentage"":0.003005},{""age"":""35-44"",""gender"":""female"",""percentage"":0.119083},{""age"":""55-64"",""gender"":""unknown"",""percentage"":0.00263},{""age"":""35-44"",""gender"":""unknown"",""percentage"":0.004508},{""age"":""45-54"",""gender"":""unknown"",""percentage"":0.003381},{""age"":""65+"",""gender"":""male"",""percentage"":0.042449},{""age"":""55-64"",""gender"":""female"",""percentage"":0.089782},{""age"":""18-24"",""gender"":""female"",""percentage"":0.01991},{""age"":""65+"",""gender"":""female"",""percentage"":0.065364},{""age"":""25-34"",""gender"":""female"",""percentage"":0.127724},{""age"":""35-44"",""gender"":""male"",""percentage"":0.103306},{""age"":""55-64"",""gender"":""male"",""percentage"":0.068745},{""age"":""18-24"",""gender"":""male"",""percentage"":0.024793},{""age"":""45-54"",""gender"":""male"",""percentage"":0.083772},{""age"":""25-34"",""gender"":""male"",""percentage"":0.143125},{""age"":""45-54"",""gender"":""female"",""percentage"":0.098047},{""age"":""65+"",""gender"":""unknown"",""percentage"":0.000376}","{""region"":""Los R\u00edos Region"",""percentage"":0.023074},{""region"":""Arica y Parinacota Region"",""percentage"":0.010793},{""region"":""Valpara\u00edso Region"",""percentage"":0.092296},{""region"":""Ays\u00e9n Region"",""percentage"":0.00521},{""region"":""Antofagasta Region"",""percentage"":0.041682},{""region"":""Araucan\u00eda Region"",""percentage"":0.047637},{""region"":""Atacama Region"",""percentage"":0.016003},{""region"":""B\u00edo B\u00edo Region"",""percentage"":0.107555},{""region"":""Coquimbo Region"",""percentage"":0.031634},{""region"":""O'Higgins Region"",""percentage"":0.039821},{""region"":""Los Lagos Region"",""percentage"":0.05508},{""region"":""Magallanes y la Ant\u00e1rtica Chilena Region"",""percentage"":0.013398},{""region"":""Maule Region"",""percentage"":0.049498},{""region"":""Santiago Metropolitan Region"",""percentage"":0.449572},{""region"":""Tarapac\u00e1 Region"",""percentage"":0.016747}","facebook,instagram","lower_bound: 1000001",es
4967226533309353,881095048648989,"José Antonio Kast",2021-12-15,2021-12-15,2021-12-16,"José Antonio Kast","Las diferentes etnias saben quienes son los verdaderos intolerantes. Ellos votan sin miedo por un futuro diferente ¿Y tu? #Vota2 #VotaKast",,,,"lower_bound: 70000, upper_bound: 79999","lower_bound: 500, upper_bound: 599",USD,"{""age"":""65+"",""gender"":""unknown"",""percentage"":0.002049},{""age"":""55-64"",""gender"":""unknown"",""percentage"":0.003121},{""age"":""65+"",""gender"":""male"",""percentage"":0.048132},{""age"":""25-34"",""gender"":""female"",""percentage"":0.069005},{""age"":""35-44"",""gender"":""unknown"",""percentage"":0.009796},{""age"":""55-64"",""gender"":""male"",""percentage"":0.080962},{""age"":""35-44"",""gender"":""male"",""percentage"":0.172952},{""age"":""25-34"",""gender"":""male"",""percentage"":0.105532},{""age"":""35-44"",""gender"":""female"",""percentage"":0.125972},{""age"":""45-54"",""gender"":""male"",""percentage"":0.115744},{""age"":""55-64"",""gender"":""female"",""percentage"":0.096072},{""age"":""65+"",""gender"":""female"",""percentage"":0.064027},{""age"":""45-54"",""gender"":""female"",""percentage"":0.097096},{""age"":""45-54"",""gender"":""unknown"",""percentage"":0.007299},{""age"":""25-34"",""gender"":""unknown"",""percentage"":0.002241}","{""region"":""Santiago Metropolitan Region"",""percentage"":1}","facebook,instagram","lower_bound: 500001, upper_bound: 1000000",es
947657389467570,881095048648989,"José Antonio Kast",2021-12-15,2021-12-15,2021-12-16,"José Antonio Kast","Tenemos un plan concreto para tu sueño de la casa propia se haga realidad ¿Quieres conocerlo?  #Vota2 #VotaKast",,,,"lower_bound: 200000, upper_bound: 249999","lower_bound: 3000, upper_bound: 3499",USD,"{""age"":""13-17"",""gender"":""unknown"",""percentage"":8.8e-5},{""age"":""35-44"",""gender"":""female"",""percentage"":0.127093},{""age"":""13-17"",""gender"":""male"",""percentage"":0.000526},{""age"":""55-64"",""gender"":""unknown"",""percentage"":0.000738},{""age"":""45-54"",""gender"":""unknown"",""percentage"":0.001185},{""age"":""25-34"",""gender"":""unknown"",""percentage"":0.001595},{""age"":""35-44"",""gender"":""unknown"",""percentage"":0.002149},{""age"":""45-54"",""gender"":""female"",""percentage"":0.119854},{""age"":""45-54"",""gender"":""male"",""percentage"":0.12168},{""age"":""65+"",""gender"":""unknown"",""percentage"":0.000392},{""age"":""25-34"",""gender"":""female"",""percentage"":0.086155},{""age"":""55-64"",""gender"":""female"",""percentage"":0.11168},{""age"":""35-44"",""gender"":""male"",""percentage"":0.142802},{""age"":""25-34"",""gender"":""male"",""percentage"":0.104921},{""age"":""65+"",""gender"":""male"",""percentage"":0.040486},{""age"":""65+"",""gender"":""female"",""percentage"":0.052529},{""age"":""55-64"",""gender"":""male"",""percentage"":0.085901},{""age"":""13-17"",""gender"":""female"",""percentage"":0.000226}","{""region"":""Valpara\u00edso Region"",""percentage"":0.166071},{""region"":""Atacama Region"",""percentage"":0.025111},{""region"":""B\u00edo B\u00edo Region"",""percentage"":0.197919},{""region"":""Coquimbo Region"",""percentage"":0.042891},{""region"":""O'Higgins Region"",""percentage"":0.082385},{""region"":""Maule Region"",""percentage"":9.9e-5},{""region"":""Santiago Metropolitan Region"",""percentage"":0.485524}","facebook,instagram","lower_bound: 1000001",es
587420168989603,881095048648989,"José Antonio Kast",2021-12-15,2021-12-15,2021-12-16,"José Antonio Kast","A Víctor Melinao le quemaron sus sueños los terroristas, pero el no tiene miedo de decir lo que piensa ¿Y tu?
No te equivoques  #Vota2 #VotaKast",,,,"lower_bound: 200000, upper_bound: 249999","lower_bound: 3500, upper_bound: 3999",USD,"{""age"":""65+"",""gender"":""unknown"",""percentage"":0.001178},{""age"":""45-54"",""gender"":""female"",""percentage"":0.091235},{""age"":""18-24"",""gender"":""unknown"",""percentage"":0.000134},{""age"":""35-44"",""gender"":""unknown"",""percentage"":0.004384},{""age"":""18-24"",""gender"":""male"",""percentage"":0.014801},{""age"":""45-54"",""gender"":""unknown"",""percentage"":0.002882},{""age"":""65+"",""gender"":""female"",""percentage"":0.053942},{""age"":""35-44"",""gender"":""male"",""percentage"":0.104835},{""age"":""18-24"",""gender"":""female"",""percentage"":0.01894},{""age"":""55-64"",""gender"":""female"",""percentage"":0.078696},{""age"":""25-34"",""gender"":""unknown"",""percentage"":0.002346},{""age"":""35-44"",""gender"":""female"",""percentage"":0.155572},{""age"":""25-34"",""gender"":""male"",""percentage"":0.121055},{""age"":""25-34"",""gender"":""female"",""percentage"":0.184537},{""age"":""45-54"",""gender"":""male"",""percentage"":0.064029},{""age"":""65+"",""gender"":""male"",""percentage"":0.039717},{""age"":""55-64"",""gender"":""male"",""percentage"":0.059807},{""age"":""55-64"",""gender"":""unknown"",""percentage"":0.001905},{""age"":""13-17"",""gender"":""female"",""percentage"":6.0e-6}","{""region"":""Los R\u00edos Region"",""percentage"":0.018205},{""region"":""Arica y Parinacota Region"",""percentage"":0.01084},{""region"":""Valpara\u00edso Region"",""percentage"":0.097952},{""region"":""Ays\u00e9n Region"",""percentage"":0.005044},{""region"":""Antofagasta Region"",""percentage"":0.042059},{""region"":""Araucan\u00eda Region"",""percentage"":0.050002},{""region"":""Atacama Region"",""percentage"":0.013889},{""region"":""B\u00edo B\u00edo Region"",""percentage"":0.100799},{""region"":""Coquimbo Region"",""percentage"":0.0284},{""region"":""O'Higgins Region"",""percentage"":0.0448},{""region"":""Los Lagos Region"",""percentage"":0.044133},{""region"":""Magallanes y la Ant\u00e1rtica Chilena Region"",""percentage"":0.012437},{""region"":""Maule Region"",""percentage"":0.048029},{""region"":""Santiago Metropolitan Region"",""percentage"":0.464397},{""region"":""Tarapac\u00e1 Region"",""percentage"":0.019012}","facebook,instagram","lower_bound: 1000001",es
247020067519741,881095048648989,"José Antonio Kast",2021-12-15,2021-12-15,2021-12-16,"José Antonio Kast","Eramos 4 hermanos emprendedores de la Florida, hasta que un día, en la puerta del local, mataron a los 2 menores frente a mis padres… Yo no quiero tener más miedo ¿Y tu?
No te equivoques  #Vota2 #VotaKast",,,,"lower_bound: 90000, upper_bound: 99999","lower_bound: 1000, upper_bound: 1499",USD,"{""age"":""13-17"",""gender"":""male"",""percentage"":0.000143},{""age"":""45-54"",""gender"":""female"",""percentage"":0.106311},{""age"":""65+"",""gender"":""unknown"",""percentage"":0.000198},{""age"":""55-64"",""gender"":""unknown"",""percentage"":0.000474},{""age"":""65+"",""gender"":""male"",""percentage"":0.035147},{""age"":""25-34"",""gender"":""female"",""percentage"":0.081833},{""age"":""55-64"",""gender"":""female"",""percentage"":0.092336},{""age"":""35-44"",""gender"":""male"",""percentage"":0.167556},{""age"":""25-34"",""gender"":""male"",""percentage"":0.122247},{""age"":""13-17"",""gender"":""female"",""percentage"":0.000121},{""age"":""65+"",""gender"":""female"",""percentage"":0.039335},{""age"":""45-54"",""gender"":""male"",""percentage"":0.142714},{""age"":""35-44"",""gender"":""female"",""percentage"":0.110874},{""age"":""55-64"",""gender"":""male"",""percentage"":0.097747},{""age"":""35-44"",""gender"":""unknown"",""percentage"":0.001367},{""age"":""25-34"",""gender"":""unknown"",""percentage"":0.000794},{""age"":""45-54"",""gender"":""unknown"",""percentage"":0.000783},{""age"":""13-17"",""gender"":""unknown"",""percentage"":2.2e-5}","{""region"":""Valpara\u00edso Region"",""percentage"":0.176368},{""region"":""Atacama Region"",""percentage"":0.027259},{""region"":""B\u00edo B\u00edo Region"",""percentage"":0.219337},{""region"":""Coquimbo Region"",""percentage"":0.044882},{""region"":""O'Higgins Region"",""percentage"":0.090699},{""region"":""Maule Region"",""percentage"":8.9e-5},{""region"":""Santiago Metropolitan Region"",""percentage"":0.441366}","facebook,instagram","lower_bound: 1000001",es
436761527976473,881095048648989,"José Antonio Kast",2021-12-15,2021-12-15,2021-12-16,"José Antonio Kast","Palabra de alcalde : ¿A quién le pasaría Rodolfo Carter las llaves de su casa? #Vota2 #VotaKast,Palabra de alcalde : ¿A quién le pasaría Rodolfo Carter las llaves de su casa? #Vota2 #VotaKast",,,,"lower_bound: 600000, upper_bound: 699999","lower_bound: 9000, upper_bound: 9999",USD,"{""age"":""45-54"",""gender"":""unknown"",""percentage"":0.001388},{""age"":""55-64"",""gender"":""female"",""percentage"":0.113347},{""age"":""65+"",""gender"":""female"",""percentage"":0.054898},{""age"":""35-44"",""gender"":""female"",""percentage"":0.165112},{""age"":""45-54"",""gender"":""female"",""percentage"":0.13635},{""age"":""25-34"",""gender"":""female"",""percentage"":0.104039},{""age"":""35-44"",""gender"":""male"",""percentage"":0.12081},{""age"":""35-44"",""gender"":""unknown"",""percentage"":0.002252},{""age"":""45-54"",""gender"":""male"",""percentage"":0.098394},{""age"":""65+"",""gender"":""male"",""percentage"":0.033138},{""age"":""25-34"",""gender"":""unknown"",""percentage"":0.001608},{""age"":""25-34"",""gender"":""male"",""percentage"":0.093877},{""age"":""55-64"",""gender"":""male"",""percentage"":0.073621},{""age"":""65+"",""gender"":""unknown"",""percentage"":0.000428},{""age"":""55-64"",""gender"":""unknown"",""percentage"":0.000738}","{""region"":""Valpara\u00edso Region"",""percentage"":0.168618},{""region"":""Atacama Region"",""percentage"":0.02569},{""region"":""B\u00edo B\u00edo Region"",""percentage"":0.209219},{""region"":""Coquimbo Region"",""percentage"":0.042914},{""region"":""O'Higgins Region"",""percentage"":0.088648},{""region"":""Maule Region"",""percentage"":8.9e-5},{""region"":""Santiago Metropolitan Region"",""percentage"":0.464814},{""region"":""Unknown"",""percentage"":6.0e-6}","facebook,instagram","lower_bound: 1000001",es
343187507171845,881095048648989,"José Antonio Kast",2021-12-15,2021-12-15,2021-12-15,"José Antonio Kast","A Víctor Melinao le quemaron sus sueños los terroristas, pero el no tiene miedo de decir lo que piensa ¿Y tu?
No te equivoques  #Vota2 #VotaKast",,,,"lower_bound: 0, upper_bound: 999","lower_bound: 0, upper_bound: 99",USD,"{""age"":""55-64"",""gender"":""unknown"",""percentage"":0.003209},{""age"":""18-24"",""gender"":""male"",""percentage"":0.013904},{""age"":""18-24"",""gender"":""female"",""percentage"":0.017112},{""age"":""25-34"",""gender"":""unknown"",""percentage"":0.002139},{""age"":""65+"",""gender"":""male"",""percentage"":0.04492},{""age"":""35-44"",""gender"":""male"",""percentage"":0.094118},{""age"":""45-54"",""gender"":""unknown"",""percentage"":0.005348},{""age"":""35-44"",""gender"":""female"",""percentage"":0.122995},{""age"":""65+"",""gender"":""female"",""percentage"":0.087701},{""age"":""55-64"",""gender"":""male"",""percentage"":0.062032},{""age"":""25-34"",""gender"":""female"",""percentage"":0.129412},{""age"":""45-54"",""gender"":""female"",""percentage"":0.091979},{""age"":""55-64"",""gender"":""female"",""percentage"":0.114439},{""age"":""25-34"",""gender"":""male"",""percentage"":0.116578},{""age"":""45-54"",""gender"":""male"",""percentage"":0.090909},{""age"":""35-44"",""gender"":""unknown"",""percentage"":0.003209}","{""region"":""Los R\u00edos Region"",""percentage"":0.012793},{""region"":""Arica y Parinacota Region"",""percentage"":0.007463},{""region"":""Valpara\u00edso Region"",""percentage"":0.08742},{""region"":""Ays\u00e9n Region"",""percentage"":0.00533},{""region"":""Antofagasta Region"",""percentage"":0.030917},{""region"":""Araucan\u00eda Region"",""percentage"":0.051173},{""region"":""Atacama Region"",""percentage"":0.012793},{""region"":""B\u00edo B\u00edo Region"",""percentage"":0.100213},{""region"":""Coquimbo Region"",""percentage"":0.035181},{""region"":""O'Higgins Region"",""percentage"":0.037313},{""region"":""Los Lagos Region"",""percentage"":0.020256},{""region"":""Magallanes y la Ant\u00e1rtica Chilena Region"",""percentage"":0.00533},{""region"":""Maule Region"",""percentage"":0.049041},{""region"":""Santiago Metropolitan Region"",""percentage"":0.531983},{""region"":""Tarapac\u00e1 Region"",""percentage"":0.012793}","facebook,instagram","lower_bound: 1000001",es
658426388865456,881095048648989,"José Antonio Kast",2021-12-15,2021-12-15,2021-12-16,"José Antonio Kast","A Víctor Melinao le quemaron sus sueños los terroristas, pero el no tiene miedo de decir lo que piensa ¿Y tu?
No te equivoques  #Vota2 #VotaKast",,,,"lower_bound: 15000, upper_bound: 19999","lower_bound: 0, upper_bound: 99",USD,"{""age"":""65+"",""gender"":""unknown"",""percentage"":0.000294},{""age"":""45-54"",""gender"":""unknown"",""percentage"":0.001248},{""age"":""25-34"",""gender"":""unknown"",""percentage"":0.002129},{""age"":""65+"",""gender"":""female"",""percentage"":0.025547},{""age"":""35-44"",""gender"":""female"",""percentage"":0.140802},{""age"":""25-34"",""gender"":""female"",""percentage"":0.19307},{""age"":""45-54"",""gender"":""female"",""percentage"":0.073631},{""age"":""55-64"",""gender"":""male"",""percentage"":0.035604},{""age"":""25-34"",""gender"":""male"",""percentage"":0.23117},{""age"":""65+"",""gender"":""male"",""percentage"":0.020775},{""age"":""35-44"",""gender"":""male"",""percentage"":0.156365},{""age"":""55-64"",""gender"":""female"",""percentage"":0.049112},{""age"":""45-54"",""gender"":""male"",""percentage"":0.067171},{""age"":""35-44"",""gender"":""unknown"",""percentage"":0.002202},{""age"":""55-64"",""gender"":""unknown"",""percentage"":0.000881}","{""region"":""Los R\u00edos Region"",""percentage"":0.095207},{""region"":""Araucan\u00eda Region"",""percentage"":0.136208},{""region"":""B\u00edo B\u00edo Region"",""percentage"":0.194718},{""region"":""O'Higgins Region"",""percentage"":0.212665},{""region"":""Los Lagos Region"",""percentage"":0.245641},{""region"":""Maule Region"",""percentage"":0.115561}","facebook,instagram","lower_bound: 100001, upper_bound: 500000",es
464639175076862,881095048648989,"José Antonio Kast",2021-12-15,2021-12-15,2021-12-15,"José Antonio Kast","Eramos 4 hermanos emprendedores de la Florida, hasta que un día, en la puerta del local, mataron a los 2 menores frente a mis padres… Yo no quiero tener más miedo ¿Y tu?
No te equivoques  #Vota2 #VotaKast",,,,"lower_bound: 0, upper_bound: 999","lower_bound: 0, upper_bound: 99",USD,"{""age"":""65+"",""gender"":""unknown"",""percentage"":0.003012},{""age"":""45-54"",""gender"":""unknown"",""percentage"":0.003012},{""age"":""25-34"",""gender"":""unknown"",""percentage"":0.003012},{""age"":""35-44"",""gender"":""male"",""percentage"":0.054217},{""age"":""65+"",""gender"":""male"",""percentage"":0.045181},{""age"":""35-44"",""gender"":""female"",""percentage"":0.159639},{""age"":""45-54"",""gender"":""male"",""percentage"":0.060241},{""age"":""45-54"",""gender"":""female"",""percentage"":0.138554},{""age"":""55-64"",""gender"":""male"",""percentage"":0.069277},{""age"":""25-34"",""gender"":""female"",""percentage"":0.156627},{""age"":""55-64"",""gender"":""female"",""percentage"":0.138554},{""age"":""65+"",""gender"":""female"",""percentage"":0.087349},{""age"":""25-34"",""gender"":""male"",""percentage"":0.075301},{""age"":""35-44"",""gender"":""unknown"",""percentage"":0.006024}","{""region"":""Valpara\u00edso Region"",""percentage"":0.153614},{""region"":""Atacama Region"",""percentage"":0.024096},{""region"":""B\u00edo B\u00edo Region"",""percentage"":0.207831},{""region"":""Coquimbo Region"",""percentage"":0.039157},{""region"":""O'Higgins Region"",""percentage"":0.087349},{""region"":""Santiago Metropolitan Region"",""percentage"":0.487952}","facebook,instagram","lower_bound: 1000001",es
3132051117121472,881095048648989,"José Antonio Kast",2021-12-15,2021-12-15,2021-12-16,"José Antonio Kast",,,,,"lower_bound: 900000, upper_bound: 999999","lower_bound: 4500, upper_bound: 4999",USD,"{""age"":""55-64"",""gender"":""female"",""percentage"":0.020102},{""age"":""45-54"",""gender"":""female"",""percentage"":0.210657},{""age"":""35-44"",""gender"":""female"",""percentage"":0.239243},{""age"":""18-24"",""gender"":""female"",""percentage"":0.197394},{""age"":""25-34"",""gender"":""female"",""percentage"":0.332544},{""age"":""13-17"",""gender"":""female"",""percentage"":6.1e-5}","{""region"":""Los R\u00edos Region"",""percentage"":0.024793},{""region"":""Arica y Parinacota Region"",""percentage"":0.01733},{""region"":""Valpara\u00edso Region"",""percentage"":0.087651},{""region"":""Ays\u00e9n Region"",""percentage"":0.006707},{""region"":""Antofagasta Region"",""percentage"":0.044956},{""region"":""Araucan\u00eda Region"",""percentage"":0.061082},{""region"":""Atacama Region"",""percentage"":0.020143},{""region"":""B\u00edo B\u00edo Region"",""percentage"":0.122494},{""region"":""Coquimbo Region"",""percentage"":0.038598},{""region"":""O'Higgins Region"",""percentage"":0.058709},{""region"":""Los Lagos Region"",""percentage"":0.060546},{""region"":""Magallanes y la Ant\u00e1rtica Chilena Region"",""percentage"":0.009863},{""region"":""Maule Region"",""percentage"":0.072156},{""region"":""Santiago Metropolitan Region"",""percentage"":0.348801},{""region"":""Tarapac\u00e1 Region"",""percentage"":0.026173}","facebook,instagram","lower_bound: 1000001",es
450606379969499,881095048648989,"José Antonio Kast",2021-12-15,2021-12-15,2021-12-16,"José Antonio Kast",,,,,"lower_bound: 250000, upper_bound: 299999","lower_bound: 1500, upper_bound: 1999",USD,"{""age"":""18-24"",""gender"":""unknown"",""percentage"":0.000328},{""age"":""45-54"",""gender"":""male"",""percentage"":0.078482},{""age"":""35-44"",""gender"":""unknown"",""percentage"":0.004468},{""age"":""18-24"",""gender"":""female"",""percentage"":0.021753},{""age"":""65+"",""gender"":""female"",""percentage"":0.032442},{""age"":""35-44"",""gender"":""female"",""percentage"":0.146189},{""age"":""25-34"",""gender"":""male"",""percentage"":0.171132},{""age"":""45-54"",""gender"":""female"",""percentage"":0.082783},{""age"":""55-64"",""gender"":""female"",""percentage"":0.058059},{""age"":""65+"",""gender"":""unknown"",""percentage"":0.000708},{""age"":""35-44"",""gender"":""male"",""percentage"":0.140472},{""age"":""55-64"",""gender"":""male"",""percentage"":0.048416},{""age"":""65+"",""gender"":""male"",""percentage"":0.028227},{""age"":""18-24"",""gender"":""male"",""percentage"":0.026463},{""age"":""25-34"",""gender"":""female"",""percentage"":0.153813},{""age"":""25-34"",""gender"":""unknown"",""percentage"":0.001854},{""age"":""45-54"",""gender"":""unknown"",""percentage"":0.003075},{""age"":""55-64"",""gender"":""unknown"",""percentage"":0.001336}","{""region"":""Los R\u00edos Region"",""percentage"":0.028089},{""region"":""Arica y Parinacota Region"",""percentage"":0.014745},{""region"":""Valpara\u00edso Region"",""percentage"":0.088298},{""region"":""Ays\u00e9n Region"",""percentage"":0.008917},{""region"":""Antofagasta Region"",""percentage"":0.044007},{""region"":""Araucan\u00eda Region"",""percentage"":0.08231},{""region"":""Atacama Region"",""percentage"":0.018643},{""region"":""B\u00edo B\u00edo Region"",""percentage"":0.148493},{""region"":""Coquimbo Region"",""percentage"":0.033889},{""region"":""O'Higgins Region"",""percentage"":0.060663},{""region"":""Los Lagos Region"",""percentage"":0.067962},{""region"":""Magallanes y la Ant\u00e1rtica Chilena Region"",""percentage"":0.018709},{""region"":""Maule Region"",""percentage"":0.065635},{""region"":""Santiago Metropolitan Region"",""percentage"":0.293159},{""region"":""Tarapac\u00e1 Region"",""percentage"":0.026481}","facebook,instagram","lower_bound: 1000001",es
1066659454126258,881095048648989,"José Antonio Kast",2021-12-15,2021-12-15,2021-12-15,"José Antonio Kast","Palabra de alcalde : ¿A quién le pasaría Rodolfo Carter las llaves de su casa?,Palabra de alcalde : ¿A quién le pasaría Rodolfo Carter las llaves de su casa?",,,,"lower_bound: 25000, upper_bound: 29999","lower_bound: 400, upper_bound: 499",USD,"{""age"":""45-54"",""gender"":""unknown"",""percentage"":0.0018},{""age"":""65+"",""gender"":""unknown"",""percentage"":0.000623},{""age"":""65+"",""gender"":""female"",""percentage"":0.067864},{""age"":""55-64"",""gender"":""male"",""percentage"":0.063677},{""age"":""25-34"",""gender"":""female"",""percentage"":0.126004},{""age"":""45-54"",""gender"":""female"",""percentage"":0.138324},{""age"":""45-54"",""gender"":""male"",""percentage"":0.078385},{""age"":""35-44"",""gender"":""female"",""percentage"":0.176737},{""age"":""25-34"",""gender"":""male"",""percentage"":0.079527},{""age"":""55-64"",""gender"":""female"",""percentage"":0.119151},{""age"":""65+"",""gender"":""male"",""percentage"":0.038898},{""age"":""35-44"",""gender"":""male"",""percentage"":0.102506},{""age"":""35-44"",""gender"":""unknown"",""percentage"":0.00353},{""age"":""55-64"",""gender"":""unknown"",""percentage"":0.001073},{""age"":""25-34"",""gender"":""unknown"",""percentage"":0.001903}","{""region"":""Unknown"",""percentage"":3.5e-5},{""region"":""Valpara\u00edso Region"",""percentage"":0.167356},{""region"":""Atacama Region"",""percentage"":0.020797},{""region"":""B\u00edo B\u00edo Region"",""percentage"":0.174335},{""region"":""Coquimbo Region"",""percentage"":0.040752},{""region"":""O'Higgins Region"",""percentage"":0.073403},{""region"":""Maule Region"",""percentage"":0.000105},{""region"":""Santiago Metropolitan Region"",""percentage"":0.523217}","facebook,instagram","lower_bound: 1000001",es
323373292763623,881095048648989,"José Antonio Kast",2021-12-14,2021-12-15,2021-12-15,"José Antonio Kast",,,,,"lower_bound: 0, upper_bound: 999","lower_bound: 0, upper_bound: 99",USD,"{""age"":""13-17"",""gender"":""male"",""percentage"":0.001085},{""age"":""55-64"",""gender"":""male"",""percentage"":0.075922},{""age"":""35-44"",""gender"":""unknown"",""percentage"":0.001085},{""age"":""13-17"",""gender"":""female"",""percentage"":0.001085},{""age"":""55-64"",""gender"":""unknown"",""percentage"":0.003254},{""age"":""45-54"",""gender"":""unknown"",""percentage"":0.001085},{""age"":""65+"",""gender"":""male"",""percentage"":0.045553},{""age"":""25-34"",""gender"":""male"",""percentage"":0.133406},{""age"":""35-44"",""gender"":""male"",""percentage"":0.130152},{""age"":""55-64"",""gender"":""female"",""percentage"":0.100868},{""age"":""45-54"",""gender"":""male"",""percentage"":0.092191},{""age"":""45-54"",""gender"":""female"",""percentage"":0.116052},{""age"":""25-34"",""gender"":""unknown"",""percentage"":0.002169},{""age"":""35-44"",""gender"":""female"",""percentage"":0.119306},{""age"":""65+"",""gender"":""female"",""percentage"":0.058568},{""age"":""25-34"",""gender"":""female"",""percentage"":0.117137},{""age"":""65+"",""gender"":""unknown"",""percentage"":0.001085}","{""region"":""Valpara\u00edso Region"",""percentage"":0.159215},{""region"":""Atacama Region"",""percentage"":0.02072},{""region"":""B\u00edo B\u00edo Region"",""percentage"":0.187568},{""region"":""Coquimbo Region"",""percentage"":0.04253},{""region"":""O'Higgins Region"",""percentage"":0.051254},{""region"":""Maule Region"",""percentage"":0.001091},{""region"":""Santiago Metropolitan Region"",""percentage"":0.537623}","facebook,instagram","lower_bound: 1000001",es
1651928408487274,881095048648989,"José Antonio Kast",2021-12-14,2021-12-14,2021-12-15,"José Antonio Kast","¿Aún no sabes por quién votar? Les comparto a esta tremenda dupla @evelynmatthei @pdazan que son parte fundamental de nuestro equipo #Vota2 #VotaKast",,,,"lower_bound: 60000, upper_bound: 69999","lower_bound: 1000, upper_bound: 1499",USD,"{""age"":""55-64"",""gender"":""unknown"",""percentage"":0.001072},{""age"":""45-54"",""gender"":""unknown"",""percentage"":0.002254},{""age"":""25-34"",""gender"":""unknown"",""percentage"":0.002845},{""age"":""55-64"",""gender"":""male"",""percentage"":0.03052},{""age"":""55-64"",""gender"":""female"",""percentage"":0.053059},{""age"":""65+"",""gender"":""female"",""percentage"":0.029024},{""age"":""65+"",""gender"":""male"",""percentage"":0.019269},{""age"":""45-54"",""gender"":""female"",""percentage"":0.092965},{""age"":""35-44"",""gender"":""male"",""percentage"":0.113897},{""age"":""45-54"",""gender"":""male"",""percentage"":0.055886},{""age"":""25-34"",""gender"":""female"",""percentage"":0.241797},{""age"":""35-44"",""gender"":""female"",""percentage"":0.175972},{""age"":""25-34"",""gender"":""male"",""percentage"":0.176692},{""age"":""65+"",""gender"":""unknown"",""percentage"":0.000573},{""age"":""35-44"",""gender"":""unknown"",""percentage"":0.004175}","{""region"":""Los R\u00edos Region"",""percentage"":0.09985},{""region"":""Araucan\u00eda Region"",""percentage"":0.140243},{""region"":""B\u00edo B\u00edo Region"",""percentage"":0.213913},{""region"":""O'Higgins Region"",""percentage"":0.235856},{""region"":""Los Lagos Region"",""percentage"":0.21185},{""region"":""Maule Region"",""percentage"":0.098289}","facebook,instagram","lower_bound: 500001, upper_bound: 1000000",es
338876977654293,881095048648989,"José Antonio Kast",2021-12-14,2021-12-14,2021-12-15,"José Antonio Kast","¿Aún no sabes por quién votar? Les comparto a esta tremenda dupla @evelynmatthei @pdazan que son parte fundamental de nuestro equipo #Vota2 #VotaKast",,,,"lower_bound: 35000, upper_bound: 39999","lower_bound: 1000, upper_bound: 1499",USD,"{""age"":""25-34"",""gender"":""unknown"",""percentage"":0.001185},{""age"":""45-54"",""gender"":""unknown"",""percentage"":0.002798},{""age"":""18-24"",""gender"":""unknown"",""percentage"":0.000428},{""age"":""55-64"",""gender"":""unknown"",""percentage"":0.000856},{""age"":""45-54"",""gender"":""male"",""percentage"":0.080892},{""age"":""35-44"",""gender"":""unknown"",""percentage"":0.004082},{""age"":""35-44"",""gender"":""female"",""percentage"":0.169652},{""age"":""18-24"",""gender"":""female"",""percentage"":0.020017},{""age"":""35-44"",""gender"":""male"",""percentage"":0.153223},{""age"":""18-24"",""gender"":""male"",""percentage"":0.0267},{""age"":""55-64"",""gender"":""female"",""percentage"":0.047804},{""age"":""25-34"",""gender"":""male"",""percentage"":0.157503},{""age"":""55-64"",""gender"":""male"",""percentage"":0.032232},{""age"":""45-54"",""gender"":""female"",""percentage"":0.100316},{""age"":""25-34"",""gender"":""female"",""percentage"":0.164088},{""age"":""65+"",""gender"":""female"",""percentage"":0.019457},{""age"":""65+"",""gender"":""male"",""percentage"":0.018338},{""age"":""65+"",""gender"":""unknown"",""percentage"":0.000428}","{""region"":""Arica y Parinacota Region"",""percentage"":0.114393},{""region"":""Antofagasta Region"",""percentage"":0.507402},{""region"":""Atacama Region"",""percentage"":0.178859},{""region"":""Tarapac\u00e1 Region"",""percentage"":0.199346}","facebook,instagram","lower_bound: 100001, upper_bound: 500000",es
451743013059343,881095048648989,"José Antonio Kast",2021-12-14,2021-12-14,2021-12-15,"José Antonio Kast","¿Aún no sabes por quién votar? Les comparto a esta tremenda dupla @evelynmatthei @pdazan que son parte fundamental de nuestro equipo #Vota2 #VotaKast",,,,"lower_bound: 200000, upper_bound: 249999","lower_bound: 3000, upper_bound: 3499",USD,"{""age"":""13-17"",""gender"":""female"",""percentage"":0.000304},{""age"":""35-44"",""gender"":""female"",""percentage"":0.167461},{""age"":""13-17"",""gender"":""male"",""percentage"":0.000531},{""age"":""45-54"",""gender"":""unknown"",""percentage"":0.001502},{""age"":""35-44"",""gender"":""unknown"",""percentage"":0.002499},{""age"":""55-64"",""gender"":""female"",""percentage"":0.109158},{""age"":""55-64"",""gender"":""male"",""percentage"":0.068961},{""age"":""25-34"",""gender"":""unknown"",""percentage"":0.00167},{""age"":""25-34"",""gender"":""female"",""percentage"":0.104734},{""age"":""65+"",""gender"":""unknown"",""percentage"":0.000548},{""age"":""35-44"",""gender"":""male"",""percentage"":0.119176},{""age"":""65+"",""gender"":""female"",""percentage"":0.053928},{""age"":""25-34"",""gender"":""male"",""percentage"":0.092098},{""age"":""65+"",""gender"":""male"",""percentage"":0.0358},{""age"":""45-54"",""gender"":""female"",""percentage"":0.143809},{""age"":""45-54"",""gender"":""male"",""percentage"":0.096895},{""age"":""55-64"",""gender"":""unknown"",""percentage"":0.000797},{""age"":""13-17"",""gender"":""unknown"",""percentage"":0.00013}","{""region"":""Valpara\u00edso Region"",""percentage"":0.166117},{""region"":""Atacama Region"",""percentage"":0.026797},{""region"":""B\u00edo B\u00edo Region"",""percentage"":0.187938},{""region"":""Coquimbo Region"",""percentage"":0.04011},{""region"":""O'Higgins Region"",""percentage"":0.085399},{""region"":""Maule Region"",""percentage"":8.7e-5},{""region"":""Santiago Metropolitan Region"",""percentage"":0.493551}","facebook,instagram","lower_bound: 1000001",es
471105144434451,881095048648989,"José Antonio Kast",2021-12-14,2021-12-15,2021-12-15,"José Antonio Kast","¿Aún no sabes por quién votar? Les comparto a esta tremenda dupla @evelynmatthei @pdazan que son parte fundamental de nuestro equipo #Vota2 #VotaKast",,,,"lower_bound: 70000, upper_bound: 79999","lower_bound: 400, upper_bound: 499",USD,"{""age"":""55-64"",""gender"":""female"",""percentage"":0.017575},{""age"":""25-34"",""gender"":""female"",""percentage"":0.342136},{""age"":""35-44"",""gender"":""female"",""percentage"":0.264842},{""age"":""45-54"",""gender"":""female"",""percentage"":0.209177},{""age"":""18-24"",""gender"":""female"",""percentage"":0.166257},{""age"":""13-17"",""gender"":""female"",""percentage"":1.3e-5}","{""region"":""Los R\u00edos Region"",""percentage"":0.026893},{""region"":""Arica y Parinacota Region"",""percentage"":0.018387},{""region"":""Valpara\u00edso Region"",""percentage"":0.0873},{""region"":""Ays\u00e9n Region"",""percentage"":0.007016},{""region"":""Antofagasta Region"",""percentage"":0.046069},{""region"":""Araucan\u00eda Region"",""percentage"":0.065347},{""region"":""Atacama Region"",""percentage"":0.021074},{""region"":""B\u00edo B\u00edo Region"",""percentage"":0.132261},{""region"":""Coquimbo Region"",""percentage"":0.04146},{""region"":""O'Higgins Region"",""percentage"":0.056281},{""region"":""Los Lagos Region"",""percentage"":0.066952},{""region"":""Magallanes y la Ant\u00e1rtica Chilena Region"",""percentage"":0.00955},{""region"":""Maule Region"",""percentage"":0.071612},{""region"":""Santiago Metropolitan Region"",""percentage"":0.320816},{""region"":""Tarapac\u00e1 Region"",""percentage"":0.028981}","facebook,instagram","lower_bound: 1000001",es
877614516213873,881095048648989,"José Antonio Kast",2021-12-14,2021-12-14,2021-12-16,"José Antonio Kast","¿Aún no sabes por quién votar? Les comparto a esta tremenda dupla @evelynmatthei @pdazan que son parte fundamental de nuestro equipo #Vota2 #VotaKast",,,,"lower_bound: 450000, upper_bound: 499999","lower_bound: 8000, upper_bound: 8999",USD,"{""age"":""45-54"",""gender"":""female"",""percentage"":0.09081},{""age"":""18-24"",""gender"":""male"",""percentage"":0.019989},{""age"":""18-24"",""gender"":""unknown"",""percentage"":0.000168},{""age"":""65+"",""gender"":""unknown"",""percentage"":0.000877},{""age"":""35-44"",""gender"":""unknown"",""percentage"":0.004688},{""age"":""65+"",""gender"":""male"",""percentage"":0.028939},{""age"":""25-34"",""gender"":""unknown"",""percentage"":0.002113},{""age"":""55-64"",""gender"":""unknown"",""percentage"":0.001512},{""age"":""18-24"",""gender"":""female"",""percentage"":0.019625},{""age"":""45-54"",""gender"":""unknown"",""percentage"":0.002918},{""age"":""25-34"",""gender"":""female"",""percentage"":0.179971},{""age"":""65+"",""gender"":""female"",""percentage"":0.034833},{""age"":""35-44"",""gender"":""male"",""percentage"":0.122559},{""age"":""55-64"",""gender"":""female"",""percentage"":0.064464},{""age"":""55-64"",""gender"":""male"",""percentage"":0.049341},{""age"":""25-34"",""gender"":""male"",""percentage"":0.146692},{""age"":""45-54"",""gender"":""male"",""percentage"":0.074193},{""age"":""35-44"",""gender"":""female"",""percentage"":0.156304},{""age"":""13-17"",""gender"":""male"",""percentage"":3.0e-6}","{""region"":""Los R\u00edos Region"",""percentage"":0.0192},{""region"":""Arica y Parinacota Region"",""percentage"":0.011187},{""region"":""Valpara\u00edso Region"",""percentage"":0.096256},{""region"":""Ays\u00e9n Region"",""percentage"":0.005986},{""region"":""Antofagasta Region"",""percentage"":0.047998},{""region"":""Araucan\u00eda Region"",""percentage"":0.054224},{""region"":""Atacama Region"",""percentage"":0.016233},{""region"":""B\u00edo B\u00edo Region"",""percentage"":0.111217},{""region"":""Coquimbo Region"",""percentage"":0.035077},{""region"":""O'Higgins Region"",""percentage"":0.04687},{""region"":""Los Lagos Region"",""percentage"":0.045648},{""region"":""Magallanes y la Ant\u00e1rtica Chilena Region"",""percentage"":0.01203},{""region"":""Maule Region"",""percentage"":0.05024},{""region"":""Santiago Metropolitan Region"",""percentage"":0.427248},{""region"":""Tarapac\u00e1 Region"",""percentage"":0.020586}","facebook,instagram","lower_bound: 1000001",es
202986305336466,881095048648989,"José Antonio Kast",2021-12-14,2021-12-14,2021-12-16,"José Antonio Kast","¡Prepárate! Todo Chile celebra un futuro diferente en #LaFiestaDeChile 

Nos vemos este jueves a las 19:00 en el Parque Araucano!! 🥳 🎉",,,,"lower_bound: 175000, upper_bound: 199999","lower_bound: 1000, upper_bound: 1499",USD,"{""age"":""55-64"",""gender"":""unknown"",""percentage"":0.001218},{""age"":""65+"",""gender"":""male"",""percentage"":0.025969},{""age"":""45-54"",""gender"":""unknown"",""percentage"":0.002766},{""age"":""18-24"",""gender"":""female"",""percentage"":0.033137},{""age"":""25-34"",""gender"":""female"",""percentage"":0.171255},{""age"":""35-44"",""gender"":""unknown"",""percentage"":0.00589},{""age"":""55-64"",""gender"":""male"",""percentage"":0.036611},{""age"":""55-64"",""gender"":""female"",""percentage"":0.037954},{""age"":""25-34"",""gender"":""male"",""percentage"":0.225629},{""age"":""18-24"",""gender"":""unknown"",""percentage"":0.00086},{""age"":""35-44"",""gender"":""male"",""percentage"":0.145948},{""age"":""45-54"",""gender"":""female"",""percentage"":0.055995},{""age"":""18-24"",""gender"":""male"",""percentage"":0.047935},{""age"":""35-44"",""gender"":""female"",""percentage"":0.120541},{""age"":""45-54"",""gender"":""male"",""percentage"":0.058894},{""age"":""25-34"",""gender"":""unknown"",""percentage"":0.002846},{""age"":""65+"",""gender"":""female"",""percentage"":0.025804},{""age"":""65+"",""gender"":""unknown"",""percentage"":0.000748}","{""region"":""Los R\u00edos Region"",""percentage"":0.028789},{""region"":""Arica y Parinacota Region"",""percentage"":0.015722},{""region"":""Valpara\u00edso Region"",""percentage"":0.093464},{""region"":""Ays\u00e9n Region"",""percentage"":0.010175},{""region"":""Antofagasta Region"",""percentage"":0.043783},{""region"":""Araucan\u00eda Region"",""percentage"":0.085772},{""region"":""Atacama Region"",""percentage"":0.0188},{""region"":""B\u00edo B\u00edo Region"",""percentage"":0.149553},{""region"":""Coquimbo Region"",""percentage"":0.033708},{""region"":""O'Higgins Region"",""percentage"":0.053448},{""region"":""Los Lagos Region"",""percentage"":0.067336},{""region"":""Magallanes y la Ant\u00e1rtica Chilena Region"",""percentage"":0.017622},{""region"":""Maule Region"",""percentage"":0.065953},{""region"":""Santiago Metropolitan Region"",""percentage"":0.28882},{""region"":""Tarapac\u00e1 Region"",""percentage"":0.027055}","facebook,instagram","lower_bound: 1000001",es
588068375631328,881095048648989,"José Antonio Kast",2021-12-14,2021-12-15,2021-12-15,"José Antonio Kast","¡No más caricaturas! No me meteré en la cama de nadie ni perseguir a nadie. No crean en las mentiras de la izquierda ideológica ✌🏻 #TodoChileConKast",,,,"lower_bound: 30000, upper_bound: 34999","lower_bound: 200, upper_bound: 299",USD,"{""age"":""35-44"",""gender"":""unknown"",""percentage"":0.002192},{""age"":""25-34"",""gender"":""female"",""percentage"":0.081678},{""age"":""13-17"",""gender"":""female"",""percentage"":0.00036},{""age"":""13-17"",""gender"":""male"",""percentage"":0.000818},{""age"":""65+"",""gender"":""unknown"",""percentage"":0.000654},{""age"":""25-34"",""gender"":""unknown"",""percentage"":0.00108},{""age"":""25-34"",""gender"":""male"",""percentage"":0.091626},{""age"":""45-54"",""gender"":""male"",""percentage"":0.111555},{""age"":""35-44"",""gender"":""male"",""percentage"":0.133807},{""age"":""45-54"",""gender"":""unknown"",""percentage"":0.00144},{""age"":""45-54"",""gender"":""female"",""percentage"":0.129454},{""age"":""55-64"",""gender"":""female"",""percentage"":0.122943},{""age"":""65+"",""gender"":""male"",""percentage"":0.045224},{""age"":""35-44"",""gender"":""female"",""percentage"":0.121928},{""age"":""55-64"",""gender"":""male"",""percentage"":0.085605},{""age"":""65+"",""gender"":""female"",""percentage"":0.068981},{""age"":""55-64"",""gender"":""unknown"",""percentage"":0.000589},{""age"":""13-17"",""gender"":""unknown"",""percentage"":6.5e-5}","{""region"":""Valpara\u00edso Region"",""percentage"":0.156275},{""region"":""Atacama Region"",""percentage"":0.02504},{""region"":""B\u00edo B\u00edo Region"",""percentage"":0.179566},{""region"":""Coquimbo Region"",""percentage"":0.03718},{""region"":""O'Higgins Region"",""percentage"":0.073139},{""region"":""Maule Region"",""percentage"":6.6e-5},{""region"":""Santiago Metropolitan Region"",""percentage"":0.528734}","facebook,instagram","lower_bound: 1000001",es
264445859084022,881095048648989,"José Antonio Kast",2021-12-14,2021-12-14,2021-12-16,"José Antonio Kast","¡Vamos por una sola línea! Me sigo vistiendo igual de como me he vestido cuando fui Diputado, no hablo de temas religiosos solamente para encantar a algunas personas, he sido drástico con el tema del narcotráfico y de la violencia, he sido un defensor permanente de Carabineros, defendido las costumbres y cultura campesina, nunca he prometido mar para Bolivia, siempre he hablado del control de fronteras, de bajar la carga fiscal, de reducir el Estado, enfrentar el nepotismo y enfrentar a los apitutados, cosa que se mantiene en una línea”. #TodoChileConKast",,,,"lower_bound: 15000, upper_bound: 19999","lower_bound: 200, upper_bound: 299",USD,"{""age"":""18-24"",""gender"":""unknown"",""percentage"":0.000672},{""age"":""45-54"",""gender"":""male"",""percentage"":0.080851},{""age"":""55-64"",""gender"":""female"",""percentage"":0.050616},{""age"":""65+"",""gender"":""female"",""percentage"":0.031728},{""age"":""65+"",""gender"":""male"",""percentage"":0.032773},{""age"":""35-44"",""gender"":""male"",""percentage"":0.165808},{""age"":""25-34"",""gender"":""male"",""percentage"":0.168197},{""age"":""25-34"",""gender"":""female"",""percentage"":0.148264},{""age"":""35-44"",""gender"":""female"",""percentage"":0.133184},{""age"":""65+"",""gender"":""unknown"",""percentage"":0.001194},{""age"":""25-34"",""gender"":""unknown"",""percentage"":0.001792},{""age"":""35-44"",""gender"":""unknown"",""percentage"":0.006047},{""age"":""45-54"",""gender"":""female"",""percentage"":0.074729},{""age"":""18-24"",""gender"":""male"",""percentage"":0.029489},{""age"":""55-64"",""gender"":""male"",""percentage"":0.050093},{""age"":""18-24"",""gender"":""female"",""percentage"":0.017917},{""age"":""55-64"",""gender"":""unknown"",""percentage"":0.002314},{""age"":""45-54"",""gender"":""unknown"",""percentage"":0.00433}","{""region"":""Ays\u00e9n Region"",""percentage"":0.319816},{""region"":""Magallanes y la Ant\u00e1rtica Chilena Region"",""percentage"":0.680184}","facebook,instagram","lower_bound: 10001, upper_bound: 50000",es
1381970148926174,881095048648989,"José Antonio Kast",2021-12-14,2021-12-14,2021-12-16,"José Antonio Kast","¡Vamos por una sola línea! Me sigo vistiendo igual de como me he vestido cuando fui Diputado, no hablo de temas religiosos solamente para encantar a algunas personas, he sido drástico con el tema del narcotráfico y de la violencia, he sido un defensor permanente de Carabineros, defendido las costumbres y cultura campesina, nunca he prometido mar para Bolivia, siempre he hablado del control de fronteras, de bajar la carga fiscal, de reducir el Estado, enfrentar el nepotismo y enfrentar a los apitutados, cosa que se mantiene en una línea”. #TodoChileConKast",,,,"lower_bound: 35000, upper_bound: 39999","lower_bound: 300, upper_bound: 399",USD,"{""age"":""55-64"",""gender"":""unknown"",""percentage"":0.000793},{""age"":""25-34"",""gender"":""male"",""percentage"":0.182523},{""age"":""18-24"",""gender"":""unknown"",""percentage"":0.00062},{""age"":""45-54"",""gender"":""male"",""percentage"":0.057808},{""age"":""35-44"",""gender"":""unknown"",""percentage"":0.00424},{""age"":""65+"",""gender"":""male"",""percentage"":0.020648},{""age"":""35-44"",""gender"":""male"",""percentage"":0.125267},{""age"":""25-34"",""gender"":""female"",""percentage"":0.191486},{""age"":""18-24"",""gender"":""male"",""percentage"":0.042916},{""age"":""45-54"",""gender"":""unknown"",""percentage"":0.002964},{""age"":""55-64"",""gender"":""female"",""percentage"":0.047983},{""age"":""35-44"",""gender"":""female"",""percentage"":0.144812},{""age"":""18-24"",""gender"":""female"",""percentage"":0.035195},{""age"":""65+"",""gender"":""female"",""percentage"":0.030645},{""age"":""55-64"",""gender"":""male"",""percentage"":0.033195},{""age"":""45-54"",""gender"":""female"",""percentage"":0.076353},{""age"":""25-34"",""gender"":""unknown"",""percentage"":0.001861},{""age"":""65+"",""gender"":""unknown"",""percentage"":0.000689}","{""region"":""Los R\u00edos Region"",""percentage"":0.028384},{""region"":""Araucan\u00eda Region"",""percentage"":0.577533},{""region"":""B\u00edo B\u00edo Region"",""percentage"":0.394084}","facebook,instagram","lower_bound: 100001, upper_bound: 500000",es
624888412035562,881095048648989,"José Antonio Kast",2021-12-14,2021-12-14,2021-12-16,"José Antonio Kast","¡Vamos por una sola línea! Me sigo vistiendo igual de como me he vestido cuando fui Diputado, no hablo de temas religiosos solamente para encantar a algunas personas, he sido drástico con el tema del narcotráfico y de la violencia, he sido un defensor permanente de Carabineros, defendido las costumbres y cultura campesina, nunca he prometido mar para Bolivia, siempre he hablado del control de fronteras, de bajar la carga fiscal, de reducir el Estado, enfrentar el nepotismo y enfrentar a los apitutados, cosa que se mantiene en una línea”. #TodoChileConKast",,,,"lower_bound: 20000, upper_bound: 24999","lower_bound: 300, upper_bound: 399",USD,"{""age"":""45-54"",""gender"":""unknown"",""percentage"":0.002381},{""age"":""65+"",""gender"":""unknown"",""percentage"":0.000645},{""age"":""35-44"",""gender"":""unknown"",""percentage"":0.003572},{""age"":""45-54"",""gender"":""male"",""percentage"":0.046778},{""age"":""55-64"",""gender"":""male"",""percentage"":0.027531},{""age"":""35-44"",""gender"":""female"",""percentage"":0.20006},{""age"":""25-34"",""gender"":""female"",""percentage"":0.251501},{""age"":""55-64"",""gender"":""female"",""percentage"":0.058882},{""age"":""35-44"",""gender"":""male"",""percentage"":0.099807},{""age"":""25-34"",""gender"":""male"",""percentage"":0.153629},{""age"":""45-54"",""gender"":""female"",""percentage"":0.099013},{""age"":""65+"",""gender"":""male"",""percentage"":0.016717},{""age"":""65+"",""gender"":""female"",""percentage"":0.036262},{""age"":""25-34"",""gender"":""unknown"",""percentage"":0.002579},{""age"":""55-64"",""gender"":""unknown"",""percentage"":0.000645}","{""region"":""Los R\u00edos Region"",""percentage"":0.100161},{""region"":""Araucan\u00eda Region"",""percentage"":0.135852},{""region"":""B\u00edo B\u00edo Region"",""percentage"":0.218971},{""region"":""O'Higgins Region"",""percentage"":0.240395},{""region"":""Los Lagos Region"",""percentage"":0.207284},{""region"":""Maule Region"",""percentage"":0.097337}","facebook,instagram","lower_bound: 500001, upper_bound: 1000000",es
630788137959145,881095048648989,"José Antonio Kast",2021-12-14,2021-12-14,2021-12-16,"José Antonio Kast","¡Vamos por una sola línea! Me sigo vistiendo igual de como me he vestido cuando fui Diputado, no hablo de temas religiosos solamente para encantar a algunas personas, he sido drástico con el tema del narcotráfico y de la violencia, he sido un defensor permanente de Carabineros, defendido las costumbres y cultura campesina, nunca he prometido mar para Bolivia, siempre he hablado del control de fronteras, de bajar la carga fiscal, de reducir el Estado, enfrentar el nepotismo y enfrentar a los apitutados, cosa que se mantiene en una línea”. #TodoChileConKast",,,,"lower_bound: 60000, upper_bound: 69999","lower_bound: 700, upper_bound: 799",USD,"{""age"":""25-34"",""gender"":""unknown"",""percentage"":0.003081},{""age"":""55-64"",""gender"":""unknown"",""percentage"":0.003746},{""age"":""65+"",""gender"":""unknown"",""percentage"":0.002168},{""age"":""55-64"",""gender"":""female"",""percentage"":0.096912},{""age"":""65+"",""gender"":""male"",""percentage"":0.047296},{""age"":""25-34"",""gender"":""female"",""percentage"":0.084208},{""age"":""65+"",""gender"":""female"",""percentage"":0.069717},{""age"":""35-44"",""gender"":""male"",""percentage"":0.154838},{""age"":""25-34"",""gender"":""male"",""percentage"":0.105108},{""age"":""35-44"",""gender"":""unknown"",""percentage"":0.010003},{""age"":""35-44"",""gender"":""female"",""percentage"":0.144474},{""age"":""45-54"",""gender"":""male"",""percentage"":0.092119},{""age"":""45-54"",""gender"":""female"",""percentage"":0.107295},{""age"":""55-64"",""gender"":""male"",""percentage"":0.071353},{""age"":""45-54"",""gender"":""unknown"",""percentage"":0.007664},{""age"":""13-17"",""gender"":""unknown"",""percentage"":1.9e-5}","{""region"":""Santiago Metropolitan Region"",""percentage"":1}","facebook,instagram","lower_bound: 500001, upper_bound: 1000000",es
600109927745156,881095048648989,"José Antonio Kast",2021-12-14,2021-12-14,2021-12-16,"José Antonio Kast","¡Vamos por una sola línea! Me sigo vistiendo igual de como me he vestido cuando fui Diputado, no hablo de temas religiosos solamente para encantar a algunas personas, he sido drástico con el tema del narcotráfico y de la violencia, he sido un defensor permanente de Carabineros, defendido las costumbres y cultura campesina, nunca he prometido mar para Bolivia, siempre he hablado del control de fronteras, de bajar la carga fiscal, de reducir el Estado, enfrentar el nepotismo y enfrentar a los apitutados, cosa que se mantiene en una línea”. #TodoChileConKast",,,,"lower_bound: 100000, upper_bound: 124999","lower_bound: 1000, upper_bound: 1499",USD,"{""age"":""13-17"",""gender"":""male"",""percentage"":0.001013},{""age"":""65+"",""gender"":""male"",""percentage"":0.038478},{""age"":""55-64"",""gender"":""unknown"",""percentage"":0.00075},{""age"":""45-54"",""gender"":""unknown"",""percentage"":0.00149},{""age"":""13-17"",""gender"":""female"",""percentage"":0.000476},{""age"":""65+"",""gender"":""unknown"",""percentage"":0.000547},{""age"":""25-34"",""gender"":""female"",""percentage"":0.107672},{""age"":""45-54"",""gender"":""male"",""percentage"":0.104136},{""age"":""55-64"",""gender"":""female"",""percentage"":0.102757},{""age"":""35-44"",""gender"":""unknown"",""percentage"":0.002645},{""age"":""45-54"",""gender"":""female"",""percentage"":0.124799},{""age"":""65+"",""gender"":""female"",""percentage"":0.051744},{""age"":""55-64"",""gender"":""male"",""percentage"":0.080078},{""age"":""25-34"",""gender"":""male"",""percentage"":0.100873},{""age"":""35-44"",""gender"":""male"",""percentage"":0.136341},{""age"":""35-44"",""gender"":""female"",""percentage"":0.144347},{""age"":""25-34"",""gender"":""unknown"",""percentage"":0.001662},{""age"":""13-17"",""gender"":""unknown"",""percentage"":0.000193}","{""region"":""Valpara\u00edso Region"",""percentage"":0.17051},{""region"":""Atacama Region"",""percentage"":0.025813},{""region"":""B\u00edo B\u00edo Region"",""percentage"":0.217204},{""region"":""Coquimbo Region"",""percentage"":0.038946},{""region"":""O'Higgins Region"",""percentage"":0.086164},{""region"":""Maule Region"",""percentage"":6.2e-5},{""region"":""Santiago Metropolitan Region"",""percentage"":0.461301}","facebook,instagram","lower_bound: 1000001",es
4384950648283602,881095048648989,"José Antonio Kast",2021-12-14,2021-12-14,2021-12-16,"José Antonio Kast","¡Vamos por una sola línea! Me sigo vistiendo igual de como me he vestido cuando fui Diputado, no hablo de temas religiosos solamente para encantar a algunas personas, he sido drástico con el tema del narcotráfico y de la violencia, he sido un defensor permanente de Carabineros, defendido las costumbres y cultura campesina, nunca he prometido mar para Bolivia, siempre he hablado del control de fronteras, de bajar la carga fiscal, de reducir el Estado, enfrentar el nepotismo y enfrentar a los apitutados, cosa que se mantiene en una línea”. #TodoChileConKast",,,,"lower_bound: 15000, upper_bound: 19999","lower_bound: 400, upper_bound: 499",USD,"{""age"":""65+"",""gender"":""unknown"",""percentage"":0.000413},{""age"":""55-64"",""gender"":""female"",""percentage"":0.044002},{""age"":""25-34"",""gender"":""unknown"",""percentage"":0.00179},{""age"":""65+"",""gender"":""male"",""percentage"":0.015631},{""age"":""55-64"",""gender"":""male"",""percentage"":0.025685},{""age"":""45-54"",""gender"":""female"",""percentage"":0.092618},{""age"":""18-24"",""gender"":""male"",""percentage"":0.027958},{""age"":""45-54"",""gender"":""male"",""percentage"":0.062182},{""age"":""35-44"",""gender"":""female"",""percentage"":0.186751},{""age"":""18-24"",""gender"":""unknown"",""percentage"":0.000551},{""age"":""25-34"",""gender"":""male"",""percentage"":0.156452},{""age"":""35-44"",""gender"":""male"",""percentage"":0.146743},{""age"":""25-34"",""gender"":""female"",""percentage"":0.184203},{""age"":""18-24"",""gender"":""female"",""percentage"":0.026167},{""age"":""65+"",""gender"":""female"",""percentage"":0.020796},{""age"":""35-44"",""gender"":""unknown"",""percentage"":0.004476},{""age"":""45-54"",""gender"":""unknown"",""percentage"":0.002548},{""age"":""55-64"",""gender"":""unknown"",""percentage"":0.001033}","{""region"":""Arica y Parinacota Region"",""percentage"":0.121144},{""region"":""Antofagasta Region"",""percentage"":0.498059},{""region"":""Atacama Region"",""percentage"":0.162002},{""region"":""Tarapac\u00e1 Region"",""percentage"":0.218795}","facebook,instagram","lower_bound: 100001, upper_bound: 500000",es
234715925461352,881095048648989,"José Antonio Kast",2021-12-14,2021-12-14,2021-12-16,"José Antonio Kast","¡Vamos por una sola línea! Me sigo vistiendo igual de como me he vestido cuando fui Diputado, no hablo de temas religiosos solamente para encantar a algunas personas, he sido drástico con el tema del narcotráfico y de la violencia, he sido un defensor permanente de Carabineros, defendido las costumbres y cultura campesina, nunca he prometido mar para Bolivia, siempre he hablado del control de fronteras, de bajar la carga fiscal, de reducir el Estado, enfrentar el nepotismo y enfrentar a los apitutados, cosa que se mantiene en una línea”. #TodoChileConKast",,,,"lower_bound: 175000, upper_bound: 199999","lower_bound: 4000, upper_bound: 4499",USD,"{""age"":""55-64"",""gender"":""unknown"",""percentage"":0.001825},{""age"":""55-64"",""gender"":""female"",""percentage"":0.054323},{""age"":""18-24"",""gender"":""unknown"",""percentage"":0.000193},{""age"":""65+"",""gender"":""female"",""percentage"":0.030244},{""age"":""18-24"",""gender"":""male"",""percentage"":0.016889},{""age"":""35-44"",""gender"":""unknown"",""percentage"":0.005347},{""age"":""18-24"",""gender"":""female"",""percentage"":0.020955},{""age"":""55-64"",""gender"":""male"",""percentage"":0.041997},{""age"":""35-44"",""gender"":""male"",""percentage"":0.121598},{""age"":""25-34"",""gender"":""unknown"",""percentage"":0.00258},{""age"":""45-54"",""gender"":""male"",""percentage"":0.060325},{""age"":""35-44"",""gender"":""female"",""percentage"":0.164086},{""age"":""25-34"",""gender"":""female"",""percentage"":0.211944},{""age"":""25-34"",""gender"":""male"",""percentage"":0.152526},{""age"":""65+"",""gender"":""male"",""percentage"":0.025851},{""age"":""45-54"",""gender"":""female"",""percentage"":0.084959},{""age"":""45-54"",""gender"":""unknown"",""percentage"":0.003323},{""age"":""65+"",""gender"":""unknown"",""percentage"":0.001035}","{""region"":""Los R\u00edos Region"",""percentage"":0.017862},{""region"":""Arica y Parinacota Region"",""percentage"":0.012283},{""region"":""Valpara\u00edso Region"",""percentage"":0.093212},{""region"":""Ays\u00e9n Region"",""percentage"":0.00459},{""region"":""Antofagasta Region"",""percentage"":0.045727},{""region"":""Araucan\u00eda Region"",""percentage"":0.050257},{""region"":""Atacama Region"",""percentage"":0.015149},{""region"":""B\u00edo B\u00edo Region"",""percentage"":0.113645},{""region"":""Coquimbo Region"",""percentage"":0.029132},{""region"":""O'Higgins Region"",""percentage"":0.046609},{""region"":""Los Lagos Region"",""percentage"":0.042197},{""region"":""Magallanes y la Ant\u00e1rtica Chilena Region"",""percentage"":0.00928},{""region"":""Maule Region"",""percentage"":0.049191},{""region"":""Santiago Metropolitan Region"",""percentage"":0.44974},{""region"":""Tarapac\u00e1 Region"",""percentage"":0.021125}","facebook,instagram","lower_bound: 1000001",es
886023625432434,881095048648989,"José Antonio Kast",2021-12-14,2021-12-14,2021-12-16,"José Antonio Kast","¡Vamos por una sola línea! Me sigo vistiendo igual de como me he vestido cuando fui Diputado, no hablo de temas religiosos solamente para encantar a algunas personas, he sido drástico con el tema del narcotráfico y de la violencia, he sido un defensor permanente de Carabineros, defendido las costumbres y cultura campesina, nunca he prometido mar para Bolivia, siempre he hablado del control de fronteras, de bajar la carga fiscal, de reducir el Estado, enfrentar el nepotismo y enfrentar a los apitutados, cosa que se mantiene en una línea”. #TodoChileConKast",,,,"lower_bound: 50000, upper_bound: 59999","lower_bound: 400, upper_bound: 499",USD,"{""age"":""45-54"",""gender"":""unknown"",""percentage"":0.002962},{""age"":""45-54"",""gender"":""male"",""percentage"":0.069326},{""age"":""65+"",""gender"":""unknown"",""percentage"":0.000955},{""age"":""25-34"",""gender"":""unknown"",""percentage"":0.002124},{""age"":""55-64"",""gender"":""unknown"",""percentage"":0.001403},{""age"":""35-44"",""gender"":""unknown"",""percentage"":0.004988},{""age"":""65+"",""gender"":""female"",""percentage"":0.042612},{""age"":""18-24"",""gender"":""female"",""percentage"":0.023985},{""age"":""45-54"",""gender"":""female"",""percentage"":0.082107},{""age"":""18-24"",""gender"":""male"",""percentage"":0.034156},{""age"":""65+"",""gender"":""male"",""percentage"":0.030649},{""age"":""25-34"",""gender"":""female"",""percentage"":0.14134},{""age"":""35-44"",""gender"":""female"",""percentage"":0.128188},{""age"":""25-34"",""gender"":""male"",""percentage"":0.183407},{""age"":""55-64"",""gender"":""female"",""percentage"":0.066267},{""age"":""35-44"",""gender"":""male"",""percentage"":0.136391},{""age"":""55-64"",""gender"":""male"",""percentage"":0.048731},{""age"":""18-24"",""gender"":""unknown"",""percentage"":0.000409}","{""region"":""Los R\u00edos Region"",""percentage"":0.03009},{""region"":""Arica y Parinacota Region"",""percentage"":0.01525},{""region"":""Valpara\u00edso Region"",""percentage"":0.088105},{""region"":""Ays\u00e9n Region"",""percentage"":0.00743},{""region"":""Antofagasta Region"",""percentage"":0.044579},{""region"":""Araucan\u00eda Region"",""percentage"":0.089879},{""region"":""Atacama Region"",""percentage"":0.016849},{""region"":""B\u00edo B\u00edo Region"",""percentage"":0.158951},{""region"":""Coquimbo Region"",""percentage"":0.027925},{""region"":""O'Higgins Region"",""percentage"":0.059984},{""region"":""Los Lagos Region"",""percentage"":0.062402},{""region"":""Magallanes y la Ant\u00e1rtica Chilena Region"",""percentage"":0.014392},{""region"":""Maule Region"",""percentage"":0.064021},{""region"":""Santiago Metropolitan Region"",""percentage"":0.292297},{""region"":""Tarapac\u00e1 Region"",""percentage"":0.027847}","facebook,instagram","lower_bound: 1000001",es
901074997258357,881095048648989,"José Antonio Kast",2021-12-13,2021-12-14,2021-12-15,"José Antonio Kast","¡No más caricaturas! No me meteré en la cama de nadie ni perseguir a nadie. No crean en las mentiras de la izquierda ideológica ✌🏻 #TodoChileConKast",,,,"lower_bound: 500000, upper_bound: 599999","lower_bound: 6000, upper_bound: 6999",USD,"{""age"":""13-17"",""gender"":""male"",""percentage"":2.0e-6},{""age"":""25-34"",""gender"":""female"",""percentage"":0.160524},{""age"":""45-54"",""gender"":""female"",""percentage"":0.104528},{""age"":""35-44"",""gender"":""female"",""percentage"":0.154188},{""age"":""55-64"",""gender"":""male"",""percentage"":0.048439},{""age"":""25-34"",""gender"":""unknown"",""percentage"":0.00186},{""age"":""55-64"",""gender"":""female"",""percentage"":0.075769},{""age"":""35-44"",""gender"":""male"",""percentage"":0.123832},{""age"":""65+"",""gender"":""male"",""percentage"":0.030761},{""age"":""45-54"",""gender"":""male"",""percentage"":0.077613},{""age"":""65+"",""gender"":""unknown"",""percentage"":0.001006},{""age"":""18-24"",""gender"":""male"",""percentage"":0.015859},{""age"":""65+"",""gender"":""female"",""percentage"":0.045766},{""age"":""35-44"",""gender"":""unknown"",""percentage"":0.004743},{""age"":""25-34"",""gender"":""male"",""percentage"":0.134986},{""age"":""18-24"",""gender"":""female"",""percentage"":0.014898},{""age"":""55-64"",""gender"":""unknown"",""percentage"":0.001608},{""age"":""45-54"",""gender"":""unknown"",""percentage"":0.003454},{""age"":""18-24"",""gender"":""unknown"",""percentage"":0.000161}","{""region"":""Los R\u00edos Region"",""percentage"":0.017307},{""region"":""Arica y Parinacota Region"",""percentage"":0.009316},{""region"":""Valpara\u00edso Region"",""percentage"":0.094598},{""region"":""Ays\u00e9n Region"",""percentage"":0.004061},{""region"":""Antofagasta Region"",""percentage"":0.039193},{""region"":""Araucan\u00eda Region"",""percentage"":0.044313},{""region"":""Atacama Region"",""percentage"":0.012918},{""region"":""B\u00edo B\u00edo Region"",""percentage"":0.098456},{""region"":""Coquimbo Region"",""percentage"":0.03455},{""region"":""O'Higgins Region"",""percentage"":0.043074},{""region"":""Los Lagos Region"",""percentage"":0.038538},{""region"":""Magallanes y la Ant\u00e1rtica Chilena Region"",""percentage"":0.009621},{""region"":""Maule Region"",""percentage"":0.043735},{""region"":""Santiago Metropolitan Region"",""percentage"":0.493621},{""region"":""Tarapac\u00e1 Region"",""percentage"":0.016697}","facebook,instagram","lower_bound: 1000001",es
588522882216619,881095048648989,"José Antonio Kast",2021-12-13,2021-12-13,2021-12-16,"José Antonio Kast","Recuperaremos el orden público y la seguridad de todos los chilenos. Respaldo total a nuestros Carabineros y Fuerzas Armadas, defensa real a las víctimas de la delincuencia y rehabilitación a quienes hayan delinquido #SeguridadConKast",,,,"lower_bound: 6000, upper_bound: 6999","lower_bound: 0, upper_bound: 99",USD,"{""age"":""55-64"",""gender"":""unknown"",""percentage"":0.000686},{""age"":""65+"",""gender"":""unknown"",""percentage"":0.001029},{""age"":""35-44"",""gender"":""male"",""percentage"":0.064129},{""age"":""55-64"",""gender"":""male"",""percentage"":0.035665},{""age"":""45-54"",""gender"":""unknown"",""percentage"":0.002058},{""age"":""65+"",""gender"":""female"",""percentage"":0.076818},{""age"":""25-34"",""gender"":""male"",""percentage"":0.123457},{""age"":""45-54"",""gender"":""female"",""percentage"":0.125171},{""age"":""45-54"",""gender"":""male"",""percentage"":0.043724},{""age"":""55-64"",""gender"":""female"",""percentage"":0.127401},{""age"":""25-34"",""gender"":""female"",""percentage"":0.200789},{""age"":""35-44"",""gender"":""female"",""percentage"":0.171468},{""age"":""35-44"",""gender"":""unknown"",""percentage"":0.003086},{""age"":""65+"",""gender"":""male"",""percentage"":0.021776},{""age"":""25-34"",""gender"":""unknown"",""percentage"":0.002743}","{""region"":""Los R\u00edos Region"",""percentage"":0.102656},{""region"":""Araucan\u00eda Region"",""percentage"":0.137104},{""region"":""B\u00edo B\u00edo Region"",""percentage"":0.224336},{""region"":""O'Higgins Region"",""percentage"":0.227249},{""region"":""Los Lagos Region"",""percentage"":0.212168},{""region"":""Maule Region"",""percentage"":0.096487}","facebook,instagram","lower_bound: 100001, upper_bound: 500000",es
450237196476425,881095048648989,"José Antonio Kast",2021-12-13,2021-12-13,2021-12-16,"José Antonio Kast","Algunos quieren cambiar nuestra bandera. Nosotros la vamos a defender junto a todos nuestros símbolos patrios. Recuperaremos el respeto a nuestros Carabineros y FFAA y caminaremos hacia un nuevo Estado. Un Estado moderno al servicio de las personas. 

Por un futuro diferente ¡Atrévete!",,,,"lower_bound: 25000, upper_bound: 29999","lower_bound: 400, upper_bound: 499",USD,"{""age"":""25-34"",""gender"":""unknown"",""percentage"":0.002389},{""age"":""25-34"",""gender"":""male"",""percentage"":0.174828},{""age"":""65+"",""gender"":""male"",""percentage"":0.028162},{""age"":""25-34"",""gender"":""female"",""percentage"":0.207035},{""age"":""35-44"",""gender"":""male"",""percentage"":0.103749},{""age"":""55-64"",""gender"":""female"",""percentage"":0.069577},{""age"":""35-44"",""gender"":""female"",""percentage"":0.165389},{""age"":""45-54"",""gender"":""male"",""percentage"":0.05355},{""age"":""45-54"",""gender"":""female"",""percentage"":0.097816},{""age"":""65+"",""gender"":""female"",""percentage"":0.051162},{""age"":""55-64"",""gender"":""male"",""percentage"":0.038024},{""age"":""65+"",""gender"":""unknown"",""percentage"":0.000848},{""age"":""45-54"",""gender"":""unknown"",""percentage"":0.002735},{""age"":""55-64"",""gender"":""unknown"",""percentage"":0.001002},{""age"":""35-44"",""gender"":""unknown"",""percentage"":0.003737}","{""region"":""Los R\u00edos Region"",""percentage"":0.09903},{""region"":""Araucan\u00eda Region"",""percentage"":0.153413},{""region"":""B\u00edo B\u00edo Region"",""percentage"":0.20768},{""region"":""O'Higgins Region"",""percentage"":0.232553},{""region"":""Los Lagos Region"",""percentage"":0.214272},{""region"":""Maule Region"",""percentage"":0.093052}","facebook,instagram","lower_bound: 100001, upper_bound: 500000",es
300751501938312,881095048648989,"José Antonio Kast",2021-12-13,2021-12-13,2021-12-14,"José Antonio Kast","Por un futuro diferente, con José Antonio Kast Presidente 

Con libertad, paz, orden y progreso, y para ese futuro esplendor alcanzar ¡Atrévete por el Futuro de Chile! #TranquiloTodoVaEstarBien""",,,,"lower_bound: 50000, upper_bound: 59999","lower_bound: 700, upper_bound: 799",USD,"{""age"":""55-64"",""gender"":""unknown"",""percentage"":0.001174},{""age"":""55-64"",""gender"":""male"",""percentage"":0.030778},{""age"":""25-34"",""gender"":""unknown"",""percentage"":0.002013},{""age"":""65+"",""gender"":""male"",""percentage"":0.019875},{""age"":""45-54"",""gender"":""unknown"",""percentage"":0.002998},{""age"":""65+"",""gender"":""female"",""percentage"":0.044028},{""age"":""45-54"",""gender"":""male"",""percentage"":0.048766},{""age"":""45-54"",""gender"":""female"",""percentage"":0.11116},{""age"":""25-34"",""gender"":""male"",""percentage"":0.148311},{""age"":""35-44"",""gender"":""female"",""percentage"":0.183156},{""age"":""25-34"",""gender"":""female"",""percentage"":0.23687},{""age"":""55-64"",""gender"":""female"",""percentage"":0.076462},{""age"":""35-44"",""gender"":""male"",""percentage"":0.090656},{""age"":""35-44"",""gender"":""unknown"",""percentage"":0.003208},{""age"":""65+"",""gender"":""unknown"",""percentage"":0.000545}","{""region"":""Los R\u00edos Region"",""percentage"":0.095875},{""region"":""Araucan\u00eda Region"",""percentage"":0.170628},{""region"":""B\u00edo B\u00edo Region"",""percentage"":0.228939},{""region"":""O'Higgins Region"",""percentage"":0.210147},{""region"":""Los Lagos Region"",""percentage"":0.208732},{""region"":""Maule Region"",""percentage"":0.085678}","facebook,instagram","lower_bound: 100001, upper_bound: 500000",es
1330140810748679,881095048648989,"José Antonio Kast",2021-12-13,2021-12-13,2021-12-14,"José Antonio Kast","Recuperaremos el orden público y la seguridad de todos los chilenos. Respaldo total a nuestros Carabineros y Fuerzas Armadas, defensa real a las víctimas de la delincuencia y rehabilitación a quienes hayan delinquido #SeguridadConKast",,,,"lower_bound: 1000, upper_bound: 1999","lower_bound: 0, upper_bound: 99",USD,"{""age"":""55-64"",""gender"":""unknown"",""percentage"":0.000899},{""age"":""25-34"",""gender"":""unknown"",""percentage"":0.001799},{""age"":""35-44"",""gender"":""unknown"",""percentage"":0.006295},{""age"":""35-44"",""gender"":""male"",""percentage"":0.057554},{""age"":""55-64"",""gender"":""male"",""percentage"":0.022482},{""age"":""25-34"",""gender"":""female"",""percentage"":0.206835},{""age"":""25-34"",""gender"":""male"",""percentage"":0.114209},{""age"":""55-64"",""gender"":""female"",""percentage"":0.130396},{""age"":""35-44"",""gender"":""female"",""percentage"":0.154676},{""age"":""45-54"",""gender"":""female"",""percentage"":0.148381},{""age"":""45-54"",""gender"":""male"",""percentage"":0.038669},{""age"":""65+"",""gender"":""female"",""percentage"":0.090827},{""age"":""45-54"",""gender"":""unknown"",""percentage"":0.003597},{""age"":""65+"",""gender"":""male"",""percentage"":0.019784},{""age"":""65+"",""gender"":""unknown"",""percentage"":0.003597}","{""region"":""Los R\u00edos Region"",""percentage"":0.09434},{""region"":""Araucan\u00eda Region"",""percentage"":0.145553},{""region"":""B\u00edo B\u00edo Region"",""percentage"":0.214735},{""region"":""O'Higgins Region"",""percentage"":0.230907},{""region"":""Los Lagos Region"",""percentage"":0.216532},{""region"":""Maule Region"",""percentage"":0.097934}","facebook,instagram","lower_bound: 100001, upper_bound: 500000",es
627075418418805,881095048648989,"José Antonio Kast",2021-12-13,2021-12-13,2021-12-16,"José Antonio Kast","Algunos dicen que soy extremo... Yo me pregunto ¿Extremo en qué?  #ExtremoEnQue",,,,"lower_bound: 70000, upper_bound: 79999","lower_bound: 1000, upper_bound: 1499",USD,"{""age"":""65+"",""gender"":""unknown"",""percentage"":0.000466},{""age"":""25-34"",""gender"":""unknown"",""percentage"":0.001913},{""age"":""35-44"",""gender"":""unknown"",""percentage"":0.003044},{""age"":""45-54"",""gender"":""unknown"",""percentage"":0.001913},{""age"":""45-54"",""gender"":""male"",""percentage"":0.044285},{""age"":""25-34"",""gender"":""male"",""percentage"":0.169403},{""age"":""55-64"",""gender"":""male"",""percentage"":0.026251},{""age"":""55-64"",""gender"":""female"",""percentage"":0.050007},{""age"":""35-44"",""gender"":""female"",""percentage"":0.192694},{""age"":""45-54"",""gender"":""female"",""percentage"":0.082697},{""age"":""65+"",""gender"":""female"",""percentage"":0.026634},{""age"":""35-44"",""gender"":""male"",""percentage"":0.09712},{""age"":""25-34"",""gender"":""female"",""percentage"":0.286187},{""age"":""65+"",""gender"":""male"",""percentage"":0.016603},{""age"":""55-64"",""gender"":""unknown"",""percentage"":0.000782}","{""region"":""Los R\u00edos Region"",""percentage"":0.092269},{""region"":""Araucan\u00eda Region"",""percentage"":0.141803},{""region"":""B\u00edo B\u00edo Region"",""percentage"":0.210878},{""region"":""O'Higgins Region"",""percentage"":0.225343},{""region"":""Los Lagos Region"",""percentage"":0.231907},{""region"":""Maule Region"",""percentage"":0.097801}","facebook,instagram","lower_bound: 500001, upper_bound: 1000000",es
463969355243919,881095048648989,"José Antonio Kast",2021-12-13,2021-12-13,2021-12-14,"José Antonio Kast","Por un futuro diferente, con José Antonio Kast Presidente 

Con libertad, paz, orden y progreso, y para ese futuro esplendor alcanzar ¡Atrévete por el Futuro de Chile! #TranquiloTodoVaEstarBien""",,,,"lower_bound: 25000, upper_bound: 29999","lower_bound: 300, upper_bound: 399",USD,"{""age"":""13-17"",""gender"":""male"",""percentage"":0.000688},{""age"":""35-44"",""gender"":""female"",""percentage"":0.182407},{""age"":""13-17"",""gender"":""female"",""percentage"":0.000326},{""age"":""65+"",""gender"":""female"",""percentage"":0.071284},{""age"":""45-54"",""gender"":""male"",""percentage"":0.060971},{""age"":""25-34"",""gender"":""female"",""percentage"":0.129867},{""age"":""25-34"",""gender"":""male"",""percentage"":0.078376},{""age"":""35-44"",""gender"":""male"",""percentage"":0.096505},{""age"":""55-64"",""gender"":""female"",""percentage"":0.118143},{""age"":""55-64"",""gender"":""unknown"",""percentage"":0.000579},{""age"":""65+"",""gender"":""male"",""percentage"":0.033652},{""age"":""55-64"",""gender"":""male"",""percentage"":0.054349},{""age"":""45-54"",""gender"":""female"",""percentage"":0.168223},{""age"":""35-44"",""gender"":""unknown"",""percentage"":0.001882},{""age"":""25-34"",""gender"":""unknown"",""percentage"":0.00123},{""age"":""45-54"",""gender"":""unknown"",""percentage"":0.000868},{""age"":""13-17"",""gender"":""unknown"",""percentage"":0.000217},{""age"":""65+"",""gender"":""unknown"",""percentage"":0.000434}","{""region"":""Valpara\u00edso Region"",""percentage"":0.172086},{""region"":""Atacama Region"",""percentage"":0.019237},{""region"":""B\u00edo B\u00edo Region"",""percentage"":0.190818},{""region"":""Coquimbo Region"",""percentage"":0.040243},{""region"":""O'Higgins Region"",""percentage"":0.066301},{""region"":""Maule Region"",""percentage"":7.2e-5},{""region"":""Santiago Metropolitan Region"",""percentage"":0.511243}","facebook,instagram","lower_bound: 1000001",es
863898364290794,881095048648989,"José Antonio Kast",2021-12-13,2021-12-13,2021-12-15,"José Antonio Kast","Recuperaremos el orden público y la seguridad de todos los chilenos. Respaldo total a nuestros Carabineros y Fuerzas Armadas, defensa real a las víctimas de la delincuencia y rehabilitación a quienes hayan delinquido #SeguridadConKast",,,,"lower_bound: 6000, upper_bound: 6999","lower_bound: 0, upper_bound: 99",USD,"{""age"":""13-17"",""gender"":""unknown"",""percentage"":0.00016},{""age"":""35-44"",""gender"":""female"",""percentage"":0.190072},{""age"":""13-17"",""gender"":""male"",""percentage"":0.001441},{""age"":""25-34"",""gender"":""unknown"",""percentage"":0.004003},{""age"":""13-17"",""gender"":""female"",""percentage"":0.001761},{""age"":""35-44"",""gender"":""unknown"",""percentage"":0.004804},{""age"":""55-64"",""gender"":""female"",""percentage"":0.115292},{""age"":""65+"",""gender"":""male"",""percentage"":0.021777},{""age"":""25-34"",""gender"":""male"",""percentage"":0.106645},{""age"":""55-64"",""gender"":""unknown"",""percentage"":0.000961},{""age"":""45-54"",""gender"":""male"",""percentage"":0.057486},{""age"":""45-54"",""gender"":""female"",""percentage"":0.13803},{""age"":""35-44"",""gender"":""male"",""percentage"":0.103283},{""age"":""25-34"",""gender"":""female"",""percentage"":0.158207},{""age"":""45-54"",""gender"":""unknown"",""percentage"":0.002082},{""age"":""65+"",""gender"":""female"",""percentage"":0.058927},{""age"":""55-64"",""gender"":""male"",""percentage"":0.034267},{""age"":""65+"",""gender"":""unknown"",""percentage"":0.000801}","{""region"":""Valpara\u00edso Region"",""percentage"":0.164135},{""region"":""Atacama Region"",""percentage"":0.017148},{""region"":""B\u00edo B\u00edo Region"",""percentage"":0.197452},{""region"":""Coquimbo Region"",""percentage"":0.033154},{""region"":""O'Higgins Region"",""percentage"":0.07088},{""region"":""Maule Region"",""percentage"":0.000327},{""region"":""Santiago Metropolitan Region"",""percentage"":0.516903}","facebook,instagram","lower_bound: 1000001",es
330938971900295,881095048648989,"José Antonio Kast",2021-12-13,2021-12-13,2021-12-14,"José Antonio Kast","Algunos dicen que soy extremo... Yo me pregunto ¿Extremo en qué?  #ExtremoEnQue",,,,"lower_bound: 25000, upper_bound: 29999","lower_bound: 200, upper_bound: 299",USD,"{""age"":""35-44"",""gender"":""unknown"",""percentage"":0.001929},{""age"":""25-34"",""gender"":""male"",""percentage"":0.073733},{""age"":""45-54"",""gender"":""unknown"",""percentage"":0.001246},{""age"":""13-17"",""gender"":""female"",""percentage"":0.000321},{""age"":""65+"",""gender"":""male"",""percentage"":0.026882},{""age"":""45-54"",""gender"":""male"",""percentage"":0.051754},{""age"":""55-64"",""gender"":""female"",""percentage"":0.13714},{""age"":""35-44"",""gender"":""male"",""percentage"":0.072447},{""age"":""45-54"",""gender"":""female"",""percentage"":0.181058},{""age"":""13-17"",""gender"":""male"",""percentage"":0.000763},{""age"":""25-34"",""gender"":""female"",""percentage"":0.140354},{""age"":""55-64"",""gender"":""male"",""percentage"":0.045646},{""age"":""65+"",""gender"":""female"",""percentage"":0.076144},{""age"":""35-44"",""gender"":""female"",""percentage"":0.18797},{""age"":""25-34"",""gender"":""unknown"",""percentage"":0.001165},{""age"":""65+"",""gender"":""unknown"",""percentage"":0.000522},{""age"":""55-64"",""gender"":""unknown"",""percentage"":0.000804},{""age"":""13-17"",""gender"":""unknown"",""percentage"":0.000121}","{""region"":""Atacama Region"",""percentage"":0.020735},{""region"":""B\u00edo B\u00edo Region"",""percentage"":0.186045},{""region"":""Coquimbo Region"",""percentage"":0.037946},{""region"":""O'Higgins Region"",""percentage"":0.066456},{""region"":""Maule Region"",""percentage"":0.000162},{""region"":""Santiago Metropolitan Region"",""percentage"":0.516867},{""region"":""Valpara\u00edso Region"",""percentage"":0.17179}","facebook,instagram","lower_bound: 1000001",es
3170337109870052,881095048648989,"José Antonio Kast",2021-12-13,2021-12-13,2021-12-16,"José Antonio Kast","Algunos quieren cambiar nuestra bandera. Nosotros la vamos a defender junto a todos nuestros símbolos patrios. Recuperaremos el respeto a nuestros Carabineros y FFAA y caminaremos hacia un nuevo Estado. Un Estado moderno al servicio de las personas. 

Por un futuro diferente ¡Atrévete!",,,,"lower_bound: 80000, upper_bound: 89999","lower_bound: 1000, upper_bound: 1499",USD,"{""age"":""13-17"",""gender"":""male"",""percentage"":0.000722},{""age"":""35-44"",""gender"":""male"",""percentage"":0.12253},{""age"":""45-54"",""gender"":""male"",""percentage"":0.119867},{""age"":""45-54"",""gender"":""female"",""percentage"":0.12522},{""age"":""55-64"",""gender"":""male"",""percentage"":0.109607},{""age"":""65+"",""gender"":""female"",""percentage"":0.076557},{""age"":""25-34"",""gender"":""female"",""percentage"":0.067648},{""age"":""55-64"",""gender"":""female"",""percentage"":0.124984},{""age"":""65+"",""gender"":""male"",""percentage"":0.054764},{""age"":""65+"",""gender"":""unknown"",""percentage"":0.00059},{""age"":""25-34"",""gender"":""male"",""percentage"":0.080257},{""age"":""13-17"",""gender"":""unknown"",""percentage"":0.000184},{""age"":""13-17"",""gender"":""female"",""percentage"":0.000328},{""age"":""25-34"",""gender"":""unknown"",""percentage"":0.001233},{""age"":""45-54"",""gender"":""unknown"",""percentage"":0.001404},{""age"":""35-44"",""gender"":""unknown"",""percentage"":0.001771},{""age"":""55-64"",""gender"":""unknown"",""percentage"":0.000748},{""age"":""35-44"",""gender"":""female"",""percentage"":0.111588}","{""region"":""Maule Region"",""percentage"":9.4e-5},{""region"":""Valpara\u00edso Region"",""percentage"":0.17311},{""region"":""Atacama Region"",""percentage"":0.024195},{""region"":""B\u00edo B\u00edo Region"",""percentage"":0.214059},{""region"":""Coquimbo Region"",""percentage"":0.040762},{""region"":""O'Higgins Region"",""percentage"":0.089927},{""region"":""Santiago Metropolitan Region"",""percentage"":0.457853}","facebook,instagram","lower_bound: 1000001",es
583821842725753,881095048648989,"José Antonio Kast",2021-12-13,2021-12-13,2021-12-14,"José Antonio Kast","Recuperaremos el orden público y la seguridad de todos los chilenos. Respaldo total a nuestros Carabineros y Fuerzas Armadas, defensa real a las víctimas de la delincuencia y rehabilitación a quienes hayan delinquido #SeguridadConKast",,,,"lower_bound: 5000, upper_bound: 5999","lower_bound: 0, upper_bound: 99",USD,"{""age"":""25-34"",""gender"":""unknown"",""percentage"":0.001416},{""age"":""55-64"",""gender"":""male"",""percentage"":0.044287},{""age"":""35-44"",""gender"":""unknown"",""percentage"":0.004449},{""age"":""13-17"",""gender"":""female"",""percentage"":0.00182},{""age"":""55-64"",""gender"":""unknown"",""percentage"":0.000809},{""age"":""25-34"",""gender"":""male"",""percentage"":0.066936},{""age"":""25-34"",""gender"":""female"",""percentage"":0.148231},{""age"":""55-64"",""gender"":""female"",""percentage"":0.155106},{""age"":""45-54"",""gender"":""female"",""percentage"":0.155511},{""age"":""45-54"",""gender"":""unknown"",""percentage"":0.001213},{""age"":""35-44"",""gender"":""male"",""percentage"":0.080485},{""age"":""35-44"",""gender"":""female"",""percentage"":0.167442},{""age"":""65+"",""gender"":""female"",""percentage"":0.08999},{""age"":""45-54"",""gender"":""male"",""percentage"":0.047927},{""age"":""65+"",""gender"":""male"",""percentage"":0.031749},{""age"":""65+"",""gender"":""unknown"",""percentage"":0.001213},{""age"":""13-17"",""gender"":""unknown"",""percentage"":0.000404},{""age"":""13-17"",""gender"":""male"",""percentage"":0.001011}","{""region"":""Valpara\u00edso Region"",""percentage"":0.17893},{""region"":""Atacama Region"",""percentage"":0.021914},{""region"":""B\u00edo B\u00edo Region"",""percentage"":0.211902},{""region"":""Coquimbo Region"",""percentage"":0.034379},{""region"":""O'Higgins Region"",""percentage"":0.068556},{""region"":""Maule Region"",""percentage"":0.000201},{""region"":""Santiago Metropolitan Region"",""percentage"":0.484117}","facebook,instagram","lower_bound: 1000001",es
427280625609711,881095048648989,"José Antonio Kast",2021-12-13,2021-12-13,2021-12-16,"José Antonio Kast","Algunos dicen que soy extremo... Yo me pregunto ¿Extremo en qué?  #ExtremoEnQue",,,,"lower_bound: 35000, upper_bound: 39999","lower_bound: 200, upper_bound: 299",USD,"{""age"":""25-34"",""gender"":""unknown"",""percentage"":0.001349},{""age"":""45-54"",""gender"":""male"",""percentage"":0.053792},{""age"":""18-24"",""gender"":""male"",""percentage"":0.043742},{""age"":""18-24"",""gender"":""female"",""percentage"":0.044012},{""age"":""45-54"",""gender"":""female"",""percentage"":0.087754},{""age"":""35-44"",""gender"":""male"",""percentage"":0.127314},{""age"":""25-34"",""gender"":""female"",""percentage"":0.184041},{""age"":""35-44"",""gender"":""female"",""percentage"":0.18711},{""age"":""65+"",""gender"":""male"",""percentage"":0.019291},{""age"":""18-24"",""gender"":""unknown"",""percentage"":0.000371},{""age"":""55-64"",""gender"":""female"",""percentage"":0.049037},{""age"":""55-64"",""gender"":""male"",""percentage"":0.02806},{""age"":""55-64"",""gender"":""unknown"",""percentage"":0.000742},{""age"":""65+"",""gender"":""unknown"",""percentage"":0.000641},{""age"":""45-54"",""gender"":""unknown"",""percentage"":0.00199},{""age"":""65+"",""gender"":""female"",""percentage"":0.028633},{""age"":""35-44"",""gender"":""unknown"",""percentage"":0.003339},{""age"":""25-34"",""gender"":""male"",""percentage"":0.138781}","{""region"":""Los R\u00edos Region"",""percentage"":0.027746},{""region"":""Araucan\u00eda Region"",""percentage"":0.588631},{""region"":""B\u00edo B\u00edo Region"",""percentage"":0.383588},{""region"":""Unknown"",""percentage"":3.5e-5}","facebook,instagram","lower_bound: 100001, upper_bound: 500000",es
418340559949010,881095048648989,"José Antonio Kast",2021-12-13,2021-12-13,2021-12-15,"José Antonio Kast","Por un futuro diferente, con José Antonio Kast Presidente 

Con libertad, paz, orden y progreso, y para ese futuro esplendor alcanzar ¡Atrévete por el Futuro de Chile! #TranquiloTodoVaEstarBien""",,,,"lower_bound: 15000, upper_bound: 19999","lower_bound: 200, upper_bound: 299",USD,"{""age"":""55-64"",""gender"":""unknown"",""percentage"":0.00086},{""age"":""45-54"",""gender"":""female"",""percentage"":0.102845},{""age"":""25-34"",""gender"":""unknown"",""percentage"":0.001106},{""age"":""45-54"",""gender"":""unknown"",""percentage"":0.001474},{""age"":""55-64"",""gender"":""male"",""percentage"":0.031947},{""age"":""18-24"",""gender"":""female"",""percentage"":0.036002},{""age"":""65+"",""gender"":""male"",""percentage"":0.018984},{""age"":""18-24"",""gender"":""unknown"",""percentage"":0.000491},{""age"":""18-24"",""gender"":""male"",""percentage"":0.0325},{""age"":""35-44"",""gender"":""unknown"",""percentage"":0.003133},{""age"":""35-44"",""gender"":""male"",""percentage"":0.112244},{""age"":""45-54"",""gender"":""male"",""percentage"":0.064631},{""age"":""25-34"",""gender"":""female"",""percentage"":0.192173},{""age"":""55-64"",""gender"":""female"",""percentage"":0.050992},{""age"":""35-44"",""gender"":""female"",""percentage"":0.18265},{""age"":""25-34"",""gender"":""male"",""percentage"":0.135529},{""age"":""65+"",""gender"":""female"",""percentage"":0.03207},{""age"":""65+"",""gender"":""unknown"",""percentage"":0.000369}","{""region"":""Los R\u00edos Region"",""percentage"":0.025651},{""region"":""Araucan\u00eda Region"",""percentage"":0.577819},{""region"":""B\u00edo B\u00edo Region"",""percentage"":0.39653}","facebook,instagram","lower_bound: 100001, upper_bound: 500000",es
895945154432226,881095048648989,"José Antonio Kast",2021-12-13,2021-12-13,2021-12-16,"José Antonio Kast","Recuperaremos el orden público y la seguridad de todos los chilenos. Respaldo total a nuestros Carabineros y Fuerzas Armadas, defensa real a las víctimas de la delincuencia y rehabilitación a quienes hayan delinquido #SeguridadConKast",,,,"lower_bound: 6000, upper_bound: 6999","lower_bound: 0, upper_bound: 99",USD,"{""age"":""25-34"",""gender"":""unknown"",""percentage"":0.001571},{""age"":""55-64"",""gender"":""male"",""percentage"":0.041249},{""age"":""45-54"",""gender"":""male"",""percentage"":0.062856},{""age"":""45-54"",""gender"":""female"",""percentage"":0.090356},{""age"":""18-24"",""gender"":""female"",""percentage"":0.033982},{""age"":""55-64"",""gender"":""female"",""percentage"":0.069142},{""age"":""65+"",""gender"":""female"",""percentage"":0.047142},{""age"":""25-34"",""gender"":""female"",""percentage"":0.165193},{""age"":""35-44"",""gender"":""female"",""percentage"":0.122373},{""age"":""65+"",""gender"":""unknown"",""percentage"":0.000786},{""age"":""35-44"",""gender"":""male"",""percentage"":0.108034},{""age"":""25-34"",""gender"":""male"",""percentage"":0.172658},{""age"":""65+"",""gender"":""male"",""percentage"":0.026714},{""age"":""55-64"",""gender"":""unknown"",""percentage"":0.000589},{""age"":""45-54"",""gender"":""unknown"",""percentage"":0.001375},{""age"":""35-44"",""gender"":""unknown"",""percentage"":0.003143},{""age"":""18-24"",""gender"":""unknown"",""percentage"":0.000982},{""age"":""18-24"",""gender"":""male"",""percentage"":0.051856}","{""region"":""Los R\u00edos Region"",""percentage"":0.023758},{""region"":""Araucan\u00eda Region"",""percentage"":0.610642},{""region"":""B\u00edo B\u00edo Region"",""percentage"":0.3656}","facebook,instagram","lower_bound: 100001, upper_bound: 500000",es
592688455161162,881095048648989,"José Antonio Kast",2021-12-13,2021-12-13,2021-12-15,"José Antonio Kast","Algunos quieren cambiar nuestra bandera. Nosotros la vamos a defender junto a todos nuestros símbolos patrios. Recuperaremos el respeto a nuestros Carabineros y FFAA y caminaremos hacia un nuevo Estado. Un Estado moderno al servicio de las personas. 

Por un futuro diferente ¡Atrévete!",,,,"lower_bound: 5000, upper_bound: 5999","lower_bound: 0, upper_bound: 99",USD,"{""age"":""65+"",""gender"":""unknown"",""percentage"":0.000206},{""age"":""25-34"",""gender"":""male"",""percentage"":0.123866},{""age"":""65+"",""gender"":""male"",""percentage"":0.031946},{""age"":""65+"",""gender"":""female"",""percentage"":0.055235},{""age"":""45-54"",""gender"":""male"",""percentage"":0.045136},{""age"":""35-44"",""gender"":""female"",""percentage"":0.158491},{""age"":""18-24"",""gender"":""male"",""percentage"":0.047609},{""age"":""45-54"",""gender"":""female"",""percentage"":0.103875},{""age"":""25-34"",""gender"":""female"",""percentage"":0.193116},{""age"":""45-54"",""gender"":""unknown"",""percentage"":0.002061},{""age"":""35-44"",""gender"":""male"",""percentage"":0.080379},{""age"":""55-64"",""gender"":""male"",""percentage"":0.03751},{""age"":""55-64"",""gender"":""female"",""percentage"":0.066158},{""age"":""18-24"",""gender"":""unknown"",""percentage"":0.001649},{""age"":""18-24"",""gender"":""female"",""percentage"":0.047197},{""age"":""25-34"",""gender"":""unknown"",""percentage"":0.001031},{""age"":""55-64"",""gender"":""unknown"",""percentage"":0.001237},{""age"":""35-44"",""gender"":""unknown"",""percentage"":0.003298}","{""region"":""Los R\u00edos Region"",""percentage"":0.025036},{""region"":""Araucan\u00eda Region"",""percentage"":0.538589},{""region"":""B\u00edo B\u00edo Region"",""percentage"":0.436375}","facebook,instagram","lower_bound: 100001, upper_bound: 500000",es
468873734585829,881095048648989,"José Antonio Kast",2021-12-13,2021-12-13,2021-12-15,"José Antonio Kast","Recuperaremos el orden público y la seguridad de todos los chilenos. Respaldo total a nuestros Carabineros y Fuerzas Armadas, defensa real a las víctimas de la delincuencia y rehabilitación a quienes hayan delinquido #SeguridadConKast",,,,"lower_bound: 0, upper_bound: 999","lower_bound: 0, upper_bound: 99",USD,"{""age"":""35-44"",""gender"":""unknown"",""percentage"":0.001192},{""age"":""55-64"",""gender"":""unknown"",""percentage"":0.001192},{""age"":""45-54"",""gender"":""unknown"",""percentage"":0.003576},{""age"":""55-64"",""gender"":""female"",""percentage"":0.092968},{""age"":""55-64"",""gender"":""male"",""percentage"":0.034565},{""age"":""45-54"",""gender"":""female"",""percentage"":0.109654},{""age"":""18-24"",""gender"":""female"",""percentage"":0.071514},{""age"":""35-44"",""gender"":""female"",""percentage"":0.148987},{""age"":""25-34"",""gender"":""female"",""percentage"":0.247914},{""age"":""35-44"",""gender"":""male"",""percentage"":0.058403},{""age"":""25-34"",""gender"":""male"",""percentage"":0.109654},{""age"":""45-54"",""gender"":""male"",""percentage"":0.026222},{""age"":""65+"",""gender"":""female"",""percentage"":0.047676},{""age"":""18-24"",""gender"":""male"",""percentage"":0.029797},{""age"":""65+"",""gender"":""male"",""percentage"":0.016687}","{""region"":""Los R\u00edos Region"",""percentage"":0.01773},{""region"":""Araucan\u00eda Region"",""percentage"":0.537825},{""region"":""B\u00edo B\u00edo Region"",""percentage"":0.444444}","facebook,instagram","lower_bound: 100001, upper_bound: 500000",es
3214445455506191,881095048648989,"José Antonio Kast",2021-12-13,2021-12-13,2021-12-15,"José Antonio Kast","Por un futuro diferente. ¡Atrévete! #KastPresidente ✌🏼",,,,"lower_bound: 4000, upper_bound: 4999","lower_bound: 0, upper_bound: 99",USD,"{""age"":""35-44"",""gender"":""unknown"",""percentage"":0.003068},{""age"":""65+"",""gender"":""female"",""percentage"":0.027359},{""age"":""65+"",""gender"":""male"",""percentage"":0.012529},{""age"":""25-34"",""gender"":""female"",""percentage"":0.231399},{""age"":""55-64"",""gender"":""female"",""percentage"":0.061621},{""age"":""35-44"",""gender"":""female"",""percentage"":0.160061},{""age"":""25-34"",""gender"":""male"",""percentage"":0.223728},{""age"":""25-34"",""gender"":""unknown"",""percentage"":0.003068},{""age"":""55-64"",""gender"":""male"",""percentage"":0.02787},{""age"":""45-54"",""gender"":""male"",""percentage"":0.045768},{""age"":""45-54"",""gender"":""female"",""percentage"":0.095883},{""age"":""65+"",""gender"":""unknown"",""percentage"":0.000256},{""age"":""35-44"",""gender"":""male"",""percentage"":0.10381},{""age"":""55-64"",""gender"":""unknown"",""percentage"":0.00179},{""age"":""45-54"",""gender"":""unknown"",""percentage"":0.00179}","{""region"":""Los R\u00edos Region"",""percentage"":0.109982},{""region"":""Araucan\u00eda Region"",""percentage"":0.13081},{""region"":""B\u00edo B\u00edo Region"",""percentage"":0.20574},{""region"":""O'Higgins Region"",""percentage"":0.235204},{""region"":""Los Lagos Region"",""percentage"":0.22352},{""region"":""Maule Region"",""percentage"":0.094742}","facebook,instagram","lower_bound: 100001, upper_bound: 500000",es
693544668697598,881095048648989,"José Antonio Kast",2021-12-13,2021-12-13,2021-12-15,"José Antonio Kast","¡No te preocupes, todo va a estar bien! #Vota2 #VotaKast,¡No te preocupes, todo va a estar bien! #Vota2 #VotaKast",,,,"lower_bound: 450000, upper_bound: 499999","lower_bound: 6000, upper_bound: 6999",USD,"{""age"":""35-44"",""gender"":""unknown"",""percentage"":0.00254},{""age"":""25-34"",""gender"":""unknown"",""percentage"":0.001885},{""age"":""55-64"",""gender"":""unknown"",""percentage"":0.00083},{""age"":""45-54"",""gender"":""unknown"",""percentage"":0.001603},{""age"":""65+"",""gender"":""male"",""percentage"":0.046856},{""age"":""45-54"",""gender"":""male"",""percentage"":0.12808},{""age"":""65+"",""gender"":""female"",""percentage"":0.056094},{""age"":""55-64"",""gender"":""female"",""percentage"":0.100177},{""age"":""35-44"",""gender"":""male"",""percentage"":0.136623},{""age"":""25-34"",""gender"":""male"",""percentage"":0.093446},{""age"":""35-44"",""gender"":""female"",""percentage"":0.131756},{""age"":""45-54"",""gender"":""female"",""percentage"":0.124923},{""age"":""25-34"",""gender"":""female"",""percentage"":0.087085},{""age"":""55-64"",""gender"":""male"",""percentage"":0.087716},{""age"":""65+"",""gender"":""unknown"",""percentage"":0.000387}","{""region"":""Valpara\u00edso Region"",""percentage"":0.177667},{""region"":""Atacama Region"",""percentage"":0.026695},{""region"":""B\u00edo B\u00edo Region"",""percentage"":0.184402},{""region"":""Coquimbo Region"",""percentage"":0.045483},{""region"":""O'Higgins Region"",""percentage"":0.081736},{""region"":""Maule Region"",""percentage"":0.000103},{""region"":""Santiago Metropolitan Region"",""percentage"":0.483914}","facebook,instagram","lower_bound: 1000001",es
428766278927546,881095048648989,"José Antonio Kast",2021-12-13,2021-12-13,2021-12-15,"José Antonio Kast","No te preocupes ¡Todo va a estar bien! #Vota2 #VotaKast",,,,"lower_bound: 250000, upper_bound: 299999","lower_bound: 2500, upper_bound: 2999",USD,"{""age"":""13-17"",""gender"":""male"",""percentage"":6.7e-5},{""age"":""55-64"",""gender"":""male"",""percentage"":0.095437},{""age"":""13-17"",""gender"":""unknown"",""percentage"":2.7e-5},{""age"":""65+"",""gender"":""unknown"",""percentage"":0.000483},{""age"":""55-64"",""gender"":""unknown"",""percentage"":0.000823},{""age"":""35-44"",""gender"":""unknown"",""percentage"":0.002222},{""age"":""25-34"",""gender"":""male"",""percentage"":0.076374},{""age"":""65+"",""gender"":""male"",""percentage"":0.052889},{""age"":""45-54"",""gender"":""female"",""percentage"":0.135199},{""age"":""25-34"",""gender"":""unknown"",""percentage"":0.001323},{""age"":""25-34"",""gender"":""female"",""percentage"":0.089321},{""age"":""65+"",""gender"":""female"",""percentage"":0.07438},{""age"":""35-44"",""gender"":""female"",""percentage"":0.133523},{""age"":""45-54"",""gender"":""male"",""percentage"":0.10301},{""age"":""35-44"",""gender"":""male"",""percentage"":0.110695},{""age"":""55-64"",""gender"":""female"",""percentage"":0.12282},{""age"":""45-54"",""gender"":""unknown"",""percentage"":0.001355},{""age"":""13-17"",""gender"":""female"",""percentage"":5.4e-5}","{""region"":""Unknown"",""percentage"":4.0e-6},{""region"":""Valpara\u00edso Region"",""percentage"":0.159531},{""region"":""Atacama Region"",""percentage"":0.024739},{""region"":""B\u00edo B\u00edo Region"",""percentage"":0.18012},{""region"":""Coquimbo Region"",""percentage"":0.041995},{""region"":""O'Higgins Region"",""percentage"":0.073283},{""region"":""Maule Region"",""percentage"":9.5e-5},{""region"":""Santiago Metropolitan Region"",""percentage"":0.520232}","facebook,instagram","lower_bound: 1000001",es
256159729834756,881095048648989,"José Antonio Kast",2021-12-11,2021-12-12,2021-12-14,"José Antonio Kast","Algunos quieren cambiar nuestra bandera. Nosotros la vamos a defender junto a todos nuestros símbolos patrios. Recuperaremos el respeto a nuestros Carabineros y FFAA y caminaremos hacia un nuevo Estado. Un Estado moderno al servicio de las personas. 

Por un futuro diferente ¡Atrévete!",,,,"lower_bound: 400000, upper_bound: 449999","lower_bound: 6000, upper_bound: 6999",USD,"{""age"":""18-24"",""gender"":""unknown"",""percentage"":0.0002},{""age"":""35-44"",""gender"":""unknown"",""percentage"":0.006122},{""age"":""55-64"",""gender"":""unknown"",""percentage"":0.001454},{""age"":""45-54"",""gender"":""unknown"",""percentage"":0.003897},{""age"":""25-34"",""gender"":""male"",""percentage"":0.164416},{""age"":""65+"",""gender"":""female"",""percentage"":0.037613},{""age"":""25-34"",""gender"":""female"",""percentage"":0.178969},{""age"":""35-44"",""gender"":""female"",""percentage"":0.156335},{""age"":""65+"",""gender"":""male"",""percentage"":0.023201},{""age"":""55-64"",""gender"":""male"",""percentage"":0.036302},{""age"":""45-54"",""gender"":""male"",""percentage"":0.07046},{""age"":""35-44"",""gender"":""male"",""percentage"":0.134239},{""age"":""18-24"",""gender"":""female"",""percentage"":0.015905},{""age"":""55-64"",""gender"":""female"",""percentage"":0.057678},{""age"":""45-54"",""gender"":""female"",""percentage"":0.088184},{""age"":""25-34"",""gender"":""unknown"",""percentage"":0.002279},{""age"":""18-24"",""gender"":""male"",""percentage"":0.021866},{""age"":""65+"",""gender"":""unknown"",""percentage"":0.000878}","{""region"":""Los R\u00edos Region"",""percentage"":0.02071},{""region"":""Arica y Parinacota Region"",""percentage"":0.010121},{""region"":""Valpara\u00edso Region"",""percentage"":0.093952},{""region"":""Ays\u00e9n Region"",""percentage"":0.005076},{""region"":""Antofagasta Region"",""percentage"":0.037839},{""region"":""Araucan\u00eda Region"",""percentage"":0.058048},{""region"":""Atacama Region"",""percentage"":0.01196},{""region"":""B\u00edo B\u00edo Region"",""percentage"":0.108837},{""region"":""Coquimbo Region"",""percentage"":0.029047},{""region"":""O'Higgins Region"",""percentage"":0.048437},{""region"":""Los Lagos Region"",""percentage"":0.045596},{""region"":""Magallanes y la Ant\u00e1rtica Chilena Region"",""percentage"":0.011861},{""region"":""Maule Region"",""percentage"":0.051701},{""region"":""Santiago Metropolitan Region"",""percentage"":0.448712},{""region"":""Tarapac\u00e1 Region"",""percentage"":0.018103}","facebook,instagram","lower_bound: 1000001",es
217125453923396,881095048648989,"José Antonio Kast",2021-12-11,2021-12-12,2021-12-16,"José Antonio Kast","Algunos dicen que soy extremo... Yo me pregunto ¿Extremo en qué?  #ExtremoEnQue",,,,"lower_bound: 1000000","lower_bound: 20000, upper_bound: 24999",USD,"{""age"":""13-17"",""gender"":""male"",""percentage"":1.0e-6},{""age"":""35-44"",""gender"":""female"",""percentage"":0.180893},{""age"":""35-44"",""gender"":""unknown"",""percentage"":0.004525},{""age"":""55-64"",""gender"":""unknown"",""percentage"":0.001355},{""age"":""65+"",""gender"":""female"",""percentage"":0.041857},{""age"":""45-54"",""gender"":""female"",""percentage"":0.107841},{""age"":""45-54"",""gender"":""male"",""percentage"":0.066746},{""age"":""25-34"",""gender"":""female"",""percentage"":0.181198},{""age"":""25-34"",""gender"":""male"",""percentage"":0.125408},{""age"":""35-44"",""gender"":""male"",""percentage"":0.110631},{""age"":""13-17"",""gender"":""female"",""percentage"":2.0e-6},{""age"":""55-64"",""gender"":""female"",""percentage"":0.074141},{""age"":""55-64"",""gender"":""male"",""percentage"":0.044046},{""age"":""18-24"",""gender"":""female"",""percentage"":0.016644},{""age"":""65+"",""gender"":""male"",""percentage"":0.024976},{""age"":""18-24"",""gender"":""male"",""percentage"":0.013809},{""age"":""45-54"",""gender"":""unknown"",""percentage"":0.003147},{""age"":""25-34"",""gender"":""unknown"",""percentage"":0.001864},{""age"":""65+"",""gender"":""unknown"",""percentage"":0.000784},{""age"":""18-24"",""gender"":""unknown"",""percentage"":0.000131}","{""region"":""Los R\u00edos Region"",""percentage"":0.020652},{""region"":""Arica y Parinacota Region"",""percentage"":0.00957},{""region"":""Valpara\u00edso Region"",""percentage"":0.099027},{""region"":""Ays\u00e9n Region"",""percentage"":0.005387},{""region"":""Antofagasta Region"",""percentage"":0.035472},{""region"":""Araucan\u00eda Region"",""percentage"":0.055326},{""region"":""Atacama Region"",""percentage"":0.01309},{""region"":""B\u00edo B\u00edo Region"",""percentage"":0.106441},{""region"":""Coquimbo Region"",""percentage"":0.03231},{""region"":""O'Higgins Region"",""percentage"":0.048629},{""region"":""Los Lagos Region"",""percentage"":0.046012},{""region"":""Magallanes y la Ant\u00e1rtica Chilena Region"",""percentage"":0.013233},{""region"":""Maule Region"",""percentage"":0.048887},{""region"":""Santiago Metropolitan Region"",""percentage"":0.449228},{""region"":""Tarapac\u00e1 Region"",""percentage"":0.016737}","facebook,instagram","lower_bound: 1000001",es
584084359352808,881095048648989,"José Antonio Kast",2021-12-11,2021-12-12,2021-12-14,"José Antonio Kast","Atrévete a un futuro mejor donde el Estado te te asegure vivir en paz y tranquilidad #Vota2 #VotaKast #RecuperemosChile",,,,"lower_bound: 45000, upper_bound: 49999","lower_bound: 500, upper_bound: 599",USD,"{""age"":""18-24"",""gender"":""unknown"",""percentage"":7.1e-5},{""age"":""45-54"",""gender"":""male"",""percentage"":0.060672},{""age"":""25-34"",""gender"":""unknown"",""percentage"":0.00409},{""age"":""18-24"",""gender"":""male"",""percentage"":0.015914},{""age"":""35-44"",""gender"":""unknown"",""percentage"":0.006347},{""age"":""55-64"",""gender"":""male"",""percentage"":0.032769},{""age"":""45-54"",""gender"":""female"",""percentage"":0.099318},{""age"":""35-44"",""gender"":""male"",""percentage"":0.096709},{""age"":""55-64"",""gender"":""female"",""percentage"":0.063916},{""age"":""55-64"",""gender"":""unknown"",""percentage"":0.001904},{""age"":""25-34"",""gender"":""female"",""percentage"":0.233545},{""age"":""65+"",""gender"":""female"",""percentage"":0.032417},{""age"":""35-44"",""gender"":""female"",""percentage"":0.161566},{""age"":""65+"",""gender"":""male"",""percentage"":0.019182},{""age"":""25-34"",""gender"":""male"",""percentage"":0.143677},{""age"":""18-24"",""gender"":""female"",""percentage"":0.022567},{""age"":""65+"",""gender"":""unknown"",""percentage"":0.000799},{""age"":""45-54"",""gender"":""unknown"",""percentage"":0.004537}","{""region"":""Los R\u00edos Region"",""percentage"":0.016869},{""region"":""Arica y Parinacota Region"",""percentage"":0.008341},{""region"":""Valpara\u00edso Region"",""percentage"":0.086922},{""region"":""Ays\u00e9n Region"",""percentage"":0.00403},{""region"":""Antofagasta Region"",""percentage"":0.027178},{""region"":""Araucan\u00eda Region"",""percentage"":0.048006},{""region"":""Atacama Region"",""percentage"":0.00895},{""region"":""B\u00edo B\u00edo Region"",""percentage"":0.114592},{""region"":""Coquimbo Region"",""percentage"":0.026217},{""region"":""O'Higgins Region"",""percentage"":0.040673},{""region"":""Los Lagos Region"",""percentage"":0.040228},{""region"":""Magallanes y la Ant\u00e1rtica Chilena Region"",""percentage"":0.008973},{""region"":""Maule Region"",""percentage"":0.04981},{""region"":""Santiago Metropolitan Region"",""percentage"":0.506256},{""region"":""Tarapac\u00e1 Region"",""percentage"":0.012956}","facebook,instagram","lower_bound: 1000001",es
704933910468127,881095048648989,"José Antonio Kast",2021-12-11,2021-12-11,2021-12-14,"José Antonio Kast","Atrévete a un futuro mejor donde  el Estado te ayude a emprender, en vez de ponerte barreras #Vota2 #VotaKast #RecuperemosChile",,,,"lower_bound: 40000, upper_bound: 44999","lower_bound: 400, upper_bound: 499",USD,"{""age"":""13-17"",""gender"":""female"",""percentage"":2.5e-5},{""age"":""45-54"",""gender"":""female"",""percentage"":0.106048},{""age"":""18-24"",""gender"":""female"",""percentage"":0.025104},{""age"":""18-24"",""gender"":""male"",""percentage"":0.023473},{""age"":""35-44"",""gender"":""male"",""percentage"":0.098351},{""age"":""55-64"",""gender"":""female"",""percentage"":0.066799},{""age"":""25-34"",""gender"":""male"",""percentage"":0.14048},{""age"":""35-44"",""gender"":""female"",""percentage"":0.173306},{""age"":""45-54"",""gender"":""male"",""percentage"":0.043658},{""age"":""25-34"",""gender"":""female"",""percentage"":0.225374},{""age"":""65+"",""gender"":""unknown"",""percentage"":0.000841},{""age"":""65+"",""gender"":""male"",""percentage"":0.015801},{""age"":""65+"",""gender"":""female"",""percentage"":0.038841},{""age"":""55-64"",""gender"":""male"",""percentage"":0.023116},{""age"":""35-44"",""gender"":""unknown"",""percentage"":0.008028},{""age"":""25-34"",""gender"":""unknown"",""percentage"":0.003619},{""age"":""18-24"",""gender"":""unknown"",""percentage"":7.6e-5},{""age"":""55-64"",""gender"":""unknown"",""percentage"":0.00237},{""age"":""45-54"",""gender"":""unknown"",""percentage"":0.004689}","{""region"":""Los R\u00edos Region"",""percentage"":0.015639},{""region"":""Arica y Parinacota Region"",""percentage"":0.005565},{""region"":""Valpara\u00edso Region"",""percentage"":0.090332},{""region"":""Ays\u00e9n Region"",""percentage"":0.004332},{""region"":""Antofagasta Region"",""percentage"":0.0275},{""region"":""Araucan\u00eda Region"",""percentage"":0.050946},{""region"":""Atacama Region"",""percentage"":0.008915},{""region"":""B\u00edo B\u00edo Region"",""percentage"":0.112242},{""region"":""Coquimbo Region"",""percentage"":0.024302},{""region"":""O'Higgins Region"",""percentage"":0.044071},{""region"":""Los Lagos Region"",""percentage"":0.038379},{""region"":""Magallanes y la Ant\u00e1rtica Chilena Region"",""percentage"":0.009343},{""region"":""Maule Region"",""percentage"":0.048478},{""region"":""Santiago Metropolitan Region"",""percentage"":0.507895},{""region"":""Tarapac\u00e1 Region"",""percentage"":0.012063}","facebook,instagram","lower_bound: 1000001",es
286368533502712,881095048648989,"José Antonio Kast",2021-12-11,2021-12-12,2021-12-13,"José Antonio Kast","Atrévete a un futuro mejor donde tus hijos estén bien cuidados mientras tu emprendes #Vota2 #VotaKast #RecuperemosChile",,,,"lower_bound: 10000, upper_bound: 14999","lower_bound: 100, upper_bound: 199",USD,"{""age"":""55-64"",""gender"":""unknown"",""percentage"":0.001892},{""age"":""65+"",""gender"":""female"",""percentage"":0.048686},{""age"":""45-54"",""gender"":""unknown"",""percentage"":0.00458},{""age"":""18-24"",""gender"":""female"",""percentage"":0.013142},{""age"":""65+"",""gender"":""male"",""percentage"":0.026284},{""age"":""25-34"",""gender"":""female"",""percentage"":0.140581},{""age"":""45-54"",""gender"":""female"",""percentage"":0.100657},{""age"":""35-44"",""gender"":""female"",""percentage"":0.126643},{""age"":""55-64"",""gender"":""female"",""percentage"":0.092393},{""age"":""65+"",""gender"":""unknown"",""percentage"":0.000597},{""age"":""35-44"",""gender"":""male"",""percentage"":0.112505},{""age"":""25-34"",""gender"":""male"",""percentage"":0.181103},{""age"":""18-24"",""gender"":""male"",""percentage"":0.031959},{""age"":""45-54"",""gender"":""male"",""percentage"":0.066308},{""age"":""25-34"",""gender"":""unknown"",""percentage"":0.003286},{""age"":""55-64"",""gender"":""male"",""percentage"":0.044504},{""age"":""35-44"",""gender"":""unknown"",""percentage"":0.004779},{""age"":""18-24"",""gender"":""unknown"",""percentage"":0.0001}","{""region"":""Los R\u00edos Region"",""percentage"":0.022145},{""region"":""Arica y Parinacota Region"",""percentage"":0.011023},{""region"":""Valpara\u00edso Region"",""percentage"":0.106951},{""region"":""Ays\u00e9n Region"",""percentage"":0.006554},{""region"":""Antofagasta Region"",""percentage"":0.040715},{""region"":""Araucan\u00eda Region"",""percentage"":0.0571},{""region"":""Atacama Region"",""percentage"":0.013406},{""region"":""B\u00edo B\u00edo Region"",""percentage"":0.11291},{""region"":""Coquimbo Region"",""percentage"":0.036842},{""region"":""O'Higgins Region"",""percentage"":0.04141},{""region"":""Los Lagos Region"",""percentage"":0.057398},{""region"":""Magallanes y la Ant\u00e1rtica Chilena Region"",""percentage"":0.014995},{""region"":""Maule Region"",""percentage"":0.057597},{""region"":""Santiago Metropolitan Region"",""percentage"":0.401887},{""region"":""Tarapac\u00e1 Region"",""percentage"":0.019067}","facebook,instagram","lower_bound: 1000001",es
1395611867542363,881095048648989,"José Antonio Kast",2021-12-11,2021-12-12,2021-12-14,"José Antonio Kast","Atrévete a un futuro mejor donde tus hijos estén bien cuidados mientras tu emprendes #Vota2 #VotaKast #RecuperemosChile",,,,"lower_bound: 10000, upper_bound: 14999","lower_bound: 100, upper_bound: 199",USD,"{""age"":""13-17"",""gender"":""female"",""percentage"":7.6e-5},{""age"":""45-54"",""gender"":""female"",""percentage"":0.094195},{""age"":""55-64"",""gender"":""unknown"",""percentage"":0.002046},{""age"":""25-34"",""gender"":""unknown"",""percentage"":0.003941},{""age"":""18-24"",""gender"":""male"",""percentage"":0.027887},{""age"":""25-34"",""gender"":""male"",""percentage"":0.18104},{""age"":""35-44"",""gender"":""female"",""percentage"":0.138148},{""age"":""65+"",""gender"":""female"",""percentage"":0.0413},{""age"":""45-54"",""gender"":""male"",""percentage"":0.060852},{""age"":""65+"",""gender"":""male"",""percentage"":0.0194},{""age"":""18-24"",""gender"":""unknown"",""percentage"":0.000152},{""age"":""25-34"",""gender"":""female"",""percentage"":0.169824},{""age"":""35-44"",""gender"":""male"",""percentage"":0.116399},{""age"":""55-64"",""gender"":""male"",""percentage"":0.034329},{""age"":""55-64"",""gender"":""female"",""percentage"":0.078206},{""age"":""65+"",""gender"":""unknown"",""percentage"":0.001137},{""age"":""18-24"",""gender"":""female"",""percentage"":0.019703},{""age"":""35-44"",""gender"":""unknown"",""percentage"":0.007048},{""age"":""45-54"",""gender"":""unknown"",""percentage"":0.004319}","{""region"":""Los R\u00edos Region"",""percentage"":0.016549},{""region"":""Arica y Parinacota Region"",""percentage"":0.005616},{""region"":""Valpara\u00edso Region"",""percentage"":0.091583},{""region"":""Ays\u00e9n Region"",""percentage"":0.005467},{""region"":""Antofagasta Region"",""percentage"":0.030777},{""region"":""Araucan\u00eda Region"",""percentage"":0.058709},{""region"":""Atacama Region"",""percentage"":0.010409},{""region"":""B\u00edo B\u00edo Region"",""percentage"":0.1127},{""region"":""Coquimbo Region"",""percentage"":0.027482},{""region"":""O'Higgins Region"",""percentage"":0.039464},{""region"":""Los Lagos Region"",""percentage"":0.039314},{""region"":""Magallanes y la Ant\u00e1rtica Chilena Region"",""percentage"":0.011382},{""region"":""Maule Region"",""percentage"":0.047701},{""region"":""Santiago Metropolitan Region"",""percentage"":0.488618},{""region"":""Tarapac\u00e1 Region"",""percentage"":0.014228}","facebook,instagram","lower_bound: 1000001",es
734860330816140,881095048648989,"José Antonio Kast",2021-12-11,2021-12-11,2021-12-16,"José Antonio Kast","Atrévete por nuestro campo, nuestra gente, costumbres y tradiciones. Este 19 de Diciembre no te equivoques #Vota2 #VotaKast",,,,"lower_bound: 40000, upper_bound: 44999","lower_bound: 300, upper_bound: 399",USD,"{""age"":""25-34"",""gender"":""unknown"",""percentage"":0.001976},{""age"":""55-64"",""gender"":""female"",""percentage"":0.036722},{""age"":""25-34"",""gender"":""male"",""percentage"":0.223862},{""age"":""25-34"",""gender"":""female"",""percentage"":0.302924},{""age"":""45-54"",""gender"":""male"",""percentage"":0.039432},{""age"":""35-44"",""gender"":""male"",""percentage"":0.104211},{""age"":""35-44"",""gender"":""unknown"",""percentage"":0.003585},{""age"":""45-54"",""gender"":""female"",""percentage"":0.070933},{""age"":""35-44"",""gender"":""female"",""percentage"":0.168313},{""age"":""65+"",""gender"":""male"",""percentage"":0.010726},{""age"":""55-64"",""gender"":""male"",""percentage"":0.015468},{""age"":""65+"",""gender"":""female"",""percentage"":0.019279},{""age"":""45-54"",""gender"":""unknown"",""percentage"":0.001581},{""age"":""55-64"",""gender"":""unknown"",""percentage"":0.000762},{""age"":""65+"",""gender"":""unknown"",""percentage"":0.000226}","{""region"":""Los R\u00edos Region"",""percentage"":0.096416},{""region"":""Araucan\u00eda Region"",""percentage"":0.145253},{""region"":""B\u00edo B\u00edo Region"",""percentage"":0.207872},{""region"":""O'Higgins Region"",""percentage"":0.214833},{""region"":""Los Lagos Region"",""percentage"":0.237448},{""region"":""Maule Region"",""percentage"":0.098177}","facebook,instagram","lower_bound: 500001, upper_bound: 1000000",es
4817124481707760,881095048648989,"José Antonio Kast",2021-12-11,2021-12-11,2021-12-14,"José Antonio Kast","Atrévete por nuestro campo, nuestra gente, costumbres y tradiciones. Este 19 de Diciembre no te equivoques, #Vota2 #VotaKast",,,,"lower_bound: 35000, upper_bound: 39999","lower_bound: 300, upper_bound: 399",USD,"{""age"":""65+"",""gender"":""unknown"",""percentage"":0.000425},{""age"":""55-64"",""gender"":""unknown"",""percentage"":0.000638},{""age"":""45-54"",""gender"":""unknown"",""percentage"":0.002552},{""age"":""55-64"",""gender"":""male"",""percentage"":0.015919},{""age"":""45-54"",""gender"":""male"",""percentage"":0.034268},{""age"":""35-44"",""gender"":""male"",""percentage"":0.093751},{""age"":""25-34"",""gender"":""male"",""percentage"":0.200018},{""age"":""35-44"",""gender"":""female"",""percentage"":0.177112},{""age"":""25-34"",""gender"":""female"",""percentage"":0.318468},{""age"":""45-54"",""gender"":""female"",""percentage"":0.079503},{""age"":""55-64"",""gender"":""female"",""percentage"":0.041012},{""age"":""65+"",""gender"":""female"",""percentage"":0.019048},{""age"":""35-44"",""gender"":""unknown"",""percentage"":0.00401},{""age"":""65+"",""gender"":""male"",""percentage"":0.010967},{""age"":""25-34"",""gender"":""unknown"",""percentage"":0.002309}","{""region"":""Los R\u00edos Region"",""percentage"":0.099235},{""region"":""Araucan\u00eda Region"",""percentage"":0.140734},{""region"":""B\u00edo B\u00edo Region"",""percentage"":0.210548},{""region"":""O'Higgins Region"",""percentage"":0.226006},{""region"":""Los Lagos Region"",""percentage"":0.228787},{""region"":""Maule Region"",""percentage"":0.09469}","facebook,instagram","lower_bound: 500001, upper_bound: 1000000",es
1422585581530629,881095048648989,"José Antonio Kast",2021-12-11,2021-12-12,2021-12-16,"José Antonio Kast","A Chile se entra por la puerta, no por las ventanas. Nuestro compromiso de Gobierno es tolerancia cero con la migración ilegal.  #PorElFuturoDeLaFrontera",,,,"lower_bound: 2000, upper_bound: 2999","lower_bound: 0, upper_bound: 99",USD,"{""age"":""25-34"",""gender"":""unknown"",""percentage"":0.001128},{""age"":""18-24"",""gender"":""male"",""percentage"":0.03836},{""age"":""45-54"",""gender"":""male"",""percentage"":0.065062},{""age"":""35-44"",""gender"":""male"",""percentage"":0.142535},{""age"":""55-64"",""gender"":""male"",""percentage"":0.035352},{""age"":""65+"",""gender"":""female"",""percentage"":0.025574},{""age"":""25-34"",""gender"":""female"",""percentage"":0.189921},{""age"":""35-44"",""gender"":""female"",""percentage"":0.155698},{""age"":""65+"",""gender"":""male"",""percentage"":0.014291},{""age"":""25-34"",""gender"":""male"",""percentage"":0.171493},{""age"":""45-54"",""gender"":""female"",""percentage"":0.077473},{""age"":""55-64"",""gender"":""female"",""percentage"":0.051523},{""age"":""18-24"",""gender"":""female"",""percentage"":0.025574},{""age"":""55-64"",""gender"":""unknown"",""percentage"":0.000752},{""age"":""45-54"",""gender"":""unknown"",""percentage"":0.002633},{""age"":""35-44"",""gender"":""unknown"",""percentage"":0.002633}","{""region"":""Arica y Parinacota Region"",""percentage"":0.130467},{""region"":""Antofagasta Region"",""percentage"":0.476636},{""region"":""Atacama Region"",""percentage"":0.153271},{""region"":""Tarapac\u00e1 Region"",""percentage"":0.239626}","facebook,instagram","lower_bound: 100001, upper_bound: 500000",es
1030268581153287,881095048648989,"José Antonio Kast",2021-12-11,2021-12-11,2021-12-16,"José Antonio Kast","A Chile se entra por la puerta, no por las ventanas. Nuestro compromiso de Gobierno es tolerancia cero con la migración ilegal.  #PorElFuturoDeLaFrontera",,,,"lower_bound: 25000, upper_bound: 29999","lower_bound: 300, upper_bound: 399",USD,"{""age"":""65+"",""gender"":""unknown"",""percentage"":0.000347},{""age"":""35-44"",""gender"":""unknown"",""percentage"":0.003294},{""age"":""18-24"",""gender"":""female"",""percentage"":0.028869},{""age"":""65+"",""gender"":""male"",""percentage"":0.01049},{""age"":""35-44"",""gender"":""male"",""percentage"":0.106675},{""age"":""45-54"",""gender"":""female"",""percentage"":0.105375},{""age"":""45-54"",""gender"":""unknown"",""percentage"":0.002297},{""age"":""45-54"",""gender"":""male"",""percentage"":0.046337},{""age"":""35-44"",""gender"":""female"",""percentage"":0.194322},{""age"":""25-34"",""gender"":""unknown"",""percentage"":0.00156},{""age"":""55-64"",""gender"":""female"",""percentage"":0.054183},{""age"":""65+"",""gender"":""female"",""percentage"":0.027828},{""age"":""25-34"",""gender"":""male"",""percentage"":0.161595},{""age"":""18-24"",""gender"":""male"",""percentage"":0.039489},{""age"":""55-64"",""gender"":""male"",""percentage"":0.019072},{""age"":""25-34"",""gender"":""female"",""percentage"":0.197529},{""age"":""55-64"",""gender"":""unknown"",""percentage"":0.00052},{""age"":""18-24"",""gender"":""unknown"",""percentage"":0.000217}","{""region"":""Arica y Parinacota Region"",""percentage"":0.127088},{""region"":""Antofagasta Region"",""percentage"":0.464584},{""region"":""Atacama Region"",""percentage"":0.167064},{""region"":""Tarapac\u00e1 Region"",""percentage"":0.241263}","facebook,instagram","lower_bound: 100001, upper_bound: 500000",es
642536846794692,881095048648989,"José Antonio Kast",2021-12-11,2021-12-11,2021-12-13,"José Antonio Kast","Recuperaremos el orden público y la seguridad de todos los chilenos. Respaldo total a nuestros Carabineros y Fuerzas Armadas, defensa real a las víctimas de la delincuencia y rehabilitación a quienes hayan delinquido #SeguridadConKast",,,,"lower_bound: 45000, upper_bound: 49999","lower_bound: 400, upper_bound: 499",USD,"{""age"":""65+"",""gender"":""unknown"",""percentage"":0.000807},{""age"":""55-64"",""gender"":""female"",""percentage"":0.124322},{""age"":""25-34"",""gender"":""unknown"",""percentage"":0.001727},{""age"":""45-54"",""gender"":""unknown"",""percentage"":0.002601},{""age"":""35-44"",""gender"":""unknown"",""percentage"":0.003992},{""age"":""35-44"",""gender"":""male"",""percentage"":0.077656},{""age"":""45-54"",""gender"":""male"",""percentage"":0.045342},{""age"":""65+"",""gender"":""female"",""percentage"":0.07566},{""age"":""35-44"",""gender"":""female"",""percentage"":0.192447},{""age"":""55-64"",""gender"":""unknown"",""percentage"":0.001592},{""age"":""25-34"",""gender"":""female"",""percentage"":0.165426},{""age"":""45-54"",""gender"":""female"",""percentage"":0.132103},{""age"":""25-34"",""gender"":""male"",""percentage"":0.087702},{""age"":""55-64"",""gender"":""male"",""percentage"":0.033345},{""age"":""18-24"",""gender"":""male"",""percentage"":0.015159},{""age"":""65+"",""gender"":""male"",""percentage"":0.019554},{""age"":""18-24"",""gender"":""female"",""percentage"":0.020518},{""age"":""18-24"",""gender"":""unknown"",""percentage"":4.5e-5}","{""region"":""Los R\u00edos Region"",""percentage"":0.023863},{""region"":""Arica y Parinacota Region"",""percentage"":0.010063},{""region"":""Valpara\u00edso Region"",""percentage"":0.111704},{""region"":""Ays\u00e9n Region"",""percentage"":0.006709},{""region"":""Antofagasta Region"",""percentage"":0.03863},{""region"":""Araucan\u00eda Region"",""percentage"":0.071025},{""region"":""Atacama Region"",""percentage"":0.013912},{""region"":""B\u00edo B\u00edo Region"",""percentage"":0.127642},{""region"":""Coquimbo Region"",""percentage"":0.034376},{""region"":""O'Higgins Region"",""percentage"":0.051575},{""region"":""Los Lagos Region"",""percentage"":0.066388},{""region"":""Magallanes y la Ant\u00e1rtica Chilena Region"",""percentage"":0.017987},{""region"":""Maule Region"",""percentage"":0.059026},{""region"":""Santiago Metropolitan Region"",""percentage"":0.347426},{""region"":""Tarapac\u00e1 Region"",""percentage"":0.019675}","facebook,instagram","lower_bound: 1000001",es
313561237289826,881095048648989,"José Antonio Kast",2021-12-11,2021-12-11,2021-12-14,"José Antonio Kast","Recuperaremos el orden público y la seguridad de todos los chilenos. Respaldo total a nuestros Carabineros y Fuerzas Armadas, defensa real a las víctimas de la delincuencia y rehabilitación a quienes hayan delinquido #SeguridadConKast",,,,"lower_bound: 20000, upper_bound: 24999","lower_bound: 200, upper_bound: 299",USD,"{""age"":""18-24"",""gender"":""unknown"",""percentage"":0.000129},{""age"":""35-44"",""gender"":""male"",""percentage"":0.078557},{""age"":""18-24"",""gender"":""male"",""percentage"":0.013942},{""age"":""55-64"",""gender"":""unknown"",""percentage"":0.001856},{""age"":""65+"",""gender"":""male"",""percentage"":0.028185},{""age"":""25-34"",""gender"":""female"",""percentage"":0.145114},{""age"":""45-54"",""gender"":""male"",""percentage"":0.05581},{""age"":""55-64"",""gender"":""male"",""percentage"":0.040487},{""age"":""35-44"",""gender"":""female"",""percentage"":0.172522},{""age"":""65+"",""gender"":""unknown"",""percentage"":0.001209},{""age"":""55-64"",""gender"":""female"",""percentage"":0.133589},{""age"":""65+"",""gender"":""female"",""percentage"":0.085031},{""age"":""25-34"",""gender"":""male"",""percentage"":0.074456},{""age"":""45-54"",""gender"":""female"",""percentage"":0.140668},{""age"":""45-54"",""gender"":""unknown"",""percentage"":0.003065},{""age"":""18-24"",""gender"":""female"",""percentage"":0.018862},{""age"":""25-34"",""gender"":""unknown"",""percentage"":0.00177},{""age"":""35-44"",""gender"":""unknown"",""percentage"":0.004748}","{""region"":""Los R\u00edos Region"",""percentage"":0.022577},{""region"":""Arica y Parinacota Region"",""percentage"":0.010298},{""region"":""Valpara\u00edso Region"",""percentage"":0.097161},{""region"":""Ays\u00e9n Region"",""percentage"":0.005989},{""region"":""Antofagasta Region"",""percentage"":0.031626},{""region"":""Araucan\u00eda Region"",""percentage"":0.060925},{""region"":""Atacama Region"",""percentage"":0.010642},{""region"":""B\u00edo B\u00edo Region"",""percentage"":0.124822},{""region"":""Coquimbo Region"",""percentage"":0.029601},{""region"":""O'Higgins Region"",""percentage"":0.042311},{""region"":""Los Lagos Region"",""percentage"":0.05179},{""region"":""Magallanes y la Ant\u00e1rtica Chilena Region"",""percentage"":0.013486},{""region"":""Maule Region"",""percentage"":0.053772},{""region"":""Santiago Metropolitan Region"",""percentage"":0.42923},{""region"":""Tarapac\u00e1 Region"",""percentage"":0.01577}","facebook,instagram","lower_bound: 1000001",es
4114375455331134,881095048648989,"José Antonio Kast",2021-12-11,2021-12-11,2021-12-14,"José Antonio Kast","Recuperaremos el orden público y la seguridad de todos los chilenos. Respaldo total a nuestros Carabineros y Fuerzas Armadas, defensa real a las víctimas de la delincuencia y rehabilitación a quienes hayan delinquido #SeguridadConKast",,,,"lower_bound: 50000, upper_bound: 59999","lower_bound: 500, upper_bound: 599",USD,"{""age"":""18-24"",""gender"":""unknown"",""percentage"":8.4e-5},{""age"":""18-24"",""gender"":""male"",""percentage"":0.013321},{""age"":""65+"",""gender"":""male"",""percentage"":0.015838},{""age"":""18-24"",""gender"":""female"",""percentage"":0.02081},{""age"":""45-54"",""gender"":""unknown"",""percentage"":0.004615},{""age"":""55-64"",""gender"":""female"",""percentage"":0.093898},{""age"":""45-54"",""gender"":""male"",""percentage"":0.04376},{""age"":""55-64"",""gender"":""male"",""percentage"":0.025425},{""age"":""65+"",""gender"":""female"",""percentage"":0.051144},{""age"":""55-64"",""gender"":""unknown"",""percentage"":0.001867},{""age"":""35-44"",""gender"":""female"",""percentage"":0.199291},{""age"":""35-44"",""gender"":""male"",""percentage"":0.072815},{""age"":""45-54"",""gender"":""female"",""percentage"":0.126141},{""age"":""25-34"",""gender"":""female"",""percentage"":0.233233},{""age"":""25-34"",""gender"":""male"",""percentage"":0.087457},{""age"":""35-44"",""gender"":""unknown"",""percentage"":0.006608},{""age"":""25-34"",""gender"":""unknown"",""percentage"":0.00279},{""age"":""65+"",""gender"":""unknown"",""percentage"":0.000902}","{""region"":""Los R\u00edos Region"",""percentage"":0.016595},{""region"":""Arica y Parinacota Region"",""percentage"":0.006897},{""region"":""Valpara\u00edso Region"",""percentage"":0.083833},{""region"":""Ays\u00e9n Region"",""percentage"":0.003908},{""region"":""Antofagasta Region"",""percentage"":0.027485},{""region"":""Araucan\u00eda Region"",""percentage"":0.051332},{""region"":""Atacama Region"",""percentage"":0.00928},{""region"":""B\u00edo B\u00edo Region"",""percentage"":0.112676},{""region"":""Coquimbo Region"",""percentage"":0.023095},{""region"":""O'Higgins Region"",""percentage"":0.041028},{""region"":""Los Lagos Region"",""percentage"":0.037684},{""region"":""Magallanes y la Ant\u00e1rtica Chilena Region"",""percentage"":0.009782},{""region"":""Maule Region"",""percentage"":0.048929},{""region"":""Santiago Metropolitan Region"",""percentage"":0.515561},{""region"":""Tarapac\u00e1 Region"",""percentage"":0.011913}","facebook,instagram","lower_bound: 1000001",es
616893406182955,881095048648989,"José Antonio Kast",2021-12-11,2021-12-11,2021-12-13,"José Antonio Kast","Recuperaremos el orden público y la seguridad de todos los chilenos. Respaldo total a nuestros Carabineros y Fuerzas Armadas, defensa real a las víctimas de la delincuencia y rehabilitación a quienes hayan delinquido #SeguridadConKast",,,,"lower_bound: 9000, upper_bound: 9999","lower_bound: 0, upper_bound: 99",USD,"{""age"":""45-54"",""gender"":""unknown"",""percentage"":0.003084},{""age"":""35-44"",""gender"":""female"",""percentage"":0.148678},{""age"":""55-64"",""gender"":""male"",""percentage"":0.037555},{""age"":""55-64"",""gender"":""unknown"",""percentage"":0.002753},{""age"":""25-34"",""gender"":""unknown"",""percentage"":0.002313},{""age"":""25-34"",""gender"":""male"",""percentage"":0.087775},{""age"":""65+"",""gender"":""female"",""percentage"":0.104405},{""age"":""18-24"",""gender"":""male"",""percentage"":0.019383},{""age"":""55-64"",""gender"":""female"",""percentage"":0.154626},{""age"":""65+"",""gender"":""unknown"",""percentage"":0.000991},{""age"":""45-54"",""gender"":""male"",""percentage"":0.037555},{""age"":""25-34"",""gender"":""female"",""percentage"":0.176322},{""age"":""45-54"",""gender"":""female"",""percentage"":0.11663},{""age"":""35-44"",""gender"":""male"",""percentage"":0.050441},{""age"":""18-24"",""gender"":""female"",""percentage"":0.028855},{""age"":""65+"",""gender"":""male"",""percentage"":0.024559},{""age"":""35-44"",""gender"":""unknown"",""percentage"":0.004075}","{""region"":""Los R\u00edos Region"",""percentage"":0.021303},{""region"":""Arica y Parinacota Region"",""percentage"":0.00725},{""region"":""Valpara\u00edso Region"",""percentage"":0.104729},{""region"":""Ays\u00e9n Region"",""percentage"":0.004461},{""region"":""Antofagasta Region"",""percentage"":0.032791},{""region"":""Araucan\u00eda Region"",""percentage"":0.063685},{""region"":""Atacama Region"",""percentage"":0.011599},{""region"":""B\u00edo B\u00edo Region"",""percentage"":0.132835},{""region"":""Coquimbo Region"",""percentage"":0.027772},{""region"":""O'Higgins Region"",""percentage"":0.044725},{""region"":""Los Lagos Region"",""percentage"":0.045505},{""region"":""Magallanes y la Ant\u00e1rtica Chilena Region"",""percentage"":0.011934},{""region"":""Maule Region"",""percentage"":0.052086},{""region"":""Santiago Metropolitan Region"",""percentage"":0.424046},{""region"":""Tarapac\u00e1 Region"",""percentage"":0.01528}","facebook,instagram","lower_bound: 1000001",es
901767190529790,881095048648989,"José Antonio Kast",2021-12-11,2021-12-11,2021-12-15,"José Antonio Kast","Recuperaremos el orden público y la seguridad de todos los chilenos. Respaldo total a nuestros Carabineros y Fuerzas Armadas, defensa real a las víctimas de la delincuencia y rehabilitación a quienes hayan delinquido #SeguridadConKast",,,,"lower_bound: 125000, upper_bound: 149999","lower_bound: 1000, upper_bound: 1499",USD,"{""age"":""65+"",""gender"":""unknown"",""percentage"":0.000488},{""age"":""18-24"",""gender"":""male"",""percentage"":0.010725},{""age"":""55-64"",""gender"":""unknown"",""percentage"":0.001394},{""age"":""25-34"",""gender"":""unknown"",""percentage"":0.001509},{""age"":""65+"",""gender"":""male"",""percentage"":0.016025},{""age"":""35-44"",""gender"":""unknown"",""percentage"":0.004031},{""age"":""55-64"",""gender"":""male"",""percentage"":0.028463},{""age"":""65+"",""gender"":""female"",""percentage"":0.051538},{""age"":""18-24"",""gender"":""female"",""percentage"":0.017943},{""age"":""45-54"",""gender"":""unknown"",""percentage"":0.002814},{""age"":""45-54"",""gender"":""male"",""percentage"":0.045145},{""age"":""25-34"",""gender"":""male"",""percentage"":0.092146},{""age"":""35-44"",""gender"":""female"",""percentage"":0.212223},{""age"":""55-64"",""gender"":""female"",""percentage"":0.099799},{""age"":""35-44"",""gender"":""male"",""percentage"":0.078669},{""age"":""25-34"",""gender"":""female"",""percentage"":0.1969},{""age"":""45-54"",""gender"":""female"",""percentage"":0.140133},{""age"":""18-24"",""gender"":""unknown"",""percentage"":5.3e-5}","{""region"":""Los R\u00edos Region"",""percentage"":0.020914},{""region"":""Arica y Parinacota Region"",""percentage"":0.008011},{""region"":""Valpara\u00edso Region"",""percentage"":0.096523},{""region"":""Ays\u00e9n Region"",""percentage"":0.004593},{""region"":""Antofagasta Region"",""percentage"":0.030354},{""region"":""Araucan\u00eda Region"",""percentage"":0.062119},{""region"":""Atacama Region"",""percentage"":0.010203},{""region"":""B\u00edo B\u00edo Region"",""percentage"":0.121591},{""region"":""Coquimbo Region"",""percentage"":0.031949},{""region"":""O'Higgins Region"",""percentage"":0.048244},{""region"":""Los Lagos Region"",""percentage"":0.049988},{""region"":""Magallanes y la Ant\u00e1rtica Chilena Region"",""percentage"":0.012377},{""region"":""Maule Region"",""percentage"":0.052355},{""region"":""Santiago Metropolitan Region"",""percentage"":0.435799},{""region"":""Tarapac\u00e1 Region"",""percentage"":0.01498}","facebook,instagram","lower_bound: 1000001",es
878562486175301,881095048648989,"José Antonio Kast",2021-12-11,2021-12-12,2021-12-15,"José Antonio Kast","Recuperaremos el orden público y la seguridad de todos los chilenos. Respaldo total a nuestros Carabineros y Fuerzas Armadas, defensa real a las víctimas de la delincuencia y rehabilitación a quienes hayan delinquido #SeguridadConKast",,,,"lower_bound: 15000, upper_bound: 19999","lower_bound: 200, upper_bound: 299",USD,"{""age"":""45-54"",""gender"":""unknown"",""percentage"":0.005201},{""age"":""55-64"",""gender"":""female"",""percentage"":0.131206},{""age"":""25-34"",""gender"":""unknown"",""percentage"":0.002359},{""age"":""35-44"",""gender"":""unknown"",""percentage"":0.00445},{""age"":""55-64"",""gender"":""unknown"",""percentage"":0.002895},{""age"":""18-24"",""gender"":""male"",""percentage"":0.009169},{""age"":""18-24"",""gender"":""female"",""percentage"":0.017373},{""age"":""55-64"",""gender"":""male"",""percentage"":0.054745},{""age"":""25-34"",""gender"":""female"",""percentage"":0.144182},{""age"":""18-24"",""gender"":""unknown"",""percentage"":0.000214},{""age"":""45-54"",""gender"":""female"",""percentage"":0.1363},{""age"":""65+"",""gender"":""female"",""percentage"":0.092011},{""age"":""35-44"",""gender"":""female"",""percentage"":0.158552},{""age"":""25-34"",""gender"":""male"",""percentage"":0.075121},{""age"":""35-44"",""gender"":""male"",""percentage"":0.067453},{""age"":""45-54"",""gender"":""male"",""percentage"":0.059464},{""age"":""65+"",""gender"":""male"",""percentage"":0.037962},{""age"":""65+"",""gender"":""unknown"",""percentage"":0.00134}","{""region"":""Los R\u00edos Region"",""percentage"":0.020091},{""region"":""Arica y Parinacota Region"",""percentage"":0.007145},{""region"":""Valpara\u00edso Region"",""percentage"":0.106205},{""region"":""Ays\u00e9n Region"",""percentage"":0.003707},{""region"":""Antofagasta Region"",""percentage"":0.023959},{""region"":""Araucan\u00eda Region"",""percentage"":0.055009},{""region"":""Atacama Region"",""percentage"":0.007198},{""region"":""B\u00edo B\u00edo Region"",""percentage"":0.118023},{""region"":""Coquimbo Region"",""percentage"":0.034542},{""region"":""O'Higgins Region"",""percentage"":0.043889},{""region"":""Los Lagos Region"",""percentage"":0.042707},{""region"":""Magallanes y la Ant\u00e1rtica Chilena Region"",""percentage"":0.010475},{""region"":""Maule Region"",""percentage"":0.053398},{""region"":""Santiago Metropolitan Region"",""percentage"":0.46151},{""region"":""Tarapac\u00e1 Region"",""percentage"":0.012141}","facebook,instagram","lower_bound: 1000001",es
4623037754453248,881095048648989,"José Antonio Kast",2021-12-11,2021-12-11,2021-12-15,"José Antonio Kast","Para ganar esta elección, necesitamos TU apoyo. Entra a http://aportes.servel.cl y ayúdanos con $1.000, $5.000 o $10.000. Todo sirve para difundir nuestras ideas y llegar a todo Chile!",,,,"lower_bound: 90000, upper_bound: 99999","lower_bound: 500, upper_bound: 599",USD,"{""age"":""18-24"",""gender"":""unknown"",""percentage"":0.000422},{""age"":""45-54"",""gender"":""male"",""percentage"":0.056735},{""age"":""65+"",""gender"":""unknown"",""percentage"":0.000832},{""age"":""45-54"",""gender"":""unknown"",""percentage"":0.002447},{""age"":""35-44"",""gender"":""unknown"",""percentage"":0.003941},{""age"":""55-64"",""gender"":""male"",""percentage"":0.032062},{""age"":""65+"",""gender"":""male"",""percentage"":0.022046},{""age"":""55-64"",""gender"":""unknown"",""percentage"":0.001121},{""age"":""18-24"",""gender"":""female"",""percentage"":0.036823},{""age"":""55-64"",""gender"":""female"",""percentage"":0.046333},{""age"":""45-54"",""gender"":""female"",""percentage"":0.07079},{""age"":""35-44"",""gender"":""female"",""percentage"":0.1174},{""age"":""25-34"",""gender"":""male"",""percentage"":0.226303},{""age"":""65+"",""gender"":""female"",""percentage"":0.026807},{""age"":""18-24"",""gender"":""male"",""percentage"":0.060388},{""age"":""35-44"",""gender"":""male"",""percentage"":0.136336},{""age"":""25-34"",""gender"":""female"",""percentage"":0.157128},{""age"":""25-34"",""gender"":""unknown"",""percentage"":0.002085}","{""region"":""Los R\u00edos Region"",""percentage"":0.028372},{""region"":""Arica y Parinacota Region"",""percentage"":0.01771},{""region"":""Valpara\u00edso Region"",""percentage"":0.096766},{""region"":""Ays\u00e9n Region"",""percentage"":0.009301},{""region"":""Antofagasta Region"",""percentage"":0.03642},{""region"":""Araucan\u00eda Region"",""percentage"":0.096007},{""region"":""Atacama Region"",""percentage"":0.0153},{""region"":""B\u00edo B\u00edo Region"",""percentage"":0.15751},{""region"":""Coquimbo Region"",""percentage"":0.029468},{""region"":""O'Higgins Region"",""percentage"":0.047937},{""region"":""Los Lagos Region"",""percentage"":0.069888},{""region"":""Magallanes y la Ant\u00e1rtica Chilena Region"",""percentage"":0.019192},{""region"":""Maule Region"",""percentage"":0.067069},{""region"":""Santiago Metropolitan Region"",""percentage"":0.282902},{""region"":""Tarapac\u00e1 Region"",""percentage"":0.026155}","facebook,instagram","lower_bound: 1000001",es
264888575546397,881095048648989,"José Antonio Kast",2021-12-11,2021-12-12,2021-12-14,"José Antonio Kast","Comprometidos con la democracia. Nos reunimos con Leopoldo López, para transmitir un mensaje de libertad y esperanza ¡Atrévete por un futuro en paz, libertad y progreso!","No queremos más Dictaduras",,,"lower_bound: 175000, upper_bound: 199999","lower_bound: 2500, upper_bound: 2999",USD,"{""age"":""35-44"",""gender"":""unknown"",""percentage"":0.003881},{""age"":""18-24"",""gender"":""female"",""percentage"":0.010626},{""age"":""55-64"",""gender"":""unknown"",""percentage"":0.00185},{""age"":""45-54"",""gender"":""unknown"",""percentage"":0.003574},{""age"":""65+"",""gender"":""unknown"",""percentage"":0.000982},{""age"":""25-34"",""gender"":""unknown"",""percentage"":0.001682},{""age"":""25-34"",""gender"":""male"",""percentage"":0.110324},{""age"":""45-54"",""gender"":""male"",""percentage"":0.090579},{""age"":""65+"",""gender"":""male"",""percentage"":0.035318},{""age"":""18-24"",""gender"":""male"",""percentage"":0.012054},{""age"":""55-64"",""gender"":""male"",""percentage"":0.060372},{""age"":""55-64"",""gender"":""female"",""percentage"":0.097263},{""age"":""45-54"",""gender"":""female"",""percentage"":0.122474},{""age"":""65+"",""gender"":""female"",""percentage"":0.063621},{""age"":""25-34"",""gender"":""female"",""percentage"":0.154164},{""age"":""35-44"",""gender"":""female"",""percentage"":0.131123},{""age"":""35-44"",""gender"":""male"",""percentage"":0.099999},{""age"":""18-24"",""gender"":""unknown"",""percentage"":0.000115}","{""region"":""Los R\u00edos Region"",""percentage"":0.018754},{""region"":""Arica y Parinacota Region"",""percentage"":0.008241},{""region"":""Valpara\u00edso Region"",""percentage"":0.091231},{""region"":""Ays\u00e9n Region"",""percentage"":0.003388},{""region"":""Antofagasta Region"",""percentage"":0.030958},{""region"":""Araucan\u00eda Region"",""percentage"":0.056659},{""region"":""Atacama Region"",""percentage"":0.010572},{""region"":""B\u00edo B\u00edo Region"",""percentage"":0.099762},{""region"":""Coquimbo Region"",""percentage"":0.026627},{""region"":""O'Higgins Region"",""percentage"":0.043666},{""region"":""Los Lagos Region"",""percentage"":0.037609},{""region"":""Magallanes y la Ant\u00e1rtica Chilena Region"",""percentage"":0.009659},{""region"":""Maule Region"",""percentage"":0.041008},{""region"":""Santiago Metropolitan Region"",""percentage"":0.508873},{""region"":""Tarapac\u00e1 Region"",""percentage"":0.012993}","facebook,instagram","lower_bound: 1000001",es
4532601090181218,881095048648989,"José Antonio Kast",2021-12-11,2021-12-12,2021-12-16,"José Antonio Kast","A Chile se entra por la puerta, no por las ventanas. Nuestro compromiso de Gobierno es tolerancia cero con la migración ilegal.  #PorElFuturoDeLaFrontera",,,,"lower_bound: 80000, upper_bound: 89999","lower_bound: 1000, upper_bound: 1499",USD,"{""age"":""65+"",""gender"":""unknown"",""percentage"":0.000476},{""age"":""55-64"",""gender"":""female"",""percentage"":0.030549},{""age"":""45-54"",""gender"":""unknown"",""percentage"":0.002426},{""age"":""55-64"",""gender"":""unknown"",""percentage"":0.000844},{""age"":""35-44"",""gender"":""unknown"",""percentage"":0.004344},{""age"":""55-64"",""gender"":""male"",""percentage"":0.023779},{""age"":""45-54"",""gender"":""male"",""percentage"":0.071338},{""age"":""45-54"",""gender"":""female"",""percentage"":0.085998},{""age"":""25-34"",""gender"":""female"",""percentage"":0.187025},{""age"":""25-34"",""gender"":""unknown"",""percentage"":0.001765},{""age"":""35-44"",""gender"":""male"",""percentage"":0.165748},{""age"":""18-24"",""gender"":""male"",""percentage"":0.020448},{""age"":""18-24"",""gender"":""female"",""percentage"":0.016011},{""age"":""25-34"",""gender"":""male"",""percentage"":0.167667},{""age"":""35-44"",""gender"":""female"",""percentage"":0.193657},{""age"":""65+"",""gender"":""female"",""percentage"":0.015136},{""age"":""65+"",""gender"":""male"",""percentage"":0.012496},{""age"":""18-24"",""gender"":""unknown"",""percentage"":0.000292}","{""region"":""Arica y Parinacota Region"",""percentage"":0.128097},{""region"":""Antofagasta Region"",""percentage"":0.483966},{""region"":""Atacama Region"",""percentage"":0.169419},{""region"":""Tarapac\u00e1 Region"",""percentage"":0.218517}","facebook,instagram","lower_bound: 100001, upper_bound: 500000",es
1825470281176601,881095048648989,"José Antonio Kast",2021-12-11,2021-12-12,2021-12-15,"José Antonio Kast","Dejé de ser el presidente del partido, para convertirme en el presidente de Chile. Por un futuro diferente, seguiremos defendiendo la libertad, la paz y el progreso de nuestro país. 

¡Gracias Antofagasta! Por los miles de chilenos que levantaron la bandera, cantaron y bailaron por un Chile en libertad. 

Las verdaderas urgencias sociales las trabajaremos todos juntos. 🇨🇱",,,,"lower_bound: 40000, upper_bound: 44999","lower_bound: 600, upper_bound: 699",USD,"{""age"":""55-64"",""gender"":""unknown"",""percentage"":0.000733},{""age"":""35-44"",""gender"":""female"",""percentage"":0.217682},{""age"":""18-24"",""gender"":""unknown"",""percentage"":0.000381},{""age"":""35-44"",""gender"":""unknown"",""percentage"":0.003931},{""age"":""65+"",""gender"":""female"",""percentage"":0.019653},{""age"":""18-24"",""gender"":""female"",""percentage"":0.029715},{""age"":""25-34"",""gender"":""female"",""percentage"":0.225338},{""age"":""25-34"",""gender"":""male"",""percentage"":0.13417},{""age"":""45-54"",""gender"":""male"",""percentage"":0.045525},{""age"":""45-54"",""gender"":""unknown"",""percentage"":0.002435},{""age"":""35-44"",""gender"":""male"",""percentage"":0.10912},{""age"":""18-24"",""gender"":""male"",""percentage"":0.032413},{""age"":""55-64"",""gender"":""female"",""percentage"":0.042944},{""age"":""45-54"",""gender"":""female"",""percentage"":0.10736},{""age"":""55-64"",""gender"":""male"",""percentage"":0.016955},{""age"":""65+"",""gender"":""male"",""percentage"":0.009915},{""age"":""25-34"",""gender"":""unknown"",""percentage"":0.001525},{""age"":""65+"",""gender"":""unknown"",""percentage"":0.000205}","{""region"":""Arica y Parinacota Region"",""percentage"":0.130872},{""region"":""Antofagasta Region"",""percentage"":0.466302},{""region"":""Atacama Region"",""percentage"":0.161265},{""region"":""Tarapac\u00e1 Region"",""percentage"":0.241561}","facebook,instagram","lower_bound: 100001, upper_bound: 500000",es
439721757812416,881095048648989,"José Antonio Kast",2021-12-11,2021-12-11,2021-12-16,"José Antonio Kast","Hoy Chile está en guerra. Pero no entre mapuches y chilenos, sino entre los terroristas y aquellos que queremos paz. #PorElFuturoDeLaAraucania",,,,"lower_bound: 400000, upper_bound: 449999","lower_bound: 4500, upper_bound: 4999",USD,"{""age"":""65+"",""gender"":""unknown"",""percentage"":0.000544},{""age"":""25-34"",""gender"":""unknown"",""percentage"":0.001826},{""age"":""35-44"",""gender"":""unknown"",""percentage"":0.003505},{""age"":""65+"",""gender"":""female"",""percentage"":0.038373},{""age"":""35-44"",""gender"":""female"",""percentage"":0.171669},{""age"":""45-54"",""gender"":""female"",""percentage"":0.098327},{""age"":""25-34"",""gender"":""male"",""percentage"":0.164515},{""age"":""55-64"",""gender"":""male"",""percentage"":0.040821},{""age"":""35-44"",""gender"":""male"",""percentage"":0.134689},{""age"":""45-54"",""gender"":""male"",""percentage"":0.065787},{""age"":""25-34"",""gender"":""female"",""percentage"":0.181227},{""age"":""65+"",""gender"":""male"",""percentage"":0.026082},{""age"":""55-64"",""gender"":""female"",""percentage"":0.0694},{""age"":""45-54"",""gender"":""unknown"",""percentage"":0.002255},{""age"":""55-64"",""gender"":""unknown"",""percentage"":0.000981}","{""region"":""Los R\u00edos Region"",""percentage"":0.103154},{""region"":""Araucan\u00eda Region"",""percentage"":0.152328},{""region"":""B\u00edo B\u00edo Region"",""percentage"":0.205366},{""region"":""O'Higgins Region"",""percentage"":0.21782},{""region"":""Los Lagos Region"",""percentage"":0.225865},{""region"":""Maule Region"",""percentage"":0.095467}","facebook,instagram","lower_bound: 500001, upper_bound: 1000000",es
307385198010832,881095048648989,"José Antonio Kast",2021-12-11,2021-12-11,2021-12-14,"José Antonio Kast","Por un futuro diferente. ¡Atrévete! #KastPresidente ✌🏼",,,,"lower_bound: 5000, upper_bound: 5999","lower_bound: 0, upper_bound: 99",USD,"{""age"":""55-64"",""gender"":""unknown"",""percentage"":0.002773},{""age"":""55-64"",""gender"":""female"",""percentage"":0.080763},{""age"":""35-44"",""gender"":""unknown"",""percentage"":0.007279},{""age"":""45-54"",""gender"":""male"",""percentage"":0.060832},{""age"":""18-24"",""gender"":""female"",""percentage"":0.021317},{""age"":""18-24"",""gender"":""male"",""percentage"":0.024263},{""age"":""25-34"",""gender"":""female"",""percentage"":0.175043},{""age"":""65+"",""gender"":""male"",""percentage"":0.016984},{""age"":""35-44"",""gender"":""male"",""percentage"":0.104679},{""age"":""65+"",""gender"":""unknown"",""percentage"":0.000867},{""age"":""35-44"",""gender"":""female"",""percentage"":0.189775},{""age"":""45-54"",""gender"":""female"",""percentage"":0.109185},{""age"":""25-34"",""gender"":""male"",""percentage"":0.122877},{""age"":""65+"",""gender"":""female"",""percentage"":0.04818},{""age"":""45-54"",""gender"":""unknown"",""percentage"":0.005719},{""age"":""55-64"",""gender"":""male"",""percentage"":0.025997},{""age"":""25-34"",""gender"":""unknown"",""percentage"":0.003466}","{""region"":""Los R\u00edos Region"",""percentage"":0.017114},{""region"":""Valpara\u00edso Region"",""percentage"":0.085401},{""region"":""Ays\u00e9n Region"",""percentage"":0.003423},{""region"":""Antofagasta Region"",""percentage"":0.028581},{""region"":""Araucan\u00eda Region"",""percentage"":0.054082},{""region"":""Atacama Region"",""percentage"":0.008215},{""region"":""B\u00edo B\u00edo Region"",""percentage"":0.106623},{""region"":""Coquimbo Region"",""percentage"":0.028239},{""region"":""O'Higgins Region"",""percentage"":0.042444},{""region"":""Los Lagos Region"",""percentage"":0.038679},{""region"":""Magallanes y la Ant\u00e1rtica Chilena Region"",""percentage"":0.010269},{""region"":""Maule Region"",""percentage"":0.045525},{""region"":""Santiago Metropolitan Region"",""percentage"":0.510012},{""region"":""Tarapac\u00e1 Region"",""percentage"":0.013178},{""region"":""Arica y Parinacota Region"",""percentage"":0.008215}","facebook,instagram","lower_bound: 1000001",es
4678149365635705,881095048648989,"José Antonio Kast",2021-12-11,2021-12-11,2021-12-15,"José Antonio Kast","Por un futuro diferente. ¡Atrévete! #KastPresidente ✌🏼",,,,"lower_bound: 35000, upper_bound: 39999","lower_bound: 100, upper_bound: 199",USD,"{""age"":""65+"",""gender"":""unknown"",""percentage"":0.000946},{""age"":""25-34"",""gender"":""female"",""percentage"":0.142116},{""age"":""25-34"",""gender"":""unknown"",""percentage"":0.002502},{""age"":""18-24"",""gender"":""unknown"",""percentage"":0.000549},{""age"":""18-24"",""gender"":""male"",""percentage"":0.071501},{""age"":""25-34"",""gender"":""male"",""percentage"":0.230736},{""age"":""45-54"",""gender"":""female"",""percentage"":0.061796},{""age"":""35-44"",""gender"":""female"",""percentage"":0.117031},{""age"":""35-44"",""gender"":""male"",""percentage"":0.124813},{""age"":""55-64"",""gender"":""unknown"",""percentage"":0.001617},{""age"":""55-64"",""gender"":""female"",""percentage"":0.045958},{""age"":""55-64"",""gender"":""male"",""percentage"":0.033233},{""age"":""45-54"",""gender"":""male"",""percentage"":0.0567},{""age"":""35-44"",""gender"":""unknown"",""percentage"":0.004272},{""age"":""18-24"",""gender"":""female"",""percentage"":0.044463},{""age"":""65+"",""gender"":""male"",""percentage"":0.027343},{""age"":""65+"",""gender"":""female"",""percentage"":0.031554},{""age"":""45-54"",""gender"":""unknown"",""percentage"":0.002869}","{""region"":""Los R\u00edos Region"",""percentage"":0.029432},{""region"":""Arica y Parinacota Region"",""percentage"":0.016192},{""region"":""Valpara\u00edso Region"",""percentage"":0.109554},{""region"":""Ays\u00e9n Region"",""percentage"":0.007863},{""region"":""Antofagasta Region"",""percentage"":0.033472},{""region"":""Araucan\u00eda Region"",""percentage"":0.080153},{""region"":""Atacama Region"",""percentage"":0.013644},{""region"":""B\u00edo B\u00edo Region"",""percentage"":0.144953},{""region"":""Coquimbo Region"",""percentage"":0.032726},{""region"":""O'Higgins Region"",""percentage"":0.045065},{""region"":""Los Lagos Region"",""percentage"":0.070301},{""region"":""Magallanes y la Ant\u00e1rtica Chilena Region"",""percentage"":0.016534},{""region"":""Maule Region"",""percentage"":0.068063},{""region"":""Santiago Metropolitan Region"",""percentage"":0.308522},{""region"":""Tarapac\u00e1 Region"",""percentage"":0.023527}","facebook,instagram","lower_bound: 1000001",es
204002595253524,881095048648989,"José Antonio Kast",2021-12-11,2021-12-11,2021-12-14,"José Antonio Kast","Por un futuro diferente, con José Antonio Kast Presidente 

Con libertad, paz, orden y progreso, y para ese futuro esplendor alcanzar ¡Atrévete por el Futuro de Chile! #TranquiloTodoVaEstarBien""",,,,"lower_bound: 15000, upper_bound: 19999","lower_bound: 100, upper_bound: 199",USD,"{""age"":""35-44"",""gender"":""unknown"",""percentage"":0.004452},{""age"":""35-44"",""gender"":""female"",""percentage"":0.137749},{""age"":""55-64"",""gender"":""unknown"",""percentage"":0.001507},{""age"":""25-34"",""gender"":""female"",""percentage"":0.144462},{""age"":""55-64"",""gender"":""female"",""percentage"":0.109254},{""age"":""65+"",""gender"":""male"",""percentage"":0.038496},{""age"":""25-34"",""gender"":""male"",""percentage"":0.119734},{""age"":""18-24"",""gender"":""male"",""percentage"":0.024796},{""age"":""45-54"",""gender"":""male"",""percentage"":0.067676},{""age"":""65+"",""gender"":""unknown"",""percentage"":0.001233},{""age"":""65+"",""gender"":""female"",""percentage"":0.074663},{""age"":""35-44"",""gender"":""male"",""percentage"":0.106583},{""age"":""45-54"",""gender"":""female"",""percentage"":0.10076},{""age"":""55-64"",""gender"":""male"",""percentage"":0.050209},{""age"":""18-24"",""gender"":""female"",""percentage"":0.014042},{""age"":""45-54"",""gender"":""unknown"",""percentage"":0.002945},{""age"":""25-34"",""gender"":""unknown"",""percentage"":0.001438}","{""region"":""Los R\u00edos Region"",""percentage"":0.01948},{""region"":""Arica y Parinacota Region"",""percentage"":0.008943},{""region"":""Valpara\u00edso Region"",""percentage"":0.100451},{""region"":""Ays\u00e9n Region"",""percentage"":0.004159},{""region"":""Antofagasta Region"",""percentage"":0.03279},{""region"":""Araucan\u00eda Region"",""percentage"":0.053518},{""region"":""Atacama Region"",""percentage"":0.009913},{""region"":""B\u00edo B\u00edo Region"",""percentage"":0.097331},{""region"":""Coquimbo Region"",""percentage"":0.025789},{""region"":""O'Higgins Region"",""percentage"":0.044159},{""region"":""Los Lagos Region"",""percentage"":0.037088},{""region"":""Magallanes y la Ant\u00e1rtica Chilena Region"",""percentage"":0.011646},{""region"":""Maule Region"",""percentage"":0.045338},{""region"":""Santiago Metropolitan Region"",""percentage"":0.496014},{""region"":""Tarapac\u00e1 Region"",""percentage"":0.01338}","facebook,instagram","lower_bound: 1000001",es
630422848404657,881095048648989,"José Antonio Kast",2021-12-11,2021-12-11,2021-12-16,"José Antonio Kast","Por un futuro diferente, con José Antonio Kast Presidente 

Con libertad, paz, orden y progreso, y para ese futuro esplendor alcanzar ¡Atrévete por el Futuro de Chile! #TranquiloTodoVaEstarBien""",,,,"lower_bound: 250000, upper_bound: 299999","lower_bound: 1500, upper_bound: 1999",USD,"{""age"":""25-34"",""gender"":""unknown"",""percentage"":0.001963},{""age"":""25-34"",""gender"":""female"",""percentage"":0.146815},{""age"":""65+"",""gender"":""unknown"",""percentage"":0.000941},{""age"":""35-44"",""gender"":""unknown"",""percentage"":0.003957},{""age"":""45-54"",""gender"":""unknown"",""percentage"":0.002724},{""age"":""55-64"",""gender"":""male"",""percentage"":0.047342},{""age"":""65+"",""gender"":""male"",""percentage"":0.031531},{""age"":""65+"",""gender"":""female"",""percentage"":0.040589},{""age"":""45-54"",""gender"":""male"",""percentage"":0.06552},{""age"":""45-54"",""gender"":""female"",""percentage"":0.079035},{""age"":""18-24"",""gender"":""unknown"",""percentage"":0.00063},{""age"":""35-44"",""gender"":""male"",""percentage"":0.125188},{""age"":""18-24"",""gender"":""male"",""percentage"":0.046738},{""age"":""18-24"",""gender"":""female"",""percentage"":0.035218},{""age"":""35-44"",""gender"":""female"",""percentage"":0.131927},{""age"":""25-34"",""gender"":""male"",""percentage"":0.174889},{""age"":""55-64"",""gender"":""female"",""percentage"":0.063728},{""age"":""55-64"",""gender"":""unknown"",""percentage"":0.001261},{""age"":""13-17"",""gender"":""unknown"",""percentage"":5.0e-6}","{""region"":""Los R\u00edos Region"",""percentage"":0.029199},{""region"":""Arica y Parinacota Region"",""percentage"":0.014213},{""region"":""Valpara\u00edso Region"",""percentage"":0.091511},{""region"":""Ays\u00e9n Region"",""percentage"":0.008539},{""region"":""Antofagasta Region"",""percentage"":0.035241},{""region"":""Araucan\u00eda Region"",""percentage"":0.089538},{""region"":""Atacama Region"",""percentage"":0.014564},{""region"":""B\u00edo B\u00edo Region"",""percentage"":0.154298},{""region"":""Coquimbo Region"",""percentage"":0.031914},{""region"":""O'Higgins Region"",""percentage"":0.049388},{""region"":""Los Lagos Region"",""percentage"":0.066386},{""region"":""Magallanes y la Ant\u00e1rtica Chilena Region"",""percentage"":0.015617},{""region"":""Maule Region"",""percentage"":0.066177},{""region"":""Santiago Metropolitan Region"",""percentage"":0.310623},{""region"":""Tarapac\u00e1 Region"",""percentage"":0.022792}","facebook,instagram","lower_bound: 1000001",es
628389241940363,881095048648989,"José Antonio Kast",2021-12-11,2021-12-11,2021-12-16,"José Antonio Kast","La minería para nosotros es fundamental. Así como Calama es el motor de recursos para nuestro país, queremos que esos recursos se vean reflejados en esta región. 

Asumimos el compromiso de recuperar nuestra nación y entregar paz, seguridad y progreso. Pero también, en el desarrollo de las regiones. Por Chile y el futuro de las regiones ¡Atrévete!",,,,"lower_bound: 175000, upper_bound: 199999","lower_bound: 3000, upper_bound: 3499",USD,"{""age"":""35-44"",""gender"":""unknown"",""percentage"":0.003697},{""age"":""55-64"",""gender"":""female"",""percentage"":0.042123},{""age"":""45-54"",""gender"":""unknown"",""percentage"":0.002049},{""age"":""18-24"",""gender"":""unknown"",""percentage"":0.000426},{""age"":""18-24"",""gender"":""female"",""percentage"":0.026105},{""age"":""55-64"",""gender"":""male"",""percentage"":0.028838},{""age"":""35-44"",""gender"":""male"",""percentage"":0.143609},{""age"":""45-54"",""gender"":""female"",""percentage"":0.076964},{""age"":""25-34"",""gender"":""male"",""percentage"":0.187171},{""age"":""25-34"",""gender"":""unknown"",""percentage"":0.001744},{""age"":""18-24"",""gender"":""male"",""percentage"":0.034568},{""age"":""25-34"",""gender"":""female"",""percentage"":0.203679},{""age"":""45-54"",""gender"":""male"",""percentage"":0.066339},{""age"":""35-44"",""gender"":""female"",""percentage"":0.149211},{""age"":""65+"",""gender"":""male"",""percentage"":0.014314},{""age"":""65+"",""gender"":""female"",""percentage"":0.017875},{""age"":""65+"",""gender"":""unknown"",""percentage"":0.000418},{""age"":""55-64"",""gender"":""unknown"",""percentage"":0.000868}","{""region"":""Arica y Parinacota Region"",""percentage"":0.120835},{""region"":""Antofagasta Region"",""percentage"":0.466131},{""region"":""Atacama Region"",""percentage"":0.180939},{""region"":""Tarapac\u00e1 Region"",""percentage"":0.232095}","facebook,instagram","lower_bound: 100001, upper_bound: 500000",es
404815928089389,881095048648989,"José Antonio Kast",2021-12-11,2021-12-11,2021-12-15,"José Antonio Kast","Recuperemos el orden público y terminemos con la violencia irracional en las calles, para generar las condiciones de crecimiento y desarrollo de las Pymes, para que Chile vuelva a la senda del progreso #LosDoloresDeLasPymes",,,,"lower_bound: 200000, upper_bound: 249999","lower_bound: 3000, upper_bound: 3499",USD,"{""age"":""18-24"",""gender"":""unknown"",""percentage"":0.000175},{""age"":""45-54"",""gender"":""male"",""percentage"":0.066328},{""age"":""45-54"",""gender"":""unknown"",""percentage"":0.002575},{""age"":""18-24"",""gender"":""female"",""percentage"":0.01757},{""age"":""18-24"",""gender"":""male"",""percentage"":0.015814},{""age"":""55-64"",""gender"":""male"",""percentage"":0.053952},{""age"":""45-54"",""gender"":""female"",""percentage"":0.103985},{""age"":""25-34"",""gender"":""male"",""percentage"":0.130854},{""age"":""65+"",""gender"":""male"",""percentage"":0.032876},{""age"":""55-64"",""gender"":""unknown"",""percentage"":0.001332},{""age"":""25-34"",""gender"":""unknown"",""percentage"":0.001965},{""age"":""35-44"",""gender"":""female"",""percentage"":0.131594},{""age"":""25-34"",""gender"":""female"",""percentage"":0.184653},{""age"":""35-44"",""gender"":""male"",""percentage"":0.098989},{""age"":""55-64"",""gender"":""female"",""percentage"":0.092547},{""age"":""65+"",""gender"":""female"",""percentage"":0.060349},{""age"":""35-44"",""gender"":""unknown"",""percentage"":0.003659},{""age"":""65+"",""gender"":""unknown"",""percentage"":0.000785}","{""region"":""Los R\u00edos Region"",""percentage"":0.019535},{""region"":""Arica y Parinacota Region"",""percentage"":0.009344},{""region"":""Valpara\u00edso Region"",""percentage"":0.097653},{""region"":""Ays\u00e9n Region"",""percentage"":0.004531},{""region"":""Antofagasta Region"",""percentage"":0.035246},{""region"":""Araucan\u00eda Region"",""percentage"":0.051137},{""region"":""Atacama Region"",""percentage"":0.013504},{""region"":""B\u00edo B\u00edo Region"",""percentage"":0.100983},{""region"":""Coquimbo Region"",""percentage"":0.034747},{""region"":""O'Higgins Region"",""percentage"":0.044815},{""region"":""Los Lagos Region"",""percentage"":0.04167},{""region"":""Magallanes y la Ant\u00e1rtica Chilena Region"",""percentage"":0.012819},{""region"":""Maule Region"",""percentage"":0.045561},{""region"":""Santiago Metropolitan Region"",""percentage"":0.472685},{""region"":""Tarapac\u00e1 Region"",""percentage"":0.015767}","facebook,instagram","lower_bound: 1000001",es
3072148643038422,881095048648989,"José Antonio Kast",2021-12-11,2021-12-11,2021-12-15,"José Antonio Kast","Recuperemos el orden público y terminemos con la violencia irracional en las calles, para generar las condiciones de crecimiento y desarrollo de las Pymes, para que Chile vuelva a la senda del progreso #LosDoloresDeLasPymes",,,,"lower_bound: 600000, upper_bound: 699999","lower_bound: 4500, upper_bound: 4999",USD,"{""age"":""55-64"",""gender"":""unknown"",""percentage"":0.001057},{""age"":""18-24"",""gender"":""female"",""percentage"":0.034137},{""age"":""25-34"",""gender"":""unknown"",""percentage"":0.001942},{""age"":""45-54"",""gender"":""unknown"",""percentage"":0.002081},{""age"":""18-24"",""gender"":""unknown"",""percentage"":0.000553},{""age"":""35-44"",""gender"":""unknown"",""percentage"":0.003691},{""age"":""55-64"",""gender"":""male"",""percentage"":0.047116},{""age"":""45-54"",""gender"":""female"",""percentage"":0.070645},{""age"":""65+"",""gender"":""male"",""percentage"":0.030603},{""age"":""65+"",""gender"":""female"",""percentage"":0.036368},{""age"":""25-34"",""gender"":""female"",""percentage"":0.146396},{""age"":""18-24"",""gender"":""male"",""percentage"":0.053638},{""age"":""45-54"",""gender"":""male"",""percentage"":0.065704},{""age"":""65+"",""gender"":""unknown"",""percentage"":0.000728},{""age"":""35-44"",""gender"":""female"",""percentage"":0.113966},{""age"":""25-34"",""gender"":""male"",""percentage"":0.203957},{""age"":""55-64"",""gender"":""female"",""percentage"":0.056427},{""age"":""35-44"",""gender"":""male"",""percentage"":0.130988},{""age"":""13-17"",""gender"":""unknown"",""percentage"":2.0e-6}","{""region"":""Los R\u00edos Region"",""percentage"":0.029425},{""region"":""Arica y Parinacota Region"",""percentage"":0.013954},{""region"":""Valpara\u00edso Region"",""percentage"":0.098598},{""region"":""Ays\u00e9n Region"",""percentage"":0.00918},{""region"":""Antofagasta Region"",""percentage"":0.035503},{""region"":""Araucan\u00eda Region"",""percentage"":0.091724},{""region"":""Atacama Region"",""percentage"":0.015477},{""region"":""B\u00edo B\u00edo Region"",""percentage"":0.151825},{""region"":""Coquimbo Region"",""percentage"":0.032839},{""region"":""O'Higgins Region"",""percentage"":0.050731},{""region"":""Los Lagos Region"",""percentage"":0.071296},{""region"":""Magallanes y la Ant\u00e1rtica Chilena Region"",""percentage"":0.017072},{""region"":""Maule Region"",""percentage"":0.068306},{""region"":""Santiago Metropolitan Region"",""percentage"":0.290511},{""region"":""Tarapac\u00e1 Region"",""percentage"":0.023561}","facebook,instagram","lower_bound: 1000001",es
311012464212261,881095048648989,"José Antonio Kast",2021-12-11,2021-12-11,2021-12-14,"José Antonio Kast","Por las mujeres y su futuro ¡Atrévete!
Casadas, solteras, madres solteras, dueñas de casa, jefas de hogar, profesionales, niñas, jóvenes y adultas mayores- vivan en libertad y con seguridad.
#MujeresxKast",,,,"lower_bound: 40000, upper_bound: 44999","lower_bound: 200, upper_bound: 299",USD,"{""age"":""13-17"",""gender"":""female"",""percentage"":0.000231},{""age"":""18-24"",""gender"":""female"",""percentage"":0.309611},{""age"":""25-34"",""gender"":""female"",""percentage"":0.357711},{""age"":""45-54"",""gender"":""female"",""percentage"":0.147166},{""age"":""35-44"",""gender"":""female"",""percentage"":0.171274},{""age"":""55-64"",""gender"":""female"",""percentage"":0.014007}","{""region"":""Los R\u00edos Region"",""percentage"":0.0211},{""region"":""Arica y Parinacota Region"",""percentage"":0.014136},{""region"":""Valpara\u00edso Region"",""percentage"":0.093119},{""region"":""Ays\u00e9n Region"",""percentage"":0.006134},{""region"":""Antofagasta Region"",""percentage"":0.040149},{""region"":""Araucan\u00eda Region"",""percentage"":0.050849},{""region"":""Atacama Region"",""percentage"":0.015912},{""region"":""B\u00edo B\u00edo Region"",""percentage"":0.128009},{""region"":""Coquimbo Region"",""percentage"":0.03549},{""region"":""O'Higgins Region"",""percentage"":0.048704},{""region"":""Los Lagos Region"",""percentage"":0.049396},{""region"":""Magallanes y la Ant\u00e1rtica Chilena Region"",""percentage"":0.009732},{""region"":""Maule Region"",""percentage"":0.061203},{""region"":""Santiago Metropolitan Region"",""percentage"":0.404506},{""region"":""Tarapac\u00e1 Region"",""percentage"":0.021562}","facebook,instagram","lower_bound: 1000001",es
1032357693975423,881095048648989,"José Antonio Kast",2021-12-11,2021-12-11,2021-12-14,"José Antonio Kast","Por las mujeres y su futuro ¡Atrévete!
Casadas, solteras, madres solteras, dueñas de casa, jefas de hogar, profesionales, niñas, jóvenes y adultas mayores- vivan en libertad y con seguridad.
#MujeresxKast",,,,"lower_bound: 35000, upper_bound: 39999","lower_bound: 200, upper_bound: 299",USD,"{""age"":""55-64"",""gender"":""female"",""percentage"":0.013708},{""age"":""35-44"",""gender"":""female"",""percentage"":0.199984},{""age"":""25-34"",""gender"":""female"",""percentage"":0.374696},{""age"":""18-24"",""gender"":""female"",""percentage"":0.25958},{""age"":""45-54"",""gender"":""female"",""percentage"":0.151874},{""age"":""13-17"",""gender"":""female"",""percentage"":0.000159}","{""region"":""Unknown"",""percentage"":2.7e-5},{""region"":""Los R\u00edos Region"",""percentage"":0.022883},{""region"":""Arica y Parinacota Region"",""percentage"":0.014292},{""region"":""Valpara\u00edso Region"",""percentage"":0.094686},{""region"":""Ays\u00e9n Region"",""percentage"":0.005727},{""region"":""Antofagasta Region"",""percentage"":0.03805},{""region"":""Araucan\u00eda Region"",""percentage"":0.056186},{""region"":""Atacama Region"",""percentage"":0.016307},{""region"":""B\u00edo B\u00edo Region"",""percentage"":0.121573},{""region"":""Coquimbo Region"",""percentage"":0.035425},{""region"":""O'Higgins Region"",""percentage"":0.045765},{""region"":""Los Lagos Region"",""percentage"":0.051228},{""region"":""Magallanes y la Ant\u00e1rtica Chilena Region"",""percentage"":0.010076},{""region"":""Maule Region"",""percentage"":0.060932},{""region"":""Santiago Metropolitan Region"",""percentage"":0.405155},{""region"":""Tarapac\u00e1 Region"",""percentage"":0.02169}","facebook,instagram","lower_bound: 1000001",es
4804013172999606,881095048648989,"José Antonio Kast",2021-12-11,2021-12-12,2021-12-14,"José Antonio Kast","Por las mujeres y su futuro ¡Atrévete!
Casadas, solteras, madres solteras, dueñas de casa, jefas de hogar, profesionales, niñas, jóvenes y adultas mayores- vivan en libertad y con seguridad.
#MujeresxKast",,,,"lower_bound: 50000, upper_bound: 59999","lower_bound: 300, upper_bound: 399",USD,"{""age"":""55-64"",""gender"":""female"",""percentage"":0.01771},{""age"":""18-24"",""gender"":""female"",""percentage"":0.238124},{""age"":""45-54"",""gender"":""female"",""percentage"":0.186251},{""age"":""35-44"",""gender"":""female"",""percentage"":0.206546},{""age"":""25-34"",""gender"":""female"",""percentage"":0.35116},{""age"":""13-17"",""gender"":""female"",""percentage"":0.00021}","{""region"":""Unknown"",""percentage"":3.5e-5},{""region"":""Los R\u00edos Region"",""percentage"":0.021762},{""region"":""Arica y Parinacota Region"",""percentage"":0.014158},{""region"":""Valpara\u00edso Region"",""percentage"":0.093619},{""region"":""Ays\u00e9n Region"",""percentage"":0.006255},{""region"":""Antofagasta Region"",""percentage"":0.043121},{""region"":""Araucan\u00eda Region"",""percentage"":0.055859},{""region"":""Atacama Region"",""percentage"":0.01591},{""region"":""B\u00edo B\u00edo Region"",""percentage"":0.119218},{""region"":""Coquimbo Region"",""percentage"":0.036533},{""region"":""O'Higgins Region"",""percentage"":0.053722},{""region"":""Los Lagos Region"",""percentage"":0.048745},{""region"":""Magallanes y la Ant\u00e1rtica Chilena Region"",""percentage"":0.009164},{""region"":""Maule Region"",""percentage"":0.060135},{""region"":""Santiago Metropolitan Region"",""percentage"":0.400792},{""region"":""Tarapac\u00e1 Region"",""percentage"":0.020974}","facebook,instagram","lower_bound: 1000001",es
637212307715713,881095048648989,"José Antonio Kast",2021-12-11,2021-12-11,2021-12-14,"José Antonio Kast","Por las mujeres y su futuro ¡Atrévete!
Casadas, solteras, madres solteras, dueñas de casa, jefas de hogar, profesionales, niñas, jóvenes y adultas mayores- vivan en libertad y con seguridad.
#MujeresxKast",,,,"lower_bound: 60000, upper_bound: 69999","lower_bound: 300, upper_bound: 399",USD,"{""age"":""25-34"",""gender"":""female"",""percentage"":0.395933},{""age"":""45-54"",""gender"":""female"",""percentage"":0.146341},{""age"":""35-44"",""gender"":""female"",""percentage"":0.237642},{""age"":""55-64"",""gender"":""female"",""percentage"":0.010032},{""age"":""18-24"",""gender"":""female"",""percentage"":0.209908},{""age"":""13-17"",""gender"":""female"",""percentage"":0.000143}","{""region"":""Unknown"",""percentage"":1.6e-5},{""region"":""Los R\u00edos Region"",""percentage"":0.020471},{""region"":""Arica y Parinacota Region"",""percentage"":0.013025},{""region"":""Valpara\u00edso Region"",""percentage"":0.099564},{""region"":""Ays\u00e9n Region"",""percentage"":0.005985},{""region"":""Antofagasta Region"",""percentage"":0.040309},{""region"":""Araucan\u00eda Region"",""percentage"":0.054405},{""region"":""Atacama Region"",""percentage"":0.017081},{""region"":""B\u00edo B\u00edo Region"",""percentage"":0.125485},{""region"":""Coquimbo Region"",""percentage"":0.036594},{""region"":""O'Higgins Region"",""percentage"":0.048695},{""region"":""Los Lagos Region"",""percentage"":0.047284},{""region"":""Magallanes y la Ant\u00e1rtica Chilena Region"",""percentage"":0.010041},{""region"":""Maule Region"",""percentage"":0.062418},{""region"":""Santiago Metropolitan Region"",""percentage"":0.397882},{""region"":""Tarapac\u00e1 Region"",""percentage"":0.020746}","facebook,instagram","lower_bound: 1000001",es
604480050791298,881095048648989,"José Antonio Kast",2021-12-11,2021-12-11,2021-12-14,"José Antonio Kast","Por las mujeres y su futuro ¡Atrévete!
Casadas, solteras, madres solteras, dueñas de casa, jefas de hogar, profesionales, niñas, jóvenes y adultas mayores- vivan en libertad y con seguridad.
#MujeresxKast",,,,"lower_bound: 100000, upper_bound: 124999","lower_bound: 600, upper_bound: 699",USD,"{""age"":""13-17"",""gender"":""female"",""percentage"":0.000148},{""age"":""25-34"",""gender"":""female"",""percentage"":0.407846},{""age"":""35-44"",""gender"":""female"",""percentage"":0.202477},{""age"":""18-24"",""gender"":""female"",""percentage"":0.217696},{""age"":""45-54"",""gender"":""female"",""percentage"":0.156506},{""age"":""55-64"",""gender"":""female"",""percentage"":0.015327}","{""region"":""Los R\u00edos Region"",""percentage"":0.023943},{""region"":""Arica y Parinacota Region"",""percentage"":0.016389},{""region"":""Valpara\u00edso Region"",""percentage"":0.093236},{""region"":""Ays\u00e9n Region"",""percentage"":0.006689},{""region"":""Antofagasta Region"",""percentage"":0.045516},{""region"":""Araucan\u00eda Region"",""percentage"":0.060656},{""region"":""Atacama Region"",""percentage"":0.018759},{""region"":""B\u00edo B\u00edo Region"",""percentage"":0.124302},{""region"":""Coquimbo Region"",""percentage"":0.039752},{""region"":""O'Higgins Region"",""percentage"":0.053465},{""region"":""Los Lagos Region"",""percentage"":0.055196},{""region"":""Magallanes y la Ant\u00e1rtica Chilena Region"",""percentage"":0.010988},{""region"":""Maule Region"",""percentage"":0.064866},{""region"":""Santiago Metropolitan Region"",""percentage"":0.361612},{""region"":""Tarapac\u00e1 Region"",""percentage"":0.024632}","facebook,instagram","lower_bound: 1000001",es
737159430578412,881095048648989,"José Antonio Kast",2021-12-11,2021-12-11,2021-12-13,"José Antonio Kast","Por las mujeres y su futuro ¡Atrévete!
Casadas, solteras, madres solteras, dueñas de casa, jefas de hogar, profesionales, niñas, jóvenes y adultas mayores- vivan en libertad y con seguridad.
#MujeresxKast",,,,"lower_bound: 125000, upper_bound: 149999","lower_bound: 700, upper_bound: 799",USD,"{""age"":""55-64"",""gender"":""female"",""percentage"":0.019403},{""age"":""35-44"",""gender"":""female"",""percentage"":0.304445},{""age"":""45-54"",""gender"":""female"",""percentage"":0.229989},{""age"":""25-34"",""gender"":""female"",""percentage"":0.293794},{""age"":""18-24"",""gender"":""female"",""percentage"":0.152307},{""age"":""13-17"",""gender"":""female"",""percentage"":6.2e-5}","{""region"":""Los R\u00edos Region"",""percentage"":0.022745},{""region"":""Arica y Parinacota Region"",""percentage"":0.016753},{""region"":""Valpara\u00edso Region"",""percentage"":0.093442},{""region"":""Ays\u00e9n Region"",""percentage"":0.006661},{""region"":""Antofagasta Region"",""percentage"":0.04739},{""region"":""Araucan\u00eda Region"",""percentage"":0.058203},{""region"":""Atacama Region"",""percentage"":0.019832},{""region"":""B\u00edo B\u00edo Region"",""percentage"":0.126675},{""region"":""Coquimbo Region"",""percentage"":0.039823},{""region"":""O'Higgins Region"",""percentage"":0.055142},{""region"":""Los Lagos Region"",""percentage"":0.055537},{""region"":""Magallanes y la Ant\u00e1rtica Chilena Region"",""percentage"":0.010796},{""region"":""Maule Region"",""percentage"":0.065445},{""region"":""Santiago Metropolitan Region"",""percentage"":0.355292},{""region"":""Tarapac\u00e1 Region"",""percentage"":0.026255},{""region"":""Unknown"",""percentage"":9.0e-6}","facebook,instagram","lower_bound: 1000001",es
2850128161945790,881095048648989,"José Antonio Kast",2021-12-11,2021-12-11,2021-12-14,"José Antonio Kast","Por las mujeres y su futuro ¡Atrévete!
Casadas, solteras, madres solteras, dueñas de casa, jefas de hogar, profesionales, niñas, jóvenes y adultas mayores- vivan en libertad y con seguridad.
#MujeresxKast",,,,"lower_bound: 30000, upper_bound: 34999","lower_bound: 100, upper_bound: 199",USD,"{""age"":""13-17"",""gender"":""female"",""percentage"":0.00036},{""age"":""35-44"",""gender"":""female"",""percentage"":0.224671},{""age"":""18-24"",""gender"":""female"",""percentage"":0.186231},{""age"":""25-34"",""gender"":""female"",""percentage"":0.364517},{""age"":""45-54"",""gender"":""female"",""percentage"":0.206351},{""age"":""55-64"",""gender"":""female"",""percentage"":0.017871}","{""region"":""Los R\u00edos Region"",""percentage"":0.021155},{""region"":""Arica y Parinacota Region"",""percentage"":0.014737},{""region"":""Valpara\u00edso Region"",""percentage"":0.096236},{""region"":""Ays\u00e9n Region"",""percentage"":0.0052},{""region"":""Antofagasta Region"",""percentage"":0.042398},{""region"":""Araucan\u00eda Region"",""percentage"":0.049202},{""region"":""Atacama Region"",""percentage"":0.016995},{""region"":""B\u00edo B\u00edo Region"",""percentage"":0.119886},{""region"":""Coquimbo Region"",""percentage"":0.037912},{""region"":""O'Higgins Region"",""percentage"":0.048965},{""region"":""Los Lagos Region"",""percentage"":0.047865},{""region"":""Magallanes y la Ant\u00e1rtica Chilena Region"",""percentage"":0.009835},{""region"":""Maule Region"",""percentage"":0.061295},{""region"":""Santiago Metropolitan Region"",""percentage"":0.407166},{""region"":""Tarapac\u00e1 Region"",""percentage"":0.021155}","facebook,instagram","lower_bound: 1000001",es
269894178526704,881095048648989,"José Antonio Kast",2021-12-11,2021-12-11,2021-12-13,"José Antonio Kast","Por las mujeres y su futuro ¡Atrévete!
Casadas, solteras, madres solteras, dueñas de casa, jefas de hogar, profesionales, niñas, jóvenes y adultas mayores- vivan en libertad y con seguridad.
#MujeresxKast",,,,"lower_bound: 50000, upper_bound: 59999","lower_bound: 300, upper_bound: 399",USD,"{""age"":""25-34"",""gender"":""female"",""percentage"":0.37833},{""age"":""45-54"",""gender"":""female"",""percentage"":0.156242},{""age"":""35-44"",""gender"":""female"",""percentage"":0.189586},{""age"":""18-24"",""gender"":""female"",""percentage"":0.260065},{""age"":""55-64"",""gender"":""female"",""percentage"":0.015321},{""age"":""13-17"",""gender"":""female"",""percentage"":0.000456}","{""region"":""Los R\u00edos Region"",""percentage"":0.021799},{""region"":""Arica y Parinacota Region"",""percentage"":0.015494},{""region"":""Valpara\u00edso Region"",""percentage"":0.096244},{""region"":""Ays\u00e9n Region"",""percentage"":0.005931},{""region"":""Antofagasta Region"",""percentage"":0.041853},{""region"":""Araucan\u00eda Region"",""percentage"":0.054462},{""region"":""Atacama Region"",""percentage"":0.017044},{""region"":""B\u00edo B\u00edo Region"",""percentage"":0.122068},{""region"":""Coquimbo Region"",""percentage"":0.035299},{""region"":""O'Higgins Region"",""percentage"":0.049351},{""region"":""Los Lagos Region"",""percentage"":0.048015},{""region"":""Magallanes y la Ant\u00e1rtica Chilena Region"",""percentage"":0.01065},{""region"":""Maule Region"",""percentage"":0.062174},{""region"":""Santiago Metropolitan Region"",""percentage"":0.396392},{""region"":""Tarapac\u00e1 Region"",""percentage"":0.023188},{""region"":""Unknown"",""percentage"":3.6e-5}","facebook,instagram","lower_bound: 1000001",es
330206868639296,881095048648989,"José Antonio Kast",2021-12-11,2021-12-12,2021-12-13,"José Antonio Kast","Por las mujeres y su futuro ¡Atrévete!
Casadas, solteras, madres solteras, dueñas de casa, jefas de hogar, profesionales, niñas, jóvenes y adultas mayores- vivan en libertad y con seguridad.
#MujeresxKast",,,,"lower_bound: 70000, upper_bound: 79999","lower_bound: 400, upper_bound: 499",USD,"{""age"":""13-17"",""gender"":""female"",""percentage"":0.000251},{""age"":""55-64"",""gender"":""female"",""percentage"":0.018788},{""age"":""45-54"",""gender"":""female"",""percentage"":0.203677},{""age"":""35-44"",""gender"":""female"",""percentage"":0.227605},{""age"":""18-24"",""gender"":""female"",""percentage"":0.198005},{""age"":""25-34"",""gender"":""female"",""percentage"":0.351674}","{""region"":""Los R\u00edos Region"",""percentage"":0.021409},{""region"":""Arica y Parinacota Region"",""percentage"":0.01436},{""region"":""Valpara\u00edso Region"",""percentage"":0.098021},{""region"":""Ays\u00e9n Region"",""percentage"":0.006275},{""region"":""Antofagasta Region"",""percentage"":0.040842},{""region"":""Araucan\u00eda Region"",""percentage"":0.054},{""region"":""Atacama Region"",""percentage"":0.01653},{""region"":""B\u00edo B\u00edo Region"",""percentage"":0.119209},{""region"":""Coquimbo Region"",""percentage"":0.036295},{""region"":""O'Higgins Region"",""percentage"":0.054898},{""region"":""Los Lagos Region"",""percentage"":0.053143},{""region"":""Magallanes y la Ant\u00e1rtica Chilena Region"",""percentage"":0.012287},{""region"":""Maule Region"",""percentage"":0.064933},{""region"":""Santiago Metropolitan Region"",""percentage"":0.385311},{""region"":""Tarapac\u00e1 Region"",""percentage"":0.022487}","facebook,instagram","lower_bound: 1000001",es
455178759535522,881095048648989,"José Antonio Kast",2021-12-11,2021-12-11,2021-12-14,"José Antonio Kast","Por las mujeres y su futuro ¡Atrévete!
Casadas, solteras, madres solteras, dueñas de casa, jefas de hogar, profesionales, niñas, jóvenes y adultas mayores- vivan en libertad y con seguridad.
#MujeresxKast",,,,"lower_bound: 125000, upper_bound: 149999","lower_bound: 700, upper_bound: 799",USD,"{""age"":""13-17"",""gender"":""female"",""percentage"":9.6e-5},{""age"":""18-24"",""gender"":""female"",""percentage"":0.174991},{""age"":""35-44"",""gender"":""female"",""percentage"":0.246523},{""age"":""25-34"",""gender"":""female"",""percentage"":0.347901},{""age"":""45-54"",""gender"":""female"",""percentage"":0.210496},{""age"":""55-64"",""gender"":""female"",""percentage"":0.019994}","{""region"":""Los R\u00edos Region"",""percentage"":0.023611},{""region"":""Arica y Parinacota Region"",""percentage"":0.015831},{""region"":""Valpara\u00edso Region"",""percentage"":0.095544},{""region"":""Ays\u00e9n Region"",""percentage"":0.00681},{""region"":""Antofagasta Region"",""percentage"":0.045281},{""region"":""Araucan\u00eda Region"",""percentage"":0.055657},{""region"":""Atacama Region"",""percentage"":0.019974},{""region"":""B\u00edo B\u00edo Region"",""percentage"":0.11718},{""region"":""Coquimbo Region"",""percentage"":0.040438},{""region"":""O'Higgins Region"",""percentage"":0.054809},{""region"":""Los Lagos Region"",""percentage"":0.053734},{""region"":""Magallanes y la Ant\u00e1rtica Chilena Region"",""percentage"":0.011617},{""region"":""Maule Region"",""percentage"":0.067467},{""region"":""Santiago Metropolitan Region"",""percentage"":0.366155},{""region"":""Tarapac\u00e1 Region"",""percentage"":0.025892}","facebook,instagram","lower_bound: 1000001",es
1349431022142343,881095048648989,"José Antonio Kast",2021-12-11,2021-12-11,2021-12-15,"José Antonio Kast","Quiero confesar que nos equivocamos en cómo lo planteamos. No eliminaremos el Ministerio de la Mujer en caso de llegar al Gobierno y pido perdón a quienes pudieron haberse sentido ofendidas con lo que proponía nuestro programa de primera vuelta.",,,,"lower_bound: 1000000","lower_bound: 8000, upper_bound: 8999",USD,"{""age"":""18-24"",""gender"":""female"",""percentage"":0.214698},{""age"":""35-44"",""gender"":""female"",""percentage"":0.238037},{""age"":""45-54"",""gender"":""female"",""percentage"":0.203772},{""age"":""25-34"",""gender"":""female"",""percentage"":0.32488},{""age"":""55-64"",""gender"":""female"",""percentage"":0.018534},{""age"":""13-17"",""gender"":""female"",""percentage"":7.9e-5}","{""region"":""Los R\u00edos Region"",""percentage"":0.022641},{""region"":""Arica y Parinacota Region"",""percentage"":0.014855},{""region"":""Valpara\u00edso Region"",""percentage"":0.090731},{""region"":""Ays\u00e9n Region"",""percentage"":0.005848},{""region"":""Antofagasta Region"",""percentage"":0.040478},{""region"":""Araucan\u00eda Region"",""percentage"":0.058395},{""region"":""Atacama Region"",""percentage"":0.018408},{""region"":""B\u00edo B\u00edo Region"",""percentage"":0.124341},{""region"":""Coquimbo Region"",""percentage"":0.037599},{""region"":""O'Higgins Region"",""percentage"":0.054272},{""region"":""Los Lagos Region"",""percentage"":0.054231},{""region"":""Magallanes y la Ant\u00e1rtica Chilena Region"",""percentage"":0.00951},{""region"":""Maule Region"",""percentage"":0.06954},{""region"":""Santiago Metropolitan Region"",""percentage"":0.374789},{""region"":""Tarapac\u00e1 Region"",""percentage"":0.024356},{""region"":""Unknown"",""percentage"":4.0e-6}","facebook,instagram","lower_bound: 1000001",es
1791658244368390,881095048648989,"José Antonio Kast",2021-12-11,2021-12-11,2021-12-15,"José Antonio Kast","Quiero confesar que nos equivocamos en cómo lo planteamos. No eliminaremos el Ministerio de la Mujer en caso de llegar al Gobierno y pido perdón a quienes pudieron haberse sentido ofendidas con lo que proponía nuestro programa de primera vuelta.",,,,"lower_bound: 80000, upper_bound: 89999","lower_bound: 1000, upper_bound: 1499",USD,"{""age"":""13-17"",""gender"":""male"",""percentage"":1.3e-5},{""age"":""55-64"",""gender"":""female"",""percentage"":0.053245},{""age"":""25-34"",""gender"":""unknown"",""percentage"":0.002531},{""age"":""35-44"",""gender"":""unknown"",""percentage"":0.006778},{""age"":""45-54"",""gender"":""male"",""percentage"":0.054549},{""age"":""18-24"",""gender"":""male"",""percentage"":0.020529},{""age"":""65+"",""gender"":""male"",""percentage"":0.01428},{""age"":""35-44"",""gender"":""female"",""percentage"":0.218094},{""age"":""18-24"",""gender"":""female"",""percentage"":0.023072},{""age"":""35-44"",""gender"":""male"",""percentage"":0.117271},{""age"":""18-24"",""gender"":""unknown"",""percentage"":0.000181},{""age"":""45-54"",""gender"":""female"",""percentage"":0.108066},{""age"":""25-34"",""gender"":""male"",""percentage"":0.12321},{""age"":""55-64"",""gender"":""male"",""percentage"":0.022284},{""age"":""65+"",""gender"":""female"",""percentage"":0.031374},{""age"":""25-34"",""gender"":""female"",""percentage"":0.19874},{""age"":""45-54"",""gender"":""unknown"",""percentage"":0.00417},{""age"":""55-64"",""gender"":""unknown"",""percentage"":0.001059},{""age"":""65+"",""gender"":""unknown"",""percentage"":0.000555}","{""region"":""Los R\u00edos Region"",""percentage"":0.015318},{""region"":""Arica y Parinacota Region"",""percentage"":0.009032},{""region"":""Valpara\u00edso Region"",""percentage"":0.092098},{""region"":""Ays\u00e9n Region"",""percentage"":0.003414},{""region"":""Antofagasta Region"",""percentage"":0.036544},{""region"":""Araucan\u00eda Region"",""percentage"":0.050326},{""region"":""Atacama Region"",""percentage"":0.012547},{""region"":""B\u00edo B\u00edo Region"",""percentage"":0.104393},{""region"":""Coquimbo Region"",""percentage"":0.026693},{""region"":""O'Higgins Region"",""percentage"":0.041533},{""region"":""Los Lagos Region"",""percentage"":0.037653},{""region"":""Magallanes y la Ant\u00e1rtica Chilena Region"",""percentage"":0.008427},{""region"":""Maule Region"",""percentage"":0.044002},{""region"":""Santiago Metropolitan Region"",""percentage"":0.500813},{""region"":""Tarapac\u00e1 Region"",""percentage"":0.017208}","facebook,instagram","lower_bound: 1000001",es
3630985810373706,881095048648989,"José Antonio Kast",2021-12-10,2021-12-10,2021-12-15,"José Antonio Kast","No permitas que, en el nombre de la libertad, te quiten tu derecho a opinar o a votar. Todas las personas, homosexuales o heterosexuales, son libres e iguales, en dignidad y derechos.

Nosotros los vamos a defender. 
¡No más intolerancia!",,,,"lower_bound: 250000, upper_bound: 299999","lower_bound: 2500, upper_bound: 2999",USD,"{""age"":""25-34"",""gender"":""unknown"",""percentage"":0.001795},{""age"":""45-54"",""gender"":""unknown"",""percentage"":0.006435},{""age"":""35-44"",""gender"":""unknown"",""percentage"":0.008567},{""age"":""65+"",""gender"":""unknown"",""percentage"":0.002109},{""age"":""65+"",""gender"":""female"",""percentage"":0.077736},{""age"":""35-44"",""gender"":""female"",""percentage"":0.141339},{""age"":""65+"",""gender"":""male"",""percentage"":0.050425},{""age"":""55-64"",""gender"":""female"",""percentage"":0.101899},{""age"":""55-64"",""gender"":""male"",""percentage"":0.077831},{""age"":""25-34"",""gender"":""male"",""percentage"":0.098258},{""age"":""45-54"",""gender"":""male"",""percentage"":0.096878},{""age"":""35-44"",""gender"":""male"",""percentage"":0.155107},{""age"":""45-54"",""gender"":""female"",""percentage"":0.102398},{""age"":""25-34"",""gender"":""female"",""percentage"":0.076187},{""age"":""55-64"",""gender"":""unknown"",""percentage"":0.003035}","{""region"":""Santiago Metropolitan Region"",""percentage"":1}","facebook,instagram","lower_bound: 500001, upper_bound: 1000000",es
1129783330892339,881095048648989,"José Antonio Kast",2021-12-10,2021-12-10,2021-12-14,"José Antonio Kast","Estamos preocupados por el Chile real y sus verdaderas urgencias sociales. Seremos el Gobierno para las PYMES, de las mujeres, para que puedan llegar tranquilas y en paz a su hogar. Un gobierno que entregue seguridad; Que fomente el medioambiente y erradique el narcoterrorIsmo. 
Por un futuro diferente, vota Kast ✌️",,,,"lower_bound: 150000, upper_bound: 174999","lower_bound: 1500, upper_bound: 1999",USD,"{""age"":""35-44"",""gender"":""unknown"",""percentage"":0.004186},{""age"":""55-64"",""gender"":""female"",""percentage"":0.082076},{""age"":""65+"",""gender"":""unknown"",""percentage"":0.000965},{""age"":""45-54"",""gender"":""unknown"",""percentage"":0.00251},{""age"":""25-34"",""gender"":""unknown"",""percentage"":0.001538},{""age"":""18-24"",""gender"":""male"",""percentage"":0.020526},{""age"":""18-24"",""gender"":""female"",""percentage"":0.027056},{""age"":""55-64"",""gender"":""male"",""percentage"":0.037337},{""age"":""35-44"",""gender"":""female"",""percentage"":0.185897},{""age"":""55-64"",""gender"":""unknown"",""percentage"":0.001364},{""age"":""35-44"",""gender"":""male"",""percentage"":0.077635},{""age"":""45-54"",""gender"":""female"",""percentage"":0.105381},{""age"":""65+"",""gender"":""male"",""percentage"":0.024988},{""age"":""25-34"",""gender"":""female"",""percentage"":0.221558},{""age"":""65+"",""gender"":""female"",""percentage"":0.052973},{""age"":""25-34"",""gender"":""male"",""percentage"":0.115843},{""age"":""45-54"",""gender"":""male"",""percentage"":0.038034},{""age"":""18-24"",""gender"":""unknown"",""percentage"":0.000131}","{""region"":""Los R\u00edos Region"",""percentage"":0.018572},{""region"":""Arica y Parinacota Region"",""percentage"":0.008457},{""region"":""Valpara\u00edso Region"",""percentage"":0.093572},{""region"":""Ays\u00e9n Region"",""percentage"":0.003951},{""region"":""Antofagasta Region"",""percentage"":0.036415},{""region"":""Araucan\u00eda Region"",""percentage"":0.055528},{""region"":""Atacama Region"",""percentage"":0.012494},{""region"":""B\u00edo B\u00edo Region"",""percentage"":0.101329},{""region"":""Coquimbo Region"",""percentage"":0.029285},{""region"":""O'Higgins Region"",""percentage"":0.041411},{""region"":""Los Lagos Region"",""percentage"":0.044007},{""region"":""Magallanes y la Ant\u00e1rtica Chilena Region"",""percentage"":0.010598},{""region"":""Maule Region"",""percentage"":0.049774},{""region"":""Santiago Metropolitan Region"",""percentage"":0.478047},{""region"":""Tarapac\u00e1 Region"",""percentage"":0.01656}","facebook,instagram","lower_bound: 1000001",es
881676919200719,881095048648989,"José Antonio Kast",2021-12-10,2021-12-10,2021-12-14,"José Antonio Kast","Un aumento del 4% ayuda a mejorar la pensión y va de la mano con otras ayudas. Si aplicamos el millón de pesos por un hijo, por 144 meses y sobre los 50 años podría ser un adicional de entre 80 y 100 mil pesos a la pensión. #KastEnArchi",,,,"lower_bound: 350000, upper_bound: 399999","lower_bound: 4500, upper_bound: 4999",USD,"{""age"":""55-64"",""gender"":""unknown"",""percentage"":0.001798},{""age"":""65+"",""gender"":""male"",""percentage"":0.039763},{""age"":""35-44"",""gender"":""female"",""percentage"":0.159694},{""age"":""25-34"",""gender"":""female"",""percentage"":0.159658},{""age"":""45-54"",""gender"":""female"",""percentage"":0.101744},{""age"":""35-44"",""gender"":""male"",""percentage"":0.113706},{""age"":""65+"",""gender"":""female"",""percentage"":0.04947},{""age"":""25-34"",""gender"":""male"",""percentage"":0.126178},{""age"":""55-64"",""gender"":""male"",""percentage"":0.062745},{""age"":""45-54"",""gender"":""unknown"",""percentage"":0.002481},{""age"":""55-64"",""gender"":""female"",""percentage"":0.083625},{""age"":""18-24"",""gender"":""male"",""percentage"":0.016118},{""age"":""18-24"",""gender"":""female"",""percentage"":0.015253},{""age"":""45-54"",""gender"":""male"",""percentage"":0.061247},{""age"":""18-24"",""gender"":""unknown"",""percentage"":0.00014},{""age"":""35-44"",""gender"":""unknown"",""percentage"":0.003724},{""age"":""65+"",""gender"":""unknown"",""percentage"":0.001103},{""age"":""25-34"",""gender"":""unknown"",""percentage"":0.001554}","{""region"":""Los R\u00edos Region"",""percentage"":0.020705},{""region"":""Arica y Parinacota Region"",""percentage"":0.008982},{""region"":""Valpara\u00edso Region"",""percentage"":0.098174},{""region"":""Ays\u00e9n Region"",""percentage"":0.005062},{""region"":""Antofagasta Region"",""percentage"":0.038741},{""region"":""Araucan\u00eda Region"",""percentage"":0.062188},{""region"":""Atacama Region"",""percentage"":0.013705},{""region"":""B\u00edo B\u00edo Region"",""percentage"":0.108857},{""region"":""Coquimbo Region"",""percentage"":0.032435},{""region"":""O'Higgins Region"",""percentage"":0.051205},{""region"":""Los Lagos Region"",""percentage"":0.048809},{""region"":""Magallanes y la Ant\u00e1rtica Chilena Region"",""percentage"":0.011249},{""region"":""Maule Region"",""percentage"":0.052429},{""region"":""Santiago Metropolitan Region"",""percentage"":0.429984},{""region"":""Tarapac\u00e1 Region"",""percentage"":0.017476}","facebook,instagram","lower_bound: 1000001",es
3018111145107464,881095048648989,"José Antonio Kast",2021-12-10,2021-12-10,2021-12-15,"José Antonio Kast","A Chile se entra por la puerta, no por las ventanas. Nuestro compromiso de Gobierno es tolerancia cero con la migración ilegal.  #PorElFuturoDeLaFrontera",,,,"lower_bound: 250000, upper_bound: 299999","lower_bound: 2500, upper_bound: 2999",USD,"{""age"":""18-24"",""gender"":""unknown"",""percentage"":0.000153},{""age"":""35-44"",""gender"":""unknown"",""percentage"":0.002418},{""age"":""25-34"",""gender"":""female"",""percentage"":0.146506},{""age"":""65+"",""gender"":""female"",""percentage"":0.068834},{""age"":""55-64"",""gender"":""male"",""percentage"":0.075341},{""age"":""55-64"",""gender"":""female"",""percentage"":0.104136},{""age"":""35-44"",""gender"":""male"",""percentage"":0.089988},{""age"":""35-44"",""gender"":""female"",""percentage"":0.119693},{""age"":""25-34"",""gender"":""male"",""percentage"":0.151859},{""age"":""55-64"",""gender"":""unknown"",""percentage"":0.001657},{""age"":""45-54"",""gender"":""female"",""percentage"":0.080407},{""age"":""18-24"",""gender"":""male"",""percentage"":0.030701},{""age"":""65+"",""gender"":""male"",""percentage"":0.046536},{""age"":""45-54"",""gender"":""male"",""percentage"":0.054163},{""age"":""25-34"",""gender"":""unknown"",""percentage"":0.001432},{""age"":""45-54"",""gender"":""unknown"",""percentage"":0.00181},{""age"":""65+"",""gender"":""unknown"",""percentage"":0.00125},{""age"":""18-24"",""gender"":""female"",""percentage"":0.023117}","{""region"":""Los R\u00edos Region"",""percentage"":0.023251},{""region"":""Arica y Parinacota Region"",""percentage"":0.009597},{""region"":""Valpara\u00edso Region"",""percentage"":0.098173},{""region"":""Ays\u00e9n Region"",""percentage"":0.00598},{""region"":""Antofagasta Region"",""percentage"":0.04078},{""region"":""Araucan\u00eda Region"",""percentage"":0.069782},{""region"":""Atacama Region"",""percentage"":0.0141},{""region"":""B\u00edo B\u00edo Region"",""percentage"":0.115496},{""region"":""Coquimbo Region"",""percentage"":0.030367},{""region"":""O'Higgins Region"",""percentage"":0.047834},{""region"":""Los Lagos Region"",""percentage"":0.055335},{""region"":""Magallanes y la Ant\u00e1rtica Chilena Region"",""percentage"":0.013631},{""region"":""Maule Region"",""percentage"":0.059195},{""region"":""Santiago Metropolitan Region"",""percentage"":0.397821},{""region"":""Tarapac\u00e1 Region"",""percentage"":0.018659}","facebook,instagram","lower_bound: 1000001",es
5534550886572071,881095048648989,"José Antonio Kast",2021-12-10,2021-12-10,2021-12-13,"José Antonio Kast","Atrévete a emparejar la cancha de los niños con la educación para que tengan un mejor futuro #Vota2 #VotaKast",,,,"lower_bound: 15000, upper_bound: 19999","lower_bound: 100, upper_bound: 199",USD,"{""age"":""18-24"",""gender"":""unknown"",""percentage"":0.000133},{""age"":""65+"",""gender"":""female"",""percentage"":0.092376},{""age"":""55-64"",""gender"":""unknown"",""percentage"":0.00259},{""age"":""45-54"",""gender"":""unknown"",""percentage"":0.001594},{""age"":""25-34"",""gender"":""female"",""percentage"":0.167087},{""age"":""55-64"",""gender"":""female"",""percentage"":0.144441},{""age"":""35-44"",""gender"":""female"",""percentage"":0.16629},{""age"":""45-54"",""gender"":""female"",""percentage"":0.126112},{""age"":""55-64"",""gender"":""male"",""percentage"":0.043034},{""age"":""25-34"",""gender"":""unknown"",""percentage"":0.001527},{""age"":""18-24"",""gender"":""male"",""percentage"":0.017532},{""age"":""25-34"",""gender"":""male"",""percentage"":0.088524},{""age"":""35-44"",""gender"":""male"",""percentage"":0.059968},{""age"":""45-54"",""gender"":""male"",""percentage"":0.032873},{""age"":""18-24"",""gender"":""female"",""percentage"":0.021583},{""age"":""65+"",""gender"":""male"",""percentage"":0.029685},{""age"":""35-44"",""gender"":""unknown"",""percentage"":0.002988},{""age"":""65+"",""gender"":""unknown"",""percentage"":0.00166}","{""region"":""Los R\u00edos Region"",""percentage"":0.024619},{""region"":""Arica y Parinacota Region"",""percentage"":0.008646},{""region"":""Valpara\u00edso Region"",""percentage"":0.101775},{""region"":""Ays\u00e9n Region"",""percentage"":0.006072},{""region"":""Antofagasta Region"",""percentage"":0.038083},{""region"":""Araucan\u00eda Region"",""percentage"":0.074121},{""region"":""Atacama Region"",""percentage"":0.013464},{""region"":""B\u00edo B\u00edo Region"",""percentage"":0.119398},{""region"":""Coquimbo Region"",""percentage"":0.029635},{""region"":""O'Higgins Region"",""percentage"":0.046532},{""region"":""Los Lagos Region"",""percentage"":0.067388},{""region"":""Magallanes y la Ant\u00e1rtica Chilena Region"",""percentage"":0.016105},{""region"":""Maule Region"",""percentage"":0.05993},{""region"":""Santiago Metropolitan Region"",""percentage"":0.374959},{""region"":""Tarapac\u00e1 Region"",""percentage"":0.019273}","facebook,instagram","lower_bound: 1000001",es
267903322040368,881095048648989,"José Antonio Kast",2021-12-10,2021-12-10,2021-12-14,"José Antonio Kast","Atrévete a emparejar la cancha de los niños con la educación para que tengan un mejor futuro #Vota2 #VotaKast",,,,"lower_bound: 10000, upper_bound: 14999","lower_bound: 100, upper_bound: 199",USD,"{""age"":""55-64"",""gender"":""unknown"",""percentage"":0.002392},{""age"":""45-54"",""gender"":""female"",""percentage"":0.085063},{""age"":""65+"",""gender"":""unknown"",""percentage"":0.000633},{""age"":""65+"",""gender"":""male"",""percentage"":0.019489},{""age"":""25-34"",""gender"":""unknown"",""percentage"":0.00401},{""age"":""18-24"",""gender"":""female"",""percentage"":0.033209},{""age"":""35-44"",""gender"":""unknown"",""percentage"":0.005066},{""age"":""35-44"",""gender"":""female"",""percentage"":0.142546},{""age"":""25-34"",""gender"":""male"",""percentage"":0.17287},{""age"":""45-54"",""gender"":""unknown"",""percentage"":0.003518},{""age"":""45-54"",""gender"":""male"",""percentage"":0.035883},{""age"":""65+"",""gender"":""female"",""percentage"":0.044818},{""age"":""55-64"",""gender"":""male"",""percentage"":0.026595},{""age"":""18-24"",""gender"":""male"",""percentage"":0.032505},{""age"":""25-34"",""gender"":""female"",""percentage"":0.230915},{""age"":""35-44"",""gender"":""male"",""percentage"":0.080982},{""age"":""55-64"",""gender"":""female"",""percentage"":0.079294},{""age"":""18-24"",""gender"":""unknown"",""percentage"":0.000211}","{""region"":""Los R\u00edos Region"",""percentage"":0.019301},{""region"":""Arica y Parinacota Region"",""percentage"":0.006171},{""region"":""Valpara\u00edso Region"",""percentage"":0.101241},{""region"":""Ays\u00e9n Region"",""percentage"":0.00409},{""region"":""Antofagasta Region"",""percentage"":0.032145},{""region"":""Araucan\u00eda Region"",""percentage"":0.059984},{""region"":""Atacama Region"",""percentage"":0.012054},{""region"":""B\u00edo B\u00edo Region"",""percentage"":0.120758},{""region"":""Coquimbo Region"",""percentage"":0.027122},{""region"":""O'Higgins Region"",""percentage"":0.04384},{""region"":""Los Lagos Region"",""percentage"":0.04836},{""region"":""Magallanes y la Ant\u00e1rtica Chilena Region"",""percentage"":0.013274},{""region"":""Maule Region"",""percentage"":0.052594},{""region"":""Santiago Metropolitan Region"",""percentage"":0.443496},{""region"":""Tarapac\u00e1 Region"",""percentage"":0.01557}","facebook,instagram","lower_bound: 1000001",es
400922568386145,881095048648989,"José Antonio Kast",2021-12-10,2021-12-10,2021-12-11,"José Antonio Kast","Hay un candidato que ha tenido posturas radicalmente distintas en esta segunda vuelta. Lamento profundamente por la democracia en Chile, que se haya bajado de más debates porque nuestro país merece saber a lo que se enfrenta este 19 de diciembre y conocer nuestras posturas.",,,,"lower_bound: 150000, upper_bound: 174999","lower_bound: 1000, upper_bound: 1499",USD,"{""age"":""18-24"",""gender"":""unknown"",""percentage"":0.000123},{""age"":""45-54"",""gender"":""male"",""percentage"":0.036396},{""age"":""25-34"",""gender"":""male"",""percentage"":0.130029},{""age"":""55-64"",""gender"":""male"",""percentage"":0.059649},{""age"":""25-34"",""gender"":""female"",""percentage"":0.198596},{""age"":""35-44"",""gender"":""female"",""percentage"":0.16253},{""age"":""35-44"",""gender"":""male"",""percentage"":0.076756},{""age"":""55-64"",""gender"":""female"",""percentage"":0.092864},{""age"":""45-54"",""gender"":""female"",""percentage"":0.089915},{""age"":""65+"",""gender"":""unknown"",""percentage"":0.001529},{""age"":""65+"",""gender"":""female"",""percentage"":0.059272},{""age"":""18-24"",""gender"":""male"",""percentage"":0.022031},{""age"":""25-34"",""gender"":""unknown"",""percentage"":0.001444},{""age"":""65+"",""gender"":""male"",""percentage"":0.041251},{""age"":""18-24"",""gender"":""female"",""percentage"":0.021278},{""age"":""35-44"",""gender"":""unknown"",""percentage"":0.002888},{""age"":""45-54"",""gender"":""unknown"",""percentage"":0.001498},{""age"":""55-64"",""gender"":""unknown"",""percentage"":0.001951}","{""region"":""Los R\u00edos Region"",""percentage"":0.023039},{""region"":""Arica y Parinacota Region"",""percentage"":0.008839},{""region"":""Valpara\u00edso Region"",""percentage"":0.102056},{""region"":""Ays\u00e9n Region"",""percentage"":0.005644},{""region"":""Antofagasta Region"",""percentage"":0.042875},{""region"":""Araucan\u00eda Region"",""percentage"":0.069072},{""region"":""Atacama Region"",""percentage"":0.013735},{""region"":""B\u00edo B\u00edo Region"",""percentage"":0.11072},{""region"":""Coquimbo Region"",""percentage"":0.029811},{""region"":""O'Higgins Region"",""percentage"":0.05054},{""region"":""Los Lagos Region"",""percentage"":0.056145},{""region"":""Magallanes y la Ant\u00e1rtica Chilena Region"",""percentage"":0.013049},{""region"":""Maule Region"",""percentage"":0.054498},{""region"":""Santiago Metropolitan Region"",""percentage"":0.400308},{""region"":""Tarapac\u00e1 Region"",""percentage"":0.019668}","facebook,instagram","lower_bound: 1000001",es
422840589535881,881095048648989,"José Antonio Kast",2021-12-10,2021-12-10,2021-12-15,"José Antonio Kast","Atrévete a defender tu derecho a elegir la educación y el futuro de tus hijos #Vota2 #VotaKast",,,,"lower_bound: 35000, upper_bound: 39999","lower_bound: 300, upper_bound: 399",USD,"{""age"":""18-24"",""gender"":""unknown"",""percentage"":0.000115},{""age"":""55-64"",""gender"":""unknown"",""percentage"":0.00241},{""age"":""18-24"",""gender"":""female"",""percentage"":0.024359},{""age"":""45-54"",""gender"":""unknown"",""percentage"":0.0035},{""age"":""65+"",""gender"":""male"",""percentage"":0.028576},{""age"":""35-44"",""gender"":""male"",""percentage"":0.092185},{""age"":""18-24"",""gender"":""male"",""percentage"":0.028031},{""age"":""55-64"",""gender"":""male"",""percentage"":0.039307},{""age"":""35-44"",""gender"":""female"",""percentage"":0.150456},{""age"":""65+"",""gender"":""unknown"",""percentage"":0.001549},{""age"":""25-34"",""gender"":""male"",""percentage"":0.150743},{""age"":""55-64"",""gender"":""female"",""percentage"":0.082688},{""age"":""45-54"",""gender"":""female"",""percentage"":0.087938},{""age"":""25-34"",""gender"":""female"",""percentage"":0.206719},{""age"":""45-54"",""gender"":""male"",""percentage"":0.041631},{""age"":""65+"",""gender"":""female"",""percentage"":0.05107},{""age"":""35-44"",""gender"":""unknown"",""percentage"":0.005222},{""age"":""25-34"",""gender"":""unknown"",""percentage"":0.0035}","{""region"":""Los R\u00edos Region"",""percentage"":0.019925},{""region"":""Arica y Parinacota Region"",""percentage"":0.007626},{""region"":""Valpara\u00edso Region"",""percentage"":0.096987},{""region"":""Ays\u00e9n Region"",""percentage"":0.005504},{""region"":""Antofagasta Region"",""percentage"":0.03231},{""region"":""Araucan\u00eda Region"",""percentage"":0.059918},{""region"":""Atacama Region"",""percentage"":0.010464},{""region"":""B\u00edo B\u00edo Region"",""percentage"":0.122187},{""region"":""Coquimbo Region"",""percentage"":0.026891},{""region"":""O'Higgins Region"",""percentage"":0.042201},{""region"":""Los Lagos Region"",""percentage"":0.047304},{""region"":""Magallanes y la Ant\u00e1rtica Chilena Region"",""percentage"":0.011668},{""region"":""Maule Region"",""percentage"":0.05407},{""region"":""Santiago Metropolitan Region"",""percentage"":0.447923},{""region"":""Tarapac\u00e1 Region"",""percentage"":0.015023}","facebook,instagram","lower_bound: 1000001",es
430137948769338,881095048648989,"José Antonio Kast",2021-12-10,2021-12-10,2021-12-14,"José Antonio Kast","Atrévete a apoyar a los profesores y lograr un mejor futuro para nuestros hijos #Vota2 #VotaKast",,,,"lower_bound: 40000, upper_bound: 44999","lower_bound: 300, upper_bound: 399",USD,"{""age"":""45-54"",""gender"":""unknown"",""percentage"":0.001964},{""age"":""45-54"",""gender"":""female"",""percentage"":0.103946},{""age"":""55-64"",""gender"":""unknown"",""percentage"":0.002497},{""age"":""65+"",""gender"":""unknown"",""percentage"":0.001503},{""age"":""35-44"",""gender"":""unknown"",""percentage"":0.002957},{""age"":""55-64"",""gender"":""male"",""percentage"":0.064651},{""age"":""55-64"",""gender"":""female"",""percentage"":0.13609},{""age"":""25-34"",""gender"":""female"",""percentage"":0.153641},{""age"":""18-24"",""gender"":""male"",""percentage"":0.018908},{""age"":""25-34"",""gender"":""unknown"",""percentage"":0.00177},{""age"":""18-24"",""gender"":""female"",""percentage"":0.019272},{""age"":""65+"",""gender"":""female"",""percentage"":0.083754},{""age"":""35-44"",""gender"":""male"",""percentage"":0.073427},{""age"":""35-44"",""gender"":""female"",""percentage"":0.135242},{""age"":""25-34"",""gender"":""male"",""percentage"":0.109255},{""age"":""65+"",""gender"":""male"",""percentage"":0.042543},{""age"":""45-54"",""gender"":""male"",""percentage"":0.048386},{""age"":""18-24"",""gender"":""unknown"",""percentage"":0.000194}","{""region"":""Los R\u00edos Region"",""percentage"":0.024414},{""region"":""Arica y Parinacota Region"",""percentage"":0.009122},{""region"":""Valpara\u00edso Region"",""percentage"":0.100924},{""region"":""Ays\u00e9n Region"",""percentage"":0.006463},{""region"":""Antofagasta Region"",""percentage"":0.040438},{""region"":""Araucan\u00eda Region"",""percentage"":0.071364},{""region"":""Atacama Region"",""percentage"":0.012805},{""region"":""B\u00edo B\u00edo Region"",""percentage"":0.115753},{""region"":""Coquimbo Region"",""percentage"":0.031024},{""region"":""O'Higgins Region"",""percentage"":0.046096},{""region"":""Los Lagos Region"",""percentage"":0.068193},{""region"":""Magallanes y la Ant\u00e1rtica Chilena Region"",""percentage"":0.015463},{""region"":""Maule Region"",""percentage"":0.057999},{""region"":""Santiago Metropolitan Region"",""percentage"":0.381161},{""region"":""Tarapac\u00e1 Region"",""percentage"":0.01878}","facebook,instagram","lower_bound: 1000001",es
1051742805615986,881095048648989,"José Antonio Kast",2021-12-10,2021-12-10,2021-12-14,"José Antonio Kast","Atrévete a una educación inclusiva de verdad para que todos tengamos un mejor futuro #Vota2 #VotaKast",,,,"lower_bound: 125000, upper_bound: 149999","lower_bound: 800, upper_bound: 899",USD,"{""age"":""55-64"",""gender"":""unknown"",""percentage"":0.000727},{""age"":""55-64"",""gender"":""male"",""percentage"":0.101814},{""age"":""35-44"",""gender"":""unknown"",""percentage"":0.002097},{""age"":""65+"",""gender"":""female"",""percentage"":0.077653},{""age"":""25-34"",""gender"":""female"",""percentage"":0.07051},{""age"":""45-54"",""gender"":""female"",""percentage"":0.12229},{""age"":""55-64"",""gender"":""female"",""percentage"":0.142499},{""age"":""35-44"",""gender"":""female"",""percentage"":0.115498},{""age"":""35-44"",""gender"":""male"",""percentage"":0.118046},{""age"":""65+"",""gender"":""unknown"",""percentage"":0.000543},{""age"":""45-54"",""gender"":""male"",""percentage"":0.12163},{""age"":""65+"",""gender"":""male"",""percentage"":0.050351},{""age"":""25-34"",""gender"":""male"",""percentage"":0.073534},{""age"":""13-17"",""gender"":""female"",""percentage"":0.000159},{""age"":""13-17"",""gender"":""male"",""percentage"":0.000201},{""age"":""13-17"",""gender"":""unknown"",""percentage"":0.000117},{""age"":""25-34"",""gender"":""unknown"",""percentage"":0.001145},{""age"":""45-54"",""gender"":""unknown"",""percentage"":0.001186}","{""region"":""Maule Region"",""percentage"":0.000117},{""region"":""Valpara\u00edso Region"",""percentage"":0.167925},{""region"":""Atacama Region"",""percentage"":0.023611},{""region"":""B\u00edo B\u00edo Region"",""percentage"":0.214255},{""region"":""Coquimbo Region"",""percentage"":0.043602},{""region"":""O'Higgins Region"",""percentage"":0.080196},{""region"":""Santiago Metropolitan Region"",""percentage"":0.470294}","facebook,instagram","lower_bound: 1000001",es
618094872944788,881095048648989,"José Antonio Kast",2021-12-10,2021-12-10,2021-12-14,"José Antonio Kast","Atrévete a terminar IV medio #Vota2 #VotaKast",,,,"lower_bound: 200000, upper_bound: 249999","lower_bound: 1000, upper_bound: 1499",USD,"{""age"":""13-17"",""gender"":""male"",""percentage"":0.000146},{""age"":""65+"",""gender"":""male"",""percentage"":0.053497},{""age"":""55-64"",""gender"":""unknown"",""percentage"":0.000721},{""age"":""35-44"",""gender"":""female"",""percentage"":0.08152},{""age"":""55-64"",""gender"":""female"",""percentage"":0.128637},{""age"":""45-54"",""gender"":""male"",""percentage"":0.14867},{""age"":""35-44"",""gender"":""male"",""percentage"":0.146858},{""age"":""45-54"",""gender"":""female"",""percentage"":0.088371},{""age"":""35-44"",""gender"":""unknown"",""percentage"":0.001649},{""age"":""25-34"",""gender"":""unknown"",""percentage"":0.001031},{""age"":""25-34"",""gender"":""female"",""percentage"":0.054207},{""age"":""25-34"",""gender"":""male"",""percentage"":0.100088},{""age"":""55-64"",""gender"":""male"",""percentage"":0.130677},{""age"":""13-17"",""gender"":""female"",""percentage"":9.2e-5},{""age"":""65+"",""gender"":""female"",""percentage"":0.062355},{""age"":""45-54"",""gender"":""unknown"",""percentage"":0.001123},{""age"":""65+"",""gender"":""unknown"",""percentage"":0.000353},{""age"":""13-17"",""gender"":""unknown"",""percentage"":5.0e-6}","{""region"":""Maule Region"",""percentage"":0.000114},{""region"":""Unknown"",""percentage"":5.0e-6},{""region"":""Valpara\u00edso Region"",""percentage"":0.182275},{""region"":""Atacama Region"",""percentage"":0.027476},{""region"":""B\u00edo B\u00edo Region"",""percentage"":0.200483},{""region"":""Coquimbo Region"",""percentage"":0.044929},{""region"":""O'Higgins Region"",""percentage"":0.088089},{""region"":""Santiago Metropolitan Region"",""percentage"":0.456629}","facebook,instagram","lower_bound: 1000001",es
996242840956789,881095048648989,"José Antonio Kast",2021-12-10,2021-12-10,2021-12-15,"José Antonio Kast","Atrévete a  emprender con un Estado que te ayude en vez de ponerte barreras   #Vota2 #VotaKast #RecuperemosChile",,,,"lower_bound: 35000, upper_bound: 39999","lower_bound: 300, upper_bound: 399",USD,"{""age"":""13-17"",""gender"":""female"",""percentage"":3.1e-5},{""age"":""25-34"",""gender"":""male"",""percentage"":0.121903},{""age"":""65+"",""gender"":""female"",""percentage"":0.066805},{""age"":""45-54"",""gender"":""male"",""percentage"":0.09344},{""age"":""35-44"",""gender"":""female"",""percentage"":0.139309},{""age"":""35-44"",""gender"":""male"",""percentage"":0.1674},{""age"":""55-64"",""gender"":""female"",""percentage"":0.087865},{""age"":""65+"",""gender"":""male"",""percentage"":0.042555},{""age"":""35-44"",""gender"":""unknown"",""percentage"":0.010128},{""age"":""13-17"",""gender"":""unknown"",""percentage"":3.1e-5},{""age"":""25-34"",""gender"":""female"",""percentage"":0.097064},{""age"":""55-64"",""gender"":""male"",""percentage"":0.064265},{""age"":""45-54"",""gender"":""female"",""percentage"":0.094679},{""age"":""55-64"",""gender"":""unknown"",""percentage"":0.003128},{""age"":""45-54"",""gender"":""unknown"",""percentage"":0.006411},{""age"":""65+"",""gender"":""unknown"",""percentage"":0.001703},{""age"":""25-34"",""gender"":""unknown"",""percentage"":0.003283}","{""region"":""Santiago Metropolitan Region"",""percentage"":1}","facebook,instagram","lower_bound: 500001, upper_bound: 1000000",es
2701098700198306,881095048648989,"José Antonio Kast",2021-12-10,2021-12-10,2021-12-15,"José Antonio Kast","Atrévete a  buscar la sustentabilidad con un plan realista y concreto para lograrlo  #Vota2 #VotaKast #RecuperemosChile",,,,"lower_bound: 20000, upper_bound: 24999","lower_bound: 100, upper_bound: 199",USD,"{""age"":""55-64"",""gender"":""unknown"",""percentage"":0.003495},{""age"":""65+"",""gender"":""unknown"",""percentage"":0.001906},{""age"":""25-34"",""gender"":""unknown"",""percentage"":0.004819},{""age"":""35-44"",""gender"":""unknown"",""percentage"":0.012869},{""age"":""45-54"",""gender"":""unknown"",""percentage"":0.007626},{""age"":""65+"",""gender"":""female"",""percentage"":0.064291},{""age"":""65+"",""gender"":""male"",""percentage"":0.04369},{""age"":""45-54"",""gender"":""female"",""percentage"":0.092358},{""age"":""25-34"",""gender"":""female"",""percentage"":0.109781},{""age"":""35-44"",""gender"":""male"",""percentage"":0.160832},{""age"":""45-54"",""gender"":""male"",""percentage"":0.083302},{""age"":""55-64"",""gender"":""male"",""percentage"":0.060319},{""age"":""35-44"",""gender"":""female"",""percentage"":0.149288},{""age"":""55-64"",""gender"":""female"",""percentage"":0.081343},{""age"":""25-34"",""gender"":""male"",""percentage"":0.12408}","{""region"":""Santiago Metropolitan Region"",""percentage"":1}","facebook,instagram","lower_bound: 500001, upper_bound: 1000000",es
1333091300483939,881095048648989,"José Antonio Kast",2021-12-10,2021-12-10,2021-12-14,"José Antonio Kast","Atrévete a  buscar la sustentabilidad con un plan realista y concreto para lograrlo  #Vota2 #VotaKast #RecuperemosChile",,,,"lower_bound: 6000, upper_bound: 6999","lower_bound: 0, upper_bound: 99",USD,"{""age"":""65+"",""gender"":""unknown"",""percentage"":0.001406},{""age"":""65+"",""gender"":""male"",""percentage"":0.036217},{""age"":""55-64"",""gender"":""female"",""percentage"":0.067862},{""age"":""55-64"",""gender"":""unknown"",""percentage"":0.002461},{""age"":""35-44"",""gender"":""unknown"",""percentage"":0.014944},{""age"":""65+"",""gender"":""female"",""percentage"":0.043776},{""age"":""35-44"",""gender"":""female"",""percentage"":0.144691},{""age"":""55-64"",""gender"":""male"",""percentage"":0.057665},{""age"":""35-44"",""gender"":""male"",""percentage"":0.190577},{""age"":""25-34"",""gender"":""male"",""percentage"":0.157173},{""age"":""45-54"",""gender"":""male"",""percentage"":0.082454},{""age"":""45-54"",""gender"":""female"",""percentage"":0.076477},{""age"":""25-34"",""gender"":""female"",""percentage"":0.111111},{""age"":""25-34"",""gender"":""unknown"",""percentage"":0.007032},{""age"":""45-54"",""gender"":""unknown"",""percentage"":0.006153}","{""region"":""Santiago Metropolitan Region"",""percentage"":1}","facebook,instagram","lower_bound: 500001, upper_bound: 1000000",es
424549882691837,881095048648989,"José Antonio Kast",2021-12-10,2021-12-10,2021-12-15,"José Antonio Kast","Atrévete a  emprender con un Estado que te ayude en vez de ponerte barreras   #Vota2 #VotaKast #RecuperemosChile",,,,"lower_bound: 25000, upper_bound: 29999","lower_bound: 200, upper_bound: 299",USD,"{""age"":""55-64"",""gender"":""male"",""percentage"":0.055462},{""age"":""35-44"",""gender"":""male"",""percentage"":0.184705},{""age"":""55-64"",""gender"":""female"",""percentage"":0.072218},{""age"":""65+"",""gender"":""female"",""percentage"":0.05308},{""age"":""45-54"",""gender"":""male"",""percentage"":0.093153},{""age"":""25-34"",""gender"":""male"",""percentage"":0.136937},{""age"":""45-54"",""gender"":""female"",""percentage"":0.093505},{""age"":""35-44"",""gender"":""unknown"",""percentage"":0.011366},{""age"":""35-44"",""gender"":""female"",""percentage"":0.144983},{""age"":""25-34"",""gender"":""female"",""percentage"":0.102332},{""age"":""25-34"",""gender"":""unknown"",""percentage"":0.004374},{""age"":""65+"",""gender"":""male"",""percentage"":0.035855},{""age"":""45-54"",""gender"":""unknown"",""percentage"":0.006874},{""age"":""55-64"",""gender"":""unknown"",""percentage"":0.003007},{""age"":""65+"",""gender"":""unknown"",""percentage"":0.002148}","{""region"":""Santiago Metropolitan Region"",""percentage"":1}","facebook,instagram","lower_bound: 500001, upper_bound: 1000000",es
904911966876655,881095048648989,"José Antonio Kast",2021-12-10,2021-12-10,2021-12-13,"José Antonio Kast","La primera medida que tomaremos siendo Gobierno en los primeros 100 días, es erradicar la violencia terrorista, el robo de madera y el narcotráfico en La Araucanía. Iremos a la zona para dar una señal y recuperar la paz y el estado de derecho. #Vota2 #VotaKast #RecuperemosChile",,,,"lower_bound: 5000, upper_bound: 5999","lower_bound: 0, upper_bound: 99",USD,"{""age"":""55-64"",""gender"":""unknown"",""percentage"":0.000831},{""age"":""18-24"",""gender"":""male"",""percentage"":0.071488},{""age"":""45-54"",""gender"":""unknown"",""percentage"":0.002286},{""age"":""55-64"",""gender"":""male"",""percentage"":0.021197},{""age"":""65+"",""gender"":""male"",""percentage"":0.0133},{""age"":""45-54"",""gender"":""female"",""percentage"":0.071696},{""age"":""18-24"",""gender"":""female"",""percentage"":0.061721},{""age"":""45-54"",""gender"":""male"",""percentage"":0.029094},{""age"":""35-44"",""gender"":""male"",""percentage"":0.078969},{""age"":""25-34"",""gender"":""unknown"",""percentage"":0.002078},{""age"":""55-64"",""gender"":""female"",""percentage"":0.057772},{""age"":""25-34"",""gender"":""male"",""percentage"":0.20054},{""age"":""25-34"",""gender"":""female"",""percentage"":0.233583},{""age"":""65+"",""gender"":""female"",""percentage"":0.023691},{""age"":""35-44"",""gender"":""female"",""percentage"":0.128429},{""age"":""18-24"",""gender"":""unknown"",""percentage"":0.000208},{""age"":""65+"",""gender"":""unknown"",""percentage"":0.000208},{""age"":""35-44"",""gender"":""unknown"",""percentage"":0.002909}","{""region"":""Unknown"",""percentage"":0.000204},{""region"":""Los R\u00edos Region"",""percentage"":0.020562},{""region"":""Araucan\u00eda Region"",""percentage"":0.594666},{""region"":""B\u00edo B\u00edo Region"",""percentage"":0.384568}","facebook,instagram","lower_bound: 100001, upper_bound: 500000",es
914356989272858,881095048648989,"José Antonio Kast",2021-12-10,2021-12-10,2021-12-15,"José Antonio Kast","La primera medida que tomaremos siendo Gobierno en los primeros 100 días, es erradicar la violencia terrorista, el robo de madera y el narcotráfico en La Araucanía. Iremos a la zona para dar una señal y recuperar la paz y el estado de derecho. #Vota2 #VotaKast #RecuperemosChile",,,,"lower_bound: 10000, upper_bound: 14999","lower_bound: 0, upper_bound: 99",USD,"{""age"":""55-64"",""gender"":""unknown"",""percentage"":0.00117},{""age"":""25-34"",""gender"":""female"",""percentage"":0.209592},{""age"":""45-54"",""gender"":""unknown"",""percentage"":0.001808},{""age"":""65+"",""gender"":""unknown"",""percentage"":0.000532},{""age"":""45-54"",""gender"":""male"",""percentage"":0.045513},{""age"":""55-64"",""gender"":""female"",""percentage"":0.048703},{""age"":""35-44"",""gender"":""male"",""percentage"":0.096661},{""age"":""18-24"",""gender"":""female"",""percentage"":0.053382},{""age"":""45-54"",""gender"":""female"",""percentage"":0.089005},{""age"":""35-44"",""gender"":""unknown"",""percentage"":0.002871},{""age"":""35-44"",""gender"":""female"",""percentage"":0.144513},{""age"":""18-24"",""gender"":""male"",""percentage"":0.062846},{""age"":""65+"",""gender"":""female"",""percentage"":0.028179},{""age"":""25-34"",""gender"":""male"",""percentage"":0.1661},{""age"":""55-64"",""gender"":""male"",""percentage"":0.028818},{""age"":""65+"",""gender"":""male"",""percentage"":0.017652},{""age"":""18-24"",""gender"":""unknown"",""percentage"":0.000744},{""age"":""25-34"",""gender"":""unknown"",""percentage"":0.001914}","{""region"":""Los R\u00edos Region"",""percentage"":0.025766},{""region"":""Araucan\u00eda Region"",""percentage"":0.604752},{""region"":""B\u00edo B\u00edo Region"",""percentage"":0.369483}","facebook,instagram","lower_bound: 100001, upper_bound: 500000",es
316188637029059,881095048648989,"José Antonio Kast",2021-12-10,2021-12-10,2021-12-16,"José Antonio Kast","Candidato presidencial. Papá de 9 hijos. Casado. Abogado, Fundador del movimiento social Acción Republicana y Partido Republicano #RecuperemosChile",,,,"lower_bound: 50000, upper_bound: 59999","lower_bound: 500, upper_bound: 599",USD,"{""age"":""55-64"",""gender"":""unknown"",""percentage"":0.001793},{""age"":""25-34"",""gender"":""female"",""percentage"":0.167584},{""age"":""25-34"",""gender"":""unknown"",""percentage"":0.002081},{""age"":""35-44"",""gender"":""unknown"",""percentage"":0.005442},{""age"":""18-24"",""gender"":""unknown"",""percentage"":0.000544},{""age"":""25-34"",""gender"":""male"",""percentage"":0.154619},{""age"":""35-44"",""gender"":""female"",""percentage"":0.167936},{""age"":""45-54"",""gender"":""female"",""percentage"":0.087201},{""age"":""35-44"",""gender"":""male"",""percentage"":0.142167},{""age"":""65+"",""gender"":""female"",""percentage"":0.031116},{""age"":""55-64"",""gender"":""female"",""percentage"":0.054869},{""age"":""55-64"",""gender"":""male"",""percentage"":0.039215},{""age"":""45-54"",""gender"":""male"",""percentage"":0.067418},{""age"":""18-24"",""gender"":""male"",""percentage"":0.027018},{""age"":""65+"",""gender"":""male"",""percentage"":0.024105},{""age"":""18-24"",""gender"":""female"",""percentage"":0.022441},{""age"":""45-54"",""gender"":""unknown"",""percentage"":0.003425},{""age"":""65+"",""gender"":""unknown"",""percentage"":0.001024}","{""region"":""Ays\u00e9n Region"",""percentage"":0.294622},{""region"":""Magallanes y la Ant\u00e1rtica Chilena Region"",""percentage"":0.705378}","facebook,instagram","lower_bound: 10001, upper_bound: 50000",es
334893318062181,881095048648989,"José Antonio Kast",2021-12-10,2021-12-10,2021-12-16,"José Antonio Kast","Candidato presidencial. Papá de 9 hijos. Casado. Abogado, Fundador del movimiento social Acción Republicana y Partido Republicano #RecuperemosChile",,,,"lower_bound: 15000, upper_bound: 19999","lower_bound: 100, upper_bound: 199",USD,"{""age"":""18-24"",""gender"":""unknown"",""percentage"":0.000633},{""age"":""25-34"",""gender"":""male"",""percentage"":0.142789},{""age"":""65+"",""gender"":""male"",""percentage"":0.029286},{""age"":""45-54"",""gender"":""male"",""percentage"":0.073769},{""age"":""18-24"",""gender"":""male"",""percentage"":0.027386},{""age"":""25-34"",""gender"":""female"",""percentage"":0.164398},{""age"":""35-44"",""gender"":""female"",""percentage"":0.163131},{""age"":""18-24"",""gender"":""female"",""percentage"":0.021846},{""age"":""35-44"",""gender"":""male"",""percentage"":0.127909},{""age"":""65+"",""gender"":""unknown"",""percentage"":0.00095},{""age"":""35-44"",""gender"":""unknown"",""percentage"":0.005778},{""age"":""65+"",""gender"":""female"",""percentage"":0.036805},{""age"":""45-54"",""gender"":""female"",""percentage"":0.091341},{""age"":""55-64"",""gender"":""female"",""percentage"":0.062134},{""age"":""55-64"",""gender"":""unknown"",""percentage"":0.002058},{""age"":""45-54"",""gender"":""unknown"",""percentage"":0.003008},{""age"":""25-34"",""gender"":""unknown"",""percentage"":0.002375},{""age"":""55-64"",""gender"":""male"",""percentage"":0.044404}","{""region"":""Ays\u00e9n Region"",""percentage"":0.303037},{""region"":""Magallanes y la Ant\u00e1rtica Chilena Region"",""percentage"":0.696963}","facebook,instagram","lower_bound: 10001, upper_bound: 50000",es
641038830260851,881095048648989,"José Antonio Kast",2021-12-10,2021-12-10,2021-12-14,"José Antonio Kast","Atrévete a un futuro mejor donde el Estado te te asegure vivir en paz y tranquilidad #Vota2 #VotaKast #RecuperemosChile",,,,"lower_bound: 45000, upper_bound: 49999","lower_bound: 200, upper_bound: 299",USD,"{""age"":""13-17"",""gender"":""unknown"",""percentage"":0.0002},{""age"":""25-34"",""gender"":""female"",""percentage"":0.076444},{""age"":""55-64"",""gender"":""unknown"",""percentage"":0.001064},{""age"":""45-54"",""gender"":""unknown"",""percentage"":0.001242},{""age"":""35-44"",""gender"":""unknown"",""percentage"":0.002572},{""age"":""25-34"",""gender"":""male"",""percentage"":0.116173},{""age"":""55-64"",""gender"":""male"",""percentage"":0.100565},{""age"":""45-54"",""gender"":""male"",""percentage"":0.135484},{""age"":""35-44"",""gender"":""male"",""percentage"":0.156413},{""age"":""13-17"",""gender"":""female"",""percentage"":0.000377},{""age"":""35-44"",""gender"":""female"",""percentage"":0.103669},{""age"":""45-54"",""gender"":""female"",""percentage"":0.086243},{""age"":""65+"",""gender"":""female"",""percentage"":0.058087},{""age"":""55-64"",""gender"":""female"",""percentage"":0.106285},{""age"":""65+"",""gender"":""male"",""percentage"":0.052123},{""age"":""25-34"",""gender"":""unknown"",""percentage"":0.001995},{""age"":""65+"",""gender"":""unknown"",""percentage"":0.000532},{""age"":""13-17"",""gender"":""male"",""percentage"":0.000532}","{""region"":""Maule Region"",""percentage"":6.6e-5},{""region"":""Valpara\u00edso Region"",""percentage"":0.181345},{""region"":""Atacama Region"",""percentage"":0.02515},{""region"":""B\u00edo B\u00edo Region"",""percentage"":0.192287},{""region"":""Coquimbo Region"",""percentage"":0.044432},{""region"":""O'Higgins Region"",""percentage"":0.079223},{""region"":""Santiago Metropolitan Region"",""percentage"":0.477497}","facebook,instagram","lower_bound: 1000001",es
491434552169044,881095048648989,"José Antonio Kast",2021-12-10,2021-12-10,2021-12-15,"José Antonio Kast","Atrévete por un futuro mejor donde el Estado cuide y mejore tus barrios y plazas para que puedas vivir como te lo mereces #Vota2 #VotaKast #RecuperemosChile",,,,"lower_bound: 70000, upper_bound: 79999","lower_bound: 400, upper_bound: 499",USD,"{""age"":""55-64"",""gender"":""unknown"",""percentage"":0.000714},{""age"":""65+"",""gender"":""male"",""percentage"":0.041417},{""age"":""13-17"",""gender"":""male"",""percentage"":0.000486},{""age"":""25-34"",""gender"":""unknown"",""percentage"":0.002127},{""age"":""65+"",""gender"":""unknown"",""percentage"":0.000912},{""age"":""13-17"",""gender"":""female"",""percentage"":0.000456},{""age"":""35-44"",""gender"":""female"",""percentage"":0.114695},{""age"":""25-34"",""gender"":""male"",""percentage"":0.116412},{""age"":""35-44"",""gender"":""unknown"",""percentage"":0.00278},{""age"":""45-54"",""gender"":""unknown"",""percentage"":0.001611},{""age"":""55-64"",""gender"":""male"",""percentage"":0.088426},{""age"":""45-54"",""gender"":""female"",""percentage"":0.102221},{""age"":""25-34"",""gender"":""female"",""percentage"":0.090583},{""age"":""45-54"",""gender"":""male"",""percentage"":0.1186},{""age"":""55-64"",""gender"":""female"",""percentage"":0.115713},{""age"":""35-44"",""gender"":""male"",""percentage"":0.145219},{""age"":""65+"",""gender"":""female"",""percentage"":0.05737},{""age"":""13-17"",""gender"":""unknown"",""percentage"":0.000258}","{""region"":""Valpara\u00edso Region"",""percentage"":0.166413},{""region"":""Atacama Region"",""percentage"":0.024297},{""region"":""B\u00edo B\u00edo Region"",""percentage"":0.203696},{""region"":""Coquimbo Region"",""percentage"":0.044256},{""region"":""O'Higgins Region"",""percentage"":0.079773},{""region"":""Santiago Metropolitan Region"",""percentage"":0.481427},{""region"":""Maule Region"",""percentage"":0.000137}","facebook,instagram","lower_bound: 1000001",es
236470905234299,881095048648989,"José Antonio Kast",2021-12-10,2021-12-10,2021-12-15,"José Antonio Kast","Atrévete por un futuro mejor donde el Estado cuide y mejore tus barrios y plazas para que puedas vivir como te lo mereces #Vota2 #VotaKast #RecuperemosChile",,,,"lower_bound: 175000, upper_bound: 199999","lower_bound: 900, upper_bound: 999",USD,"{""age"":""13-17"",""gender"":""unknown"",""percentage"":0.000114},{""age"":""55-64"",""gender"":""female"",""percentage"":0.124945},{""age"":""13-17"",""gender"":""male"",""percentage"":0.000183},{""age"":""55-64"",""gender"":""unknown"",""percentage"":0.000872},{""age"":""35-44"",""gender"":""male"",""percentage"":0.137775},{""age"":""55-64"",""gender"":""male"",""percentage"":0.08871},{""age"":""25-34"",""gender"":""female"",""percentage"":0.081174},{""age"":""65+"",""gender"":""female"",""percentage"":0.057062},{""age"":""45-54"",""gender"":""male"",""percentage"":0.119032},{""age"":""65+"",""gender"":""unknown"",""percentage"":0.000524},{""age"":""45-54"",""gender"":""female"",""percentage"":0.122525},{""age"":""25-34"",""gender"":""male"",""percentage"":0.091723},{""age"":""35-44"",""gender"":""female"",""percentage"":0.130643},{""age"":""65+"",""gender"":""male"",""percentage"":0.039715},{""age"":""25-34"",""gender"":""unknown"",""percentage"":0.001289},{""age"":""45-54"",""gender"":""unknown"",""percentage"":0.001472},{""age"":""35-44"",""gender"":""unknown"",""percentage"":0.002116},{""age"":""13-17"",""gender"":""female"",""percentage"":0.000126}","{""region"":""Valpara\u00edso Region"",""percentage"":0.175709},{""region"":""Atacama Region"",""percentage"":0.026643},{""region"":""B\u00edo B\u00edo Region"",""percentage"":0.220937},{""region"":""Coquimbo Region"",""percentage"":0.045808},{""region"":""O'Higgins Region"",""percentage"":0.09001},{""region"":""Maule Region"",""percentage"":0.000115},{""region"":""Santiago Metropolitan Region"",""percentage"":0.440779}","facebook,instagram","lower_bound: 1000001",es
1041514943073985,881095048648989,"José Antonio Kast",2021-12-10,2021-12-10,2021-12-10,"José Antonio Kast Rist","A Chile se entra por la puerta, no por las ventanas. Nuestro compromiso de Gobierno es tolerancia cero con la migración ilegal.  #PorElFuturoDeLaFrontera",,,,"lower_bound: 0, upper_bound: 999","lower_bound: 0, upper_bound: 99",USD,,,"facebook,instagram","lower_bound: 100001, upper_bound: 500000",es
818310162311966,881095048648989,"José Antonio Kast",2021-12-10,2021-12-10,2021-12-10,"José Antonio Kast Rist","Atrévete por nuestro campo, nuestra gente, costumbres y tradiciones. Este 19 de Diciembre no te equivoques, #Vota2 #VotaKast",,,,"lower_bound: 0, upper_bound: 999","lower_bound: 0, upper_bound: 99",USD,,,"facebook,instagram","lower_bound: 500001, upper_bound: 1000000",es
5206841929329374,881095048648989,"José Antonio Kast",2021-12-10,2021-12-10,2021-12-10,"José Antonio Kast Rist","Recuperemos el orden público y terminemos con la violencia irracional en las calles, para generar las condiciones de crecimiento y desarrollo de las Pymes, para que Chile vuelva a la senda del progreso #LosDoloresDeLasPymes",,,,"lower_bound: 0, upper_bound: 999","lower_bound: 0, upper_bound: 99",USD,,,"facebook,instagram","lower_bound: 1000001",es
329503335373110,881095048648989,"José Antonio Kast",2021-12-10,2021-12-10,2021-12-11,"José Antonio Kast","A Chile se entra por la puerta, no por las ventanas. Nuestro compromiso de Gobierno es tolerancia cero con la migración ilegal.  #PorElFuturoDeLaFrontera",,,,"lower_bound: 70000, upper_bound: 79999","lower_bound: 1500, upper_bound: 1999",USD,"{""age"":""45-54"",""gender"":""unknown"",""percentage"":0.003238},{""age"":""25-34"",""gender"":""unknown"",""percentage"":0.002541},{""age"":""55-64"",""gender"":""male"",""percentage"":0.005452},{""age"":""35-44"",""gender"":""unknown"",""percentage"":0.005069},{""age"":""18-24"",""gender"":""female"",""percentage"":0.027082},{""age"":""45-54"",""gender"":""male"",""percentage"":0.078745},{""age"":""18-24"",""gender"":""male"",""percentage"":0.053644},{""age"":""45-54"",""gender"":""female"",""percentage"":0.083964},{""age"":""35-44"",""gender"":""female"",""percentage"":0.157216},{""age"":""25-34"",""gender"":""female"",""percentage"":0.180171},{""age"":""25-34"",""gender"":""male"",""percentage"":0.233132},{""age"":""35-44"",""gender"":""male"",""percentage"":0.163351},{""age"":""55-64"",""gender"":""unknown"",""percentage"":0.000232},{""age"":""55-64"",""gender"":""female"",""percentage"":0.005548},{""age"":""18-24"",""gender"":""unknown"",""percentage"":0.000615}","{""region"":""Los R\u00edos Region"",""percentage"":0.023242},{""region"":""Arica y Parinacota Region"",""percentage"":0.011463},{""region"":""Valpara\u00edso Region"",""percentage"":0.094478},{""region"":""Ays\u00e9n Region"",""percentage"":0.006864},{""region"":""Antofagasta Region"",""percentage"":0.04135},{""region"":""Araucan\u00eda Region"",""percentage"":0.063782},{""region"":""Atacama Region"",""percentage"":0.014497},{""region"":""B\u00edo B\u00edo Region"",""percentage"":0.116224},{""region"":""Coquimbo Region"",""percentage"":0.032989},{""region"":""O'Higgins Region"",""percentage"":0.053527},{""region"":""Los Lagos Region"",""percentage"":0.066377},{""region"":""Magallanes y la Ant\u00e1rtica Chilena Region"",""percentage"":0.016158},{""region"":""Maule Region"",""percentage"":0.059265},{""region"":""Santiago Metropolitan Region"",""percentage"":0.377831},{""region"":""Tarapac\u00e1 Region"",""percentage"":0.021952}","facebook,instagram","lower_bound: 1000001",es
4541441582611150,881095048648989,"José Antonio Kast",2021-12-10,2021-12-10,2021-12-15,"José Antonio Kast","Por las mujeres y su futuro ¡Atrévete!
Casadas, solteras, madres solteras, dueñas de casa, jefas de hogar, profesionales, niñas, jóvenes y adultas mayores- vivan en libertad y con seguridad.
#MujeresxKast",,,,"lower_bound: 150000, upper_bound: 174999","lower_bound: 800, upper_bound: 899",USD,"{""age"":""55-64"",""gender"":""female"",""percentage"":0.013352},{""age"":""35-44"",""gender"":""female"",""percentage"":0.210408},{""age"":""45-54"",""gender"":""female"",""percentage"":0.157058},{""age"":""18-24"",""gender"":""female"",""percentage"":0.271591},{""age"":""25-34"",""gender"":""female"",""percentage"":0.347315},{""age"":""13-17"",""gender"":""female"",""percentage"":0.000276}","{""region"":""Los R\u00edos Region"",""percentage"":0.023733},{""region"":""Arica y Parinacota Region"",""percentage"":0.016182},{""region"":""Valpara\u00edso Region"",""percentage"":0.096516},{""region"":""Ays\u00e9n Region"",""percentage"":0.006575},{""region"":""Antofagasta Region"",""percentage"":0.044877},{""region"":""Araucan\u00eda Region"",""percentage"":0.05566},{""region"":""Atacama Region"",""percentage"":0.017504},{""region"":""B\u00edo B\u00edo Region"",""percentage"":0.120256},{""region"":""Coquimbo Region"",""percentage"":0.037921},{""region"":""O'Higgins Region"",""percentage"":0.052899},{""region"":""Los Lagos Region"",""percentage"":0.059944},{""region"":""Magallanes y la Ant\u00e1rtica Chilena Region"",""percentage"":0.011019},{""region"":""Maule Region"",""percentage"":0.069496},{""region"":""Santiago Metropolitan Region"",""percentage"":0.36294},{""region"":""Tarapac\u00e1 Region"",""percentage"":0.02448}","facebook,instagram","lower_bound: 1000001",es
488902435993666,881095048648989,"José Antonio Kast",2021-12-10,2021-12-10,2021-12-14,"José Antonio Kast","Por las mujeres y su futuro ¡Atrévete!
Casadas, solteras, madres solteras, dueñas de casa, jefas de hogar, profesionales, niñas, jóvenes y adultas mayores- vivan en libertad y con seguridad.
#MujeresxKast",,,,"lower_bound: 450000, upper_bound: 499999","lower_bound: 2500, upper_bound: 2999",USD,"{""age"":""55-64"",""gender"":""female"",""percentage"":0.015437},{""age"":""35-44"",""gender"":""female"",""percentage"":0.2126},{""age"":""25-34"",""gender"":""female"",""percentage"":0.363604},{""age"":""45-54"",""gender"":""female"",""percentage"":0.17709},{""age"":""18-24"",""gender"":""female"",""percentage"":0.23115},{""age"":""13-17"",""gender"":""female"",""percentage"":0.000119}","{""region"":""Los R\u00edos Region"",""percentage"":0.026144},{""region"":""Arica y Parinacota Region"",""percentage"":0.018926},{""region"":""Valpara\u00edso Region"",""percentage"":0.086412},{""region"":""Ays\u00e9n Region"",""percentage"":0.007188},{""region"":""Antofagasta Region"",""percentage"":0.046256},{""region"":""Araucan\u00eda Region"",""percentage"":0.067147},{""region"":""Atacama Region"",""percentage"":0.018849},{""region"":""B\u00edo B\u00edo Region"",""percentage"":0.125227},{""region"":""Coquimbo Region"",""percentage"":0.038529},{""region"":""O'Higgins Region"",""percentage"":0.055828},{""region"":""Los Lagos Region"",""percentage"":0.061928},{""region"":""Magallanes y la Ant\u00e1rtica Chilena Region"",""percentage"":0.01049},{""region"":""Maule Region"",""percentage"":0.075327},{""region"":""Santiago Metropolitan Region"",""percentage"":0.334639},{""region"":""Tarapac\u00e1 Region"",""percentage"":0.027109}","facebook,instagram","lower_bound: 1000001",es
270347078481598,881095048648989,"José Antonio Kast",2021-12-10,2021-12-10,2021-12-13,"José Antonio Kast","Por las mujeres y su futuro ¡Atrévete!
Casadas, solteras, madres solteras, dueñas de casa, jefas de hogar, profesionales, niñas, jóvenes y adultas mayores- vivan en libertad y con seguridad.
#MujeresxKast",,,,"lower_bound: 400000, upper_bound: 449999","lower_bound: 2000, upper_bound: 2499",USD,"{""age"":""35-44"",""gender"":""female"",""percentage"":0.223821},{""age"":""25-34"",""gender"":""female"",""percentage"":0.316203},{""age"":""18-24"",""gender"":""female"",""percentage"":0.242944},{""age"":""45-54"",""gender"":""female"",""percentage"":0.199142},{""age"":""55-64"",""gender"":""female"",""percentage"":0.017821},{""age"":""13-17"",""gender"":""female"",""percentage"":7.0e-5}","{""region"":""Unknown"",""percentage"":6.0e-6},{""region"":""Los R\u00edos Region"",""percentage"":0.0265},{""region"":""Arica y Parinacota Region"",""percentage"":0.018711},{""region"":""Valpara\u00edso Region"",""percentage"":0.085031},{""region"":""Ays\u00e9n Region"",""percentage"":0.007766},{""region"":""Antofagasta Region"",""percentage"":0.051442},{""region"":""Araucan\u00eda Region"",""percentage"":0.063256},{""region"":""Atacama Region"",""percentage"":0.019981},{""region"":""B\u00edo B\u00edo Region"",""percentage"":0.119614},{""region"":""Coquimbo Region"",""percentage"":0.040995},{""region"":""O'Higgins Region"",""percentage"":0.057983},{""region"":""Los Lagos Region"",""percentage"":0.070463},{""region"":""Magallanes y la Ant\u00e1rtica Chilena Region"",""percentage"":0.011588},{""region"":""Maule Region"",""percentage"":0.079654},{""region"":""Santiago Metropolitan Region"",""percentage"":0.317799},{""region"":""Tarapac\u00e1 Region"",""percentage"":0.029211}","facebook,instagram","lower_bound: 1000001",es
330090688955977,881095048648989,"José Antonio Kast",2021-12-10,2021-12-10,2021-12-14,"José Antonio Kast","Por las mujeres y su futuro ¡Atrévete!
Casadas, solteras, madres solteras, dueñas de casa, jefas de hogar, profesionales, niñas, jóvenes y adultas mayores- vivan en libertad y con seguridad.
#MujeresxKast",,,,"lower_bound: 200000, upper_bound: 249999","lower_bound: 1000, upper_bound: 1499",USD,"{""age"":""13-17"",""gender"":""female"",""percentage"":0.000165},{""age"":""55-64"",""gender"":""female"",""percentage"":0.0157},{""age"":""18-24"",""gender"":""female"",""percentage"":0.268752},{""age"":""25-34"",""gender"":""female"",""percentage"":0.346344},{""age"":""45-54"",""gender"":""female"",""percentage"":0.171374},{""age"":""35-44"",""gender"":""female"",""percentage"":0.197664}","{""region"":""Los R\u00edos Region"",""percentage"":0.024014},{""region"":""Arica y Parinacota Region"",""percentage"":0.01777},{""region"":""Valpara\u00edso Region"",""percentage"":0.091472},{""region"":""Ays\u00e9n Region"",""percentage"":0.006577},{""region"":""Antofagasta Region"",""percentage"":0.044592},{""region"":""Araucan\u00eda Region"",""percentage"":0.057915},{""region"":""Atacama Region"",""percentage"":0.018077},{""region"":""B\u00edo B\u00edo Region"",""percentage"":0.119764},{""region"":""Coquimbo Region"",""percentage"":0.037893},{""region"":""O'Higgins Region"",""percentage"":0.053035},{""region"":""Los Lagos Region"",""percentage"":0.061632},{""region"":""Magallanes y la Ant\u00e1rtica Chilena Region"",""percentage"":0.010209},{""region"":""Maule Region"",""percentage"":0.073956},{""region"":""Santiago Metropolitan Region"",""percentage"":0.35752},{""region"":""Tarapac\u00e1 Region"",""percentage"":0.025574}","facebook,instagram","lower_bound: 1000001",es
306836981254797,881095048648989,"José Antonio Kast",2021-12-10,2021-12-10,2021-12-16,"José Antonio Kast","La primera medida que tomaremos siendo Gobierno en los primeros 100 días, es erradicar la violencia terrorista, el robo de madera y el narcotráfico en La Araucanía. Iremos a la zona para dar una señal y recuperar la paz y el estado de derecho.",,,,"lower_bound: 350000, upper_bound: 399999","lower_bound: 3000, upper_bound: 3499",USD,"{""age"":""18-24"",""gender"":""unknown"",""percentage"":0.000473},{""age"":""25-34"",""gender"":""male"",""percentage"":0.175885},{""age"":""25-34"",""gender"":""unknown"",""percentage"":0.001806},{""age"":""45-54"",""gender"":""unknown"",""percentage"":0.002016},{""age"":""65+"",""gender"":""unknown"",""percentage"":0.00043},{""age"":""35-44"",""gender"":""male"",""percentage"":0.111595},{""age"":""25-34"",""gender"":""female"",""percentage"":0.183824},{""age"":""18-24"",""gender"":""male"",""percentage"":0.044257},{""age"":""65+"",""gender"":""female"",""percentage"":0.037377},{""age"":""45-54"",""gender"":""female"",""percentage"":0.083887},{""age"":""35-44"",""gender"":""female"",""percentage"":0.145366},{""age"":""45-54"",""gender"":""male"",""percentage"":0.055749},{""age"":""55-64"",""gender"":""male"",""percentage"":0.035045},{""age"":""18-24"",""gender"":""female"",""percentage"":0.033481},{""age"":""55-64"",""gender"":""female"",""percentage"":0.062022},{""age"":""65+"",""gender"":""male"",""percentage"":0.022817},{""age"":""35-44"",""gender"":""unknown"",""percentage"":0.003193},{""age"":""55-64"",""gender"":""unknown"",""percentage"":0.000779}","{""region"":""Unknown"",""percentage"":5.3e-5},{""region"":""Los R\u00edos Region"",""percentage"":0.02873},{""region"":""Araucan\u00eda Region"",""percentage"":0.593607},{""region"":""B\u00edo B\u00edo Region"",""percentage"":0.377609}","facebook,instagram","lower_bound: 100001, upper_bound: 500000",es
382343350311941,881095048648989,"José Antonio Kast",2021-12-10,2021-12-10,2021-12-15,"José Antonio Kast","Gracias al mundo cristiano evangélico, por entregarme su apoyo en este sueño de un futuro diferente.",,,,"lower_bound: 800000, upper_bound: 899999","lower_bound: 5000, upper_bound: 5999",USD,"{""age"":""13-17"",""gender"":""female"",""percentage"":6.2e-5},{""age"":""65+"",""gender"":""female"",""percentage"":0.054916},{""age"":""13-17"",""gender"":""unknown"",""percentage"":3.7e-5},{""age"":""55-64"",""gender"":""unknown"",""percentage"":0.000633},{""age"":""65+"",""gender"":""unknown"",""percentage"":0.000334},{""age"":""25-34"",""gender"":""unknown"",""percentage"":0.001077},{""age"":""35-44"",""gender"":""unknown"",""percentage"":0.001697},{""age"":""45-54"",""gender"":""unknown"",""percentage"":0.001126},{""age"":""45-54"",""gender"":""female"",""percentage"":0.122172},{""age"":""35-44"",""gender"":""female"",""percentage"":0.129665},{""age"":""45-54"",""gender"":""male"",""percentage"":0.127802},{""age"":""55-64"",""gender"":""male"",""percentage"":0.091842},{""age"":""65+"",""gender"":""male"",""percentage"":0.03818},{""age"":""35-44"",""gender"":""male"",""percentage"":0.142122},{""age"":""55-64"",""gender"":""female"",""percentage"":0.118168},{""age"":""25-34"",""gender"":""female"",""percentage"":0.076197},{""age"":""25-34"",""gender"":""male"",""percentage"":0.093789},{""age"":""13-17"",""gender"":""male"",""percentage"":0.00018}","{""region"":""Unknown"",""percentage"":7.0e-6},{""region"":""Valpara\u00edso Region"",""percentage"":0.167726},{""region"":""Atacama Region"",""percentage"":0.026271},{""region"":""B\u00edo B\u00edo Region"",""percentage"":0.227168},{""region"":""Coquimbo Region"",""percentage"":0.043192},{""region"":""O'Higgins Region"",""percentage"":0.0926},{""region"":""Maule Region"",""percentage"":9.7e-5},{""region"":""Santiago Metropolitan Region"",""percentage"":0.442938}","facebook,instagram","lower_bound: 1000001",es
1065256557585195,881095048648989,"José Antonio Kast",2021-12-10,2021-12-10,2021-12-11,"José Antonio Kast","Candidato presidencial. Papá de 9 hijos. Casado. Abogado, Fundador del movimiento social Acción Republicana y Partido Republicano #RecuperemosChile",,,,"lower_bound: 4000, upper_bound: 4999","lower_bound: 0, upper_bound: 99",USD,"{""age"":""25-34"",""gender"":""unknown"",""percentage"":0.004349},{""age"":""65+"",""gender"":""unknown"",""percentage"":0.002392},{""age"":""45-54"",""gender"":""unknown"",""percentage"":0.009132},{""age"":""55-64"",""gender"":""unknown"",""percentage"":0.004131},{""age"":""55-64"",""gender"":""male"",""percentage"":0.064362},{""age"":""35-44"",""gender"":""female"",""percentage"":0.117852},{""age"":""55-64"",""gender"":""female"",""percentage"":0.087628},{""age"":""45-54"",""gender"":""male"",""percentage"":0.089367},{""age"":""35-44"",""gender"":""male"",""percentage"":0.175473},{""age"":""25-34"",""gender"":""female"",""percentage"":0.081322},{""age"":""25-34"",""gender"":""male"",""percentage"":0.152207},{""age"":""35-44"",""gender"":""unknown"",""percentage"":0.013699},{""age"":""45-54"",""gender"":""female"",""percentage"":0.083279},{""age"":""65+"",""gender"":""male"",""percentage"":0.046532},{""age"":""65+"",""gender"":""female"",""percentage"":0.068276}","{""region"":""Santiago Metropolitan Region"",""percentage"":1}","facebook,instagram","lower_bound: 500001, upper_bound: 1000000",es
361790599051099,881095048648989,"José Antonio Kast",2021-12-09,2021-12-09,2021-12-09,"José Antonio Kast Rist","La minería para nosotros es fundamental. Así como Calama es el motor de recursos para nuestro país, queremos que esos recursos se vean reflejados en esta región. 

Asumimos el compromiso de recuperar nuestra nación y entregar paz, seguridad y progreso. Pero también, en el desarrollo de las regiones. Por Chile y el futuro de las regiones ¡Atrévete!",,,,"lower_bound: 0, upper_bound: 999","lower_bound: 0, upper_bound: 99",USD,"{""age"":""35-44"",""gender"":""unknown"",""percentage"":0.003484},{""age"":""55-64"",""gender"":""male"",""percentage"":0.045296},{""age"":""65+"",""gender"":""female"",""percentage"":0.017422},{""age"":""65+"",""gender"":""male"",""percentage"":0.02439},{""age"":""45-54"",""gender"":""female"",""percentage"":0.052265},{""age"":""25-34"",""gender"":""female"",""percentage"":0.172474},{""age"":""18-24"",""gender"":""male"",""percentage"":0.04878},{""age"":""25-34"",""gender"":""male"",""percentage"":0.256098},{""age"":""35-44"",""gender"":""female"",""percentage"":0.116725},{""age"":""35-44"",""gender"":""male"",""percentage"":0.158537},{""age"":""45-54"",""gender"":""male"",""percentage"":0.038328},{""age"":""55-64"",""gender"":""female"",""percentage"":0.038328},{""age"":""18-24"",""gender"":""female"",""percentage"":0.026132},{""age"":""55-64"",""gender"":""unknown"",""percentage"":0.001742}","{""region"":""Arica y Parinacota Region"",""percentage"":0.123909},{""region"":""Antofagasta Region"",""percentage"":0.474695},{""region"":""Atacama Region"",""percentage"":0.151832},{""region"":""Tarapac\u00e1 Region"",""percentage"":0.249564}","facebook,instagram","lower_bound: 100001, upper_bound: 500000",es
632304191543816,881095048648989,"José Antonio Kast",2021-12-09,2021-12-09,2021-12-09,"José Antonio Kast Rist","Recuperemos el orden público y terminemos con la violencia irracional en las calles, para generar las condiciones de crecimiento y desarrollo de las Pymes, para que Chile vuelva a la senda del progreso #LosDoloresDeLasPymes",,,,"lower_bound: 0, upper_bound: 999","lower_bound: 0, upper_bound: 99",USD,"{""age"":""35-44"",""gender"":""unknown"",""percentage"":0.007143},{""age"":""45-54"",""gender"":""male"",""percentage"":0.1},{""age"":""18-24"",""gender"":""female"",""percentage"":0.042857},{""age"":""45-54"",""gender"":""female"",""percentage"":0.085714},{""age"":""25-34"",""gender"":""female"",""percentage"":0.128571},{""age"":""35-44"",""gender"":""male"",""percentage"":0.178571},{""age"":""35-44"",""gender"":""female"",""percentage"":0.135714},{""age"":""25-34"",""gender"":""male"",""percentage"":0.214286},{""age"":""45-54"",""gender"":""unknown"",""percentage"":0.014286},{""age"":""55-64"",""gender"":""female"",""percentage"":0.021429},{""age"":""18-24"",""gender"":""male"",""percentage"":0.071429}","{""region"":""Los R\u00edos Region"",""percentage"":0.021429},{""region"":""Arica y Parinacota Region"",""percentage"":0.042857},{""region"":""Valpara\u00edso Region"",""percentage"":0.085714},{""region"":""Antofagasta Region"",""percentage"":0.021429},{""region"":""Araucan\u00eda Region"",""percentage"":0.05},{""region"":""Atacama Region"",""percentage"":0.007143},{""region"":""B\u00edo B\u00edo Region"",""percentage"":0.128571},{""region"":""Coquimbo Region"",""percentage"":0.042857},{""region"":""O'Higgins Region"",""percentage"":0.064286},{""region"":""Los Lagos Region"",""percentage"":0.028571},{""region"":""Magallanes y la Ant\u00e1rtica Chilena Region"",""percentage"":0.028571},{""region"":""Maule Region"",""percentage"":0.057143},{""region"":""Santiago Metropolitan Region"",""percentage"":0.414286},{""region"":""Tarapac\u00e1 Region"",""percentage"":0.007143}","facebook,instagram","lower_bound: 1000001",es
1269627626871232,881095048648989,"José Antonio Kast",2021-12-09,2021-12-09,2021-12-09,"José Antonio Kast Rist","Recuperemos el orden público y terminemos con la violencia irracional en las calles, para generar las condiciones de crecimiento y desarrollo de las Pymes, para que Chile vuelva a la senda del progreso #LosDoloresDeLasPymes",,,,"lower_bound: 0, upper_bound: 999","lower_bound: 0, upper_bound: 99",USD,"{""age"":""18-24"",""gender"":""unknown"",""percentage"":0.004566},{""age"":""55-64"",""gender"":""female"",""percentage"":0.045662},{""age"":""25-34"",""gender"":""male"",""percentage"":0.223744},{""age"":""45-54"",""gender"":""male"",""percentage"":0.054795},{""age"":""45-54"",""gender"":""female"",""percentage"":0.045662},{""age"":""55-64"",""gender"":""male"",""percentage"":0.059361},{""age"":""18-24"",""gender"":""male"",""percentage"":0.045662},{""age"":""35-44"",""gender"":""male"",""percentage"":0.150685},{""age"":""25-34"",""gender"":""female"",""percentage"":0.141553},{""age"":""35-44"",""gender"":""female"",""percentage"":0.109589},{""age"":""18-24"",""gender"":""female"",""percentage"":0.031963},{""age"":""65+"",""gender"":""female"",""percentage"":0.031963},{""age"":""65+"",""gender"":""male"",""percentage"":0.054795}","{""region"":""Los R\u00edos Region"",""percentage"":0.041096},{""region"":""Arica y Parinacota Region"",""percentage"":0.013699},{""region"":""Valpara\u00edso Region"",""percentage"":0.086758},{""region"":""Ays\u00e9n Region"",""percentage"":0.009132},{""region"":""Antofagasta Region"",""percentage"":0.018265},{""region"":""Araucan\u00eda Region"",""percentage"":0.109589},{""region"":""Atacama Region"",""percentage"":0.009132},{""region"":""B\u00edo B\u00edo Region"",""percentage"":0.136986},{""region"":""Coquimbo Region"",""percentage"":0.022831},{""region"":""O'Higgins Region"",""percentage"":0.050228},{""region"":""Los Lagos Region"",""percentage"":0.109589},{""region"":""Magallanes y la Ant\u00e1rtica Chilena Region"",""percentage"":0.013699},{""region"":""Maule Region"",""percentage"":0.054795},{""region"":""Santiago Metropolitan Region"",""percentage"":0.30137},{""region"":""Tarapac\u00e1 Region"",""percentage"":0.022831}","facebook,instagram","lower_bound: 1000001",es
631787294626729,881095048648989,"José Antonio Kast",2021-12-09,2021-12-09,2021-12-09,"José Antonio Kast Rist","Por un futuro diferente. ¡Atrévete! #KastPresidente ✌🏼",,,,"lower_bound: 3000, upper_bound: 3999","lower_bound: 0, upper_bound: 99",USD,"{""age"":""45-54"",""gender"":""unknown"",""percentage"":0.001371},{""age"":""45-54"",""gender"":""male"",""percentage"":0.043335},{""age"":""55-64"",""gender"":""unknown"",""percentage"":0.000823},{""age"":""35-44"",""gender"":""female"",""percentage"":0.087493},{""age"":""55-64"",""gender"":""female"",""percentage"":0.029347},{""age"":""65+"",""gender"":""female"",""percentage"":0.022765},{""age"":""65+"",""gender"":""male"",""percentage"":0.024959},{""age"":""55-64"",""gender"":""male"",""percentage"":0.031541},{""age"":""45-54"",""gender"":""female"",""percentage"":0.035381},{""age"":""25-34"",""gender"":""female"",""percentage"":0.201317},{""age"":""35-44"",""gender"":""male"",""percentage"":0.138234},{""age"":""25-34"",""gender"":""male"",""percentage"":0.379046},{""age"":""35-44"",""gender"":""unknown"",""percentage"":0.00192},{""age"":""25-34"",""gender"":""unknown"",""percentage"":0.002468}","{""region"":""Los R\u00edos Region"",""percentage"":0.100606},{""region"":""Araucan\u00eda Region"",""percentage"":0.176957},{""region"":""B\u00edo B\u00edo Region"",""percentage"":0.231533},{""region"":""O'Higgins Region"",""percentage"":0.162073},{""region"":""Los Lagos Region"",""percentage"":0.237045},{""region"":""Maule Region"",""percentage"":0.091786}","facebook,instagram","lower_bound: 100001, upper_bound: 500000",es
3095525937391963,881095048648989,"José Antonio Kast",2021-12-09,2021-12-09,2021-12-10,"José Antonio Kast Rist","Hoy Chile está en guerra. Pero no entre mapuches y chilenos, sino entre los terroristas y aquellos que queremos paz. #PorElFuturoDeLaAraucania",,,,"lower_bound: 40000, upper_bound: 44999","lower_bound: 200, upper_bound: 299",USD,"{""age"":""55-64"",""gender"":""unknown"",""percentage"":0.000486},{""age"":""25-34"",""gender"":""unknown"",""percentage"":0.002491},{""age"":""35-44"",""gender"":""unknown"",""percentage"":0.002674},{""age"":""65+"",""gender"":""unknown"",""percentage"":0.000486},{""age"":""25-34"",""gender"":""male"",""percentage"":0.326193},{""age"":""35-44"",""gender"":""male"",""percentage"":0.154164},{""age"":""45-54"",""gender"":""male"",""percentage"":0.057272},{""age"":""35-44"",""gender"":""female"",""percentage"":0.101935},{""age"":""25-34"",""gender"":""female"",""percentage"":0.175432},{""age"":""65+"",""gender"":""male"",""percentage"":0.030262},{""age"":""45-54"",""gender"":""female"",""percentage"":0.043205},{""age"":""55-64"",""gender"":""female"",""percentage"":0.037432},{""age"":""65+"",""gender"":""female"",""percentage"":0.027345},{""age"":""55-64"",""gender"":""male"",""percentage"":0.039407},{""age"":""45-54"",""gender"":""unknown"",""percentage"":0.001215}","{""region"":""Los R\u00edos Region"",""percentage"":0.098819},{""region"":""Araucan\u00eda Region"",""percentage"":0.181684},{""region"":""B\u00edo B\u00edo Region"",""percentage"":0.223868},{""region"":""O'Higgins Region"",""percentage"":0.153892},{""region"":""Los Lagos Region"",""percentage"":0.245771},{""region"":""Maule Region"",""percentage"":0.095965}","facebook,instagram","lower_bound: 100001, upper_bound: 500000",es
651793776182360,881095048648989,"José Antonio Kast",2021-12-08,2021-12-08,2021-12-09,"José Antonio Kast Rist","Para ganar esta elección, necesitamos TU apoyo. Entra a http://aportes.servel.cl y ayúdanos con $1.000, $5.000 o $10.000. Todo sirve para difundir nuestras ideas y llegar a todo Chile!",,,,"lower_bound: 25000, upper_bound: 29999","lower_bound: 100, upper_bound: 199",USD,"{""age"":""25-34"",""gender"":""unknown"",""percentage"":0.002482},{""age"":""35-44"",""gender"":""female"",""percentage"":0.105795},{""age"":""45-54"",""gender"":""unknown"",""percentage"":0.002252},{""age"":""65+"",""gender"":""unknown"",""percentage"":0.000689},{""age"":""35-44"",""gender"":""unknown"",""percentage"":0.004366},{""age"":""65+"",""gender"":""male"",""percentage"":0.025093},{""age"":""65+"",""gender"":""female"",""percentage"":0.02661},{""age"":""45-54"",""gender"":""male"",""percentage"":0.067742},{""age"":""55-64"",""gender"":""female"",""percentage"":0.040857},{""age"":""55-64"",""gender"":""unknown"",""percentage"":0.001103},{""age"":""25-34"",""gender"":""female"",""percentage"":0.146514},{""age"":""25-34"",""gender"":""male"",""percentage"":0.236086},{""age"":""18-24"",""gender"":""male"",""percentage"":0.05423},{""age"":""55-64"",""gender"":""male"",""percentage"":0.043201},{""age"":""35-44"",""gender"":""male"",""percentage"":0.15088},{""age"":""45-54"",""gender"":""female"",""percentage"":0.062595},{""age"":""18-24"",""gender"":""female"",""percentage"":0.028862},{""age"":""18-24"",""gender"":""unknown"",""percentage"":0.000643}","{""region"":""Los R\u00edos Region"",""percentage"":0.03454},{""region"":""Arica y Parinacota Region"",""percentage"":0.017225},{""region"":""Valpara\u00edso Region"",""percentage"":0.079253},{""region"":""Ays\u00e9n Region"",""percentage"":0.009132},{""region"":""Antofagasta Region"",""percentage"":0.038926},{""region"":""Araucan\u00eda Region"",""percentage"":0.121931},{""region"":""Atacama Region"",""percentage"":0.01302},{""region"":""B\u00edo B\u00edo Region"",""percentage"":0.172928},{""region"":""Coquimbo Region"",""percentage"":0.026629},{""region"":""O'Higgins Region"",""percentage"":0.056693},{""region"":""Los Lagos Region"",""percentage"":0.076541},{""region"":""Magallanes y la Ant\u00e1rtica Chilena Region"",""percentage"":0.019666},{""region"":""Maule Region"",""percentage"":0.074687},{""region"":""Santiago Metropolitan Region"",""percentage"":0.232018},{""region"":""Tarapac\u00e1 Region"",""percentage"":0.02681}","facebook,instagram","lower_bound: 1000001",es
635250560853501,881095048648989,"José Antonio Kast",2021-12-08,2021-12-09,2021-12-09,"José Antonio Kast Rist","Por las mujeres y su futuro ¡Atrévete!
Casadas, solteras, madres solteras, dueñas de casa, jefas de hogar, profesionales, niñas, jóvenes y adultas mayores- vivan en libertad y con seguridad.
#MujeresxKast",,,,"lower_bound: 7000, upper_bound: 7999","lower_bound: 0, upper_bound: 99",USD,"{""age"":""55-64"",""gender"":""female"",""percentage"":0.014165},{""age"":""45-54"",""gender"":""female"",""percentage"":0.165217},{""age"":""25-34"",""gender"":""female"",""percentage"":0.315288},{""age"":""35-44"",""gender"":""female"",""percentage"":0.212062},{""age"":""18-24"",""gender"":""female"",""percentage"":0.293268}","{""region"":""Los R\u00edos Region"",""percentage"":0.027219},{""region"":""Arica y Parinacota Region"",""percentage"":0.016192},{""region"":""Valpara\u00edso Region"",""percentage"":0.090034},{""region"":""Ays\u00e9n Region"",""percentage"":0.008236},{""region"":""Antofagasta Region"",""percentage"":0.04383},{""region"":""Araucan\u00eda Region"",""percentage"":0.074679},{""region"":""Atacama Region"",""percentage"":0.020519},{""region"":""B\u00edo B\u00edo Region"",""percentage"":0.140006},{""region"":""Coquimbo Region"",""percentage"":0.039224},{""region"":""O'Higgins Region"",""percentage"":0.057929},{""region"":""Los Lagos Region"",""percentage"":0.067002},{""region"":""Magallanes y la Ant\u00e1rtica Chilena Region"",""percentage"":0.012423},{""region"":""Maule Region"",""percentage"":0.078727},{""region"":""Santiago Metropolitan Region"",""percentage"":0.290759},{""region"":""Tarapac\u00e1 Region"",""percentage"":0.033222}","facebook,instagram","lower_bound: 1000001",es
235539962017331,881095048648989,"José Antonio Kast",2021-12-08,2021-12-09,2021-12-09,"José Antonio Kast Rist","Por las mujeres y su futuro ¡Atrévete!
Casadas, solteras, madres solteras, dueñas de casa, jefas de hogar, profesionales, niñas, jóvenes y adultas mayores- vivan en libertad y con seguridad.
#MujeresxKast",,,,"lower_bound: 5000, upper_bound: 5999","lower_bound: 0, upper_bound: 99",USD,"{""age"":""55-64"",""gender"":""female"",""percentage"":0.018725},{""age"":""18-24"",""gender"":""female"",""percentage"":0.349408},{""age"":""25-34"",""gender"":""female"",""percentage"":0.284755},{""age"":""35-44"",""gender"":""female"",""percentage"":0.206324},{""age"":""45-54"",""gender"":""female"",""percentage"":0.140788}","{""region"":""Los R\u00edos Region"",""percentage"":0.021716},{""region"":""Arica y Parinacota Region"",""percentage"":0.015713},{""region"":""Valpara\u00edso Region"",""percentage"":0.094103},{""region"":""Ays\u00e9n Region"",""percentage"":0.006356},{""region"":""Antofagasta Region"",""percentage"":0.043609},{""region"":""Araucan\u00eda Region"",""percentage"":0.069209},{""region"":""Atacama Region"",""percentage"":0.02101},{""region"":""B\u00edo B\u00edo Region"",""percentage"":0.133651},{""region"":""Coquimbo Region"",""percentage"":0.043962},{""region"":""O'Higgins Region"",""percentage"":0.058792},{""region"":""Los Lagos Region"",""percentage"":0.059675},{""region"":""Magallanes y la Ant\u00e1rtica Chilena Region"",""percentage"":0.009004},{""region"":""Maule Region"",""percentage"":0.076977},{""region"":""Santiago Metropolitan Region"",""percentage"":0.321857},{""region"":""Tarapac\u00e1 Region"",""percentage"":0.024364}","facebook,instagram","lower_bound: 1000001",es
3071622023062587,881095048648989,"José Antonio Kast",2021-12-08,2021-12-08,2021-12-10,"José Antonio Kast Rist","Por las mujeres y su futuro ¡Atrévete!
Casadas, solteras, madres solteras, dueñas de casa, jefas de hogar, profesionales, niñas, jóvenes y adultas mayores- vivan en libertad y con seguridad.
#MujeresxKast",,,,"lower_bound: 3000, upper_bound: 3999","lower_bound: 0, upper_bound: 99",USD,"{""age"":""55-64"",""gender"":""female"",""percentage"":0.01704},{""age"":""45-54"",""gender"":""female"",""percentage"":0.162827},{""age"":""35-44"",""gender"":""female"",""percentage"":0.176396},{""age"":""18-24"",""gender"":""female"",""percentage"":0.322184},{""age"":""25-34"",""gender"":""female"",""percentage"":0.321553}","{""region"":""Los R\u00edos Region"",""percentage"":0.028867},{""region"":""Arica y Parinacota Region"",""percentage"":0.016316},{""region"":""Valpara\u00edso Region"",""percentage"":0.093505},{""region"":""Ays\u00e9n Region"",""percentage"":0.008472},{""region"":""Antofagasta Region"",""percentage"":0.038594},{""region"":""Araucan\u00eda Region"",""percentage"":0.077816},{""region"":""Atacama Region"",""percentage"":0.01914},{""region"":""B\u00edo B\u00edo Region"",""percentage"":0.123941},{""region"":""Coquimbo Region"",""percentage"":0.039849},{""region"":""O'Higgins Region"",""percentage"":0.062127},{""region"":""Los Lagos Region"",""percentage"":0.059617},{""region"":""Magallanes y la Ant\u00e1rtica Chilena Region"",""percentage"":0.008472},{""region"":""Maule Region"",""percentage"":0.076561},{""region"":""Santiago Metropolitan Region"",""percentage"":0.314088},{""region"":""Tarapac\u00e1 Region"",""percentage"":0.032633}","facebook,instagram","lower_bound: 1000001",es
1883316321849625,881095048648989,"José Antonio Kast",2021-12-08,2021-12-08,2021-12-10,"José Antonio Kast Rist","Por las mujeres y su futuro ¡Atrévete!
Casadas, solteras, madres solteras, dueñas de casa, jefas de hogar, profesionales, niñas, jóvenes y adultas mayores- vivan en libertad y con seguridad.
#MujeresxKast",,,,"lower_bound: 9000, upper_bound: 9999","lower_bound: 0, upper_bound: 99",USD,"{""age"":""55-64"",""gender"":""female"",""percentage"":0.01532},{""age"":""35-44"",""gender"":""female"",""percentage"":0.168961},{""age"":""45-54"",""gender"":""female"",""percentage"":0.16008},{""age"":""25-34"",""gender"":""female"",""percentage"":0.320271},{""age"":""18-24"",""gender"":""female"",""percentage"":0.335369}","{""region"":""Los R\u00edos Region"",""percentage"":0.028069},{""region"":""Arica y Parinacota Region"",""percentage"":0.014919},{""region"":""Valpara\u00edso Region"",""percentage"":0.091281},{""region"":""Ays\u00e9n Region"",""percentage"":0.00862},{""region"":""Antofagasta Region"",""percentage"":0.041441},{""region"":""Araucan\u00eda Region"",""percentage"":0.082882},{""region"":""Atacama Region"",""percentage"":0.018676},{""region"":""B\u00edo B\u00edo Region"",""percentage"":0.146093},{""region"":""Coquimbo Region"",""percentage"":0.039673},{""region"":""O'Higgins Region"",""percentage"":0.055255},{""region"":""Los Lagos Region"",""percentage"":0.065864},{""region"":""Magallanes y la Ant\u00e1rtica Chilena Region"",""percentage"":0.009614},{""region"":""Maule Region"",""percentage"":0.072605},{""region"":""Santiago Metropolitan Region"",""percentage"":0.299923},{""region"":""Tarapac\u00e1 Region"",""percentage"":0.025086}","facebook,instagram","lower_bound: 1000001",es
335919984602732,881095048648989,"José Antonio Kast",2021-12-08,2021-12-09,2021-12-09,"José Antonio Kast Rist","Por las mujeres y su futuro ¡Atrévete!
Casadas, solteras, madres solteras, dueñas de casa, jefas de hogar, profesionales, niñas, jóvenes y adultas mayores- vivan en libertad y con seguridad.
#MujeresxKast",,,,"lower_bound: 9000, upper_bound: 9999","lower_bound: 0, upper_bound: 99",USD,"{""age"":""55-64"",""gender"":""female"",""percentage"":0.012893},{""age"":""35-44"",""gender"":""female"",""percentage"":0.189939},{""age"":""45-54"",""gender"":""female"",""percentage"":0.150224},{""age"":""25-34"",""gender"":""female"",""percentage"":0.337516},{""age"":""18-24"",""gender"":""female"",""percentage"":0.309428}","{""region"":""Los R\u00edos Region"",""percentage"":0.025309},{""region"":""Arica y Parinacota Region"",""percentage"":0.018195},{""region"":""Valpara\u00edso Region"",""percentage"":0.089107},{""region"":""Ays\u00e9n Region"",""percentage"":0.005482},{""region"":""Antofagasta Region"",""percentage"":0.04502},{""region"":""Araucan\u00eda Region"",""percentage"":0.067063},{""region"":""Atacama Region"",""percentage"":0.020877},{""region"":""B\u00edo B\u00edo Region"",""percentage"":0.13331},{""region"":""Coquimbo Region"",""percentage"":0.036856},{""region"":""O'Higgins Region"",""percentage"":0.057616},{""region"":""Los Lagos Region"",""percentage"":0.058199},{""region"":""Magallanes y la Ant\u00e1rtica Chilena Region"",""percentage"":0.011313},{""region"":""Maule Region"",""percentage"":0.080359},{""region"":""Santiago Metropolitan Region"",""percentage"":0.326452},{""region"":""Tarapac\u00e1 Region"",""percentage"":0.024843}","facebook,instagram","lower_bound: 1000001",es
327394032562051,881095048648989,"José Antonio Kast",2021-12-08,2021-12-09,2021-12-09,"José Antonio Kast Rist","Por las mujeres y su futuro ¡Atrévete!
Casadas, solteras, madres solteras, dueñas de casa, jefas de hogar, profesionales, niñas, jóvenes y adultas mayores- vivan en libertad y con seguridad.
#MujeresxKast",,,,"lower_bound: 4000, upper_bound: 4999","lower_bound: 0, upper_bound: 99",USD,"{""age"":""55-64"",""gender"":""female"",""percentage"":0.017313},{""age"":""18-24"",""gender"":""female"",""percentage"":0.346512},{""age"":""35-44"",""gender"":""female"",""percentage"":0.162016},{""age"":""25-34"",""gender"":""female"",""percentage"":0.319897},{""age"":""45-54"",""gender"":""female"",""percentage"":0.154264}","{""region"":""Los R\u00edos Region"",""percentage"":0.024453},{""region"":""Arica y Parinacota Region"",""percentage"":0.018018},{""region"":""Valpara\u00edso Region"",""percentage"":0.092664},{""region"":""Ays\u00e9n Region"",""percentage"":0.007979},{""region"":""Antofagasta Region"",""percentage"":0.038095},{""region"":""Araucan\u00eda Region"",""percentage"":0.07619},{""region"":""Atacama Region"",""percentage"":0.018533},{""region"":""B\u00edo B\u00edo Region"",""percentage"":0.135135},{""region"":""Coquimbo Region"",""percentage"":0.03758},{""region"":""O'Higgins Region"",""percentage"":0.063063},{""region"":""Los Lagos Region"",""percentage"":0.063063},{""region"":""Magallanes y la Ant\u00e1rtica Chilena Region"",""percentage"":0.009266},{""region"":""Maule Region"",""percentage"":0.0713},{""region"":""Santiago Metropolitan Region"",""percentage"":0.317632},{""region"":""Tarapac\u00e1 Region"",""percentage"":0.027027}","facebook,instagram","lower_bound: 1000001",es
413377290517645,881095048648989,"José Antonio Kast",2021-12-08,2021-12-09,2021-12-09,"José Antonio Kast Rist","Por las mujeres y su futuro ¡Atrévete!
Casadas, solteras, madres solteras, dueñas de casa, jefas de hogar, profesionales, niñas, jóvenes y adultas mayores- vivan en libertad y con seguridad.
#MujeresxKast",,,,"lower_bound: 0, upper_bound: 999","lower_bound: 0, upper_bound: 99",USD,"{""age"":""45-54"",""gender"":""female"",""percentage"":0.19211},{""age"":""35-44"",""gender"":""female"",""percentage"":0.2247},{""age"":""25-34"",""gender"":""female"",""percentage"":0.361921},{""age"":""18-24"",""gender"":""female"",""percentage"":0.204117},{""age"":""55-64"",""gender"":""female"",""percentage"":0.017153}","{""region"":""Los R\u00edos Region"",""percentage"":0.034305},{""region"":""Arica y Parinacota Region"",""percentage"":0.013722},{""region"":""Valpara\u00edso Region"",""percentage"":0.087479},{""region"":""Ays\u00e9n Region"",""percentage"":0.005146},{""region"":""Antofagasta Region"",""percentage"":0.042882},{""region"":""Araucan\u00eda Region"",""percentage"":0.063465},{""region"":""Atacama Region"",""percentage"":0.022298},{""region"":""B\u00edo B\u00edo Region"",""percentage"":0.152659},{""region"":""Coquimbo Region"",""percentage"":0.03259},{""region"":""O'Higgins Region"",""percentage"":0.06175},{""region"":""Los Lagos Region"",""percentage"":0.089194},{""region"":""Magallanes y la Ant\u00e1rtica Chilena Region"",""percentage"":0.010292},{""region"":""Maule Region"",""percentage"":0.092624},{""region"":""Santiago Metropolitan Region"",""percentage"":0.26072},{""region"":""Tarapac\u00e1 Region"",""percentage"":0.030875}","facebook,instagram","lower_bound: 1000001",es
1057639978334169,881095048648989,"José Antonio Kast",2021-12-08,2021-12-08,2021-12-10,"José Antonio Kast Rist","Por las mujeres y su futuro ¡Atrévete!
Casadas, solteras, madres solteras, dueñas de casa, jefas de hogar, profesionales, niñas, jóvenes y adultas mayores- vivan en libertad y con seguridad.
#MujeresxKast",,,,"lower_bound: 45000, upper_bound: 49999","lower_bound: 100, upper_bound: 199",USD,"{""age"":""35-44"",""gender"":""female"",""percentage"":0.226006},{""age"":""18-24"",""gender"":""female"",""percentage"":0.23493},{""age"":""25-34"",""gender"":""female"",""percentage"":0.299138},{""age"":""45-54"",""gender"":""female"",""percentage"":0.219723},{""age"":""55-64"",""gender"":""female"",""percentage"":0.020181},{""age"":""13-17"",""gender"":""female"",""percentage"":2.2e-5}","{""region"":""Los R\u00edos Region"",""percentage"":0.029929},{""region"":""Arica y Parinacota Region"",""percentage"":0.019758},{""region"":""Valpara\u00edso Region"",""percentage"":0.082034},{""region"":""Ays\u00e9n Region"",""percentage"":0.007795},{""region"":""Antofagasta Region"",""percentage"":0.04824},{""region"":""Araucan\u00eda Region"",""percentage"":0.084625},{""region"":""Atacama Region"",""percentage"":0.02114},{""region"":""B\u00edo B\u00edo Region"",""percentage"":0.135759},{""region"":""Coquimbo Region"",""percentage"":0.041157},{""region"":""O'Higgins Region"",""percentage"":0.060397},{""region"":""Los Lagos Region"",""percentage"":0.069553},{""region"":""Magallanes y la Ant\u00e1rtica Chilena Region"",""percentage"":0.008681},{""region"":""Maule Region"",""percentage"":0.080458},{""region"":""Santiago Metropolitan Region"",""percentage"":0.280069},{""region"":""Tarapac\u00e1 Region"",""percentage"":0.030404}","facebook,instagram","lower_bound: 1000001",es
2711543732472869,881095048648989,"José Antonio Kast",2021-12-08,2021-12-08,2021-12-10,"José Antonio Kast Rist","Por las mujeres y su futuro ¡Atrévete!
Casadas, solteras, madres solteras, dueñas de casa, jefas de hogar, profesionales, niñas, jóvenes y adultas mayores- vivan en libertad y con seguridad.
#MujeresxKast",,,,"lower_bound: 50000, upper_bound: 59999","lower_bound: 100, upper_bound: 199",USD,"{""age"":""25-34"",""gender"":""female"",""percentage"":0.334425},{""age"":""18-24"",""gender"":""female"",""percentage"":0.209633},{""age"":""45-54"",""gender"":""female"",""percentage"":0.215691},{""age"":""35-44"",""gender"":""female"",""percentage"":0.220742},{""age"":""55-64"",""gender"":""female"",""percentage"":0.019508}","{""region"":""Los R\u00edos Region"",""percentage"":0.030957},{""region"":""Arica y Parinacota Region"",""percentage"":0.017202},{""region"":""Valpara\u00edso Region"",""percentage"":0.090072},{""region"":""Ays\u00e9n Region"",""percentage"":0.008175},{""region"":""Antofagasta Region"",""percentage"":0.045805},{""region"":""Araucan\u00eda Region"",""percentage"":0.07945},{""region"":""Atacama Region"",""percentage"":0.021522},{""region"":""B\u00edo B\u00edo Region"",""percentage"":0.137545},{""region"":""Coquimbo Region"",""percentage"":0.041486},{""region"":""O'Higgins Region"",""percentage"":0.063452},{""region"":""Los Lagos Region"",""percentage"":0.066418},{""region"":""Magallanes y la Ant\u00e1rtica Chilena Region"",""percentage"":0.009009},{""region"":""Maule Region"",""percentage"":0.084399},{""region"":""Santiago Metropolitan Region"",""percentage"":0.275349},{""region"":""Tarapac\u00e1 Region"",""percentage"":0.029159}","facebook,instagram","lower_bound: 1000001",es
580350379925278,881095048648989,"José Antonio Kast",2021-12-08,2021-12-08,2021-12-09,"José Antonio Kast Rist","Por las mujeres y su futuro ¡Atrévete!
Casadas, solteras, madres solteras, dueñas de casa, jefas de hogar, profesionales, niñas, jóvenes y adultas mayores- vivan en libertad y con seguridad.
#MujeresxKast",,,,"lower_bound: 15000, upper_bound: 19999","lower_bound: 0, upper_bound: 99",USD,"{""age"":""18-24"",""gender"":""female"",""percentage"":0.311192},{""age"":""55-64"",""gender"":""female"",""percentage"":0.020802},{""age"":""35-44"",""gender"":""female"",""percentage"":0.175037},{""age"":""25-34"",""gender"":""female"",""percentage"":0.289871},{""age"":""45-54"",""gender"":""female"",""percentage"":0.203098}","{""region"":""Los R\u00edos Region"",""percentage"":0.028769},{""region"":""Arica y Parinacota Region"",""percentage"":0.01474},{""region"":""Valpara\u00edso Region"",""percentage"":0.089216},{""region"":""Ays\u00e9n Region"",""percentage"":0.007435},{""region"":""Antofagasta Region"",""percentage"":0.0406},{""region"":""Araucan\u00eda Region"",""percentage"":0.083527},{""region"":""Atacama Region"",""percentage"":0.019912},{""region"":""B\u00edo B\u00edo Region"",""percentage"":0.147724},{""region"":""Coquimbo Region"",""percentage"":0.040988},{""region"":""O'Higgins Region"",""percentage"":0.063809},{""region"":""Los Lagos Region"",""percentage"":0.063809},{""region"":""Magallanes y la Ant\u00e1rtica Chilena Region"",""percentage"":0.009956},{""region"":""Maule Region"",""percentage"":0.084109},{""region"":""Santiago Metropolitan Region"",""percentage"":0.276054},{""region"":""Tarapac\u00e1 Region"",""percentage"":0.029351}","facebook,instagram","lower_bound: 1000001",es
866588850673592,881095048648989,"José Antonio Kast",2021-12-08,2021-12-08,2021-12-10,"José Antonio Kast Rist","Por las mujeres y su futuro ¡Atrévete!
Casadas, solteras, madres solteras, dueñas de casa, jefas de hogar, profesionales, niñas, jóvenes y adultas mayores- vivan en libertad y con seguridad.
#MujeresxKast",,,,"lower_bound: 15000, upper_bound: 19999","lower_bound: 0, upper_bound: 99",USD,"{""age"":""55-64"",""gender"":""female"",""percentage"":0.015343},{""age"":""35-44"",""gender"":""female"",""percentage"":0.199405},{""age"":""45-54"",""gender"":""female"",""percentage"":0.165043},{""age"":""18-24"",""gender"":""female"",""percentage"":0.278163},{""age"":""25-34"",""gender"":""female"",""percentage"":0.341987},{""age"":""13-17"",""gender"":""female"",""percentage"":5.8e-5}","{""region"":""Los R\u00edos Region"",""percentage"":0.029237},{""region"":""Arica y Parinacota Region"",""percentage"":0.015147},{""region"":""Valpara\u00edso Region"",""percentage"":0.096988},{""region"":""Ays\u00e9n Region"",""percentage"":0.00775},{""region"":""Antofagasta Region"",""percentage"":0.041332},{""region"":""Araucan\u00eda Region"",""percentage"":0.067927},{""region"":""Atacama Region"",""percentage"":0.021957},{""region"":""B\u00edo B\u00edo Region"",""percentage"":0.133329},{""region"":""Coquimbo Region"",""percentage"":0.041625},{""region"":""O'Higgins Region"",""percentage"":0.05824},{""region"":""Los Lagos Region"",""percentage"":0.062467},{""region"":""Magallanes y la Ant\u00e1rtica Chilena Region"",""percentage"":0.010157},{""region"":""Maule Region"",""percentage"":0.07597},{""region"":""Santiago Metropolitan Region"",""percentage"":0.311748},{""region"":""Tarapac\u00e1 Region"",""percentage"":0.026126}","facebook,instagram","lower_bound: 1000001",es
412927283861080,881095048648989,"José Antonio Kast",2021-12-08,2021-12-09,2021-12-10,"José Antonio Kast Rist","Por las mujeres y su futuro ¡Atrévete!
Casadas, solteras, madres solteras, dueñas de casa, jefas de hogar, profesionales, niñas, jóvenes y adultas mayores- vivan en libertad y con seguridad.
#MujeresxKast",,,,"lower_bound: 1000, upper_bound: 1999","lower_bound: 0, upper_bound: 99",USD,"{""age"":""18-24"",""gender"":""female"",""percentage"":0.256652},{""age"":""25-34"",""gender"":""female"",""percentage"":0.305579},{""age"":""45-54"",""gender"":""female"",""percentage"":0.193133},{""age"":""35-44"",""gender"":""female"",""percentage"":0.224893},{""age"":""55-64"",""gender"":""female"",""percentage"":0.019742}","{""region"":""Los R\u00edos Region"",""percentage"":0.032368},{""region"":""Arica y Parinacota Region"",""percentage"":0.017036},{""region"":""Valpara\u00edso Region"",""percentage"":0.101363},{""region"":""Ays\u00e9n Region"",""percentage"":0.008518},{""region"":""Antofagasta Region"",""percentage"":0.034072},{""region"":""Araucan\u00eda Region"",""percentage"":0.07155},{""region"":""Atacama Region"",""percentage"":0.022998},{""region"":""B\u00edo B\u00edo Region"",""percentage"":0.124361},{""region"":""Coquimbo Region"",""percentage"":0.031516},{""region"":""O'Higgins Region"",""percentage"":0.057922},{""region"":""Los Lagos Region"",""percentage"":0.080068},{""region"":""Magallanes y la Ant\u00e1rtica Chilena Region"",""percentage"":0.007666},{""region"":""Maule Region"",""percentage"":0.096252},{""region"":""Santiago Metropolitan Region"",""percentage"":0.292164},{""region"":""Tarapac\u00e1 Region"",""percentage"":0.022147}","facebook,instagram","lower_bound: 1000001",es
4313100255468560,881095048648989,"José Antonio Kast",2021-12-08,2021-12-08,2021-12-10,"José Antonio Kast Rist","Por las mujeres y su futuro ¡Atrévete!
Casadas, solteras, madres solteras, dueñas de casa, jefas de hogar, profesionales, niñas, jóvenes y adultas mayores- vivan en libertad y con seguridad.
#MujeresxKast",,,,"lower_bound: 4000, upper_bound: 4999","lower_bound: 0, upper_bound: 99",USD,"{""age"":""55-64"",""gender"":""female"",""percentage"":0.019074},{""age"":""25-34"",""gender"":""female"",""percentage"":0.336216},{""age"":""18-24"",""gender"":""female"",""percentage"":0.273143},{""age"":""35-44"",""gender"":""female"",""percentage"":0.194812},{""age"":""45-54"",""gender"":""female"",""percentage"":0.176755}","{""region"":""Los R\u00edos Region"",""percentage"":0.027359},{""region"":""Arica y Parinacota Region"",""percentage"":0.01662},{""region"":""Valpara\u00edso Region"",""percentage"":0.088724},{""region"":""Ays\u00e9n Region"",""percentage"":0.005625},{""region"":""Antofagasta Region"",""percentage"":0.041422},{""region"":""Araucan\u00eda Region"",""percentage"":0.080798},{""region"":""Atacama Region"",""percentage"":0.021478},{""region"":""B\u00edo B\u00edo Region"",""percentage"":0.158527},{""region"":""Coquimbo Region"",""percentage"":0.041422},{""region"":""O'Higgins Region"",""percentage"":0.050882},{""region"":""Los Lagos Region"",""percentage"":0.065968},{""region"":""Magallanes y la Ant\u00e1rtica Chilena Region"",""percentage"":0.009205},{""region"":""Maule Region"",""percentage"":0.071593},{""region"":""Santiago Metropolitan Region"",""percentage"":0.293275},{""region"":""Tarapac\u00e1 Region"",""percentage"":0.027103}","facebook,instagram","lower_bound: 1000001",es
635667360956918,881095048648989,"José Antonio Kast",2021-12-08,2021-12-09,2021-12-09,"José Antonio Kast Rist","Por las mujeres y su futuro ¡Atrévete!
Casadas, solteras, madres solteras, dueñas de casa, jefas de hogar, profesionales, niñas, jóvenes y adultas mayores- vivan en libertad y con seguridad.
#MujeresxKast",,,,"lower_bound: 20000, upper_bound: 24999","lower_bound: 0, upper_bound: 99",USD,"{""age"":""55-64"",""gender"":""female"",""percentage"":0.011327},{""age"":""18-24"",""gender"":""female"",""percentage"":0.39264},{""age"":""25-34"",""gender"":""female"",""percentage"":0.324454},{""age"":""35-44"",""gender"":""female"",""percentage"":0.149534},{""age"":""45-54"",""gender"":""female"",""percentage"":0.121956},{""age"":""13-17"",""gender"":""female"",""percentage"":9.0e-5}","{""region"":""Los R\u00edos Region"",""percentage"":0.026414},{""region"":""Arica y Parinacota Region"",""percentage"":0.013273},{""region"":""Valpara\u00edso Region"",""percentage"":0.086872},{""region"":""Ays\u00e9n Region"",""percentage"":0.00538},{""region"":""Antofagasta Region"",""percentage"":0.036689},{""region"":""Araucan\u00eda Region"",""percentage"":0.07426},{""region"":""Atacama Region"",""percentage"":0.019447},{""region"":""B\u00edo B\u00edo Region"",""percentage"":0.149711},{""region"":""Coquimbo Region"",""percentage"":0.036028},{""region"":""O'Higgins Region"",""percentage"":0.063589},{""region"":""Los Lagos Region"",""percentage"":0.051638},{""region"":""Magallanes y la Ant\u00e1rtica Chilena Region"",""percentage"":0.010848},{""region"":""Maule Region"",""percentage"":0.075142},{""region"":""Santiago Metropolitan Region"",""percentage"":0.325704},{""region"":""Tarapac\u00e1 Region"",""percentage"":0.025003}","facebook,instagram","lower_bound: 1000001",es
299139805450301,881095048648989,"José Antonio Kast",2021-12-08,2021-12-09,2021-12-09,"José Antonio Kast Rist","Por las mujeres y su futuro ¡Atrévete!
Casadas, solteras, madres solteras, dueñas de casa, jefas de hogar, profesionales, niñas, jóvenes y adultas mayores- vivan en libertad y con seguridad.
#MujeresxKast",,,,"lower_bound: 2000, upper_bound: 2999","lower_bound: 0, upper_bound: 99",USD,"{""age"":""45-54"",""gender"":""female"",""percentage"":0.082097},{""age"":""35-44"",""gender"":""female"",""percentage"":0.10633},{""age"":""25-34"",""gender"":""female"",""percentage"":0.306627},{""age"":""18-24"",""gender"":""female"",""percentage"":0.497033},{""age"":""55-64"",""gender"":""female"",""percentage"":0.007913}","{""region"":""Los R\u00edos Region"",""percentage"":0.02474},{""region"":""Arica y Parinacota Region"",""percentage"":0.014844},{""region"":""Valpara\u00edso Region"",""percentage"":0.088075},{""region"":""Ays\u00e9n Region"",""percentage"":0.005443},{""region"":""Antofagasta Region"",""percentage"":0.037605},{""region"":""Araucan\u00eda Region"",""percentage"":0.071747},{""region"":""Atacama Region"",""percentage"":0.015339},{""region"":""B\u00edo B\u00edo Region"",""percentage"":0.147452},{""region"":""Coquimbo Region"",""percentage"":0.028699},{""region"":""O'Higgins Region"",""percentage"":0.057397},{""region"":""Los Lagos Region"",""percentage"":0.055418},{""region"":""Magallanes y la Ant\u00e1rtica Chilena Region"",""percentage"":0.007917},{""region"":""Maule Region"",""percentage"":0.057397},{""region"":""Santiago Metropolitan Region"",""percentage"":0.362692},{""region"":""Tarapac\u00e1 Region"",""percentage"":0.025235}","facebook,instagram","lower_bound: 1000001",es
593358755058242,881095048648989,"José Antonio Kast",2021-12-08,2021-12-08,2021-12-08,"José Antonio Kast Rist","Por el futuro de todas las mujeres, para que cada una de ellas; solteras, casadas, madres solteras, dueñas de casa, profesionales, niñas, jóvenes y adultas mayores, se sientan seguras y en libertad. Por el futuro de las mujeres ¡Atrévete!",,,,"lower_bound: 100000, upper_bound: 124999","lower_bound: 600, upper_bound: 699",USD,"{""age"":""55-64"",""gender"":""female"",""percentage"":0.014932},{""age"":""45-54"",""gender"":""female"",""percentage"":0.166533},{""age"":""35-44"",""gender"":""female"",""percentage"":0.198461},{""age"":""25-34"",""gender"":""female"",""percentage"":0.331912},{""age"":""18-24"",""gender"":""female"",""percentage"":0.288162}","{""region"":""Los R\u00edos Region"",""percentage"":0.026255},{""region"":""Arica y Parinacota Region"",""percentage"":0.016381},{""region"":""Valpara\u00edso Region"",""percentage"":0.08867},{""region"":""Ays\u00e9n Region"",""percentage"":0.006583},{""region"":""Antofagasta Region"",""percentage"":0.042955},{""region"":""Araucan\u00eda Region"",""percentage"":0.06074},{""region"":""Atacama Region"",""percentage"":0.019556},{""region"":""B\u00edo B\u00edo Region"",""percentage"":0.129099},{""region"":""Coquimbo Region"",""percentage"":0.039238},{""region"":""O'Higgins Region"",""percentage"":0.055531},{""region"":""Los Lagos Region"",""percentage"":0.060943},{""region"":""Magallanes y la Ant\u00e1rtica Chilena Region"",""percentage"":0.009139},{""region"":""Maule Region"",""percentage"":0.077943},{""region"":""Santiago Metropolitan Region"",""percentage"":0.340575},{""region"":""Tarapac\u00e1 Region"",""percentage"":0.026391}","facebook,instagram","lower_bound: 1000001",es
1272987279847448,881095048648989,"José Antonio Kast",2021-12-08,2021-12-08,2021-12-10,"José Antonio Kast Rist","Quiero confesar que nos equivocamos en cómo lo planteamos. No eliminaremos el Ministerio de la Mujer en caso de llegar al Gobierno y pido perdón a quienes pudieron haberse sentido ofendidas con lo que proponía nuestro programa de primera vuelta.",,,,"lower_bound: 500000, upper_bound: 599999","lower_bound: 1500, upper_bound: 1999",USD,"{""age"":""25-34"",""gender"":""female"",""percentage"":0.299498},{""age"":""35-44"",""gender"":""female"",""percentage"":0.21767},{""age"":""18-24"",""gender"":""female"",""percentage"":0.233786},{""age"":""45-54"",""gender"":""female"",""percentage"":0.22574},{""age"":""55-64"",""gender"":""female"",""percentage"":0.023278},{""age"":""13-17"",""gender"":""female"",""percentage"":2.9e-5}","{""region"":""Los R\u00edos Region"",""percentage"":0.027405},{""region"":""Arica y Parinacota Region"",""percentage"":0.016227},{""region"":""Valpara\u00edso Region"",""percentage"":0.087379},{""region"":""Ays\u00e9n Region"",""percentage"":0.006632},{""region"":""Antofagasta Region"",""percentage"":0.03972},{""region"":""Araucan\u00eda Region"",""percentage"":0.07372},{""region"":""Atacama Region"",""percentage"":0.019955},{""region"":""B\u00edo B\u00edo Region"",""percentage"":0.137896},{""region"":""Coquimbo Region"",""percentage"":0.040111},{""region"":""O'Higgins Region"",""percentage"":0.057337},{""region"":""Los Lagos Region"",""percentage"":0.066524},{""region"":""Magallanes y la Ant\u00e1rtica Chilena Region"",""percentage"":0.009177},{""region"":""Maule Region"",""percentage"":0.07833},{""region"":""Santiago Metropolitan Region"",""percentage"":0.314291},{""region"":""Tarapac\u00e1 Region"",""percentage"":0.025295}","facebook,instagram","lower_bound: 1000001",es
198003955775307,881095048648989,"José Antonio Kast",2021-12-07,2021-12-08,2021-12-10,"José Antonio Kast Rist","Dejé de ser el presidente del partido, para convertirme en el presidente de Chile. Por un futuro diferente, seguiremos defendiendo la libertad, la paz y el progreso de nuestro país. 

¡Gracias Antofagasta! Por los miles de chilenos que levantaron la bandera, cantaron y bailaron por un Chile en libertad. 

Las verdaderas urgencias sociales las trabajaremos todos juntos. 🇨🇱",,,,"lower_bound: 10000, upper_bound: 14999","lower_bound: 0, upper_bound: 99",USD,"{""age"":""55-64"",""gender"":""unknown"",""percentage"":0.000931},{""age"":""35-44"",""gender"":""male"",""percentage"":0.118304},{""age"":""45-54"",""gender"":""unknown"",""percentage"":0.001862},{""age"":""25-34"",""gender"":""unknown"",""percentage"":0.001862},{""age"":""45-54"",""gender"":""male"",""percentage"":0.055006},{""age"":""65+"",""gender"":""female"",""percentage"":0.028434},{""age"":""18-24"",""gender"":""male"",""percentage"":0.043412},{""age"":""45-54"",""gender"":""female"",""percentage"":0.085978},{""age"":""55-64"",""gender"":""female"",""percentage"":0.051028},{""age"":""65+"",""gender"":""unknown"",""percentage"":0.000423},{""age"":""18-24"",""gender"":""female"",""percentage"":0.026572},{""age"":""35-44"",""gender"":""female"",""percentage"":0.146822},{""age"":""65+"",""gender"":""male"",""percentage"":0.023018},{""age"":""55-64"",""gender"":""male"",""percentage"":0.030718},{""age"":""25-34"",""gender"":""male"",""percentage"":0.195481},{""age"":""25-34"",""gender"":""female"",""percentage"":0.186426},{""age"":""35-44"",""gender"":""unknown"",""percentage"":0.003639},{""age"":""18-24"",""gender"":""unknown"",""percentage"":8.5e-5}","{""region"":""Arica y Parinacota Region"",""percentage"":0.12701},{""region"":""Antofagasta Region"",""percentage"":0.480369},{""region"":""Atacama Region"",""percentage"":0.154425},{""region"":""Tarapac\u00e1 Region"",""percentage"":0.238196}","facebook,instagram","lower_bound: 100001, upper_bound: 500000",es
637565317276126,881095048648989,"José Antonio Kast",2021-12-07,2021-12-08,2021-12-10,"José Antonio Kast Rist","A Chile se entra por la puerta, no por las ventanas. Nuestro compromiso de Gobierno es tolerancia cero con la migración ilegal.  #PorElFuturoDeLaFrontera",,,,"lower_bound: 80000, upper_bound: 89999","lower_bound: 500, upper_bound: 599",USD,"{""age"":""18-24"",""gender"":""unknown"",""percentage"":0.000316},{""age"":""35-44"",""gender"":""female"",""percentage"":0.141214},{""age"":""65+"",""gender"":""unknown"",""percentage"":0.000464},{""age"":""25-34"",""gender"":""unknown"",""percentage"":0.001751},{""age"":""35-44"",""gender"":""unknown"",""percentage"":0.003777},{""age"":""65+"",""gender"":""female"",""percentage"":0.017744},{""age"":""45-54"",""gender"":""male"",""percentage"":0.065997},{""age"":""65+"",""gender"":""male"",""percentage"":0.020825},{""age"":""18-24"",""gender"":""male"",""percentage"":0.044962},{""age"":""55-64"",""gender"":""unknown"",""percentage"":0.000717},{""age"":""55-64"",""gender"":""male"",""percentage"":0.031353},{""age"":""45-54"",""gender"":""female"",""percentage"":0.070892},{""age"":""25-34"",""gender"":""female"",""percentage"":0.173918},{""age"":""18-24"",""gender"":""female"",""percentage"":0.024833},{""age"":""25-34"",""gender"":""male"",""percentage"":0.212761},{""age"":""35-44"",""gender"":""male"",""percentage"":0.150392},{""age"":""55-64"",""gender"":""female"",""percentage"":0.035889},{""age"":""45-54"",""gender"":""unknown"",""percentage"":0.002194}","{""region"":""Arica y Parinacota Region"",""percentage"":0.127944},{""region"":""Antofagasta Region"",""percentage"":0.458425},{""region"":""Atacama Region"",""percentage"":0.166719},{""region"":""Tarapac\u00e1 Region"",""percentage"":0.246912}","facebook,instagram","lower_bound: 100001, upper_bound: 500000",es
615444899583771,881095048648989,"José Antonio Kast",2021-12-07,2021-12-08,2021-12-09,"José Antonio Kast Rist","Comprometidos con la democracia. Nos reunimos con Leopoldo López, para transmitir un mensaje de libertad y esperanza ¡Atrévete por un futuro en paz, libertad y progreso!","No queremos más Dictaduras",,,"lower_bound: 45000, upper_bound: 49999","lower_bound: 400, upper_bound: 499",USD,"{""age"":""55-64"",""gender"":""unknown"",""percentage"":0.000261},{""age"":""18-24"",""gender"":""unknown"",""percentage"":0.000404},{""age"":""25-34"",""gender"":""unknown"",""percentage"":0.002896},{""age"":""45-54"",""gender"":""male"",""percentage"":0.1016},{""age"":""45-54"",""gender"":""female"",""percentage"":0.124721},{""age"":""35-44"",""gender"":""female"",""percentage"":0.192328},{""age"":""25-34"",""gender"":""male"",""percentage"":0.169325},{""age"":""35-44"",""gender"":""male"",""percentage"":0.156625},{""age"":""18-24"",""gender"":""male"",""percentage"":0.01619},{""age"":""18-24"",""gender"":""female"",""percentage"":0.012035},{""age"":""25-34"",""gender"":""female"",""percentage"":0.191782},{""age"":""55-64"",""gender"":""male"",""percentage"":0.008973},{""age"":""35-44"",""gender"":""unknown"",""percentage"":0.00743},{""age"":""55-64"",""gender"":""female"",""percentage"":0.010041},{""age"":""45-54"",""gender"":""unknown"",""percentage"":0.005389}","{""region"":""Los R\u00edos Region"",""percentage"":0.020266},{""region"":""Arica y Parinacota Region"",""percentage"":0.009207},{""region"":""Valpara\u00edso Region"",""percentage"":0.098252},{""region"":""Ays\u00e9n Region"",""percentage"":0.004976},{""region"":""Antofagasta Region"",""percentage"":0.039089},{""region"":""Araucan\u00eda Region"",""percentage"":0.055629},{""region"":""Atacama Region"",""percentage"":0.012645},{""region"":""B\u00edo B\u00edo Region"",""percentage"":0.111378},{""region"":""Coquimbo Region"",""percentage"":0.029329},{""region"":""O'Higgins Region"",""percentage"":0.04671},{""region"":""Los Lagos Region"",""percentage"":0.047263},{""region"":""Magallanes y la Ant\u00e1rtica Chilena Region"",""percentage"":0.010578},{""region"":""Maule Region"",""percentage"":0.05046},{""region"":""Santiago Metropolitan Region"",""percentage"":0.446042},{""region"":""Tarapac\u00e1 Region"",""percentage"":0.018174}","facebook,instagram","lower_bound: 1000001",es
443005577216438,881095048648989,"José Antonio Kast",2021-12-07,2021-12-08,2021-12-09,"José Antonio Kast Rist","A Chile se entra por la puerta, no por las ventanas. Nuestro compromiso de Gobierno es tolerancia cero con la migración ilegal.  #PorElFuturoDeLaFrontera",,,,"lower_bound: 40000, upper_bound: 44999","lower_bound: 300, upper_bound: 399",USD,"{""age"":""55-64"",""gender"":""male"",""percentage"":0.009324},{""age"":""18-24"",""gender"":""female"",""percentage"":0.023575},{""age"":""45-54"",""gender"":""unknown"",""percentage"":0.003973},{""age"":""18-24"",""gender"":""male"",""percentage"":0.039415},{""age"":""25-34"",""gender"":""female"",""percentage"":0.175646},{""age"":""25-34"",""gender"":""male"",""percentage"":0.225895},{""age"":""35-44"",""gender"":""female"",""percentage"":0.133768},{""age"":""45-54"",""gender"":""male"",""percentage"":0.117318},{""age"":""45-54"",""gender"":""female"",""percentage"":0.091624},{""age"":""35-44"",""gender"":""male"",""percentage"":0.162746},{""age"":""55-64"",""gender"":""female"",""percentage"":0.007894},{""age"":""35-44"",""gender"":""unknown"",""percentage"":0.005165},{""age"":""25-34"",""gender"":""unknown"",""percentage"":0.002914},{""age"":""18-24"",""gender"":""unknown"",""percentage"":0.000556},{""age"":""55-64"",""gender"":""unknown"",""percentage"":0.000185}","{""region"":""Los R\u00edos Region"",""percentage"":0.021524},{""region"":""Arica y Parinacota Region"",""percentage"":0.008995},{""region"":""Valpara\u00edso Region"",""percentage"":0.101633},{""region"":""Ays\u00e9n Region"",""percentage"":0.005038},{""region"":""Antofagasta Region"",""percentage"":0.036427},{""region"":""Araucan\u00eda Region"",""percentage"":0.060721},{""region"":""Atacama Region"",""percentage"":0.012239},{""region"":""B\u00edo B\u00edo Region"",""percentage"":0.109889},{""region"":""Coquimbo Region"",""percentage"":0.02738},{""region"":""O'Higgins Region"",""percentage"":0.049643},{""region"":""Los Lagos Region"",""percentage"":0.048957},{""region"":""Magallanes y la Ant\u00e1rtica Chilena Region"",""percentage"":0.012661},{""region"":""Maule Region"",""percentage"":0.056105},{""region"":""Santiago Metropolitan Region"",""percentage"":0.432645},{""region"":""Tarapac\u00e1 Region"",""percentage"":0.016143}","facebook,instagram","lower_bound: 1000001",es
228738152602550,881095048648989,"José Antonio Kast",2021-12-07,2021-12-07,2021-12-09,"José Antonio Kast Rist","Hoy Chile está en guerra. Pero no entre mapuches y chilenos, sino entre los terroristas y aquellos que queremos paz. #PorElFuturoDeLaAraucania",,,,"lower_bound: 125000, upper_bound: 149999","lower_bound: 1000, upper_bound: 1499",USD,"{""age"":""35-44"",""gender"":""unknown"",""percentage"":0.005122},{""age"":""25-34"",""gender"":""unknown"",""percentage"":0.001206},{""age"":""25-34"",""gender"":""female"",""percentage"":0.175701},{""age"":""45-54"",""gender"":""male"",""percentage"":0.083463},{""age"":""45-54"",""gender"":""female"",""percentage"":0.132179},{""age"":""25-34"",""gender"":""male"",""percentage"":0.074496},{""age"":""35-44"",""gender"":""male"",""percentage"":0.115427},{""age"":""35-44"",""gender"":""female"",""percentage"":0.19206},{""age"":""55-64"",""gender"":""female"",""percentage"":0.091451},{""age"":""55-64"",""gender"":""male"",""percentage"":0.054161},{""age"":""65+"",""gender"":""female"",""percentage"":0.042149},{""age"":""65+"",""gender"":""male"",""percentage"":0.025504},{""age"":""65+"",""gender"":""unknown"",""percentage"":0.000931},{""age"":""55-64"",""gender"":""unknown"",""percentage"":0.002197},{""age"":""45-54"",""gender"":""unknown"",""percentage"":0.003952}","{""region"":""Los R\u00edos Region"",""percentage"":0.108573},{""region"":""Araucan\u00eda Region"",""percentage"":0.152496},{""region"":""B\u00edo B\u00edo Region"",""percentage"":0.158598},{""region"":""O'Higgins Region"",""percentage"":0.287239},{""region"":""Los Lagos Region"",""percentage"":0.205554},{""region"":""Maule Region"",""percentage"":0.08754}","facebook,instagram","lower_bound: 100001, upper_bound: 500000",es
677222733260531,881095048648989,"José Antonio Kast",2021-12-07,2021-12-08,2021-12-08,"José Antonio Kast Rist","Por el futuro de todas las mujeres, para que cada una de ellas; solteras, casadas, madres solteras, dueñas de casa, profesionales, niñas, jóvenes y adultas mayores, se sientan seguras y en libertad. Por el futuro de las mujeres ¡Atrévete!",,,,"lower_bound: 15000, upper_bound: 19999","lower_bound: 200, upper_bound: 299",USD,"{""age"":""25-34"",""gender"":""female"",""percentage"":0.440439},{""age"":""18-24"",""gender"":""female"",""percentage"":0.065079},{""age"":""35-44"",""gender"":""female"",""percentage"":0.321497},{""age"":""45-54"",""gender"":""female"",""percentage"":0.163448},{""age"":""55-64"",""gender"":""female"",""percentage"":0.009537}","{""region"":""Los R\u00edos Region"",""percentage"":0.017726},{""region"":""Arica y Parinacota Region"",""percentage"":0.014312},{""region"":""Valpara\u00edso Region"",""percentage"":0.105994},{""region"":""Ays\u00e9n Region"",""percentage"":0.007126},{""region"":""Antofagasta Region"",""percentage"":0.044374},{""region"":""Araucan\u00eda Region"",""percentage"":0.038745},{""region"":""Atacama Region"",""percentage"":0.01557},{""region"":""B\u00edo B\u00edo Region"",""percentage"":0.095275},{""region"":""Coquimbo Region"",""percentage"":0.029642},{""region"":""O'Higgins Region"",""percentage"":0.042338},{""region"":""Los Lagos Region"",""percentage"":0.040661},{""region"":""Magallanes y la Ant\u00e1rtica Chilena Region"",""percentage"":0.011917},{""region"":""Maule Region"",""percentage"":0.044973},{""region"":""Santiago Metropolitan Region"",""percentage"":0.469489},{""region"":""Tarapac\u00e1 Region"",""percentage"":0.021858}","facebook,instagram","lower_bound: 500001, upper_bound: 1000000",es
419794813154915,881095048648989,"José Antonio Kast",2021-12-07,2021-12-07,2021-12-09,"José Antonio Kast Rist","Por un futuro diferente, con José Antonio Kast Presidente 

Con libertad, paz, orden y progreso, y para ese futuro esplendor alcanzar ¡Atrévete por el Futuro de Chile! #TranquiloTodoVaEstarBien""",,,,"lower_bound: 20000, upper_bound: 24999","lower_bound: 100, upper_bound: 199",USD,"{""age"":""45-54"",""gender"":""unknown"",""percentage"":0.003794},{""age"":""55-64"",""gender"":""male"",""percentage"":0.006686},{""age"":""18-24"",""gender"":""female"",""percentage"":0.024659},{""age"":""35-44"",""gender"":""female"",""percentage"":0.150465},{""age"":""25-34"",""gender"":""male"",""percentage"":0.22482},{""age"":""35-44"",""gender"":""male"",""percentage"":0.157815},{""age"":""45-54"",""gender"":""male"",""percentage"":0.08953},{""age"":""45-54"",""gender"":""female"",""percentage"":0.087822},{""age"":""35-44"",""gender"":""unknown"",""percentage"":0.005785},{""age"":""25-34"",""gender"":""female"",""percentage"":0.182521},{""age"":""18-24"",""gender"":""male"",""percentage"":0.05496},{""age"":""25-34"",""gender"":""unknown"",""percentage"":0.003414},{""age"":""55-64"",""gender"":""female"",""percentage"":0.006734},{""age"":""18-24"",""gender"":""unknown"",""percentage"":0.000616},{""age"":""55-64"",""gender"":""unknown"",""percentage"":0.000379}","{""region"":""Los R\u00edos Region"",""percentage"":0.021474},{""region"":""Arica y Parinacota Region"",""percentage"":0.009155},{""region"":""Valpara\u00edso Region"",""percentage"":0.093567},{""region"":""Ays\u00e9n Region"",""percentage"":0.005225},{""region"":""Antofagasta Region"",""percentage"":0.039641},{""region"":""Araucan\u00eda Region"",""percentage"":0.067491},{""region"":""Atacama Region"",""percentage"":0.013374},{""region"":""B\u00edo B\u00edo Region"",""percentage"":0.110728},{""region"":""Coquimbo Region"",""percentage"":0.032116},{""region"":""O'Higgins Region"",""percentage"":0.049132},{""region"":""Los Lagos Region"",""percentage"":0.053255},{""region"":""Magallanes y la Ant\u00e1rtica Chilena Region"",""percentage"":0.013709},{""region"":""Maule Region"",""percentage"":0.05057},{""region"":""Santiago Metropolitan Region"",""percentage"":0.422826},{""region"":""Tarapac\u00e1 Region"",""percentage"":0.017736}","facebook,instagram","lower_bound: 1000001",es
602885257706949,881095048648989,"José Antonio Kast",2021-12-07,2021-12-07,2021-12-09,"José Antonio Kast Rist","Por un futuro diferente. ¡Atrévete! #KastPresidente ✌🏼",,,,"lower_bound: 40000, upper_bound: 44999","lower_bound: 200, upper_bound: 299",USD,"{""age"":""65+"",""gender"":""unknown"",""percentage"":0.000834},{""age"":""45-54"",""gender"":""unknown"",""percentage"":0.003892},{""age"":""25-34"",""gender"":""unknown"",""percentage"":0.001359},{""age"":""35-44"",""gender"":""male"",""percentage"":0.101337},{""age"":""55-64"",""gender"":""male"",""percentage"":0.044939},{""age"":""65+"",""gender"":""male"",""percentage"":0.021806},{""age"":""45-54"",""gender"":""male"",""percentage"":0.06659},{""age"":""35-44"",""gender"":""female"",""percentage"":0.214473},{""age"":""45-54"",""gender"":""female"",""percentage"":0.13525},{""age"":""25-34"",""gender"":""male"",""percentage"":0.079933},{""age"":""55-64"",""gender"":""female"",""percentage"":0.081539},{""age"":""25-34"",""gender"":""female"",""percentage"":0.208111},{""age"":""65+"",""gender"":""female"",""percentage"":0.033542},{""age"":""35-44"",""gender"":""unknown"",""percentage"":0.004787},{""age"":""55-64"",""gender"":""unknown"",""percentage"":0.001606}","{""region"":""Los R\u00edos Region"",""percentage"":0.114318},{""region"":""Araucan\u00eda Region"",""percentage"":0.148663},{""region"":""B\u00edo B\u00edo Region"",""percentage"":0.16194},{""region"":""O'Higgins Region"",""percentage"":0.287322},{""region"":""Los Lagos Region"",""percentage"":0.204856},{""region"":""Maule Region"",""percentage"":0.082902}","facebook,instagram","lower_bound: 100001, upper_bound: 500000",es
401494621770626,881095048648989,"José Antonio Kast",2021-12-07,2021-12-07,2021-12-10,"José Antonio Kast Rist","Por un futuro diferente. ¡Atrévete! #KastPresidente ✌🏼",,,,"lower_bound: 15000, upper_bound: 19999","lower_bound: 0, upper_bound: 99",USD,"{""age"":""18-24"",""gender"":""unknown"",""percentage"":0.000944},{""age"":""18-24"",""gender"":""female"",""percentage"":0.025231},{""age"":""45-54"",""gender"":""unknown"",""percentage"":0.007739},{""age"":""35-44"",""gender"":""unknown"",""percentage"":0.01013},{""age"":""25-34"",""gender"":""male"",""percentage"":0.272573},{""age"":""55-64"",""gender"":""male"",""percentage"":0.004782},{""age"":""35-44"",""gender"":""male"",""percentage"":0.135909},{""age"":""35-44"",""gender"":""female"",""percentage"":0.129365},{""age"":""45-54"",""gender"":""female"",""percentage"":0.092997},{""age"":""18-24"",""gender"":""male"",""percentage"":0.07582},{""age"":""25-34"",""gender"":""unknown"",""percentage"":0.007362},{""age"":""25-34"",""gender"":""female"",""percentage"":0.165482},{""age"":""45-54"",""gender"":""male"",""percentage"":0.062921},{""age"":""55-64"",""gender"":""female"",""percentage"":0.008368},{""age"":""55-64"",""gender"":""unknown"",""percentage"":0.000378}","{""region"":""Los R\u00edos Region"",""percentage"":0.017783},{""region"":""Arica y Parinacota Region"",""percentage"":0.008295},{""region"":""Valpara\u00edso Region"",""percentage"":0.097776},{""region"":""Ays\u00e9n Region"",""percentage"":0.004776},{""region"":""Antofagasta Region"",""percentage"":0.031293},{""region"":""Araucan\u00eda Region"",""percentage"":0.064597},{""region"":""Atacama Region"",""percentage"":0.010243},{""region"":""B\u00edo B\u00edo Region"",""percentage"":0.122345},{""region"":""Coquimbo Region"",""percentage"":0.025889},{""region"":""O'Higgins Region"",""percentage"":0.044112},{""region"":""Los Lagos Region"",""percentage"":0.041599},{""region"":""Magallanes y la Ant\u00e1rtica Chilena Region"",""percentage"":0.01307},{""region"":""Maule Region"",""percentage"":0.064346},{""region"":""Santiago Metropolitan Region"",""percentage"":0.437414},{""region"":""Tarapac\u00e1 Region"",""percentage"":0.016463}","facebook,instagram","lower_bound: 1000001",es
628845528550674,881095048648989,"José Antonio Kast",2021-12-07,2021-12-07,2021-12-09,"José Antonio Kast Rist","Por un futuro diferente. ¡Atrévete! #KastPresidente ✌🏼",,,,"lower_bound: 20000, upper_bound: 24999","lower_bound: 0, upper_bound: 99",USD,"{""age"":""25-34"",""gender"":""unknown"",""percentage"":0.002873},{""age"":""35-44"",""gender"":""male"",""percentage"":0.091933},{""age"":""55-64"",""gender"":""male"",""percentage"":0.036278},{""age"":""65+"",""gender"":""female"",""percentage"":0.037404},{""age"":""18-24"",""gender"":""female"",""percentage"":0.04822},{""age"":""45-54"",""gender"":""male"",""percentage"":0.038982},{""age"":""45-54"",""gender"":""female"",""percentage"":0.052726},{""age"":""25-34"",""gender"":""male"",""percentage"":0.257323},{""age"":""25-34"",""gender"":""female"",""percentage"":0.168601},{""age"":""65+"",""gender"":""unknown"",""percentage"":0.00107},{""age"":""18-24"",""gender"":""male"",""percentage"":0.091088},{""age"":""35-44"",""gender"":""female"",""percentage"":0.086018},{""age"":""65+"",""gender"":""male"",""percentage"":0.027265},{""age"":""55-64"",""gender"":""female"",""percentage"":0.051318},{""age"":""35-44"",""gender"":""unknown"",""percentage"":0.004563},{""age"":""55-64"",""gender"":""unknown"",""percentage"":0.001352},{""age"":""18-24"",""gender"":""unknown"",""percentage"":0.000676},{""age"":""45-54"",""gender"":""unknown"",""percentage"":0.00231}","{""region"":""Los R\u00edos Region"",""percentage"":0.028072},{""region"":""Arica y Parinacota Region"",""percentage"":0.012458},{""region"":""Valpara\u00edso Region"",""percentage"":0.096618},{""region"":""Ays\u00e9n Region"",""percentage"":0.008737},{""region"":""Antofagasta Region"",""percentage"":0.035682},{""region"":""Araucan\u00eda Region"",""percentage"":0.098309},{""region"":""Atacama Region"",""percentage"":0.01257},{""region"":""B\u00edo B\u00edo Region"",""percentage"":0.16522},{""region"":""Coquimbo Region"",""percentage"":0.030383},{""region"":""O'Higgins Region"",""percentage"":0.04425},{""region"":""Los Lagos Region"",""percentage"":0.060485},{""region"":""Magallanes y la Ant\u00e1rtica Chilena Region"",""percentage"":0.017249},{""region"":""Maule Region"",""percentage"":0.074352},{""region"":""Santiago Metropolitan Region"",""percentage"":0.296674},{""region"":""Tarapac\u00e1 Region"",""percentage"":0.01894}","facebook,instagram","lower_bound: 1000001",es
6721079367934571,881095048648989,"José Antonio Kast",2021-12-07,2021-12-08,2021-12-10,"José Antonio Kast Rist","Quiero confesar que nos equivocamos en cómo lo planteamos. No eliminaremos el Ministerio de la Mujer en caso de llegar al Gobierno y pido perdón a quienes pudieron haberse sentido ofendidas con lo que proponía nuestro programa de primera vuelta.",,,,"lower_bound: 35000, upper_bound: 39999","lower_bound: 300, upper_bound: 399",USD,"{""age"":""25-34"",""gender"":""unknown"",""percentage"":0.004017},{""age"":""35-44"",""gender"":""unknown"",""percentage"":0.006649},{""age"":""55-64"",""gender"":""male"",""percentage"":0.00579},{""age"":""18-24"",""gender"":""male"",""percentage"":0.02219},{""age"":""25-34"",""gender"":""female"",""percentage"":0.26221},{""age"":""18-24"",""gender"":""female"",""percentage"":0.023908},{""age"":""45-54"",""gender"":""female"",""percentage"":0.112392},{""age"":""35-44"",""gender"":""male"",""percentage"":0.125911},{""age"":""45-54"",""gender"":""male"",""percentage"":0.06682},{""age"":""45-54"",""gender"":""unknown"",""percentage"":0.004682},{""age"":""35-44"",""gender"":""female"",""percentage"":0.188049},{""age"":""25-34"",""gender"":""male"",""percentage"":0.167632},{""age"":""55-64"",""gender"":""female"",""percentage"":0.008976},{""age"":""55-64"",""gender"":""unknown"",""percentage"":0.000277},{""age"":""18-24"",""gender"":""unknown"",""percentage"":0.000499}","{""region"":""Los R\u00edos Region"",""percentage"":0.01864},{""region"":""Arica y Parinacota Region"",""percentage"":0.00861},{""region"":""Valpara\u00edso Region"",""percentage"":0.0983},{""region"":""Ays\u00e9n Region"",""percentage"":0.005155},{""region"":""Antofagasta Region"",""percentage"":0.035274},{""region"":""Araucan\u00eda Region"",""percentage"":0.058958},{""region"":""Atacama Region"",""percentage"":0.013541},{""region"":""B\u00edo B\u00edo Region"",""percentage"":0.116662},{""region"":""Coquimbo Region"",""percentage"":0.02803},{""region"":""O'Higgins Region"",""percentage"":0.049122},{""region"":""Los Lagos Region"",""percentage"":0.049568},{""region"":""Magallanes y la Ant\u00e1rtica Chilena Region"",""percentage"":0.010755},{""region"":""Maule Region"",""percentage"":0.05085},{""region"":""Santiago Metropolitan Region"",""percentage"":0.439342},{""region"":""Tarapac\u00e1 Region"",""percentage"":0.017191}","facebook,instagram","lower_bound: 1000001",es
427932642322965,881095048648989,"José Antonio Kast",2021-12-07,2021-12-07,2021-12-09,"José Antonio Kast Rist","Esta es la silla vacía que deja la izquierda al no querer debatir. Los chilenos merecen conocer los proyectos de país al que se enfrentan este 19 de diciembre. 
Gabriel, ¿Cuando debatimos?",,,,"lower_bound: 350000, upper_bound: 399999","lower_bound: 2500, upper_bound: 2999",USD,"{""age"":""45-54"",""gender"":""unknown"",""percentage"":0.005022},{""age"":""35-44"",""gender"":""unknown"",""percentage"":0.007357},{""age"":""18-24"",""gender"":""female"",""percentage"":0.019589},{""age"":""25-34"",""gender"":""unknown"",""percentage"":0.00327},{""age"":""55-64"",""gender"":""female"",""percentage"":0.006456},{""age"":""55-64"",""gender"":""male"",""percentage"":0.007856},{""age"":""25-34"",""gender"":""female"",""percentage"":0.149937},{""age"":""18-24"",""gender"":""male"",""percentage"":0.055116},{""age"":""35-44"",""gender"":""female"",""percentage"":0.137005},{""age"":""45-54"",""gender"":""male"",""percentage"":0.106369},{""age"":""35-44"",""gender"":""male"",""percentage"":0.180361},{""age"":""45-54"",""gender"":""female"",""percentage"":0.082773},{""age"":""25-34"",""gender"":""male"",""percentage"":0.237843},{""age"":""55-64"",""gender"":""unknown"",""percentage"":0.000362},{""age"":""18-24"",""gender"":""unknown"",""percentage"":0.000683}","{""region"":""Los R\u00edos Region"",""percentage"":0.02247},{""region"":""Arica y Parinacota Region"",""percentage"":0.010756},{""region"":""Valpara\u00edso Region"",""percentage"":0.097235},{""region"":""Ays\u00e9n Region"",""percentage"":0.005981},{""region"":""Antofagasta Region"",""percentage"":0.041939},{""region"":""Araucan\u00eda Region"",""percentage"":0.069024},{""region"":""Atacama Region"",""percentage"":0.014372},{""region"":""B\u00edo B\u00edo Region"",""percentage"":0.11707},{""region"":""Coquimbo Region"",""percentage"":0.033737},{""region"":""O'Higgins Region"",""percentage"":0.050955},{""region"":""Los Lagos Region"",""percentage"":0.055867},{""region"":""Magallanes y la Ant\u00e1rtica Chilena Region"",""percentage"":0.014309},{""region"":""Maule Region"",""percentage"":0.055476},{""region"":""Santiago Metropolitan Region"",""percentage"":0.390398},{""region"":""Tarapac\u00e1 Region"",""percentage"":0.02041}","facebook,instagram","lower_bound: 1000001",es
2020653244775360,881095048648989,"José Antonio Kast",2021-12-07,2021-12-07,2021-12-10,"José Antonio Kast Rist","Porque Chile tiene un futuro diferente con José Antonio Kast presidente ✌🏼😎",,,,"lower_bound: 175000, upper_bound: 199999","lower_bound: 1500, upper_bound: 1999",USD,"{""age"":""55-64"",""gender"":""unknown"",""percentage"":0.000338},{""age"":""35-44"",""gender"":""unknown"",""percentage"":0.007715},{""age"":""45-54"",""gender"":""unknown"",""percentage"":0.005286},{""age"":""18-24"",""gender"":""female"",""percentage"":0.01426},{""age"":""45-54"",""gender"":""female"",""percentage"":0.055716},{""age"":""25-34"",""gender"":""unknown"",""percentage"":0.003046},{""age"":""35-44"",""gender"":""female"",""percentage"":0.09666},{""age"":""55-64"",""gender"":""male"",""percentage"":0.009487},{""age"":""25-34"",""gender"":""female"",""percentage"":0.09803},{""age"":""18-24"",""gender"":""male"",""percentage"":0.057242},{""age"":""18-24"",""gender"":""unknown"",""percentage"":0.000773},{""age"":""45-54"",""gender"":""male"",""percentage"":0.137791},{""age"":""25-34"",""gender"":""male"",""percentage"":0.276608},{""age"":""35-44"",""gender"":""male"",""percentage"":0.23271},{""age"":""55-64"",""gender"":""female"",""percentage"":0.004338}","{""region"":""Los R\u00edos Region"",""percentage"":0.022087},{""region"":""Arica y Parinacota Region"",""percentage"":0.012689},{""region"":""Valpara\u00edso Region"",""percentage"":0.096601},{""region"":""Ays\u00e9n Region"",""percentage"":0.006822},{""region"":""Antofagasta Region"",""percentage"":0.044287},{""region"":""Araucan\u00eda Region"",""percentage"":0.06497},{""region"":""Atacama Region"",""percentage"":0.015133},{""region"":""B\u00edo B\u00edo Region"",""percentage"":0.113164},{""region"":""Coquimbo Region"",""percentage"":0.031843},{""region"":""O'Higgins Region"",""percentage"":0.04828},{""region"":""Los Lagos Region"",""percentage"":0.055486},{""region"":""Magallanes y la Ant\u00e1rtica Chilena Region"",""percentage"":0.015299},{""region"":""Maule Region"",""percentage"":0.053095},{""region"":""Santiago Metropolitan Region"",""percentage"":0.398217},{""region"":""Tarapac\u00e1 Region"",""percentage"":0.022028}","facebook,instagram","lower_bound: 1000001",es
620885472395945,881095048648989,"José Antonio Kast",2021-12-07,2021-12-07,2021-12-08,"José Antonio Kast Rist","Si llego a ser presidente, quiero ser el presidente del diálogo. Mis respetos al norte y a los diputados electos del Partido de la gente.",,,,"lower_bound: 100000, upper_bound: 124999","lower_bound: 800, upper_bound: 899",USD,"{""age"":""25-34"",""gender"":""unknown"",""percentage"":0.003238},{""age"":""55-64"",""gender"":""male"",""percentage"":0.007221},{""age"":""55-64"",""gender"":""female"",""percentage"":0.003932},{""age"":""45-54"",""gender"":""unknown"",""percentage"":0.004576},{""age"":""35-44"",""gender"":""unknown"",""percentage"":0.007119},{""age"":""18-24"",""gender"":""female"",""percentage"":0.010183},{""age"":""45-54"",""gender"":""female"",""percentage"":0.051162},{""age"":""45-54"",""gender"":""male"",""percentage"":0.110505},{""age"":""25-34"",""gender"":""female"",""percentage"":0.107829},{""age"":""18-24"",""gender"":""male"",""percentage"":0.064512},{""age"":""35-44"",""gender"":""female"",""percentage"":0.097962},{""age"":""25-34"",""gender"":""male"",""percentage"":0.311853},{""age"":""35-44"",""gender"":""male"",""percentage"":0.219121},{""age"":""18-24"",""gender"":""unknown"",""percentage"":0.000562},{""age"":""55-64"",""gender"":""unknown"",""percentage"":0.000225}","{""region"":""Los R\u00edos Region"",""percentage"":0.026716},{""region"":""Arica y Parinacota Region"",""percentage"":0.012367},{""region"":""Valpara\u00edso Region"",""percentage"":0.096399},{""region"":""Ays\u00e9n Region"",""percentage"":0.007001},{""region"":""Antofagasta Region"",""percentage"":0.041607},{""region"":""Araucan\u00eda Region"",""percentage"":0.079423},{""region"":""Atacama Region"",""percentage"":0.016353},{""region"":""B\u00edo B\u00edo Region"",""percentage"":0.124475},{""region"":""Coquimbo Region"",""percentage"":0.0329},{""region"":""O'Higgins Region"",""percentage"":0.052891},{""region"":""Los Lagos Region"",""percentage"":0.061149},{""region"":""Magallanes y la Ant\u00e1rtica Chilena Region"",""percentage"":0.016138},{""region"":""Maule Region"",""percentage"":0.059892},{""region"":""Santiago Metropolitan Region"",""percentage"":0.35096},{""region"":""Tarapac\u00e1 Region"",""percentage"":0.021729}","facebook,instagram","lower_bound: 1000001",es
2174420996047940,881095048648989,"José Antonio Kast",2021-12-07,2021-12-07,2021-12-10,"José Antonio Kast Rist","Ya que Gabriel no se atreve a debatir con nosotros. Podrían organizar un debate entre el Gabriel de la primera y el de la segunda vuelta 😅",,,,"lower_bound: 175000, upper_bound: 199999","lower_bound: 1000, upper_bound: 1499",USD,"{""age"":""25-34"",""gender"":""unknown"",""percentage"":0.004229},{""age"":""45-54"",""gender"":""unknown"",""percentage"":0.006011},{""age"":""35-44"",""gender"":""unknown"",""percentage"":0.008982},{""age"":""25-34"",""gender"":""male"",""percentage"":0.311251},{""age"":""35-44"",""gender"":""male"",""percentage"":0.224265},{""age"":""45-54"",""gender"":""male"",""percentage"":0.114118},{""age"":""35-44"",""gender"":""female"",""percentage"":0.086838},{""age"":""18-24"",""gender"":""male"",""percentage"":0.065526},{""age"":""45-54"",""gender"":""female"",""percentage"":0.049152},{""age"":""25-34"",""gender"":""female"",""percentage"":0.104513},{""age"":""55-64"",""gender"":""female"",""percentage"":0.003508},{""age"":""18-24"",""gender"":""female"",""percentage"":0.013119},{""age"":""55-64"",""gender"":""male"",""percentage"":0.007385},{""age"":""18-24"",""gender"":""unknown"",""percentage"":0.000709},{""age"":""55-64"",""gender"":""unknown"",""percentage"":0.000395}","{""region"":""Los R\u00edos Region"",""percentage"":0.023437},{""region"":""Arica y Parinacota Region"",""percentage"":0.011482},{""region"":""Valpara\u00edso Region"",""percentage"":0.096768},{""region"":""Ays\u00e9n Region"",""percentage"":0.006209},{""region"":""Antofagasta Region"",""percentage"":0.043241},{""region"":""Araucan\u00eda Region"",""percentage"":0.073306},{""region"":""Atacama Region"",""percentage"":0.014795},{""region"":""B\u00edo B\u00edo Region"",""percentage"":0.122152},{""region"":""Coquimbo Region"",""percentage"":0.032572},{""region"":""O'Higgins Region"",""percentage"":0.050885},{""region"":""Los Lagos Region"",""percentage"":0.05678},{""region"":""Magallanes y la Ant\u00e1rtica Chilena Region"",""percentage"":0.015147},{""region"":""Maule Region"",""percentage"":0.056964},{""region"":""Santiago Metropolitan Region"",""percentage"":0.375141},{""region"":""Tarapac\u00e1 Region"",""percentage"":0.021121}","facebook,instagram","lower_bound: 1000001",es
3061130400801385,881095048648989,"José Antonio Kast",2021-12-06,2021-12-06,2021-12-08,"José Antonio Kast Rist","Si llego a ser presidente, quiero ser el presidente del diálogo. Mis respetos al norte y a los diputados electos del Partido de la gente.",,,,"lower_bound: 40000, upper_bound: 44999","lower_bound: 200, upper_bound: 299",USD,"{""age"":""55-64"",""gender"":""female"",""percentage"":0.021569},{""age"":""35-44"",""gender"":""female"",""percentage"":0.221061},{""age"":""45-54"",""gender"":""female"",""percentage"":0.207504},{""age"":""25-34"",""gender"":""female"",""percentage"":0.317082},{""age"":""18-24"",""gender"":""female"",""percentage"":0.232785}","{""region"":""Los R\u00edos Region"",""percentage"":0.023533},{""region"":""Arica y Parinacota Region"",""percentage"":0.014696},{""region"":""Valpara\u00edso Region"",""percentage"":0.094594},{""region"":""Ays\u00e9n Region"",""percentage"":0.005956},{""region"":""Antofagasta Region"",""percentage"":0.038351},{""region"":""Araucan\u00eda Region"",""percentage"":0.06169},{""region"":""Atacama Region"",""percentage"":0.017698},{""region"":""B\u00edo B\u00edo Region"",""percentage"":0.123454},{""region"":""Coquimbo Region"",""percentage"":0.034622},{""region"":""O'Higgins Region"",""percentage"":0.054839},{""region"":""Los Lagos Region"",""percentage"":0.054887},{""region"":""Magallanes y la Ant\u00e1rtica Chilena Region"",""percentage"":0.009515},{""region"":""Maule Region"",""percentage"":0.072779},{""region"":""Santiago Metropolitan Region"",""percentage"":0.370361},{""region"":""Tarapac\u00e1 Region"",""percentage"":0.023025}","facebook,instagram","lower_bound: 1000001",es
330943581834993,881095048648989,"José Antonio Kast",2021-12-05,2021-12-06,2021-12-10,"José Antonio Kast Rist","Por un futuro diferente, con José Antonio Kast Presidente 

Con libertad, paz, orden y progreso, y para ese futuro esplendor alcanzar ¡Atrévete por el Futuro de Chile! #TranquiloTodoVaEstarBien""",,,,"lower_bound: 175000, upper_bound: 199999","lower_bound: 1000, upper_bound: 1499",USD,"{""age"":""65+"",""gender"":""unknown"",""percentage"":0.000832},{""age"":""25-34"",""gender"":""female"",""percentage"":0.196368},{""age"":""55-64"",""gender"":""unknown"",""percentage"":0.001049},{""age"":""45-54"",""gender"":""unknown"",""percentage"":0.002091},{""age"":""55-64"",""gender"":""male"",""percentage"":0.036843},{""age"":""65+"",""gender"":""female"",""percentage"":0.037815},{""age"":""65+"",""gender"":""male"",""percentage"":0.026222},{""age"":""45-54"",""gender"":""female"",""percentage"":0.077791},{""age"":""25-34"",""gender"":""male"",""percentage"":0.170328},{""age"":""35-44"",""gender"":""unknown"",""percentage"":0.003517},{""age"":""35-44"",""gender"":""male"",""percentage"":0.098761},{""age"":""18-24"",""gender"":""male"",""percentage"":0.051569},{""age"":""25-34"",""gender"":""unknown"",""percentage"":0.001804},{""age"":""55-64"",""gender"":""female"",""percentage"":0.052457},{""age"":""35-44"",""gender"":""female"",""percentage"":0.150771},{""age"":""45-54"",""gender"":""male"",""percentage"":0.047458},{""age"":""18-24"",""gender"":""female"",""percentage"":0.043968},{""age"":""18-24"",""gender"":""unknown"",""percentage"":0.000357}","{""region"":""Los R\u00edos Region"",""percentage"":0.030152},{""region"":""Arica y Parinacota Region"",""percentage"":0.013064},{""region"":""Valpara\u00edso Region"",""percentage"":0.090997},{""region"":""Ays\u00e9n Region"",""percentage"":0.007619},{""region"":""Antofagasta Region"",""percentage"":0.032937},{""region"":""Araucan\u00eda Region"",""percentage"":0.099801},{""region"":""Atacama Region"",""percentage"":0.014013},{""region"":""B\u00edo B\u00edo Region"",""percentage"":0.152942},{""region"":""Coquimbo Region"",""percentage"":0.031136},{""region"":""O'Higgins Region"",""percentage"":0.053959},{""region"":""Los Lagos Region"",""percentage"":0.066157},{""region"":""Magallanes y la Ant\u00e1rtica Chilena Region"",""percentage"":0.015211},{""region"":""Maule Region"",""percentage"":0.065264},{""region"":""Santiago Metropolitan Region"",""percentage"":0.306481},{""region"":""Tarapac\u00e1 Region"",""percentage"":0.020268}","facebook,instagram","lower_bound: 1000001",es
880328812669320,881095048648989,"José Antonio Kast",2021-12-05,2021-12-05,2021-12-07,"José Antonio Kast Rist","Chile merece conocer la verdad de los dos modelos que nos enfrentamos este 19 de diciembre.  Gabriel, ¿Cuando debatimos? Nuestro país no quiere #LaSillaVacía",,,,"lower_bound: 25000, upper_bound: 29999","lower_bound: 0, upper_bound: 99",USD,"{""age"":""18-24"",""gender"":""female"",""percentage"":0.458581},{""age"":""25-34"",""gender"":""female"",""percentage"":0.342513},{""age"":""45-54"",""gender"":""female"",""percentage"":0.078667},{""age"":""35-44"",""gender"":""female"",""percentage"":0.111768},{""age"":""55-64"",""gender"":""female"",""percentage"":0.00834},{""age"":""13-17"",""gender"":""female"",""percentage"":0.00013}","{""region"":""Los R\u00edos Region"",""percentage"":0.022793},{""region"":""Arica y Parinacota Region"",""percentage"":0.012353},{""region"":""Valpara\u00edso Region"",""percentage"":0.094867},{""region"":""Ays\u00e9n Region"",""percentage"":0.005437},{""region"":""Antofagasta Region"",""percentage"":0.032753},{""region"":""Araucan\u00eda Region"",""percentage"":0.059591},{""region"":""Atacama Region"",""percentage"":0.011483},{""region"":""B\u00edo B\u00edo Region"",""percentage"":0.135233},{""region"":""Coquimbo Region"",""percentage"":0.029317},{""region"":""O'Higgins Region"",""percentage"":0.05498},{""region"":""Los Lagos Region"",""percentage"":0.048804},{""region"":""Magallanes y la Ant\u00e1rtica Chilena Region"",""percentage"":0.010657},{""region"":""Maule Region"",""percentage"":0.07699},{""region"":""Santiago Metropolitan Region"",""percentage"":0.386385},{""region"":""Tarapac\u00e1 Region"",""percentage"":0.018356}","facebook,instagram","lower_bound: 1000001",es
657144245422996,881095048648989,"José Antonio Kast",2021-12-05,2021-12-05,2021-12-08,"José Antonio Kast Rist","Ya que Gabriel no se atreve a debatir con nosotros. Podrían organizar un debate entre el Gabriel de la primera y el de la segunda vuelta 😅",,,,"lower_bound: 70000, upper_bound: 79999","lower_bound: 300, upper_bound: 399",USD,"{""age"":""55-64"",""gender"":""female"",""percentage"":0.01262},{""age"":""35-44"",""gender"":""female"",""percentage"":0.196931},{""age"":""25-34"",""gender"":""female"",""percentage"":0.366924},{""age"":""45-54"",""gender"":""female"",""percentage"":0.140735},{""age"":""18-24"",""gender"":""female"",""percentage"":0.282761},{""age"":""13-17"",""gender"":""female"",""percentage"":2.9e-5}","{""region"":""Los R\u00edos Region"",""percentage"":0.024292},{""region"":""Arica y Parinacota Region"",""percentage"":0.016438},{""region"":""Valpara\u00edso Region"",""percentage"":0.087707},{""region"":""Ays\u00e9n Region"",""percentage"":0.005723},{""region"":""Antofagasta Region"",""percentage"":0.040116},{""region"":""Araucan\u00eda Region"",""percentage"":0.061926},{""region"":""Atacama Region"",""percentage"":0.018263},{""region"":""B\u00edo B\u00edo Region"",""percentage"":0.125122},{""region"":""Coquimbo Region"",""percentage"":0.0347},{""region"":""O'Higgins Region"",""percentage"":0.056189},{""region"":""Los Lagos Region"",""percentage"":0.053226},{""region"":""Magallanes y la Ant\u00e1rtica Chilena Region"",""percentage"":0.00889},{""region"":""Maule Region"",""percentage"":0.071605},{""region"":""Santiago Metropolitan Region"",""percentage"":0.369936},{""region"":""Tarapac\u00e1 Region"",""percentage"":0.025854},{""region"":""Unknown"",""percentage"":1.5e-5}","facebook,instagram","lower_bound: 1000001",es
600369587738825,881095048648989,"José Antonio Kast",2021-12-03,2021-12-05,2021-12-09,"José Antonio Kast Rist","Quiero confesar que nos equivocamos en cómo lo planteamos. No eliminaremos el Ministerio de la Mujer en caso de llegar al Gobierno y pido perdón a quienes pudieron haberse sentido ofendidas con lo que proponía nuestro programa de primera vuelta.",,,,"lower_bound: 500000, upper_bound: 599999","lower_bound: 5000, upper_bound: 5999",USD,"{""age"":""25-34"",""gender"":""female"",""percentage"":0.457261},{""age"":""45-54"",""gender"":""female"",""percentage"":0.152403},{""age"":""35-44"",""gender"":""female"",""percentage"":0.316092},{""age"":""18-24"",""gender"":""female"",""percentage"":0.065273},{""age"":""55-64"",""gender"":""female"",""percentage"":0.008971}","{""region"":""Los R\u00edos Region"",""percentage"":0.020194},{""region"":""Arica y Parinacota Region"",""percentage"":0.014354},{""region"":""Valpara\u00edso Region"",""percentage"":0.106442},{""region"":""Ays\u00e9n Region"",""percentage"":0.007016},{""region"":""Antofagasta Region"",""percentage"":0.046145},{""region"":""Araucan\u00eda Region"",""percentage"":0.042199},{""region"":""Atacama Region"",""percentage"":0.015374},{""region"":""B\u00edo B\u00edo Region"",""percentage"":0.097665},{""region"":""Coquimbo Region"",""percentage"":0.030037},{""region"":""O'Higgins Region"",""percentage"":0.047427},{""region"":""Los Lagos Region"",""percentage"":0.041053},{""region"":""Magallanes y la Ant\u00e1rtica Chilena Region"",""percentage"":0.014816},{""region"":""Maule Region"",""percentage"":0.046906},{""region"":""Santiago Metropolitan Region"",""percentage"":0.448724},{""region"":""Tarapac\u00e1 Region"",""percentage"":0.021649}","facebook,instagram","lower_bound: 500001, upper_bound: 1000000",es
285121330218558,881095048648989,"José Antonio Kast",2021-12-04,2021-12-05,2021-12-08,"José Antonio Kast Rist","Porque Chile tiene un futuro diferente con José Antonio Kast presidente ✌🏼😎",,,,"lower_bound: 200000, upper_bound: 249999","lower_bound: 600, upper_bound: 699",USD,"{""age"":""18-24"",""gender"":""female"",""percentage"":0.243736},{""age"":""35-44"",""gender"":""female"",""percentage"":0.211424},{""age"":""25-34"",""gender"":""female"",""percentage"":0.324845},{""age"":""45-54"",""gender"":""female"",""percentage"":0.199012},{""age"":""55-64"",""gender"":""female"",""percentage"":0.020982}","{""region"":""Los R\u00edos Region"",""percentage"":0.027487},{""region"":""Arica y Parinacota Region"",""percentage"":0.019169},{""region"":""Valpara\u00edso Region"",""percentage"":0.08942},{""region"":""Ays\u00e9n Region"",""percentage"":0.007548},{""region"":""Antofagasta Region"",""percentage"":0.046458},{""region"":""Araucan\u00eda Region"",""percentage"":0.071798},{""region"":""Atacama Region"",""percentage"":0.021385},{""region"":""B\u00edo B\u00edo Region"",""percentage"":0.126355},{""region"":""Coquimbo Region"",""percentage"":0.042802},{""region"":""O'Higgins Region"",""percentage"":0.060284},{""region"":""Los Lagos Region"",""percentage"":0.06886},{""region"":""Magallanes y la Ant\u00e1rtica Chilena Region"",""percentage"":0.009956},{""region"":""Maule Region"",""percentage"":0.076156},{""region"":""Santiago Metropolitan Region"",""percentage"":0.302096},{""region"":""Tarapac\u00e1 Region"",""percentage"":0.030228}","facebook,instagram","lower_bound: 1000001",es
1096063424495529,881095048648989,"José Antonio Kast",2021-12-03,2021-12-05,2021-12-10,"José Antonio Kast Rist","Porque Chile tiene un futuro diferente con José Antonio Kast presidente ✌🏼😎",,,,"lower_bound: 1000000","lower_bound: 4500, upper_bound: 4999",USD,"{""age"":""25-34"",""gender"":""unknown"",""percentage"":0.002213},{""age"":""35-44"",""gender"":""male"",""percentage"":0.146345},{""age"":""65+"",""gender"":""female"",""percentage"":0.038925},{""age"":""18-24"",""gender"":""female"",""percentage"":0.028021},{""age"":""65+"",""gender"":""male"",""percentage"":0.040881},{""age"":""45-54"",""gender"":""male"",""percentage"":0.069813},{""age"":""45-54"",""gender"":""female"",""percentage"":0.051019},{""age"":""25-34"",""gender"":""male"",""percentage"":0.227015},{""age"":""55-64"",""gender"":""female"",""percentage"":0.053907},{""age"":""35-44"",""gender"":""unknown"",""percentage"":0.004318},{""age"":""18-24"",""gender"":""male"",""percentage"":0.053382},{""age"":""25-34"",""gender"":""female"",""percentage"":0.128328},{""age"":""35-44"",""gender"":""female"",""percentage"":0.094083},{""age"":""45-54"",""gender"":""unknown"",""percentage"":0.002566},{""age"":""55-64"",""gender"":""unknown"",""percentage"":0.001412},{""age"":""18-24"",""gender"":""unknown"",""percentage"":0.000637},{""age"":""65+"",""gender"":""unknown"",""percentage"":0.001091},{""age"":""55-64"",""gender"":""male"",""percentage"":0.056045}","{""region"":""Los R\u00edos Region"",""percentage"":0.029281},{""region"":""Arica y Parinacota Region"",""percentage"":0.015251},{""region"":""Valpara\u00edso Region"",""percentage"":0.09115},{""region"":""Ays\u00e9n Region"",""percentage"":0.008219},{""region"":""Antofagasta Region"",""percentage"":0.037914},{""region"":""Araucan\u00eda Region"",""percentage"":0.094113},{""region"":""Atacama Region"",""percentage"":0.015704},{""region"":""B\u00edo B\u00edo Region"",""percentage"":0.15338},{""region"":""Coquimbo Region"",""percentage"":0.033134},{""region"":""O'Higgins Region"",""percentage"":0.052053},{""region"":""Los Lagos Region"",""percentage"":0.06589},{""region"":""Magallanes y la Ant\u00e1rtica Chilena Region"",""percentage"":0.01693},{""region"":""Maule Region"",""percentage"":0.065018},{""region"":""Santiago Metropolitan Region"",""percentage"":0.29902},{""region"":""Tarapac\u00e1 Region"",""percentage"":0.022944}","facebook,instagram","lower_bound: 1000001",es
1172386989958102,881095048648989,"José Antonio Kast",2021-12-04,2021-12-05,2021-12-08,"José Antonio Kast Rist","Esta es la silla vacía que deja la izquierda al no querer debatir. Los chilenos merecen conocer los proyectos de país al que se enfrentan este 19 de diciembre. 
Gabriel, ¿Cuando debatimos?",,,,"lower_bound: 1000000","lower_bound: 7000, upper_bound: 7999",USD,"{""age"":""55-64"",""gender"":""female"",""percentage"":0.019191},{""age"":""35-44"",""gender"":""female"",""percentage"":0.232388},{""age"":""25-34"",""gender"":""female"",""percentage"":0.325956},{""age"":""45-54"",""gender"":""female"",""percentage"":0.208272},{""age"":""18-24"",""gender"":""female"",""percentage"":0.214185},{""age"":""13-17"",""gender"":""female"",""percentage"":8.0e-6}","{""region"":""Unknown"",""percentage"":1.0e-5},{""region"":""Los R\u00edos Region"",""percentage"":0.025051},{""region"":""Arica y Parinacota Region"",""percentage"":0.017089},{""region"":""Valpara\u00edso Region"",""percentage"":0.089645},{""region"":""Ays\u00e9n Region"",""percentage"":0.006899},{""region"":""Antofagasta Region"",""percentage"":0.046414},{""region"":""Araucan\u00eda Region"",""percentage"":0.069506},{""region"":""Atacama Region"",""percentage"":0.020113},{""region"":""B\u00edo B\u00edo Region"",""percentage"":0.131262},{""region"":""Coquimbo Region"",""percentage"":0.038018},{""region"":""O'Higgins Region"",""percentage"":0.057337},{""region"":""Los Lagos Region"",""percentage"":0.062266},{""region"":""Magallanes y la Ant\u00e1rtica Chilena Region"",""percentage"":0.009977},{""region"":""Maule Region"",""percentage"":0.07468},{""region"":""Santiago Metropolitan Region"",""percentage"":0.324852},{""region"":""Tarapac\u00e1 Region"",""percentage"":0.026882}","facebook,instagram","lower_bound: 1000001",es
4420301621351710,881095048648989,"José Antonio Kast",2021-12-04,2021-12-05,2021-12-07,"José Antonio Kast Rist","Con un gobierno mío van a poder trabajar y emprender. Con un gobierno del señor que no está, lo que le recomendaría, es que no voten por el ausente.",,,,"lower_bound: 200000, upper_bound: 249999","lower_bound: 600, upper_bound: 699",USD,"{""age"":""13-17"",""gender"":""female"",""percentage"":1.1e-5},{""age"":""18-24"",""gender"":""female"",""percentage"":0.228279},{""age"":""35-44"",""gender"":""female"",""percentage"":0.229782},{""age"":""55-64"",""gender"":""female"",""percentage"":0.014846},{""age"":""45-54"",""gender"":""female"",""percentage"":0.170008},{""age"":""25-34"",""gender"":""female"",""percentage"":0.357074}","{""region"":""Unknown"",""percentage"":5.0e-6},{""region"":""Los R\u00edos Region"",""percentage"":0.023978},{""region"":""Arica y Parinacota Region"",""percentage"":0.014392},{""region"":""Valpara\u00edso Region"",""percentage"":0.09514},{""region"":""Ays\u00e9n Region"",""percentage"":0.006179},{""region"":""Antofagasta Region"",""percentage"":0.040436},{""region"":""Araucan\u00eda Region"",""percentage"":0.059984},{""region"":""Atacama Region"",""percentage"":0.018961},{""region"":""B\u00edo B\u00edo Region"",""percentage"":0.129672},{""region"":""Coquimbo Region"",""percentage"":0.039064},{""region"":""O'Higgins Region"",""percentage"":0.053983},{""region"":""Los Lagos Region"",""percentage"":0.055614},{""region"":""Magallanes y la Ant\u00e1rtica Chilena Region"",""percentage"":0.009995},{""region"":""Maule Region"",""percentage"":0.072223},{""region"":""Santiago Metropolitan Region"",""percentage"":0.35842},{""region"":""Tarapac\u00e1 Region"",""percentage"":0.021954}","facebook,instagram","lower_bound: 1000001",es
