ad_archive_id,page_id,page_name,ad_creation_time,ad_delivery_start_time,ad_delivery_stop_time,byline,ad_creative_bodies,ad_creative_link_titles,ad_creative_link_captions,ad_creative_link_descriptions,impressions,spend,currency,demographic_distribution,delivery_by_region,publisher_platforms,estimated_audience_size,languages
867721653927072,386634201382499,"Marco Enriquez-Ominami",2021-11-17,2021-11-17,2021-11-19,"Partido Progresista de Chile - PRO","Cuidemos ese sueño de un Chile distinto, más justo y solidario. Cuidémoslo y defendámoslo porque todavía no está logrado. Por eso #Vota6, si lo hacemos juntos #ElCambioEsHoy",,,,"lower_bound: 4000, upper_bound: 4999","lower_bound: 45000, upper_bound: 49999",CLP,"{""age"":""65+"",""gender"":""female"",""percentage"":0.053584},{""age"":""18-24"",""gender"":""female"",""percentage"":0.012628},{""age"":""65+"",""gender"":""unknown"",""percentage"":0.000341},{""age"":""25-34"",""gender"":""unknown"",""percentage"":0.001024},{""age"":""35-44"",""gender"":""unknown"",""percentage"":0.001706},{""age"":""65+"",""gender"":""male"",""percentage"":0.024915},{""age"":""45-54"",""gender"":""unknown"",""percentage"":0.002048},{""age"":""45-54"",""gender"":""male"",""percentage"":0.067577},{""age"":""55-64"",""gender"":""female"",""percentage"":0.080546},{""age"":""55-64"",""gender"":""male"",""percentage"":0.040273},{""age"":""45-54"",""gender"":""female"",""percentage"":0.123891},{""age"":""25-34"",""gender"":""male"",""percentage"":0.164164},{""age"":""35-44"",""gender"":""female"",""percentage"":0.130717},{""age"":""25-34"",""gender"":""female"",""percentage"":0.166553},{""age"":""35-44"",""gender"":""male"",""percentage"":0.108191},{""age"":""18-24"",""gender"":""male"",""percentage"":0.020819},{""age"":""55-64"",""gender"":""unknown"",""percentage"":0.001024}","{""region"":""Los R\u00edos Region"",""percentage"":0.751698},{""region"":""Antofagasta Region"",""percentage"":0.004076},{""region"":""Araucan\u00eda Region"",""percentage"":0.024457},{""region"":""B\u00edo B\u00edo Region"",""percentage"":0.026155},{""region"":""Coquimbo Region"",""percentage"":0.004755},{""region"":""Los Lagos Region"",""percentage"":0.06216},{""region"":""Santiago Metropolitan Region"",""percentage"":0.07269},{""region"":""Arica y Parinacota Region"",""percentage"":0.002038},{""region"":""Valpara\u00edso Region"",""percentage"":0.018342},{""region"":""Ays\u00e9n Region"",""percentage"":0.002717},{""region"":""Atacama Region"",""percentage"":0.003057},{""region"":""O'Higgins Region"",""percentage"":0.007813},{""region"":""Magallanes y la Ant\u00e1rtica Chilena Region"",""percentage"":0.004755},{""region"":""Maule Region"",""percentage"":0.01087},{""region"":""Tarapac\u00e1 Region"",""percentage"":0.004416}",instagram,"lower_bound: 10001, upper_bound: 50000",es
693456868725621,386634201382499,"Marco Enriquez-Ominami",2021-11-17,2021-11-17,2021-11-18,"Partido Progresista de Chile - PRO","Al extremista Nº1, hay que enfrentarlo con coraje. ¿Siono? #ElCambioEsHoy",,,,"lower_bound: 25000, upper_bound: 29999","lower_bound: 100000, upper_bound: 124999",CLP,"{""age"":""45-54"",""gender"":""male"",""percentage"":0.117253},{""age"":""55-64"",""gender"":""male"",""percentage"":0.097733},{""age"":""55-64"",""gender"":""unknown"",""percentage"":0.000592},{""age"":""45-54"",""gender"":""unknown"",""percentage"":0.001117},{""age"":""25-34"",""gender"":""unknown"",""percentage"":6.6e-5},{""age"":""18-24"",""gender"":""female"",""percentage"":0.0023},{""age"":""35-44"",""gender"":""unknown"",""percentage"":0.001052},{""age"":""18-24"",""gender"":""male"",""percentage"":0.002958},{""age"":""65+"",""gender"":""female"",""percentage"":0.06487},{""age"":""35-44"",""gender"":""female"",""percentage"":0.113704},{""age"":""65+"",""gender"":""male"",""percentage"":0.03628},{""age"":""35-44"",""gender"":""male"",""percentage"":0.11837},{""age"":""55-64"",""gender"":""female"",""percentage"":0.133618},{""age"":""45-54"",""gender"":""female"",""percentage"":0.142425},{""age"":""25-34"",""gender"":""male"",""percentage"":0.089648},{""age"":""25-34"",""gender"":""female"",""percentage"":0.077686},{""age"":""65+"",""gender"":""unknown"",""percentage"":0.000329}","{""region"":""Los R\u00edos Region"",""percentage"":0.765858},{""region"":""Arica y Parinacota Region"",""percentage"":0.0019},{""region"":""Valpara\u00edso Region"",""percentage"":0.012123},{""region"":""Ays\u00e9n Region"",""percentage"":0.001573},{""region"":""Antofagasta Region"",""percentage"":0.005505},{""region"":""Araucan\u00eda Region"",""percentage"":0.016972},{""region"":""Atacama Region"",""percentage"":0.002425},{""region"":""B\u00edo B\u00edo Region"",""percentage"":0.018676},{""region"":""Coquimbo Region"",""percentage"":0.003997},{""region"":""O'Higgins Region"",""percentage"":0.007274},{""region"":""Los Lagos Region"",""percentage"":0.062582},{""region"":""Magallanes y la Ant\u00e1rtica Chilena Region"",""percentage"":0.005177},{""region"":""Maule Region"",""percentage"":0.009174},{""region"":""Santiago Metropolitan Region"",""percentage"":0.083159},{""region"":""Tarapac\u00e1 Region"",""percentage"":0.003604}",facebook,"lower_bound: 10001, upper_bound: 50000",es
625677848881586,386634201382499,"Marco Enriquez-Ominami",2021-11-17,2021-11-17,2021-11-19,"Partido Progresista de Chile - PRO","GRACIAS LO ESPEJO

Gracias #LoEspejo por tremendo recibimiento. Miles se están sumando todavía en todo Chile. Este domingo vota en conciencia por la persona que creen está mejor preparada para defender el cambio. #Vota6",,,,"lower_bound: 30000, upper_bound: 34999","lower_bound: 200000, upper_bound: 249999",CLP,"{""age"":""65+"",""gender"":""unknown"",""percentage"":0.000255},{""age"":""25-34"",""gender"":""male"",""percentage"":0.051359},{""age"":""18-24"",""gender"":""unknown"",""percentage"":6.4e-5},{""age"":""35-44"",""gender"":""unknown"",""percentage"":0.001527},{""age"":""18-24"",""gender"":""female"",""percentage"":0.002673},{""age"":""65+"",""gender"":""male"",""percentage"":0.05575},{""age"":""65+"",""gender"":""female"",""percentage"":0.097944},{""age"":""35-44"",""gender"":""male"",""percentage"":0.098454},{""age"":""45-54"",""gender"":""male"",""percentage"":0.116782},{""age"":""45-54"",""gender"":""unknown"",""percentage"":0.0014},{""age"":""55-64"",""gender"":""female"",""percentage"":0.171641},{""age"":""35-44"",""gender"":""female"",""percentage"":0.091898},{""age"":""25-34"",""gender"":""female"",""percentage"":0.036339},{""age"":""55-64"",""gender"":""male"",""percentage"":0.125247},{""age"":""45-54"",""gender"":""female"",""percentage"":0.14453},{""age"":""18-24"",""gender"":""male"",""percentage"":0.002991},{""age"":""55-64"",""gender"":""unknown"",""percentage"":0.000955},{""age"":""25-34"",""gender"":""unknown"",""percentage"":0.000191}","{""region"":""Los R\u00edos Region"",""percentage"":0.004776},{""region"":""Arica y Parinacota Region"",""percentage"":0.002259},{""region"":""Valpara\u00edso Region"",""percentage"":0.02911},{""region"":""Ays\u00e9n Region"",""percentage"":0.001355},{""region"":""Antofagasta Region"",""percentage"":0.007423},{""region"":""Araucan\u00eda Region"",""percentage"":0.014394},{""region"":""Atacama Region"",""percentage"":0.003615},{""region"":""B\u00edo B\u00edo Region"",""percentage"":0.027109},{""region"":""Coquimbo Region"",""percentage"":0.009036},{""region"":""O'Higgins Region"",""percentage"":0.016717},{""region"":""Los Lagos Region"",""percentage"":0.010069},{""region"":""Magallanes y la Ant\u00e1rtica Chilena Region"",""percentage"":0.002582},{""region"":""Maule Region"",""percentage"":0.018524},{""region"":""Santiago Metropolitan Region"",""percentage"":0.849093},{""region"":""Tarapac\u00e1 Region"",""percentage"":0.003937}",facebook,"lower_bound: 10001, upper_bound: 50000",es
450893506452812,386634201382499,"Marco Enriquez-Ominami",2021-11-17,2021-11-18,2021-11-18,"Partido Progresista de Chile - PRO","Más de 15 años recorriendo Chile, mirándolos a los ojos, y escuchando sus ideas. A 4 días de la elección les pido que perseveremos juntos, no nos resignemos a los candidatos que las encuestas quieren imponer. Ayúdanos a conquistar más votos, y este domingo hagamos juntos historia. #ElCambioEsHoy y por eso #Vota6.",,,,"lower_bound: 0, upper_bound: 999","lower_bound: 0, upper_bound: 99",CLP,,,instagram,"lower_bound: 100001, upper_bound: 500000",es
285747883436693,386634201382499,"Marco Enriquez-Ominami",2021-11-17,2021-11-18,2021-11-18,"Partido Progresista de Chile - PRO","15 AÑOS EMPUJANDO JUNTOS EL CAMBIO

Más de 15 años recorriendo Chile, mirándolos a los ojos, y escuchando sus ideas. A 4 días de la elección les pido que perseveremos juntos, no nos resignemos a los candidatos que las encuestas quieren imponer. Ayúdanos a conquistar más votos, y este domingo hagamos juntos historia. #ElCambioEsHoy y por eso #Vota6.",,,,"lower_bound: 50000, upper_bound: 59999","lower_bound: 175000, upper_bound: 199999",CLP,"{""age"":""18-24"",""gender"":""unknown"",""percentage"":0.000156},{""age"":""18-24"",""gender"":""female"",""percentage"":0.015443},{""age"":""35-44"",""gender"":""unknown"",""percentage"":0.001986},{""age"":""18-24"",""gender"":""male"",""percentage"":0.019014},{""age"":""65+"",""gender"":""unknown"",""percentage"":0.000759},{""age"":""65+"",""gender"":""female"",""percentage"":0.075965},{""age"":""65+"",""gender"":""male"",""percentage"":0.047356},{""age"":""45-54"",""gender"":""male"",""percentage"":0.119549},{""age"":""25-34"",""gender"":""female"",""percentage"":0.064048},{""age"":""55-64"",""gender"":""unknown"",""percentage"":0.001094},{""age"":""35-44"",""gender"":""female"",""percentage"":0.103392},{""age"":""25-34"",""gender"":""male"",""percentage"":0.090716},{""age"":""35-44"",""gender"":""male"",""percentage"":0.113323},{""age"":""55-64"",""gender"":""male"",""percentage"":0.093975},{""age"":""55-64"",""gender"":""female"",""percentage"":0.127672},{""age"":""45-54"",""gender"":""female"",""percentage"":0.12245},{""age"":""45-54"",""gender"":""unknown"",""percentage"":0.002299},{""age"":""25-34"",""gender"":""unknown"",""percentage"":0.000803}","{""region"":""Los R\u00edos Region"",""percentage"":0.020115},{""region"":""Arica y Parinacota Region"",""percentage"":0.02391},{""region"":""Valpara\u00edso Region"",""percentage"":0.111156},{""region"":""Ays\u00e9n Region"",""percentage"":0.006028},{""region"":""Antofagasta Region"",""percentage"":0.038354},{""region"":""Araucan\u00eda Region"",""percentage"":0.052285},{""region"":""Atacama Region"",""percentage"":0.021767},{""region"":""B\u00edo B\u00edo Region"",""percentage"":0.126984},{""region"":""Coquimbo Region"",""percentage"":0.05137},{""region"":""O'Higgins Region"",""percentage"":0.055477},{""region"":""Los Lagos Region"",""percentage"":0.056482},{""region"":""Magallanes y la Ant\u00e1rtica Chilena Region"",""percentage"":0.015002},{""region"":""Maule Region"",""percentage"":0.074052},{""region"":""Santiago Metropolitan Region"",""percentage"":0.318889},{""region"":""Tarapac\u00e1 Region"",""percentage"":0.028129}",facebook,"lower_bound: 500001, upper_bound: 1000000",es
575528463521216,386634201382499,"Marco Enriquez-Ominami",2021-11-17,2021-11-17,2021-11-18,"Partido Progresista de Chile - PRO","GRACIAS PUENTE ALTO

¡Gracias #PuenteAlto! Se siguen sumando corazones y votos a esta campaña, este domingo vamos a defender el cambio, porque somos los más preparados para enfrentar a la ultraderecha. Con Kast o con Boric habrá caos e inestabilidad. Ganemos juntos este domingo, #Vota6.",,,,"lower_bound: 45000, upper_bound: 49999","lower_bound: 200000, upper_bound: 249999",CLP,"{""age"":""35-44"",""gender"":""male"",""percentage"":0.079878},{""age"":""65+"",""gender"":""male"",""percentage"":0.043303},{""age"":""65+"",""gender"":""unknown"",""percentage"":0.000323},{""age"":""18-24"",""gender"":""unknown"",""percentage"":3.2e-5},{""age"":""55-64"",""gender"":""unknown"",""percentage"":0.000517},{""age"":""25-34"",""gender"":""unknown"",""percentage"":0.000647},{""age"":""18-24"",""gender"":""female"",""percentage"":0.02115},{""age"":""25-34"",""gender"":""female"",""percentage"":0.081592},{""age"":""55-64"",""gender"":""male"",""percentage"":0.072699},{""age"":""45-54"",""gender"":""male"",""percentage"":0.067492},{""age"":""25-34"",""gender"":""male"",""percentage"":0.109534},{""age"":""35-44"",""gender"":""female"",""percentage"":0.092361},{""age"":""35-44"",""gender"":""unknown"",""percentage"":0.001455},{""age"":""55-64"",""gender"":""female"",""percentage"":0.167195},{""age"":""45-54"",""gender"":""female"",""percentage"":0.135502},{""age"":""65+"",""gender"":""female"",""percentage"":0.098312},{""age"":""18-24"",""gender"":""male"",""percentage"":0.0271},{""age"":""45-54"",""gender"":""unknown"",""percentage"":0.000906}","{""region"":""Los R\u00edos Region"",""percentage"":0.005867},{""region"":""Arica y Parinacota Region"",""percentage"":0.003462},{""region"":""Valpara\u00edso Region"",""percentage"":0.026192},{""region"":""Ays\u00e9n Region"",""percentage"":0.001026},{""region"":""Antofagasta Region"",""percentage"":0.00561},{""region"":""Araucan\u00eda Region"",""percentage"":0.015965},{""region"":""Atacama Region"",""percentage"":0.003334},{""region"":""B\u00edo B\u00edo Region"",""percentage"":0.029141},{""region"":""Coquimbo Region"",""percentage"":0.009008},{""region"":""O'Higgins Region"",""percentage"":0.013721},{""region"":""Los Lagos Region"",""percentage"":0.011092},{""region"":""Maule Region"",""percentage"":0.019844},{""region"":""Santiago Metropolitan Region"",""percentage"":0.8508},{""region"":""Magallanes y la Ant\u00e1rtica Chilena Region"",""percentage"":0.001988},{""region"":""Tarapac\u00e1 Region"",""percentage"":0.002949}","facebook,instagram","lower_bound: 100001, upper_bound: 500000",es
635230104335776,386634201382499,"Marco Enriquez-Ominami",2021-11-17,2021-11-18,2021-11-19,"Partido Progresista de Chile - PRO","¡6 propuestas para cambiar Chile!

Súmate y #vota6 

#ElCambioEsHoy",,,,"lower_bound: 80000, upper_bound: 89999","lower_bound: 400000, upper_bound: 449999",CLP,"{""age"":""25-34"",""gender"":""unknown"",""percentage"":0.000846},{""age"":""35-44"",""gender"":""unknown"",""percentage"":0.001835},{""age"":""18-24"",""gender"":""unknown"",""percentage"":0.000335},{""age"":""55-64"",""gender"":""unknown"",""percentage"":0.001165},{""age"":""45-54"",""gender"":""unknown"",""percentage"":0.001867},{""age"":""65+"",""gender"":""female"",""percentage"":0.060612},{""age"":""45-54"",""gender"":""female"",""percentage"":0.13506},{""age"":""55-64"",""gender"":""female"",""percentage"":0.127208},{""age"":""45-54"",""gender"":""male"",""percentage"":0.110372},{""age"":""18-24"",""gender"":""female"",""percentage"":0.015129},{""age"":""25-34"",""gender"":""male"",""percentage"":0.12515},{""age"":""18-24"",""gender"":""male"",""percentage"":0.027864},{""age"":""65+"",""gender"":""male"",""percentage"":0.037248},{""age"":""35-44"",""gender"":""female"",""percentage"":0.095067},{""age"":""55-64"",""gender"":""male"",""percentage"":0.080943},{""age"":""35-44"",""gender"":""male"",""percentage"":0.113851},{""age"":""25-34"",""gender"":""female"",""percentage"":0.064538},{""age"":""65+"",""gender"":""unknown"",""percentage"":0.00091}","{""region"":""Los R\u00edos Region"",""percentage"":0.021364},{""region"":""Arica y Parinacota Region"",""percentage"":0.02108},{""region"":""Valpara\u00edso Region"",""percentage"":0.133886},{""region"":""Ays\u00e9n Region"",""percentage"":0.005306},{""region"":""Antofagasta Region"",""percentage"":0.040755},{""region"":""Araucan\u00eda Region"",""percentage"":0.053577},{""region"":""Atacama Region"",""percentage"":0.020212},{""region"":""B\u00edo B\u00edo Region"",""percentage"":0.137391},{""region"":""Coquimbo Region"",""percentage"":0.042476},{""region"":""O'Higgins Region"",""percentage"":0.052929},{""region"":""Los Lagos Region"",""percentage"":0.057035},{""region"":""Magallanes y la Ant\u00e1rtica Chilena Region"",""percentage"":0.01699},{""region"":""Maule Region"",""percentage"":0.059877},{""region"":""Santiago Metropolitan Region"",""percentage"":0.314195},{""region"":""Tarapac\u00e1 Region"",""percentage"":0.022928}",facebook,"lower_bound: 500001, upper_bound: 1000000",es
326555548827602,386634201382499,"Marco Enriquez-Ominami",2021-11-16,2021-11-17,2021-11-17,,"¿Con qué derecho Kast se mete en la decisión de las mujeres de casarse? Es una violencia lo que hace,ofende al país y a mí también me ofende porque soy hijo de una mujer no casada.

#DebateAnatel 
#MarcoDebate",,,,"lower_bound: 2000, upper_bound: 2999","lower_bound: 15000, upper_bound: 19999",CLP,"{""age"":""25-34"",""gender"":""female"",""percentage"":0.165111},{""age"":""45-54"",""gender"":""female"",""percentage"":0.205405},{""age"":""65+"",""gender"":""female"",""percentage"":0.16855},{""age"":""35-44"",""gender"":""female"",""percentage"":0.186732},{""age"":""55-64"",""gender"":""female"",""percentage"":0.220639},{""age"":""18-24"",""gender"":""female"",""percentage"":0.053563}","{""region"":""Los R\u00edos Region"",""percentage"":0.02839},{""region"":""Arica y Parinacota Region"",""percentage"":0.016642},{""region"":""Valpara\u00edso Region"",""percentage"":0.101811},{""region"":""Ays\u00e9n Region"",""percentage"":0.005384},{""region"":""Antofagasta Region"",""percentage"":0.026432},{""region"":""Araucan\u00eda Region"",""percentage"":0.027411},{""region"":""Atacama Region"",""percentage"":0.0186},{""region"":""B\u00edo B\u00edo Region"",""percentage"":0.077827},{""region"":""Coquimbo Region"",""percentage"":0.039648},{""region"":""O'Higgins Region"",""percentage"":0.033284},{""region"":""Los Lagos Region"",""percentage"":0.042095},{""region"":""Magallanes y la Ant\u00e1rtica Chilena Region"",""percentage"":0.013705},{""region"":""Maule Region"",""percentage"":0.038179},{""region"":""Santiago Metropolitan Region"",""percentage"":0.500734},{""region"":""Tarapac\u00e1 Region"",""percentage"":0.029858}",facebook,"lower_bound: 10001, upper_bound: 50000",es
417967353069463,386634201382499,"Marco Enriquez-Ominami",2021-11-16,2021-11-16,2021-11-17,"Partido Progresista de Chile - PRO","Por la justicia, por la democracia, y para proteger tus libertades, perseveremos juntos y cambiemos Chile. Este domingo #Vota6, porque #ElCambioEsHoy",,,,"lower_bound: 60000, upper_bound: 69999","lower_bound: 200000, upper_bound: 249999",CLP,"{""age"":""25-34"",""gender"":""unknown"",""percentage"":0.000551},{""age"":""55-64"",""gender"":""male"",""percentage"":0.097098},{""age"":""55-64"",""gender"":""unknown"",""percentage"":0.001181},{""age"":""65+"",""gender"":""unknown"",""percentage"":0.001162},{""age"":""45-54"",""gender"":""unknown"",""percentage"":0.00191},{""age"":""18-24"",""gender"":""female"",""percentage"":0.015533},{""age"":""65+"",""gender"":""male"",""percentage"":0.045832},{""age"":""65+"",""gender"":""female"",""percentage"":0.080817},{""age"":""45-54"",""gender"":""female"",""percentage"":0.127082},{""age"":""35-44"",""gender"":""unknown"",""percentage"":0.001693},{""age"":""25-34"",""gender"":""male"",""percentage"":0.085207},{""age"":""35-44"",""gender"":""female"",""percentage"":0.095464},{""age"":""25-34"",""gender"":""female"",""percentage"":0.060598},{""age"":""35-44"",""gender"":""male"",""percentage"":0.106253},{""age"":""55-64"",""gender"":""female"",""percentage"":0.148581},{""age"":""45-54"",""gender"":""male"",""percentage"":0.111115},{""age"":""18-24"",""gender"":""male"",""percentage"":0.019687},{""age"":""18-24"",""gender"":""unknown"",""percentage"":0.000236}","{""region"":""Los R\u00edos Region"",""percentage"":0.023317},{""region"":""Arica y Parinacota Region"",""percentage"":0.027022},{""region"":""Valpara\u00edso Region"",""percentage"":0.113858},{""region"":""Ays\u00e9n Region"",""percentage"":0.006492},{""region"":""Antofagasta Region"",""percentage"":0.042053},{""region"":""Araucan\u00eda Region"",""percentage"":0.049579},{""region"":""Atacama Region"",""percentage"":0.022557},{""region"":""B\u00edo B\u00edo Region"",""percentage"":0.118985},{""region"":""Coquimbo Region"",""percentage"":0.044334},{""region"":""O'Higgins Region"",""percentage"":0.057124},{""region"":""Los Lagos Region"",""percentage"":0.056773},{""region"":""Magallanes y la Ant\u00e1rtica Chilena Region"",""percentage"":0.015129},{""region"":""Maule Region"",""percentage"":0.074437},{""region"":""Santiago Metropolitan Region"",""percentage"":0.320693},{""region"":""Tarapac\u00e1 Region"",""percentage"":0.027646}",facebook,"lower_bound: 500001, upper_bound: 1000000",es
1854414414946792,386634201382499,"Marco Enriquez-Ominami",2021-11-16,2021-11-17,2021-11-18,"Partido Progresista de Chile - PRO","🎵 Marco por ti, marco por mí, Chile tiene que cambiar 🎶

Gracias Chile por perseveran conmigo en esta lucha por lograr el cambio. Por un país justo #ElCambioEsHoy #Vota6.",,,,"lower_bound: 60000, upper_bound: 69999","lower_bound: 200000, upper_bound: 249999",CLP,"{""age"":""65+"",""gender"":""unknown"",""percentage"":0.000853},{""age"":""45-54"",""gender"":""female"",""percentage"":0.128885},{""age"":""35-44"",""gender"":""unknown"",""percentage"":0.001512},{""age"":""25-34"",""gender"":""unknown"",""percentage"":0.000426},{""age"":""35-44"",""gender"":""male"",""percentage"":0.093907},{""age"":""18-24"",""gender"":""female"",""percentage"":0.011646},{""age"":""55-64"",""gender"":""female"",""percentage"":0.163747},{""age"":""25-34"",""gender"":""female"",""percentage"":0.052787},{""age"":""45-54"",""gender"":""male"",""percentage"":0.113809},{""age"":""45-54"",""gender"":""unknown"",""percentage"":0.001744},{""age"":""55-64"",""gender"":""male"",""percentage"":0.110224},{""age"":""65+"",""gender"":""male"",""percentage"":0.052186},{""age"":""25-34"",""gender"":""male"",""percentage"":0.071351},{""age"":""65+"",""gender"":""female"",""percentage"":0.094314},{""age"":""35-44"",""gender"":""female"",""percentage"":0.088404},{""age"":""55-64"",""gender"":""unknown"",""percentage"":0.00095},{""age"":""18-24"",""gender"":""male"",""percentage"":0.013158},{""age"":""18-24"",""gender"":""unknown"",""percentage"":9.7e-5}","{""region"":""Los R\u00edos Region"",""percentage"":0.025256},{""region"":""Arica y Parinacota Region"",""percentage"":0.026934},{""region"":""Valpara\u00edso Region"",""percentage"":0.104497},{""region"":""Ays\u00e9n Region"",""percentage"":0.007241},{""region"":""Antofagasta Region"",""percentage"":0.040635},{""region"":""Araucan\u00eda Region"",""percentage"":0.052053},{""region"":""Atacama Region"",""percentage"":0.024241},{""region"":""B\u00edo B\u00edo Region"",""percentage"":0.131997},{""region"":""Coquimbo Region"",""percentage"":0.047154},{""region"":""O'Higgins Region"",""percentage"":0.056367},{""region"":""Los Lagos Region"",""percentage"":0.062495},{""region"":""Magallanes y la Ant\u00e1rtica Chilena Region"",""percentage"":0.015341},{""region"":""Maule Region"",""percentage"":0.079827},{""region"":""Santiago Metropolitan Region"",""percentage"":0.29731},{""region"":""Tarapac\u00e1 Region"",""percentage"":0.028652}",facebook,"lower_bound: 500001, upper_bound: 1000000",es
246237960825662,386634201382499,"Marco Enriquez-Ominami",2021-11-15,2021-11-15,2021-11-16,"Partido Progresista de Chile - PRO","¿Conoces nuestras medidas de emergencia para cambiar Chile?

6️⃣ Crédito con interés $0 para Pymes y nuevos emprendedores.

#ElCambioEsHoy
#Vota6
#MarcoPresidente",,presidentemarco.cl,,"lower_bound: 30000, upper_bound: 34999","lower_bound: 175000, upper_bound: 199999",CLP,"{""age"":""25-34"",""gender"":""unknown"",""percentage"":0.000365},{""age"":""25-34"",""gender"":""female"",""percentage"":0.042197},{""age"":""65+"",""gender"":""unknown"",""percentage"":0.000411},{""age"":""65+"",""gender"":""male"",""percentage"":0.035993},{""age"":""65+"",""gender"":""female"",""percentage"":0.061995},{""age"":""45-54"",""gender"":""female"",""percentage"":0.100132},{""age"":""18-24"",""gender"":""male"",""percentage"":0.00479},{""age"":""25-34"",""gender"":""male"",""percentage"":0.06122},{""age"":""55-64"",""gender"":""male"",""percentage"":0.112267},{""age"":""18-24"",""gender"":""female"",""percentage"":0.003558},{""age"":""55-64"",""gender"":""female"",""percentage"":0.131563},{""age"":""35-44"",""gender"":""female"",""percentage"":0.121345},{""age"":""35-44"",""gender"":""male"",""percentage"":0.177912},{""age"":""45-54"",""gender"":""male"",""percentage"":0.14014},{""age"":""55-64"",""gender"":""unknown"",""percentage"":0.000912},{""age"":""35-44"",""gender"":""unknown"",""percentage"":0.002235},{""age"":""45-54"",""gender"":""unknown"",""percentage"":0.002874},{""age"":""18-24"",""gender"":""unknown"",""percentage"":9.1e-5}","{""region"":""Los R\u00edos Region"",""percentage"":0.005457},{""region"":""Arica y Parinacota Region"",""percentage"":0.005228},{""region"":""Valpara\u00edso Region"",""percentage"":0.130698},{""region"":""Ays\u00e9n Region"",""percentage"":0.001192},{""region"":""Antofagasta Region"",""percentage"":0.061268},{""region"":""Araucan\u00eda Region"",""percentage"":0.051087},{""region"":""Atacama Region"",""percentage"":0.019994},{""region"":""B\u00edo B\u00edo Region"",""percentage"":0.114051},{""region"":""Coquimbo Region"",""percentage"":0.050216},{""region"":""O'Higgins Region"",""percentage"":0.047968},{""region"":""Los Lagos Region"",""percentage"":0.010593},{""region"":""Magallanes y la Ant\u00e1rtica Chilena Region"",""percentage"":0.002247},{""region"":""Maule Region"",""percentage"":0.06058},{""region"":""Santiago Metropolitan Region"",""percentage"":0.415344},{""region"":""Tarapac\u00e1 Region"",""percentage"":0.024076}",facebook,"lower_bound: 50001, upper_bound: 100000",es
595042261770090,386634201382499,"Marco Enriquez-Ominami",2021-11-15,2021-11-15,2021-11-17,"Partido Progresista de Chile - PRO","PENSIONES DIGNAS

Kast propone aumentar las pensiones de las Fuerzas Armadas. ¿Sabe que los profesores tienen pensiones promedio de $300 mil? Eso es violento. Por pensiones dignas para todas y todos, #ElCambioEsHoy. #Vota6",,youtu.be,,"lower_bound: 50000, upper_bound: 59999","lower_bound: 250000, upper_bound: 299999",CLP,"{""age"":""25-34"",""gender"":""unknown"",""percentage"":0.000249},{""age"":""35-44"",""gender"":""female"",""percentage"":0.025158},{""age"":""18-24"",""gender"":""unknown"",""percentage"":2.8e-5},{""age"":""65+"",""gender"":""unknown"",""percentage"":0.002961},{""age"":""18-24"",""gender"":""male"",""percentage"":0.009964},{""age"":""25-34"",""gender"":""male"",""percentage"":0.055991},{""age"":""45-54"",""gender"":""male"",""percentage"":0.067532},{""age"":""25-34"",""gender"":""female"",""percentage"":0.016717},{""age"":""18-24"",""gender"":""female"",""percentage"":0.003736},{""age"":""35-44"",""gender"":""unknown"",""percentage"":0.00072},{""age"":""55-64"",""gender"":""female"",""percentage"":0.03681},{""age"":""65+"",""gender"":""male"",""percentage"":0.289419},{""age"":""65+"",""gender"":""female"",""percentage"":0.327752},{""age"":""45-54"",""gender"":""female"",""percentage"":0.02776},{""age"":""35-44"",""gender"":""male"",""percentage"":0.069386},{""age"":""55-64"",""gender"":""male"",""percentage"":0.064709},{""age"":""45-54"",""gender"":""unknown"",""percentage"":0.00072},{""age"":""55-64"",""gender"":""unknown"",""percentage"":0.000387}","{""region"":""Los R\u00edos Region"",""percentage"":0.006618},{""region"":""Arica y Parinacota Region"",""percentage"":0.004984},{""region"":""Valpara\u00edso Region"",""percentage"":0.159024},{""region"":""Ays\u00e9n Region"",""percentage"":0.001385},{""region"":""Antofagasta Region"",""percentage"":0.049565},{""region"":""Araucan\u00eda Region"",""percentage"":0.050451},{""region"":""Atacama Region"",""percentage"":0.018165},{""region"":""B\u00edo B\u00edo Region"",""percentage"":0.119427},{""region"":""Coquimbo Region"",""percentage"":0.053553},{""region"":""O'Higgins Region"",""percentage"":0.056156},{""region"":""Los Lagos Region"",""percentage"":0.0139},{""region"":""Magallanes y la Ant\u00e1rtica Chilena Region"",""percentage"":0.003184},{""region"":""Maule Region"",""percentage"":0.063272},{""region"":""Santiago Metropolitan Region"",""percentage"":0.375284},{""region"":""Tarapac\u00e1 Region"",""percentage"":0.025032}",facebook,"lower_bound: 100001, upper_bound: 500000",es
274524261275061,386634201382499,"Marco Enriquez-Ominami",2021-11-15,2021-11-15,2021-11-16,"Partido Progresista de Chile - PRO","¿Conoces nuestras medidas de emergencia para cambiar Chile?

5️⃣ Renta Básica Universal para mujeres durante 2022.

#ElCambioEsHoy
#Vota6
#MarcoPresidente",,,,"lower_bound: 45000, upper_bound: 49999","lower_bound: 175000, upper_bound: 199999",CLP,"{""age"":""35-44"",""gender"":""female"",""percentage"":0.07174},{""age"":""25-34"",""gender"":""female"",""percentage"":0.020271},{""age"":""65+"",""gender"":""female"",""percentage"":0.148931},{""age"":""55-64"",""gender"":""female"",""percentage"":0.40734},{""age"":""45-54"",""gender"":""female"",""percentage"":0.345593},{""age"":""18-24"",""gender"":""female"",""percentage"":0.006125}","{""region"":""Los R\u00edos Region"",""percentage"":0.003508},{""region"":""Arica y Parinacota Region"",""percentage"":0.00178},{""region"":""Valpara\u00edso Region"",""percentage"":0.255436},{""region"":""Ays\u00e9n Region"",""percentage"":0.000851},{""region"":""Antofagasta Region"",""percentage"":0.005778},{""region"":""Araucan\u00eda Region"",""percentage"":0.009931},{""region"":""Atacama Region"",""percentage"":0.002064},{""region"":""B\u00edo B\u00edo Region"",""percentage"":0.212747},{""region"":""Coquimbo Region"",""percentage"":0.007171},{""region"":""O'Higgins Region"",""percentage"":0.009621},{""region"":""Los Lagos Region"",""percentage"":0.007816},{""region"":""Magallanes y la Ant\u00e1rtica Chilena Region"",""percentage"":0.001625},{""region"":""Maule Region"",""percentage"":0.011478},{""region"":""Santiago Metropolitan Region"",""percentage"":0.467358},{""region"":""Tarapac\u00e1 Region"",""percentage"":0.002837}",facebook,"lower_bound: 100001, upper_bound: 500000",es
1059538318141367,386634201382499,"Marco Enriquez-Ominami",2021-11-15,2021-11-15,2021-11-17,"Partido Progresista de Chile - PRO","GRACIAS CONCEPCIÓN

¿Por qué persevero? Porque se me va la vida en lograr un cambio que signifique una mejor vida para todas y todos. Gracias #Concepción por el tremendo cariño, los invito a que este 21 de noviembre hagamos historia. #ElCambioEsHoy #Vota6",,,,"lower_bound: 50000, upper_bound: 59999","lower_bound: 200000, upper_bound: 249999",CLP,"{""age"":""55-64"",""gender"":""unknown"",""percentage"":0.000906},{""age"":""55-64"",""gender"":""female"",""percentage"":0.114409},{""age"":""45-54"",""gender"":""unknown"",""percentage"":0.001875},{""age"":""25-34"",""gender"":""unknown"",""percentage"":0.00075},{""age"":""45-54"",""gender"":""female"",""percentage"":0.117377},{""age"":""35-44"",""gender"":""female"",""percentage"":0.106473},{""age"":""25-34"",""gender"":""female"",""percentage"":0.08954},{""age"":""35-44"",""gender"":""male"",""percentage"":0.122282},{""age"":""65+"",""gender"":""male"",""percentage"":0.048707},{""age"":""35-44"",""gender"":""unknown"",""percentage"":0.003187},{""age"":""25-34"",""gender"":""male"",""percentage"":0.121595},{""age"":""65+"",""gender"":""unknown"",""percentage"":0.000656},{""age"":""45-54"",""gender"":""male"",""percentage"":0.102162},{""age"":""65+"",""gender"":""female"",""percentage"":0.078418},{""age"":""55-64"",""gender"":""male"",""percentage"":0.081792},{""age"":""18-24"",""gender"":""female"",""percentage"":0.00428},{""age"":""18-24"",""gender"":""male"",""percentage"":0.005592}","{""region"":""Los R\u00edos Region"",""percentage"":0.004321},{""region"":""Arica y Parinacota Region"",""percentage"":0.001647},{""region"":""Valpara\u00edso Region"",""percentage"":0.014422},{""region"":""Ays\u00e9n Region"",""percentage"":0.001337},{""region"":""Antofagasta Region"",""percentage"":0.006465},{""region"":""Araucan\u00eda Region"",""percentage"":0.009791},{""region"":""Atacama Region"",""percentage"":0.002518},{""region"":""B\u00edo B\u00edo Region"",""percentage"":0.869141},{""region"":""Coquimbo Region"",""percentage"":0.004227},{""region"":""O'Higgins Region"",""percentage"":0.007864},{""region"":""Los Lagos Region"",""percentage"":0.008921},{""region"":""Magallanes y la Ant\u00e1rtica Chilena Region"",""percentage"":0.002331},{""region"":""Maule Region"",""percentage"":0.010661},{""region"":""Santiago Metropolitan Region"",""percentage"":0.053027},{""region"":""Tarapac\u00e1 Region"",""percentage"":0.003326}",facebook,"lower_bound: 100001, upper_bound: 500000",es
624981645606875,386634201382499,"Marco Enriquez-Ominami",2021-11-15,2021-11-15,2021-11-16,"Partido Progresista de Chile - PRO","¿Conoces nuestras medidas de emergencia para cambiar Chile?
4️⃣ Suspensión transitoria del impuesto específico de los combustibles y retiros de la Cuenta RUT a costo $0.

#ElCambioEsHoy
#Vota6
#MarcoPresidente",,presidentemarco.cl,,"lower_bound: 15000, upper_bound: 19999","lower_bound: 200000, upper_bound: 249999",CLP,"{""age"":""55-64"",""gender"":""unknown"",""percentage"":0.002745},{""age"":""18-24"",""gender"":""male"",""percentage"":0.025537},{""age"":""25-34"",""gender"":""unknown"",""percentage"":0.000239},{""age"":""35-44"",""gender"":""unknown"",""percentage"":0.001134},{""age"":""25-34"",""gender"":""male"",""percentage"":0.045943},{""age"":""65+"",""gender"":""unknown"",""percentage"":0.001969},{""age"":""25-34"",""gender"":""female"",""percentage"":0.031921},{""age"":""55-64"",""gender"":""male"",""percentage"":0.091766},{""age"":""18-24"",""gender"":""female"",""percentage"":0.020644},{""age"":""45-54"",""gender"":""unknown"",""percentage"":0.004057},{""age"":""35-44"",""gender"":""male"",""percentage"":0.042363},{""age"":""65+"",""gender"":""female"",""percentage"":0.109547},{""age"":""45-54"",""gender"":""male"",""percentage"":0.120585},{""age"":""45-54"",""gender"":""female"",""percentage"":0.20531},{""age"":""55-64"",""gender"":""female"",""percentage"":0.200776},{""age"":""35-44"",""gender"":""female"",""percentage"":0.050119},{""age"":""65+"",""gender"":""male"",""percentage"":0.045286},{""age"":""18-24"",""gender"":""unknown"",""percentage"":6.0e-5}","{""region"":""Unknown"",""percentage"":0.000181},{""region"":""Los R\u00edos Region"",""percentage"":0.00283},{""region"":""Arica y Parinacota Region"",""percentage"":0.002409},{""region"":""Valpara\u00edso Region"",""percentage"":0.280063},{""region"":""Ays\u00e9n Region"",""percentage"":0.001505},{""region"":""Antofagasta Region"",""percentage"":0.007226},{""region"":""Araucan\u00eda Region"",""percentage"":0.0112},{""region"":""Atacama Region"",""percentage"":0.002168},{""region"":""B\u00edo B\u00edo Region"",""percentage"":0.250075},{""region"":""Coquimbo Region"",""percentage"":0.008069},{""region"":""O'Higgins Region"",""percentage"":0.009695},{""region"":""Los Lagos Region"",""percentage"":0.00831},{""region"":""Magallanes y la Ant\u00e1rtica Chilena Region"",""percentage"":0.001686},{""region"":""Maule Region"",""percentage"":0.014211},{""region"":""Santiago Metropolitan Region"",""percentage"":0.396158},{""region"":""Tarapac\u00e1 Region"",""percentage"":0.004215}",instagram,"lower_bound: 100001, upper_bound: 500000",es
1327270267703377,386634201382499,"Marco Enriquez-Ominami",2021-11-15,2021-11-15,2021-11-16,"Partido Progresista de Chile - PRO","Recorro las calles de Chile con la tranquilidad de saber que queremos gobernar para representar al mundo popular que quiere cambios. En eso es que se nos va la vida. #ElCambioEsHoy y lo vamos a lograr juntos. #Vota6",,,,"lower_bound: 0, upper_bound: 999","lower_bound: 0, upper_bound: 99",CLP,,,instagram,"lower_bound: 100001, upper_bound: 500000",es
270673921683745,386634201382499,"Marco Enriquez-Ominami",2021-11-15,2021-11-15,2021-11-16,"Partido Progresista de Chile - PRO","RECORRO MI PAÍS

Recorro las calles de Chile con la tranquilidad de saber que queremos gobernar para representar al mundo popular que quiere cambios. En eso es que se nos va la vida. #ElCambioEsHoy y lo vamos a lograr juntos. #Vota6",,,,"lower_bound: 80000, upper_bound: 89999","lower_bound: 175000, upper_bound: 199999",CLP,"{""age"":""25-34"",""gender"":""unknown"",""percentage"":0.000546},{""age"":""35-44"",""gender"":""female"",""percentage"":0.080162},{""age"":""18-24"",""gender"":""female"",""percentage"":0.013043},{""age"":""25-34"",""gender"":""female"",""percentage"":0.044675},{""age"":""35-44"",""gender"":""male"",""percentage"":0.106178},{""age"":""65+"",""gender"":""female"",""percentage"":0.081465},{""age"":""55-64"",""gender"":""female"",""percentage"":0.148249},{""age"":""45-54"",""gender"":""female"",""percentage"":0.119046},{""age"":""55-64"",""gender"":""male"",""percentage"":0.123587},{""age"":""18-24"",""gender"":""unknown"",""percentage"":0.000229},{""age"":""45-54"",""gender"":""male"",""percentage"":0.127231},{""age"":""25-34"",""gender"":""male"",""percentage"":0.07724},{""age"":""35-44"",""gender"":""unknown"",""percentage"":0.001883},{""age"":""65+"",""gender"":""male"",""percentage"":0.056733},{""age"":""18-24"",""gender"":""male"",""percentage"":0.015508},{""age"":""55-64"",""gender"":""unknown"",""percentage"":0.001355},{""age"":""45-54"",""gender"":""unknown"",""percentage"":0.002059},{""age"":""65+"",""gender"":""unknown"",""percentage"":0.00081}","{""region"":""Los R\u00edos Region"",""percentage"":0.027232},{""region"":""Arica y Parinacota Region"",""percentage"":0.026566},{""region"":""Valpara\u00edso Region"",""percentage"":0.113747},{""region"":""Ays\u00e9n Region"",""percentage"":0.006414},{""region"":""Antofagasta Region"",""percentage"":0.0419},{""region"":""Araucan\u00eda Region"",""percentage"":0.055498},{""region"":""Atacama Region"",""percentage"":0.023903},{""region"":""B\u00edo B\u00edo Region"",""percentage"":0.113888},{""region"":""Coquimbo Region"",""percentage"":0.048418},{""region"":""O'Higgins Region"",""percentage"":0.059581},{""region"":""Los Lagos Region"",""percentage"":0.057776},{""region"":""Magallanes y la Ant\u00e1rtica Chilena Region"",""percentage"":0.014632},{""region"":""Maule Region"",""percentage"":0.077859},{""region"":""Santiago Metropolitan Region"",""percentage"":0.303514},{""region"":""Tarapac\u00e1 Region"",""percentage"":0.029072}",facebook,"lower_bound: 500001, upper_bound: 1000000",es
368577731620130,386634201382499,"Marco Enriquez-Ominami",2021-11-14,2021-11-15,2021-11-17,"Partido Progresista de Chile - PRO","¿Conoces nuestras medidas de emergencia para cambiar Chile?

3️⃣ Transporte gratuito a adultos mayores y Fondo Nacional de Medicamentos.

#ElCambioEsHoy
#Vota6
#MarcoPresidente",,,,"lower_bound: 30000, upper_bound: 34999","lower_bound: 200000, upper_bound: 249999",CLP,"{""age"":""25-34"",""gender"":""unknown"",""percentage"":0.00022},{""age"":""25-34"",""gender"":""male"",""percentage"":0.042686},{""age"":""18-24"",""gender"":""male"",""percentage"":0.008757},{""age"":""18-24"",""gender"":""female"",""percentage"":0.004241},{""age"":""35-44"",""gender"":""male"",""percentage"":0.057612},{""age"":""65+"",""gender"":""male"",""percentage"":0.263439},{""age"":""65+"",""gender"":""female"",""percentage"":0.388742},{""age"":""55-64"",""gender"":""female"",""percentage"":0.042741},{""age"":""25-34"",""gender"":""female"",""percentage"":0.019498},{""age"":""45-54"",""gender"":""unknown"",""percentage"":0.000826},{""age"":""45-54"",""gender"":""female"",""percentage"":0.031505},{""age"":""55-64"",""gender"":""male"",""percentage"":0.050121},{""age"":""35-44"",""gender"":""female"",""percentage"":0.02787},{""age"":""45-54"",""gender"":""male"",""percentage"":0.057061},{""age"":""35-44"",""gender"":""unknown"",""percentage"":0.000661},{""age"":""55-64"",""gender"":""unknown"",""percentage"":0.00033},{""age"":""65+"",""gender"":""unknown"",""percentage"":0.00369}","{""region"":""Los R\u00edos Region"",""percentage"":0.005415},{""region"":""Arica y Parinacota Region"",""percentage"":0.004642},{""region"":""Valpara\u00edso Region"",""percentage"":0.16185},{""region"":""Ays\u00e9n Region"",""percentage"":0.001105},{""region"":""Antofagasta Region"",""percentage"":0.049621},{""region"":""Araucan\u00eda Region"",""percentage"":0.049898},{""region"":""Atacama Region"",""percentage"":0.017406},{""region"":""B\u00edo B\u00edo Region"",""percentage"":0.127977},{""region"":""Coquimbo Region"",""percentage"":0.050395},{""region"":""O'Higgins Region"",""percentage"":0.054429},{""region"":""Los Lagos Region"",""percentage"":0.011052},{""region"":""Magallanes y la Ant\u00e1rtica Chilena Region"",""percentage"":0.002984},{""region"":""Maule Region"",""percentage"":0.058518},{""region"":""Santiago Metropolitan Region"",""percentage"":0.381334},{""region"":""Tarapac\u00e1 Region"",""percentage"":0.023374}",facebook,"lower_bound: 50001, upper_bound: 100000",es
971997336859171,386634201382499,"Marco Enriquez-Ominami",2021-11-14,2021-11-14,2021-11-17,"Partido Progresista de Chile - PRO","PERSEVEREMOS JUNTOS

¡Gracias por tanto cariño! En #Chillán y #Talcahuano mirándonos a los ojos, nos comprometimos a perseverar juntos para lograr las grandes transformaciones que Chile necesita. No te rindas, este 21 de noviembre levántate a votar. #ElCambioEsHoy #Vota6",,,,"lower_bound: 90000, upper_bound: 99999","lower_bound: 400000, upper_bound: 449999",CLP,"{""age"":""18-24"",""gender"":""unknown"",""percentage"":2.1e-5},{""age"":""45-54"",""gender"":""female"",""percentage"":0.127453},{""age"":""45-54"",""gender"":""male"",""percentage"":0.113067},{""age"":""25-34"",""gender"":""female"",""percentage"":0.085264},{""age"":""35-44"",""gender"":""male"",""percentage"":0.122527},{""age"":""25-34"",""gender"":""male"",""percentage"":0.100082},{""age"":""55-64"",""gender"":""female"",""percentage"":0.112181},{""age"":""65+"",""gender"":""male"",""percentage"":0.044992},{""age"":""35-44"",""gender"":""female"",""percentage"":0.120651},{""age"":""25-34"",""gender"":""unknown"",""percentage"":0.000495},{""age"":""55-64"",""gender"":""male"",""percentage"":0.080256},{""age"":""65+"",""gender"":""female"",""percentage"":0.077762},{""age"":""18-24"",""gender"":""male"",""percentage"":0.005379},{""age"":""65+"",""gender"":""unknown"",""percentage"":0.000433},{""age"":""18-24"",""gender"":""female"",""percentage"":0.00439},{""age"":""45-54"",""gender"":""unknown"",""percentage"":0.00169},{""age"":""55-64"",""gender"":""unknown"",""percentage"":0.000866},{""age"":""35-44"",""gender"":""unknown"",""percentage"":0.002494}","{""region"":""Los R\u00edos Region"",""percentage"":0.003729},{""region"":""Arica y Parinacota Region"",""percentage"":0.001613},{""region"":""Valpara\u00edso Region"",""percentage"":0.013701},{""region"":""Ays\u00e9n Region"",""percentage"":0.001278},{""region"":""Antofagasta Region"",""percentage"":0.006264},{""region"":""Araucan\u00eda Region"",""percentage"":0.010118},{""region"":""Atacama Region"",""percentage"":0.002493},{""region"":""B\u00edo B\u00edo Region"",""percentage"":0.847282},{""region"":""Coquimbo Region"",""percentage"":0.005363},{""region"":""O'Higgins Region"",""percentage"":0.008568},{""region"":""Los Lagos Region"",""percentage"":0.008086},{""region"":""Magallanes y la Ant\u00e1rtica Chilena Region"",""percentage"":0.002095},{""region"":""Maule Region"",""percentage"":0.012988},{""region"":""Santiago Metropolitan Region"",""percentage"":0.072819},{""region"":""Tarapac\u00e1 Region"",""percentage"":0.003603}",facebook,"lower_bound: 100001, upper_bound: 500000",es
475810640476933,386634201382499,"Marco Enriquez-Ominami",2021-11-14,2021-11-14,2021-11-15,"Partido Progresista de Chile - PRO","¿Conoces nuestras medidas de emergencia para cambiar Chile?

1️⃣ 500 mil nuevos empleos, subsidio al empleo joven e indemnización a todo evento.

#ElCambioEsHoy 
#Vota6 
#MarcoPresidente",,presidentemarco.cl,,"lower_bound: 50000, upper_bound: 59999","lower_bound: 175000, upper_bound: 199999",CLP,"{""age"":""55-64"",""gender"":""unknown"",""percentage"":0.001363},{""age"":""55-64"",""gender"":""male"",""percentage"":0.180123},{""age"":""35-44"",""gender"":""unknown"",""percentage"":0.000755},{""age"":""65+"",""gender"":""unknown"",""percentage"":0.000389},{""age"":""18-24"",""gender"":""female"",""percentage"":0.00073},{""age"":""18-24"",""gender"":""male"",""percentage"":0.002434},{""age"":""45-54"",""gender"":""unknown"",""percentage"":0.002556},{""age"":""25-34"",""gender"":""female"",""percentage"":0.002726},{""age"":""25-34"",""gender"":""male"",""percentage"":0.017258},{""age"":""55-64"",""gender"":""female"",""percentage"":0.209138},{""age"":""45-54"",""gender"":""male"",""percentage"":0.177397},{""age"":""35-44"",""gender"":""male"",""percentage"":0.04895},{""age"":""35-44"",""gender"":""female"",""percentage"":0.029647},{""age"":""65+"",""gender"":""male"",""percentage"":0.067619},{""age"":""65+"",""gender"":""female"",""percentage"":0.096415},{""age"":""45-54"",""gender"":""female"",""percentage"":0.162476},{""age"":""25-34"",""gender"":""unknown"",""percentage"":2.4e-5}","{""region"":""Los R\u00edos Region"",""percentage"":0.004772},{""region"":""Arica y Parinacota Region"",""percentage"":0.002952},{""region"":""Valpara\u00edso Region"",""percentage"":0.023517},{""region"":""Ays\u00e9n Region"",""percentage"":0.001107},{""region"":""Antofagasta Region"",""percentage"":0.007798},{""region"":""Araucan\u00eda Region"",""percentage"":0.012669},{""region"":""Atacama Region"",""percentage"":0.003026},{""region"":""B\u00edo B\u00edo Region"",""percentage"":0.025485},{""region"":""Coquimbo Region"",""percentage"":0.009471},{""region"":""O'Higgins Region"",""percentage"":0.014144},{""region"":""Los Lagos Region"",""percentage"":0.009421},{""region"":""Magallanes y la Ant\u00e1rtica Chilena Region"",""percentage"":0.001722},{""region"":""Maule Region"",""percentage"":0.016973},{""region"":""Santiago Metropolitan Region"",""percentage"":0.863229},{""region"":""Tarapac\u00e1 Region"",""percentage"":0.003714}",facebook,"lower_bound: 100001, upper_bound: 500000",es
572222870746860,386634201382499,"Marco Enriquez-Ominami",2021-11-13,2021-11-13,2021-11-18,"Partido Progresista de Chile - PRO","¡No más alza a los combustibles! Proponemos un cambio de reglas en impuesto al combustible. 

Suspenderemos su cobro, por 6 meses, mientras implementamos un nuevo sistema tributario a los combustibles: GEPCO (Gestión de Precios Sustentable de los Combustibles).","Programa - Presidente Marco",presidentemarco.cl,"Programa PROPUESTAS_PROGRAMATICAS_PROGRESISTAS_PARA_UN_GOBIERNO_DE_EMERGENCIA 2 Descarga el Programa 2021 Descarga el Programa 2017 Descarga el Programa 2013 Descarga el Programa 2009 Propuestas ciudadanas de futuro PLAN DE MEJORAMIENTO DE SUBSIDIO VIVIENDAS PARA LA CLASE MEDIA Propuesta acá NUEVO ...","lower_bound: 1000, upper_bound: 1999","lower_bound: 20000, upper_bound: 24999",CLP,"{""age"":""35-44"",""gender"":""unknown"",""percentage"":0.000656},{""age"":""55-64"",""gender"":""unknown"",""percentage"":0.003934},{""age"":""65+"",""gender"":""male"",""percentage"":0.023607},{""age"":""45-54"",""gender"":""unknown"",""percentage"":0.001967},{""age"":""18-24"",""gender"":""female"",""percentage"":0.023607},{""age"":""18-24"",""gender"":""male"",""percentage"":0.04},{""age"":""35-44"",""gender"":""male"",""percentage"":0.040656},{""age"":""55-64"",""gender"":""female"",""percentage"":0.223607},{""age"":""35-44"",""gender"":""female"",""percentage"":0.053115},{""age"":""45-54"",""gender"":""female"",""percentage"":0.262951},{""age"":""25-34"",""gender"":""female"",""percentage"":0.023607},{""age"":""25-34"",""gender"":""male"",""percentage"":0.04459},{""age"":""45-54"",""gender"":""male"",""percentage"":0.104918},{""age"":""65+"",""gender"":""female"",""percentage"":0.085902},{""age"":""55-64"",""gender"":""male"",""percentage"":0.065574},{""age"":""65+"",""gender"":""unknown"",""percentage"":0.001311}","{""region"":""Los R\u00edos Region"",""percentage"":0.002646},{""region"":""Antofagasta Region"",""percentage"":0.007275},{""region"":""Atacama Region"",""percentage"":0.003307},{""region"":""B\u00edo B\u00edo Region"",""percentage"":0.208333},{""region"":""Coquimbo Region"",""percentage"":0.009259},{""region"":""O'Higgins Region"",""percentage"":0.008598},{""region"":""Los Lagos Region"",""percentage"":0.009259},{""region"":""Maule Region"",""percentage"":0.012566},{""region"":""Santiago Metropolitan Region"",""percentage"":0.464286},{""region"":""Ays\u00e9n Region"",""percentage"":0.002646},{""region"":""Araucan\u00eda Region"",""percentage"":0.009259},{""region"":""Tarapac\u00e1 Region"",""percentage"":0.001984},{""region"":""Arica y Parinacota Region"",""percentage"":0.001323},{""region"":""Magallanes y la Ant\u00e1rtica Chilena Region"",""percentage"":0.001323},{""region"":""Valpara\u00edso Region"",""percentage"":0.257937}",instagram,"lower_bound: 100001, upper_bound: 500000",es
433023788183530,386634201382499,"Marco Enriquez-Ominami",2021-11-13,2021-11-13,2021-11-15,"Partido Progresista de Chile - PRO","Gobernar es proteger, por eso proponemos un bono por hija o hijo mensual, hasta que cumpla los 18 años. #ElCambioEsHoy","Programa - Presidente Marco",presidentemarco.cl,"Programa PROPUESTAS_PROGRAMATICAS_PROGRESISTAS_PARA_UN_GOBIERNO_DE_EMERGENCIA 2 Descarga el Programa 2021 Descarga el Programa 2017 Descarga el Programa 2013 Descarga el Programa 2009 Propuestas ciudadanas de futuro PLAN DE MEJORAMIENTO DE SUBSIDIO VIVIENDAS PARA LA CLASE MEDIA Propuesta acá NUEVO ...","lower_bound: 0, upper_bound: 999","lower_bound: 1500, upper_bound: 1999",CLP,"{""age"":""18-24"",""gender"":""female"",""percentage"":0.015625},{""age"":""55-64"",""gender"":""female"",""percentage"":0.359375},{""age"":""35-44"",""gender"":""female"",""percentage"":0.039063},{""age"":""65+"",""gender"":""female"",""percentage"":0.203125},{""age"":""25-34"",""gender"":""female"",""percentage"":0.023438},{""age"":""45-54"",""gender"":""female"",""percentage"":0.359375}","{""region"":""B\u00edo B\u00edo Region"",""percentage"":0.140625},{""region"":""O'Higgins Region"",""percentage"":0.023438},{""region"":""Maule Region"",""percentage"":0.015625},{""region"":""Antofagasta Region"",""percentage"":0.007813},{""region"":""Coquimbo Region"",""percentage"":0.015625},{""region"":""Los Lagos Region"",""percentage"":0.007813},{""region"":""Valpara\u00edso Region"",""percentage"":0.226563},{""region"":""Santiago Metropolitan Region"",""percentage"":0.5625}",instagram,"lower_bound: 100001, upper_bound: 500000",es
851525682204993,386634201382499,"Marco Enriquez-Ominami",2021-11-13,2021-11-13,2021-11-14,"Partido Progresista de Chile - PRO","Queremos cuidar el bolsillo de 11 millones de chilenas y chilenos durante la pandemia, por eso proponemos giros sin costo desde tu cuenta RUT del BancoEstado. #ElCambioEsHoy","Programa - Presidente Marco",presidentemarco.cl,"Programa PROPUESTAS_PROGRAMATICAS_PROGRESISTAS_PARA_UN_GOBIERNO_DE_EMERGENCIA 2 Descarga el Programa 2021 Descarga el Programa 2017 Descarga el Programa 2013 Descarga el Programa 2009 Propuestas ciudadanas de futuro PLAN DE MEJORAMIENTO DE SUBSIDIO VIVIENDAS PARA LA CLASE MEDIA Propuesta acá NUEVO ...","lower_bound: 0, upper_bound: 999","lower_bound: 3000, upper_bound: 3499",CLP,"{""age"":""35-44"",""gender"":""unknown"",""percentage"":0.004762},{""age"":""35-44"",""gender"":""male"",""percentage"":0.009524},{""age"":""55-64"",""gender"":""male"",""percentage"":0.052381},{""age"":""18-24"",""gender"":""female"",""percentage"":0.047619},{""age"":""18-24"",""gender"":""male"",""percentage"":0.066667},{""age"":""45-54"",""gender"":""female"",""percentage"":0.180952},{""age"":""35-44"",""gender"":""female"",""percentage"":0.042857},{""age"":""65+"",""gender"":""female"",""percentage"":0.119048},{""age"":""55-64"",""gender"":""female"",""percentage"":0.261905},{""age"":""25-34"",""gender"":""male"",""percentage"":0.061905},{""age"":""65+"",""gender"":""male"",""percentage"":0.02381},{""age"":""25-34"",""gender"":""female"",""percentage"":0.014286},{""age"":""45-54"",""gender"":""male"",""percentage"":0.114286}","{""region"":""Los R\u00edos Region"",""percentage"":0.004762},{""region"":""Valpara\u00edso Region"",""percentage"":0.261905},{""region"":""Antofagasta Region"",""percentage"":0.004762},{""region"":""Araucan\u00eda Region"",""percentage"":0.028571},{""region"":""B\u00edo B\u00edo Region"",""percentage"":0.219048},{""region"":""Coquimbo Region"",""percentage"":0.009524},{""region"":""O'Higgins Region"",""percentage"":0.02381},{""region"":""Los Lagos Region"",""percentage"":0.014286},{""region"":""Maule Region"",""percentage"":0.004762},{""region"":""Santiago Metropolitan Region"",""percentage"":0.428571}",instagram,"lower_bound: 100001, upper_bound: 500000",es
258812722965250,386634201382499,"Marco Enriquez-Ominami",2021-11-13,2021-11-13,2021-11-14,"Partido Progresista de Chile - PRO","Queremos sacar el flagelo narcotráfico de los barrios, vamos a levantar el secreto bancario en casos fundados para seguir la ruta de la plata: tolerancia cero al narcotráfico. #ElCambioEsHoy #Vota6",,,,"lower_bound: 0, upper_bound: 999","lower_bound: 5000, upper_bound: 5999",CLP,"{""age"":""45-54"",""gender"":""unknown"",""percentage"":0.005988},{""age"":""25-34"",""gender"":""female"",""percentage"":0.041916},{""age"":""35-44"",""gender"":""unknown"",""percentage"":0.002994},{""age"":""55-64"",""gender"":""male"",""percentage"":0.050898},{""age"":""25-34"",""gender"":""male"",""percentage"":0.134731},{""age"":""55-64"",""gender"":""female"",""percentage"":0.149701},{""age"":""45-54"",""gender"":""male"",""percentage"":0.10479},{""age"":""35-44"",""gender"":""female"",""percentage"":0.122754},{""age"":""45-54"",""gender"":""female"",""percentage"":0.152695},{""age"":""35-44"",""gender"":""male"",""percentage"":0.125749},{""age"":""18-24"",""gender"":""male"",""percentage"":0.017964},{""age"":""65+"",""gender"":""female"",""percentage"":0.05988},{""age"":""65+"",""gender"":""male"",""percentage"":0.017964},{""age"":""18-24"",""gender"":""female"",""percentage"":0.011976}","{""region"":""Arica y Parinacota Region"",""percentage"":0.002959},{""region"":""Valpara\u00edso Region"",""percentage"":0.038462},{""region"":""Antofagasta Region"",""percentage"":0.002959},{""region"":""Araucan\u00eda Region"",""percentage"":0.002959},{""region"":""B\u00edo B\u00edo Region"",""percentage"":0.014793},{""region"":""Coquimbo Region"",""percentage"":0.011834},{""region"":""O'Higgins Region"",""percentage"":0.014793},{""region"":""Los Lagos Region"",""percentage"":0.002959},{""region"":""Magallanes y la Ant\u00e1rtica Chilena Region"",""percentage"":0.002959},{""region"":""Maule Region"",""percentage"":0.011834},{""region"":""Santiago Metropolitan Region"",""percentage"":0.893491}",instagram,"lower_bound: 100001, upper_bound: 500000",es
645237396466665,386634201382499,"Marco Enriquez-Ominami",2021-11-13,2021-11-13,2021-11-18,"Partido Progresista de Chile - PRO","La reactivación debe ser con la Pymes, por eso proponemos crédito en pesos y con 0% de interés. #ElCambioEsHoy",,,,"lower_bound: 1000, upper_bound: 1999","lower_bound: 7000, upper_bound: 7999",CLP,"{""age"":""65+"",""gender"":""unknown"",""percentage"":0.000598},{""age"":""55-64"",""gender"":""male"",""percentage"":0.014345},{""age"":""35-44"",""gender"":""male"",""percentage"":0.083682},{""age"":""45-54"",""gender"":""female"",""percentage"":0.08428},{""age"":""55-64"",""gender"":""female"",""percentage"":0.068739},{""age"":""18-24"",""gender"":""unknown"",""percentage"":0.002989},{""age"":""18-24"",""gender"":""female"",""percentage"":0.086073},{""age"":""25-34"",""gender"":""female"",""percentage"":0.108787},{""age"":""18-24"",""gender"":""male"",""percentage"":0.180514},{""age"":""35-44"",""gender"":""unknown"",""percentage"":0.000598},{""age"":""65+"",""gender"":""male"",""percentage"":0.012552},{""age"":""25-34"",""gender"":""male"",""percentage"":0.20801},{""age"":""45-54"",""gender"":""male"",""percentage"":0.041841},{""age"":""35-44"",""gender"":""female"",""percentage"":0.083084},{""age"":""65+"",""gender"":""female"",""percentage"":0.021518},{""age"":""55-64"",""gender"":""unknown"",""percentage"":0.001195},{""age"":""25-34"",""gender"":""unknown"",""percentage"":0.001195}","{""region"":""Los R\u00edos Region"",""percentage"":0.022222},{""region"":""Arica y Parinacota Region"",""percentage"":0.011411},{""region"":""Valpara\u00edso Region"",""percentage"":0.092492},{""region"":""Ays\u00e9n Region"",""percentage"":0.004204},{""region"":""Antofagasta Region"",""percentage"":0.038438},{""region"":""Araucan\u00eda Region"",""percentage"":0.049249},{""region"":""Atacama Region"",""percentage"":0.015616},{""region"":""B\u00edo B\u00edo Region"",""percentage"":0.114114},{""region"":""Coquimbo Region"",""percentage"":0.035435},{""region"":""O'Higgins Region"",""percentage"":0.052252},{""region"":""Los Lagos Region"",""percentage"":0.034835},{""region"":""Magallanes y la Ant\u00e1rtica Chilena Region"",""percentage"":0.015616},{""region"":""Maule Region"",""percentage"":0.049249},{""region"":""Santiago Metropolitan Region"",""percentage"":0.444444},{""region"":""Tarapac\u00e1 Region"",""percentage"":0.02042}",instagram,"lower_bound: 1000001",es
956261511901903,386634201382499,"Marco Enriquez-Ominami",2021-11-13,2021-11-15,2021-11-18,"Partido Progresista de Chile - PRO","Estamos en el momento más grande y más grave de nuestra historia. La incertidumbre no es producto del estallido social, es producto de que nuestra economía es mediocre y tenemos que ser más creativos.

#enade2021 #MarcoPresidente #Vota6",,youtu.be,,"lower_bound: 0, upper_bound: 999","lower_bound: 0, upper_bound: 99",CLP,,,instagram,"lower_bound: 100001, upper_bound: 500000",es
457033346011767,386634201382499,"Marco Enriquez-Ominami",2021-11-13,2021-11-13,2021-11-14,"Partido Progresista de Chile - PRO","Queremos cuidar el bolsillo de 11 millones de chilenas y chilenos durante la pandemia, por eso proponemos giros sin costo desde tu cuenta RUT del BancoEstado. #ElCambioEsHoy",,,,"lower_bound: 25000, upper_bound: 29999","lower_bound: 100000, upper_bound: 124999",CLP,"{""age"":""65+"",""gender"":""unknown"",""percentage"":0.001115},{""age"":""55-64"",""gender"":""male"",""percentage"":0.191956},{""age"":""25-34"",""gender"":""unknown"",""percentage"":0.000134},{""age"":""18-24"",""gender"":""female"",""percentage"":0.001917},{""age"":""55-64"",""gender"":""unknown"",""percentage"":0.001516},{""age"":""35-44"",""gender"":""unknown"",""percentage"":0.000535},{""age"":""18-24"",""gender"":""male"",""percentage"":0.005083},{""age"":""65+"",""gender"":""male"",""percentage"":0.105186},{""age"":""25-34"",""gender"":""male"",""percentage"":0.018683},{""age"":""45-54"",""gender"":""unknown"",""percentage"":0.002408},{""age"":""45-54"",""gender"":""female"",""percentage"":0.133009},{""age"":""65+"",""gender"":""female"",""percentage"":0.139698},{""age"":""45-54"",""gender"":""male"",""percentage"":0.141214},{""age"":""55-64"",""gender"":""female"",""percentage"":0.199046},{""age"":""35-44"",""gender"":""female"",""percentage"":0.019842},{""age"":""25-34"",""gender"":""female"",""percentage"":0.004414},{""age"":""35-44"",""gender"":""male"",""percentage"":0.0342},{""age"":""18-24"",""gender"":""unknown"",""percentage"":4.5e-5}","{""region"":""Los R\u00edos Region"",""percentage"":0.0046},{""region"":""Arica y Parinacota Region"",""percentage"":0.002389},{""region"":""Valpara\u00edso Region"",""percentage"":0.2616},{""region"":""Ays\u00e9n Region"",""percentage"":0.001415},{""region"":""Antofagasta Region"",""percentage"":0.005927},{""region"":""Araucan\u00eda Region"",""percentage"":0.010926},{""region"":""Atacama Region"",""percentage"":0.002256},{""region"":""B\u00edo B\u00edo Region"",""percentage"":0.286681},{""region"":""Coquimbo Region"",""percentage"":0.008316},{""region"":""O'Higgins Region"",""percentage"":0.010174},{""region"":""Los Lagos Region"",""percentage"":0.009289},{""region"":""Magallanes y la Ant\u00e1rtica Chilena Region"",""percentage"":0.002698},{""region"":""Maule Region"",""percentage"":0.011634},{""region"":""Santiago Metropolitan Region"",""percentage"":0.378555},{""region"":""Tarapac\u00e1 Region"",""percentage"":0.003539}",facebook,"lower_bound: 500001, upper_bound: 1000000",es
1179332149548701,386634201382499,"Marco Enriquez-Ominami",2021-11-13,2021-11-13,2021-11-16,"Partido Progresista de Chile - PRO","Gobernar es proteger, por eso proponemos un bono por hija o hijo mensual, hasta que cumpla los 18 años. #ElCambioEsHoy",,,,"lower_bound: 60000, upper_bound: 69999","lower_bound: 175000, upper_bound: 199999",CLP,"{""age"":""25-34"",""gender"":""female"",""percentage"":0.018791},{""age"":""35-44"",""gender"":""female"",""percentage"":0.056576},{""age"":""65+"",""gender"":""female"",""percentage"":0.209042},{""age"":""55-64"",""gender"":""female"",""percentage"":0.383585},{""age"":""45-54"",""gender"":""female"",""percentage"":0.327257},{""age"":""18-24"",""gender"":""female"",""percentage"":0.004748}","{""region"":""Los R\u00edos Region"",""percentage"":0.003931},{""region"":""Arica y Parinacota Region"",""percentage"":0.00214},{""region"":""Valpara\u00edso Region"",""percentage"":0.260979},{""region"":""Ays\u00e9n Region"",""percentage"":0.000699},{""region"":""Antofagasta Region"",""percentage"":0.004389},{""region"":""Araucan\u00eda Region"",""percentage"":0.011093},{""region"":""Atacama Region"",""percentage"":0.00238},{""region"":""B\u00edo B\u00edo Region"",""percentage"":0.259406},{""region"":""Coquimbo Region"",""percentage"":0.006333},{""region"":""O'Higgins Region"",""percentage"":0.00915},{""region"":""Los Lagos Region"",""percentage"":0.006835},{""region"":""Magallanes y la Ant\u00e1rtica Chilena Region"",""percentage"":0.001572},{""region"":""Maule Region"",""percentage"":0.011836},{""region"":""Santiago Metropolitan Region"",""percentage"":0.416221},{""region"":""Tarapac\u00e1 Region"",""percentage"":0.003035}",facebook,"lower_bound: 100001, upper_bound: 500000",es
609051800543724,386634201382499,"Marco Enriquez-Ominami",2021-11-13,2021-11-13,2021-11-14,"Partido Progresista de Chile - PRO","Queremos sacar el flagelo narcotráfico de los barrios, vamos a levantar el secreto bancario en casos fundados para seguir la ruta de la plata: tolerancia cero al narcotráfico. #ElCambioEsHoy #Vota6",,,,"lower_bound: 25000, upper_bound: 29999","lower_bound: 100000, upper_bound: 124999",CLP,"{""age"":""55-64"",""gender"":""male"",""percentage"":0.118804},{""age"":""35-44"",""gender"":""female"",""percentage"":0.075637},{""age"":""65+"",""gender"":""unknown"",""percentage"":0.000463},{""age"":""25-34"",""gender"":""unknown"",""percentage"":0.000295},{""age"":""18-24"",""gender"":""male"",""percentage"":0.005012},{""age"":""35-44"",""gender"":""unknown"",""percentage"":0.001263},{""age"":""45-54"",""gender"":""unknown"",""percentage"":0.00139},{""age"":""18-24"",""gender"":""female"",""percentage"":0.001979},{""age"":""45-54"",""gender"":""female"",""percentage"":0.106886},{""age"":""65+"",""gender"":""female"",""percentage"":0.105033},{""age"":""55-64"",""gender"":""female"",""percentage"":0.143062},{""age"":""45-54"",""gender"":""male"",""percentage"":0.121036},{""age"":""25-34"",""gender"":""male"",""percentage"":0.089661},{""age"":""35-44"",""gender"":""male"",""percentage"":0.12411},{""age"":""65+"",""gender"":""male"",""percentage"":0.073531},{""age"":""25-34"",""gender"":""female"",""percentage"":0.031207},{""age"":""55-64"",""gender"":""unknown"",""percentage"":0.000632}","{""region"":""Los R\u00edos Region"",""percentage"":0.006417},{""region"":""Arica y Parinacota Region"",""percentage"":0.004393},{""region"":""Valpara\u00edso Region"",""percentage"":0.031912},{""region"":""Ays\u00e9n Region"",""percentage"":0.001421},{""region"":""Antofagasta Region"",""percentage"":0.008786},{""region"":""Araucan\u00eda Region"",""percentage"":0.017571},{""region"":""Atacama Region"",""percentage"":0.00422},{""region"":""B\u00edo B\u00edo Region"",""percentage"":0.030448},{""region"":""Coquimbo Region"",""percentage"":0.011499},{""region"":""O'Higgins Region"",""percentage"":0.019294},{""region"":""Los Lagos Region"",""percentage"":0.014987},{""region"":""Magallanes y la Ant\u00e1rtica Chilena Region"",""percentage"":0.003058},{""region"":""Maule Region"",""percentage"":0.020198},{""region"":""Santiago Metropolitan Region"",""percentage"":0.820973},{""region"":""Tarapac\u00e1 Region"",""percentage"":0.004823}",facebook,"lower_bound: 100001, upper_bound: 500000",es
595231541796679,386634201382499,"Marco Enriquez-Ominami",2021-11-12,2021-11-13,2021-11-14,"Partido Progresista de Chile - PRO","Candidato @joseantoniokast, le hablo a usted. Quiere entregar mayor subsidio a la vivienda a mujeres casadas. No hay mujeres de 1era y 2da clase. Proponemos un subsidio de UF 700 para viviendas de hasta UF 5.500 para madres jefas de hogar. 

#ElCambioEsHoy 
#MarcoPresidente 
#FranjaElectoral",,youtu.be,,"lower_bound: 15000, upper_bound: 19999","lower_bound: 125000, upper_bound: 149999",CLP,"{""age"":""18-24"",""gender"":""unknown"",""percentage"":0.000632},{""age"":""18-24"",""gender"":""female"",""percentage"":0.189387},{""age"":""45-54"",""gender"":""unknown"",""percentage"":0.001011},{""age"":""55-64"",""gender"":""unknown"",""percentage"":0.000632},{""age"":""55-64"",""gender"":""male"",""percentage"":0.030449},{""age"":""65+"",""gender"":""female"",""percentage"":0.035881},{""age"":""25-34"",""gender"":""male"",""percentage"":0.150221},{""age"":""18-24"",""gender"":""male"",""percentage"":0.130891},{""age"":""25-34"",""gender"":""female"",""percentage"":0.230954},{""age"":""35-44"",""gender"":""unknown"",""percentage"":0.00139},{""age"":""35-44"",""gender"":""male"",""percentage"":0.040935},{""age"":""35-44"",""gender"":""female"",""percentage"":0.056096},{""age"":""55-64"",""gender"":""female"",""percentage"":0.048768},{""age"":""45-54"",""gender"":""female"",""percentage"":0.036008},{""age"":""65+"",""gender"":""male"",""percentage"":0.020088},{""age"":""45-54"",""gender"":""male"",""percentage"":0.025521},{""age"":""25-34"",""gender"":""unknown"",""percentage"":0.000632},{""age"":""65+"",""gender"":""unknown"",""percentage"":0.000505}","{""region"":""Los R\u00edos Region"",""percentage"":0.016082},{""region"":""Arica y Parinacota Region"",""percentage"":0.017841},{""region"":""Valpara\u00edso Region"",""percentage"":0.10441},{""region"":""Ays\u00e9n Region"",""percentage"":0.004774},{""region"":""Antofagasta Region"",""percentage"":0.054404},{""region"":""Araucan\u00eda Region"",""percentage"":0.053273},{""region"":""Atacama Region"",""percentage"":0.022365},{""region"":""B\u00edo B\u00edo Region"",""percentage"":0.136701},{""region"":""Coquimbo Region"",""percentage"":0.050635},{""region"":""O'Higgins Region"",""percentage"":0.054027},{""region"":""Los Lagos Region"",""percentage"":0.041839},{""region"":""Magallanes y la Ant\u00e1rtica Chilena Region"",""percentage"":0.017088},{""region"":""Maule Region"",""percentage"":0.067596},{""region"":""Santiago Metropolitan Region"",""percentage"":0.326674},{""region"":""Tarapac\u00e1 Region"",""percentage"":0.03229}",instagram,"lower_bound: 100001, upper_bound: 500000",es
970201350198879,386634201382499,"Marco Enriquez-Ominami",2021-11-12,2021-11-12,2021-11-19,"Partido Progresista de Chile - PRO","La reactivación debe ser con la Pymes, por eso proponemos crédito en pesos y con 0% de interés. #ElCambioEsHoy",,,,"lower_bound: 175000, upper_bound: 199999","lower_bound: 450000, upper_bound: 499999",CLP,"{""age"":""25-34"",""gender"":""unknown"",""percentage"":0.001549},{""age"":""35-44"",""gender"":""male"",""percentage"":0.143531},{""age"":""25-34"",""gender"":""female"",""percentage"":0.064177},{""age"":""65+"",""gender"":""male"",""percentage"":0.033632},{""age"":""65+"",""gender"":""female"",""percentage"":0.049319},{""age"":""18-24"",""gender"":""female"",""percentage"":0.018135},{""age"":""45-54"",""gender"":""male"",""percentage"":0.100966},{""age"":""35-44"",""gender"":""female"",""percentage"":0.088277},{""age"":""18-24"",""gender"":""male"",""percentage"":0.041496},{""age"":""18-24"",""gender"":""unknown"",""percentage"":0.000709},{""age"":""55-64"",""gender"":""male"",""percentage"":0.068603},{""age"":""25-34"",""gender"":""male"",""percentage"":0.160577},{""age"":""55-64"",""gender"":""female"",""percentage"":0.106821},{""age"":""45-54"",""gender"":""female"",""percentage"":0.116244},{""age"":""35-44"",""gender"":""unknown"",""percentage"":0.002338},{""age"":""55-64"",""gender"":""unknown"",""percentage"":0.001079},{""age"":""45-54"",""gender"":""unknown"",""percentage"":0.001709},{""age"":""65+"",""gender"":""unknown"",""percentage"":0.000839}","{""region"":""Unknown"",""percentage"":1.0e-5},{""region"":""Los R\u00edos Region"",""percentage"":0.026664},{""region"":""Arica y Parinacota Region"",""percentage"":0.024114},{""region"":""Valpara\u00edso Region"",""percentage"":0.117824},{""region"":""Ays\u00e9n Region"",""percentage"":0.006681},{""region"":""Antofagasta Region"",""percentage"":0.037674},{""region"":""Araucan\u00eda Region"",""percentage"":0.053872},{""region"":""Atacama Region"",""percentage"":0.018728},{""region"":""B\u00edo B\u00edo Region"",""percentage"":0.109532},{""region"":""Coquimbo Region"",""percentage"":0.042684},{""region"":""O'Higgins Region"",""percentage"":0.053625},{""region"":""Los Lagos Region"",""percentage"":0.065464},{""region"":""Magallanes y la Ant\u00e1rtica Chilena Region"",""percentage"":0.019074},{""region"":""Maule Region"",""percentage"":0.058181},{""region"":""Santiago Metropolitan Region"",""percentage"":0.342739},{""region"":""Tarapac\u00e1 Region"",""percentage"":0.023136}",facebook,"lower_bound: 1000001",es
1059244561506522,386634201382499,"Marco Enriquez-Ominami",2021-11-12,2021-11-12,2021-11-19,"Partido Progresista de Chile - PRO","Las mujeres han sido las más postergadas durante la pandemia, en nuestro gobierno habrá una Renta Básica Universal para ellas durante 6 meses. #ElCambioEsHoy",,,,"lower_bound: 175000, upper_bound: 199999","lower_bound: 500000, upper_bound: 599999",CLP,"{""age"":""18-24"",""gender"":""unknown"",""percentage"":7.8e-5},{""age"":""25-34"",""gender"":""male"",""percentage"":0.016892},{""age"":""65+"",""gender"":""unknown"",""percentage"":0.000793},{""age"":""55-64"",""gender"":""unknown"",""percentage"":0.001547},{""age"":""45-54"",""gender"":""female"",""percentage"":0.246791},{""age"":""55-64"",""gender"":""female"",""percentage"":0.285855},{""age"":""45-54"",""gender"":""male"",""percentage"":0.085281},{""age"":""65+"",""gender"":""female"",""percentage"":0.141016},{""age"":""25-34"",""gender"":""female"",""percentage"":0.01567},{""age"":""35-44"",""gender"":""unknown"",""percentage"":0.000611},{""age"":""18-24"",""gender"":""female"",""percentage"":0.004864},{""age"":""55-64"",""gender"":""male"",""percentage"":0.081796},{""age"":""35-44"",""gender"":""female"",""percentage"":0.049715},{""age"":""65+"",""gender"":""male"",""percentage"":0.036359},{""age"":""35-44"",""gender"":""male"",""percentage"":0.026346},{""age"":""18-24"",""gender"":""male"",""percentage"":0.004005},{""age"":""45-54"",""gender"":""unknown"",""percentage"":0.002328},{""age"":""25-34"",""gender"":""unknown"",""percentage"":5.2e-5}","{""region"":""Los R\u00edos Region"",""percentage"":0.003888},{""region"":""Arica y Parinacota Region"",""percentage"":0.004125},{""region"":""Valpara\u00edso Region"",""percentage"":0.136644},{""region"":""Ays\u00e9n Region"",""percentage"":0.000883},{""region"":""Antofagasta Region"",""percentage"":0.069139},{""region"":""Araucan\u00eda Region"",""percentage"":0.090424},{""region"":""Atacama Region"",""percentage"":0.030932},{""region"":""B\u00edo B\u00edo Region"",""percentage"":0.117007},{""region"":""Coquimbo Region"",""percentage"":0.082543},{""region"":""O'Higgins Region"",""percentage"":0.092836},{""region"":""Los Lagos Region"",""percentage"":0.00945},{""region"":""Magallanes y la Ant\u00e1rtica Chilena Region"",""percentage"":0.001885},{""region"":""Maule Region"",""percentage"":0.093508},{""region"":""Santiago Metropolitan Region"",""percentage"":0.229124},{""region"":""Tarapac\u00e1 Region"",""percentage"":0.037614}",facebook,"lower_bound: 500001, upper_bound: 1000000",es
2648823728759017,386634201382499,"Marco Enriquez-Ominami",2021-11-12,2021-11-12,2021-11-19,"Partido Progresista de Chile - PRO","¡No más alza a los combustibles! Proponemos un cambio de reglas en impuesto al combustible. 

Suspenderemos su cobro, por 6 meses, mientras implementamos un nuevo sistema tributario a los combustibles: GEPCO (Gestión de Precios Sustentable de los Combustibles).",,,,"lower_bound: 100000, upper_bound: 124999","lower_bound: 450000, upper_bound: 499999",CLP,"{""age"":""25-34"",""gender"":""unknown"",""percentage"":1.8e-5},{""age"":""55-64"",""gender"":""male"",""percentage"":0.198219},{""age"":""55-64"",""gender"":""unknown"",""percentage"":0.001408},{""age"":""18-24"",""gender"":""female"",""percentage"":0.001792},{""age"":""18-24"",""gender"":""male"",""percentage"":0.00532},{""age"":""45-54"",""gender"":""female"",""percentage"":0.14217},{""age"":""45-54"",""gender"":""male"",""percentage"":0.178458},{""age"":""55-64"",""gender"":""female"",""percentage"":0.180085},{""age"":""65+"",""gender"":""female"",""percentage"":0.095097},{""age"":""18-24"",""gender"":""unknown"",""percentage"":5.5e-5},{""age"":""35-44"",""gender"":""male"",""percentage"":0.046708},{""age"":""25-34"",""gender"":""male"",""percentage"":0.026617},{""age"":""65+"",""gender"":""male"",""percentage"":0.091313},{""age"":""35-44"",""gender"":""female"",""percentage"":0.022595},{""age"":""25-34"",""gender"":""female"",""percentage"":0.006746},{""age"":""65+"",""gender"":""unknown"",""percentage"":0.000914},{""age"":""45-54"",""gender"":""unknown"",""percentage"":0.002029},{""age"":""35-44"",""gender"":""unknown"",""percentage"":0.000457}","{""region"":""Los R\u00edos Region"",""percentage"":0.00342},{""region"":""Arica y Parinacota Region"",""percentage"":0.001954},{""region"":""Valpara\u00edso Region"",""percentage"":0.275565},{""region"":""Ays\u00e9n Region"",""percentage"":0.00105},{""region"":""Antofagasta Region"",""percentage"":0.00561},{""region"":""Araucan\u00eda Region"",""percentage"":0.010586},{""region"":""Atacama Region"",""percentage"":0.002986},{""region"":""B\u00edo B\u00edo Region"",""percentage"":0.244132},{""region"":""Coquimbo Region"",""percentage"":0.007944},{""region"":""O'Higgins Region"",""percentage"":0.010441},{""region"":""Los Lagos Region"",""percentage"":0.007184},{""region"":""Magallanes y la Ant\u00e1rtica Chilena Region"",""percentage"":0.002588},{""region"":""Maule Region"",""percentage"":0.011889},{""region"":""Santiago Metropolitan Region"",""percentage"":0.411393},{""region"":""Tarapac\u00e1 Region"",""percentage"":0.003257}",facebook,"lower_bound: 500001, upper_bound: 1000000",es
397154848755116,386634201382499,"Marco Enriquez-Ominami",2021-11-12,2021-11-12,2021-11-14,"Partido Progresista de Chile - PRO","#ElCambioEsHoy
#Vota6","¡Juntos venceremos a Kast en segunda vuelta!",presidentemarco.cl,,"lower_bound: 20000, upper_bound: 24999","lower_bound: 175000, upper_bound: 199999",CLP,"{""age"":""45-54"",""gender"":""unknown"",""percentage"":0.00165},{""age"":""45-54"",""gender"":""male"",""percentage"":0.033305},{""age"":""35-44"",""gender"":""unknown"",""percentage"":0.001178},{""age"":""65+"",""gender"":""female"",""percentage"":0.0736},{""age"":""55-64"",""gender"":""female"",""percentage"":0.094808},{""age"":""25-34"",""gender"":""male"",""percentage"":0.116802},{""age"":""18-24"",""gender"":""female"",""percentage"":0.142958},{""age"":""25-34"",""gender"":""female"",""percentage"":0.202262},{""age"":""18-24"",""gender"":""male"",""percentage"":0.089938},{""age"":""25-34"",""gender"":""unknown"",""percentage"":0.0011},{""age"":""45-54"",""gender"":""female"",""percentage"":0.062446},{""age"":""55-64"",""gender"":""male"",""percentage"":0.039431},{""age"":""65+"",""gender"":""male"",""percentage"":0.032755},{""age"":""35-44"",""gender"":""female"",""percentage"":0.062603},{""age"":""35-44"",""gender"":""male"",""percentage"":0.040452},{""age"":""18-24"",""gender"":""unknown"",""percentage"":0.000707},{""age"":""55-64"",""gender"":""unknown"",""percentage"":0.002121},{""age"":""65+"",""gender"":""unknown"",""percentage"":0.001885}","{""region"":""Los R\u00edos Region"",""percentage"":0.017455},{""region"":""Arica y Parinacota Region"",""percentage"":0.014793},{""region"":""Valpara\u00edso Region"",""percentage"":0.11052},{""region"":""Ays\u00e9n Region"",""percentage"":0.005166},{""region"":""Antofagasta Region"",""percentage"":0.047824},{""region"":""Araucan\u00eda Region"",""percentage"":0.05119},{""region"":""Atacama Region"",""percentage"":0.016828},{""region"":""B\u00edo B\u00edo Region"",""percentage"":0.125548},{""region"":""Coquimbo Region"",""percentage"":0.049624},{""region"":""O'Higgins Region"",""percentage"":0.050642},{""region"":""Los Lagos Region"",""percentage"":0.041797},{""region"":""Magallanes y la Ant\u00e1rtica Chilena Region"",""percentage"":0.01722},{""region"":""Maule Region"",""percentage"":0.064574},{""region"":""Santiago Metropolitan Region"",""percentage"":0.360207},{""region"":""Tarapac\u00e1 Region"",""percentage"":0.026612}",instagram,"lower_bound: 100001, upper_bound: 500000",es
306932467723855,386634201382499,"Marco Enriquez-Ominami",2021-11-12,2021-11-12,2021-11-15,"Partido Progresista de Chile - PRO","✍️ Carta abierta | Es el momento del Chile que sueñas. Te invito a creer en ese Chile de todas y todos, y pido con esperanza y convicción tu voto para conseguirlo.  ¡Juntos venceremos a Kast en segunda vuelta! 

#ElCambioEsHoy
#Vota6","CARTA ABIERTA | ¡Juntos venceremos a Kast en segunda vuelta!",presidentemarco.cl,"Queridas chilenas y chilenos Esta presidencial ha sido una campaña extraña y difícil. Es decepcionante ver a la clase política tan desconectada de las urgentes necesidades de nuestro pueblo y del momento histórico que significa la creación de nuestra nueva Constitución. Ha sido duro ver como","lower_bound: 70000, upper_bound: 79999","lower_bound: 175000, upper_bound: 199999",CLP,"{""age"":""18-24"",""gender"":""unknown"",""percentage"":0.000227},{""age"":""35-44"",""gender"":""female"",""percentage"":0.05947},{""age"":""18-24"",""gender"":""male"",""percentage"":0.01774},{""age"":""18-24"",""gender"":""female"",""percentage"":0.011995},{""age"":""45-54"",""gender"":""male"",""percentage"":0.079553},{""age"":""45-54"",""gender"":""female"",""percentage"":0.112085},{""age"":""65+"",""gender"":""male"",""percentage"":0.098453},{""age"":""55-64"",""gender"":""female"",""percentage"":0.179191},{""age"":""55-64"",""gender"":""male"",""percentage"":0.114253},{""age"":""25-34"",""gender"":""unknown"",""percentage"":0.00063},{""age"":""65+"",""gender"":""female"",""percentage"":0.153765},{""age"":""25-34"",""gender"":""male"",""percentage"":0.063779},{""age"":""35-44"",""gender"":""male"",""percentage"":0.061914},{""age"":""65+"",""gender"":""unknown"",""percentage"":0.001588},{""age"":""35-44"",""gender"":""unknown"",""percentage"":0.001865},{""age"":""25-34"",""gender"":""female"",""percentage"":0.040092},{""age"":""45-54"",""gender"":""unknown"",""percentage"":0.001688},{""age"":""55-64"",""gender"":""unknown"",""percentage"":0.001714}","{""region"":""Los R\u00edos Region"",""percentage"":0.025494},{""region"":""Arica y Parinacota Region"",""percentage"":0.02158},{""region"":""Valpara\u00edso Region"",""percentage"":0.106795},{""region"":""Ays\u00e9n Region"",""percentage"":0.007327},{""region"":""Antofagasta Region"",""percentage"":0.037815},{""region"":""Araucan\u00eda Region"",""percentage"":0.059771},{""region"":""Atacama Region"",""percentage"":0.019648},{""region"":""B\u00edo B\u00edo Region"",""percentage"":0.137735},{""region"":""Coquimbo Region"",""percentage"":0.046673},{""region"":""O'Higgins Region"",""percentage"":0.057287},{""region"":""Los Lagos Region"",""percentage"":0.0607},{""region"":""Magallanes y la Ant\u00e1rtica Chilena Region"",""percentage"":0.020325},{""region"":""Maule Region"",""percentage"":0.07307},{""region"":""Santiago Metropolitan Region"",""percentage"":0.298906},{""region"":""Tarapac\u00e1 Region"",""percentage"":0.026874}","facebook,instagram","lower_bound: 500001, upper_bound: 1000000",es
316121243334624,386634201382499,"Marco Enriquez-Ominami",2021-11-11,2021-11-11,2021-11-18,"Partido Progresista de Chile - PRO","LA INCERTIDUMBRE NO ES POR EL ESTALLIDO, ES PORQUE NUESTRA ECONOMÍA ES MEDIOCRE

Estamos en el momento más grande y más grave de nuestra historia. La incertidumbre no es producto del estallido social, es producto de que nuestra economía es mediocre y tenemos que ser más creativos.

#enade2021 #MarcoPresidente #Vota6",,,,"lower_bound: 125000, upper_bound: 149999","lower_bound: 175000, upper_bound: 199999",CLP,"{""age"":""65+"",""gender"":""unknown"",""percentage"":0.000683},{""age"":""65+"",""gender"":""male"",""percentage"":0.056658},{""age"":""55-64"",""gender"":""unknown"",""percentage"":0.001031},{""age"":""45-54"",""gender"":""unknown"",""percentage"":0.001888},{""age"":""35-44"",""gender"":""female"",""percentage"":0.054261},{""age"":""35-44"",""gender"":""male"",""percentage"":0.126654},{""age"":""25-34"",""gender"":""male"",""percentage"":0.082088},{""age"":""45-54"",""gender"":""male"",""percentage"":0.174032},{""age"":""55-64"",""gender"":""male"",""percentage"":0.15578},{""age"":""25-34"",""gender"":""unknown"",""percentage"":0.000415},{""age"":""55-64"",""gender"":""female"",""percentage"":0.131193},{""age"":""65+"",""gender"":""female"",""percentage"":0.060595},{""age"":""45-54"",""gender"":""female"",""percentage"":0.109366},{""age"":""18-24"",""gender"":""male"",""percentage"":0.012507},{""age"":""25-34"",""gender"":""female"",""percentage"":0.025202},{""age"":""18-24"",""gender"":""female"",""percentage"":0.0062},{""age"":""35-44"",""gender"":""unknown"",""percentage"":0.001353},{""age"":""18-24"",""gender"":""unknown"",""percentage"":9.4e-5}","{""region"":""Los R\u00edos Region"",""percentage"":0.029216},{""region"":""Arica y Parinacota Region"",""percentage"":0.024435},{""region"":""Valpara\u00edso Region"",""percentage"":0.113607},{""region"":""Ays\u00e9n Region"",""percentage"":0.007191},{""region"":""Antofagasta Region"",""percentage"":0.039825},{""region"":""Araucan\u00eda Region"",""percentage"":0.055691},{""region"":""Atacama Region"",""percentage"":0.023415},{""region"":""B\u00edo B\u00edo Region"",""percentage"":0.123646},{""region"":""Coquimbo Region"",""percentage"":0.043003},{""region"":""O'Higgins Region"",""percentage"":0.055916},{""region"":""Los Lagos Region"",""percentage"":0.060644},{""region"":""Magallanes y la Ant\u00e1rtica Chilena Region"",""percentage"":0.017893},{""region"":""Maule Region"",""percentage"":0.072418},{""region"":""Santiago Metropolitan Region"",""percentage"":0.304863},{""region"":""Tarapac\u00e1 Region"",""percentage"":0.028236}",facebook,"lower_bound: 500001, upper_bound: 1000000",es
1063558441124325,386634201382499,"Marco Enriquez-Ominami",2021-11-11,2021-11-11,2021-11-12,"Partido Progresista de Chile - PRO","¡Gas a precio justo! Junto a representantes del sindicato de ENAP del Biobío queremos que la empresa estatal se sume a la distribución del gas. ¿Sabían que Enap lo vende a $8.340 a distribuidores y llega a $21.500 al consumidor final? #ElCambioEsHoy y lo haremos terminando con los abusos.",,,,"lower_bound: 15000, upper_bound: 19999","lower_bound: 300000, upper_bound: 349999",CLP,"{""age"":""18-24"",""gender"":""unknown"",""percentage"":0.000518},{""age"":""65+"",""gender"":""male"",""percentage"":0.027667},{""age"":""25-34"",""gender"":""unknown"",""percentage"":0.00074},{""age"":""35-44"",""gender"":""unknown"",""percentage"":0.00074},{""age"":""45-54"",""gender"":""unknown"",""percentage"":0.001701},{""age"":""18-24"",""gender"":""female"",""percentage"":0.046235},{""age"":""35-44"",""gender"":""female"",""percentage"":0.055925},{""age"":""25-34"",""gender"":""male"",""percentage"":0.090102},{""age"":""55-64"",""gender"":""male"",""percentage"":0.054816},{""age"":""55-64"",""gender"":""unknown"",""percentage"":0.001406},{""age"":""55-64"",""gender"":""female"",""percentage"":0.195443},{""age"":""45-54"",""gender"":""female"",""percentage"":0.183903},{""age"":""25-34"",""gender"":""female"",""percentage"":0.042388},{""age"":""45-54"",""gender"":""male"",""percentage"":0.085738},{""age"":""65+"",""gender"":""female"",""percentage"":0.092099},{""age"":""18-24"",""gender"":""male"",""percentage"":0.067614},{""age"":""35-44"",""gender"":""male"",""percentage"":0.052005},{""age"":""65+"",""gender"":""unknown"",""percentage"":0.000962}","{""region"":""Los R\u00edos Region"",""percentage"":0.015529},{""region"":""Arica y Parinacota Region"",""percentage"":0.007989},{""region"":""Valpara\u00edso Region"",""percentage"":0.1264},{""region"":""Ays\u00e9n Region"",""percentage"":0.002986},{""region"":""Antofagasta Region"",""percentage"":0.035165},{""region"":""Araucan\u00eda Region"",""percentage"":0.05928},{""region"":""Atacama Region"",""percentage"":0.014633},{""region"":""B\u00edo B\u00edo Region"",""percentage"":0.229132},{""region"":""Coquimbo Region"",""percentage"":0.043004},{""region"":""O'Higgins Region"",""percentage"":0.063013},{""region"":""Los Lagos Region"",""percentage"":0.025235},{""region"":""Magallanes y la Ant\u00e1rtica Chilena Region"",""percentage"":0.008138},{""region"":""Maule Region"",""percentage"":0.069882},{""region"":""Santiago Metropolitan Region"",""percentage"":0.277662},{""region"":""Tarapac\u00e1 Region"",""percentage"":0.02195}",instagram,"lower_bound: 500001, upper_bound: 1000000",es
190999469860510,386634201382499,"Marco Enriquez-Ominami",2021-11-11,2021-11-11,2021-11-13,"Partido Progresista de Chile - PRO","Soy Marco Enríquez-Ominami. Me dicen ME-O, y sí, ME-O de pie y de frente, junto a la gente y nunca sobre la gente. Vota 6 este 21 de noviembre, porque #ElCambioEsHoy",,,,"lower_bound: 0, upper_bound: 999","lower_bound: 1000, upper_bound: 1499",CLP,"{""age"":""25-34"",""gender"":""female"",""percentage"":0.121127},{""age"":""18-24"",""gender"":""female"",""percentage"":0.35493},{""age"":""18-24"",""gender"":""male"",""percentage"":0.292958},{""age"":""25-34"",""gender"":""male"",""percentage"":0.16338},{""age"":""35-44"",""gender"":""male"",""percentage"":0.033803},{""age"":""35-44"",""gender"":""female"",""percentage"":0.030986},{""age"":""25-34"",""gender"":""unknown"",""percentage"":0.002817}","{""region"":""Los R\u00edos Region"",""percentage"":0.04507},{""region"":""Arica y Parinacota Region"",""percentage"":0.016901},{""region"":""Valpara\u00edso Region"",""percentage"":0.090141},{""region"":""Antofagasta Region"",""percentage"":0.059155},{""region"":""Araucan\u00eda Region"",""percentage"":0.104225},{""region"":""Atacama Region"",""percentage"":0.022535},{""region"":""B\u00edo B\u00edo Region"",""percentage"":0.259155},{""region"":""Coquimbo Region"",""percentage"":0.028169},{""region"":""O'Higgins Region"",""percentage"":0.064789},{""region"":""Los Lagos Region"",""percentage"":0.084507},{""region"":""Magallanes y la Ant\u00e1rtica Chilena Region"",""percentage"":0.022535},{""region"":""Maule Region"",""percentage"":0.098592},{""region"":""Santiago Metropolitan Region"",""percentage"":0.061972},{""region"":""Tarapac\u00e1 Region"",""percentage"":0.03662},{""region"":""Ays\u00e9n Region"",""percentage"":0.005634}",instagram,"lower_bound: 100001, upper_bound: 500000",es
369683251604332,386634201382499,"Marco Enriquez-Ominami",2021-11-11,2021-11-12,2021-12-06,"Partido Progresista de Chile - PRO","VOTAR ES UN DERECHO

¡Cada voto importa!  Porque votar en un derecho y queremos que nadie quede fuera de esta elección, exigimos que el transporte público sea gratuito el día de las elecciones 🗳",,,,"lower_bound: 0, upper_bound: 999","lower_bound: 2000, upper_bound: 2499",CLP,"{""age"":""18-24"",""gender"":""unknown"",""percentage"":0.001992},{""age"":""35-44"",""gender"":""unknown"",""percentage"":0.001992},{""age"":""18-24"",""gender"":""female"",""percentage"":0.023904},{""age"":""45-54"",""gender"":""unknown"",""percentage"":0.001992},{""age"":""25-34"",""gender"":""male"",""percentage"":0.095618},{""age"":""45-54"",""gender"":""female"",""percentage"":0.183267},{""age"":""25-34"",""gender"":""female"",""percentage"":0.065737},{""age"":""55-64"",""gender"":""male"",""percentage"":0.037849},{""age"":""18-24"",""gender"":""male"",""percentage"":0.037849},{""age"":""35-44"",""gender"":""male"",""percentage"":0.083665},{""age"":""65+"",""gender"":""female"",""percentage"":0.059761},{""age"":""35-44"",""gender"":""female"",""percentage"":0.11753},{""age"":""55-64"",""gender"":""unknown"",""percentage"":0.001992},{""age"":""65+"",""gender"":""male"",""percentage"":0.017928},{""age"":""55-64"",""gender"":""female"",""percentage"":0.163347},{""age"":""45-54"",""gender"":""male"",""percentage"":0.105578}","{""region"":""Arica y Parinacota Region"",""percentage"":0.005976},{""region"":""Los Lagos Region"",""percentage"":0.011952},{""region"":""Magallanes y la Ant\u00e1rtica Chilena Region"",""percentage"":0.017928},{""region"":""Los R\u00edos Region"",""percentage"":0.013944},{""region"":""Valpara\u00edso Region"",""percentage"":0.121514},{""region"":""Antofagasta Region"",""percentage"":0.025896},{""region"":""Araucan\u00eda Region"",""percentage"":0.035857},{""region"":""Atacama Region"",""percentage"":0.007968},{""region"":""B\u00edo B\u00edo Region"",""percentage"":0.111554},{""region"":""Coquimbo Region"",""percentage"":0.049801},{""region"":""O'Higgins Region"",""percentage"":0.041833},{""region"":""Maule Region"",""percentage"":0.055777},{""region"":""Santiago Metropolitan Region"",""percentage"":0.484064},{""region"":""Tarapac\u00e1 Region"",""percentage"":0.011952},{""region"":""Ays\u00e9n Region"",""percentage"":0.003984}",instagram,"lower_bound: 100001, upper_bound: 500000",es
1756053627912823,386634201382499,"Marco Enriquez-Ominami",2021-11-11,2021-11-12,2021-12-07,"Partido Progresista de Chile - PRO","VOTAR ES UN DERECHO

¡Cada voto importa!  Porque votar en un derecho y queremos que nadie quede fuera de esta elección, exigimos que el transporte público sea gratuito el día de las elecciones 🗳",,,,"lower_bound: 50000, upper_bound: 59999","lower_bound: 90000, upper_bound: 99999",CLP,"{""age"":""45-54"",""gender"":""unknown"",""percentage"":0.001824},{""age"":""35-44"",""gender"":""male"",""percentage"":0.104799},{""age"":""25-34"",""gender"":""unknown"",""percentage"":0.000806},{""age"":""65+"",""gender"":""unknown"",""percentage"":0.0014},{""age"":""18-24"",""gender"":""unknown"",""percentage"":0.000382},{""age"":""25-34"",""gender"":""male"",""percentage"":0.091519},{""age"":""35-44"",""gender"":""female"",""percentage"":0.078366},{""age"":""65+"",""gender"":""female"",""percentage"":0.095295},{""age"":""45-54"",""gender"":""female"",""percentage"":0.137766},{""age"":""35-44"",""gender"":""unknown"",""percentage"":0.001867},{""age"":""55-64"",""gender"":""male"",""percentage"":0.085494},{""age"":""18-24"",""gender"":""male"",""percentage"":0.020493},{""age"":""45-54"",""gender"":""male"",""percentage"":0.099283},{""age"":""65+"",""gender"":""male"",""percentage"":0.047817},{""age"":""25-34"",""gender"":""female"",""percentage"":0.045653},{""age"":""55-64"",""gender"":""female"",""percentage"":0.176927},{""age"":""18-24"",""gender"":""female"",""percentage"":0.009122},{""age"":""55-64"",""gender"":""unknown"",""percentage"":0.001188}","{""region"":""Los R\u00edos Region"",""percentage"":0.020667},{""region"":""Arica y Parinacota Region"",""percentage"":0.019582},{""region"":""Valpara\u00edso Region"",""percentage"":0.12392},{""region"":""Ays\u00e9n Region"",""percentage"":0.004551},{""region"":""Antofagasta Region"",""percentage"":0.039664},{""region"":""Araucan\u00eda Region"",""percentage"":0.041961},{""region"":""Atacama Region"",""percentage"":0.017953},{""region"":""B\u00edo B\u00edo Region"",""percentage"":0.11035},{""region"":""Coquimbo Region"",""percentage"":0.041961},{""region"":""O'Higgins Region"",""percentage"":0.05386},{""region"":""Los Lagos Region"",""percentage"":0.044508},{""region"":""Magallanes y la Ant\u00e1rtica Chilena Region"",""percentage"":0.016158},{""region"":""Maule Region"",""percentage"":0.052983},{""region"":""Santiago Metropolitan Region"",""percentage"":0.390631},{""region"":""Tarapac\u00e1 Region"",""percentage"":0.021252}",facebook,"lower_bound: 500001, upper_bound: 1000000",es
213222767616304,386634201382499,"Marco Enriquez-Ominami",2021-11-10,2021-11-10,2021-11-11,"Partido Progresista de Chile - PRO","RENTA BÁSICA UNIVERSAL PARA MUJERES 

Qué alegría volver a mirarlos a los ojos y soñar juntos en construir un Chile con justicia social. Hoy en #Talcahuano con vecinas y vecinos les presentamos nuestra propuesta de ayuda social para salir de la crisis, porque como Presidente protegeré a quienes lo están pasando mal. #ElCambioEsHoy",,,,"lower_bound: 15000, upper_bound: 19999","lower_bound: 175000, upper_bound: 199999",CLP,"{""age"":""45-54"",""gender"":""female"",""percentage"":0.198518},{""age"":""55-64"",""gender"":""female"",""percentage"":0.160805},{""age"":""65+"",""gender"":""female"",""percentage"":0.107752},{""age"":""25-34"",""gender"":""female"",""percentage"":0.274394},{""age"":""35-44"",""gender"":""female"",""percentage"":0.248653},{""age"":""18-24"",""gender"":""female"",""percentage"":0.009877}","{""region"":""B\u00edo B\u00edo Region"",""percentage"":1}","facebook,instagram","lower_bound: 10001, upper_bound: 50000",es
1565114067167577,386634201382499,"Marco Enriquez-Ominami",2021-11-10,2021-11-10,2021-11-13,"Partido Progresista de Chile - PRO","Soy Marco Enríquez-Ominami. Me dicen ME-O, y sí, ME-O de pie y de frente, junto a la gente y nunca sobre la gente. Vota 6 este 21 de noviembre, porque #ElCambioEsHoy",,,,"lower_bound: 150000, upper_bound: 174999","lower_bound: 450000, upper_bound: 499999",CLP,"{""age"":""35-44"",""gender"":""unknown"",""percentage"":0.002251},{""age"":""45-54"",""gender"":""male"",""percentage"":0.017178},{""age"":""25-34"",""gender"":""female"",""percentage"":0.188119},{""age"":""35-44"",""gender"":""female"",""percentage"":0.147963},{""age"":""25-34"",""gender"":""male"",""percentage"":0.257666},{""age"":""18-24"",""gender"":""male"",""percentage"":0.078514},{""age"":""35-44"",""gender"":""male"",""percentage"":0.197593},{""age"":""18-24"",""gender"":""female"",""percentage"":0.095763},{""age"":""45-54"",""gender"":""female"",""percentage"":0.012721},{""age"":""25-34"",""gender"":""unknown"",""percentage"":0.001548},{""age"":""18-24"",""gender"":""unknown"",""percentage"":0.000498},{""age"":""45-54"",""gender"":""unknown"",""percentage"":0.000187}","{""region"":""Los R\u00edos Region"",""percentage"":0.035372},{""region"":""Arica y Parinacota Region"",""percentage"":0.035904},{""region"":""Valpara\u00edso Region"",""percentage"":0.075643},{""region"":""Ays\u00e9n Region"",""percentage"":0.006932},{""region"":""Antofagasta Region"",""percentage"":0.045366},{""region"":""Araucan\u00eda Region"",""percentage"":0.138897},{""region"":""Atacama Region"",""percentage"":0.027216},{""region"":""B\u00edo B\u00edo Region"",""percentage"":0.250335},{""region"":""Coquimbo Region"",""percentage"":0.024308},{""region"":""O'Higgins Region"",""percentage"":0.050515},{""region"":""Los Lagos Region"",""percentage"":0.080252},{""region"":""Magallanes y la Ant\u00e1rtica Chilena Region"",""percentage"":0.013126},{""region"":""Maule Region"",""percentage"":0.117758},{""region"":""Santiago Metropolitan Region"",""percentage"":0.045762},{""region"":""Tarapac\u00e1 Region"",""percentage"":0.052613}",facebook,"lower_bound: 100001, upper_bound: 500000",es
1217220315438475,386634201382499,"Marco Enriquez-Ominami",2021-11-09,2021-11-09,2021-11-11,"Partido Progresista de Chile - PRO","Al extremista Nº1, hay que enfrentarlo con coraje. ¿Siono? #ElCambioEsHoy",,,,"lower_bound: 60000, upper_bound: 69999","lower_bound: 100000, upper_bound: 124999",CLP,"{""age"":""65+"",""gender"":""unknown"",""percentage"":0.001781},{""age"":""25-34"",""gender"":""male"",""percentage"":0.060301},{""age"":""18-24"",""gender"":""unknown"",""percentage"":0.000138},{""age"":""45-54"",""gender"":""unknown"",""percentage"":0.002162},{""age"":""55-64"",""gender"":""unknown"",""percentage"":0.002144},{""age"":""35-44"",""gender"":""unknown"",""percentage"":0.001747},{""age"":""18-24"",""gender"":""male"",""percentage"":0.011413},{""age"":""18-24"",""gender"":""female"",""percentage"":0.005482},{""age"":""25-34"",""gender"":""female"",""percentage"":0.026856},{""age"":""45-54"",""gender"":""female"",""percentage"":0.096253},{""age"":""35-44"",""gender"":""female"",""percentage"":0.052104},{""age"":""45-54"",""gender"":""male"",""percentage"":0.126014},{""age"":""65+"",""gender"":""female"",""percentage"":0.106473},{""age"":""55-64"",""gender"":""male"",""percentage"":0.166998},{""age"":""35-44"",""gender"":""male"",""percentage"":0.086465},{""age"":""65+"",""gender"":""male"",""percentage"":0.088713},{""age"":""55-64"",""gender"":""female"",""percentage"":0.164664},{""age"":""25-34"",""gender"":""unknown"",""percentage"":0.000294}","{""region"":""Ays\u00e9n Region"",""percentage"":0.006052},{""region"":""Magallanes y la Ant\u00e1rtica Chilena Region"",""percentage"":0.012172},{""region"":""Los R\u00edos Region"",""percentage"":0.022287},{""region"":""Arica y Parinacota Region"",""percentage"":0.014692},{""region"":""Valpara\u00edso Region"",""percentage"":0.106067},{""region"":""Antofagasta Region"",""percentage"":0.034253},{""region"":""Araucan\u00eda Region"",""percentage"":0.050076},{""region"":""Atacama Region"",""percentage"":0.022801},{""region"":""B\u00edo B\u00edo Region"",""percentage"":0.102038},{""region"":""Coquimbo Region"",""percentage"":0.04711},{""region"":""O'Higgins Region"",""percentage"":0.045688},{""region"":""Los Lagos Region"",""percentage"":0.049442},{""region"":""Maule Region"",""percentage"":0.053008},{""region"":""Santiago Metropolitan Region"",""percentage"":0.414977},{""region"":""Tarapac\u00e1 Region"",""percentage"":0.019338}",facebook,"lower_bound: 1000001",es
583080523022670,386634201382499,"Marco Enriquez-Ominami",2021-11-09,2021-11-10,2021-12-06,"Partido Progresista de Chile - PRO","La calle no se suelta, hoy termina mi cuarentena preventiva y podré tomar las actividades en terreno. Gracias a las miles de voluntarias y voluntarios que durante estos días estuvieron en cada rincón. #ElCambioEsHoy",,,,"lower_bound: 0, upper_bound: 999","lower_bound: 800, upper_bound: 899",CLP,"{""age"":""18-24"",""gender"":""female"",""percentage"":0.19084},{""age"":""45-54"",""gender"":""male"",""percentage"":0.038168},{""age"":""25-34"",""gender"":""female"",""percentage"":0.083969},{""age"":""35-44"",""gender"":""male"",""percentage"":0.038168},{""age"":""25-34"",""gender"":""male"",""percentage"":0.068702},{""age"":""35-44"",""gender"":""female"",""percentage"":0.053435},{""age"":""55-64"",""gender"":""male"",""percentage"":0.053435},{""age"":""65+"",""gender"":""male"",""percentage"":0.030534},{""age"":""65+"",""gender"":""female"",""percentage"":0.068702},{""age"":""18-24"",""gender"":""male"",""percentage"":0.083969},{""age"":""45-54"",""gender"":""female"",""percentage"":0.137405},{""age"":""55-64"",""gender"":""female"",""percentage"":0.152672}","{""region"":""Arica y Parinacota Region"",""percentage"":0.007634},{""region"":""Los R\u00edos Region"",""percentage"":0.045802},{""region"":""Valpara\u00edso Region"",""percentage"":0.10687},{""region"":""Ays\u00e9n Region"",""percentage"":0.007634},{""region"":""Antofagasta Region"",""percentage"":0.015267},{""region"":""Atacama Region"",""percentage"":0.007634},{""region"":""B\u00edo B\u00edo Region"",""percentage"":0.236641},{""region"":""O'Higgins Region"",""percentage"":0.061069},{""region"":""Los Lagos Region"",""percentage"":0.061069},{""region"":""Maule Region"",""percentage"":0.099237},{""region"":""Tarapac\u00e1 Region"",""percentage"":0.068702},{""region"":""Araucan\u00eda Region"",""percentage"":0.091603},{""region"":""Coquimbo Region"",""percentage"":0.038168},{""region"":""Santiago Metropolitan Region"",""percentage"":0.152672}",instagram,"lower_bound: 500001, upper_bound: 1000000",es
885844475432379,386634201382499,"Marco Enriquez-Ominami",2021-11-09,2021-11-10,2021-11-16,"Partido Progresista de Chile - PRO","Cuidemos ese sueño de un Chile distinto, más justo y solidario. Cuidémoslo y defendámoslo porque todavía no está logrado. Por eso #Vota6, si lo hacemos juntos #ElCambioEsHoy",,,,"lower_bound: 0, upper_bound: 999","lower_bound: 3000, upper_bound: 3499",CLP,"{""age"":""65+"",""gender"":""male"",""percentage"":0.008065},{""age"":""25-34"",""gender"":""unknown"",""percentage"":0.002688},{""age"":""35-44"",""gender"":""male"",""percentage"":0.040323},{""age"":""45-54"",""gender"":""female"",""percentage"":0.034946},{""age"":""55-64"",""gender"":""female"",""percentage"":0.067204},{""age"":""25-34"",""gender"":""female"",""percentage"":0.158602},{""age"":""25-34"",""gender"":""male"",""percentage"":0.225806},{""age"":""18-24"",""gender"":""male"",""percentage"":0.153226},{""age"":""45-54"",""gender"":""male"",""percentage"":0.034946},{""age"":""18-24"",""gender"":""female"",""percentage"":0.177419},{""age"":""55-64"",""gender"":""male"",""percentage"":0.024194},{""age"":""35-44"",""gender"":""female"",""percentage"":0.034946},{""age"":""18-24"",""gender"":""unknown"",""percentage"":0.002688},{""age"":""65+"",""gender"":""female"",""percentage"":0.034946}","{""region"":""Los R\u00edos Region"",""percentage"":0.056452},{""region"":""Arica y Parinacota Region"",""percentage"":0.026882},{""region"":""Valpara\u00edso Region"",""percentage"":0.13172},{""region"":""Ays\u00e9n Region"",""percentage"":0.018817},{""region"":""Antofagasta Region"",""percentage"":0.024194},{""region"":""Araucan\u00eda Region"",""percentage"":0.091398},{""region"":""Atacama Region"",""percentage"":0.010753},{""region"":""B\u00edo B\u00edo Region"",""percentage"":0.231183},{""region"":""Coquimbo Region"",""percentage"":0.037634},{""region"":""O'Higgins Region"",""percentage"":0.069892},{""region"":""Los Lagos Region"",""percentage"":0.048387},{""region"":""Magallanes y la Ant\u00e1rtica Chilena Region"",""percentage"":0.013441},{""region"":""Maule Region"",""percentage"":0.075269},{""region"":""Santiago Metropolitan Region"",""percentage"":0.102151},{""region"":""Tarapac\u00e1 Region"",""percentage"":0.061828}",instagram,"lower_bound: 500001, upper_bound: 1000000",es
312793324008621,386634201382499,"Marco Enriquez-Ominami",2021-11-09,2021-11-09,2021-11-15,"Partido Progresista de Chile - PRO","SÚMATE COMO APODERADO DE MARCO

Buscamos a las más comprometidas y comprometidos con el cambio en Chile. Queremos defender los votos de Marco Enríquez-Ominami en todas las mesas del país.","Súmate al cambio",presidentemarco.cl,"Como apoderado de mesa","lower_bound: 350000, upper_bound: 399999","lower_bound: 1000000",CLP,"{""age"":""35-44"",""gender"":""unknown"",""percentage"":0.000495},{""age"":""45-54"",""gender"":""female"",""percentage"":0.092492},{""age"":""25-34"",""gender"":""unknown"",""percentage"":0.00041},{""age"":""18-24"",""gender"":""unknown"",""percentage"":0.00022},{""age"":""55-64"",""gender"":""unknown"",""percentage"":0.000844},{""age"":""45-54"",""gender"":""unknown"",""percentage"":0.000538},{""age"":""45-54"",""gender"":""male"",""percentage"":0.059906},{""age"":""35-44"",""gender"":""male"",""percentage"":0.036016},{""age"":""65+"",""gender"":""male"",""percentage"":0.071775},{""age"":""55-64"",""gender"":""male"",""percentage"":0.10979},{""age"":""25-34"",""gender"":""female"",""percentage"":0.067641},{""age"":""18-24"",""gender"":""female"",""percentage"":0.050416},{""age"":""55-64"",""gender"":""female"",""percentage"":0.21601},{""age"":""18-24"",""gender"":""male"",""percentage"":0.031436},{""age"":""25-34"",""gender"":""male"",""percentage"":0.061282},{""age"":""65+"",""gender"":""female"",""percentage"":0.151682},{""age"":""35-44"",""gender"":""female"",""percentage"":0.048435},{""age"":""65+"",""gender"":""unknown"",""percentage"":0.000611}","{""region"":""Los R\u00edos Region"",""percentage"":0.042331},{""region"":""Arica y Parinacota Region"",""percentage"":0.02854},{""region"":""Valpara\u00edso Region"",""percentage"":0.09594},{""region"":""Ays\u00e9n Region"",""percentage"":0.010169},{""region"":""Antofagasta Region"",""percentage"":0.041436},{""region"":""Araucan\u00eda Region"",""percentage"":0.121922},{""region"":""Atacama Region"",""percentage"":0.027389},{""region"":""B\u00edo B\u00edo Region"",""percentage"":0.247108},{""region"":""Coquimbo Region"",""percentage"":0.033411},{""region"":""O'Higgins Region"",""percentage"":0.06318},{""region"":""Los Lagos Region"",""percentage"":0.088651},{""region"":""Magallanes y la Ant\u00e1rtica Chilena Region"",""percentage"":0.022152},{""region"":""Maule Region"",""percentage"":0.101816},{""region"":""Santiago Metropolitan Region"",""percentage"":0.041394},{""region"":""Tarapac\u00e1 Region"",""percentage"":0.034562}","facebook,instagram","lower_bound: 500001, upper_bound: 1000000",es
1499554967096827,386634201382499,"Marco Enriquez-Ominami",2021-11-09,2021-11-09,2021-12-06,"Partido Progresista de Chile - PRO","NOS QUISIERON CALLAR Y CANTAMOS MÁS QUE NUNCA

Nos quisieron callar, y cantamos más que nunca. Hoy le toca al Chile que nunca baja los brazos. Kast es menos de lo mismo, es un portazo al cambio, y #ElCambioEsHoy. Por eso es necesaria la unidad en segunda vuelta con Boric y Provoste.",,,,"lower_bound: 80000, upper_bound: 89999","lower_bound: 100000, upper_bound: 124999",CLP,"{""age"":""25-34"",""gender"":""unknown"",""percentage"":4.4e-5},{""age"":""65+"",""gender"":""male"",""percentage"":0.190859},{""age"":""45-54"",""gender"":""female"",""percentage"":0.031876},{""age"":""45-54"",""gender"":""male"",""percentage"":0.067176},{""age"":""35-44"",""gender"":""male"",""percentage"":0.020328},{""age"":""25-34"",""gender"":""male"",""percentage"":0.009352},{""age"":""55-64"",""gender"":""female"",""percentage"":0.196698},{""age"":""65+"",""gender"":""female"",""percentage"":0.236323},{""age"":""25-34"",""gender"":""female"",""percentage"":0.003403},{""age"":""18-24"",""gender"":""unknown"",""percentage"":2.2e-5},{""age"":""55-64"",""gender"":""unknown"",""percentage"":0.002503},{""age"":""35-44"",""gender"":""female"",""percentage"":0.007069},{""age"":""45-54"",""gender"":""unknown"",""percentage"":0.001142},{""age"":""55-64"",""gender"":""male"",""percentage"":0.227301},{""age"":""18-24"",""gender"":""female"",""percentage"":0.000834},{""age"":""65+"",""gender"":""unknown"",""percentage"":0.002327},{""age"":""35-44"",""gender"":""unknown"",""percentage"":0.000417},{""age"":""18-24"",""gender"":""male"",""percentage"":0.002327}","{""region"":""Los R\u00edos Region"",""percentage"":0.019827},{""region"":""Arica y Parinacota Region"",""percentage"":0.014194},{""region"":""Valpara\u00edso Region"",""percentage"":0.125234},{""region"":""Ays\u00e9n Region"",""percentage"":0.005083},{""region"":""Antofagasta Region"",""percentage"":0.022534},{""region"":""Araucan\u00eda Region"",""percentage"":0.040864},{""region"":""Atacama Region"",""percentage"":0.017737},{""region"":""B\u00edo B\u00edo Region"",""percentage"":0.081267},{""region"":""Coquimbo Region"",""percentage"":0.052571},{""region"":""O'Higgins Region"",""percentage"":0.037762},{""region"":""Los Lagos Region"",""percentage"":0.029003},{""region"":""Magallanes y la Ant\u00e1rtica Chilena Region"",""percentage"":0.00911},{""region"":""Maule Region"",""percentage"":0.03906},{""region"":""Santiago Metropolitan Region"",""percentage"":0.487666},{""region"":""Tarapac\u00e1 Region"",""percentage"":0.018089}","facebook,instagram","lower_bound: 100001, upper_bound: 500000",es
235888318471943,386634201382499,"Marco Enriquez-Ominami",2021-11-08,2021-11-08,2021-12-06,"Partido Progresista de Chile - PRO","GRACIAS

La calle no se suelta, hoy termina mi cuarentena preventiva y podré tomar las actividades en terrena. Gracias a las miles de voluntarias y voluntarios que durante estos días estuvieron en cada rincón. #ElCambioeShOY",,,,"lower_bound: 90000, upper_bound: 99999","lower_bound: 125000, upper_bound: 149999",CLP,"{""age"":""18-24"",""gender"":""unknown"",""percentage"":0.000208},{""age"":""35-44"",""gender"":""male"",""percentage"":0.038},{""age"":""65+"",""gender"":""unknown"",""percentage"":0.000714},{""age"":""55-64"",""gender"":""unknown"",""percentage"":0.000892},{""age"":""18-24"",""gender"":""male"",""percentage"":0.014025},{""age"":""55-64"",""gender"":""male"",""percentage"":0.147689},{""age"":""65+"",""gender"":""female"",""percentage"":0.172274},{""age"":""55-64"",""gender"":""female"",""percentage"":0.258463},{""age"":""65+"",""gender"":""male"",""percentage"":0.075822},{""age"":""25-34"",""gender"":""unknown"",""percentage"":0.000238},{""age"":""45-54"",""gender"":""male"",""percentage"":0.082843},{""age"":""45-54"",""gender"":""female"",""percentage"":0.104706},{""age"":""18-24"",""gender"":""female"",""percentage"":0.019632},{""age"":""25-34"",""gender"":""male"",""percentage"":0.027649},{""age"":""35-44"",""gender"":""female"",""percentage"":0.032631},{""age"":""25-34"",""gender"":""female"",""percentage"":0.023083},{""age"":""35-44"",""gender"":""unknown"",""percentage"":0.000431},{""age"":""45-54"",""gender"":""unknown"",""percentage"":0.000699}","{""region"":""Los R\u00edos Region"",""percentage"":0.039128},{""region"":""Arica y Parinacota Region"",""percentage"":0.03279},{""region"":""Valpara\u00edso Region"",""percentage"":0.105926},{""region"":""Ays\u00e9n Region"",""percentage"":0.009025},{""region"":""Antofagasta Region"",""percentage"":0.042053},{""region"":""Araucan\u00eda Region"",""percentage"":0.093071},{""region"":""Atacama Region"",""percentage"":0.026838},{""region"":""B\u00edo B\u00edo Region"",""percentage"":0.212727},{""region"":""Coquimbo Region"",""percentage"":0.027565},{""region"":""O'Higgins Region"",""percentage"":0.052978},{""region"":""Los Lagos Region"",""percentage"":0.075822},{""region"":""Magallanes y la Ant\u00e1rtica Chilena Region"",""percentage"":0.017783},{""region"":""Maule Region"",""percentage"":0.095876},{""region"":""Santiago Metropolitan Region"",""percentage"":0.130492},{""region"":""Tarapac\u00e1 Region"",""percentage"":0.037926}",facebook,"lower_bound: 1000001",es
497353417926217,386634201382499,"Marco Enriquez-Ominami",2021-11-08,2021-11-08,2021-11-17,"Partido Progresista de Chile - PRO","VOTA MARCO, VOTA 6

Cuidemos ese sueño de un Chile distinto, más justo y solidario. Cuidémoslo y defendámoslo porque todavía no está logrado. Por eso #Vota6, si lo hacemos juntos #ElCambioEsHoy",,,,"lower_bound: 100000, upper_bound: 124999","lower_bound: 175000, upper_bound: 199999",CLP,"{""age"":""25-34"",""gender"":""unknown"",""percentage"":0.000252},{""age"":""55-64"",""gender"":""male"",""percentage"":0.115659},{""age"":""55-64"",""gender"":""unknown"",""percentage"":0.000727},{""age"":""25-34"",""gender"":""male"",""percentage"":0.031327},{""age"":""65+"",""gender"":""male"",""percentage"":0.054599},{""age"":""45-54"",""gender"":""male"",""percentage"":0.075172},{""age"":""55-64"",""gender"":""female"",""percentage"":0.282576},{""age"":""25-34"",""gender"":""female"",""percentage"":0.03032},{""age"":""45-54"",""gender"":""female"",""percentage"":0.112051},{""age"":""18-24"",""gender"":""unknown"",""percentage"":0.000238},{""age"":""65+"",""gender"":""female"",""percentage"":0.168231},{""age"":""35-44"",""gender"":""female"",""percentage"":0.040754},{""age"":""18-24"",""gender"":""male"",""percentage"":0.021048},{""age"":""35-44"",""gender"":""male"",""percentage"":0.031383},{""age"":""18-24"",""gender"":""female"",""percentage"":0.034292},{""age"":""45-54"",""gender"":""unknown"",""percentage"":0.000531},{""age"":""65+"",""gender"":""unknown"",""percentage"":0.000462},{""age"":""35-44"",""gender"":""unknown"",""percentage"":0.000378}","{""region"":""Los R\u00edos Region"",""percentage"":0.047735},{""region"":""Arica y Parinacota Region"",""percentage"":0.04028},{""region"":""Valpara\u00edso Region"",""percentage"":0.113599},{""region"":""Ays\u00e9n Region"",""percentage"":0.007942},{""region"":""Antofagasta Region"",""percentage"":0.042212},{""region"":""Araucan\u00eda Region"",""percentage"":0.102495},{""region"":""Atacama Region"",""percentage"":0.033268},{""region"":""B\u00edo B\u00edo Region"",""percentage"":0.235727},{""region"":""Coquimbo Region"",""percentage"":0.024254},{""region"":""O'Higgins Region"",""percentage"":0.049495},{""region"":""Los Lagos Region"",""percentage"":0.061743},{""region"":""Magallanes y la Ant\u00e1rtica Chilena Region"",""percentage"":0.017529},{""region"":""Maule Region"",""percentage"":0.10012},{""region"":""Santiago Metropolitan Region"",""percentage"":0.074106},{""region"":""Tarapac\u00e1 Region"",""percentage"":0.049495}",facebook,"lower_bound: 1000001",es
223149893252924,386634201382499,"Marco Enriquez-Ominami",2021-11-07,2021-11-08,2021-11-14,"Partido Progresista de Chile - PRO","Súmate a la campaña que quiere cambiar Chile 💪,Súmate a la campaña que quiere cambiar Chile 💪","¡Súmate!,¡Súmate!",fb.com,"Súmate a la campaña que quiere cambiar Chile 💪,Súmate a la campaña que quiere cambiar Chile 💪","lower_bound: 175000, upper_bound: 199999","lower_bound: 800000, upper_bound: 899999",CLP,"{""age"":""45-54"",""gender"":""unknown"",""percentage"":0.000211},{""age"":""35-44"",""gender"":""female"",""percentage"":0.01869},{""age"":""65+"",""gender"":""female"",""percentage"":0.077692},{""age"":""55-64"",""gender"":""male"",""percentage"":0.035739},{""age"":""25-34"",""gender"":""unknown"",""percentage"":0.000961},{""age"":""55-64"",""gender"":""female"",""percentage"":0.055156},{""age"":""45-54"",""gender"":""female"",""percentage"":0.021199},{""age"":""45-54"",""gender"":""male"",""percentage"":0.01665},{""age"":""18-24"",""gender"":""male"",""percentage"":0.150763},{""age"":""65+"",""gender"":""unknown"",""percentage"":0.000469},{""age"":""25-34"",""gender"":""female"",""percentage"":0.165819},{""age"":""18-24"",""gender"":""female"",""percentage"":0.287034},{""age"":""25-34"",""gender"":""male"",""percentage"":0.113618},{""age"":""35-44"",""gender"":""male"",""percentage"":0.015243},{""age"":""65+"",""gender"":""male"",""percentage"":0.039162},{""age"":""18-24"",""gender"":""unknown"",""percentage"":0.000821},{""age"":""55-64"",""gender"":""unknown"",""percentage"":0.000352},{""age"":""35-44"",""gender"":""unknown"",""percentage"":0.000422}","{""region"":""Los R\u00edos Region"",""percentage"":0.027169},{""region"":""Arica y Parinacota Region"",""percentage"":0.017773},{""region"":""Valpara\u00edso Region"",""percentage"":0.129844},{""region"":""Ays\u00e9n Region"",""percentage"":0.008305},{""region"":""Antofagasta Region"",""percentage"":0.042735},{""region"":""Araucan\u00eda Region"",""percentage"":0.06701},{""region"":""Atacama Region"",""percentage"":0.0196},{""region"":""B\u00edo B\u00edo Region"",""percentage"":0.143844},{""region"":""Coquimbo Region"",""percentage"":0.049617},{""region"":""O'Higgins Region"",""percentage"":0.060081},{""region"":""Los Lagos Region"",""percentage"":0.059488},{""region"":""Magallanes y la Ant\u00e1rtica Chilena Region"",""percentage"":0.019576},{""region"":""Maule Region"",""percentage"":0.070688},{""region"":""Santiago Metropolitan Region"",""percentage"":0.258003},{""region"":""Tarapac\u00e1 Region"",""percentage"":0.026268}","facebook,instagram","lower_bound: 1000001",es
1154954581701264,386634201382499,"Marco Enriquez-Ominami",2021-11-07,2021-11-08,2021-11-10,"Partido Progresista de Chile - PRO","Nos pidieron que nos despertáramos más temprano, y eso lograron: con su indolencia despertaron la esperanza de un pueblo. ¡Las cosas pueden ser distintas! Más justicia social para lograr la paz, #ElCambioEsHoy. #Vota6",,,,"lower_bound: 80000, upper_bound: 89999","lower_bound: 200000, upper_bound: 249999",CLP,"{""age"":""65+"",""gender"":""unknown"",""percentage"":0.001392},{""age"":""65+"",""gender"":""female"",""percentage"":0.084164},{""age"":""18-24"",""gender"":""female"",""percentage"":0.010292},{""age"":""25-34"",""gender"":""male"",""percentage"":0.100734},{""age"":""55-64"",""gender"":""female"",""percentage"":0.120526},{""age"":""35-44"",""gender"":""male"",""percentage"":0.112883},{""age"":""18-24"",""gender"":""male"",""percentage"":0.02102},{""age"":""65+"",""gender"":""male"",""percentage"":0.076656},{""age"":""45-54"",""gender"":""male"",""percentage"":0.122082},{""age"":""18-24"",""gender"":""unknown"",""percentage"":0.0003},{""age"":""55-64"",""gender"":""male"",""percentage"":0.138735},{""age"":""35-44"",""gender"":""female"",""percentage"":0.065218},{""age"":""45-54"",""gender"":""female"",""percentage"":0.094101},{""age"":""45-54"",""gender"":""unknown"",""percentage"":0.002593},{""age"":""35-44"",""gender"":""unknown"",""percentage"":0.002293},{""age"":""25-34"",""gender"":""female"",""percentage"":0.043652},{""age"":""55-64"",""gender"":""unknown"",""percentage"":0.002375},{""age"":""25-34"",""gender"":""unknown"",""percentage"":0.000983}","{""region"":""Los R\u00edos Region"",""percentage"":0.020668},{""region"":""Arica y Parinacota Region"",""percentage"":0.015032},{""region"":""Valpara\u00edso Region"",""percentage"":0.099396},{""region"":""Ays\u00e9n Region"",""percentage"":0.007704},{""region"":""Antofagasta Region"",""percentage"":0.030036},{""region"":""Araucan\u00eda Region"",""percentage"":0.034331},{""region"":""Atacama Region"",""percentage"":0.022386},{""region"":""B\u00edo B\u00edo Region"",""percentage"":0.087076},{""region"":""Coquimbo Region"",""percentage"":0.04241},{""region"":""O'Higgins Region"",""percentage"":0.038491},{""region"":""Los Lagos Region"",""percentage"":0.040129},{""region"":""Magallanes y la Ant\u00e1rtica Chilena Region"",""percentage"":0.011488},{""region"":""Maule Region"",""percentage"":0.044236},{""region"":""Santiago Metropolitan Region"",""percentage"":0.478137},{""region"":""Tarapac\u00e1 Region"",""percentage"":0.028479}","facebook,instagram","lower_bound: 100001, upper_bound: 500000",es
572888717105035,386634201382499,"Marco Enriquez-Ominami",2021-11-07,2021-11-08,2021-11-08,"Partido Progresista de Chile - PRO","NO A LA PRIVATIZACIÓN DE CODELCO

Gracias a Codelco el cobre ha sido el sueldo de Chile. Una cosa es avanzar hacia un nuevo modelo de desarrollo, más sustentable y con valor agregado. Privatizar Codelco como propone el candidato cavernario, es pan para hoy y hambre para mañana.",,,,"lower_bound: 90000, upper_bound: 99999","lower_bound: 300000, upper_bound: 349999",CLP,"{""age"":""65+"",""gender"":""unknown"",""percentage"":0.000671},{""age"":""35-44"",""gender"":""male"",""percentage"":0.164725},{""age"":""18-24"",""gender"":""female"",""percentage"":0.003683},{""age"":""18-24"",""gender"":""male"",""percentage"":0.005818},{""age"":""65+"",""gender"":""male"",""percentage"":0.048867},{""age"":""25-34"",""gender"":""unknown"",""percentage"":0.000912},{""age"":""45-54"",""gender"":""female"",""percentage"":0.095633},{""age"":""35-44"",""gender"":""female"",""percentage"":0.116908},{""age"":""55-64"",""gender"":""male"",""percentage"":0.089144},{""age"":""35-44"",""gender"":""unknown"",""percentage"":0.003391},{""age"":""55-64"",""gender"":""female"",""percentage"":0.09312},{""age"":""25-34"",""gender"":""female"",""percentage"":0.078352},{""age"":""45-54"",""gender"":""male"",""percentage"":0.117872},{""age"":""25-34"",""gender"":""male"",""percentage"":0.116598},{""age"":""65+"",""gender"":""female"",""percentage"":0.060847},{""age"":""55-64"",""gender"":""unknown"",""percentage"":0.000895},{""age"":""45-54"",""gender"":""unknown"",""percentage"":0.002565}","{""region"":""Los R\u00edos Region"",""percentage"":0.002492},{""region"":""Arica y Parinacota Region"",""percentage"":0.003939},{""region"":""Valpara\u00edso Region"",""percentage"":0.322342},{""region"":""Ays\u00e9n Region"",""percentage"":0.000784},{""region"":""Antofagasta Region"",""percentage"":0.369695},{""region"":""Araucan\u00eda Region"",""percentage"":0.005595},{""region"":""Atacama Region"",""percentage"":0.004531},{""region"":""B\u00edo B\u00edo Region"",""percentage"":0.013298},{""region"":""Coquimbo Region"",""percentage"":0.018492},{""region"":""O'Higgins Region"",""percentage"":0.172282},{""region"":""Los Lagos Region"",""percentage"":0.005211},{""region"":""Magallanes y la Ant\u00e1rtica Chilena Region"",""percentage"":0.001464},{""region"":""Maule Region"",""percentage"":0.007181},{""region"":""Santiago Metropolitan Region"",""percentage"":0.067205},{""region"":""Tarapac\u00e1 Region"",""percentage"":0.00549}","facebook,instagram","lower_bound: 100001, upper_bound: 500000",es
1337282336705001,386634201382499,"Marco Enriquez-Ominami",2021-11-07,2021-11-09,2021-11-10,"Partido Progresista de Chile - PRO","Nos declararon la guerra y respondimos con amor y esperanza. Si lo construimos juntos, #ElCambioEsHoy.",,,,"lower_bound: 0, upper_bound: 999","lower_bound: 1500, upper_bound: 1999",CLP,"{""age"":""45-54"",""gender"":""male"",""percentage"":0.077236},{""age"":""55-64"",""gender"":""female"",""percentage"":0.089431},{""age"":""35-44"",""gender"":""male"",""percentage"":0.069106},{""age"":""65+"",""gender"":""female"",""percentage"":0.109756},{""age"":""65+"",""gender"":""male"",""percentage"":0.101626},{""age"":""25-34"",""gender"":""male"",""percentage"":0.150407},{""age"":""35-44"",""gender"":""female"",""percentage"":0.056911},{""age"":""45-54"",""gender"":""female"",""percentage"":0.077236},{""age"":""55-64"",""gender"":""male"",""percentage"":0.065041},{""age"":""25-34"",""gender"":""female"",""percentage"":0.04878},{""age"":""18-24"",""gender"":""male"",""percentage"":0.077236},{""age"":""18-24"",""gender"":""female"",""percentage"":0.060976},{""age"":""45-54"",""gender"":""unknown"",""percentage"":0.004065},{""age"":""65+"",""gender"":""unknown"",""percentage"":0.004065},{""age"":""18-24"",""gender"":""unknown"",""percentage"":0.004065},{""age"":""55-64"",""gender"":""unknown"",""percentage"":0.004065}","{""region"":""Los R\u00edos Region"",""percentage"":0.02439},{""region"":""Valpara\u00edso Region"",""percentage"":0.109756},{""region"":""Ays\u00e9n Region"",""percentage"":0.012195},{""region"":""Antofagasta Region"",""percentage"":0.028455},{""region"":""Araucan\u00eda Region"",""percentage"":0.052846},{""region"":""Atacama Region"",""percentage"":0.00813},{""region"":""B\u00edo B\u00edo Region"",""percentage"":0.105691},{""region"":""Coquimbo Region"",""percentage"":0.02439},{""region"":""O'Higgins Region"",""percentage"":0.028455},{""region"":""Los Lagos Region"",""percentage"":0.056911},{""region"":""Magallanes y la Ant\u00e1rtica Chilena Region"",""percentage"":0.004065},{""region"":""Maule Region"",""percentage"":0.04878},{""region"":""Santiago Metropolitan Region"",""percentage"":0.46748},{""region"":""Tarapac\u00e1 Region"",""percentage"":0.028455}",instagram,"lower_bound: 50001, upper_bound: 100000",es
908557520053267,386634201382499,"Marco Enriquez-Ominami",2021-11-07,2021-11-07,2021-11-10,"Partido Progresista de Chile - PRO","Nos declararon la guerra y respondimos con amor y esperanza. Si lo construimos juntos, #ElCambioEsHoy.",,,,"lower_bound: 50000, upper_bound: 59999","lower_bound: 175000, upper_bound: 199999",CLP,"{""age"":""18-24"",""gender"":""unknown"",""percentage"":0.000281},{""age"":""35-44"",""gender"":""female"",""percentage"":0.057624},{""age"":""55-64"",""gender"":""unknown"",""percentage"":0.00163},{""age"":""65+"",""gender"":""male"",""percentage"":0.077206},{""age"":""55-64"",""gender"":""male"",""percentage"":0.137218},{""age"":""55-64"",""gender"":""female"",""percentage"":0.122468},{""age"":""35-44"",""gender"":""male"",""percentage"":0.114039},{""age"":""65+"",""gender"":""female"",""percentage"":0.079847},{""age"":""25-34"",""gender"":""female"",""percentage"":0.037676},{""age"":""25-34"",""gender"":""unknown"",""percentage"":0.000478},{""age"":""25-34"",""gender"":""male"",""percentage"":0.109066},{""age"":""45-54"",""gender"":""female"",""percentage"":0.095524},{""age"":""45-54"",""gender"":""male"",""percentage"":0.12907},{""age"":""45-54"",""gender"":""unknown"",""percentage"":0.002472},{""age"":""65+"",""gender"":""unknown"",""percentage"":0.00118},{""age"":""18-24"",""gender"":""male"",""percentage"":0.023347},{""age"":""35-44"",""gender"":""unknown"",""percentage"":0.001967},{""age"":""18-24"",""gender"":""female"",""percentage"":0.008906}","{""region"":""Los R\u00edos Region"",""percentage"":0.02236},{""region"":""Arica y Parinacota Region"",""percentage"":0.015232},{""region"":""Valpara\u00edso Region"",""percentage"":0.100189},{""region"":""Ays\u00e9n Region"",""percentage"":0.008771},{""region"":""Antofagasta Region"",""percentage"":0.031494},{""region"":""Araucan\u00eda Region"",""percentage"":0.038873},{""region"":""Atacama Region"",""percentage"":0.023084},{""region"":""B\u00edo B\u00edo Region"",""percentage"":0.090555},{""region"":""Coquimbo Region"",""percentage"":0.045082},{""region"":""O'Higgins Region"",""percentage"":0.041462},{""region"":""Los Lagos Region"",""percentage"":0.045834},{""region"":""Magallanes y la Ant\u00e1rtica Chilena Region"",""percentage"":0.011083},{""region"":""Maule Region"",""percentage"":0.049287},{""region"":""Santiago Metropolitan Region"",""percentage"":0.449432},{""region"":""Tarapac\u00e1 Region"",""percentage"":0.027261}",facebook,"lower_bound: 100001, upper_bound: 500000",es
447789020047657,386634201382499,"Marco Enriquez-Ominami",2021-11-05,2021-11-06,2021-11-18,"Partido Progresista de Chile - PRO","AUTONOMÍA PARA LOS PUEBLOS INDÍGENAS

Con la Convención Constitucional los pueblos originarios han dado un enorme paso en el reconocimiento de sus derechos. Pero con eso no basta. Mi compromiso con ellos ha sido y sigue siendo el completo reconocimiento de su lengua, sus tradiciones y su autonomía. La discriminación debe terminar ya y para eso se necesita un cambio.
Soy Marco Enríquez-Ominami y te invito a votar 6. Chile no puede seguir esperando. El cambio es hoy.",,api.whatsapp.com,,"lower_bound: 100000, upper_bound: 124999","lower_bound: 450000, upper_bound: 499999",CLP,"{""age"":""18-24"",""gender"":""unknown"",""percentage"":9.9e-5},{""age"":""55-64"",""gender"":""male"",""percentage"":0.055688},{""age"":""25-34"",""gender"":""unknown"",""percentage"":0.000298},{""age"":""65+"",""gender"":""male"",""percentage"":0.017769},{""age"":""35-44"",""gender"":""unknown"",""percentage"":0.001688},{""age"":""18-24"",""gender"":""female"",""percentage"":0.038316},{""age"":""65+"",""gender"":""female"",""percentage"":0.024519},{""age"":""55-64"",""gender"":""female"",""percentage"":0.074052},{""age"":""35-44"",""gender"":""male"",""percentage"":0.104328},{""age"":""55-64"",""gender"":""unknown"",""percentage"":0.000397},{""age"":""45-54"",""gender"":""female"",""percentage"":0.125968},{""age"":""25-34"",""gender"":""male"",""percentage"":0.149593},{""age"":""35-44"",""gender"":""female"",""percentage"":0.12031},{""age"":""18-24"",""gender"":""male"",""percentage"":0.039408},{""age"":""25-34"",""gender"":""female"",""percentage"":0.145325},{""age"":""45-54"",""gender"":""male"",""percentage"":0.10135},{""age"":""45-54"",""gender"":""unknown"",""percentage"":0.000893}","{""region"":""Los R\u00edos Region"",""percentage"":0.006704},{""region"":""Arica y Parinacota Region"",""percentage"":0.002299},{""region"":""Valpara\u00edso Region"",""percentage"":0.01178},{""region"":""Ays\u00e9n Region"",""percentage"":0.00067},{""region"":""Antofagasta Region"",""percentage"":0.003448},{""region"":""Araucan\u00eda Region"",""percentage"":0.029403},{""region"":""Atacama Region"",""percentage"":0.001437},{""region"":""B\u00edo B\u00edo Region"",""percentage"":0.015899},{""region"":""Coquimbo Region"",""percentage"":0.004214},{""region"":""O'Higgins Region"",""percentage"":0.006513},{""region"":""Los Lagos Region"",""percentage"":0.008428},{""region"":""Magallanes y la Ant\u00e1rtica Chilena Region"",""percentage"":0.001245},{""region"":""Maule Region"",""percentage"":0.006704},{""region"":""Santiago Metropolitan Region"",""percentage"":0.898573},{""region"":""Tarapac\u00e1 Region"",""percentage"":0.002682}","facebook,instagram","lower_bound: 10001, upper_bound: 50000",es
419341279673945,386634201382499,"Marco Enriquez-Ominami",2021-11-05,2021-11-06,2021-11-18,"Partido Progresista de Chile - PRO","JUNTOS SOMOS UNA FUERZA TRANQUILA DE CAMBIO

Chile vive desde hace un par de años un momento espectacular de cambio, pero para conducirlo se necesita coraje y responsabilidad. Orden y progreso. Una fuerza tranquila que permita que la Convención haga su trabajo y Chile retome una senda de crecimiento, pero ahora con todas y todos, sin dejar a ningún compatriota atrás.
Soy Marco Enríquez-Ominami y te invito a votar 6. Chile no puede seguir esperando. El cambio es hoy.",,api.whatsapp.com,,"lower_bound: 175000, upper_bound: 199999","lower_bound: 450000, upper_bound: 499999",CLP,"{""age"":""18-24"",""gender"":""unknown"",""percentage"":2.4e-5},{""age"":""55-64"",""gender"":""female"",""percentage"":0.174326},{""age"":""45-54"",""gender"":""unknown"",""percentage"":0.001432},{""age"":""55-64"",""gender"":""male"",""percentage"":0.14116},{""age"":""45-54"",""gender"":""male"",""percentage"":0.129468},{""age"":""35-44"",""gender"":""male"",""percentage"":0.073562},{""age"":""65+"",""gender"":""female"",""percentage"":0.099069},{""age"":""25-34"",""gender"":""male"",""percentage"":0.055094},{""age"":""25-34"",""gender"":""female"",""percentage"":0.032403},{""age"":""35-44"",""gender"":""unknown"",""percentage"":0.000835},{""age"":""65+"",""gender"":""male"",""percentage"":0.08177},{""age"":""45-54"",""gender"":""female"",""percentage"":0.138034},{""age"":""35-44"",""gender"":""female"",""percentage"":0.055166},{""age"":""18-24"",""gender"":""male"",""percentage"":0.00964},{""age"":""18-24"",""gender"":""female"",""percentage"":0.006061},{""age"":""65+"",""gender"":""unknown"",""percentage"":0.000429},{""age"":""55-64"",""gender"":""unknown"",""percentage"":0.001193},{""age"":""25-34"",""gender"":""unknown"",""percentage"":0.000334}","{""region"":""Unknown"",""percentage"":2.4e-5},{""region"":""Los R\u00edos Region"",""percentage"":0.02228},{""region"":""Arica y Parinacota Region"",""percentage"":0.018743},{""region"":""Valpara\u00edso Region"",""percentage"":0.116586},{""region"":""Ays\u00e9n Region"",""percentage"":0.010256},{""region"":""Antofagasta Region"",""percentage"":0.043428},{""region"":""Araucan\u00eda Region"",""percentage"":0.059413},{""region"":""Atacama Region"",""percentage"":0.034658},{""region"":""B\u00edo B\u00edo Region"",""percentage"":0.134127},{""region"":""Coquimbo Region"",""percentage"":0.051751},{""region"":""O'Higgins Region"",""percentage"":0.056725},{""region"":""Los Lagos Region"",""percentage"":0.058753},{""region"":""Magallanes y la Ant\u00e1rtica Chilena Region"",""percentage"":0.018602},{""region"":""Maule Region"",""percentage"":0.067288},{""region"":""Santiago Metropolitan Region"",""percentage"":0.27719},{""region"":""Tarapac\u00e1 Region"",""percentage"":0.030178}","facebook,instagram","lower_bound: 100001, upper_bound: 500000",es
216786080541323,386634201382499,"Marco Enriquez-Ominami",2021-11-05,2021-11-05,2021-11-17,"Partido Progresista de Chile - PRO","MI CORAZÓN ESTÁ A LA IZQUIERDA

Mi corazón está a la izquierda. Mis convicciones, mis valores, mi historia y mi futuro están a la izquierda. Hoy más que nunca Chile necesita un liderazgo con fuerza y coraje que se atreva a defender este proceso de cambio. El levantamiento popular de octubre no puede ser en vano y hoy más que nunca debemos levantar esas banderas frente a los conservadores que quieren que todo siga igual.
Soy Marco Enríquez-Ominami y te invito a votar 6. Chile no puede seguir esperando. El cambio es hoy.",,api.whatsapp.com,,"lower_bound: 175000, upper_bound: 199999","lower_bound: 450000, upper_bound: 499999",CLP,"{""age"":""25-34"",""gender"":""unknown"",""percentage"":0.001175},{""age"":""35-44"",""gender"":""male"",""percentage"":0.120482},{""age"":""18-24"",""gender"":""unknown"",""percentage"":0.000456},{""age"":""35-44"",""gender"":""unknown"",""percentage"":0.002686},{""age"":""25-34"",""gender"":""female"",""percentage"":0.049939},{""age"":""25-34"",""gender"":""male"",""percentage"":0.136816},{""age"":""55-64"",""gender"":""male"",""percentage"":0.121033},{""age"":""65+"",""gender"":""female"",""percentage"":0.073133},{""age"":""55-64"",""gender"":""female"",""percentage"":0.107745},{""age"":""65+"",""gender"":""unknown"",""percentage"":0.001247},{""age"":""65+"",""gender"":""male"",""percentage"":0.071382},{""age"":""35-44"",""gender"":""female"",""percentage"":0.058406},{""age"":""45-54"",""gender"":""male"",""percentage"":0.121561},{""age"":""45-54"",""gender"":""female"",""percentage"":0.081313},{""age"":""18-24"",""gender"":""female"",""percentage"":0.014272},{""age"":""18-24"",""gender"":""male"",""percentage"":0.033964},{""age"":""45-54"",""gender"":""unknown"",""percentage"":0.002519},{""age"":""55-64"",""gender"":""unknown"",""percentage"":0.001871}","{""region"":""Los R\u00edos Region"",""percentage"":0.022848},{""region"":""Arica y Parinacota Region"",""percentage"":0.014805},{""region"":""Valpara\u00edso Region"",""percentage"":0.100598},{""region"":""Ays\u00e9n Region"",""percentage"":0.00847},{""region"":""Antofagasta Region"",""percentage"":0.031555},{""region"":""Araucan\u00eda Region"",""percentage"":0.035565},{""region"":""Atacama Region"",""percentage"":0.02076},{""region"":""B\u00edo B\u00edo Region"",""percentage"":0.091677},{""region"":""Coquimbo Region"",""percentage"":0.041212},{""region"":""O'Higgins Region"",""percentage"":0.040168},{""region"":""Los Lagos Region"",""percentage"":0.04273},{""region"":""Magallanes y la Ant\u00e1rtica Chilena Region"",""percentage"":0.011744},{""region"":""Maule Region"",""percentage"":0.048235},{""region"":""Santiago Metropolitan Region"",""percentage"":0.461256},{""region"":""Tarapac\u00e1 Region"",""percentage"":0.028376}","facebook,instagram","lower_bound: 100001, upper_bound: 500000",es
315955973701852,386634201382499,"Marco Enriquez-Ominami",2021-11-05,2021-11-05,2021-11-17,"Partido Progresista de Chile - PRO","NO MÁS CAMBIOS EN LA MEDIDA DE LO POSIBLE

Somos muchas y muchos quienes entendemos que Chile solo será más grande si avanza con todas y todos. Con animalistas y de la mano del medioambiente. Protegiendo a nuestros niños y cuidando a nuestros adultos mayores. Trabajando de manera digna sin que eso signifique sacrificar nuestras vidas completas.
Soy Marco Enríquez-Ominami y te invito a votar 6. Chile no puede seguir esperando. El cambio es hoy.",,api.whatsapp.com,,"lower_bound: 200000, upper_bound: 249999","lower_bound: 450000, upper_bound: 499999",CLP,"{""age"":""25-34"",""gender"":""unknown"",""percentage"":0.000626},{""age"":""45-54"",""gender"":""male"",""percentage"":0.110016},{""age"":""55-64"",""gender"":""unknown"",""percentage"":0.002517},{""age"":""65+"",""gender"":""unknown"",""percentage"":0.002467},{""age"":""18-24"",""gender"":""male"",""percentage"":0.008249},{""age"":""18-24"",""gender"":""female"",""percentage"":0.00189},{""age"":""45-54"",""gender"":""female"",""percentage"":0.050908},{""age"":""35-44"",""gender"":""unknown"",""percentage"":0.002124},{""age"":""55-64"",""gender"":""male"",""percentage"":0.184653},{""age"":""35-44"",""gender"":""female"",""percentage"":0.022894},{""age"":""35-44"",""gender"":""male"",""percentage"":0.085489},{""age"":""25-34"",""gender"":""male"",""percentage"":0.062656},{""age"":""65+"",""gender"":""female"",""percentage"":0.165196},{""age"":""55-64"",""gender"":""female"",""percentage"":0.170916},{""age"":""65+"",""gender"":""male"",""percentage"":0.115577},{""age"":""25-34"",""gender"":""female"",""percentage"":0.011171},{""age"":""45-54"",""gender"":""unknown"",""percentage"":0.002652}","{""region"":""Los R\u00edos Region"",""percentage"":0.019848},{""region"":""Arica y Parinacota Region"",""percentage"":0.012417},{""region"":""Valpara\u00edso Region"",""percentage"":0.101084},{""region"":""Ays\u00e9n Region"",""percentage"":0.00601},{""region"":""Antofagasta Region"",""percentage"":0.022486},{""region"":""Araucan\u00eda Region"",""percentage"":0.042527},{""region"":""Atacama Region"",""percentage"":0.015223},{""region"":""B\u00edo B\u00edo Region"",""percentage"":0.069421},{""region"":""Coquimbo Region"",""percentage"":0.050271},{""region"":""O'Higgins Region"",""percentage"":0.030543},{""region"":""Los Lagos Region"",""percentage"":0.032579},{""region"":""Magallanes y la Ant\u00e1rtica Chilena Region"",""percentage"":0.011899},{""region"":""Maule Region"",""percentage"":0.031591},{""region"":""Santiago Metropolitan Region"",""percentage"":0.538022},{""region"":""Tarapac\u00e1 Region"",""percentage"":0.016079}","facebook,instagram","lower_bound: 100001, upper_bound: 500000",es
207902488027163,386634201382499,"Marco Enriquez-Ominami",2021-11-05,2021-11-06,2021-11-17,"Partido Progresista de Chile - PRO","NO MÁS PENSIONES DE MISERIA

Las AFP, Aseguradoras de Falsas Promesas, no dan para más. Es momento de crear un nuevo sistema en el que los más jóvenes ayuden a los más viejos, los más sanos a los más enfermos y los más ricos a los más pobres. Chile no puede seguir entregando pensiones de miseria y para eso debemos empezar ahora mismo.
Soy Marco Enríquez-Ominami y te invito a votar 6. Chile no puede seguir esperando. El cambio es hoy.",,api.whatsapp.com,,"lower_bound: 100000, upper_bound: 124999","lower_bound: 450000, upper_bound: 499999",CLP,"{""age"":""25-34"",""gender"":""unknown"",""percentage"":0.000319},{""age"":""45-54"",""gender"":""female"",""percentage"":0.030514},{""age"":""45-54"",""gender"":""unknown"",""percentage"":0.000552},{""age"":""65+"",""gender"":""female"",""percentage"":0.36016},{""age"":""35-44"",""gender"":""male"",""percentage"":0.060999},{""age"":""65+"",""gender"":""male"",""percentage"":0.274947},{""age"":""25-34"",""gender"":""male"",""percentage"":0.050896},{""age"":""25-34"",""gender"":""female"",""percentage"":0.016143},{""age"":""65+"",""gender"":""unknown"",""percentage"":0.003629},{""age"":""35-44"",""gender"":""unknown"",""percentage"":0.000987},{""age"":""55-64"",""gender"":""male"",""percentage"":0.060332},{""age"":""18-24"",""gender"":""male"",""percentage"":0.010946},{""age"":""45-54"",""gender"":""male"",""percentage"":0.059199},{""age"":""55-64"",""gender"":""female"",""percentage"":0.04024},{""age"":""35-44"",""gender"":""female"",""percentage"":0.024388},{""age"":""18-24"",""gender"":""female"",""percentage"":0.005313},{""age"":""55-64"",""gender"":""unknown"",""percentage"":0.000436}","{""region"":""Los R\u00edos Region"",""percentage"":0.00573},{""region"":""Arica y Parinacota Region"",""percentage"":0.004479},{""region"":""Valpara\u00edso Region"",""percentage"":0.156399},{""region"":""Ays\u00e9n Region"",""percentage"":0.00128},{""region"":""Antofagasta Region"",""percentage"":0.046131},{""region"":""Araucan\u00eda Region"",""percentage"":0.049913},{""region"":""Atacama Region"",""percentage"":0.01687},{""region"":""B\u00edo B\u00edo Region"",""percentage"":0.133624},{""region"":""Coquimbo Region"",""percentage"":0.050465},{""region"":""O'Higgins Region"",""percentage"":0.054247},{""region"":""Los Lagos Region"",""percentage"":0.01114},{""region"":""Magallanes y la Ant\u00e1rtica Chilena Region"",""percentage"":0.002676},{""region"":""Maule Region"",""percentage"":0.059395},{""region"":""Santiago Metropolitan Region"",""percentage"":0.38313},{""region"":""Tarapac\u00e1 Region"",""percentage"":0.02452}","facebook,instagram","lower_bound: 50001, upper_bound: 100000",es
571837280570122,386634201382499,"Marco Enriquez-Ominami",2021-11-05,2021-11-06,2021-11-17,"Partido Progresista de Chile - PRO","MÁS DERECHOS, MENOS DEUDA

No es normal que vivamos endeudados. No es normal que la gran economía ande bien, pero a costa del bolsillo de cada uno de nosotros. Proponemos terminar con las prácticas abusivas de la banca y el retail. No más ventas atadas, no más letra chica, no podemos seguir estando secuestrados por un sistema que nos ahoga con sus deudas y cuotas.
Soy Marco Enríquez-Ominami y te invito a votar 6. Chile no puede seguir esperando. El cambio es hoy.",,api.whatsapp.com,,"lower_bound: 200000, upper_bound: 249999","lower_bound: 500000, upper_bound: 599999",CLP,"{""age"":""13-17"",""gender"":""male"",""percentage"":1.2e-5},{""age"":""35-44"",""gender"":""male"",""percentage"":0.039515},{""age"":""45-54"",""gender"":""unknown"",""percentage"":0.00246},{""age"":""35-44"",""gender"":""unknown"",""percentage"":0.000657},{""age"":""55-64"",""gender"":""female"",""percentage"":0.218519},{""age"":""55-64"",""gender"":""male"",""percentage"":0.195997},{""age"":""45-54"",""gender"":""female"",""percentage"":0.155838},{""age"":""45-54"",""gender"":""male"",""percentage"":0.17172},{""age"":""65+"",""gender"":""female"",""percentage"":0.095389},{""age"":""35-44"",""gender"":""female"",""percentage"":0.02239},{""age"":""18-24"",""gender"":""unknown"",""percentage"":8.4e-5},{""age"":""65+"",""gender"":""male"",""percentage"":0.065631},{""age"":""25-34"",""gender"":""male"",""percentage"":0.017172},{""age"":""18-24"",""gender"":""female"",""percentage"":0.001994},{""age"":""55-64"",""gender"":""unknown"",""percentage"":0.001708},{""age"":""25-34"",""gender"":""female"",""percentage"":0.00658},{""age"":""18-24"",""gender"":""male"",""percentage"":0.003582},{""age"":""65+"",""gender"":""unknown"",""percentage"":0.000669},{""age"":""25-34"",""gender"":""unknown"",""percentage"":8.4e-5}","{""region"":""Los R\u00edos Region"",""percentage"":0.00386},{""region"":""Arica y Parinacota Region"",""percentage"":0.002219},{""region"":""Valpara\u00edso Region"",""percentage"":0.234409},{""region"":""Ays\u00e9n Region"",""percentage"":0.00111},{""region"":""Antofagasta Region"",""percentage"":0.005947},{""region"":""Araucan\u00eda Region"",""percentage"":0.011206},{""region"":""Atacama Region"",""percentage"":0.002461},{""region"":""B\u00edo B\u00edo Region"",""percentage"":0.288606},{""region"":""Coquimbo Region"",""percentage"":0.007008},{""region"":""O'Higgins Region"",""percentage"":0.008601},{""region"":""Los Lagos Region"",""percentage"":0.008528},{""region"":""Magallanes y la Ant\u00e1rtica Chilena Region"",""percentage"":0.002111},{""region"":""Maule Region"",""percentage"":0.011918},{""region"":""Santiago Metropolitan Region"",""percentage"":0.408868},{""region"":""Tarapac\u00e1 Region"",""percentage"":0.003148}","facebook,instagram","lower_bound: 500001, upper_bound: 1000000",es
674645150589371,386634201382499,"Marco Enriquez-Ominami",2021-11-05,2021-11-06,2021-11-17,"Partido Progresista de Chile - PRO","PRÉSTAMOS A TASA $0 PARA LAS PYMES

Sé lo que es ser pequeño empresario y entiendo mejor que nadie cómo trabajan a diario dando empleo a millones de compatriotas. Proponemos préstamos con tasa 0, para que las pymes pueden crecer, desarrollarse e incorporar tecnología.
Soy Marco Enríquez-Ominami y te invito a votar 6. Chile no puede seguir esperando. El cambio es hoy.",,api.whatsapp.com,,"lower_bound: 150000, upper_bound: 174999","lower_bound: 450000, upper_bound: 499999",CLP,"{""age"":""18-24"",""gender"":""unknown"",""percentage"":9.4e-5},{""age"":""45-54"",""gender"":""female"",""percentage"":0.09258},{""age"":""18-24"",""gender"":""male"",""percentage"":0.007322},{""age"":""25-34"",""gender"":""female"",""percentage"":0.032651},{""age"":""25-34"",""gender"":""male"",""percentage"":0.069608},{""age"":""35-44"",""gender"":""male"",""percentage"":0.185035},{""age"":""55-64"",""gender"":""female"",""percentage"":0.120047},{""age"":""35-44"",""gender"":""female"",""percentage"":0.103517},{""age"":""65+"",""gender"":""female"",""percentage"":0.054429},{""age"":""65+"",""gender"":""unknown"",""percentage"":0.000346},{""age"":""45-54"",""gender"":""male"",""percentage"":0.157883},{""age"":""65+"",""gender"":""male"",""percentage"":0.040602},{""age"":""55-64"",""gender"":""male"",""percentage"":0.123472},{""age"":""18-24"",""gender"":""female"",""percentage"":0.003771},{""age"":""55-64"",""gender"":""unknown"",""percentage"":0.001163},{""age"":""35-44"",""gender"":""unknown"",""percentage"":0.002923},{""age"":""25-34"",""gender"":""unknown"",""percentage"":0.000409},{""age"":""45-54"",""gender"":""unknown"",""percentage"":0.004148}","{""region"":""Los R\u00edos Region"",""percentage"":0.004453},{""region"":""Arica y Parinacota Region"",""percentage"":0.004515},{""region"":""Valpara\u00edso Region"",""percentage"":0.124285},{""region"":""Ays\u00e9n Region"",""percentage"":0.001453},{""region"":""Antofagasta Region"",""percentage"":0.058973},{""region"":""Araucan\u00eda Region"",""percentage"":0.047778},{""region"":""Atacama Region"",""percentage"":0.01707},{""region"":""B\u00edo B\u00edo Region"",""percentage"":0.111018},{""region"":""Coquimbo Region"",""percentage"":0.045273},{""region"":""O'Higgins Region"",""percentage"":0.046294},{""region"":""Los Lagos Region"",""percentage"":0.009772},{""region"":""Magallanes y la Ant\u00e1rtica Chilena Region"",""percentage"":0.002196},{""region"":""Maule Region"",""percentage"":0.058633},{""region"":""Santiago Metropolitan Region"",""percentage"":0.44732},{""region"":""Tarapac\u00e1 Region"",""percentage"":0.020967}","facebook,instagram","lower_bound: 50001, upper_bound: 100000",es
1351876368577688,386634201382499,"Marco Enriquez-Ominami",2021-11-05,2021-11-05,2021-11-18,"Partido Progresista de Chile - PRO","DIGNIDAD PARA PROFESORAS Y PROFESORES

Chile será un país más grande solo cuando sus profesores trabajen en condiciones dignas. La educación es clave para nuestro desarrollo y las y los profesores son el pilar fundamental. Nos comprometemos a pagar la deuda histórica, a generar condiciones que permitan el desarrollo profesional, el acceso a libros, a cultura y el merecido descanso.
Soy Marco Enríquez-Ominami y te invito a votar 6. Chile no puede seguir esperando. El cambio es hoy.",,api.whatsapp.com,,"lower_bound: 100000, upper_bound: 124999","lower_bound: 500000, upper_bound: 599999",CLP,"{""age"":""18-24"",""gender"":""unknown"",""percentage"":0.000136},{""age"":""55-64"",""gender"":""male"",""percentage"":0.073709},{""age"":""25-34"",""gender"":""unknown"",""percentage"":0.000681},{""age"":""55-64"",""gender"":""unknown"",""percentage"":0.002246},{""age"":""35-44"",""gender"":""unknown"",""percentage"":0.007691},{""age"":""35-44"",""gender"":""male"",""percentage"":0.226366},{""age"":""18-24"",""gender"":""female"",""percentage"":0.008507},{""age"":""65+"",""gender"":""female"",""percentage"":0.021847},{""age"":""35-44"",""gender"":""female"",""percentage"":0.197985},{""age"":""45-54"",""gender"":""unknown"",""percentage"":0.004356},{""age"":""45-54"",""gender"":""male"",""percentage"":0.121895},{""age"":""25-34"",""gender"":""female"",""percentage"":0.05261},{""age"":""45-54"",""gender"":""female"",""percentage"":0.107806},{""age"":""65+"",""gender"":""male"",""percentage"":0.019873},{""age"":""18-24"",""gender"":""male"",""percentage"":0.011502},{""age"":""25-34"",""gender"":""male"",""percentage"":0.06874},{""age"":""55-64"",""gender"":""female"",""percentage"":0.073572},{""age"":""65+"",""gender"":""unknown"",""percentage"":0.000476}","{""region"":""Unknown"",""percentage"":0.000136},{""region"":""Los R\u00edos Region"",""percentage"":0.00619},{""region"":""Arica y Parinacota Region"",""percentage"":0.003741},{""region"":""Valpara\u00edso Region"",""percentage"":0.172789},{""region"":""Ays\u00e9n Region"",""percentage"":0.002177},{""region"":""Antofagasta Region"",""percentage"":0.050816},{""region"":""Araucan\u00eda Region"",""percentage"":0.073333},{""region"":""Atacama Region"",""percentage"":0.044014},{""region"":""B\u00edo B\u00edo Region"",""percentage"":0.152653},{""region"":""Coquimbo Region"",""percentage"":0.081156},{""region"":""O'Higgins Region"",""percentage"":0.051905},{""region"":""Los Lagos Region"",""percentage"":0.011429},{""region"":""Magallanes y la Ant\u00e1rtica Chilena Region"",""percentage"":0.003401},{""region"":""Maule Region"",""percentage"":0.063878},{""region"":""Santiago Metropolitan Region"",""percentage"":0.254558},{""region"":""Tarapac\u00e1 Region"",""percentage"":0.027823}","facebook,instagram","lower_bound: 10001, upper_bound: 50000",es
1024665061689348,386634201382499,"Marco Enriquez-Ominami",2021-11-05,2021-11-05,2021-11-18,"Partido Progresista de Chile - PRO","NO MÁS LISTAS DE ESPERA

Si hay algo que nos enseñó la pandemia es que la enfermedad de uno es problema de todos. Chile no puede seguir entregando salud con listas de espera interminables. Es indigno. Eso es anormal. Proponemos más consultorios y más especialistas, vengan de donde vengan.
Soy Marco Enríquez-Ominami y te invito a votar 6. Chile no puede seguir esperando. El cambio es hoy.

#MarcoPresidente #Vota6",,api.whatsapp.com,,"lower_bound: 200000, upper_bound: 249999","lower_bound: 500000, upper_bound: 599999",CLP,"{""age"":""18-24"",""gender"":""unknown"",""percentage"":2.8e-5},{""age"":""45-54"",""gender"":""female"",""percentage"":0.191985},{""age"":""35-44"",""gender"":""unknown"",""percentage"":0.001585},{""age"":""18-24"",""gender"":""female"",""percentage"":0.002595},{""age"":""35-44"",""gender"":""male"",""percentage"":0.074544},{""age"":""25-34"",""gender"":""female"",""percentage"":0.010563},{""age"":""65+"",""gender"":""male"",""percentage"":0.060642},{""age"":""55-64"",""gender"":""male"",""percentage"":0.116473},{""age"":""35-44"",""gender"":""female"",""percentage"":0.05123},{""age"":""25-34"",""gender"":""unknown"",""percentage"":0.00014},{""age"":""65+"",""gender"":""female"",""percentage"":0.108631},{""age"":""55-64"",""gender"":""female"",""percentage"":0.15655},{""age"":""45-54"",""gender"":""male"",""percentage"":0.188464},{""age"":""25-34"",""gender"":""male"",""percentage"":0.026863},{""age"":""18-24"",""gender"":""male"",""percentage"":0.00411},{""age"":""45-54"",""gender"":""unknown"",""percentage"":0.003072},{""age"":""55-64"",""gender"":""unknown"",""percentage"":0.001725},{""age"":""65+"",""gender"":""unknown"",""percentage"":0.0008}","{""region"":""Los R\u00edos Region"",""percentage"":0.00445},{""region"":""Arica y Parinacota Region"",""percentage"":0.003296},{""region"":""Valpara\u00edso Region"",""percentage"":0.12169},{""region"":""Ays\u00e9n Region"",""percentage"":0.001346},{""region"":""Antofagasta Region"",""percentage"":0.076522},{""region"":""Araucan\u00eda Region"",""percentage"":0.053766},{""region"":""Atacama Region"",""percentage"":0.019446},{""region"":""B\u00edo B\u00edo Region"",""percentage"":0.132526},{""region"":""Coquimbo Region"",""percentage"":0.045018},{""region"":""O'Higgins Region"",""percentage"":0.048135},{""region"":""Los Lagos Region"",""percentage"":0.010355},{""region"":""Magallanes y la Ant\u00e1rtica Chilena Region"",""percentage"":0.002307},{""region"":""Maule Region"",""percentage"":0.05393},{""region"":""Santiago Metropolitan Region"",""percentage"":0.396438},{""region"":""Tarapac\u00e1 Region"",""percentage"":0.030776}","facebook,instagram","lower_bound: 100001, upper_bound: 500000",es
419291036253368,386634201382499,"Marco Enriquez-Ominami",2021-11-05,2021-11-06,2021-11-18,"Partido Progresista de Chile - PRO","PENSIONES DIGNAS

En Chile nos acostumbramos a que envejecer es sinónimo de empobrecerse. Es no es sano, no es normal. Es impresentable. Las pensiones en Chile no pueden ser inferiores al sueldo mínimo y hemos elaborado con rigurosidad un programa que irá en beneficio de los millones de pensionados y pensionadas de nuestro país.
Soy Marco Enríquez-Ominami y te invito a votar 6. Chile no puede seguir esperando. El cambio es hoy.

#MarcoPresidente #Vota6",,api.whatsapp.com,,"lower_bound: 30000, upper_bound: 34999","lower_bound: 100000, upper_bound: 124999",CLP,"{""age"":""25-34"",""gender"":""unknown"",""percentage"":8.3e-5},{""age"":""35-44"",""gender"":""male"",""percentage"":0.048543},{""age"":""65+"",""gender"":""unknown"",""percentage"":0.00358},{""age"":""25-34"",""gender"":""female"",""percentage"":0.012989},{""age"":""18-24"",""gender"":""female"",""percentage"":0.002998},{""age"":""25-34"",""gender"":""male"",""percentage"":0.03955},{""age"":""55-64"",""gender"":""male"",""percentage"":0.058618},{""age"":""65+"",""gender"":""female"",""percentage"":0.371524},{""age"":""65+"",""gender"":""male"",""percentage"":0.30741},{""age"":""55-64"",""gender"":""unknown"",""percentage"":0.000583},{""age"":""55-64"",""gender"":""female"",""percentage"":0.039134},{""age"":""45-54"",""gender"":""male"",""percentage"":0.064613},{""age"":""45-54"",""gender"":""female"",""percentage"":0.023231},{""age"":""18-24"",""gender"":""male"",""percentage"":0.00816},{""age"":""35-44"",""gender"":""female"",""percentage"":0.017069},{""age"":""35-44"",""gender"":""unknown"",""percentage"":0.0005},{""age"":""45-54"",""gender"":""unknown"",""percentage"":0.001415}","{""region"":""Los R\u00edos Region"",""percentage"":0.004795},{""region"":""Arica y Parinacota Region"",""percentage"":0.004547},{""region"":""Valpara\u00edso Region"",""percentage"":0.150463},{""region"":""Ays\u00e9n Region"",""percentage"":0.001405},{""region"":""Antofagasta Region"",""percentage"":0.045222},{""region"":""Araucan\u00eda Region"",""percentage"":0.053985},{""region"":""Atacama Region"",""percentage"":0.016948},{""region"":""B\u00edo B\u00edo Region"",""percentage"":0.144015},{""region"":""Coquimbo Region"",""percentage"":0.048694},{""region"":""O'Higgins Region"",""percentage"":0.053075},{""region"":""Los Lagos Region"",""percentage"":0.01207},{""region"":""Magallanes y la Ant\u00e1rtica Chilena Region"",""percentage"":0.004134},{""region"":""Maule Region"",""percentage"":0.063657},{""region"":""Santiago Metropolitan Region"",""percentage"":0.372685},{""region"":""Tarapac\u00e1 Region"",""percentage"":0.024306}","facebook,instagram","lower_bound: 50001, upper_bound: 100000",es
4717498384961918,386634201382499,"Marco Enriquez-Ominami",2021-11-05,2021-11-06,2021-11-18,"Partido Progresista de Chile - PRO","NO MÁS CAE 

La marquetización de la educación terminó con millones de jóvenes chilenos endeudados con el CAE. Son quienes lograron estudiar, pero antes de que exista la gratuidad. No solo es injusto, sino que es una carga que los estudiantes no se merecen. A los deudores del CAE les vamos a aliviar sus vidas, porque en Chile plata hay. Soy Marco Enríquez-Ominami y te invito a votar 6. Chile no puede seguir esperando. El cambio es hoy.",,api.whatsapp.com,,"lower_bound: 250000, upper_bound: 299999","lower_bound: 500000, upper_bound: 599999",CLP,"{""age"":""55-64"",""gender"":""unknown"",""percentage"":7.0e-5},{""age"":""35-44"",""gender"":""male"",""percentage"":0.350782},{""age"":""25-34"",""gender"":""unknown"",""percentage"":0.000904},{""age"":""45-54"",""gender"":""female"",""percentage"":0.066794},{""age"":""25-34"",""gender"":""female"",""percentage"":0.073844},{""age"":""35-44"",""gender"":""female"",""percentage"":0.255312},{""age"":""55-64"",""gender"":""male"",""percentage"":0.010778},{""age"":""45-54"",""gender"":""male"",""percentage"":0.080033},{""age"":""25-34"",""gender"":""male"",""percentage"":0.120126},{""age"":""45-54"",""gender"":""unknown"",""percentage"":0.001238},{""age"":""65+"",""gender"":""male"",""percentage"":0.007913},{""age"":""55-64"",""gender"":""female"",""percentage"":0.009192},{""age"":""18-24"",""gender"":""female"",""percentage"":0.003727},{""age"":""18-24"",""gender"":""male"",""percentage"":0.005896},{""age"":""65+"",""gender"":""unknown"",""percentage"":0.000125},{""age"":""35-44"",""gender"":""unknown"",""percentage"":0.007315},{""age"":""65+"",""gender"":""female"",""percentage"":0.005924},{""age"":""18-24"",""gender"":""unknown"",""percentage"":2.8e-5}","{""region"":""Los R\u00edos Region"",""percentage"":0.00504},{""region"":""Arica y Parinacota Region"",""percentage"":0.004032},{""region"":""Valpara\u00edso Region"",""percentage"":0.145037},{""region"":""Ays\u00e9n Region"",""percentage"":0.00126},{""region"":""Antofagasta Region"",""percentage"":0.070671},{""region"":""Araucan\u00eda Region"",""percentage"":0.100434},{""region"":""Atacama Region"",""percentage"":0.030351},{""region"":""B\u00edo B\u00edo Region"",""percentage"":0.173947},{""region"":""Coquimbo Region"",""percentage"":0.069887},{""region"":""O'Higgins Region"",""percentage"":0.098852},{""region"":""Los Lagos Region"",""percentage"":0.008904},{""region"":""Magallanes y la Ant\u00e1rtica Chilena Region"",""percentage"":0.0028},{""region"":""Maule Region"",""percentage"":0.106636},{""region"":""Santiago Metropolitan Region"",""percentage"":0.144211},{""region"":""Tarapac\u00e1 Region"",""percentage"":0.037939}","facebook,instagram","lower_bound: 100001, upper_bound: 500000",es
391583822650783,386634201382499,"Marco Enriquez-Ominami",2021-11-05,2021-11-06,2021-11-06,"Partido Progresista de Chile - PRO","Cuando el 2006 denunciamos a Pérez Yoma pagué los costos políticos pero quien pagó los costos penales fue Rodrigo Mundaca. Implementaré medidas contra la persecución de medioambientalistas, y será pagado con cárcel.

#EsTurnoDelPlaneta
#MarcoDebate",,,,"lower_bound: 25000, upper_bound: 29999","lower_bound: 90000, upper_bound: 99999",CLP,"{""age"":""65+"",""gender"":""unknown"",""percentage"":0.000656},{""age"":""25-34"",""gender"":""male"",""percentage"":0.062117},{""age"":""45-54"",""gender"":""unknown"",""percentage"":0.002953},{""age"":""18-24"",""gender"":""female"",""percentage"":0.003609},{""age"":""25-34"",""gender"":""female"",""percentage"":0.037456},{""age"":""45-54"",""gender"":""female"",""percentage"":0.116306},{""age"":""55-64"",""gender"":""female"",""percentage"":0.125109},{""age"":""65+"",""gender"":""female"",""percentage"":0.077865},{""age"":""55-64"",""gender"":""male"",""percentage"":0.108268},{""age"":""55-64"",""gender"":""unknown"",""percentage"":0.001258},{""age"":""45-54"",""gender"":""male"",""percentage"":0.144849},{""age"":""35-44"",""gender"":""female"",""percentage"":0.10023},{""age"":""35-44"",""gender"":""male"",""percentage"":0.154473},{""age"":""18-24"",""gender"":""male"",""percentage"":0.005195},{""age"":""65+"",""gender"":""male"",""percentage"":0.05654},{""age"":""35-44"",""gender"":""unknown"",""percentage"":0.002898},{""age"":""25-34"",""gender"":""unknown"",""percentage"":0.000219}","{""region"":""Los R\u00edos Region"",""percentage"":0.002132},{""region"":""Arica y Parinacota Region"",""percentage"":0.003478},{""region"":""Valpara\u00edso Region"",""percentage"":0.846443},{""region"":""Ays\u00e9n Region"",""percentage"":0.000673},{""region"":""Antofagasta Region"",""percentage"":0.007911},{""region"":""Araucan\u00eda Region"",""percentage"":0.00432},{""region"":""Atacama Region"",""percentage"":0.003366},{""region"":""B\u00edo B\u00edo Region"",""percentage"":0.014643},{""region"":""Coquimbo Region"",""percentage"":0.00735},{""region"":""O'Higgins Region"",""percentage"":0.006676},{""region"":""Los Lagos Region"",""percentage"":0.004488},{""region"":""Magallanes y la Ant\u00e1rtica Chilena Region"",""percentage"":0.002525},{""region"":""Maule Region"",""percentage"":0.006284},{""region"":""Santiago Metropolitan Region"",""percentage"":0.085615},{""region"":""Tarapac\u00e1 Region"",""percentage"":0.004096}","facebook,instagram","lower_bound: 50001, upper_bound: 100000",es
2696049990702291,386634201382499,"Marco Enriquez-Ominami",2021-11-05,2021-11-05,2021-11-07,"Partido Progresista de Chile - PRO","MARCO POR PUERTO MONTT

La alegría de recorrer mi país y conocer sus historias, sus miedos y esperanzas. Por un Puerto Montt más seguro para todas, todos y todes, #ElCambioEsHoy.",,,,"lower_bound: 20000, upper_bound: 24999","lower_bound: 200000, upper_bound: 249999",CLP,"{""age"":""65+"",""gender"":""unknown"",""percentage"":0.000209},{""age"":""35-44"",""gender"":""female"",""percentage"":0.152287},{""age"":""35-44"",""gender"":""unknown"",""percentage"":0.002716},{""age"":""18-24"",""gender"":""male"",""percentage"":0.006789},{""age"":""25-34"",""gender"":""female"",""percentage"":0.072279},{""age"":""35-44"",""gender"":""male"",""percentage"":0.158763},{""age"":""55-64"",""gender"":""male"",""percentage"":0.073741},{""age"":""65+"",""gender"":""female"",""percentage"":0.047733},{""age"":""45-54"",""gender"":""male"",""percentage"":0.125862},{""age"":""25-34"",""gender"":""unknown"",""percentage"":0.000418},{""age"":""65+"",""gender"":""male"",""percentage"":0.035199},{""age"":""25-34"",""gender"":""male"",""percentage"":0.077606},{""age"":""45-54"",""gender"":""female"",""percentage"":0.138918},{""age"":""55-64"",""gender"":""female"",""percentage"":0.099854},{""age"":""18-24"",""gender"":""female"",""percentage"":0.004909},{""age"":""45-54"",""gender"":""unknown"",""percentage"":0.002193},{""age"":""55-64"",""gender"":""unknown"",""percentage"":0.000522}","{""region"":""Los Lagos Region"",""percentage"":1}",facebook,"lower_bound: 10001, upper_bound: 50000",es
245928040852018,386634201382499,"Marco Enriquez-Ominami",2021-11-05,2021-11-06,2021-11-07,"Partido Progresista de Chile - PRO","Marco por ti, en cada rincón de Chile. Recorrí Chiloé para escuchar su sueño de convertirse en región. Desde esta cuarentena preventiva, espero salir pronto a seguir recorriendo Chile para escuchar sus ideas y proponer soluciones en materia de seguridad mirándonos a los ojos. La pandemia no ha terminado, todas y todos a cuidarse. #ElCambioEsHoy",,,,"lower_bound: 1000, upper_bound: 1999","lower_bound: 7000, upper_bound: 7999",CLP,"{""age"":""55-64"",""gender"":""female"",""percentage"":0.085366},{""age"":""35-44"",""gender"":""female"",""percentage"":0.13313},{""age"":""25-34"",""gender"":""male"",""percentage"":0.158537},{""age"":""25-34"",""gender"":""female"",""percentage"":0.137195},{""age"":""35-44"",""gender"":""male"",""percentage"":0.121951},{""age"":""45-54"",""gender"":""male"",""percentage"":0.073171},{""age"":""45-54"",""gender"":""female"",""percentage"":0.13313},{""age"":""18-24"",""gender"":""male"",""percentage"":0.033537},{""age"":""18-24"",""gender"":""female"",""percentage"":0.020325},{""age"":""55-64"",""gender"":""male"",""percentage"":0.035569},{""age"":""65+"",""gender"":""female"",""percentage"":0.041667},{""age"":""65+"",""gender"":""male"",""percentage"":0.020325},{""age"":""35-44"",""gender"":""unknown"",""percentage"":0.005081},{""age"":""45-54"",""gender"":""unknown"",""percentage"":0.001016}","{""region"":""Los R\u00edos Region"",""percentage"":0.010204},{""region"":""Arica y Parinacota Region"",""percentage"":0.00102},{""region"":""Valpara\u00edso Region"",""percentage"":0.016327},{""region"":""Ays\u00e9n Region"",""percentage"":0.005102},{""region"":""Antofagasta Region"",""percentage"":0.007143},{""region"":""Araucan\u00eda Region"",""percentage"":0.015306},{""region"":""B\u00edo B\u00edo Region"",""percentage"":0.019388},{""region"":""Coquimbo Region"",""percentage"":0.003061},{""region"":""O'Higgins Region"",""percentage"":0.003061},{""region"":""Los Lagos Region"",""percentage"":0.877551},{""region"":""Magallanes y la Ant\u00e1rtica Chilena Region"",""percentage"":0.006122},{""region"":""Maule Region"",""percentage"":0.005102},{""region"":""Santiago Metropolitan Region"",""percentage"":0.029592},{""region"":""Tarapac\u00e1 Region"",""percentage"":0.00102}",instagram,"lower_bound: 10001, upper_bound: 50000",es
600790828011951,386634201382499,"Marco Enriquez-Ominami",2021-11-05,2021-11-05,2021-11-07,"Partido Progresista de Chile - PRO","MARCO POR CHILOÉ

Marco por ti, en cada rincón de Chile. Recorrí Chiloé para escuchar su sueño de convertirse en región. Desde esta cuarentena preventiva, espero salir pronto a seguir recorriendo Chile para escuchar sus ideas y proponer soluciones en materia de seguridad mirándonos a los ojos. La pandemia no ha terminado, todas y todos a cuidarse. #ElCambioEsHoy",,,,"lower_bound: 35000, upper_bound: 39999","lower_bound: 175000, upper_bound: 199999",CLP,"{""age"":""65+"",""gender"":""unknown"",""percentage"":0.000198},{""age"":""65+"",""gender"":""female"",""percentage"":0.051589},{""age"":""35-44"",""gender"":""female"",""percentage"":0.138913},{""age"":""18-24"",""gender"":""male"",""percentage"":0.006341},{""age"":""25-34"",""gender"":""male"",""percentage"":0.074377},{""age"":""65+"",""gender"":""male"",""percentage"":0.039104},{""age"":""25-34"",""gender"":""female"",""percentage"":0.059515},{""age"":""35-44"",""gender"":""male"",""percentage"":0.149812},{""age"":""45-54"",""gender"":""female"",""percentage"":0.148689},{""age"":""25-34"",""gender"":""unknown"",""percentage"":0.000396},{""age"":""55-64"",""gender"":""female"",""percentage"":0.114274},{""age"":""55-64"",""gender"":""male"",""percentage"":0.083097},{""age"":""45-54"",""gender"":""male"",""percentage"":0.125239},{""age"":""35-44"",""gender"":""unknown"",""percentage"":0.002444},{""age"":""45-54"",""gender"":""unknown"",""percentage"":0.001189},{""age"":""18-24"",""gender"":""female"",""percentage"":0.004426},{""age"":""55-64"",""gender"":""unknown"",""percentage"":0.000396}","{""region"":""Los R\u00edos Region"",""percentage"":0.008574},{""region"":""Arica y Parinacota Region"",""percentage"":0.001244},{""region"":""Valpara\u00edso Region"",""percentage"":0.011846},{""region"":""Ays\u00e9n Region"",""percentage"":0.003731},{""region"":""Antofagasta Region"",""percentage"":0.002945},{""region"":""Araucan\u00eda Region"",""percentage"":0.009621},{""region"":""Atacama Region"",""percentage"":0.001374},{""region"":""B\u00edo B\u00edo Region"",""percentage"":0.013679},{""region"":""Coquimbo Region"",""percentage"":0.002945},{""region"":""O'Higgins Region"",""percentage"":0.003665},{""region"":""Los Lagos Region"",""percentage"":0.869232},{""region"":""Magallanes y la Ant\u00e1rtica Chilena Region"",""percentage"":0.007527},{""region"":""Maule Region"",""percentage"":0.005105},{""region"":""Santiago Metropolitan Region"",""percentage"":0.056286},{""region"":""Tarapac\u00e1 Region"",""percentage"":0.002225}",facebook,"lower_bound: 10001, upper_bound: 50000",es
208977461373754,386634201382499,"Marco Enriquez-Ominami",2021-11-04,2021-11-04,2021-11-07,"Partido Progresista de Chile - PRO","¡Abre tu ventana al cambio! Danos un espacio en tu ventana, balcón o terraza para difundir nuestra campaña. Juntos construimos el cambio. #Vota6",,api.whatsapp.com,,"lower_bound: 45000, upper_bound: 49999","lower_bound: 150000, upper_bound: 174999",CLP,"{""age"":""25-34"",""gender"":""unknown"",""percentage"":0.000999},{""age"":""45-54"",""gender"":""female"",""percentage"":0.137147},{""age"":""18-24"",""gender"":""male"",""percentage"":0.01518},{""age"":""55-64"",""gender"":""female"",""percentage"":0.140383},{""age"":""55-64"",""gender"":""unknown"",""percentage"":0.001618},{""age"":""25-34"",""gender"":""male"",""percentage"":0.106358},{""age"":""65+"",""gender"":""female"",""percentage"":0.08166},{""age"":""45-54"",""gender"":""male"",""percentage"":0.10493},{""age"":""65+"",""gender"":""male"",""percentage"":0.042638},{""age"":""18-24"",""gender"":""unknown"",""percentage"":0.00019},{""age"":""55-64"",""gender"":""male"",""percentage"":0.094651},{""age"":""35-44"",""gender"":""male"",""percentage"":0.10612},{""age"":""35-44"",""gender"":""female"",""percentage"":0.093604},{""age"":""25-34"",""gender"":""female"",""percentage"":0.057628},{""age"":""65+"",""gender"":""unknown"",""percentage"":0.00119},{""age"":""18-24"",""gender"":""female"",""percentage"":0.010184},{""age"":""45-54"",""gender"":""unknown"",""percentage"":0.002808},{""age"":""35-44"",""gender"":""unknown"",""percentage"":0.002712}","{""region"":""Araucan\u00eda Region"",""percentage"":4.8e-5},{""region"":""Santiago Metropolitan Region"",""percentage"":0.999952}","facebook,instagram","lower_bound: 100001, upper_bound: 500000",es
926818381589111,386634201382499,"Marco Enriquez-Ominami",2021-11-04,2021-11-04,2021-11-07,"Partido Progresista de Chile - PRO","¡Abre tu ventana al cambio! Danos un espacio en tu ventana, balcón o terraza para difundir nuestra campaña. Juntos construimos el cambio. #Vota6",,presidentemarco.cl,,"lower_bound: 50000, upper_bound: 59999","lower_bound: 150000, upper_bound: 174999",CLP,"{""age"":""18-24"",""gender"":""unknown"",""percentage"":0.000168},{""age"":""45-54"",""gender"":""male"",""percentage"":0.106029},{""age"":""18-24"",""gender"":""female"",""percentage"":0.007175},{""age"":""35-44"",""gender"":""male"",""percentage"":0.116687},{""age"":""65+"",""gender"":""male"",""percentage"":0.050476},{""age"":""35-44"",""gender"":""female"",""percentage"":0.094323},{""age"":""18-24"",""gender"":""male"",""percentage"":0.014686},{""age"":""55-64"",""gender"":""male"",""percentage"":0.091134},{""age"":""65+"",""gender"":""female"",""percentage"":0.080309},{""age"":""55-64"",""gender"":""unknown"",""percentage"":0.00193},{""age"":""45-54"",""gender"":""female"",""percentage"":0.129275},{""age"":""25-34"",""gender"":""male"",""percentage"":0.110099},{""age"":""55-64"",""gender"":""female"",""percentage"":0.13431},{""age"":""25-34"",""gender"":""female"",""percentage"":0.055301},{""age"":""45-54"",""gender"":""unknown"",""percentage"":0.002937},{""age"":""65+"",""gender"":""unknown"",""percentage"":0.001259},{""age"":""35-44"",""gender"":""unknown"",""percentage"":0.002895},{""age"":""25-34"",""gender"":""unknown"",""percentage"":0.001007}","{""region"":""Santiago Metropolitan Region"",""percentage"":1}","facebook,instagram","lower_bound: 100001, upper_bound: 500000",es
608166807045385,386634201382499,"Marco Enriquez-Ominami",2021-11-04,2021-11-04,2021-11-06,"Partido Progresista de Chile - PRO","¡Haz tu aporte para defender el cambio! No lo dejes para mañana, porque #ElCambioEsHoy 💪",,aportes.servel.cl,,"lower_bound: 70000, upper_bound: 79999","lower_bound: 150000, upper_bound: 174999",CLP,"{""age"":""18-24"",""gender"":""unknown"",""percentage"":0.000134},{""age"":""45-54"",""gender"":""female"",""percentage"":0.120486},{""age"":""45-54"",""gender"":""unknown"",""percentage"":0.003056},{""age"":""18-24"",""gender"":""female"",""percentage"":0.010198},{""age"":""55-64"",""gender"":""male"",""percentage"":0.13204},{""age"":""18-24"",""gender"":""male"",""percentage"":0.014495},{""age"":""55-64"",""gender"":""female"",""percentage"":0.12484},{""age"":""65+"",""gender"":""male"",""percentage"":0.055325},{""age"":""25-34"",""gender"":""male"",""percentage"":0.078376},{""age"":""65+"",""gender"":""unknown"",""percentage"":0.001069},{""age"":""65+"",""gender"":""female"",""percentage"":0.057923},{""age"":""25-34"",""gender"":""female"",""percentage"":0.048164},{""age"":""55-64"",""gender"":""unknown"",""percentage"":0.001413},{""age"":""35-44"",""gender"":""male"",""percentage"":0.118843},{""age"":""35-44"",""gender"":""female"",""percentage"":0.082539},{""age"":""45-54"",""gender"":""male"",""percentage"":0.148616},{""age"":""35-44"",""gender"":""unknown"",""percentage"":0.002158},{""age"":""25-34"",""gender"":""unknown"",""percentage"":0.000325}","{""region"":""Los R\u00edos Region"",""percentage"":0.021619},{""region"":""Arica y Parinacota Region"",""percentage"":0.021884},{""region"":""Valpara\u00edso Region"",""percentage"":0.114574},{""region"":""Ays\u00e9n Region"",""percentage"":0.005002},{""region"":""Antofagasta Region"",""percentage"":0.0504},{""region"":""Araucan\u00eda Region"",""percentage"":0.056577},{""region"":""Atacama Region"",""percentage"":0.024537},{""region"":""B\u00edo B\u00edo Region"",""percentage"":0.132138},{""region"":""Coquimbo Region"",""percentage"":0.040017},{""region"":""O'Higgins Region"",""percentage"":0.04769},{""region"":""Los Lagos Region"",""percentage"":0.053147},{""region"":""Magallanes y la Ant\u00e1rtica Chilena Region"",""percentage"":0.013642},{""region"":""Maule Region"",""percentage"":0.067282},{""region"":""Santiago Metropolitan Region"",""percentage"":0.324207},{""region"":""Tarapac\u00e1 Region"",""percentage"":0.027284}","facebook,instagram","lower_bound: 500001, upper_bound: 1000000",es
443133380518082,386634201382499,"Marco Enriquez-Ominami",2021-11-04,2021-11-04,2021-11-06,"Partido Progresista de Chile - PRO","¡Gracias Punta Arenas! Me duele no estar en la calle con ustedes, aunque desde mi cuarentena preventiva, sigo sintiendo el cariño de todas y todos. Pero no se trata de mí, se trata de ustedes. #ElCambioEsHoy y por eso #Vota6",,www.presidentemarco.cl,,"lower_bound: 2000, upper_bound: 2999","lower_bound: 15000, upper_bound: 19999",CLP,"{""age"":""55-64"",""gender"":""unknown"",""percentage"":0.00063},{""age"":""25-34"",""gender"":""unknown"",""percentage"":0.00189},{""age"":""18-24"",""gender"":""male"",""percentage"":0.020794},{""age"":""18-24"",""gender"":""female"",""percentage"":0.015123},{""age"":""45-54"",""gender"":""unknown"",""percentage"":0.005041},{""age"":""65+"",""gender"":""female"",""percentage"":0.05041},{""age"":""45-54"",""gender"":""female"",""percentage"":0.122243},{""age"":""45-54"",""gender"":""male"",""percentage"":0.10523},{""age"":""25-34"",""gender"":""male"",""percentage"":0.102079},{""age"":""35-44"",""gender"":""male"",""percentage"":0.133585},{""age"":""35-44"",""gender"":""female"",""percentage"":0.140517},{""age"":""25-34"",""gender"":""female"",""percentage"":0.113422},{""age"":""55-64"",""gender"":""male"",""percentage"":0.05419},{""age"":""55-64"",""gender"":""female"",""percentage"":0.109011},{""age"":""35-44"",""gender"":""unknown"",""percentage"":0.00252},{""age"":""65+"",""gender"":""male"",""percentage"":0.023314}","{""region"":""Atacama Region"",""percentage"":0.001255},{""region"":""Los R\u00edos Region"",""percentage"":0.008156},{""region"":""Arica y Parinacota Region"",""percentage"":0.001882},{""region"":""Valpara\u00edso Region"",""percentage"":0.023212},{""region"":""Ays\u00e9n Region"",""percentage"":0.002509},{""region"":""Antofagasta Region"",""percentage"":0.004391},{""region"":""Araucan\u00eda Region"",""percentage"":0.007528},{""region"":""B\u00edo B\u00edo Region"",""percentage"":0.02133},{""region"":""Coquimbo Region"",""percentage"":0.004391},{""region"":""O'Higgins Region"",""percentage"":0.005019},{""region"":""Los Lagos Region"",""percentage"":0.012547},{""region"":""Magallanes y la Ant\u00e1rtica Chilena Region"",""percentage"":0.832497},{""region"":""Maule Region"",""percentage"":0.008783},{""region"":""Santiago Metropolitan Region"",""percentage"":0.063363},{""region"":""Tarapac\u00e1 Region"",""percentage"":0.003137}",instagram,"lower_bound: 5001, upper_bound: 10000",es
4239232149519233,386634201382499,"Marco Enriquez-Ominami",2021-11-04,2021-11-04,2021-11-06,"Partido Progresista de Chile - PRO","¡Gracias Punta Arenas! Me duele no estar en la calle con ustedes, aunque desde mi cuarentena preventiva, sigo sintiendo el cariño de todas y todos. Pero no se trata de mí, se trata de ustedes. #ElCambioEsHoy y por eso #Vota6",,,,"lower_bound: 35000, upper_bound: 39999","lower_bound: 175000, upper_bound: 199999",CLP,"{""age"":""65+"",""gender"":""unknown"",""percentage"":0.000211},{""age"":""45-54"",""gender"":""female"",""percentage"":0.121887},{""age"":""55-64"",""gender"":""unknown"",""percentage"":0.001266},{""age"":""65+"",""gender"":""male"",""percentage"":0.053926},{""age"":""55-64"",""gender"":""male"",""percentage"":0.098354},{""age"":""35-44"",""gender"":""male"",""percentage"":0.161249},{""age"":""55-64"",""gender"":""female"",""percentage"":0.11355},{""age"":""65+"",""gender"":""female"",""percentage"":0.063001},{""age"":""25-34"",""gender"":""female"",""percentage"":0.056669},{""age"":""45-54"",""gender"":""unknown"",""percentage"":0.001688},{""age"":""25-34"",""gender"":""male"",""percentage"":0.071338},{""age"":""35-44"",""gender"":""female"",""percentage"":0.115344},{""age"":""45-54"",""gender"":""male"",""percentage"":0.130646},{""age"":""25-34"",""gender"":""unknown"",""percentage"":0.000633},{""age"":""18-24"",""gender"":""male"",""percentage"":0.004643},{""age"":""18-24"",""gender"":""female"",""percentage"":0.00306},{""age"":""35-44"",""gender"":""unknown"",""percentage"":0.002533}","{""region"":""Los R\u00edos Region"",""percentage"":0.005114},{""region"":""Arica y Parinacota Region"",""percentage"":0.001461},{""region"":""Valpara\u00edso Region"",""percentage"":0.022336},{""region"":""Ays\u00e9n Region"",""percentage"":0.005636},{""region"":""Antofagasta Region"",""percentage"":0.004592},{""region"":""Araucan\u00eda Region"",""percentage"":0.009707},{""region"":""Atacama Region"",""percentage"":0.001252},{""region"":""B\u00edo B\u00edo Region"",""percentage"":0.02171},{""region"":""Coquimbo Region"",""percentage"":0.004488},{""region"":""O'Higgins Region"",""percentage"":0.006576},{""region"":""Los Lagos Region"",""percentage"":0.021501},{""region"":""Magallanes y la Ant\u00e1rtica Chilena Region"",""percentage"":0.816303},{""region"":""Maule Region"",""percentage"":0.009811},{""region"":""Santiago Metropolitan Region"",""percentage"":0.067529},{""region"":""Tarapac\u00e1 Region"",""percentage"":0.001983}",facebook,"lower_bound: 10001, upper_bound: 50000",es
2058658424301811,386634201382499,"Marco Enriquez-Ominami",2021-11-04,2021-11-04,2021-11-06,"Partido Progresista de Chile - PRO","Queremos que el deporte llegue a los barrios de todo Chile. Para ciudades más sanas y seguras, proponemos $400 mil para cada club de barrio. ¡Deporte para todas, todos y todes! 🎾 #ElCambioEsHoy",,,,"lower_bound: 50000, upper_bound: 59999","lower_bound: 200000, upper_bound: 249999",CLP,"{""age"":""35-44"",""gender"":""unknown"",""percentage"":0.00056},{""age"":""65+"",""gender"":""female"",""percentage"":0.032145},{""age"":""25-34"",""gender"":""unknown"",""percentage"":0.000998},{""age"":""45-54"",""gender"":""male"",""percentage"":0.011056},{""age"":""55-64"",""gender"":""male"",""percentage"":0.01259},{""age"":""18-24"",""gender"":""unknown"",""percentage"":0.001218},{""age"":""55-64"",""gender"":""female"",""percentage"":0.038355},{""age"":""35-44"",""gender"":""male"",""percentage"":0.021162},{""age"":""25-34"",""gender"":""female"",""percentage"":0.193527},{""age"":""55-64"",""gender"":""unknown"",""percentage"":0.00039},{""age"":""25-34"",""gender"":""male"",""percentage"":0.133012},{""age"":""18-24"",""gender"":""female"",""percentage"":0.334259},{""age"":""18-24"",""gender"":""male"",""percentage"":0.154564},{""age"":""35-44"",""gender"":""female"",""percentage"":0.030197},{""age"":""45-54"",""gender"":""female"",""percentage"":0.02199},{""age"":""65+"",""gender"":""male"",""percentage"":0.013126},{""age"":""45-54"",""gender"":""unknown"",""percentage"":0.00039},{""age"":""65+"",""gender"":""unknown"",""percentage"":0.000463}","{""region"":""Los R\u00edos Region"",""percentage"":0.036852},{""region"":""Arica y Parinacota Region"",""percentage"":0.02311},{""region"":""Valpara\u00edso Region"",""percentage"":0.126914},{""region"":""Ays\u00e9n Region"",""percentage"":0.010366},{""region"":""Antofagasta Region"",""percentage"":0.04213},{""region"":""Araucan\u00eda Region"",""percentage"":0.090537},{""region"":""Atacama Region"",""percentage"":0.018616},{""region"":""B\u00edo B\u00edo Region"",""percentage"":0.197789},{""region"":""Coquimbo Region"",""percentage"":0.045744},{""region"":""O'Higgins Region"",""percentage"":0.061008},{""region"":""Los Lagos Region"",""percentage"":0.062054},{""region"":""Magallanes y la Ant\u00e1rtica Chilena Region"",""percentage"":0.015193},{""region"":""Maule Region"",""percentage"":0.082168},{""region"":""Santiago Metropolitan Region"",""percentage"":0.143248},{""region"":""Tarapac\u00e1 Region"",""percentage"":0.04427}",instagram,"lower_bound: 100001, upper_bound: 500000",es
286473170054430,386634201382499,"Marco Enriquez-Ominami",2021-11-03,2021-11-04,2021-11-08,"Partido Progresista de Chile - PRO","ARRIBA LA EDUCACIÓN PÚBLICA 

¡Arriba la educación pública! Celebro los encuentros con la juventud como el de hoy en el Instituto Nacional. Tremenda alegría al ver a las primeras estudiantes mujeres de este liceo histórico. ¡Avanza el nuevo Chile! Junto a ellas, ellos y elles, #ElCambioEsHoy.",,,,"lower_bound: 70000, upper_bound: 79999","lower_bound: 200000, upper_bound: 249999",CLP,"{""age"":""18-24"",""gender"":""unknown"",""percentage"":2.0e-5},{""age"":""55-64"",""gender"":""male"",""percentage"":0.11588},{""age"":""35-44"",""gender"":""unknown"",""percentage"":0.001084},{""age"":""25-34"",""gender"":""female"",""percentage"":0.004848},{""age"":""45-54"",""gender"":""unknown"",""percentage"":0.00402},{""age"":""18-24"",""gender"":""female"",""percentage"":0.001399},{""age"":""35-44"",""gender"":""male"",""percentage"":0.050589},{""age"":""25-34"",""gender"":""male"",""percentage"":0.022762},{""age"":""55-64"",""gender"":""female"",""percentage"":0.237417},{""age"":""65+"",""gender"":""unknown"",""percentage"":0.000631},{""age"":""45-54"",""gender"":""male"",""percentage"":0.142761},{""age"":""65+"",""gender"":""female"",""percentage"":0.102795},{""age"":""18-24"",""gender"":""male"",""percentage"":0.004474},{""age"":""45-54"",""gender"":""female"",""percentage"":0.226223},{""age"":""35-44"",""gender"":""female"",""percentage"":0.044322},{""age"":""65+"",""gender"":""male"",""percentage"":0.039001},{""age"":""55-64"",""gender"":""unknown"",""percentage"":0.001734},{""age"":""25-34"",""gender"":""unknown"",""percentage"":3.9e-5}","{""region"":""Los R\u00edos Region"",""percentage"":0.003988},{""region"":""Arica y Parinacota Region"",""percentage"":0.002779},{""region"":""Valpara\u00edso Region"",""percentage"":0.023383},{""region"":""Ays\u00e9n Region"",""percentage"":0.001047},{""region"":""Antofagasta Region"",""percentage"":0.006727},{""region"":""Araucan\u00eda Region"",""percentage"":0.011782},{""region"":""Atacama Region"",""percentage"":0.003686},{""region"":""B\u00edo B\u00edo Region"",""percentage"":0.025336},{""region"":""Coquimbo Region"",""percentage"":0.009164},{""region"":""O'Higgins Region"",""percentage"":0.014138},{""region"":""Los Lagos Region"",""percentage"":0.009849},{""region"":""Magallanes y la Ant\u00e1rtica Chilena Region"",""percentage"":0.00294},{""region"":""Maule Region"",""percentage"":0.016173},{""region"":""Santiago Metropolitan Region"",""percentage"":0.865202},{""region"":""Tarapac\u00e1 Region"",""percentage"":0.003806}","facebook,instagram","lower_bound: 100001, upper_bound: 500000",es
411923013846700,386634201382499,"Marco Enriquez-Ominami",2021-11-03,2021-11-03,2021-11-06,"Partido Progresista de Chile - PRO","Un capítulo más íntimo de ""Detrás del Marco"" al final Entramos en la intimidad del candidato al final de una jornada de campaña. Junto a",,youtu.be,,"lower_bound: 125000, upper_bound: 149999","lower_bound: 150000, upper_bound: 174999",CLP,"{""age"":""65+"",""gender"":""female"",""percentage"":0.133529},{""age"":""55-64"",""gender"":""female"",""percentage"":0.299612},{""age"":""25-34"",""gender"":""female"",""percentage"":0.090498},{""age"":""45-54"",""gender"":""female"",""percentage"":0.273381},{""age"":""35-44"",""gender"":""female"",""percentage"":0.187749},{""age"":""18-24"",""gender"":""female"",""percentage"":0.015231}","{""region"":""Los R\u00edos Region"",""percentage"":0.026148},{""region"":""Arica y Parinacota Region"",""percentage"":0.018654},{""region"":""Valpara\u00edso Region"",""percentage"":0.119356},{""region"":""Ays\u00e9n Region"",""percentage"":0.006501},{""region"":""Antofagasta Region"",""percentage"":0.043354},{""region"":""Araucan\u00eda Region"",""percentage"":0.060025},{""region"":""Atacama Region"",""percentage"":0.021598},{""region"":""B\u00edo B\u00edo Region"",""percentage"":0.144764},{""region"":""Coquimbo Region"",""percentage"":0.046801},{""region"":""O'Higgins Region"",""percentage"":0.057758},{""region"":""Los Lagos Region"",""percentage"":0.057097},{""region"":""Magallanes y la Ant\u00e1rtica Chilena Region"",""percentage"":0.015207},{""region"":""Maule Region"",""percentage"":0.074901},{""region"":""Santiago Metropolitan Region"",""percentage"":0.284633},{""region"":""Tarapac\u00e1 Region"",""percentage"":0.023204}","facebook,instagram","lower_bound: 100001, upper_bound: 500000",es
318766519601934,386634201382499,"Marco Enriquez-Ominami",2021-11-02,2021-11-03,2021-11-05,"Partido Progresista de Chile - PRO","PLATA Y PEGA

En este espiral, de déficit alto e inflación alta, la única solución es crear empleo. Esa es la esperanza para que en marzo no estemos donde mismo.

#ForoPresidencialPymes 
#MarcoDebate",,,,"lower_bound: 100000, upper_bound: 124999","lower_bound: 200000, upper_bound: 249999",CLP,"{""age"":""65+"",""gender"":""unknown"",""percentage"":0.000322},{""age"":""55-64"",""gender"":""male"",""percentage"":0.185737},{""age"":""45-54"",""gender"":""unknown"",""percentage"":0.001982},{""age"":""18-24"",""gender"":""male"",""percentage"":0.003286},{""age"":""25-34"",""gender"":""female"",""percentage"":0.016041},{""age"":""45-54"",""gender"":""female"",""percentage"":0.063572},{""age"":""45-54"",""gender"":""male"",""percentage"":0.211959},{""age"":""65+"",""gender"":""female"",""percentage"":0.02695},{""age"":""25-34"",""gender"":""male"",""percentage"":0.098077},{""age"":""55-64"",""gender"":""unknown"",""percentage"":0.00127},{""age"":""35-44"",""gender"":""male"",""percentage"":0.20061},{""age"":""55-64"",""gender"":""female"",""percentage"":0.065775},{""age"":""35-44"",""gender"":""female"",""percentage"":0.045278},{""age"":""65+"",""gender"":""male"",""percentage"":0.075565},{""age"":""18-24"",""gender"":""female"",""percentage"":0.000525},{""age"":""25-34"",""gender"":""unknown"",""percentage"":0.000407},{""age"":""35-44"",""gender"":""unknown"",""percentage"":0.002643}","{""region"":""Los R\u00edos Region"",""percentage"":0.00633},{""region"":""Arica y Parinacota Region"",""percentage"":0.003501},{""region"":""Valpara\u00edso Region"",""percentage"":0.026442},{""region"":""Ays\u00e9n Region"",""percentage"":0.001363},{""region"":""Antofagasta Region"",""percentage"":0.00909},{""region"":""Araucan\u00eda Region"",""percentage"":0.017697},{""region"":""Atacama Region"",""percentage"":0.003795},{""region"":""B\u00edo B\u00edo Region"",""percentage"":0.030357},{""region"":""Coquimbo Region"",""percentage"":0.010073},{""region"":""O'Higgins Region"",""percentage"":0.017042},{""region"":""Los Lagos Region"",""percentage"":0.011626},{""region"":""Magallanes y la Ant\u00e1rtica Chilena Region"",""percentage"":0.002501},{""region"":""Maule Region"",""percentage"":0.020508},{""region"":""Santiago Metropolitan Region"",""percentage"":0.835208},{""region"":""Tarapac\u00e1 Region"",""percentage"":0.004467}","facebook,instagram","lower_bound: 100001, upper_bound: 500000",es
1693623954312013,386634201382499,"Marco Enriquez-Ominami",2021-11-02,2021-11-03,2021-11-05,"Partido Progresista de Chile - PRO","MENOS ARMAS, MÁS CULTURA

Chile gasta más en armas que en cultura. En nuestro gobierno vamos a reasignar el gasto en armas para más cultura. 

#DebateUChile
#MarcoDebate",,,,"lower_bound: 80000, upper_bound: 89999","lower_bound: 200000, upper_bound: 249999",CLP,"{""age"":""55-64"",""gender"":""unknown"",""percentage"":0.001959},{""age"":""18-24"",""gender"":""female"",""percentage"":0.010853},{""age"":""35-44"",""gender"":""unknown"",""percentage"":0.002562},{""age"":""25-34"",""gender"":""female"",""percentage"":0.040546},{""age"":""18-24"",""gender"":""male"",""percentage"":0.028337},{""age"":""35-44"",""gender"":""female"",""percentage"":0.057428},{""age"":""65+"",""gender"":""male"",""percentage"":0.083323},{""age"":""45-54"",""gender"":""female"",""percentage"":0.080731},{""age"":""25-34"",""gender"":""male"",""percentage"":0.116725},{""age"":""18-24"",""gender"":""unknown"",""percentage"":0.000482},{""age"":""35-44"",""gender"":""male"",""percentage"":0.121759},{""age"":""55-64"",""gender"":""male"",""percentage"":0.127517},{""age"":""45-54"",""gender"":""male"",""percentage"":0.128663},{""age"":""65+"",""gender"":""female"",""percentage"":0.080851},{""age"":""55-64"",""gender"":""female"",""percentage"":0.112625},{""age"":""45-54"",""gender"":""unknown"",""percentage"":0.002834},{""age"":""65+"",""gender"":""unknown"",""percentage"":0.001628},{""age"":""25-34"",""gender"":""unknown"",""percentage"":0.001176}","{""region"":""Los R\u00edos Region"",""percentage"":0.021604},{""region"":""Arica y Parinacota Region"",""percentage"":0.013651},{""region"":""Valpara\u00edso Region"",""percentage"":0.098792},{""region"":""Ays\u00e9n Region"",""percentage"":0.006915},{""region"":""Antofagasta Region"",""percentage"":0.029439},{""region"":""Araucan\u00eda Region"",""percentage"":0.033059},{""region"":""Atacama Region"",""percentage"":0.019913},{""region"":""B\u00edo B\u00edo Region"",""percentage"":0.080808},{""region"":""Coquimbo Region"",""percentage"":0.039796},{""region"":""O'Higgins Region"",""percentage"":0.036146},{""region"":""Los Lagos Region"",""percentage"":0.041369},{""region"":""Magallanes y la Ant\u00e1rtica Chilena Region"",""percentage"":0.011425},{""region"":""Maule Region"",""percentage"":0.03668},{""region"":""Santiago Metropolitan Region"",""percentage"":0.499896},{""region"":""Tarapac\u00e1 Region"",""percentage"":0.030507}",facebook,"lower_bound: 50001, upper_bound: 100000",es
1054066665341242,386634201382499,"Marco Enriquez-Ominami",2021-11-02,2021-11-02,2021-11-05,"Partido Progresista de Chile - PRO","Hay una Constituyente, que muchas candidaturas olvidan. Es ahí donde se va a dar una revolución cultural. 

#DebateUChile 
#MarcoDebate",,,,"lower_bound: 10000, upper_bound: 14999","lower_bound: 100000, upper_bound: 124999",CLP,"{""age"":""55-64"",""gender"":""unknown"",""percentage"":0.001848},{""age"":""55-64"",""gender"":""female"",""percentage"":0.09681},{""age"":""18-24"",""gender"":""unknown"",""percentage"":0.000985},{""age"":""55-64"",""gender"":""male"",""percentage"":0.069097},{""age"":""65+"",""gender"":""unknown"",""percentage"":0.002094},{""age"":""45-54"",""gender"":""female"",""percentage"":0.088311},{""age"":""45-54"",""gender"":""male"",""percentage"":0.078088},{""age"":""35-44"",""gender"":""unknown"",""percentage"":0.002463},{""age"":""35-44"",""gender"":""male"",""percentage"":0.089666},{""age"":""25-34"",""gender"":""unknown"",""percentage"":0.001724},{""age"":""35-44"",""gender"":""female"",""percentage"":0.079197},{""age"":""25-34"",""gender"":""male"",""percentage"":0.138441},{""age"":""18-24"",""gender"":""female"",""percentage"":0.056165},{""age"":""25-34"",""gender"":""female"",""percentage"":0.109619},{""age"":""18-24"",""gender"":""male"",""percentage"":0.062939},{""age"":""65+"",""gender"":""female"",""percentage"":0.06959},{""age"":""65+"",""gender"":""male"",""percentage"":0.04976},{""age"":""45-54"",""gender"":""unknown"",""percentage"":0.003202}","{""region"":""Los R\u00edos Region"",""percentage"":0.01921},{""region"":""Arica y Parinacota Region"",""percentage"":0.008699},{""region"":""Valpara\u00edso Region"",""percentage"":0.099674},{""region"":""Ays\u00e9n Region"",""percentage"":0.006162},{""region"":""Antofagasta Region"",""percentage"":0.024405},{""region"":""Araucan\u00eda Region"",""percentage"":0.030204},{""region"":""Atacama Region"",""percentage"":0.017639},{""region"":""B\u00edo B\u00edo Region"",""percentage"":0.084209},{""region"":""Coquimbo Region"",""percentage"":0.038178},{""region"":""O'Higgins Region"",""percentage"":0.038178},{""region"":""Los Lagos Region"",""percentage"":0.036003},{""region"":""Magallanes y la Ant\u00e1rtica Chilena Region"",""percentage"":0.007974},{""region"":""Maule Region"",""percentage"":0.040353},{""region"":""Santiago Metropolitan Region"",""percentage"":0.522291},{""region"":""Tarapac\u00e1 Region"",""percentage"":0.026821}",instagram,"lower_bound: 10001, upper_bound: 50000",es
6680687758609698,386634201382499,"Marco Enriquez-Ominami",2021-11-02,2021-11-03,2021-11-04,"Partido Progresista de Chile - PRO","HABLEMOS DE INFANCIA

Al hablar de niñez es un error que se haga como hasta ahora desde la sospecha y el proteccionismo, que ha sido un desastre. No basta aumentar el presupuesto, requiere más Estado y pensar de manera integral. 

#DebateUChile
#MarcoDebate",,,,"lower_bound: 80000, upper_bound: 89999","lower_bound: 200000, upper_bound: 249999",CLP,"{""age"":""55-64"",""gender"":""female"",""percentage"":0.291531},{""age"":""35-44"",""gender"":""female"",""percentage"":0.196792},{""age"":""45-54"",""gender"":""female"",""percentage"":0.264996},{""age"":""65+"",""gender"":""female"",""percentage"":0.151168},{""age"":""25-34"",""gender"":""female"",""percentage"":0.092707},{""age"":""18-24"",""gender"":""female"",""percentage"":0.002806}","{""region"":""Los R\u00edos Region"",""percentage"":0.004771},{""region"":""Arica y Parinacota Region"",""percentage"":0.002251},{""region"":""Valpara\u00edso Region"",""percentage"":0.022349},{""region"":""Ays\u00e9n Region"",""percentage"":0.000788},{""region"":""Antofagasta Region"",""percentage"":0.005919},{""region"":""Araucan\u00eda Region"",""percentage"":0.012536},{""region"":""Atacama Region"",""percentage"":0.002476},{""region"":""B\u00edo B\u00edo Region"",""percentage"":0.02577},{""region"":""Coquimbo Region"",""percentage"":0.007517},{""region"":""O'Higgins Region"",""percentage"":0.012964},{""region"":""Los Lagos Region"",""percentage"":0.00817},{""region"":""Magallanes y la Ant\u00e1rtica Chilena Region"",""percentage"":0.001643},{""region"":""Maule Region"",""percentage"":0.015889},{""region"":""Santiago Metropolitan Region"",""percentage"":0.873875},{""region"":""Tarapac\u00e1 Region"",""percentage"":0.003083}",facebook,"lower_bound: 100001, upper_bound: 500000",es
478018083445256,386634201382499,"Marco Enriquez-Ominami",2021-11-02,2021-11-02,2021-11-03,"Partido Progresista de Chile - PRO","CADEM Y TVN MANIPULAN

La encuestadora de Piñera Cadem y TVN, han decidido dar por resuelta la elección. Eso es una manipulación. 

#DebateUChile
#MarcoDebate",,,,"lower_bound: 100000, upper_bound: 124999","lower_bound: 175000, upper_bound: 199999",CLP,"{""age"":""18-24"",""gender"":""unknown"",""percentage"":0.000138},{""age"":""18-24"",""gender"":""male"",""percentage"":0.025282},{""age"":""25-34"",""gender"":""unknown"",""percentage"":0.000771},{""age"":""45-54"",""gender"":""unknown"",""percentage"":0.00091},{""age"":""35-44"",""gender"":""female"",""percentage"":0.058083},{""age"":""65+"",""gender"":""female"",""percentage"":0.063597},{""age"":""55-64"",""gender"":""female"",""percentage"":0.16757},{""age"":""25-34"",""gender"":""female"",""percentage"":0.090515},{""age"":""18-24"",""gender"":""female"",""percentage"":0.041308},{""age"":""65+"",""gender"":""unknown"",""percentage"":0.000449},{""age"":""65+"",""gender"":""male"",""percentage"":0.047756},{""age"":""45-54"",""gender"":""female"",""percentage"":0.094187},{""age"":""55-64"",""gender"":""male"",""percentage"":0.123867},{""age"":""25-34"",""gender"":""male"",""percentage"":0.11354},{""age"":""35-44"",""gender"":""male"",""percentage"":0.07062},{""age"":""45-54"",""gender"":""male"",""percentage"":0.099702},{""age"":""35-44"",""gender"":""unknown"",""percentage"":0.000783},{""age"":""55-64"",""gender"":""unknown"",""percentage"":0.000921}","{""region"":""Los R\u00edos Region"",""percentage"":0.036289},{""region"":""Arica y Parinacota Region"",""percentage"":0.024645},{""region"":""Valpara\u00edso Region"",""percentage"":0.081728},{""region"":""Ays\u00e9n Region"",""percentage"":0.007595},{""region"":""Antofagasta Region"",""percentage"":0.0473},{""region"":""Araucan\u00eda Region"",""percentage"":0.126981},{""region"":""Atacama Region"",""percentage"":0.021392},{""region"":""B\u00edo B\u00edo Region"",""percentage"":0.291549},{""region"":""Coquimbo Region"",""percentage"":0.028354},{""region"":""O'Higgins Region"",""percentage"":0.042315},{""region"":""Los Lagos Region"",""percentage"":0.077199},{""region"":""Magallanes y la Ant\u00e1rtica Chilena Region"",""percentage"":0.017155},{""region"":""Maule Region"",""percentage"":0.107075},{""region"":""Santiago Metropolitan Region"",""percentage"":0.051408},{""region"":""Tarapac\u00e1 Region"",""percentage"":0.039015}",facebook,"lower_bound: 500001, upper_bound: 1000000",es
1042367006549727,386634201382499,"Marco Enriquez-Ominami",2021-11-02,2021-11-02,2021-11-03,"Partido Progresista de Chile - PRO","La encuestadora de Piñera Cadem y TVN, han decidido dar por resuelta la elección. Eso es una manipulación. 

#DebateUChile
#MarcoDebate",,,,"lower_bound: 0, upper_bound: 999","lower_bound: 0, upper_bound: 99",CLP,,,instagram,"lower_bound: 500001, upper_bound: 1000000",es
1288345181586402,386634201382499,"Marco Enriquez-Ominami",2021-11-02,2021-11-03,2021-11-04,"Partido Progresista de Chile - PRO","MÁS DEPORTE, MENOS NARCO

¡Dándolo todo en la cancha! Porque quiero que las niñas y niños de todo Chile vivan en barrios más seguros y con acceso al deporte. Invertir en deporte es recuperar espacios públicos de la delincuencia. Hoy en #Renca lanzamos nuestra propuesta para entregar un subsidio mensual de $400.000 a cada club de barrio. Queremos además sacar a las lacras del narcotráfico de los barrios, vamos a levantar el secreto bancario en casos fundados para seguir la ruta de la plata: tolerancia cero al narcotráfico. #ElCambioEsHoy",,,,"lower_bound: 3000, upper_bound: 3999","lower_bound: 90000, upper_bound: 99999",CLP,"{""age"":""18-24"",""gender"":""male"",""percentage"":0.016573},{""age"":""65+"",""gender"":""male"",""percentage"":0.013399},{""age"":""65+"",""gender"":""female"",""percentage"":0.03103},{""age"":""35-44"",""gender"":""male"",""percentage"":0.123061},{""age"":""55-64"",""gender"":""male"",""percentage"":0.034908},{""age"":""25-34"",""gender"":""male"",""percentage"":0.145275},{""age"":""45-54"",""gender"":""female"",""percentage"":0.127292},{""age"":""55-64"",""gender"":""female"",""percentage"":0.080395},{""age"":""35-44"",""gender"":""female"",""percentage"":0.177362},{""age"":""45-54"",""gender"":""male"",""percentage"":0.062059},{""age"":""25-34"",""gender"":""female"",""percentage"":0.169252},{""age"":""45-54"",""gender"":""unknown"",""percentage"":0.003173},{""age"":""18-24"",""gender"":""female"",""percentage"":0.011283},{""age"":""35-44"",""gender"":""unknown"",""percentage"":0.003173},{""age"":""25-34"",""gender"":""unknown"",""percentage"":0.001763}","{""region"":""Los R\u00edos Region"",""percentage"":0.006674},{""region"":""Arica y Parinacota Region"",""percentage"":0.000702},{""region"":""Valpara\u00edso Region"",""percentage"":0.027397},{""region"":""Ays\u00e9n Region"",""percentage"":0.000351},{""region"":""Antofagasta Region"",""percentage"":0.005269},{""region"":""Araucan\u00eda Region"",""percentage"":0.010537},{""region"":""Atacama Region"",""percentage"":0.000702},{""region"":""B\u00edo B\u00edo Region"",""percentage"":0.026344},{""region"":""Coquimbo Region"",""percentage"":0.008079},{""region"":""O'Higgins Region"",""percentage"":0.015104},{""region"":""Los Lagos Region"",""percentage"":0.008781},{""region"":""Magallanes y la Ant\u00e1rtica Chilena Region"",""percentage"":0.001756},{""region"":""Maule Region"",""percentage"":0.013699},{""region"":""Santiago Metropolitan Region"",""percentage"":0.871444},{""region"":""Tarapac\u00e1 Region"",""percentage"":0.003161}",instagram,"lower_bound: 10001, upper_bound: 50000",es
280087764005152,386634201382499,"Marco Enriquez-Ominami",2021-10-31,2021-11-01,2021-11-01,"Partido Progresista de Chile - PRO","¿Sabían que las mineras y navieras pagan menos impuesto a los combustibles que el transporte escolar? Es una injusticia, un abuso. Esto tiene que cambiar. #ElCambioEsHoy",,,,"lower_bound: 0, upper_bound: 999","lower_bound: 700, upper_bound: 799",CLP,"{""age"":""65+"",""gender"":""female"",""percentage"":0.01},{""age"":""55-64"",""gender"":""male"",""percentage"":0.03},{""age"":""35-44"",""gender"":""female"",""percentage"":0.11},{""age"":""18-24"",""gender"":""female"",""percentage"":0.02},{""age"":""45-54"",""gender"":""male"",""percentage"":0.08},{""age"":""25-34"",""gender"":""male"",""percentage"":0.16},{""age"":""25-34"",""gender"":""female"",""percentage"":0.18},{""age"":""55-64"",""gender"":""female"",""percentage"":0.11},{""age"":""35-44"",""gender"":""male"",""percentage"":0.13},{""age"":""45-54"",""gender"":""female"",""percentage"":0.11},{""age"":""65+"",""gender"":""male"",""percentage"":0.02},{""age"":""35-44"",""gender"":""unknown"",""percentage"":0.01},{""age"":""18-24"",""gender"":""male"",""percentage"":0.03}","{""region"":""Valpara\u00edso Region"",""percentage"":0.01},{""region"":""Ays\u00e9n Region"",""percentage"":0.01},{""region"":""B\u00edo B\u00edo Region"",""percentage"":0.01},{""region"":""O'Higgins Region"",""percentage"":0.01},{""region"":""Los Lagos Region"",""percentage"":0.03},{""region"":""Magallanes y la Ant\u00e1rtica Chilena Region"",""percentage"":0.87},{""region"":""Maule Region"",""percentage"":0.01},{""region"":""Santiago Metropolitan Region"",""percentage"":0.05}",instagram,"lower_bound: 5001, upper_bound: 10000",es
316122746564229,386634201382499,"Marco Enriquez-Ominami",2021-10-31,2021-10-31,2021-11-02,"Partido Progresista de Chile - PRO","¿Sabían que las mineras y navieras pagan menos impuesto a los combustibles que el transporte escolar? Es una injusticia, un abuso. Esto tiene que cambiar. #ElCambioEsHoy",,,,"lower_bound: 40000, upper_bound: 44999","lower_bound: 175000, upper_bound: 199999",CLP,"{""age"":""55-64"",""gender"":""unknown"",""percentage"":0.00152},{""age"":""65+"",""gender"":""female"",""percentage"":0.060606},{""age"":""45-54"",""gender"":""unknown"",""percentage"":0.00228},{""age"":""55-64"",""gender"":""male"",""percentage"":0.100788},{""age"":""45-54"",""gender"":""female"",""percentage"":0.120547},{""age"":""55-64"",""gender"":""female"",""percentage"":0.109623},{""age"":""65+"",""gender"":""male"",""percentage"":0.051582},{""age"":""18-24"",""gender"":""male"",""percentage"":0.005415},{""age"":""35-44"",""gender"":""female"",""percentage"":0.115702},{""age"":""35-44"",""gender"":""unknown"",""percentage"":0.002565},{""age"":""25-34"",""gender"":""male"",""percentage"":0.071625},{""age"":""25-34"",""gender"":""female"",""percentage"":0.056901},{""age"":""45-54"",""gender"":""male"",""percentage"":0.134131},{""age"":""35-44"",""gender"":""male"",""percentage"":0.162819},{""age"":""25-34"",""gender"":""unknown"",""percentage"":0.00057},{""age"":""18-24"",""gender"":""female"",""percentage"":0.003135},{""age"":""65+"",""gender"":""unknown"",""percentage"":0.00019}","{""region"":""Los R\u00edos Region"",""percentage"":0.0046},{""region"":""Arica y Parinacota Region"",""percentage"":0.001502},{""region"":""Valpara\u00edso Region"",""percentage"":0.023939},{""region"":""Ays\u00e9n Region"",""percentage"":0.005445},{""region"":""Antofagasta Region"",""percentage"":0.004788},{""region"":""Araucan\u00eda Region"",""percentage"":0.0092},{""region"":""Atacama Region"",""percentage"":0.001596},{""region"":""B\u00edo B\u00edo Region"",""percentage"":0.021592},{""region"":""Coquimbo Region"",""percentage"":0.004131},{""region"":""O'Higgins Region"",""percentage"":0.006759},{""region"":""Los Lagos Region"",""percentage"":0.021498},{""region"":""Magallanes y la Ant\u00e1rtica Chilena Region"",""percentage"":0.814589},{""region"":""Maule Region"",""percentage"":0.009106},{""region"":""Santiago Metropolitan Region"",""percentage"":0.069471},{""region"":""Tarapac\u00e1 Region"",""percentage"":0.001784}",facebook,"lower_bound: 10001, upper_bound: 50000",es
176812584644300,386634201382499,"Marco Enriquez-Ominami",2021-10-31,2021-10-31,2021-11-02,"Partido Progresista de Chile - PRO","Hago campaña como voy a gobernar, donde están los desafíos de Chile. Con el equipo llegamos a #PuntaArenas para hablar sobre el precio de combustibles. Pasamos al tradicional Kiosko Roca para reponer energías y seguir recorriendo. #ElCambioEsHoy",,,,"lower_bound: 9000, upper_bound: 9999","lower_bound: 175000, upper_bound: 199999",CLP,"{""age"":""55-64"",""gender"":""unknown"",""percentage"":0.000494},{""age"":""45-54"",""gender"":""male"",""percentage"":0.090954},{""age"":""35-44"",""gender"":""unknown"",""percentage"":0.003213},{""age"":""45-54"",""gender"":""unknown"",""percentage"":0.003213},{""age"":""65+"",""gender"":""unknown"",""percentage"":0.000741},{""age"":""55-64"",""gender"":""male"",""percentage"":0.04523},{""age"":""65+"",""gender"":""female"",""percentage"":0.032872},{""age"":""55-64"",""gender"":""female"",""percentage"":0.081315},{""age"":""18-24"",""gender"":""male"",""percentage"":0.016312},{""age"":""18-24"",""gender"":""female"",""percentage"":0.011122},{""age"":""45-54"",""gender"":""female"",""percentage"":0.127286},{""age"":""25-34"",""gender"":""female"",""percentage"":0.119377},{""age"":""35-44"",""gender"":""female"",""percentage"":0.172269},{""age"":""25-34"",""gender"":""male"",""percentage"":0.116906},{""age"":""35-44"",""gender"":""male"",""percentage"":0.157687},{""age"":""65+"",""gender"":""male"",""percentage"":0.020267},{""age"":""25-34"",""gender"":""unknown"",""percentage"":0.000741}","{""region"":""Los R\u00edos Region"",""percentage"":0.005309},{""region"":""Arica y Parinacota Region"",""percentage"":0.001448},{""region"":""Valpara\u00edso Region"",""percentage"":0.024614},{""region"":""Ays\u00e9n Region"",""percentage"":0.00362},{""region"":""Antofagasta Region"",""percentage"":0.004585},{""region"":""Araucan\u00eda Region"",""percentage"":0.006515},{""region"":""Atacama Region"",""percentage"":0.001689},{""region"":""B\u00edo B\u00edo Region"",""percentage"":0.021959},{""region"":""Coquimbo Region"",""percentage"":0.006033},{""region"":""O'Higgins Region"",""percentage"":0.006998},{""region"":""Los Lagos Region"",""percentage"":0.017616},{""region"":""Magallanes y la Ant\u00e1rtica Chilena Region"",""percentage"":0.820705},{""region"":""Maule Region"",""percentage"":0.006998},{""region"":""Santiago Metropolitan Region"",""percentage"":0.069981},{""region"":""Tarapac\u00e1 Region"",""percentage"":0.001931}",instagram,"lower_bound: 5001, upper_bound: 10000",es
908032143475942,386634201382499,"Marco Enriquez-Ominami",2021-10-28,2021-10-28,2021-10-29,"Partido Progresista de Chile - PRO","No más alza a los combustibles durante la pandemia ⛽ ¿Se suman?",,,,"lower_bound: 7000, upper_bound: 7999","lower_bound: 100000, upper_bound: 124999",CLP,"{""age"":""35-44"",""gender"":""male"",""percentage"":0.044723},{""age"":""25-34"",""gender"":""female"",""percentage"":0.058676},{""age"":""25-34"",""gender"":""unknown"",""percentage"":0.000537},{""age"":""65+"",""gender"":""unknown"",""percentage"":0.000894},{""age"":""55-64"",""gender"":""unknown"",""percentage"":0.002147},{""age"":""18-24"",""gender"":""unknown"",""percentage"":0.001252},{""age"":""45-54"",""gender"":""unknown"",""percentage"":0.001789},{""age"":""65+"",""gender"":""male"",""percentage"":0.029517},{""age"":""45-54"",""gender"":""male"",""percentage"":0.091055},{""age"":""25-34"",""gender"":""male"",""percentage"":0.097674},{""age"":""35-44"",""gender"":""female"",""percentage"":0.051878},{""age"":""65+"",""gender"":""female"",""percentage"":0.076565},{""age"":""18-24"",""gender"":""male"",""percentage"":0.091413},{""age"":""45-54"",""gender"":""female"",""percentage"":0.179964},{""age"":""55-64"",""gender"":""female"",""percentage"":0.148122},{""age"":""55-64"",""gender"":""male"",""percentage"":0.051342},{""age"":""18-24"",""gender"":""female"",""percentage"":0.071914},{""age"":""35-44"",""gender"":""unknown"",""percentage"":0.000537}","{""region"":""Unknown"",""percentage"":0.000179},{""region"":""Los R\u00edos Region"",""percentage"":0.0068},{""region"":""Arica y Parinacota Region"",""percentage"":0.005548},{""region"":""Valpara\u00edso Region"",""percentage"":0.036865},{""region"":""Ays\u00e9n Region"",""percentage"":0.001611},{""region"":""Antofagasta Region"",""percentage"":0.117394},{""region"":""Araucan\u00eda Region"",""percentage"":0.111489},{""region"":""Atacama Region"",""percentage"":0.036149},{""region"":""B\u00edo B\u00edo Region"",""percentage"":0.026306},{""region"":""Coquimbo Region"",""percentage"":0.139406},{""region"":""O'Higgins Region"",""percentage"":0.155691},{""region"":""Los Lagos Region"",""percentage"":0.010916},{""region"":""Magallanes y la Ant\u00e1rtica Chilena Region"",""percentage"":0.002326},{""region"":""Maule Region"",""percentage"":0.149248},{""region"":""Santiago Metropolitan Region"",""percentage"":0.141195},{""region"":""Tarapac\u00e1 Region"",""percentage"":0.058876}",instagram,"lower_bound: 100001, upper_bound: 500000",es
1069429623829452,386634201382499,"Marco Enriquez-Ominami",2021-10-28,2021-10-28,2021-10-31,"Partido Progresista de Chile - PRO","No más alza a los combustibles durante la pandemia ⛽ ¿Se suman?",,,,"lower_bound: 6000, upper_bound: 6999","lower_bound: 90000, upper_bound: 99999",CLP,"{""age"":""65+"",""gender"":""unknown"",""percentage"":0.000918},{""age"":""55-64"",""gender"":""female"",""percentage"":0.229109},{""age"":""18-24"",""gender"":""unknown"",""percentage"":0.00023},{""age"":""35-44"",""gender"":""unknown"",""percentage"":0.000459},{""age"":""25-34"",""gender"":""female"",""percentage"":0.007117},{""age"":""18-24"",""gender"":""male"",""percentage"":0.022957},{""age"":""25-34"",""gender"":""male"",""percentage"":0.044995},{""age"":""55-64"",""gender"":""male"",""percentage"":0.09068},{""age"":""65+"",""gender"":""female"",""percentage"":0.111111},{""age"":""45-54"",""gender"":""unknown"",""percentage"":0.001607},{""age"":""35-44"",""gender"":""female"",""percentage"":0.044536},{""age"":""45-54"",""gender"":""male"",""percentage"":0.129247},{""age"":""45-54"",""gender"":""female"",""percentage"":0.233242},{""age"":""65+"",""gender"":""male"",""percentage"":0.034894},{""age"":""35-44"",""gender"":""male"",""percentage"":0.036272},{""age"":""18-24"",""gender"":""female"",""percentage"":0.010331},{""age"":""55-64"",""gender"":""unknown"",""percentage"":0.002066},{""age"":""25-34"",""gender"":""unknown"",""percentage"":0.00023}","{""region"":""Magallanes y la Ant\u00e1rtica Chilena Region"",""percentage"":0.001398},{""region"":""Ays\u00e9n Region"",""percentage"":0.000466},{""region"":""Los R\u00edos Region"",""percentage"":0.003495},{""region"":""Arica y Parinacota Region"",""percentage"":0.003262},{""region"":""Valpara\u00edso Region"",""percentage"":0.022833},{""region"":""Antofagasta Region"",""percentage"":0.006757},{""region"":""Araucan\u00eda Region"",""percentage"":0.010019},{""region"":""Atacama Region"",""percentage"":0.00233},{""region"":""B\u00edo B\u00edo Region"",""percentage"":0.024697},{""region"":""Coquimbo Region"",""percentage"":0.009087},{""region"":""O'Higgins Region"",""percentage"":0.014911},{""region"":""Los Lagos Region"",""percentage"":0.006757},{""region"":""Maule Region"",""percentage"":0.014212},{""region"":""Santiago Metropolitan Region"",""percentage"":0.87698},{""region"":""Tarapac\u00e1 Region"",""percentage"":0.002796}",instagram,"lower_bound: 100001, upper_bound: 500000",es
621197142245059,386634201382499,"Marco Enriquez-Ominami",2021-10-28,2021-10-28,2021-10-30,"Partido Progresista de Chile - PRO","KAST AMENAZA LA CONSTITUYENTE

Hoy está amenazado lo más importante en nuestro historia, que es la Constituyente. Si gana Kast, va a haber una gran crisis. Hoy en @[8773887761:274:Duna FM] 🎙️",,,,"lower_bound: 10000, upper_bound: 14999","lower_bound: 100000, upper_bound: 124999",CLP,"{""age"":""65+"",""gender"":""unknown"",""percentage"":0.001543},{""age"":""55-64"",""gender"":""male"",""percentage"":0.066059},{""age"":""25-34"",""gender"":""unknown"",""percentage"":0.001964},{""age"":""18-24"",""gender"":""female"",""percentage"":0.049509},{""age"":""18-24"",""gender"":""unknown"",""percentage"":0.000842},{""age"":""25-34"",""gender"":""male"",""percentage"":0.171529},{""age"":""65+"",""gender"":""female"",""percentage"":0.075736},{""age"":""55-64"",""gender"":""female"",""percentage"":0.095652},{""age"":""18-24"",""gender"":""male"",""percentage"":0.074895},{""age"":""35-44"",""gender"":""unknown"",""percentage"":0.003086},{""age"":""25-34"",""gender"":""female"",""percentage"":0.089201},{""age"":""45-54"",""gender"":""male"",""percentage"":0.082609},{""age"":""45-54"",""gender"":""female"",""percentage"":0.07798},{""age"":""65+"",""gender"":""male"",""percentage"":0.051613},{""age"":""35-44"",""gender"":""male"",""percentage"":0.087518},{""age"":""35-44"",""gender"":""female"",""percentage"":0.064656},{""age"":""55-64"",""gender"":""unknown"",""percentage"":0.002665},{""age"":""45-54"",""gender"":""unknown"",""percentage"":0.002945}","{""region"":""Los R\u00edos Region"",""percentage"":0.020064},{""region"":""Arica y Parinacota Region"",""percentage"":0.010793},{""region"":""Valpara\u00edso Region"",""percentage"":0.117199},{""region"":""Ays\u00e9n Region"",""percentage"":0.006642},{""region"":""Antofagasta Region"",""percentage"":0.025183},{""region"":""Araucan\u00eda Region"",""percentage"":0.027812},{""region"":""Atacama Region"",""percentage"":0.01785},{""region"":""B\u00edo B\u00edo Region"",""percentage"":0.089525},{""region"":""Coquimbo Region"",""percentage"":0.033624},{""region"":""O'Higgins Region"",""percentage"":0.031548},{""region"":""Los Lagos Region"",""percentage"":0.032794},{""region"":""Magallanes y la Ant\u00e1rtica Chilena Region"",""percentage"":0.007887},{""region"":""Maule Region"",""percentage"":0.040819},{""region"":""Santiago Metropolitan Region"",""percentage"":0.50851},{""region"":""Tarapac\u00e1 Region"",""percentage"":0.02975}",instagram,"lower_bound: 10001, upper_bound: 50000",es
166863795653696,386634201382499,"Marco Enriquez-Ominami",2021-10-28,2021-10-28,2021-10-30,"Partido Progresista de Chile - PRO","CUARTO RETIRO E INFLACIÓN 

Considero que hoy lo justo es que la gente saque el #cuartoretiro. Esta mañana en @[8773887761:274:Duna FM].",,,,"lower_bound: 70000, upper_bound: 79999","lower_bound: 200000, upper_bound: 249999",CLP,"{""age"":""35-44"",""gender"":""unknown"",""percentage"":0.000589},{""age"":""18-24"",""gender"":""female"",""percentage"":0.000611},{""age"":""35-44"",""gender"":""male"",""percentage"":0.042761},{""age"":""45-54"",""gender"":""male"",""percentage"":0.180582},{""age"":""55-64"",""gender"":""female"",""percentage"":0.204112},{""age"":""55-64"",""gender"":""male"",""percentage"":0.21376},{""age"":""45-54"",""gender"":""female"",""percentage"":0.136337},{""age"":""65+"",""gender"":""male"",""percentage"":0.085784},{""age"":""65+"",""gender"":""female"",""percentage"":0.096523},{""age"":""35-44"",""gender"":""female"",""percentage"":0.019863},{""age"":""25-34"",""gender"":""male"",""percentage"":0.01146},{""age"":""55-64"",""gender"":""unknown"",""percentage"":0.001462},{""age"":""25-34"",""gender"":""female"",""percentage"":0.001768},{""age"":""65+"",""gender"":""unknown"",""percentage"":0.000524},{""age"":""18-24"",""gender"":""male"",""percentage"":0.00155},{""age"":""45-54"",""gender"":""unknown"",""percentage"":0.002314}","{""region"":""Los R\u00edos Region"",""percentage"":0.004768},{""region"":""Arica y Parinacota Region"",""percentage"":0.002896},{""region"":""Valpara\u00edso Region"",""percentage"":0.022592},{""region"":""Ays\u00e9n Region"",""percentage"":0.000936},{""region"":""Antofagasta Region"",""percentage"":0.008355},{""region"":""Araucan\u00eda Region"",""percentage"":0.0129},{""region"":""Atacama Region"",""percentage"":0.003409},{""region"":""B\u00edo B\u00edo Region"",""percentage"":0.027872},{""region"":""Coquimbo Region"",""percentage"":0.009424},{""region"":""O'Higgins Region"",""percentage"":0.013724},{""region"":""Los Lagos Region"",""percentage"":0.009402},{""region"":""Magallanes y la Ant\u00e1rtica Chilena Region"",""percentage"":0.002406},{""region"":""Maule Region"",""percentage"":0.018136},{""region"":""Santiago Metropolitan Region"",""percentage"":0.859638},{""region"":""Tarapac\u00e1 Region"",""percentage"":0.003542}","facebook,instagram","lower_bound: 100001, upper_bound: 500000",es
1843873682465776,386634201382499,"Marco Enriquez-Ominami",2021-10-27,2021-10-27,2021-10-29,"Partido Progresista de Chile - PRO","POR UN CHILE MÁS VERDE

Creemos en un Chile más sustentable, donde el desarrollo no sea a costa de nuestro medio ambiente. Junto a jóvenes nos manifestamos contra el cambio climático, y nos comprometimos con colectiveras y colectiveros a terminar con el impuesto específico de manera transitoria e implementar un nuevo sistema de tributación a las bencinas, más justo y verde. #ElCambioEsHoy",,,,"lower_bound: 70000, upper_bound: 79999","lower_bound: 175000, upper_bound: 199999",CLP,"{""age"":""35-44"",""gender"":""unknown"",""percentage"":0.000501},{""age"":""45-54"",""gender"":""female"",""percentage"":0.145726},{""age"":""65+"",""gender"":""unknown"",""percentage"":0.000566},{""age"":""18-24"",""gender"":""female"",""percentage"":0.000675},{""age"":""25-34"",""gender"":""male"",""percentage"":0.01246},{""age"":""55-64"",""gender"":""unknown"",""percentage"":0.001503},{""age"":""25-34"",""gender"":""female"",""percentage"":0.002004},{""age"":""65+"",""gender"":""male"",""percentage"":0.078069},{""age"":""55-64"",""gender"":""female"",""percentage"":0.226148},{""age"":""18-24"",""gender"":""male"",""percentage"":0.001764},{""age"":""35-44"",""gender"":""male"",""percentage"":0.038207},{""age"":""45-54"",""gender"":""male"",""percentage"":0.151368},{""age"":""55-64"",""gender"":""male"",""percentage"":0.187505},{""age"":""65+"",""gender"":""female"",""percentage"":0.129367},{""age"":""35-44"",""gender"":""female"",""percentage"":0.022414},{""age"":""45-54"",""gender"":""unknown"",""percentage"":0.001699},{""age"":""25-34"",""gender"":""unknown"",""percentage"":2.2e-5}","{""region"":""Los R\u00edos Region"",""percentage"":0.005025},{""region"":""Arica y Parinacota Region"",""percentage"":0.003082},{""region"":""Valpara\u00edso Region"",""percentage"":0.024744},{""region"":""Ays\u00e9n Region"",""percentage"":0.00096},{""region"":""Antofagasta Region"",""percentage"":0.006543},{""region"":""Araucan\u00eda Region"",""percentage"":0.013757},{""region"":""Atacama Region"",""percentage"":0.003037},{""region"":""B\u00edo B\u00edo Region"",""percentage"":0.029903},{""region"":""Coquimbo Region"",""percentage"":0.009223},{""region"":""O'Higgins Region"",""percentage"":0.01465},{""region"":""Los Lagos Region"",""percentage"":0.009938},{""region"":""Magallanes y la Ant\u00e1rtica Chilena Region"",""percentage"":0.0023},{""region"":""Maule Region"",""percentage"":0.018558},{""region"":""Santiago Metropolitan Region"",""percentage"":0.854571},{""region"":""Tarapac\u00e1 Region"",""percentage"":0.003707}",facebook,"lower_bound: 100001, upper_bound: 500000",es
1074212333415740,386634201382499,"Marco Enriquez-Ominami",2021-10-27,2021-10-28,2021-10-28,"Partido Progresista de Chile - PRO","Creemos en un Chile más sustentable, donde el desarrollo no sea a costa de nuestro medio ambiente. Junto a jóvenes nos manifestamos contra el cambio climático, y nos comprometimos con colectiveras y colectiveros a terminar con el impuesto específico de manera transitoria e implementar un nuevo sistema de tributación a las bencinas, más justo y verde. #ElCambioEsHoy",,,,"lower_bound: 0, upper_bound: 999","lower_bound: 100, upper_bound: 199",CLP,,,instagram,"lower_bound: 100001, upper_bound: 500000",es
3120188594973007,386634201382499,"Marco Enriquez-Ominami",2021-10-27,2021-10-27,2021-10-28,"Partido Progresista de Chile - PRO","GRACIAS ANTOFAGASTA

Creemos que parte de los impuestos de las empresas que explotan los recursos naturales de las regiones, deben quedarse en los territorios. Más descentralización en también más democracia. En #Antofagasta hablamos de esto junto a vecinas y vecinos, el sacerdote jesuita Felipe Berríos, el candidato a Senador del Frente Amplio Esteban Velásquez, la candidata a Senadora del Partido Radical Marcela Hernando, el gobernador regional Ricardo Díaz. #ElCambioEsHoy y los construimos juntos.",,,,"lower_bound: 60000, upper_bound: 69999","lower_bound: 200000, upper_bound: 249999",CLP,"{""age"":""65+"",""gender"":""unknown"",""percentage"":0.000374},{""age"":""45-54"",""gender"":""female"",""percentage"":0.082458},{""age"":""65+"",""gender"":""female"",""percentage"":0.051855},{""age"":""18-24"",""gender"":""female"",""percentage"":0.004114},{""age"":""55-64"",""gender"":""female"",""percentage"":0.071985},{""age"":""55-64"",""gender"":""male"",""percentage"":0.073787},{""age"":""25-34"",""gender"":""male"",""percentage"":0.148662},{""age"":""35-44"",""gender"":""female"",""percentage"":0.138291},{""age"":""35-44"",""gender"":""male"",""percentage"":0.160733},{""age"":""45-54"",""gender"":""unknown"",""percentage"":0.001836},{""age"":""45-54"",""gender"":""male"",""percentage"":0.097317},{""age"":""25-34"",""gender"":""female"",""percentage"":0.117005},{""age"":""65+"",""gender"":""male"",""percentage"":0.041858},{""age"":""35-44"",""gender"":""unknown"",""percentage"":0.00289},{""age"":""18-24"",""gender"":""male"",""percentage"":0.00459},{""age"":""25-34"",""gender"":""unknown"",""percentage"":0.001156},{""age"":""55-64"",""gender"":""unknown"",""percentage"":0.001088}","{""region"":""Los R\u00edos Region"",""percentage"":0.001985},{""region"":""Arica y Parinacota Region"",""percentage"":0.006056},{""region"":""Valpara\u00edso Region"",""percentage"":0.016016},{""region"":""Ays\u00e9n Region"",""percentage"":0.000538},{""region"":""Antofagasta Region"",""percentage"":0.851822},{""region"":""Araucan\u00eda Region"",""percentage"":0.005619},{""region"":""Atacama Region"",""percentage"":0.007066},{""region"":""B\u00edo B\u00edo Region"",""percentage"":0.011978},{""region"":""Coquimbo Region"",""percentage"":0.031493},{""region"":""O'Higgins Region"",""percentage"":0.005316},{""region"":""Los Lagos Region"",""percentage"":0.004542},{""region"":""Magallanes y la Ant\u00e1rtica Chilena Region"",""percentage"":0.00074},{""region"":""Maule Region"",""percentage"":0.006426},{""region"":""Santiago Metropolitan Region"",""percentage"":0.042697},{""region"":""Tarapac\u00e1 Region"",""percentage"":0.007705}",facebook,"lower_bound: 50001, upper_bound: 100000",es
371574231361791,386634201382499,"Marco Enriquez-Ominami",2021-10-25,2021-10-25,2021-11-07,"Partido Progresista de Chile - PRO","Súmate a la campaña que quiere cambiar Chile 💪,Súmate a la campaña que quiere cambiar Chile 💪","¡Súmate!,¡Súmate!",fb.com,"Súmate a la campaña que quiere cambiar Chile 💪,Súmate a la campaña que quiere cambiar Chile 💪","lower_bound: 125000, upper_bound: 149999","lower_bound: 500000, upper_bound: 599999",CLP,"{""age"":""45-54"",""gender"":""unknown"",""percentage"":0.000354},{""age"":""35-44"",""gender"":""male"",""percentage"":0.022538},{""age"":""18-24"",""gender"":""unknown"",""percentage"":0.000974},{""age"":""65+"",""gender"":""female"",""percentage"":0.050522},{""age"":""35-44"",""gender"":""female"",""percentage"":0.020413},{""age"":""45-54"",""gender"":""male"",""percentage"":0.014214},{""age"":""55-64"",""gender"":""female"",""percentage"":0.04946},{""age"":""25-34"",""gender"":""female"",""percentage"":0.182386},{""age"":""45-54"",""gender"":""female"",""percentage"":0.018332},{""age"":""65+"",""gender"":""unknown"",""percentage"":0.00031},{""age"":""65+"",""gender"":""male"",""percentage"":0.032058},{""age"":""18-24"",""gender"":""male"",""percentage"":0.138771},{""age"":""25-34"",""gender"":""male"",""percentage"":0.136557},{""age"":""18-24"",""gender"":""female"",""percentage"":0.297821},{""age"":""55-64"",""gender"":""male"",""percentage"":0.033386},{""age"":""25-34"",""gender"":""unknown"",""percentage"":0.001284},{""age"":""55-64"",""gender"":""unknown"",""percentage"":0.00031},{""age"":""35-44"",""gender"":""unknown"",""percentage"":0.00031}","{""region"":""Los R\u00edos Region"",""percentage"":0.031394},{""region"":""Arica y Parinacota Region"",""percentage"":0.022228},{""region"":""Valpara\u00edso Region"",""percentage"":0.135361},{""region"":""Ays\u00e9n Region"",""percentage"":0.008015},{""region"":""Antofagasta Region"",""percentage"":0.047423},{""region"":""Araucan\u00eda Region"",""percentage"":0.081562},{""region"":""Atacama Region"",""percentage"":0.02121},{""region"":""B\u00edo B\u00edo Region"",""percentage"":0.170696},{""region"":""Coquimbo Region"",""percentage"":0.04512},{""region"":""O'Higgins Region"",""percentage"":0.052825},{""region"":""Los Lagos Region"",""percentage"":0.061725},{""region"":""Magallanes y la Ant\u00e1rtica Chilena Region"",""percentage"":0.018951},{""region"":""Maule Region"",""percentage"":0.071865},{""region"":""Santiago Metropolitan Region"",""percentage"":0.201204},{""region"":""Tarapac\u00e1 Region"",""percentage"":0.03042}","facebook,instagram","lower_bound: 500001, upper_bound: 1000000",es
571572367499162,386634201382499,"Marco Enriquez-Ominami",2021-10-24,2021-10-25,2021-10-27,"Partido Progresista de Chile - PRO","Nadie se va a jubilar con menos del salario mínimo, ese es nuestro compromiso.

#MesaCentral
#MarcoPresidente",,,,"lower_bound: 200000, upper_bound: 249999","lower_bound: 500000, upper_bound: 599999",CLP,"{""age"":""55-64"",""gender"":""unknown"",""percentage"":4.5e-5},{""age"":""18-24"",""gender"":""female"",""percentage"":0.371068},{""age"":""45-54"",""gender"":""unknown"",""percentage"":7.4e-5},{""age"":""35-44"",""gender"":""unknown"",""percentage"":0.000243},{""age"":""65+"",""gender"":""female"",""percentage"":0.004621},{""age"":""55-64"",""gender"":""female"",""percentage"":0.009744},{""age"":""35-44"",""gender"":""female"",""percentage"":0.027137},{""age"":""45-54"",""gender"":""female"",""percentage"":0.0096},{""age"":""18-24"",""gender"":""male"",""percentage"":0.13981},{""age"":""25-34"",""gender"":""unknown"",""percentage"":0.000725},{""age"":""45-54"",""gender"":""male"",""percentage"":0.003862},{""age"":""55-64"",""gender"":""male"",""percentage"":0.003013},{""age"":""25-34"",""gender"":""female"",""percentage"":0.2831},{""age"":""25-34"",""gender"":""male"",""percentage"":0.132667},{""age"":""65+"",""gender"":""male"",""percentage"":0.002407},{""age"":""35-44"",""gender"":""male"",""percentage"":0.011243},{""age"":""18-24"",""gender"":""unknown"",""percentage"":0.000606},{""age"":""65+"",""gender"":""unknown"",""percentage"":3.5e-5}","{""region"":""Los R\u00edos Region"",""percentage"":0.030218},{""region"":""Arica y Parinacota Region"",""percentage"":0.025064},{""region"":""Valpara\u00edso Region"",""percentage"":0.120147},{""region"":""Ays\u00e9n Region"",""percentage"":0.009},{""region"":""Antofagasta Region"",""percentage"":0.047189},{""region"":""Araucan\u00eda Region"",""percentage"":0.075486},{""region"":""Atacama Region"",""percentage"":0.022958},{""region"":""B\u00edo B\u00edo Region"",""percentage"":0.17856},{""region"":""Coquimbo Region"",""percentage"":0.051569},{""region"":""O'Higgins Region"",""percentage"":0.066217},{""region"":""Los Lagos Region"",""percentage"":0.066487},{""region"":""Magallanes y la Ant\u00e1rtica Chilena Region"",""percentage"":0.017358},{""region"":""Maule Region"",""percentage"":0.099522},{""region"":""Santiago Metropolitan Region"",""percentage"":0.150424},{""region"":""Tarapac\u00e1 Region"",""percentage"":0.039801}",instagram,"lower_bound: 500001, upper_bound: 1000000",es
571022663951537,386634201382499,"Marco Enriquez-Ominami",2021-10-23,2021-10-23,2021-10-27,"Partido Progresista de Chile - PRO","🎞 Franja presidencial 2021 | Cap 1 | El cambio es hoy

Nos vendieron una normalidad totalmente irracional. ¿Cómo va a tener lógica pagar que que un hijo tenga una mala educación? ¿Cómo va a ser lógico pagar impuestos y que el Estado no entregue ni derecho a la educación, ni salud, ni transporte digno, ni si quiera el agua. La tarea es grande y por eso soy perseverante. 

#ElCambioEsHoy",,,,"lower_bound: 100000, upper_bound: 124999","lower_bound: 500000, upper_bound: 599999",CLP,"{""age"":""65+"",""gender"":""unknown"",""percentage"":0.001786},{""age"":""65+"",""gender"":""female"",""percentage"":0.081748},{""age"":""45-54"",""gender"":""unknown"",""percentage"":0.003026},{""age"":""18-24"",""gender"":""female"",""percentage"":0.014112},{""age"":""55-64"",""gender"":""unknown"",""percentage"":0.002282},{""age"":""45-54"",""gender"":""female"",""percentage"":0.085989},{""age"":""25-34"",""gender"":""female"",""percentage"":0.050522},{""age"":""18-24"",""gender"":""male"",""percentage"":0.03011},{""age"":""55-64"",""gender"":""male"",""percentage"":0.116471},{""age"":""35-44"",""gender"":""unknown"",""percentage"":0.00315},{""age"":""25-34"",""gender"":""male"",""percentage"":0.123614},{""age"":""45-54"",""gender"":""male"",""percentage"":0.117438},{""age"":""35-44"",""gender"":""female"",""percentage"":0.065031},{""age"":""65+"",""gender"":""male"",""percentage"":0.077953},{""age"":""35-44"",""gender"":""male"",""percentage"":0.116818},{""age"":""55-64"",""gender"":""female"",""percentage"":0.107989},{""age"":""18-24"",""gender"":""unknown"",""percentage"":0.000397},{""age"":""25-34"",""gender"":""unknown"",""percentage"":0.001563}","{""region"":""Los R\u00edos Region"",""percentage"":0.021736},{""region"":""Arica y Parinacota Region"",""percentage"":0.013713},{""region"":""Valpara\u00edso Region"",""percentage"":0.099913},{""region"":""Ays\u00e9n Region"",""percentage"":0.00713},{""region"":""Antofagasta Region"",""percentage"":0.028692},{""region"":""Araucan\u00eda Region"",""percentage"":0.033511},{""region"":""Atacama Region"",""percentage"":0.019128},{""region"":""B\u00edo B\u00edo Region"",""percentage"":0.079344},{""region"":""Coquimbo Region"",""percentage"":0.039722},{""region"":""O'Higgins Region"",""percentage"":0.037337},{""region"":""Los Lagos Region"",""percentage"":0.038231},{""region"":""Magallanes y la Ant\u00e1rtica Chilena Region"",""percentage"":0.010036},{""region"":""Maule Region"",""percentage"":0.037337},{""region"":""Santiago Metropolitan Region"",""percentage"":0.506198},{""region"":""Tarapac\u00e1 Region"",""percentage"":0.027972}","facebook,instagram","lower_bound: 50001, upper_bound: 100000",es
2877916142472049,386634201382499,"Marco Enriquez-Ominami",2021-10-23,2021-10-23,2021-10-27,"Partido Progresista de Chile - PRO","Tierra de esperanza, estuve en La Región de la Araucanía escuchando los sueños de mujeres, niños y dirigentes. #ElCambioEsHoy y lo lograremos juntos.",,,,"lower_bound: 35000, upper_bound: 39999","lower_bound: 500000, upper_bound: 599999",CLP,"{""age"":""65+"",""gender"":""unknown"",""percentage"":0.000784},{""age"":""35-44"",""gender"":""female"",""percentage"":0.128545},{""age"":""45-54"",""gender"":""unknown"",""percentage"":0.003333},{""age"":""18-24"",""gender"":""female"",""percentage"":0.028624},{""age"":""25-34"",""gender"":""female"",""percentage"":0.186185},{""age"":""45-54"",""gender"":""female"",""percentage"":0.122468},{""age"":""25-34"",""gender"":""male"",""percentage"":0.156908},{""age"":""65+"",""gender"":""male"",""percentage"":0.01856},{""age"":""65+"",""gender"":""female"",""percentage"":0.04006},{""age"":""18-24"",""gender"":""unknown"",""percentage"":0.000327},{""age"":""55-64"",""gender"":""female"",""percentage"":0.078617},{""age"":""18-24"",""gender"":""male"",""percentage"":0.030257},{""age"":""35-44"",""gender"":""male"",""percentage"":0.095412},{""age"":""55-64"",""gender"":""male"",""percentage"":0.033394},{""age"":""45-54"",""gender"":""male"",""percentage"":0.069533},{""age"":""55-64"",""gender"":""unknown"",""percentage"":0.001568},{""age"":""25-34"",""gender"":""unknown"",""percentage"":0.001503},{""age"":""35-44"",""gender"":""unknown"",""percentage"":0.003921}","{""region"":""Los R\u00edos Region"",""percentage"":0.009399},{""region"":""Arica y Parinacota Region"",""percentage"":0.001945},{""region"":""Valpara\u00edso Region"",""percentage"":0.018928},{""region"":""Ays\u00e9n Region"",""percentage"":0.002139},{""region"":""Antofagasta Region"",""percentage"":0.005575},{""region"":""Araucan\u00eda Region"",""percentage"":0.7822},{""region"":""Atacama Region"",""percentage"":0.002398},{""region"":""B\u00edo B\u00edo Region"",""percentage"":0.02366},{""region"":""Coquimbo Region"",""percentage"":0.007066},{""region"":""O'Higgins Region"",""percentage"":0.009529},{""region"":""Los Lagos Region"",""percentage"":0.011733},{""region"":""Magallanes y la Ant\u00e1rtica Chilena Region"",""percentage"":0.002528},{""region"":""Maule Region"",""percentage"":0.010566},{""region"":""Santiago Metropolitan Region"",""percentage"":0.108252},{""region"":""Tarapac\u00e1 Region"",""percentage"":0.004084}",instagram,"lower_bound: 10001, upper_bound: 50000",es
251653043602242,386634201382499,"Marco Enriquez-Ominami",2021-10-21,2021-10-22,2021-10-25,"Partido Progresista de Chile - PRO","🎞️ EXCLUSIVA | ADELANTO DE LA FRANJA

La igualdad de género no se pide, se exige. No es justo lo que viven las mujeres en Chile. Les comparto un adelanto de nuestra franja presidencial. #ElCambioEsHoy y con tu voto podremos lograr todo por lo que hemos luchado.","🎞️ EXCLUSIVA | ADELANTO DE LA FRANJA",,,"lower_bound: 25000, upper_bound: 29999","lower_bound: 250000, upper_bound: 299999",CLP,"{""age"":""35-44"",""gender"":""female"",""percentage"":0.189476},{""age"":""25-34"",""gender"":""female"",""percentage"":0.186446},{""age"":""65+"",""gender"":""female"",""percentage"":0.1469},{""age"":""55-64"",""gender"":""female"",""percentage"":0.218141},{""age"":""45-54"",""gender"":""female"",""percentage"":0.200175},{""age"":""18-24"",""gender"":""female"",""percentage"":0.058862}","{""region"":""Los R\u00edos Region"",""percentage"":0.020397},{""region"":""Arica y Parinacota Region"",""percentage"":0.010529},{""region"":""Valpara\u00edso Region"",""percentage"":0.095565},{""region"":""Ays\u00e9n Region"",""percentage"":0.006126},{""region"":""Antofagasta Region"",""percentage"":0.023478},{""region"":""Araucan\u00eda Region"",""percentage"":0.030485},{""region"":""Atacama Region"",""percentage"":0.019406},{""region"":""B\u00edo B\u00edo Region"",""percentage"":0.069518},{""region"":""Coquimbo Region"",""percentage"":0.040647},{""region"":""O'Higgins Region"",""percentage"":0.031806},{""region"":""Los Lagos Region"",""percentage"":0.038923},{""region"":""Magallanes y la Ant\u00e1rtica Chilena Region"",""percentage"":0.009832},{""region"":""Maule Region"",""percentage"":0.03243},{""region"":""Santiago Metropolitan Region"",""percentage"":0.545545},{""region"":""Tarapac\u00e1 Region"",""percentage"":0.025313}","facebook,instagram","lower_bound: 10001, upper_bound: 50000",es
601824681010223,386634201382499,"Marco Enriquez-Ominami",2021-10-21,2021-10-22,2021-10-24,"Partido Progresista de Chile - PRO","ORDEN Y PROGRESO PARA LA ARAUCANÍA

Segundo día en La Araucanía. ¡Gracias por el cariño a todas y todos los vecinos que se acercaron! Me reuní con los alcaldes Mario González de #PadreLasCasas y Javier Jaramillo de #Victoria, para conversar sobre la crisis hídrica en las zonas rurales y cómo fomentar el turismo. ¡Orden y progreso! La seguridad es solo uno de los desafíos de la región, no el único.  #ElCambioEsHoy y lo construimos juntos.",,,,"lower_bound: 50000, upper_bound: 59999","lower_bound: 250000, upper_bound: 299999",CLP,"{""age"":""65+"",""gender"":""unknown"",""percentage"":0.000241},{""age"":""18-24"",""gender"":""male"",""percentage"":0.080389},{""age"":""25-34"",""gender"":""unknown"",""percentage"":0.001244},{""age"":""65+"",""gender"":""female"",""percentage"":0.028684},{""age"":""35-44"",""gender"":""female"",""percentage"":0.0862},{""age"":""65+"",""gender"":""male"",""percentage"":0.016134},{""age"":""55-64"",""gender"":""female"",""percentage"":0.052169},{""age"":""45-54"",""gender"":""female"",""percentage"":0.057145},{""age"":""25-34"",""gender"":""female"",""percentage"":0.221562},{""age"":""18-24"",""gender"":""unknown"",""percentage"":0.00052},{""age"":""25-34"",""gender"":""male"",""percentage"":0.186157},{""age"":""35-44"",""gender"":""male"",""percentage"":0.071385},{""age"":""18-24"",""gender"":""female"",""percentage"":0.125169},{""age"":""45-54"",""gender"":""male"",""percentage"":0.040417},{""age"":""55-64"",""gender"":""male"",""percentage"":0.030318},{""age"":""35-44"",""gender"":""unknown"",""percentage"":0.001244},{""age"":""45-54"",""gender"":""unknown"",""percentage"":0.000705},{""age"":""55-64"",""gender"":""unknown"",""percentage"":0.000316}","{""region"":""Araucan\u00eda Region"",""percentage"":1}","facebook,instagram","lower_bound: 50001, upper_bound: 100000",es
623256742359013,386634201382499,"Marco Enriquez-Ominami",2021-10-21,2021-10-21,2021-10-25,"Partido Progresista de Chile - PRO","CHILE SIN COLUSIÓN
Quiero un Chile libre de colusión, por eso proponemos la nacionalización de las empresas que se coludan. #ElCambioEsHoy y el abuso debe parar.","Chile sin colusión",www.presidentemarco.cl,,"lower_bound: 100000, upper_bound: 124999","lower_bound: 400000, upper_bound: 449999",CLP,"{""age"":""18-24"",""gender"":""unknown"",""percentage"":9.0e-6},{""age"":""65+"",""gender"":""female"",""percentage"":0.092885},{""age"":""18-24"",""gender"":""female"",""percentage"":0.001891},{""age"":""55-64"",""gender"":""female"",""percentage"":0.215535},{""age"":""55-64"",""gender"":""male"",""percentage"":0.158549},{""age"":""55-64"",""gender"":""unknown"",""percentage"":0.001402},{""age"":""65+"",""gender"":""male"",""percentage"":0.058245},{""age"":""45-54"",""gender"":""female"",""percentage"":0.188141},{""age"":""35-44"",""gender"":""female"",""percentage"":0.038224},{""age"":""25-34"",""gender"":""unknown"",""percentage"":6.3e-5},{""age"":""35-44"",""gender"":""male"",""percentage"":0.050247},{""age"":""45-54"",""gender"":""male"",""percentage"":0.155843},{""age"":""25-34"",""gender"":""male"",""percentage"":0.02402},{""age"":""18-24"",""gender"":""male"",""percentage"":0.005256},{""age"":""25-34"",""gender"":""female"",""percentage"":0.005383},{""age"":""45-54"",""gender"":""unknown"",""percentage"":0.002922},{""age"":""35-44"",""gender"":""unknown"",""percentage"":0.000905},{""age"":""65+"",""gender"":""unknown"",""percentage"":0.000479}","{""region"":""Los R\u00edos Region"",""percentage"":0.004537},{""region"":""Arica y Parinacota Region"",""percentage"":0.002503},{""region"":""Valpara\u00edso Region"",""percentage"":0.023313},{""region"":""Ays\u00e9n Region"",""percentage"":0.00093},{""region"":""Antofagasta Region"",""percentage"":0.006728},{""region"":""Araucan\u00eda Region"",""percentage"":0.013345},{""region"":""Atacama Region"",""percentage"":0.003111},{""region"":""B\u00edo B\u00edo Region"",""percentage"":0.028319},{""region"":""Coquimbo Region"",""percentage"":0.009802},{""region"":""O'Higgins Region"",""percentage"":0.014201},{""region"":""Los Lagos Region"",""percentage"":0.00947},{""region"":""Magallanes y la Ant\u00e1rtica Chilena Region"",""percentage"":0.00197},{""region"":""Maule Region"",""percentage"":0.018159},{""region"":""Santiago Metropolitan Region"",""percentage"":0.860226},{""region"":""Tarapac\u00e1 Region"",""percentage"":0.003387}","facebook,instagram","lower_bound: 100001, upper_bound: 500000",es
944438782835889,386634201382499,"Marco Enriquez-Ominami",2021-10-20,2021-10-21,2021-10-27,"Partido Progresista de Chile - PRO","¿Cómo avanzar en dignidad para la vejez? La pensión mínima debe ser igual al salario mínimo. #ElCambioEsHoy","Por una vejez digna",presidentemarco.cl,,"lower_bound: 20000, upper_bound: 24999","lower_bound: 60000, upper_bound: 69999",CLP,"{""age"":""55-64"",""gender"":""unknown"",""percentage"":0.002646},{""age"":""45-54"",""gender"":""male"",""percentage"":0.098801},{""age"":""55-64"",""gender"":""male"",""percentage"":0.178353},{""age"":""65+"",""gender"":""male"",""percentage"":0.231317},{""age"":""55-64"",""gender"":""female"",""percentage"":0.152149},{""age"":""65+"",""gender"":""female"",""percentage"":0.261449},{""age"":""45-54"",""gender"":""female"",""percentage"":0.069395},{""age"":""65+"",""gender"":""unknown"",""percentage"":0.003585},{""age"":""45-54"",""gender"":""unknown"",""percentage"":0.002305}","{""region"":""Los R\u00edos Region"",""percentage"":0.01145},{""region"":""Arica y Parinacota Region"",""percentage"":0.008112},{""region"":""Valpara\u00edso Region"",""percentage"":0.129331},{""region"":""Ays\u00e9n Region"",""percentage"":0.004352},{""region"":""Antofagasta Region"",""percentage"":0.033336},{""region"":""Araucan\u00eda Region"",""percentage"":0.038026},{""region"":""Atacama Region"",""percentage"":0.017027},{""region"":""B\u00edo B\u00edo Region"",""percentage"":0.105797},{""region"":""Coquimbo Region"",""percentage"":0.039758},{""region"":""O'Higgins Region"",""percentage"":0.040688},{""region"":""Los Lagos Region"",""percentage"":0.024125},{""region"":""Magallanes y la Ant\u00e1rtica Chilena Region"",""percentage"":0.006295},{""region"":""Maule Region"",""percentage"":0.043561},{""region"":""Santiago Metropolitan Region"",""percentage"":0.474607},{""region"":""Tarapac\u00e1 Region"",""percentage"":0.023534}","facebook,instagram","lower_bound: 50001, upper_bound: 100000",es
446231673801743,386634201382499,"Marco Enriquez-Ominami",2021-10-20,2021-10-21,2021-10-22,"Partido Progresista de Chile - PRO","En un momento donde el cambio está en riesgo, la juventud hoy se convirtió en un punto de inflexión. Gracias por sumarse en todo Chile a esta campaña, ¡con nuestras propuestas cambiamos Chile! Las y los invito a movilizarnos juntos para dejar a la ultraderecha de Kast atrás, porque #ElCambioEsHoy",,,,"lower_bound: 35000, upper_bound: 39999","lower_bound: 350000, upper_bound: 399999",CLP,"{""age"":""25-34"",""gender"":""unknown"",""percentage"":0.001093},{""age"":""55-64"",""gender"":""male"",""percentage"":0.046136},{""age"":""65+"",""gender"":""unknown"",""percentage"":0.000374},{""age"":""18-24"",""gender"":""unknown"",""percentage"":0.000374},{""age"":""45-54"",""gender"":""unknown"",""percentage"":0.001467},{""age"":""35-44"",""gender"":""unknown"",""percentage"":0.001582},{""age"":""55-64"",""gender"":""female"",""percentage"":0.078954},{""age"":""35-44"",""gender"":""male"",""percentage"":0.07533},{""age"":""25-34"",""gender"":""male"",""percentage"":0.166854},{""age"":""45-54"",""gender"":""male"",""percentage"":0.066414},{""age"":""18-24"",""gender"":""female"",""percentage"":0.070843},{""age"":""18-24"",""gender"":""male"",""percentage"":0.067046},{""age"":""25-34"",""gender"":""female"",""percentage"":0.176058},{""age"":""45-54"",""gender"":""female"",""percentage"":0.101648},{""age"":""35-44"",""gender"":""female"",""percentage"":0.090258},{""age"":""65+"",""gender"":""male"",""percentage"":0.020249},{""age"":""65+"",""gender"":""female"",""percentage"":0.034659},{""age"":""55-64"",""gender"":""unknown"",""percentage"":0.000662}","{""region"":""Los R\u00edos Region"",""percentage"":0.017028},{""region"":""Arica y Parinacota Region"",""percentage"":0.017615},{""region"":""Valpara\u00edso Region"",""percentage"":0.12351},{""region"":""Ays\u00e9n Region"",""percentage"":0.009923},{""region"":""Antofagasta Region"",""percentage"":0.046445},{""region"":""Araucan\u00eda Region"",""percentage"":0.05672},{""region"":""Atacama Region"",""percentage"":0.032235},{""region"":""B\u00edo B\u00edo Region"",""percentage"":0.128266},{""region"":""Coquimbo Region"",""percentage"":0.054606},{""region"":""O'Higgins Region"",""percentage"":0.061036},{""region"":""Los Lagos Region"",""percentage"":0.043891},{""region"":""Magallanes y la Ant\u00e1rtica Chilena Region"",""percentage"":0.015707},{""region"":""Maule Region"",""percentage"":0.073484},{""region"":""Santiago Metropolitan Region"",""percentage"":0.292379},{""region"":""Tarapac\u00e1 Region"",""percentage"":0.027156}",instagram,"lower_bound: 50001, upper_bound: 100000",es
1791720747682604,386634201382499,"Marco Enriquez-Ominami",2021-10-20,2021-10-20,2021-10-23,"Partido Progresista de Chile - PRO","CON LA JUVENTUD CAMBIAMOS CHILE

En un momento donde el cambio está en riesgo, la juventud hoy se convirtió en un punto de inflexión. Gracias por sumarse en todo Chile a esta campaña, ¡con nuestras propuestas cambiamos Chile! Las y los invito a movilizarnos juntos para dejar a la ultraderecha de Kast atrás, porque #ElCambioEsHoy",,,,"lower_bound: 90000, upper_bound: 99999","lower_bound: 350000, upper_bound: 399999",CLP,"{""age"":""65+"",""gender"":""unknown"",""percentage"":0.000323},{""age"":""65+"",""gender"":""female"",""percentage"":0.069744},{""age"":""18-24"",""gender"":""female"",""percentage"":0.019351},{""age"":""35-44"",""gender"":""female"",""percentage"":0.074032},{""age"":""25-34"",""gender"":""female"",""percentage"":0.076198},{""age"":""55-64"",""gender"":""female"",""percentage"":0.143216},{""age"":""25-34"",""gender"":""male"",""percentage"":0.089278},{""age"":""45-54"",""gender"":""female"",""percentage"":0.125589},{""age"":""45-54"",""gender"":""male"",""percentage"":0.116592},{""age"":""35-44"",""gender"":""unknown"",""percentage"":0.00097},{""age"":""55-64"",""gender"":""male"",""percentage"":0.120083},{""age"":""35-44"",""gender"":""male"",""percentage"":0.084074},{""age"":""18-24"",""gender"":""male"",""percentage"":0.019254},{""age"":""65+"",""gender"":""male"",""percentage"":0.058571},{""age"":""25-34"",""gender"":""unknown"",""percentage"":0.000377},{""age"":""55-64"",""gender"":""unknown"",""percentage"":0.000819},{""age"":""18-24"",""gender"":""unknown"",""percentage"":7.5e-5},{""age"":""45-54"",""gender"":""unknown"",""percentage"":0.001455}","{""region"":""Los R\u00edos Region"",""percentage"":0.020994},{""region"":""Arica y Parinacota Region"",""percentage"":0.018037},{""region"":""Valpara\u00edso Region"",""percentage"":0.117506},{""region"":""Ays\u00e9n Region"",""percentage"":0.011633},{""region"":""Antofagasta Region"",""percentage"":0.040912},{""region"":""Araucan\u00eda Region"",""percentage"":0.055524},{""region"":""Atacama Region"",""percentage"":0.035378},{""region"":""B\u00edo B\u00edo Region"",""percentage"":0.124562},{""region"":""Coquimbo Region"",""percentage"":0.051534},{""region"":""O'Higgins Region"",""percentage"":0.057438},{""region"":""Los Lagos Region"",""percentage"":0.05672},{""region"":""Magallanes y la Ant\u00e1rtica Chilena Region"",""percentage"":0.016276},{""region"":""Maule Region"",""percentage"":0.072941},{""region"":""Santiago Metropolitan Region"",""percentage"":0.294723},{""region"":""Tarapac\u00e1 Region"",""percentage"":0.025821}",facebook,"lower_bound: 100001, upper_bound: 500000",es
555169805578782,386634201382499,"Marco Enriquez-Ominami",2021-10-20,2021-10-21,2021-10-22,"Partido Progresista de Chile - PRO","La juventud es el motor del cambio, porque sus grandes objetivos luchar contra la desigualdad. Les dicen ""la política es mala, ustedes no se metan"". Las y los invito a hacer lo opuesto: involúcrense y trasnformémosla en algo bueno. #ElCambioEsHoy y es con ustedes.",,,,"lower_bound: 8000, upper_bound: 8999","lower_bound: 150000, upper_bound: 174999",CLP,"{""age"":""18-24"",""gender"":""unknown"",""percentage"":0.003475},{""age"":""25-34"",""gender"":""unknown"",""percentage"":0.004673},{""age"":""25-34"",""gender"":""male"",""percentage"":0.39492},{""age"":""25-34"",""gender"":""female"",""percentage"":0.248622},{""age"":""18-24"",""gender"":""female"",""percentage"":0.147855},{""age"":""18-24"",""gender"":""male"",""percentage"":0.200455}","{""region"":""Los R\u00edos Region"",""percentage"":0.025662},{""region"":""Arica y Parinacota Region"",""percentage"":0.013009},{""region"":""Valpara\u00edso Region"",""percentage"":0.102886},{""region"":""Ays\u00e9n Region"",""percentage"":0.006504},{""region"":""Antofagasta Region"",""percentage"":0.024243},{""region"":""Araucan\u00eda Region"",""percentage"":0.040681},{""region"":""Atacama Region"",""percentage"":0.021996},{""region"":""B\u00edo B\u00edo Region"",""percentage"":0.089167},{""region"":""Coquimbo Region"",""percentage"":0.03465},{""region"":""O'Higgins Region"",""percentage"":0.037725},{""region"":""Los Lagos Region"",""percentage"":0.046476},{""region"":""Magallanes y la Ant\u00e1rtica Chilena Region"",""percentage"":0.011944},{""region"":""Maule Region"",""percentage"":0.043283},{""region"":""Santiago Metropolitan Region"",""percentage"":0.471854},{""region"":""Tarapac\u00e1 Region"",""percentage"":0.02992}",instagram,"lower_bound: 10001, upper_bound: 50000",es
403784207999999,386634201382499,"Marco Enriquez-Ominami",2021-10-20,2021-10-21,2021-10-23,"Partido Progresista de Chile - PRO","JUVENTUD MOTOR DEL CAMBIO

La juventud es el motor del cambio, porque sus grandes objetivos luchar contra la desigualdad. Les dicen ""la política es mala, ustedes no se metan"". Las y los invito a hacer lo opuesto: involúcrense y trasnformémosla en algo bueno. #ElCambioEsHoy y es con ustedes.",,,,"lower_bound: 10000, upper_bound: 14999","lower_bound: 200000, upper_bound: 249999",CLP,"{""age"":""25-34"",""gender"":""male"",""percentage"":0.436248},{""age"":""25-34"",""gender"":""female"",""percentage"":0.2335},{""age"":""18-24"",""gender"":""female"",""percentage"":0.131512},{""age"":""18-24"",""gender"":""male"",""percentage"":0.18909},{""age"":""18-24"",""gender"":""unknown"",""percentage"":0.003599},{""age"":""25-34"",""gender"":""unknown"",""percentage"":0.006052}","{""region"":""Los R\u00edos Region"",""percentage"":0.025235},{""region"":""Arica y Parinacota Region"",""percentage"":0.01409},{""region"":""Valpara\u00edso Region"",""percentage"":0.098949},{""region"":""Ays\u00e9n Region"",""percentage"":0.006687},{""region"":""Antofagasta Region"",""percentage"":0.02412},{""region"":""Araucan\u00eda Region"",""percentage"":0.039962},{""region"":""Atacama Region"",""percentage"":0.019822},{""region"":""B\u00edo B\u00edo Region"",""percentage"":0.089078},{""region"":""Coquimbo Region"",""percentage"":0.0363},{""region"":""O'Higgins Region"",""percentage"":0.033593},{""region"":""Los Lagos Region"",""percentage"":0.047683},{""region"":""Magallanes y la Ant\u00e1rtica Chilena Region"",""percentage"":0.011384},{""region"":""Maule Region"",""percentage"":0.041474},{""region"":""Santiago Metropolitan Region"",""percentage"":0.482407},{""region"":""Tarapac\u00e1 Region"",""percentage"":0.029215}",facebook,"lower_bound: 10001, upper_bound: 50000",es
213562120878385,386634201382499,"Marco Enriquez-Ominami",2021-10-20,2021-10-20,2021-10-20,"Partido Progresista de Chile - PRO","¿Quieres sumarte a la campaña que va cambiar Chile? ¡Escríbenos!","¡Súmate al comando!",fb.com,,"lower_bound: 4000, upper_bound: 4999","lower_bound: 10000, upper_bound: 14999",CLP,"{""age"":""18-24"",""gender"":""unknown"",""percentage"":0.001108},{""age"":""25-34"",""gender"":""unknown"",""percentage"":0.003324},{""age"":""18-24"",""gender"":""male"",""percentage"":0.066046},{""age"":""35-44"",""gender"":""female"",""percentage"":0.147828},{""age"":""35-44"",""gender"":""male"",""percentage"":0.194371},{""age"":""25-34"",""gender"":""female"",""percentage"":0.20922},{""age"":""18-24"",""gender"":""female"",""percentage"":0.062943},{""age"":""25-34"",""gender"":""male"",""percentage"":0.283466},{""age"":""45-54"",""gender"":""female"",""percentage"":0.015957},{""age"":""45-54"",""gender"":""male"",""percentage"":0.012411},{""age"":""35-44"",""gender"":""unknown"",""percentage"":0.003324}","{""region"":""Los R\u00edos Region"",""percentage"":0.037511},{""region"":""Arica y Parinacota Region"",""percentage"":0.038173},{""region"":""Valpara\u00edso Region"",""percentage"":0.100397},{""region"":""Ays\u00e9n Region"",""percentage"":0.011033},{""region"":""Antofagasta Region"",""percentage"":0.052736},{""region"":""Araucan\u00eda Region"",""percentage"":0.115402},{""region"":""Atacama Region"",""percentage"":0.021624},{""region"":""B\u00edo B\u00edo Region"",""percentage"":0.195719},{""region"":""Coquimbo Region"",""percentage"":0.051633},{""region"":""O'Higgins Region"",""percentage"":0.059797},{""region"":""Los Lagos Region"",""percentage"":0.093116},{""region"":""Magallanes y la Ant\u00e1rtica Chilena Region"",""percentage"":0.021845},{""region"":""Maule Region"",""percentage"":0.096867},{""region"":""Santiago Metropolitan Region"",""percentage"":0.062224},{""region"":""Tarapac\u00e1 Region"",""percentage"":0.041924}","facebook,instagram","lower_bound: 100001, upper_bound: 500000",es
387088526448178,386634201382499,"Marco Enriquez-Ominami",2021-10-20,2021-10-20,2021-10-22,"Partido Progresista de Chile - PRO",,,"presidentemarco.cl,presidentemarco.cl,presidentemarco.cl,presidentemarco.cl",,"lower_bound: 25000, upper_bound: 29999","lower_bound: 150000, upper_bound: 174999",CLP,"{""age"":""18-24"",""gender"":""unknown"",""percentage"":0.000361},{""age"":""18-24"",""gender"":""male"",""percentage"":0.071772},{""age"":""45-54"",""gender"":""unknown"",""percentage"":0.000963},{""age"":""25-34"",""gender"":""unknown"",""percentage"":0.001685},{""age"":""65+"",""gender"":""male"",""percentage"":0.008585},{""age"":""35-44"",""gender"":""male"",""percentage"":0.067841},{""age"":""45-54"",""gender"":""female"",""percentage"":0.076065},{""age"":""35-44"",""gender"":""unknown"",""percentage"":0.002487},{""age"":""25-34"",""gender"":""female"",""percentage"":0.25323},{""age"":""65+"",""gender"":""unknown"",""percentage"":8.0e-5},{""age"":""35-44"",""gender"":""female"",""percentage"":0.120316},{""age"":""18-24"",""gender"":""female"",""percentage"":0.084049},{""age"":""25-34"",""gender"":""male"",""percentage"":0.193011},{""age"":""55-64"",""gender"":""female"",""percentage"":0.045214},{""age"":""45-54"",""gender"":""male"",""percentage"":0.036588},{""age"":""65+"",""gender"":""female"",""percentage"":0.018856},{""age"":""55-64"",""gender"":""male"",""percentage"":0.018174},{""age"":""55-64"",""gender"":""unknown"",""percentage"":0.000722}","{""region"":""Antofagasta Region"",""percentage"":1}",instagram,"lower_bound: 50001, upper_bound: 100000",es
276853097654578,386634201382499,"Marco Enriquez-Ominami",2021-10-20,2021-10-20,2021-10-22,"Partido Progresista de Chile - PRO","GRACIAS ANTOFAGASTA

Tremenda jornada recorriendo #Antofagasta. Gracias a Marcela Hernando, Esteban Velásquez y el gobernador Ricardo Díaz por los encuentros para hablar sobre descentralización para hacer crecer la región. Estuve también con nuestra candidata a diputada Janett Guerra en el Campamento los Arenales, La Chimba con Felipe Berríos, y en un encuentro con mujeres emprendedoras. ¡Gracias por todo el cariño!",,,,"lower_bound: 45000, upper_bound: 49999","lower_bound: 150000, upper_bound: 174999",CLP,"{""age"":""18-24"",""gender"":""unknown"",""percentage"":6.3e-5},{""age"":""65+"",""gender"":""male"",""percentage"":0.02744},{""age"":""35-44"",""gender"":""unknown"",""percentage"":0.002531},{""age"":""35-44"",""gender"":""female"",""percentage"":0.111978},{""age"":""35-44"",""gender"":""male"",""percentage"":0.10746},{""age"":""18-24"",""gender"":""male"",""percentage"":0.03955},{""age"":""45-54"",""gender"":""female"",""percentage"":0.098655},{""age"":""25-34"",""gender"":""female"",""percentage"":0.146906},{""age"":""25-34"",""gender"":""male"",""percentage"":0.160396},{""age"":""55-64"",""gender"":""unknown"",""percentage"":0.00092},{""age"":""18-24"",""gender"":""female"",""percentage"":0.042875},{""age"":""45-54"",""gender"":""male"",""percentage"":0.078305},{""age"":""55-64"",""gender"":""male"",""percentage"":0.059586},{""age"":""55-64"",""gender"":""female"",""percentage"":0.078242},{""age"":""65+"",""gender"":""female"",""percentage"":0.042248},{""age"":""45-54"",""gender"":""unknown"",""percentage"":0.001422},{""age"":""65+"",""gender"":""unknown"",""percentage"":0.000251},{""age"":""25-34"",""gender"":""unknown"",""percentage"":0.001171}","{""region"":""Antofagasta Region"",""percentage"":1}","facebook,instagram","lower_bound: 100001, upper_bound: 500000",es
1295565964239090,386634201382499,"Marco Enriquez-Ominami",2021-10-19,2021-10-19,2021-11-17,"Partido Progresista de Chile - PRO","Los Lagos necesita más conectividad y trabajo. Proponemos retomar el tren Santiago-Puerto Montt para más y mejor desarrollo para la región. #ElCambioEsHoy","El cambio para Los Lagos",www.presidentemarco.cl,,"lower_bound: 175000, upper_bound: 199999","lower_bound: 500000, upper_bound: 599999",CLP,"{""age"":""18-24"",""gender"":""unknown"",""percentage"":0.000554},{""age"":""18-24"",""gender"":""female"",""percentage"":0.152723},{""age"":""65+"",""gender"":""unknown"",""percentage"":0.000336},{""age"":""45-54"",""gender"":""male"",""percentage"":0.038799},{""age"":""55-64"",""gender"":""male"",""percentage"":0.042312},{""age"":""18-24"",""gender"":""male"",""percentage"":0.095479},{""age"":""35-44"",""gender"":""male"",""percentage"":0.055542},{""age"":""25-34"",""gender"":""female"",""percentage"":0.201971},{""age"":""55-64"",""gender"":""female"",""percentage"":0.060123},{""age"":""55-64"",""gender"":""unknown"",""percentage"":0.000416},{""age"":""35-44"",""gender"":""female"",""percentage"":0.060242},{""age"":""25-34"",""gender"":""male"",""percentage"":0.177856},{""age"":""65+"",""gender"":""female"",""percentage"":0.039502},{""age"":""45-54"",""gender"":""female"",""percentage"":0.048536},{""age"":""65+"",""gender"":""male"",""percentage"":0.022571},{""age"":""25-34"",""gender"":""unknown"",""percentage"":0.001187},{""age"":""45-54"",""gender"":""unknown"",""percentage"":0.000663},{""age"":""35-44"",""gender"":""unknown"",""percentage"":0.001187}","{""region"":""Los Lagos Region"",""percentage"":1}","facebook,instagram","lower_bound: 10001, upper_bound: 50000",es
895019414452509,386634201382499,"Marco Enriquez-Ominami",2021-10-19,2021-10-19,2021-11-17,"Partido Progresista de Chile - PRO","Una región rebelde que aporta identidad, desarrolo y energpia no recibela retribución que se merece. Esto tiene que cambiar, Magallanes necesita más y mayor conectividad. #ElCambioEsHoy","El cambio para Magallanes",www.presidentemarco.cl,,"lower_bound: 70000, upper_bound: 79999","lower_bound: 450000, upper_bound: 499999",CLP,"{""age"":""18-24"",""gender"":""unknown"",""percentage"":0.000645},{""age"":""35-44"",""gender"":""female"",""percentage"":0.078152},{""age"":""18-24"",""gender"":""male"",""percentage"":0.074128},{""age"":""18-24"",""gender"":""female"",""percentage"":0.105308},{""age"":""65+"",""gender"":""female"",""percentage"":0.044421},{""age"":""55-64"",""gender"":""female"",""percentage"":0.065065},{""age"":""25-34"",""gender"":""male"",""percentage"":0.172923},{""age"":""65+"",""gender"":""male"",""percentage"":0.032502},{""age"":""25-34"",""gender"":""female"",""percentage"":0.199896},{""age"":""55-64"",""gender"":""unknown"",""percentage"":0.000922},{""age"":""55-64"",""gender"":""male"",""percentage"":0.049183},{""age"":""35-44"",""gender"":""male"",""percentage"":0.07336},{""age"":""45-54"",""gender"":""female"",""percentage"":0.053729},{""age"":""65+"",""gender"":""unknown"",""percentage"":0.000522},{""age"":""25-34"",""gender"":""unknown"",""percentage"":0.001444},{""age"":""45-54"",""gender"":""unknown"",""percentage"":0.00129},{""age"":""35-44"",""gender"":""unknown"",""percentage"":0.002273},{""age"":""45-54"",""gender"":""male"",""percentage"":0.044237}","{""region"":""Valpara\u00edso Region"",""percentage"":3.1e-5},{""region"":""B\u00edo B\u00edo Region"",""percentage"":3.1e-5},{""region"":""Magallanes y la Ant\u00e1rtica Chilena Region"",""percentage"":0.999939}","facebook,instagram","lower_bound: 5001, upper_bound: 10000",es
171861851720032,386634201382499,"Marco Enriquez-Ominami",2021-10-19,2021-10-19,2021-11-18,"Partido Progresista de Chile - PRO","Enorme región con un futuro gigantezco, pero con problemas hídricos. Haremos un plan inédito de obras hídricas en la Región de O'Higgins, porque #ElCambioEsHoy.","El cambio para la región de O'Higgins",www.presidentemarco.cl,,"lower_bound: 175000, upper_bound: 199999","lower_bound: 500000, upper_bound: 599999",CLP,"{""age"":""65+"",""gender"":""unknown"",""percentage"":0.000248},{""age"":""45-54"",""gender"":""male"",""percentage"":0.031355},{""age"":""18-24"",""gender"":""unknown"",""percentage"":0.000527},{""age"":""25-34"",""gender"":""unknown"",""percentage"":0.001013},{""age"":""35-44"",""gender"":""female"",""percentage"":0.06488},{""age"":""55-64"",""gender"":""male"",""percentage"":0.041772},{""age"":""65+"",""gender"":""male"",""percentage"":0.022798},{""age"":""55-64"",""gender"":""female"",""percentage"":0.065418},{""age"":""45-54"",""gender"":""female"",""percentage"":0.04478},{""age"":""55-64"",""gender"":""unknown"",""percentage"":0.000351},{""age"":""18-24"",""gender"":""female"",""percentage"":0.162883},{""age"":""25-34"",""gender"":""male"",""percentage"":0.164391},{""age"":""35-44"",""gender"":""male"",""percentage"":0.050226},{""age"":""18-24"",""gender"":""male"",""percentage"":0.098095},{""age"":""65+"",""gender"":""female"",""percentage"":0.037917},{""age"":""25-34"",""gender"":""female"",""percentage"":0.21192},{""age"":""45-54"",""gender"":""unknown"",""percentage"":0.000465},{""age"":""35-44"",""gender"":""unknown"",""percentage"":0.000961}","{""region"":""O'Higgins Region"",""percentage"":1}","facebook,instagram","lower_bound: 10001, upper_bound: 50000",es
920095172236734,386634201382499,"Marco Enriquez-Ominami",2021-10-19,2021-10-19,2021-11-17,"Partido Progresista de Chile - PRO","En Ñuble el proyecto Embalse Zapallar se pretender instalar en un lugar en el que va a tener un enorme impacto medioambiental. Por eso nos oponemos. #ElCambioEsHoy","El cambio para Ñuble",www.presidentemarco.cl,,"lower_bound: 125000, upper_bound: 149999","lower_bound: 500000, upper_bound: 599999",CLP,"{""age"":""13-17"",""gender"":""female"",""percentage"":1.4e-5},{""age"":""55-64"",""gender"":""female"",""percentage"":0.077415},{""age"":""55-64"",""gender"":""unknown"",""percentage"":0.000481},{""age"":""25-34"",""gender"":""unknown"",""percentage"":0.00109},{""age"":""35-44"",""gender"":""male"",""percentage"":0.055924},{""age"":""45-54"",""gender"":""female"",""percentage"":0.061813},{""age"":""18-24"",""gender"":""female"",""percentage"":0.129488},{""age"":""18-24"",""gender"":""male"",""percentage"":0.082512},{""age"":""25-34"",""gender"":""female"",""percentage"":0.202401},{""age"":""35-44"",""gender"":""female"",""percentage"":0.072234},{""age"":""65+"",""gender"":""unknown"",""percentage"":0.000311},{""age"":""25-34"",""gender"":""male"",""percentage"":0.162349},{""age"":""65+"",""gender"":""female"",""percentage"":0.040661},{""age"":""45-54"",""gender"":""male"",""percentage"":0.04253},{""age"":""55-64"",""gender"":""male"",""percentage"":0.045475},{""age"":""45-54"",""gender"":""unknown"",""percentage"":0.00058},{""age"":""65+"",""gender"":""male"",""percentage"":0.023176},{""age"":""18-24"",""gender"":""unknown"",""percentage"":0.000538},{""age"":""35-44"",""gender"":""unknown"",""percentage"":0.001005}","{""region"":""Unknown"",""percentage"":0.000875},{""region"":""B\u00edo B\u00edo Region"",""percentage"":0.997099},{""region"":""Maule Region"",""percentage"":0.002027}","facebook,instagram","lower_bound: 10001, upper_bound: 50000",es
1154754491599426,386634201382499,"Marco Enriquez-Ominami",2021-10-19,2021-10-19,2021-11-18,"Partido Progresista de Chile - PRO","Estoy convencido que Maule tiene que ser dueño de su futuro convirtiéndose en un polo industrial no contaminante. #ElCambioEsHoy y lo construimos juntos. Vuelve a confiar.","El cambio para el Maule",www.presidentemarco.cl,,"lower_bound: 200000, upper_bound: 249999","lower_bound: 500000, upper_bound: 599999",CLP,"{""age"":""55-64"",""gender"":""unknown"",""percentage"":0.000356},{""age"":""45-54"",""gender"":""female"",""percentage"":0.054755},{""age"":""45-54"",""gender"":""unknown"",""percentage"":0.000542},{""age"":""65+"",""gender"":""unknown"",""percentage"":0.000243},{""age"":""35-44"",""gender"":""female"",""percentage"":0.067846},{""age"":""25-34"",""gender"":""female"",""percentage"":0.20201},{""age"":""55-64"",""gender"":""male"",""percentage"":0.05024},{""age"":""55-64"",""gender"":""female"",""percentage"":0.078284},{""age"":""18-24"",""gender"":""male"",""percentage"":0.082192},{""age"":""25-34"",""gender"":""unknown"",""percentage"":0.000955},{""age"":""65+"",""gender"":""female"",""percentage"":0.041396},{""age"":""25-34"",""gender"":""male"",""percentage"":0.154133},{""age"":""18-24"",""gender"":""female"",""percentage"":0.146899},{""age"":""65+"",""gender"":""male"",""percentage"":0.025431},{""age"":""45-54"",""gender"":""male"",""percentage"":0.040805},{""age"":""35-44"",""gender"":""male"",""percentage"":0.052521},{""age"":""35-44"",""gender"":""unknown"",""percentage"":0.000971},{""age"":""18-24"",""gender"":""unknown"",""percentage"":0.000421}","{""region"":""B\u00edo B\u00edo Region"",""percentage"":8.0e-6},{""region"":""Maule Region"",""percentage"":0.999992}","facebook,instagram","lower_bound: 50001, upper_bound: 100000",es
1097851087623002,386634201382499,"Marco Enriquez-Ominami",2021-10-18,2021-10-19,2021-11-18,"Partido Progresista de Chile - PRO","Tarapacá no recibe la retribución que se merece, por eso vamos a construir un Hospital para la Provincia del Tamarugal. #ElCambioEsHoy","El cambio para Tarapacá",www.presidentemarco.cl,,"lower_bound: 125000, upper_bound: 149999","lower_bound: 450000, upper_bound: 499999",CLP,"{""age"":""35-44"",""gender"":""unknown"",""percentage"":0.001293},{""age"":""25-34"",""gender"":""female"",""percentage"":0.21709},{""age"":""45-54"",""gender"":""unknown"",""percentage"":0.001003},{""age"":""25-34"",""gender"":""unknown"",""percentage"":0.001089},{""age"":""65+"",""gender"":""female"",""percentage"":0.040377},{""age"":""45-54"",""gender"":""female"",""percentage"":0.049255},{""age"":""35-44"",""gender"":""female"",""percentage"":0.081961},{""age"":""18-24"",""gender"":""male"",""percentage"":0.075311},{""age"":""18-24"",""gender"":""female"",""percentage"":0.121522},{""age"":""65+"",""gender"":""unknown"",""percentage"":0.000408},{""age"":""55-64"",""gender"":""female"",""percentage"":0.059443},{""age"":""25-34"",""gender"":""male"",""percentage"":0.17309},{""age"":""55-64"",""gender"":""male"",""percentage"":0.04138},{""age"":""35-44"",""gender"":""male"",""percentage"":0.069716},{""age"":""45-54"",""gender"":""male"",""percentage"":0.038387},{""age"":""65+"",""gender"":""male"",""percentage"":0.027604},{""age"":""18-24"",""gender"":""unknown"",""percentage"":0.00051},{""age"":""55-64"",""gender"":""unknown"",""percentage"":0.000561}","{""region"":""Tarapac\u00e1 Region"",""percentage"":1}","facebook,instagram","lower_bound: 10001, upper_bound: 50000",es
656078975370187,386634201382499,"Marco Enriquez-Ominami",2021-10-18,2021-10-19,2021-11-17,"Partido Progresista de Chile - PRO","Coquimbo es una región que hoy está bloqueada, proponemos que sea la capitla mundial del astroturismo. #ElCambioEsHoy y lo construimos juntos.","El cambio para Coquimbo",www.presidentemarco.cl,,"lower_bound: 150000, upper_bound: 174999","lower_bound: 450000, upper_bound: 499999",CLP,"{""age"":""13-17"",""gender"":""male"",""percentage"":1.3e-5},{""age"":""55-64"",""gender"":""female"",""percentage"":0.059375},{""age"":""18-24"",""gender"":""unknown"",""percentage"":0.000637},{""age"":""45-54"",""gender"":""male"",""percentage"":0.032221},{""age"":""55-64"",""gender"":""male"",""percentage"":0.038281},{""age"":""65+"",""gender"":""female"",""percentage"":0.038281},{""age"":""45-54"",""gender"":""female"",""percentage"":0.04005},{""age"":""35-44"",""gender"":""female"",""percentage"":0.065104},{""age"":""35-44"",""gender"":""male"",""percentage"":0.053405},{""age"":""18-24"",""gender"":""female"",""percentage"":0.156319},{""age"":""55-64"",""gender"":""unknown"",""percentage"":0.000496},{""age"":""25-34"",""gender"":""female"",""percentage"":0.220226},{""age"":""25-34"",""gender"":""male"",""percentage"":0.174511},{""age"":""18-24"",""gender"":""male"",""percentage"":0.092386},{""age"":""65+"",""gender"":""unknown"",""percentage"":0.000293},{""age"":""45-54"",""gender"":""unknown"",""percentage"":0.000751},{""age"":""35-44"",""gender"":""unknown"",""percentage"":0.000993},{""age"":""25-34"",""gender"":""unknown"",""percentage"":0.0014},{""age"":""65+"",""gender"":""male"",""percentage"":0.025257}","{""region"":""Coquimbo Region"",""percentage"":1}","facebook,instagram","lower_bound: 10001, upper_bound: 50000",es
262399635826015,386634201382499,"Marco Enriquez-Ominami",2021-10-18,2021-10-19,2021-11-17,"Partido Progresista de Chile - PRO","Para mí gobernar es proteger, y me haré cargo de enfrentar la tragedia de los polimetales. El Estado no debe contaminar la vida de nuestros niños y niñas. #ElCambioEsHoy","El cambio para Arica",www.presidentemarco.cl,,"lower_bound: 90000, upper_bound: 99999","lower_bound: 450000, upper_bound: 499999",CLP,"{""age"":""65+"",""gender"":""unknown"",""percentage"":0.000283},{""age"":""18-24"",""gender"":""female"",""percentage"":0.123267},{""age"":""18-24"",""gender"":""male"",""percentage"":0.083176},{""age"":""55-64"",""gender"":""female"",""percentage"":0.061315},{""age"":""25-34"",""gender"":""male"",""percentage"":0.182742},{""age"":""55-64"",""gender"":""male"",""percentage"":0.041128},{""age"":""35-44"",""gender"":""female"",""percentage"":0.072965},{""age"":""45-54"",""gender"":""male"",""percentage"":0.039808},{""age"":""65+"",""gender"":""female"",""percentage"":0.046316},{""age"":""25-34"",""gender"":""unknown"",""percentage"":0.000731},{""age"":""25-34"",""gender"":""female"",""percentage"":0.198684},{""age"":""35-44"",""gender"":""unknown"",""percentage"":0.001179},{""age"":""45-54"",""gender"":""female"",""percentage"":0.044854},{""age"":""65+"",""gender"":""male"",""percentage"":0.033063},{""age"":""18-24"",""gender"":""unknown"",""percentage"":0.00059},{""age"":""45-54"",""gender"":""unknown"",""percentage"":0.000849},{""age"":""55-64"",""gender"":""unknown"",""percentage"":0.000542},{""age"":""35-44"",""gender"":""male"",""percentage"":0.068508}","{""region"":""Arica y Parinacota Region"",""percentage"":0.999952},{""region"":""Los Lagos Region"",""percentage"":2.4e-5},{""region"":""Maule Region"",""percentage"":2.4e-5}","facebook,instagram","lower_bound: 10001, upper_bound: 50000",es
242197437953904,386634201382499,"Marco Enriquez-Ominami",2021-10-18,2021-10-19,2021-11-17,"Partido Progresista de Chile - PRO","Una parte del Royalty tiene que quedar en la Región de Antofagasta, es un abuso lo que pasa hoy. #ElCambioEsHoy","El cambio para Antofagasta",www.presidentemarco.cl,,"lower_bound: 150000, upper_bound: 174999","lower_bound: 450000, upper_bound: 499999",CLP,"{""age"":""45-54"",""gender"":""unknown"",""percentage"":0.000565},{""age"":""45-54"",""gender"":""male"",""percentage"":0.035226},{""age"":""18-24"",""gender"":""unknown"",""percentage"":0.000736},{""age"":""55-64"",""gender"":""female"",""percentage"":0.053102},{""age"":""45-54"",""gender"":""female"",""percentage"":0.037958},{""age"":""25-34"",""gender"":""unknown"",""percentage"":0.001221},{""age"":""65+"",""gender"":""female"",""percentage"":0.034346},{""age"":""35-44"",""gender"":""female"",""percentage"":0.059354},{""age"":""25-34"",""gender"":""female"",""percentage"":0.211083},{""age"":""65+"",""gender"":""unknown"",""percentage"":0.000315},{""age"":""55-64"",""gender"":""male"",""percentage"":0.040073},{""age"":""18-24"",""gender"":""female"",""percentage"":0.147959},{""age"":""35-44"",""gender"":""male"",""percentage"":0.058934},{""age"":""25-34"",""gender"":""male"",""percentage"":0.197817},{""age"":""18-24"",""gender"":""male"",""percentage"":0.095881},{""age"":""65+"",""gender"":""male"",""percentage"":0.024036},{""age"":""35-44"",""gender"":""unknown"",""percentage"":0.000959},{""age"":""55-64"",""gender"":""unknown"",""percentage"":0.000433}","{""region"":""Antofagasta Region"",""percentage"":1}","facebook,instagram","lower_bound: 10001, upper_bound: 50000",es
388864759615073,386634201382499,"Marco Enriquez-Ominami",2021-10-18,2021-10-19,2021-11-17,"Partido Progresista de Chile - PRO","Queremos que el Biobío sea el polo científico y tecnológico de Chile, por su enorme capacidad creativa e industrial. #ElCambioEsHoy","El cambio para Biobío",www.presidentemarco.cl,,"lower_bound: 300000, upper_bound: 349999","lower_bound: 450000, upper_bound: 499999",CLP,"{""age"":""18-24"",""gender"":""unknown"",""percentage"":0.000404},{""age"":""35-44"",""gender"":""female"",""percentage"":0.066218},{""age"":""45-54"",""gender"":""male"",""percentage"":0.042663},{""age"":""55-64"",""gender"":""male"",""percentage"":0.050198},{""age"":""65+"",""gender"":""female"",""percentage"":0.044038},{""age"":""35-44"",""gender"":""male"",""percentage"":0.05255},{""age"":""45-54"",""gender"":""female"",""percentage"":0.060772},{""age"":""18-24"",""gender"":""male"",""percentage"":0.082188},{""age"":""25-34"",""gender"":""male"",""percentage"":0.154097},{""age"":""45-54"",""gender"":""unknown"",""percentage"":0.000584},{""age"":""18-24"",""gender"":""female"",""percentage"":0.142017},{""age"":""25-34"",""gender"":""female"",""percentage"":0.188696},{""age"":""55-64"",""gender"":""female"",""percentage"":0.087317},{""age"":""65+"",""gender"":""unknown"",""percentage"":0.000295},{""age"":""65+"",""gender"":""male"",""percentage"":0.025268},{""age"":""25-34"",""gender"":""unknown"",""percentage"":0.001091},{""age"":""35-44"",""gender"":""unknown"",""percentage"":0.001129},{""age"":""55-64"",""gender"":""unknown"",""percentage"":0.000475}","{""region"":""Valpara\u00edso Region"",""percentage"":5.0e-6},{""region"":""B\u00edo B\u00edo Region"",""percentage"":0.999995}","facebook,instagram","lower_bound: 50001, upper_bound: 100000",es
247089897276620,386634201382499,"Marco Enriquez-Ominami",2021-10-18,2021-10-19,2021-11-17,"Partido Progresista de Chile - PRO","Por una ley de puertos y un nuevo hospital regional para Valparaíso. Construyamos juntos el nuevo Chile con las prioridades de Valparaíso. #ElCambioEsHoy","Un cambio para Valparaíso",www.presidentemarco.cl,,"lower_bound: 250000, upper_bound: 299999","lower_bound: 450000, upper_bound: 499999",CLP,"{""age"":""18-24"",""gender"":""unknown"",""percentage"":0.000648},{""age"":""25-34"",""gender"":""male"",""percentage"":0.154654},{""age"":""55-64"",""gender"":""unknown"",""percentage"":0.000629},{""age"":""25-34"",""gender"":""unknown"",""percentage"":0.001231},{""age"":""65+"",""gender"":""unknown"",""percentage"":0.000373},{""age"":""45-54"",""gender"":""male"",""percentage"":0.032501},{""age"":""65+"",""gender"":""male"",""percentage"":0.029718},{""age"":""45-54"",""gender"":""female"",""percentage"":0.046237},{""age"":""35-44"",""gender"":""female"",""percentage"":0.064616},{""age"":""35-44"",""gender"":""unknown"",""percentage"":0.001316},{""age"":""55-64"",""gender"":""female"",""percentage"":0.080735},{""age"":""25-34"",""gender"":""female"",""percentage"":0.211394},{""age"":""18-24"",""gender"":""male"",""percentage"":0.081102},{""age"":""55-64"",""gender"":""male"",""percentage"":0.04881},{""age"":""18-24"",""gender"":""female"",""percentage"":0.143995},{""age"":""65+"",""gender"":""female"",""percentage"":0.053806},{""age"":""35-44"",""gender"":""male"",""percentage"":0.047488},{""age"":""45-54"",""gender"":""unknown"",""percentage"":0.000746}","{""region"":""Valpara\u00edso Region"",""percentage"":1}","facebook,instagram","lower_bound: 50001, upper_bound: 100000",es
404047117886311,386634201382499,"Marco Enriquez-Ominami",2021-10-15,2021-10-16,2021-10-19,"Partido Progresista de Chile - PRO","¡La Constituyente se defiende! 💪 El 18 de octubre se conmemora, y vamos a conmemorar el fin de la violencia del Estado y el fin del pasado.",,,,"lower_bound: 60000, upper_bound: 69999","lower_bound: 300000, upper_bound: 349999",CLP,"{""age"":""25-34"",""gender"":""unknown"",""percentage"":0.001741},{""age"":""35-44"",""gender"":""female"",""percentage"":0.06862},{""age"":""45-54"",""gender"":""unknown"",""percentage"":0.002348},{""age"":""55-64"",""gender"":""unknown"",""percentage"":0.001725},{""age"":""45-54"",""gender"":""male"",""percentage"":0.110357},{""age"":""55-64"",""gender"":""male"",""percentage"":0.111922},{""age"":""45-54"",""gender"":""female"",""percentage"":0.090694},{""age"":""35-44"",""gender"":""male"",""percentage"":0.107306},{""age"":""55-64"",""gender"":""female"",""percentage"":0.109271},{""age"":""65+"",""gender"":""unknown"",""percentage"":0.001214},{""age"":""65+"",""gender"":""female"",""percentage"":0.065425},{""age"":""18-24"",""gender"":""male"",""percentage"":0.036402},{""age"":""25-34"",""gender"":""female"",""percentage"":0.072613},{""age"":""18-24"",""gender"":""female"",""percentage"":0.028048},{""age"":""65+"",""gender"":""male"",""percentage"":0.063828},{""age"":""25-34"",""gender"":""male"",""percentage"":0.125228},{""age"":""35-44"",""gender"":""unknown"",""percentage"":0.00254},{""age"":""18-24"",""gender"":""unknown"",""percentage"":0.000719}","{""region"":""Unknown"",""percentage"":1.6e-5},{""region"":""Los R\u00edos Region"",""percentage"":0.020551},{""region"":""Arica y Parinacota Region"",""percentage"":0.013104},{""region"":""Valpara\u00edso Region"",""percentage"":0.098551},{""region"":""Ays\u00e9n Region"",""percentage"":0.007862},{""region"":""Antofagasta Region"",""percentage"":0.029484},{""region"":""Araucan\u00eda Region"",""percentage"":0.036036},{""region"":""Atacama Region"",""percentage"":0.022149},{""region"":""B\u00edo B\u00edo Region"",""percentage"":0.086629},{""region"":""Coquimbo Region"",""percentage"":0.041261},{""region"":""O'Higgins Region"",""percentage"":0.039711},{""region"":""Los Lagos Region"",""percentage"":0.041405},{""region"":""Magallanes y la Ant\u00e1rtica Chilena Region"",""percentage"":0.010563},{""region"":""Maule Region"",""percentage"":0.047254},{""region"":""Santiago Metropolitan Region"",""percentage"":0.479585},{""region"":""Tarapac\u00e1 Region"",""percentage"":0.02584}","facebook,instagram","lower_bound: 100001, upper_bound: 500000",es
933229367589567,386634201382499,"Marco Enriquez-Ominami",2021-10-15,2021-10-16,2021-10-17,"Partido Progresista de Chile - PRO","Mi compromiso con los profesores y profesoras de Chile es mayor dignidad, y saldar progresivamente la deuda histórica.",,,,"lower_bound: 4000, upper_bound: 4999","lower_bound: 90000, upper_bound: 99999",CLP,"{""age"":""35-44"",""gender"":""unknown"",""percentage"":0.005932},{""age"":""45-54"",""gender"":""male"",""percentage"":0.104951},{""age"":""65+"",""gender"":""female"",""percentage"":0.007757},{""age"":""65+"",""gender"":""male"",""percentage"":0.012777},{""age"":""45-54"",""gender"":""unknown"",""percentage"":0.00365},{""age"":""18-24"",""gender"":""female"",""percentage"":0.002053},{""age"":""18-24"",""gender"":""male"",""percentage"":0.005476},{""age"":""55-64"",""gender"":""female"",""percentage"":0.064796},{""age"":""35-44"",""gender"":""female"",""percentage"":0.185033},{""age"":""65+"",""gender"":""unknown"",""percentage"":0.000684},{""age"":""45-54"",""gender"":""female"",""percentage"":0.091718},{""age"":""25-34"",""gender"":""female"",""percentage"":0.130276},{""age"":""35-44"",""gender"":""male"",""percentage"":0.209902},{""age"":""55-64"",""gender"":""male"",""percentage"":0.06183},{""age"":""25-34"",""gender"":""male"",""percentage"":0.111339},{""age"":""25-34"",""gender"":""unknown"",""percentage"":0.000913},{""age"":""55-64"",""gender"":""unknown"",""percentage"":0.000913}","{""region"":""Los R\u00edos Region"",""percentage"":0.00425},{""region"":""Arica y Parinacota Region"",""percentage"":0.001566},{""region"":""Valpara\u00edso Region"",""percentage"":0.023261},{""region"":""Ays\u00e9n Region"",""percentage"":0.001566},{""region"":""Antofagasta Region"",""percentage"":0.006039},{""region"":""Araucan\u00eda Region"",""percentage"":0.008276},{""region"":""Atacama Region"",""percentage"":0.001789},{""region"":""B\u00edo B\u00edo Region"",""percentage"":0.021472},{""region"":""Coquimbo Region"",""percentage"":0.010512},{""region"":""O'Higgins Region"",""percentage"":0.011183},{""region"":""Los Lagos Region"",""percentage"":0.008276},{""region"":""Magallanes y la Ant\u00e1rtica Chilena Region"",""percentage"":0.001566},{""region"":""Maule Region"",""percentage"":0.011407},{""region"":""Santiago Metropolitan Region"",""percentage"":0.88459},{""region"":""Tarapac\u00e1 Region"",""percentage"":0.00425}","facebook,instagram","lower_bound: 5001, upper_bound: 10000",es
308739713922855,386634201382499,"Marco Enriquez-Ominami",2021-10-13,2021-10-13,2021-10-15,"Partido Progresista de Chile - PRO","RENUNCIA PIÑERA

Piñera es un problema hoy para Chile. Tiene que renunciar, si ama a Chile tiene que renunciar. 

#DebatePresidencial2021 
#MarcoDebate",,,,"lower_bound: 60000, upper_bound: 69999","lower_bound: 350000, upper_bound: 399999",CLP,"{""age"":""18-24"",""gender"":""unknown"",""percentage"":0.000643},{""age"":""18-24"",""gender"":""female"",""percentage"":0.040378},{""age"":""25-34"",""gender"":""female"",""percentage"":0.094812},{""age"":""18-24"",""gender"":""male"",""percentage"":0.043593},{""age"":""55-64"",""gender"":""male"",""percentage"":0.092179},{""age"":""55-64"",""gender"":""female"",""percentage"":0.095226},{""age"":""45-54"",""gender"":""female"",""percentage"":0.084798},{""age"":""35-44"",""gender"":""female"",""percentage"":0.076683},{""age"":""65+"",""gender"":""female"",""percentage"":0.05543},{""age"":""35-44"",""gender"":""unknown"",""percentage"":0.002618},{""age"":""35-44"",""gender"":""male"",""percentage"":0.112191},{""age"":""25-34"",""gender"":""male"",""percentage"":0.1413},{""age"":""65+"",""gender"":""male"",""percentage"":0.051219},{""age"":""45-54"",""gender"":""male"",""percentage"":0.102407},{""age"":""25-34"",""gender"":""unknown"",""percentage"":0.001623},{""age"":""45-54"",""gender"":""unknown"",""percentage"":0.002251},{""age"":""65+"",""gender"":""unknown"",""percentage"":0.001041},{""age"":""55-64"",""gender"":""unknown"",""percentage"":0.001608}","{""region"":""Los R\u00edos Region"",""percentage"":0.020947},{""region"":""Arica y Parinacota Region"",""percentage"":0.014483},{""region"":""Valpara\u00edso Region"",""percentage"":0.096183},{""region"":""Ays\u00e9n Region"",""percentage"":0.008492},{""region"":""Antofagasta Region"",""percentage"":0.029698},{""region"":""Araucan\u00eda Region"",""percentage"":0.039744},{""region"":""Atacama Region"",""percentage"":0.018371},{""region"":""B\u00edo B\u00edo Region"",""percentage"":0.089658},{""region"":""Coquimbo Region"",""percentage"":0.039058},{""region"":""O'Higgins Region"",""percentage"":0.040187},{""region"":""Los Lagos Region"",""percentage"":0.04348},{""region"":""Magallanes y la Ant\u00e1rtica Chilena Region"",""percentage"":0.012715},{""region"":""Maule Region"",""percentage"":0.048861},{""region"":""Santiago Metropolitan Region"",""percentage"":0.472208},{""region"":""Tarapac\u00e1 Region"",""percentage"":0.025917}","facebook,instagram","lower_bound: 100001, upper_bound: 500000",es
836177017072064,386634201382499,"Marco Enriquez-Ominami",2021-10-13,2021-10-13,2021-10-26,"Partido Progresista de Chile - PRO","¿Quieres aportar a nuestro programa de gobierno?
Súmate y mándanos tu propuesta.,¿Quieres aportar a nuestro programa de gobierno?
Súmate y mándanos tu propuesta.","Mándanos tu propuesta,Mándanos tu propuesta",presidentemarco.cl,"¿Quieres aportar a nuestro programa de gobierno?
Súmate y mándanos tu propuesta.,¿Quieres aportar a nuestro programa de gobierno?
Súmate y mándanos tu propuesta.","lower_bound: 450000, upper_bound: 499999","lower_bound: 1000000",CLP,"{""age"":""18-24"",""gender"":""unknown"",""percentage"":0.000624},{""age"":""25-34"",""gender"":""female"",""percentage"":0.052717},{""age"":""18-24"",""gender"":""male"",""percentage"":0.03391},{""age"":""45-54"",""gender"":""male"",""percentage"":0.108335},{""age"":""45-54"",""gender"":""female"",""percentage"":0.080949},{""age"":""18-24"",""gender"":""female"",""percentage"":0.021566},{""age"":""55-64"",""gender"":""male"",""percentage"":0.117094},{""age"":""65+"",""gender"":""male"",""percentage"":0.08401},{""age"":""65+"",""gender"":""female"",""percentage"":0.091601},{""age"":""25-34"",""gender"":""unknown"",""percentage"":0.00151},{""age"":""55-64"",""gender"":""female"",""percentage"":0.113026},{""age"":""35-44"",""gender"":""male"",""percentage"":0.105113},{""age"":""25-34"",""gender"":""male"",""percentage"":0.11798},{""age"":""35-44"",""gender"":""female"",""percentage"":0.062323},{""age"":""65+"",""gender"":""unknown"",""percentage"":0.001712},{""age"":""35-44"",""gender"":""unknown"",""percentage"":0.002698},{""age"":""45-54"",""gender"":""unknown"",""percentage"":0.00294},{""age"":""55-64"",""gender"":""unknown"",""percentage"":0.001893}","{""region"":""Los R\u00edos Region"",""percentage"":0.020755},{""region"":""Arica y Parinacota Region"",""percentage"":0.012917},{""region"":""Valpara\u00edso Region"",""percentage"":0.096679},{""region"":""Antofagasta Region"",""percentage"":0.025894},{""region"":""Atacama Region"",""percentage"":0.019496},{""region"":""B\u00edo B\u00edo Region"",""percentage"":0.079483},{""region"":""O'Higgins Region"",""percentage"":0.036052},{""region"":""Maule Region"",""percentage"":0.036992},{""region"":""Santiago Metropolitan Region"",""percentage"":0.511967},{""region"":""Ays\u00e9n Region"",""percentage"":0.006659},{""region"":""Araucan\u00eda Region"",""percentage"":0.034972},{""region"":""Coquimbo Region"",""percentage"":0.038711},{""region"":""Los Lagos Region"",""percentage"":0.041231},{""region"":""Magallanes y la Ant\u00e1rtica Chilena Region"",""percentage"":0.010478},{""region"":""Tarapac\u00e1 Region"",""percentage"":0.027714}","facebook,instagram","lower_bound: 50001, upper_bound: 100000",es
560003761751298,386634201382499,"Marco Enriquez-Ominami",2021-10-13,2021-10-13,2021-10-25,"Partido Progresista de Chile - PRO","Súmate a la campaña que quiere cambiar Chile 💪,Súmate a la campaña que quiere cambiar Chile 💪","¡Súmate!,¡Súmate!",presidentemarco.cl,"Súmate a la campaña que quiere cambiar Chile 💪,Súmate a la campaña que quiere cambiar Chile 💪","lower_bound: 125000, upper_bound: 149999","lower_bound: 500000, upper_bound: 599999",CLP,"{""age"":""25-34"",""gender"":""unknown"",""percentage"":0.000659},{""age"":""35-44"",""gender"":""unknown"",""percentage"":0.000687},{""age"":""65+"",""gender"":""unknown"",""percentage"":0.000773},{""age"":""45-54"",""gender"":""unknown"",""percentage"":0.000659},{""age"":""18-24"",""gender"":""unknown"",""percentage"":0.00043},{""age"":""35-44"",""gender"":""female"",""percentage"":0.025572},{""age"":""35-44"",""gender"":""male"",""percentage"":0.031586},{""age"":""55-64"",""gender"":""male"",""percentage"":0.073194},{""age"":""55-64"",""gender"":""female"",""percentage"":0.109619},{""age"":""65+"",""gender"":""female"",""percentage"":0.10455},{""age"":""45-54"",""gender"":""female"",""percentage"":0.043584},{""age"":""25-34"",""gender"":""male"",""percentage"":0.094528},{""age"":""25-34"",""gender"":""female"",""percentage"":0.133387},{""age"":""18-24"",""gender"":""female"",""percentage"":0.207669},{""age"":""18-24"",""gender"":""male"",""percentage"":0.078692},{""age"":""65+"",""gender"":""male"",""percentage"":0.057329},{""age"":""45-54"",""gender"":""male"",""percentage"":0.036396},{""age"":""55-64"",""gender"":""unknown"",""percentage"":0.000687}","{""region"":""Los R\u00edos Region"",""percentage"":0.038192},{""region"":""Arica y Parinacota Region"",""percentage"":0.022029},{""region"":""Valpara\u00edso Region"",""percentage"":0.10218},{""region"":""Ays\u00e9n Region"",""percentage"":0.010353},{""region"":""Antofagasta Region"",""percentage"":0.050155},{""region"":""Araucan\u00eda Region"",""percentage"":0.10681},{""region"":""Atacama Region"",""percentage"":0.024244},{""region"":""B\u00edo B\u00edo Region"",""percentage"":0.203325},{""region"":""Coquimbo Region"",""percentage"":0.05723},{""region"":""O'Higgins Region"",""percentage"":0.052082},{""region"":""Los Lagos Region"",""percentage"":0.078166},{""region"":""Magallanes y la Ant\u00e1rtica Chilena Region"",""percentage"":0.027867},{""region"":""Maule Region"",""percentage"":0.094904},{""region"":""Santiago Metropolitan Region"",""percentage"":0.101864},{""region"":""Tarapac\u00e1 Region"",""percentage"":0.030599}","facebook,instagram","lower_bound: 500001, upper_bound: 1000000",es
404081078004227,386634201382499,"Marco Enriquez-Ominami",2021-10-12,2021-10-13,2021-10-14,"Partido Progresista de Chile - PRO","RENUNCIA PIÑERA

Piñera es un problema hoy para Chile. Tiene que renunciar, si ama a Chile tiene que renunciar. 

#DebatePresidencial2021 
#MarcoDebate",,,,"lower_bound: 15000, upper_bound: 19999","lower_bound: 125000, upper_bound: 149999",CLP,"{""age"":""18-24"",""gender"":""unknown"",""percentage"":0.000168},{""age"":""65+"",""gender"":""female"",""percentage"":0.060533},{""age"":""25-34"",""gender"":""unknown"",""percentage"":0.00084},{""age"":""35-44"",""gender"":""unknown"",""percentage"":0.000728},{""age"":""65+"",""gender"":""unknown"",""percentage"":0.000336},{""age"":""45-54"",""gender"":""unknown"",""percentage"":0.001176},{""age"":""25-34"",""gender"":""female"",""percentage"":0.092732},{""age"":""65+"",""gender"":""male"",""percentage"":0.058013},{""age"":""55-64"",""gender"":""female"",""percentage"":0.12465},{""age"":""18-24"",""gender"":""male"",""percentage"":0.025031},{""age"":""55-64"",""gender"":""male"",""percentage"":0.117538},{""age"":""18-24"",""gender"":""female"",""percentage"":0.025703},{""age"":""25-34"",""gender"":""male"",""percentage"":0.105387},{""age"":""45-54"",""gender"":""female"",""percentage"":0.115634},{""age"":""35-44"",""gender"":""male"",""percentage"":0.082708},{""age"":""35-44"",""gender"":""female"",""percentage"":0.072125},{""age"":""45-54"",""gender"":""male"",""percentage"":0.115858},{""age"":""55-64"",""gender"":""unknown"",""percentage"":0.00084}","{""region"":""Los R\u00edos Region"",""percentage"":0.020175},{""region"":""Arica y Parinacota Region"",""percentage"":0.014066},{""region"":""Valpara\u00edso Region"",""percentage"":0.107879},{""region"":""Ays\u00e9n Region"",""percentage"":0.011769},{""region"":""Antofagasta Region"",""percentage"":0.041022},{""region"":""Araucan\u00eda Region"",""percentage"":0.042535},{""region"":""Atacama Region"",""percentage"":0.033625},{""region"":""B\u00edo B\u00edo Region"",""percentage"":0.110401},{""region"":""Coquimbo Region"",""percentage"":0.052511},{""region"":""O'Higgins Region"",""percentage"":0.051502},{""region"":""Los Lagos Region"",""percentage"":0.048027},{""region"":""Magallanes y la Ant\u00e1rtica Chilena Region"",""percentage"":0.012553},{""region"":""Maule Region"",""percentage"":0.075824},{""region"":""Santiago Metropolitan Region"",""percentage"":0.360681},{""region"":""Tarapac\u00e1 Region"",""percentage"":0.017429}","facebook,instagram","lower_bound: 10001, upper_bound: 50000",es
640423247340273,386634201382499,"Marco Enriquez-Ominami",2021-10-12,2021-10-12,2021-10-16,"Partido Progresista de Chile - PRO","CUARTO RETIRO

Hay algunos nuevos economistas que son igual de conservadores que los de los últimos 30 años. La inflación no se combate con letra chica en el cuarto retiro. La inflación es transitoria y tiene solución.",,,,"lower_bound: 35000, upper_bound: 39999","lower_bound: 100000, upper_bound: 124999",CLP,"{""age"":""55-64"",""gender"":""unknown"",""percentage"":0.001761},{""age"":""55-64"",""gender"":""male"",""percentage"":0.113968},{""age"":""25-34"",""gender"":""unknown"",""percentage"":0.001707},{""age"":""45-54"",""gender"":""unknown"",""percentage"":0.002574},{""age"":""18-24"",""gender"":""unknown"",""percentage"":0.00065},{""age"":""55-64"",""gender"":""female"",""percentage"":0.105082},{""age"":""35-44"",""gender"":""male"",""percentage"":0.120794},{""age"":""25-34"",""gender"":""male"",""percentage"":0.132822},{""age"":""45-54"",""gender"":""male"",""percentage"":0.116487},{""age"":""35-44"",""gender"":""unknown"",""percentage"":0.002709},{""age"":""65+"",""gender"":""male"",""percentage"":0.061819},{""age"":""18-24"",""gender"":""male"",""percentage"":0.036571},{""age"":""45-54"",""gender"":""female"",""percentage"":0.086363},{""age"":""35-44"",""gender"":""female"",""percentage"":0.070813},{""age"":""65+"",""gender"":""female"",""percentage"":0.063011},{""age"":""25-34"",""gender"":""female"",""percentage"":0.059761},{""age"":""18-24"",""gender"":""female"",""percentage"":0.021997},{""age"":""65+"",""gender"":""unknown"",""percentage"":0.001111}","{""region"":""Los R\u00edos Region"",""percentage"":0.021576},{""region"":""Arica y Parinacota Region"",""percentage"":0.013475},{""region"":""Valpara\u00edso Region"",""percentage"":0.096646},{""region"":""Ays\u00e9n Region"",""percentage"":0.007264},{""region"":""Antofagasta Region"",""percentage"":0.026437},{""region"":""Araucan\u00eda Region"",""percentage"":0.034457},{""region"":""Atacama Region"",""percentage"":0.019875},{""region"":""B\u00edo B\u00edo Region"",""percentage"":0.084224},{""region"":""Coquimbo Region"",""percentage"":0.040506},{""region"":""O'Higgins Region"",""percentage"":0.036968},{""region"":""Los Lagos Region"",""percentage"":0.043881},{""region"":""Magallanes y la Ant\u00e1rtica Chilena Region"",""percentage"":0.011099},{""region"":""Maule Region"",""percentage"":0.037751},{""region"":""Santiago Metropolitan Region"",""percentage"":0.495517},{""region"":""Tarapac\u00e1 Region"",""percentage"":0.030325}",facebook,"lower_bound: 50001, upper_bound: 100000",es
197420589133233,386634201382499,"Marco Enriquez-Ominami",2021-10-12,2021-10-13,2021-10-13,"Partido Progresista de Chile - PRO","Hay algunos nuevos economistas que son igual de conservadores que los de los últimos 30 años. La inflación no se combate con letra chica en el cuarto retiro. La inflación es transitoria y tiene solución.

#cuartoretiro10xciento #CuartoRetiroSinLetraChica",,,,"lower_bound: 3000, upper_bound: 3999","lower_bound: 10000, upper_bound: 14999",CLP,"{""age"":""65+"",""gender"":""unknown"",""percentage"":0.000301},{""age"":""55-64"",""gender"":""female"",""percentage"":0.050557},{""age"":""55-64"",""gender"":""male"",""percentage"":0.02588},{""age"":""35-44"",""gender"":""female"",""percentage"":0.063798},{""age"":""25-34"",""gender"":""female"",""percentage"":0.211556},{""age"":""25-34"",""gender"":""male"",""percentage"":0.177851},{""age"":""18-24"",""gender"":""male"",""percentage"":0.124285},{""age"":""18-24"",""gender"":""female"",""percentage"":0.167018},{""age"":""35-44"",""gender"":""male"",""percentage"":0.043334},{""age"":""45-54"",""gender"":""unknown"",""percentage"":0.001204},{""age"":""45-54"",""gender"":""female"",""percentage"":0.047547},{""age"":""45-54"",""gender"":""male"",""percentage"":0.031899},{""age"":""65+"",""gender"":""female"",""percentage"":0.027084},{""age"":""65+"",""gender"":""male"",""percentage"":0.020163},{""age"":""18-24"",""gender"":""unknown"",""percentage"":0.001806},{""age"":""55-64"",""gender"":""unknown"",""percentage"":0.000903},{""age"":""25-34"",""gender"":""unknown"",""percentage"":0.002107},{""age"":""35-44"",""gender"":""unknown"",""percentage"":0.002708}","{""region"":""Los R\u00edos Region"",""percentage"":0.021505},{""region"":""Arica y Parinacota Region"",""percentage"":0.010753},{""region"":""Valpara\u00edso Region"",""percentage"":0.102449},{""region"":""Ays\u00e9n Region"",""percentage"":0.008065},{""region"":""Antofagasta Region"",""percentage"":0.025986},{""region"":""Araucan\u00eda Region"",""percentage"":0.039427},{""region"":""Atacama Region"",""percentage"":0.022103},{""region"":""B\u00edo B\u00edo Region"",""percentage"":0.095878},{""region"":""Coquimbo Region"",""percentage"":0.035245},{""region"":""O'Higgins Region"",""percentage"":0.039725},{""region"":""Los Lagos Region"",""percentage"":0.048387},{""region"":""Magallanes y la Ant\u00e1rtica Chilena Region"",""percentage"":0.008662},{""region"":""Maule Region"",""percentage"":0.040024},{""region"":""Santiago Metropolitan Region"",""percentage"":0.459677},{""region"":""Tarapac\u00e1 Region"",""percentage"":0.042115}",instagram,"lower_bound: 10001, upper_bound: 50000",es
170708438562318,386634201382499,"Marco Enriquez-Ominami",2021-10-12,2021-10-13,2021-10-15,"Partido Progresista de Chile - PRO",,"Las mujeres han sido las más afectadas por la crisis y la pandemia,Propongo una Renta Básica Universal para ellas de 6 meses,No solo es justo, es el primer paso para saldar la deuda que tiene Chile con ellas.,En sus espaldas han sostenido la economía y los cuidados en Chile.,ElCambioEsHoy #MarcoPresidente","presidentemarco.cl,presidentemarco.cl,presidentemarco.cl,presidentemarco.cl,presidentemarco.cl",,"lower_bound: 50000, upper_bound: 59999","lower_bound: 300000, upper_bound: 349999",CLP,"{""age"":""65+"",""gender"":""unknown"",""percentage"":0.001425},{""age"":""65+"",""gender"":""male"",""percentage"":0.060044},{""age"":""25-34"",""gender"":""unknown"",""percentage"":0.00194},{""age"":""18-24"",""gender"":""unknown"",""percentage"":0.000807},{""age"":""35-44"",""gender"":""female"",""percentage"":0.075665},{""age"":""18-24"",""gender"":""male"",""percentage"":0.040287},{""age"":""35-44"",""gender"":""male"",""percentage"":0.119453},{""age"":""45-54"",""gender"":""female"",""percentage"":0.083303},{""age"":""18-24"",""gender"":""female"",""percentage"":0.028082},{""age"":""35-44"",""gender"":""unknown"",""percentage"":0.00321},{""age"":""55-64"",""gender"":""male"",""percentage"":0.099885},{""age"":""65+"",""gender"":""female"",""percentage"":0.060491},{""age"":""25-34"",""gender"":""female"",""percentage"":0.078343},{""age"":""45-54"",""gender"":""male"",""percentage"":0.107094},{""age"":""25-34"",""gender"":""male"",""percentage"":0.141562},{""age"":""55-64"",""gender"":""female"",""percentage"":0.093688},{""age"":""45-54"",""gender"":""unknown"",""percentage"":0.002849},{""age"":""55-64"",""gender"":""unknown"",""percentage"":0.001871}","{""region"":""Los R\u00edos Region"",""percentage"":0.020222},{""region"":""Arica y Parinacota Region"",""percentage"":0.012465},{""region"":""Valpara\u00edso Region"",""percentage"":0.095493},{""region"":""Ays\u00e9n Region"",""percentage"":0.0069},{""region"":""Antofagasta Region"",""percentage"":0.026814},{""region"":""Araucan\u00eda Region"",""percentage"":0.033269},{""region"":""Atacama Region"",""percentage"":0.019246},{""region"":""B\u00edo B\u00edo Region"",""percentage"":0.079466},{""region"":""Coquimbo Region"",""percentage"":0.038303},{""region"":""O'Higgins Region"",""percentage"":0.034999},{""region"":""Los Lagos Region"",""percentage"":0.041266},{""region"":""Magallanes y la Ant\u00e1rtica Chilena Region"",""percentage"":0.010565},{""region"":""Maule Region"",""percentage"":0.036129},{""region"":""Santiago Metropolitan Region"",""percentage"":0.518013},{""region"":""Tarapac\u00e1 Region"",""percentage"":0.026848}","facebook,instagram","lower_bound: 50001, upper_bound: 100000",es
437207584403534,386634201382499,"Marco Enriquez-Ominami",2021-10-08,2021-10-09,2021-10-26,"Partido Progresista de Chile - PRO","¡No al impuesto específico de los combustibles en pandemia! #ElCambioEsHoy","No más alzas en los combustibles",presidentemarco.cl,"¡No al impuesto específico de los combustibles en pandemia! #ElCambioEsHoy","lower_bound: 175000, upper_bound: 199999","lower_bound: 175000, upper_bound: 199999",CLP,"{""age"":""55-64"",""gender"":""male"",""percentage"":0.013202},{""age"":""55-64"",""gender"":""female"",""percentage"":0.018281},{""age"":""45-54"",""gender"":""male"",""percentage"":0.146044},{""age"":""35-44"",""gender"":""male"",""percentage"":0.177241},{""age"":""25-34"",""gender"":""male"",""percentage"":0.15388},{""age"":""35-44"",""gender"":""female"",""percentage"":0.17735},{""age"":""25-34"",""gender"":""female"",""percentage"":0.138946},{""age"":""45-54"",""gender"":""female"",""percentage"":0.169956},{""age"":""35-44"",""gender"":""unknown"",""percentage"":0.002835},{""age"":""25-34"",""gender"":""unknown"",""percentage"":0.000689},{""age"":""45-54"",""gender"":""unknown"",""percentage"":0.001477},{""age"":""55-64"",""gender"":""unknown"",""percentage"":9.8e-5}","{""region"":""Los R\u00edos Region"",""percentage"":0.005578},{""region"":""Arica y Parinacota Region"",""percentage"":0.002698},{""region"":""Valpara\u00edso Region"",""percentage"":0.025296},{""region"":""Ays\u00e9n Region"",""percentage"":0.001478},{""region"":""Antofagasta Region"",""percentage"":0.007104},{""region"":""Araucan\u00eda Region"",""percentage"":0.016425},{""region"":""Atacama Region"",""percentage"":0.003456},{""region"":""B\u00edo B\u00edo Region"",""percentage"":0.030403},{""region"":""Coquimbo Region"",""percentage"":0.01031},{""region"":""O'Higgins Region"",""percentage"":0.01704},{""region"":""Los Lagos Region"",""percentage"":0.011328},{""region"":""Magallanes y la Ant\u00e1rtica Chilena Region"",""percentage"":0.002352},{""region"":""Maule Region"",""percentage"":0.022233},{""region"":""Santiago Metropolitan Region"",""percentage"":0.840546},{""region"":""Tarapac\u00e1 Region"",""percentage"":0.003754}","facebook,instagram","lower_bound: 100001, upper_bound: 500000",es
1142987489563507,386634201382499,"Marco Enriquez-Ominami",2021-10-08,2021-10-08,2021-10-12,"Partido Progresista de Chile - PRO","La posible #ColusiónDelGas nos confirma que el mercado es enemigo del mercado. Urge regulación para más y mejor mercado. Basta de abusos, proponemos cárcel efectiva para empresarios que se coludan.",,,,"lower_bound: 90000, upper_bound: 99999","lower_bound: 175000, upper_bound: 199999",CLP,"{""age"":""55-64"",""gender"":""unknown"",""percentage"":5.6e-5},{""age"":""55-64"",""gender"":""female"",""percentage"":0.006996},{""age"":""65+"",""gender"":""male"",""percentage"":0.003098},{""age"":""18-24"",""gender"":""unknown"",""percentage"":0.000822},{""age"":""45-54"",""gender"":""male"",""percentage"":0.00285},{""age"":""25-34"",""gender"":""female"",""percentage"":0.31029},{""age"":""18-24"",""gender"":""female"",""percentage"":0.335617},{""age"":""18-24"",""gender"":""male"",""percentage"":0.149062},{""age"":""25-34"",""gender"":""male"",""percentage"":0.143305},{""age"":""45-54"",""gender"":""unknown"",""percentage"":6.8e-5},{""age"":""35-44"",""gender"":""male"",""percentage"":0.009362},{""age"":""35-44"",""gender"":""female"",""percentage"":0.022825},{""age"":""45-54"",""gender"":""female"",""percentage"":0.008179},{""age"":""65+"",""gender"":""female"",""percentage"":0.00427},{""age"":""55-64"",""gender"":""male"",""percentage"":0.001893},{""age"":""65+"",""gender"":""unknown"",""percentage"":0.000135},{""age"":""35-44"",""gender"":""unknown"",""percentage"":0.000259},{""age"":""25-34"",""gender"":""unknown"",""percentage"":0.000913}","{""region"":""Los R\u00edos Region"",""percentage"":0.034125},{""region"":""Arica y Parinacota Region"",""percentage"":0.022116},{""region"":""Valpara\u00edso Region"",""percentage"":0.102175},{""region"":""Ays\u00e9n Region"",""percentage"":0.009804},{""region"":""Antofagasta Region"",""percentage"":0.05576},{""region"":""Araucan\u00eda Region"",""percentage"":0.097731},{""region"":""Atacama Region"",""percentage"":0.026291},{""region"":""B\u00edo B\u00edo Region"",""percentage"":0.202088},{""region"":""Coquimbo Region"",""percentage"":0.051697},{""region"":""O'Higgins Region"",""percentage"":0.067546},{""region"":""Los Lagos Region"",""percentage"":0.074675},{""region"":""Magallanes y la Ant\u00e1rtica Chilena Region"",""percentage"":0.02093},{""region"":""Maule Region"",""percentage"":0.095694},{""region"":""Santiago Metropolitan Region"",""percentage"":0.10898},{""region"":""Tarapac\u00e1 Region"",""percentage"":0.030387}",instagram,"lower_bound: 100001, upper_bound: 500000",es
1109850459822092,386634201382499,"Marco Enriquez-Ominami",2021-10-08,2021-10-08,2021-10-12,"Partido Progresista de Chile - PRO","La posible #ColusiónDelGas nos confirma que el mercado es enemigo del mercado. Urge regulación para más y mejor mercado. Basta de abusos, proponemos cárcel efectiva para empresarios que se coludan.",,,,"lower_bound: 80000, upper_bound: 89999","lower_bound: 175000, upper_bound: 199999",CLP,"{""age"":""55-64"",""gender"":""unknown"",""percentage"":0.000607},{""age"":""18-24"",""gender"":""female"",""percentage"":0.099939},{""age"":""18-24"",""gender"":""unknown"",""percentage"":0.000364},{""age"":""65+"",""gender"":""unknown"",""percentage"":0.000303},{""age"":""65+"",""gender"":""male"",""percentage"":0.02192},{""age"":""35-44"",""gender"":""female"",""percentage"":0.061719},{""age"":""25-34"",""gender"":""female"",""percentage"":0.219833},{""age"":""25-34"",""gender"":""unknown"",""percentage"":0.001408},{""age"":""55-64"",""gender"":""male"",""percentage"":0.047712},{""age"":""45-54"",""gender"":""unknown"",""percentage"":0.000825},{""age"":""65+"",""gender"":""female"",""percentage"":0.037941},{""age"":""25-34"",""gender"":""male"",""percentage"":0.182546},{""age"":""35-44"",""gender"":""male"",""percentage"":0.051693},{""age"":""45-54"",""gender"":""male"",""percentage"":0.044192},{""age"":""45-54"",""gender"":""female"",""percentage"":0.071198},{""age"":""18-24"",""gender"":""male"",""percentage"":0.069948},{""age"":""55-64"",""gender"":""female"",""percentage"":0.086795},{""age"":""35-44"",""gender"":""unknown"",""percentage"":0.001056}","{""region"":""Los R\u00edos Region"",""percentage"":0.040159},{""region"":""Arica y Parinacota Region"",""percentage"":0.024156},{""region"":""Valpara\u00edso Region"",""percentage"":0.07666},{""region"":""Ays\u00e9n Region"",""percentage"":0.010037},{""region"":""Antofagasta Region"",""percentage"":0.065676},{""region"":""Araucan\u00eda Region"",""percentage"":0.139687},{""region"":""Atacama Region"",""percentage"":0.025225},{""region"":""B\u00edo B\u00edo Region"",""percentage"":0.20489},{""region"":""Coquimbo Region"",""percentage"":0.050439},{""region"":""O'Higgins Region"",""percentage"":0.052711},{""region"":""Los Lagos Region"",""percentage"":0.088653},{""region"":""Magallanes y la Ant\u00e1rtica Chilena Region"",""percentage"":0.022455},{""region"":""Maule Region"",""percentage"":0.104413},{""region"":""Santiago Metropolitan Region"",""percentage"":0.062359},{""region"":""Tarapac\u00e1 Region"",""percentage"":0.03248}",facebook,"lower_bound: 100001, upper_bound: 500000",es
556780708758583,386634201382499,"Marco Enriquez-Ominami",2021-10-07,2021-10-07,2021-10-10,"Partido Progresista de Chile - PRO","Ley de rentas regionales
¡Avancemos en justicia territorial!,Ley de rentas regionales
¡Avancemos en justicia territorial!","Ley de Rentas Regionales,Ley de Rentas Regionales",presidentemarco.cl,"Ley de rentas regionales
¡Avancemos en justicia territorial!,Ley de rentas regionales
¡Avancemos en justicia territorial!","lower_bound: 70000, upper_bound: 79999","lower_bound: 500000, upper_bound: 599999",CLP,"{""age"":""25-34"",""gender"":""male"",""percentage"":0.167175},{""age"":""55-64"",""gender"":""male"",""percentage"":0.056389},{""age"":""25-34"",""gender"":""unknown"",""percentage"":0.001729},{""age"":""65+"",""gender"":""male"",""percentage"":0.034161},{""age"":""18-24"",""gender"":""female"",""percentage"":0.012352},{""age"":""18-24"",""gender"":""male"",""percentage"":0.01374},{""age"":""45-54"",""gender"":""female"",""percentage"":0.098775},{""age"":""35-44"",""gender"":""male"",""percentage"":0.1067},{""age"":""65+"",""gender"":""unknown"",""percentage"":0.000393},{""age"":""25-34"",""gender"":""female"",""percentage"":0.167215},{""age"":""35-44"",""gender"":""unknown"",""percentage"":0.003288},{""age"":""45-54"",""gender"":""unknown"",""percentage"":0.001821},{""age"":""55-64"",""gender"":""unknown"",""percentage"":0.000747},{""age"":""65+"",""gender"":""female"",""percentage"":0.053573},{""age"":""55-64"",""gender"":""female"",""percentage"":0.080582},{""age"":""35-44"",""gender"":""female"",""percentage"":0.120322},{""age"":""45-54"",""gender"":""male"",""percentage"":0.080961},{""age"":""18-24"",""gender"":""unknown"",""percentage"":7.9e-5}","{""region"":""Los R\u00edos Region"",""percentage"":0.004045},{""region"":""B\u00edo B\u00edo Region"",""percentage"":0.842632},{""region"":""Arica y Parinacota Region"",""percentage"":0.001765},{""region"":""Valpara\u00edso Region"",""percentage"":0.016045},{""region"":""Ays\u00e9n Region"",""percentage"":0.001425},{""region"":""Antofagasta Region"",""percentage"":0.006624},{""region"":""Araucan\u00eda Region"",""percentage"":0.010832},{""region"":""Atacama Region"",""percentage"":0.002728},{""region"":""Coquimbo Region"",""percentage"":0.004697},{""region"":""O'Higgins Region"",""percentage"":0.007642},{""region"":""Los Lagos Region"",""percentage"":0.009054},{""region"":""Magallanes y la Ant\u00e1rtica Chilena Region"",""percentage"":0.002769},{""region"":""Maule Region"",""percentage"":0.011253},{""region"":""Santiago Metropolitan Region"",""percentage"":0.075189},{""region"":""Tarapac\u00e1 Region"",""percentage"":0.003299}","facebook,instagram","lower_bound: 100001, upper_bound: 500000",es
2653079568332995,386634201382499,"Marco Enriquez-Ominami",2021-10-07,2021-10-07,2021-10-10,"Partido Progresista de Chile - PRO","Proponemos construir en 2 años la Ruta Costera, para resolver los problemas de conectividad de la Ruta Sur Biobío que conecta 500 mil habitantes. ¡El cambio es hoy!,Proponemos construir en 2 años la Ruta Costera, para resolver los problemas de conectividad de la Ruta Sur Biobío que conecta 500 mil habitantes. ¡El cambio es hoy!","Construyamos la Ruta Costera,Construyamos la Ruta Costera",presidentemarco.cl,"Proponemos construir en 2 años la Ruta Costera, para resolver los problemas de conectividad de la Ruta Sur Biobío que conecta 500 mil habitantes. ¡El cambio es hoy!,Proponemos construir en 2 años la Ruta Costera, para resolver los problemas de conectividad de la Ruta Sur Biobío que conecta 500 mil habitantes. ¡El cambio es hoy!","lower_bound: 50000, upper_bound: 59999","lower_bound: 500000, upper_bound: 599999",CLP,"{""age"":""18-24"",""gender"":""unknown"",""percentage"":0.000119},{""age"":""35-44"",""gender"":""male"",""percentage"":0.105707},{""age"":""35-44"",""gender"":""unknown"",""percentage"":0.003285},{""age"":""55-64"",""gender"":""female"",""percentage"":0.082177},{""age"":""35-44"",""gender"":""female"",""percentage"":0.118966},{""age"":""25-34"",""gender"":""female"",""percentage"":0.156929},{""age"":""25-34"",""gender"":""male"",""percentage"":0.15456},{""age"":""65+"",""gender"":""male"",""percentage"":0.037326},{""age"":""45-54"",""gender"":""male"",""percentage"":0.082496},{""age"":""25-34"",""gender"":""unknown"",""percentage"":0.001513},{""age"":""45-54"",""gender"":""female"",""percentage"":0.107181},{""age"":""55-64"",""gender"":""male"",""percentage"":0.0601},{""age"":""18-24"",""gender"":""female"",""percentage"":0.012502},{""age"":""45-54"",""gender"":""unknown"",""percentage"":0.00217},{""age"":""18-24"",""gender"":""male"",""percentage"":0.013457},{""age"":""65+"",""gender"":""female"",""percentage"":0.06018},{""age"":""55-64"",""gender"":""unknown"",""percentage"":0.000876},{""age"":""65+"",""gender"":""unknown"",""percentage"":0.000458}","{""region"":""Los R\u00edos Region"",""percentage"":0.004024},{""region"":""Arica y Parinacota Region"",""percentage"":0.001753},{""region"":""Valpara\u00edso Region"",""percentage"":0.015321},{""region"":""Ays\u00e9n Region"",""percentage"":0.001415},{""region"":""Antofagasta Region"",""percentage"":0.006037},{""region"":""Araucan\u00eda Region"",""percentage"":0.01048},{""region"":""Atacama Region"",""percentage"":0.002431},{""region"":""B\u00edo B\u00edo Region"",""percentage"":0.848684},{""region"":""Coquimbo Region"",""percentage"":0.004224},{""region"":""O'Higgins Region"",""percentage"":0.006774},{""region"":""Los Lagos Region"",""percentage"":0.008627},{""region"":""Magallanes y la Ant\u00e1rtica Chilena Region"",""percentage"":0.00265},{""region"":""Maule Region"",""percentage"":0.010739},{""region"":""Santiago Metropolitan Region"",""percentage"":0.073516},{""region"":""Tarapac\u00e1 Region"",""percentage"":0.003307},{""region"":""Unknown"",""percentage"":2.0e-5}","facebook,instagram","lower_bound: 100001, upper_bound: 500000",es
2970892873167600,386634201382499,"Marco Enriquez-Ominami",2021-10-07,2021-10-07,2021-10-10,"Partido Progresista de Chile - PRO","Más inversión para el puerto de Talcahuano ✊
Misma inversión pública que la del puerto de San Antonio.","Más inversión para el puerto de Talcahuano",presidentemarco.cl,"Más inversión para el puerto de Talcahuano ✊
Misma inversión pública que la del puerto de San Antonio.","lower_bound: 50000, upper_bound: 59999","lower_bound: 500000, upper_bound: 599999",CLP,"{""age"":""25-34"",""gender"":""unknown"",""percentage"":0.001595},{""age"":""25-34"",""gender"":""female"",""percentage"":0.160081},{""age"":""55-64"",""gender"":""unknown"",""percentage"":0.000875},{""age"":""65+"",""gender"":""unknown"",""percentage"":0.000525},{""age"":""65+"",""gender"":""male"",""percentage"":0.037706},{""age"":""18-24"",""gender"":""female"",""percentage"":0.010832},{""age"":""45-54"",""gender"":""female"",""percentage"":0.102287},{""age"":""55-64"",""gender"":""female"",""percentage"":0.084649},{""age"":""35-44"",""gender"":""female"",""percentage"":0.12148},{""age"":""35-44"",""gender"":""unknown"",""percentage"":0.003267},{""age"":""65+"",""gender"":""female"",""percentage"":0.055733},{""age"":""25-34"",""gender"":""male"",""percentage"":0.1559},{""age"":""55-64"",""gender"":""male"",""percentage"":0.058339},{""age"":""45-54"",""gender"":""male"",""percentage"":0.083191},{""age"":""45-54"",""gender"":""unknown"",""percentage"":0.002139},{""age"":""35-44"",""gender"":""male"",""percentage"":0.109054},{""age"":""18-24"",""gender"":""male"",""percentage"":0.012271},{""age"":""18-24"",""gender"":""unknown"",""percentage"":7.8e-5}","{""region"":""Los R\u00edos Region"",""percentage"":0.003707},{""region"":""Arica y Parinacota Region"",""percentage"":0.001688},{""region"":""Valpara\u00edso Region"",""percentage"":0.014923},{""region"":""Ays\u00e9n Region"",""percentage"":0.001242},{""region"":""Antofagasta Region"",""percentage"":0.007141},{""region"":""Araucan\u00eda Region"",""percentage"":0.010052},{""region"":""Atacama Region"",""percentage"":0.002717},{""region"":""B\u00edo B\u00edo Region"",""percentage"":0.848712},{""region"":""Coquimbo Region"",""percentage"":0.004366},{""region"":""O'Higgins Region"",""percentage"":0.007432},{""region"":""Los Lagos Region"",""percentage"":0.00883},{""region"":""Magallanes y la Ant\u00e1rtica Chilena Region"",""percentage"":0.00227},{""region"":""Maule Region"",""percentage"":0.009567},{""region"":""Santiago Metropolitan Region"",""percentage"":0.074344},{""region"":""Tarapac\u00e1 Region"",""percentage"":0.003008}","facebook,instagram","lower_bound: 100001, upper_bound: 500000",es
252411193498177,386634201382499,"Marco Enriquez-Ominami",2021-10-06,2021-10-07,2021-10-26,"Partido Progresista de Chile - PRO","¿Cómo vamos a fortalecer el empleo joven? La reactivación económica será con la juventud.","Subsidio al empleo joven",presidentemarco.cl,"¿Cómo vamos a fortalecer el empleo joven? La reactivación económica será con la juventud.","lower_bound: 70000, upper_bound: 79999","lower_bound: 175000, upper_bound: 199999",CLP,"{""age"":""25-34"",""gender"":""unknown"",""percentage"":0.001613},{""age"":""18-24"",""gender"":""male"",""percentage"":0.04966},{""age"":""25-34"",""gender"":""male"",""percentage"":0.45752},{""age"":""25-34"",""gender"":""female"",""percentage"":0.456907},{""age"":""18-24"",""gender"":""female"",""percentage"":0.034236},{""age"":""18-24"",""gender"":""unknown"",""percentage"":6.5e-5}","{""region"":""Los R\u00edos Region"",""percentage"":0.005676},{""region"":""Arica y Parinacota Region"",""percentage"":0.002914},{""region"":""Valpara\u00edso Region"",""percentage"":0.025525},{""region"":""Ays\u00e9n Region"",""percentage"":0.001074},{""region"":""Antofagasta Region"",""percentage"":0.008774},{""region"":""Araucan\u00eda Region"",""percentage"":0.014419},{""region"":""Atacama Region"",""percentage"":0.003221},{""region"":""B\u00edo B\u00edo Region"",""percentage"":0.029482},{""region"":""Coquimbo Region"",""percentage"":0.011259},{""region"":""O'Higgins Region"",""percentage"":0.017333},{""region"":""Los Lagos Region"",""percentage"":0.010952},{""region"":""Magallanes y la Ant\u00e1rtica Chilena Region"",""percentage"":0.002209},{""region"":""Maule Region"",""percentage"":0.019726},{""region"":""Santiago Metropolitan Region"",""percentage"":0.842987},{""region"":""Tarapac\u00e1 Region"",""percentage"":0.004448}","facebook,instagram","lower_bound: 10001, upper_bound: 50000",es
1848477638646847,386634201382499,"Marco Enriquez-Ominami",2021-10-06,2021-10-07,2021-10-27,"Partido Progresista de Chile - PRO","¿Cómo vamos a fortalecer el empleo joven? La reactivación económica será con la juventud.","Subsidio al empleo joven",presidentemarco.cl,"¿Cómo vamos a fortalecer el empleo joven? La reactivación económica será con la juventud.","lower_bound: 70000, upper_bound: 79999","lower_bound: 175000, upper_bound: 199999",CLP,"{""age"":""25-34"",""gender"":""unknown"",""percentage"":0.002021},{""age"":""18-24"",""gender"":""male"",""percentage"":0.087681},{""age"":""25-34"",""gender"":""male"",""percentage"":0.414931},{""age"":""25-34"",""gender"":""female"",""percentage"":0.410049},{""age"":""18-24"",""gender"":""female"",""percentage"":0.084727},{""age"":""18-24"",""gender"":""unknown"",""percentage"":0.000591}","{""region"":""Los R\u00edos Region"",""percentage"":0.005013},{""region"":""Arica y Parinacota Region"",""percentage"":0.004157},{""region"":""Valpara\u00edso Region"",""percentage"":0.220592},{""region"":""Ays\u00e9n Region"",""percentage"":0.001315},{""region"":""Antofagasta Region"",""percentage"":0.338897},{""region"":""Araucan\u00eda Region"",""percentage"":0.01125},{""region"":""Atacama Region"",""percentage"":0.077342},{""region"":""B\u00edo B\u00edo Region"",""percentage"":0.111886},{""region"":""Coquimbo Region"",""percentage"":0.023355},{""region"":""O'Higgins Region"",""percentage"":0.014765},{""region"":""Los Lagos Region"",""percentage"":0.010761},{""region"":""Magallanes y la Ant\u00e1rtica Chilena Region"",""percentage"":0.002935},{""region"":""Maule Region"",""percentage"":0.013848},{""region"":""Santiago Metropolitan Region"",""percentage"":0.155937},{""region"":""Tarapac\u00e1 Region"",""percentage"":0.007948}","facebook,instagram","lower_bound: 10001, upper_bound: 50000",es
449599923138897,386634201382499,"Marco Enriquez-Ominami",2021-10-06,2021-10-07,2021-10-26,"Partido Progresista de Chile - PRO","Hidrógeno verde para enfrentar el cambio climático. Por un Chile sustentable #ElCambioEsHoy. Súmate y Vota 6.","Por un Chile sustentable",presidentemarco.cl,"Hidrógeno verde para enfrentar el cambio climático. Por un Chile sustentable #ElCambioEsHoy. Súmate y Vota 6.","lower_bound: 400000, upper_bound: 449999","lower_bound: 200000, upper_bound: 249999",CLP,"{""age"":""13-17"",""gender"":""male"",""percentage"":3.0e-6},{""age"":""18-24"",""gender"":""male"",""percentage"":0.094624},{""age"":""55-64"",""gender"":""unknown"",""percentage"":0.000475},{""age"":""35-44"",""gender"":""unknown"",""percentage"":0.001886},{""age"":""45-54"",""gender"":""unknown"",""percentage"":0.001192},{""age"":""35-44"",""gender"":""female"",""percentage"":0.091168},{""age"":""45-54"",""gender"":""male"",""percentage"":0.063635},{""age"":""55-64"",""gender"":""female"",""percentage"":0.067647},{""age"":""25-34"",""gender"":""male"",""percentage"":0.158757},{""age"":""18-24"",""gender"":""female"",""percentage"":0.113133},{""age"":""18-24"",""gender"":""unknown"",""percentage"":0.001031},{""age"":""35-44"",""gender"":""male"",""percentage"":0.092155},{""age"":""25-34"",""gender"":""female"",""percentage"":0.139396},{""age"":""65+"",""gender"":""female"",""percentage"":0.032511},{""age"":""45-54"",""gender"":""female"",""percentage"":0.07246},{""age"":""55-64"",""gender"":""male"",""percentage"":0.044893},{""age"":""65+"",""gender"":""male"",""percentage"":0.023393},{""age"":""65+"",""gender"":""unknown"",""percentage"":0.000411},{""age"":""25-34"",""gender"":""unknown"",""percentage"":0.001229}","{""region"":""Los R\u00edos Region"",""percentage"":0.033082},{""region"":""Arica y Parinacota Region"",""percentage"":0.015751},{""region"":""Valpara\u00edso Region"",""percentage"":0.104708},{""region"":""Ays\u00e9n Region"",""percentage"":0.010921},{""region"":""Antofagasta Region"",""percentage"":0.032593},{""region"":""Araucan\u00eda Region"",""percentage"":0.088322},{""region"":""Atacama Region"",""percentage"":0.019863},{""region"":""B\u00edo B\u00edo Region"",""percentage"":0.150618},{""region"":""Coquimbo Region"",""percentage"":0.050515},{""region"":""O'Higgins Region"",""percentage"":0.060141},{""region"":""Los Lagos Region"",""percentage"":0.069709},{""region"":""Magallanes y la Ant\u00e1rtica Chilena Region"",""percentage"":0.01537},{""region"":""Maule Region"",""percentage"":0.071762},{""region"":""Santiago Metropolitan Region"",""percentage"":0.256716},{""region"":""Tarapac\u00e1 Region"",""percentage"":0.019928}","facebook,instagram","lower_bound: 1000001",es
239374018153355,386634201382499,"Marco Enriquez-Ominami",2021-10-05,2021-10-06,2021-10-08,"Partido Progresista de Chile - PRO","Se necesitan políticas públicas que protejan maternidades e infancia. Son muchas las madres que necesitan seguir cuidando a sus hijos en el puerperio. Que ninguna tenga que dejar su trabajo y empobrecerse por no poder conciliar su trabajo con la maternidad. @postnatal12meseschile

#postnatal12meses #PostNatalDeEmergencia #postnatal12meseschile",,,,"lower_bound: 250000, upper_bound: 299999","lower_bound: 500000, upper_bound: 599999",CLP,"{""age"":""13-17"",""gender"":""female"",""percentage"":1.4e-5},{""age"":""18-24"",""gender"":""female"",""percentage"":0.507086},{""age"":""13-17"",""gender"":""male"",""percentage"":1.4e-5},{""age"":""25-34"",""gender"":""unknown"",""percentage"":0.001555},{""age"":""55-64"",""gender"":""female"",""percentage"":0.004441},{""age"":""45-54"",""gender"":""female"",""percentage"":0.00996},{""age"":""35-44"",""gender"":""male"",""percentage"":0.006891},{""age"":""35-44"",""gender"":""female"",""percentage"":0.032575},{""age"":""18-24"",""gender"":""male"",""percentage"":0.124053},{""age"":""25-34"",""gender"":""female"",""percentage"":0.236815},{""age"":""65+"",""gender"":""unknown"",""percentage"":0.000156},{""age"":""25-34"",""gender"":""male"",""percentage"":0.059849},{""age"":""45-54"",""gender"":""male"",""percentage"":0.00198},{""age"":""18-24"",""gender"":""unknown"",""percentage"":0.008215},{""age"":""65+"",""gender"":""female"",""percentage"":0.003504},{""age"":""65+"",""gender"":""male"",""percentage"":0.001462},{""age"":""45-54"",""gender"":""unknown"",""percentage"":0.000162},{""age"":""55-64"",""gender"":""male"",""percentage"":0.000774},{""age"":""55-64"",""gender"":""unknown"",""percentage"":5.9e-5},{""age"":""35-44"",""gender"":""unknown"",""percentage"":0.000435}","{""region"":""Unknown"",""percentage"":7.3e-5},{""region"":""Los R\u00edos Region"",""percentage"":0.023147},{""region"":""Arica y Parinacota Region"",""percentage"":0.016748},{""region"":""Valpara\u00edso Region"",""percentage"":0.1071},{""region"":""Ays\u00e9n Region"",""percentage"":0.007199},{""region"":""Antofagasta Region"",""percentage"":0.040767},{""region"":""Araucan\u00eda Region"",""percentage"":0.051486},{""region"":""Atacama Region"",""percentage"":0.019444},{""region"":""B\u00edo B\u00edo Region"",""percentage"":0.129953},{""region"":""Coquimbo Region"",""percentage"":0.047623},{""region"":""O'Higgins Region"",""percentage"":0.056757},{""region"":""Los Lagos Region"",""percentage"":0.051278},{""region"":""Magallanes y la Ant\u00e1rtica Chilena Region"",""percentage"":0.012878},{""region"":""Maule Region"",""percentage"":0.067188},{""region"":""Santiago Metropolitan Region"",""percentage"":0.344534},{""region"":""Tarapac\u00e1 Region"",""percentage"":0.023825}",instagram,"lower_bound: 1000001",es
295770305355875,386634201382499,"Marco Enriquez-Ominami",2021-10-05,2021-10-05,2021-10-09,"Partido Progresista de Chile - PRO","Llamo a Yasna Provoste y Gabriel Boric a la unidad de la oposición para exigir la renuncia de Piñera e impulsar una acusación constitucional.",,,,"lower_bound: 25000, upper_bound: 29999","lower_bound: 200000, upper_bound: 249999",CLP,"{""age"":""55-64"",""gender"":""unknown"",""percentage"":0.000923},{""age"":""35-44"",""gender"":""male"",""percentage"":0.089703},{""age"":""45-54"",""gender"":""unknown"",""percentage"":0.001163},{""age"":""18-24"",""gender"":""female"",""percentage"":0.016518},{""age"":""25-34"",""gender"":""female"",""percentage"":0.156322},{""age"":""65+"",""gender"":""female"",""percentage"":0.052358},{""age"":""18-24"",""gender"":""male"",""percentage"":0.020485},{""age"":""35-44"",""gender"":""female"",""percentage"":0.162785},{""age"":""25-34"",""gender"":""male"",""percentage"":0.115489},{""age"":""35-44"",""gender"":""unknown"",""percentage"":0.002326},{""age"":""55-64"",""gender"":""female"",""percentage"":0.116343},{""age"":""45-54"",""gender"":""female"",""percentage"":0.133819},{""age"":""45-54"",""gender"":""male"",""percentage"":0.063302},{""age"":""25-34"",""gender"":""unknown"",""percentage"":0.000958},{""age"":""65+"",""gender"":""male"",""percentage"":0.02028},{""age"":""55-64"",""gender"":""male"",""percentage"":0.04692},{""age"":""65+"",""gender"":""unknown"",""percentage"":0.000308}","{""region"":""Los R\u00edos Region"",""percentage"":0.006223},{""region"":""Arica y Parinacota Region"",""percentage"":0.003269},{""region"":""Valpara\u00edso Region"",""percentage"":0.029144},{""region"":""Ays\u00e9n Region"",""percentage"":0.001406},{""region"":""Antofagasta Region"",""percentage"":0.00791},{""region"":""Araucan\u00eda Region"",""percentage"":0.014273},{""region"":""Atacama Region"",""percentage"":0.003621},{""region"":""B\u00edo B\u00edo Region"",""percentage"":0.034347},{""region"":""Coquimbo Region"",""percentage"":0.011707},{""region"":""O'Higgins Region"",""percentage"":0.018527},{""region"":""Los Lagos Region"",""percentage"":0.010547},{""region"":""Magallanes y la Ant\u00e1rtica Chilena Region"",""percentage"":0.002566},{""region"":""Maule Region"",""percentage"":0.022429},{""region"":""Santiago Metropolitan Region"",""percentage"":0.828863},{""region"":""Tarapac\u00e1 Region"",""percentage"":0.005168}",instagram,"lower_bound: 100001, upper_bound: 500000",es
3068223783500236,386634201382499,"Marco Enriquez-Ominami",2021-10-05,2021-10-05,2021-10-08,"Partido Progresista de Chile - PRO","Llamo a Yasna Provoste y Gabriel Boric a la unidad de la oposición para exigir la renuncia de Piñera e impulsar una acusación constitucional.",,,,"lower_bound: 80000, upper_bound: 89999","lower_bound: 200000, upper_bound: 249999",CLP,"{""age"":""18-24"",""gender"":""female"",""percentage"":0.003585},{""age"":""25-34"",""gender"":""male"",""percentage"":0.082084},{""age"":""65+"",""gender"":""unknown"",""percentage"":0.000385},{""age"":""55-64"",""gender"":""unknown"",""percentage"":0.000734},{""age"":""45-54"",""gender"":""unknown"",""percentage"":0.001396},{""age"":""45-54"",""gender"":""female"",""percentage"":0.126152},{""age"":""65+"",""gender"":""female"",""percentage"":0.071942},{""age"":""35-44"",""gender"":""male"",""percentage"":0.131084},{""age"":""45-54"",""gender"":""male"",""percentage"":0.121472},{""age"":""35-44"",""gender"":""unknown"",""percentage"":0.002165},{""age"":""55-64"",""gender"":""female"",""percentage"":0.13817},{""age"":""35-44"",""gender"":""female"",""percentage"":0.10493},{""age"":""65+"",""gender"":""male"",""percentage"":0.046305},{""age"":""55-64"",""gender"":""male"",""percentage"":0.107457},{""age"":""25-34"",""gender"":""female"",""percentage"":0.056098},{""age"":""18-24"",""gender"":""male"",""percentage"":0.005654},{""age"":""25-34"",""gender"":""unknown"",""percentage"":0.000385}","{""region"":""Los R\u00edos Region"",""percentage"":0.006499},{""region"":""Arica y Parinacota Region"",""percentage"":0.003321},{""region"":""Valpara\u00edso Region"",""percentage"":0.029244},{""region"":""Ays\u00e9n Region"",""percentage"":0.001583},{""region"":""Antofagasta Region"",""percentage"":0.008261},{""region"":""Araucan\u00eda Region"",""percentage"":0.018861},{""region"":""Atacama Region"",""percentage"":0.004269},{""region"":""B\u00edo B\u00edo Region"",""percentage"":0.03675},{""region"":""Coquimbo Region"",""percentage"":0.011355},{""region"":""O'Higgins Region"",""percentage"":0.018297},{""region"":""Los Lagos Region"",""percentage"":0.012242},{""region"":""Magallanes y la Ant\u00e1rtica Chilena Region"",""percentage"":0.00271},{""region"":""Maule Region"",""percentage"":0.023405},{""region"":""Santiago Metropolitan Region"",""percentage"":0.818455},{""region"":""Tarapac\u00e1 Region"",""percentage"":0.004748}",facebook,"lower_bound: 100001, upper_bound: 500000",es
981927525709516,386634201382499,"Marco Enriquez-Ominami",2021-10-04,2021-10-04,2021-10-08,"Partido Progresista de Chile - PRO","LAS URGENCIAS DE CHILE

Entiendo las urgencias de Chile. Recorrí Valparaíso y Concón para empaparme de los temas que les preocupan a las familias. Dialogué con el alcalde de Cóncón Freddy Ramírez sobre los desafíos de la comuna. Vamos a luchar juntos por un Chile más sustentable, con los trabajadores de Enap y las vecinas y vecinos de Laguna Verde. Vamos a luchar juntos también por un Chile que reivindique los derechos de la comunidad LGBTIQ+, con activistas como Panchita Cáceres. Porque estoy seguro de que el cambio es hoy, con todas y todos.",,www.presidentemarco.cl,,"lower_bound: 50000, upper_bound: 59999","lower_bound: 300000, upper_bound: 349999",CLP,"{""age"":""65+"",""gender"":""unknown"",""percentage"":0.001287},{""age"":""25-34"",""gender"":""female"",""percentage"":0.071359},{""age"":""35-44"",""gender"":""unknown"",""percentage"":0.003506},{""age"":""55-64"",""gender"":""unknown"",""percentage"":0.002119},{""age"":""18-24"",""gender"":""male"",""percentage"":0.013032},{""age"":""45-54"",""gender"":""male"",""percentage"":0.105009},{""age"":""35-44"",""gender"":""female"",""percentage"":0.123448},{""age"":""55-64"",""gender"":""female"",""percentage"":0.115882},{""age"":""45-54"",""gender"":""female"",""percentage"":0.121784},{""age"":""25-34"",""gender"":""unknown"",""percentage"":0.000891},{""age"":""65+"",""gender"":""female"",""percentage"":0.08455},{""age"":""65+"",""gender"":""male"",""percentage"":0.053614},{""age"":""55-64"",""gender"":""male"",""percentage"":0.087065},{""age"":""25-34"",""gender"":""male"",""percentage"":0.078073},{""age"":""35-44"",""gender"":""male"",""percentage"":0.122636},{""age"":""18-24"",""gender"":""female"",""percentage"":0.012062},{""age"":""45-54"",""gender"":""unknown"",""percentage"":0.003585},{""age"":""18-24"",""gender"":""unknown"",""percentage"":9.9e-5}","{""region"":""Los R\u00edos Region"",""percentage"":0.00271},{""region"":""Arica y Parinacota Region"",""percentage"":0.001998},{""region"":""Valpara\u00edso Region"",""percentage"":0.805429},{""region"":""Ays\u00e9n Region"",""percentage"":0.00087},{""region"":""Antofagasta Region"",""percentage"":0.006984},{""region"":""Araucan\u00eda Region"",""percentage"":0.007419},{""region"":""Atacama Region"",""percentage"":0.003047},{""region"":""B\u00edo B\u00edo Region"",""percentage"":0.018339},{""region"":""Coquimbo Region"",""percentage"":0.008586},{""region"":""O'Higgins Region"",""percentage"":0.009674},{""region"":""Los Lagos Region"",""percentage"":0.007656},{""region"":""Magallanes y la Ant\u00e1rtica Chilena Region"",""percentage"":0.003363},{""region"":""Maule Region"",""percentage"":0.009377},{""region"":""Santiago Metropolitan Region"",""percentage"":0.110155},{""region"":""Tarapac\u00e1 Region"",""percentage"":0.004392}","facebook,instagram","lower_bound: 50001, upper_bound: 100000",es
1282611455504317,386634201382499,"Marco Enriquez-Ominami",2021-10-04,2021-10-05,2021-10-07,"Partido Progresista de Chile - PRO","Vamos juntos por el cuarto retiro del 10%. ¿Te sumas?,Vamos juntos por el cuarto retiro del 10%. ¿Te sumas?","Súmate,Súmate",presidentemarco.cl,"Vamos juntos por el cuarto retiro del 10%. ¡Súmate!,Vamos juntos por el cuarto retiro del 10%. ¡Súmate!","lower_bound: 40000, upper_bound: 44999","lower_bound: 200000, upper_bound: 249999",CLP,"{""age"":""18-24"",""gender"":""unknown"",""percentage"":5.0e-5},{""age"":""35-44"",""gender"":""female"",""percentage"":0.11252},{""age"":""45-54"",""gender"":""unknown"",""percentage"":0.001861},{""age"":""25-34"",""gender"":""unknown"",""percentage"":0.00129},{""age"":""18-24"",""gender"":""female"",""percentage"":0.00876},{""age"":""55-64"",""gender"":""female"",""percentage"":0.095893},{""age"":""25-34"",""gender"":""female"",""percentage"":0.140787},{""age"":""45-54"",""gender"":""female"",""percentage"":0.111726},{""age"":""35-44"",""gender"":""male"",""percentage"":0.102593},{""age"":""55-64"",""gender"":""unknown"",""percentage"":0.000794},{""age"":""25-34"",""gender"":""male"",""percentage"":0.148951},{""age"":""55-64"",""gender"":""male"",""percentage"":0.066584},{""age"":""45-54"",""gender"":""male"",""percentage"":0.084055},{""age"":""65+"",""gender"":""female"",""percentage"":0.06981},{""age"":""65+"",""gender"":""male"",""percentage"":0.042412},{""age"":""35-44"",""gender"":""unknown"",""percentage"":0.00268},{""age"":""18-24"",""gender"":""male"",""percentage"":0.008785},{""age"":""65+"",""gender"":""unknown"",""percentage"":0.000447}","{""region"":""B\u00edo B\u00edo Region"",""percentage"":1}","facebook,instagram","lower_bound: 100001, upper_bound: 500000",es
4238868346224173,386634201382499,"Marco Enriquez-Ominami",2021-10-01,2021-10-02,2021-10-04,"Partido Progresista de Chile - PRO","Queremos que los chilenos puedan ser libres de circular por las calles, por sus ciudades. Hemos dicho que, en distintos temas, somos ambidiestros, que si por derecha o por izquierda se logran algunos objetivos, lo vamos a hacer, y así será en materia de seguridad ciudadana. #ElCambioEsHoy,Queremos que los chilenos puedan ser libres de circular por las calles, por sus ciudades. Hemos dicho que, en distintos temas, somos ambidiestros, que si por derecha o por izquierda se logran algunos objetivos, lo vamos a hacer, y así será en materia de seguridad ciudadana. #ElCambioEsHoy",,marcoenriquezominami.cl,,"lower_bound: 9000, upper_bound: 9999","lower_bound: 90000, upper_bound: 99999",CLP,"{""age"":""55-64"",""gender"":""unknown"",""percentage"":0.001741},{""age"":""55-64"",""gender"":""female"",""percentage"":0.100963},{""age"":""25-34"",""gender"":""unknown"",""percentage"":0.000819},{""age"":""18-24"",""gender"":""male"",""percentage"":0.010854},{""age"":""18-24"",""gender"":""female"",""percentage"":0.009728},{""age"":""25-34"",""gender"":""male"",""percentage"":0.090006},{""age"":""45-54"",""gender"":""female"",""percentage"":0.119291},{""age"":""35-44"",""gender"":""male"",""percentage"":0.146324},{""age"":""45-54"",""gender"":""male"",""percentage"":0.107209},{""age"":""45-54"",""gender"":""unknown"",""percentage"":0.003072},{""age"":""35-44"",""gender"":""female"",""percentage"":0.144276},{""age"":""55-64"",""gender"":""male"",""percentage"":0.075773},{""age"":""25-34"",""gender"":""female"",""percentage"":0.090006},{""age"":""65+"",""gender"":""female"",""percentage"":0.054987},{""age"":""65+"",""gender"":""male"",""percentage"":0.040549},{""age"":""35-44"",""gender"":""unknown"",""percentage"":0.003891},{""age"":""65+"",""gender"":""unknown"",""percentage"":0.000512}","{""region"":""O'Higgins Region"",""percentage"":1}","facebook,instagram","lower_bound: 10001, upper_bound: 50000",es
1494492760929823,386634201382499,"Marco Enriquez-Ominami",2021-10-01,2021-10-01,2021-10-05,"Partido Progresista de Chile - PRO",,"Súmate como voluntario",presidentemarco.cl,"Súmate al equipo del cambio, súmate como voluntario para la campaña presidencial. ¡Juntos cambiemos Chile!","lower_bound: 50000, upper_bound: 59999","lower_bound: 100000, upper_bound: 124999",CLP,"{""age"":""25-34"",""gender"":""female"",""percentage"":0.298291},{""age"":""18-24"",""gender"":""female"",""percentage"":0.107551},{""age"":""25-34"",""gender"":""male"",""percentage"":0.42432},{""age"":""18-24"",""gender"":""male"",""percentage"":0.11814},{""age"":""35-44"",""gender"":""male"",""percentage"":0.02585},{""age"":""35-44"",""gender"":""female"",""percentage"":0.022389},{""age"":""35-44"",""gender"":""unknown"",""percentage"":0.000242},{""age"":""18-24"",""gender"":""unknown"",""percentage"":0.0009},{""age"":""25-34"",""gender"":""unknown"",""percentage"":0.002318}","{""region"":""Los R\u00edos Region"",""percentage"":0.042364},{""region"":""Arica y Parinacota Region"",""percentage"":0.031533},{""region"":""Valpara\u00edso Region"",""percentage"":0.091434},{""region"":""Ays\u00e9n Region"",""percentage"":0.008597},{""region"":""Antofagasta Region"",""percentage"":0.056497},{""region"":""Araucan\u00eda Region"",""percentage"":0.112548},{""region"":""Atacama Region"",""percentage"":0.023968},{""region"":""B\u00edo B\u00edo Region"",""percentage"":0.17747},{""region"":""Coquimbo Region"",""percentage"":0.057357},{""region"":""O'Higgins Region"",""percentage"":0.064819},{""region"":""Los Lagos Region"",""percentage"":0.102197},{""region"":""Magallanes y la Ant\u00e1rtica Chilena Region"",""percentage"":0.021595},{""region"":""Maule Region"",""percentage"":0.087342},{""region"":""Santiago Metropolitan Region"",""percentage"":0.089165},{""region"":""Tarapac\u00e1 Region"",""percentage"":0.033114}","facebook,instagram","lower_bound: 100001, upper_bound: 500000",es
1808001766051638,386634201382499,"Marco Enriquez-Ominami",2021-09-30,2021-10-01,2021-10-03,"Partido Progresista de Chile - PRO","DESDE IQUIQUE PARA CHILE

La xenofobia llega cuando un gobierno ha sido incapaz de responder a tiempo a los desafíos de la migración. Gracias por el caluroso recibimiento en #Iquique, a chilenos, venezolanos, al alcalde Soria, al Gobernador de Tarapacá José Miguel Carvajal, a todas y todos. #ElCambioEsHoy",,,,"lower_bound: 30000, upper_bound: 34999","lower_bound: 100000, upper_bound: 124999",CLP,"{""age"":""55-64"",""gender"":""male"",""percentage"":0.04361},{""age"":""65+"",""gender"":""female"",""percentage"":0.033901},{""age"":""55-64"",""gender"":""unknown"",""percentage"":0.000584},{""age"":""65+"",""gender"":""unknown"",""percentage"":0.00026},{""age"":""45-54"",""gender"":""unknown"",""percentage"":0.001234},{""age"":""35-44"",""gender"":""unknown"",""percentage"":0.002955},{""age"":""65+"",""gender"":""male"",""percentage"":0.027081},{""age"":""18-24"",""gender"":""male"",""percentage"":0.010196},{""age"":""45-54"",""gender"":""female"",""percentage"":0.07436},{""age"":""25-34"",""gender"":""female"",""percentage"":0.185803},{""age"":""18-24"",""gender"":""female"",""percentage"":0.010943},{""age"":""55-64"",""gender"":""female"",""percentage"":0.055722},{""age"":""35-44"",""gender"":""female"",""percentage"":0.148006},{""age"":""25-34"",""gender"":""male"",""percentage"":0.178984},{""age"":""45-54"",""gender"":""male"",""percentage"":0.06897},{""age"":""25-34"",""gender"":""unknown"",""percentage"":0.001169},{""age"":""35-44"",""gender"":""male"",""percentage"":0.156189},{""age"":""18-24"",""gender"":""unknown"",""percentage"":3.2e-5}","{""region"":""Los R\u00edos Region"",""percentage"":0.004187},{""region"":""Arica y Parinacota Region"",""percentage"":0.015098},{""region"":""Valpara\u00edso Region"",""percentage"":0.021328},{""region"":""Ays\u00e9n Region"",""percentage"":0.000626},{""region"":""Antofagasta Region"",""percentage"":0.018724},{""region"":""Araucan\u00eda Region"",""percentage"":0.007549},{""region"":""Atacama Region"",""percentage"":0.005044},{""region"":""B\u00edo B\u00edo Region"",""percentage"":0.016713},{""region"":""Coquimbo Region"",""percentage"":0.017505},{""region"":""O'Higgins Region"",""percentage"":0.006494},{""region"":""Los Lagos Region"",""percentage"":0.007351},{""region"":""Magallanes y la Ant\u00e1rtica Chilena Region"",""percentage"":0.001483},{""region"":""Maule Region"",""percentage"":0.008868},{""region"":""Santiago Metropolitan Region"",""percentage"":0.067941},{""region"":""Tarapac\u00e1 Region"",""percentage"":0.801088}","facebook,instagram","lower_bound: 50001, upper_bound: 100000",es
205445288274976,386634201382499,"Marco Enriquez-Ominami",2021-09-30,2021-10-01,2021-10-03,"Partido Progresista de Chile - PRO","Vamos por la #ExtensiónLeyesMaternales durante alerta sanitaria. Hablar de ""los niños primero"" no es solo una consigna, debe ser convicción y acción. Lo responsable hoy es seguir protegiendo a madres y bebés, porque la pandemia no ha terminado.",,,,"lower_bound: 10000, upper_bound: 14999","lower_bound: 100000, upper_bound: 124999",CLP,"{""age"":""25-34"",""gender"":""female"",""percentage"":0.466562},{""age"":""35-44"",""gender"":""female"",""percentage"":0.330495},{""age"":""45-54"",""gender"":""female"",""percentage"":0.157808},{""age"":""18-24"",""gender"":""female"",""percentage"":0.045135}","{""region"":""Los R\u00edos Region"",""percentage"":0.00442},{""region"":""Arica y Parinacota Region"",""percentage"":0.002418},{""region"":""Valpara\u00edso Region"",""percentage"":0.022265},{""region"":""Ays\u00e9n Region"",""percentage"":0.000917},{""region"":""Antofagasta Region"",""percentage"":0.006421},{""region"":""Araucan\u00eda Region"",""percentage"":0.010757},{""region"":""Atacama Region"",""percentage"":0.002919},{""region"":""B\u00edo B\u00edo Region"",""percentage"":0.026601},{""region"":""Coquimbo Region"",""percentage"":0.009006},{""region"":""O'Higgins Region"",""percentage"":0.013592},{""region"":""Los Lagos Region"",""percentage"":0.007755},{""region"":""Magallanes y la Ant\u00e1rtica Chilena Region"",""percentage"":0.002001},{""region"":""Maule Region"",""percentage"":0.017678},{""region"":""Santiago Metropolitan Region"",""percentage"":0.868913},{""region"":""Tarapac\u00e1 Region"",""percentage"":0.004336}",instagram,"lower_bound: 100001, upper_bound: 500000",es
389536609537910,386634201382499,"Marco Enriquez-Ominami",2021-09-30,2021-09-30,2021-10-03,"Partido Progresista de Chile - PRO","Hoy a la medianoche termina el Estado de Catástrofe, y con él el toque de queda. También leyes maternales como el postnatal de emergencia, teletrabajo para embarazadas y crianza protegida. Los niños y niñas primero, por eso #ExtensiónDeLeyesMaternales en alerta sanitaria.",,,,"lower_bound: 45000, upper_bound: 49999","lower_bound: 100000, upper_bound: 124999",CLP,"{""age"":""45-54"",""gender"":""female"",""percentage"":0.285268},{""age"":""35-44"",""gender"":""female"",""percentage"":0.421846},{""age"":""25-34"",""gender"":""female"",""percentage"":0.282097},{""age"":""18-24"",""gender"":""female"",""percentage"":0.010789}","{""region"":""Los R\u00edos Region"",""percentage"":0.005154},{""region"":""Arica y Parinacota Region"",""percentage"":0.002057},{""region"":""Valpara\u00edso Region"",""percentage"":0.022472},{""region"":""Ays\u00e9n Region"",""percentage"":0.001261},{""region"":""Antofagasta Region"",""percentage"":0.005353},{""region"":""Araucan\u00eda Region"",""percentage"":0.0142},{""region"":""Atacama Region"",""percentage"":0.002898},{""region"":""B\u00edo B\u00edo Region"",""percentage"":0.027294},{""region"":""Coquimbo Region"",""percentage"":0.008693},{""region"":""O'Higgins Region"",""percentage"":0.015925},{""region"":""Los Lagos Region"",""percentage"":0.009599},{""region"":""Magallanes y la Ant\u00e1rtica Chilena Region"",""percentage"":0.001836},{""region"":""Maule Region"",""percentage"":0.02046},{""region"":""Santiago Metropolitan Region"",""percentage"":0.859658},{""region"":""Tarapac\u00e1 Region"",""percentage"":0.003141}",facebook,"lower_bound: 100001, upper_bound: 500000",es
279404570571544,386634201382499,"Marco Enriquez-Ominami",2021-09-29,2021-09-29,2021-10-02,"Partido Progresista de Chile - PRO","La descentralización une a Chile en tiempos que necesitamos un nuevo modelo de desarrollo, con más poder para la gente y los territorios. ¡El cambio es hoy!",,,,"lower_bound: 10000, upper_bound: 14999","lower_bound: 100000, upper_bound: 124999",CLP,"{""age"":""35-44"",""gender"":""unknown"",""percentage"":0.003974},{""age"":""45-54"",""gender"":""female"",""percentage"":0.129233},{""age"":""65+"",""gender"":""unknown"",""percentage"":0.001555},{""age"":""55-64"",""gender"":""unknown"",""percentage"":0.001037},{""age"":""65+"",""gender"":""male"",""percentage"":0.054768},{""age"":""25-34"",""gender"":""female"",""percentage"":0.073773},{""age"":""45-54"",""gender"":""unknown"",""percentage"":0.00311},{""age"":""55-64"",""gender"":""male"",""percentage"":0.081807},{""age"":""55-64"",""gender"":""female"",""percentage"":0.121804},{""age"":""18-24"",""gender"":""female"",""percentage"":0.010194},{""age"":""35-44"",""gender"":""female"",""percentage"":0.120249},{""age"":""45-54"",""gender"":""male"",""percentage"":0.10539},{""age"":""18-24"",""gender"":""male"",""percentage"":0.00933},{""age"":""65+"",""gender"":""female"",""percentage"":0.09105},{""age"":""35-44"",""gender"":""male"",""percentage"":0.114547},{""age"":""25-34"",""gender"":""male"",""percentage"":0.077056},{""age"":""25-34"",""gender"":""unknown"",""percentage"":0.001123}","{""region"":""Valpara\u00edso Region"",""percentage"":1}","facebook,instagram","lower_bound: 10001, upper_bound: 50000",es
183994710532070,386634201382499,"Marco Enriquez-Ominami",2021-09-27,2021-09-27,2021-10-01,"Partido Progresista de Chile - PRO","Se necesitan políticas públicas que protejan maternidades e infancia. Son muchas las madres que necesitan seguir cuidando a sus hijos en el puerperio. Que ninguna tenga que dejar su trabajo y empobrecerse por no poder conciliar su trabajo con la maternidad. 

#postnatal12meses #PostNatalDeEmergencia #postnatal12meseschile",,,,"lower_bound: 200000, upper_bound: 249999","lower_bound: 200000, upper_bound: 249999",CLP,"{""age"":""18-24"",""gender"":""unknown"",""percentage"":0.007641},{""age"":""55-64"",""gender"":""unknown"",""percentage"":3.7e-5},{""age"":""45-54"",""gender"":""unknown"",""percentage"":0.000154},{""age"":""35-44"",""gender"":""unknown"",""percentage"":0.00035},{""age"":""65+"",""gender"":""unknown"",""percentage"":0.000112},{""age"":""65+"",""gender"":""male"",""percentage"":0.001273},{""age"":""35-44"",""gender"":""male"",""percentage"":0.004998},{""age"":""18-24"",""gender"":""female"",""percentage"":0.550535},{""age"":""25-34"",""gender"":""female"",""percentage"":0.233143},{""age"":""25-34"",""gender"":""unknown"",""percentage"":0.001403},{""age"":""25-34"",""gender"":""male"",""percentage"":0.04592},{""age"":""35-44"",""gender"":""female"",""percentage"":0.024461},{""age"":""65+"",""gender"":""female"",""percentage"":0.003077},{""age"":""18-24"",""gender"":""male"",""percentage"":0.113634},{""age"":""45-54"",""gender"":""female"",""percentage"":0.007632},{""age"":""55-64"",""gender"":""female"",""percentage"":0.003557},{""age"":""45-54"",""gender"":""male"",""percentage"":0.001492},{""age"":""55-64"",""gender"":""male"",""percentage"":0.000583}","{""region"":""Unknown"",""percentage"":5.0e-6},{""region"":""Los R\u00edos Region"",""percentage"":0.022734},{""region"":""Arica y Parinacota Region"",""percentage"":0.017046},{""region"":""Valpara\u00edso Region"",""percentage"":0.101944},{""region"":""Ays\u00e9n Region"",""percentage"":0.006965},{""region"":""Antofagasta Region"",""percentage"":0.042821},{""region"":""Araucan\u00eda Region"",""percentage"":0.048137},{""region"":""Atacama Region"",""percentage"":0.020222},{""region"":""B\u00edo B\u00edo Region"",""percentage"":0.14013},{""region"":""Coquimbo Region"",""percentage"":0.046577},{""region"":""O'Higgins Region"",""percentage"":0.059197},{""region"":""Los Lagos Region"",""percentage"":0.049832},{""region"":""Magallanes y la Ant\u00e1rtica Chilena Region"",""percentage"":0.013048},{""region"":""Maule Region"",""percentage"":0.071479},{""region"":""Santiago Metropolitan Region"",""percentage"":0.335771},{""region"":""Tarapac\u00e1 Region"",""percentage"":0.024094}",instagram,"lower_bound: 1000001",es
2654624958016149,386634201382499,"Marco Enriquez-Ominami",2021-09-26,2021-09-27,2021-09-30,"Partido Progresista de Chile - PRO","Súmate a los que soñamos construir junto a Marco Enríquez-Ominami un Chile más justo.","Súmate como voluntario",fb.com,"Súmate a los que soñamos construir junto a Marco Enríquez-Ominami un Chile más justo.","lower_bound: 30000, upper_bound: 34999","lower_bound: 100000, upper_bound: 124999",CLP,"{""age"":""25-34"",""gender"":""unknown"",""percentage"":0.004007},{""age"":""18-24"",""gender"":""female"",""percentage"":0.095234},{""age"":""35-44"",""gender"":""female"",""percentage"":0.037002},{""age"":""25-34"",""gender"":""female"",""percentage"":0.365163},{""age"":""35-44"",""gender"":""male"",""percentage"":0.03777},{""age"":""25-34"",""gender"":""male"",""percentage"":0.391252},{""age"":""18-24"",""gender"":""male"",""percentage"":0.068036},{""age"":""18-24"",""gender"":""unknown"",""percentage"":0.001023},{""age"":""35-44"",""gender"":""unknown"",""percentage"":0.000512}","{""region"":""Los R\u00edos Region"",""percentage"":0.040454},{""region"":""Arica y Parinacota Region"",""percentage"":0.039771},{""region"":""Valpara\u00edso Region"",""percentage"":0.087565},{""region"":""Ays\u00e9n Region"",""percentage"":0.010412},{""region"":""Antofagasta Region"",""percentage"":0.075958},{""region"":""Araucan\u00eda Region"",""percentage"":0.114278},{""region"":""Atacama Region"",""percentage"":0.025262},{""region"":""B\u00edo B\u00edo Region"",""percentage"":0.161475},{""region"":""Coquimbo Region"",""percentage"":0.051208},{""region"":""O'Higgins Region"",""percentage"":0.05539},{""region"":""Los Lagos Region"",""percentage"":0.105146},{""region"":""Magallanes y la Ant\u00e1rtica Chilena Region"",""percentage"":0.022446},{""region"":""Maule Region"",""percentage"":0.06913},{""region"":""Santiago Metropolitan Region"",""percentage"":0.094137},{""region"":""Tarapac\u00e1 Region"",""percentage"":0.047367}","facebook,instagram","lower_bound: 100001, upper_bound: 500000",es
586638169417016,386634201382499,"Marco Enriquez-Ominami",2021-09-25,2021-09-26,2021-09-28,"Partido Progresista de Chile - PRO","CUARTO RETIRO DEL 10% POR LOS MICROEMPRESARIOS

Ni una cuarentena va a detenernos para empujar el cambio en todos los rincones. Hoy la historia de Paola, una microempresaria que salió adelante con el retiro del 10%. Una razón más para apoyar el cuarto retiro sin letra chica.",,,,"lower_bound: 100000, upper_bound: 124999","lower_bound: 100000, upper_bound: 124999",CLP,"{""age"":""25-34"",""gender"":""unknown"",""percentage"":0.0005},{""age"":""65+"",""gender"":""female"",""percentage"":0.053904},{""age"":""65+"",""gender"":""unknown"",""percentage"":0.00018},{""age"":""45-54"",""gender"":""unknown"",""percentage"":0.000999},{""age"":""65+"",""gender"":""male"",""percentage"":0.034041},{""age"":""35-44"",""gender"":""male"",""percentage"":0.128221},{""age"":""35-44"",""gender"":""female"",""percentage"":0.118599},{""age"":""25-34"",""gender"":""male"",""percentage"":0.086956},{""age"":""45-54"",""gender"":""male"",""percentage"":0.126323},{""age"":""18-24"",""gender"":""male"",""percentage"":0.004936},{""age"":""55-64"",""gender"":""male"",""percentage"":0.098886},{""age"":""55-64"",""gender"":""female"",""percentage"":0.14066},{""age"":""45-54"",""gender"":""female"",""percentage"":0.12932},{""age"":""25-34"",""gender"":""female"",""percentage"":0.07115},{""age"":""35-44"",""gender"":""unknown"",""percentage"":0.001719},{""age"":""18-24"",""gender"":""female"",""percentage"":0.002898},{""age"":""55-64"",""gender"":""unknown"",""percentage"":0.000709}","{""region"":""Los R\u00edos Region"",""percentage"":0.005854},{""region"":""Arica y Parinacota Region"",""percentage"":0.003071},{""region"":""Valpara\u00edso Region"",""percentage"":0.02732},{""region"":""Ays\u00e9n Region"",""percentage"":0.001302},{""region"":""Antofagasta Region"",""percentage"":0.007662},{""region"":""Araucan\u00eda Region"",""percentage"":0.017123},{""region"":""Atacama Region"",""percentage"":0.004045},{""region"":""B\u00edo B\u00edo Region"",""percentage"":0.034088},{""region"":""Coquimbo Region"",""percentage"":0.010892},{""region"":""O'Higgins Region"",""percentage"":0.018356},{""region"":""Los Lagos Region"",""percentage"":0.012343},{""region"":""Magallanes y la Ant\u00e1rtica Chilena Region"",""percentage"":0.002564},{""region"":""Maule Region"",""percentage"":0.023106},{""region"":""Santiago Metropolitan Region"",""percentage"":0.827872},{""region"":""Tarapac\u00e1 Region"",""percentage"":0.004403}",facebook,"lower_bound: 500001, upper_bound: 1000000",es
298079274991826,386634201382499,"Marco Enriquez-Ominami",2021-09-25,2021-09-26,2021-09-28,"Partido Progresista de Chile - PRO","Ni una cuarentena va a detenernos para empujar el cambio en todos los rincones. Hoy la historia de Paola, una microempresaria que salió adelante con el retiro del 10%. Una razón más para apoyar el cuarto retiro sin letra chica.

#cuartoretiro10xciento",,,,"lower_bound: 30000, upper_bound: 34999","lower_bound: 100000, upper_bound: 124999",CLP,"{""age"":""18-24"",""gender"":""unknown"",""percentage"":3.3e-5},{""age"":""35-44"",""gender"":""female"",""percentage"":0.135288},{""age"":""25-34"",""gender"":""unknown"",""percentage"":0.002003},{""age"":""45-54"",""gender"":""unknown"",""percentage"":0.000801},{""age"":""55-64"",""gender"":""female"",""percentage"":0.088845},{""age"":""55-64"",""gender"":""male"",""percentage"":0.031385},{""age"":""65+"",""gender"":""male"",""percentage"":0.013121},{""age"":""65+"",""gender"":""female"",""percentage"":0.037628},{""age"":""35-44"",""gender"":""male"",""percentage"":0.070749},{""age"":""55-64"",""gender"":""unknown"",""percentage"":0.000801},{""age"":""45-54"",""gender"":""male"",""percentage"":0.044773},{""age"":""45-54"",""gender"":""female"",""percentage"":0.098194},{""age"":""25-34"",""gender"":""female"",""percentage"":0.259991},{""age"":""25-34"",""gender"":""male"",""percentage"":0.161497},{""age"":""18-24"",""gender"":""female"",""percentage"":0.022904},{""age"":""18-24"",""gender"":""male"",""percentage"":0.029348},{""age"":""35-44"",""gender"":""unknown"",""percentage"":0.002337},{""age"":""65+"",""gender"":""unknown"",""percentage"":0.0003}","{""region"":""Los R\u00edos Region"",""percentage"":0.0048},{""region"":""Arica y Parinacota Region"",""percentage"":0.003339},{""region"":""Valpara\u00edso Region"",""percentage"":0.028419},{""region"":""Ays\u00e9n Region"",""percentage"":0.001252},{""region"":""Antofagasta Region"",""percentage"":0.007861},{""region"":""Araucan\u00eda Region"",""percentage"":0.011653},{""region"":""Atacama Region"",""percentage"":0.0032},{""region"":""B\u00edo B\u00edo Region"",""percentage"":0.030263},{""region"":""Coquimbo Region"",""percentage"":0.009914},{""region"":""O'Higgins Region"",""percentage"":0.017393},{""region"":""Los Lagos Region"",""percentage"":0.009079},{""region"":""Magallanes y la Ant\u00e1rtica Chilena Region"",""percentage"":0.002574},{""region"":""Maule Region"",""percentage"":0.021602},{""region"":""Santiago Metropolitan Region"",""percentage"":0.844059},{""region"":""Tarapac\u00e1 Region"",""percentage"":0.004592}",instagram,"lower_bound: 100001, upper_bound: 500000",es
138993535100548,386634201382499,"Marco Enriquez-Ominami",2021-09-25,2021-09-26,2021-09-28,"Partido Progresista de Chile - PRO","Creemos en Chile y su gente, creemos en las grandes transformaciones por las que hemos luchado tantos años, y tenemos que lograr el cambio juntos. Les presentamos nuestra nueva imagen de campaña. ¡Adelante! #ElCambioEsHoy",,,,"lower_bound: 40000, upper_bound: 44999","lower_bound: 150000, upper_bound: 174999",CLP,"{""age"":""45-54"",""gender"":""unknown"",""percentage"":0.00085},{""age"":""25-34"",""gender"":""male"",""percentage"":0.169903},{""age"":""25-34"",""gender"":""unknown"",""percentage"":0.002268},{""age"":""35-44"",""gender"":""unknown"",""percentage"":0.002197},{""age"":""55-64"",""gender"":""male"",""percentage"":0.024073},{""age"":""45-54"",""gender"":""female"",""percentage"":0.096031},{""age"":""55-64"",""gender"":""female"",""percentage"":0.08103},{""age"":""65+"",""gender"":""male"",""percentage"":0.011788},{""age"":""18-24"",""gender"":""male"",""percentage"":0.040539},{""age"":""65+"",""gender"":""unknown"",""percentage"":0.000142},{""age"":""25-34"",""gender"":""female"",""percentage"":0.286251},{""age"":""18-24"",""gender"":""female"",""percentage"":0.039098},{""age"":""35-44"",""gender"":""male"",""percentage"":0.054689},{""age"":""45-54"",""gender"":""male"",""percentage"":0.040113},{""age"":""35-44"",""gender"":""female"",""percentage"":0.111906},{""age"":""65+"",""gender"":""female"",""percentage"":0.038342},{""age"":""55-64"",""gender"":""unknown"",""percentage"":0.000614},{""age"":""18-24"",""gender"":""unknown"",""percentage"":0.000165}","{""region"":""Los R\u00edos Region"",""percentage"":0.005034},{""region"":""Arica y Parinacota Region"",""percentage"":0.002671},{""region"":""Valpara\u00edso Region"",""percentage"":0.022524},{""region"":""Ays\u00e9n Region"",""percentage"":0.0013},{""region"":""Antofagasta Region"",""percentage"":0.007469},{""region"":""Araucan\u00eda Region"",""percentage"":0.013212},{""region"":""Atacama Region"",""percentage"":0.002883},{""region"":""B\u00edo B\u00edo Region"",""percentage"":0.362633},{""region"":""Coquimbo Region"",""percentage"":0.008792},{""region"":""O'Higgins Region"",""percentage"":0.014346},{""region"":""Los Lagos Region"",""percentage"":0.008509},{""region"":""Magallanes y la Ant\u00e1rtica Chilena Region"",""percentage"":0.00234},{""region"":""Maule Region"",""percentage"":0.018506},{""region"":""Santiago Metropolitan Region"",""percentage"":0.525479},{""region"":""Tarapac\u00e1 Region"",""percentage"":0.004302}",instagram,"lower_bound: 500001, upper_bound: 1000000",es
398925761868707,386634201382499,"Marco Enriquez-Ominami",2021-09-24,2021-09-24,2021-09-27,"Partido Progresista de Chile - PRO","Creemos en Chile y su gente, creemos en las grandes transformaciones por las que hemos luchado tantos años, y tenemos que lograr el cambio juntos. Les presentamos nuestra nueva imagen de campaña. ¡Adelante! #ElCambioEsHoy",,,,"lower_bound: 200000, upper_bound: 249999","lower_bound: 500000, upper_bound: 599999",CLP,"{""age"":""18-24"",""gender"":""unknown"",""percentage"":2.9e-5},{""age"":""55-64"",""gender"":""male"",""percentage"":0.078359},{""age"":""45-54"",""gender"":""unknown"",""percentage"":0.001393},{""age"":""35-44"",""gender"":""unknown"",""percentage"":0.002114},{""age"":""55-64"",""gender"":""unknown"",""percentage"":0.000629},{""age"":""65+"",""gender"":""unknown"",""percentage"":0.000259},{""age"":""65+"",""gender"":""male"",""percentage"":0.036782},{""age"":""25-34"",""gender"":""female"",""percentage"":0.106383},{""age"":""18-24"",""gender"":""male"",""percentage"":0.009109},{""age"":""18-24"",""gender"":""female"",""percentage"":0.007788},{""age"":""45-54"",""gender"":""male"",""percentage"":0.11222},{""age"":""55-64"",""gender"":""female"",""percentage"":0.113291},{""age"":""45-54"",""gender"":""female"",""percentage"":0.127709},{""age"":""35-44"",""gender"":""male"",""percentage"":0.113267},{""age"":""25-34"",""gender"":""male"",""percentage"":0.11749},{""age"":""65+"",""gender"":""female"",""percentage"":0.058997},{""age"":""35-44"",""gender"":""female"",""percentage"":0.113243},{""age"":""25-34"",""gender"":""unknown"",""percentage"":0.000937}","{""region"":""B\u00edo B\u00edo Region"",""percentage"":0.319581},{""region"":""Santiago Metropolitan Region"",""percentage"":0.569916},{""region"":""Los R\u00edos Region"",""percentage"":0.004963},{""region"":""Arica y Parinacota Region"",""percentage"":0.002341},{""region"":""Valpara\u00edso Region"",""percentage"":0.02098},{""region"":""Ays\u00e9n Region"",""percentage"":0.001142},{""region"":""Antofagasta Region"",""percentage"":0.006821},{""region"":""Araucan\u00eda Region"",""percentage"":0.016819},{""region"":""Atacama Region"",""percentage"":0.002809},{""region"":""Coquimbo Region"",""percentage"":0.007882},{""region"":""O'Higgins Region"",""percentage"":0.013643},{""region"":""Los Lagos Region"",""percentage"":0.010151},{""region"":""Magallanes y la Ant\u00e1rtica Chilena Region"",""percentage"":0.002212},{""region"":""Maule Region"",""percentage"":0.017173},{""region"":""Tarapac\u00e1 Region"",""percentage"":0.003568}","facebook,instagram","lower_bound: 500001, upper_bound: 1000000",es
882874355670929,386634201382499,"Marco Enriquez-Ominami",2021-09-23,2021-09-24,2021-09-27,"Partido Progresista de Chile - PRO","RECORRIENDO CHILE EN CUARENTENA

La campaña no para, en cuarentena seguimos recorriendo Chile impulsando una fuerza tranquila de cambio. Porque el cambio es hoy, ¡Adelante!",,,,"lower_bound: 45000, upper_bound: 49999","lower_bound: 100000, upper_bound: 124999",CLP,"{""age"":""65+"",""gender"":""unknown"",""percentage"":0.000181},{""age"":""35-44"",""gender"":""female"",""percentage"":0.139021},{""age"":""35-44"",""gender"":""unknown"",""percentage"":0.003189},{""age"":""18-24"",""gender"":""male"",""percentage"":0.00432},{""age"":""25-34"",""gender"":""male"",""percentage"":0.069375},{""age"":""65+"",""gender"":""female"",""percentage"":0.061481},{""age"":""55-64"",""gender"":""male"",""percentage"":0.093872},{""age"":""55-64"",""gender"":""female"",""percentage"":0.124386},{""age"":""45-54"",""gender"":""male"",""percentage"":0.117578},{""age"":""55-64"",""gender"":""unknown"",""percentage"":0.001176},{""age"":""35-44"",""gender"":""male"",""percentage"":0.13961},{""age"":""45-54"",""gender"":""female"",""percentage"":0.13409},{""age"":""25-34"",""gender"":""female"",""percentage"":0.06329},{""age"":""65+"",""gender"":""male"",""percentage"":0.042231},{""age"":""18-24"",""gender"":""female"",""percentage"":0.003529},{""age"":""25-34"",""gender"":""unknown"",""percentage"":0.000385},{""age"":""45-54"",""gender"":""unknown"",""percentage"":0.002285}","{""region"":""Los R\u00edos Region"",""percentage"":0.005094},{""region"":""Arica y Parinacota Region"",""percentage"":0.002895},{""region"":""Valpara\u00edso Region"",""percentage"":0.025291},{""region"":""Ays\u00e9n Region"",""percentage"":0.000875},{""region"":""Antofagasta Region"",""percentage"":0.007765},{""region"":""Araucan\u00eda Region"",""percentage"":0.013734},{""region"":""Atacama Region"",""percentage"":0.002715},{""region"":""B\u00edo B\u00edo Region"",""percentage"":0.029375},{""region"":""Coquimbo Region"",""percentage"":0.009066},{""region"":""O'Higgins Region"",""percentage"":0.014497},{""region"":""Los Lagos Region"",""percentage"":0.010502},{""region"":""Magallanes y la Ant\u00e1rtica Chilena Region"",""percentage"":0.002222},{""region"":""Maule Region"",""percentage"":0.017841},{""region"":""Santiago Metropolitan Region"",""percentage"":0.854492},{""region"":""Tarapac\u00e1 Region"",""percentage"":0.003635}","facebook,instagram","lower_bound: 50001, upper_bound: 100000",es
1026428661447914,386634201382499,"Marco Enriquez-Ominami",2021-09-23,2021-09-23,2021-09-27,"Partido Progresista de Chile - PRO","Esa es la oposición que necesitamos . Con diferencias, pero unidos cuando se trata de chile. Agradezco el gesto del diputado Daniel Núñez, ¡en segunda vuelta todos contra la derecha!",,,,"lower_bound: 40000, upper_bound: 44999","lower_bound: 150000, upper_bound: 174999",CLP,"{""age"":""45-54"",""gender"":""unknown"",""percentage"":0.002722},{""age"":""55-64"",""gender"":""male"",""percentage"":0.076333},{""age"":""25-34"",""gender"":""unknown"",""percentage"":0.000699},{""age"":""65+"",""gender"":""unknown"",""percentage"":0.000574},{""age"":""65+"",""gender"":""male"",""percentage"":0.040052},{""age"":""18-24"",""gender"":""female"",""percentage"":0.012085},{""age"":""25-34"",""gender"":""female"",""percentage"":0.086671},{""age"":""35-44"",""gender"":""female"",""percentage"":0.142454},{""age"":""18-24"",""gender"":""male"",""percentage"":0.011711},{""age"":""55-64"",""gender"":""unknown"",""percentage"":0.001448},{""age"":""25-34"",""gender"":""male"",""percentage"":0.085098},{""age"":""65+"",""gender"":""female"",""percentage"":0.057106},{""age"":""45-54"",""gender"":""male"",""percentage"":0.113389},{""age"":""45-54"",""gender"":""female"",""percentage"":0.132291},{""age"":""35-44"",""gender"":""male"",""percentage"":0.129719},{""age"":""55-64"",""gender"":""female"",""percentage"":0.1043},{""age"":""35-44"",""gender"":""unknown"",""percentage"":0.003221},{""age"":""18-24"",""gender"":""unknown"",""percentage"":0.000125}","{""region"":""Los R\u00edos Region"",""percentage"":0.001836},{""region"":""Arica y Parinacota Region"",""percentage"":0.002702},{""region"":""Valpara\u00edso Region"",""percentage"":0.017131},{""region"":""Ays\u00e9n Region"",""percentage"":0.000714},{""region"":""Antofagasta Region"",""percentage"":0.017565},{""region"":""Araucan\u00eda Region"",""percentage"":0.00413},{""region"":""Atacama Region"",""percentage"":0.010274},{""region"":""B\u00edo B\u00edo Region"",""percentage"":0.009509},{""region"":""Coquimbo Region"",""percentage"":0.835109},{""region"":""O'Higgins Region"",""percentage"":0.004971},{""region"":""Los Lagos Region"",""percentage"":0.004053},{""region"":""Magallanes y la Ant\u00e1rtica Chilena Region"",""percentage"":0.001173},{""region"":""Maule Region"",""percentage"":0.004589},{""region"":""Santiago Metropolitan Region"",""percentage"":0.081604},{""region"":""Tarapac\u00e1 Region"",""percentage"":0.00464}","facebook,instagram","lower_bound: 50001, upper_bound: 100000",es
553212402605435,386634201382499,"Marco Enriquez-Ominami",2021-09-22,2021-09-23,2021-09-26,"Partido Progresista de Chile - PRO","¡Gracias Pamela! Esta candidatura presidencial seguirá impulsando el cuarto retiro del 10% de los fondos de pensiones y el fin de la AFP, porque creemos en el cambio que sueña Chile.",,,,"lower_bound: 125000, upper_bound: 149999","lower_bound: 150000, upper_bound: 174999",CLP,"{""age"":""65+"",""gender"":""unknown"",""percentage"":0.000127},{""age"":""25-34"",""gender"":""male"",""percentage"":0.115679},{""age"":""25-34"",""gender"":""unknown"",""percentage"":0.000499},{""age"":""18-24"",""gender"":""unknown"",""percentage"":3.5e-5},{""age"":""45-54"",""gender"":""unknown"",""percentage"":0.000858},{""age"":""35-44"",""gender"":""unknown"",""percentage"":0.00128},{""age"":""65+"",""gender"":""male"",""percentage"":0.029391},{""age"":""35-44"",""gender"":""male"",""percentage"":0.106806},{""age"":""55-64"",""gender"":""female"",""percentage"":0.131816},{""age"":""18-24"",""gender"":""male"",""percentage"":0.019716},{""age"":""45-54"",""gender"":""male"",""percentage"":0.102214},{""age"":""55-64"",""gender"":""male"",""percentage"":0.08465},{""age"":""45-54"",""gender"":""female"",""percentage"":0.123646},{""age"":""35-44"",""gender"":""female"",""percentage"":0.111263},{""age"":""18-24"",""gender"":""female"",""percentage"":0.019716},{""age"":""65+"",""gender"":""female"",""percentage"":0.051097},{""age"":""25-34"",""gender"":""female"",""percentage"":0.100878},{""age"":""55-64"",""gender"":""unknown"",""percentage"":0.00033}","{""region"":""Los R\u00edos Region"",""percentage"":0.005545},{""region"":""Arica y Parinacota Region"",""percentage"":0.003033},{""region"":""Valpara\u00edso Region"",""percentage"":0.025172},{""region"":""Ays\u00e9n Region"",""percentage"":0.001218},{""region"":""Antofagasta Region"",""percentage"":0.007417},{""region"":""Araucan\u00eda Region"",""percentage"":0.015863},{""region"":""Atacama Region"",""percentage"":0.003465},{""region"":""B\u00edo B\u00edo Region"",""percentage"":0.03133},{""region"":""Coquimbo Region"",""percentage"":0.009462},{""region"":""O'Higgins Region"",""percentage"":0.01761},{""region"":""Los Lagos Region"",""percentage"":0.011278},{""region"":""Magallanes y la Ant\u00e1rtica Chilena Region"",""percentage"":0.002289},{""region"":""Maule Region"",""percentage"":0.022285},{""region"":""Santiago Metropolitan Region"",""percentage"":0.839991},{""region"":""Tarapac\u00e1 Region"",""percentage"":0.004042}","facebook,instagram","lower_bound: 500001, upper_bound: 1000000",es
