ad_archive_id,page_id,page_name,ad_creation_time,ad_delivery_start_time,ad_delivery_stop_time,byline,ad_creative_bodies,ad_creative_link_titles,ad_creative_link_captions,ad_creative_link_descriptions,impressions,spend,currency,demographic_distribution,delivery_by_region,publisher_platforms,estimated_audience_size,languages
419902386409941,669777673091551,"Yasna Provoste Campillay",2021-11-18,2021-11-18,2021-11-18,"Yasna Provoste Campillay","El diputado Gastón Saavedra vota por un Chile que recupere la paz, los empleos, con barrios más seguros y salud y educación de calidad para todos y todas.
Para juntos y juntas unir y sanar a Chile, vota 3, vota #AhoraYasna.
¡Muchas gracias por tu apoyo y respaldo diputado Saavedra!","Biobío con Yasna",yasnapresidenta.cl,,"lower_bound: 1000, upper_bound: 1999","lower_bound: 10000, upper_bound: 14999",CLP,"{""age"":""45-54"",""gender"":""unknown"",""percentage"":0.002859},{""age"":""35-44"",""gender"":""unknown"",""percentage"":0.011435},{""age"":""45-54"",""gender"":""female"",""percentage"":0.119497},{""age"":""45-54"",""gender"":""male"",""percentage"":0.079474},{""age"":""35-44"",""gender"":""male"",""percentage"":0.283019},{""age"":""55-64"",""gender"":""female"",""percentage"":0.053173},{""age"":""35-44"",""gender"":""female"",""percentage"":0.342481},{""age"":""65+"",""gender"":""female"",""percentage"":0.030303},{""age"":""65+"",""gender"":""male"",""percentage"":0.047456},{""age"":""55-64"",""gender"":""male"",""percentage"":0.028016},{""age"":""55-64"",""gender"":""unknown"",""percentage"":0.001144},{""age"":""65+"",""gender"":""unknown"",""percentage"":0.001144}","{""region"":""B\u00edo B\u00edo Region"",""percentage"":1}","facebook,instagram","lower_bound: 100001, upper_bound: 500000",es
936433853916163,669777673091551,"Yasna Provoste Campillay",2021-11-18,2021-11-18,2021-11-19,"Yasna Provoste Campillay","El alcalde José Fica vota por un Chile que recupere la paz, los empleos, con barrios más seguros y salud y educación de calidad para todos y todas.
Para juntos y juntas unir y sanar a Chile, vota 3, vota #AhoraYasna.
¡Muchas gracias por tu apoyo y respaldo alcalde Fica!","O´Higgins con Yasna",yasnapresidenta.cl,,"lower_bound: 1000, upper_bound: 1999","lower_bound: 7000, upper_bound: 7999",CLP,"{""age"":""55-64"",""gender"":""unknown"",""percentage"":0.000912},{""age"":""35-44"",""gender"":""female"",""percentage"":0.031905},{""age"":""35-44"",""gender"":""unknown"",""percentage"":0.020055},{""age"":""65+"",""gender"":""male"",""percentage"":0.049225},{""age"":""35-44"",""gender"":""male"",""percentage"":0.466727},{""age"":""45-54"",""gender"":""male"",""percentage"":0.255242},{""age"":""55-64"",""gender"":""male"",""percentage"":0.113036},{""age"":""45-54"",""gender"":""female"",""percentage"":0.02917},{""age"":""65+"",""gender"":""female"",""percentage"":0.005469},{""age"":""55-64"",""gender"":""female"",""percentage"":0.023701},{""age"":""65+"",""gender"":""unknown"",""percentage"":0.000912},{""age"":""45-54"",""gender"":""unknown"",""percentage"":0.003646}","{""region"":""Ays\u00e9n Region"",""percentage"":1}","facebook,instagram","lower_bound: 10001, upper_bound: 50000",es
288408019845846,669777673091551,"Yasna Provoste Campillay",2021-11-18,2021-11-18,2021-11-18,"Yasna Provoste Campillay","El alcalde Miguel Peña vota por un Chile que recupere la paz, los empleos, con barrios más seguros y salud y educación de calidad para todos y todas.
Para juntos y juntas unir y sanar a Chile, vota 3, vota #AhoraYasna.
¡Muchas gracias por tu apoyo y respaldo alcalde Miguel!","Quillón con Yasna",yasnapresidenta.cl,,"lower_bound: 0, upper_bound: 999","lower_bound: 2000, upper_bound: 2499",CLP,"{""age"":""55-64"",""gender"":""male"",""percentage"":0.052469},{""age"":""55-64"",""gender"":""female"",""percentage"":0.12037},{""age"":""65+"",""gender"":""female"",""percentage"":0.052469},{""age"":""35-44"",""gender"":""female"",""percentage"":0.203704},{""age"":""35-44"",""gender"":""male"",""percentage"":0.225309},{""age"":""65+"",""gender"":""male"",""percentage"":0.046296},{""age"":""45-54"",""gender"":""female"",""percentage"":0.166667},{""age"":""45-54"",""gender"":""male"",""percentage"":0.12037},{""age"":""35-44"",""gender"":""unknown"",""percentage"":0.006173},{""age"":""45-54"",""gender"":""unknown"",""percentage"":0.006173}","{""region"":""B\u00edo B\u00edo Region"",""percentage"":1}","facebook,instagram","lower_bound: 5001, upper_bound: 10000",es
3001721040078898,669777673091551,"Yasna Provoste Campillay",2021-11-18,2021-11-18,2021-11-19,"Yasna Provoste Campillay","El senador Ricardo Lagos Weber vota por un Chile que recupere la paz, los empleos, con barrios más seguros y salud y educación de calidad para todos y todas.
Para juntos y juntas unir y sanar a Chile, vota 3, vota #AhoraYasna.
¡Muchas gracias por tu apoyo y respaldo senador Lagos Weber!","Valparaíso con Yasna",yasnapresidenta.cl,,"lower_bound: 1000, upper_bound: 1999","lower_bound: 10000, upper_bound: 14999",CLP,"{""age"":""55-64"",""gender"":""female"",""percentage"":0.049797},{""age"":""65+"",""gender"":""unknown"",""percentage"":0.001737},{""age"":""35-44"",""gender"":""unknown"",""percentage"":0.010423},{""age"":""45-54"",""gender"":""female"",""percentage"":0.116966},{""age"":""55-64"",""gender"":""male"",""percentage"":0.034742},{""age"":""35-44"",""gender"":""female"",""percentage"":0.320787},{""age"":""35-44"",""gender"":""male"",""percentage"":0.281413},{""age"":""65+"",""gender"":""female"",""percentage"":0.045744},{""age"":""65+"",""gender"":""male"",""percentage"":0.04806},{""age"":""45-54"",""gender"":""male"",""percentage"":0.088014},{""age"":""45-54"",""gender"":""unknown"",""percentage"":0.002316}","{""region"":""Valpara\u00edso Region"",""percentage"":1}","facebook,instagram","lower_bound: 100001, upper_bound: 500000",es
514533770041701,669777673091551,"Yasna Provoste Campillay",2021-11-18,2021-11-18,2021-11-18,"Yasna Provoste Campillay","Los concejales José Salcedo, Patricio Pinilla y Luis Medel, votan por un Chile que recupere la paz, los empleos, con barrios más seguros y salud y educación de calidad para todos y todas.
Para juntos y juntas unir y sanar a Chile, vota 3, vota #AhoraYasna.
¡Muchas gracias por su apoyo y respaldo queridos concejales de Los Angeles!","Los Ángeles con Yasna",yasnapresidenta.cl,,"lower_bound: 3000, upper_bound: 3999","lower_bound: 45000, upper_bound: 49999",CLP,"{""age"":""13-17"",""gender"":""male"",""percentage"":0.00027},{""age"":""55-64"",""gender"":""unknown"",""percentage"":0.001619},{""age"":""55-64"",""gender"":""male"",""percentage"":0.021862},{""age"":""45-54"",""gender"":""male"",""percentage"":0.064238},{""age"":""45-54"",""gender"":""unknown"",""percentage"":0.002969},{""age"":""35-44"",""gender"":""unknown"",""percentage"":0.007018},{""age"":""55-64"",""gender"":""female"",""percentage"":0.077463},{""age"":""65+"",""gender"":""female"",""percentage"":0.031849},{""age"":""35-44"",""gender"":""female"",""percentage"":0.37031},{""age"":""45-54"",""gender"":""female"",""percentage"":0.178138},{""age"":""35-44"",""gender"":""male"",""percentage"":0.223482},{""age"":""65+"",""gender"":""male"",""percentage"":0.020513},{""age"":""65+"",""gender"":""unknown"",""percentage"":0.00027}","{""region"":""B\u00edo B\u00edo Region"",""percentage"":1}","facebook,instagram","lower_bound: 10001, upper_bound: 50000",es
567436551221279,669777673091551,"Yasna Provoste Campillay",2021-11-18,2021-11-18,2021-11-18,"Yasna Provoste Campillay","El alcalde Victor Hugo Figueroa vota por un Chile que recupere la paz, los empleos, con barrios más seguros y salud y educación de calidad para todos y todas.
Para juntos y juntas unir y sanar a Chile, vota 3, vota #AhoraYasna.
¡Muchas gracias por tu apoyo y respaldo alcalde Victor Hugo!","Penco con Yasna",yasnapresidenta.cl,,"lower_bound: 0, upper_bound: 999","lower_bound: 1000, upper_bound: 1499",CLP,"{""age"":""35-44"",""gender"":""unknown"",""percentage"":0.006623},{""age"":""55-64"",""gender"":""female"",""percentage"":0.066225},{""age"":""35-44"",""gender"":""female"",""percentage"":0.337748},{""age"":""45-54"",""gender"":""male"",""percentage"":0.066225},{""age"":""65+"",""gender"":""female"",""percentage"":0.046358},{""age"":""45-54"",""gender"":""female"",""percentage"":0.099338},{""age"":""35-44"",""gender"":""male"",""percentage"":0.298013},{""age"":""55-64"",""gender"":""male"",""percentage"":0.019868},{""age"":""65+"",""gender"":""male"",""percentage"":0.05298},{""age"":""45-54"",""gender"":""unknown"",""percentage"":0.006623}","{""region"":""B\u00edo B\u00edo Region"",""percentage"":1}","facebook,instagram","lower_bound: 5001, upper_bound: 10000",es
221381373442537,669777673091551,"Yasna Provoste Campillay",2021-11-18,2021-11-18,2021-11-18,"Yasna Provoste Campillay","El alcalde Roberto Torres vota por un Chile que recupere la paz, los empleos, con barrios más seguros y salud y educación de calidad para todos y todas.
Para juntos y juntas unir y sanar a Chile, vota 3, vota #AhoraYasna.
¡Muchas gracias por tu apoyo y respaldo alcalde Torres!","Alhue con Yasna",yasnapresidenta.cl,,"lower_bound: 0, upper_bound: 999","lower_bound: 4000, upper_bound: 4499",CLP,"{""age"":""35-44"",""gender"":""female"",""percentage"":0.345324},{""age"":""45-54"",""gender"":""male"",""percentage"":0.115108},{""age"":""35-44"",""gender"":""male"",""percentage"":0.302158},{""age"":""35-44"",""gender"":""unknown"",""percentage"":0.014388},{""age"":""45-54"",""gender"":""female"",""percentage"":0.122302},{""age"":""65+"",""gender"":""male"",""percentage"":0.014388},{""age"":""55-64"",""gender"":""male"",""percentage"":0.014388},{""age"":""65+"",""gender"":""female"",""percentage"":0.014388},{""age"":""55-64"",""gender"":""female"",""percentage"":0.057554}","{""region"":""Santiago Metropolitan Region"",""percentage"":1}","facebook,instagram","lower_bound: 1001, upper_bound: 5000",es
242169457980738,669777673091551,"Yasna Provoste Campillay",2021-11-17,2021-11-17,2021-11-18,"Yasna Provoste Campillay","Unos ofrecen orden sin cambios. Otros cambios sin orden. Ambos nos conducen a la incertidumbre. Nosotros queremos transformaciones profundas, en paz y tranquilidad. Los y las invito a un gran pacto nacional, a unirnos para sanarnos. Este 21, #vota3.

Comparto parte de nuestra participación en el #DebatePresidencial2021",,,,"lower_bound: 0, upper_bound: 999","lower_bound: 500, upper_bound: 599",CLP,"{""age"":""35-44"",""gender"":""female"",""percentage"":0.074899},{""age"":""25-34"",""gender"":""male"",""percentage"":0.3583},{""age"":""25-34"",""gender"":""female"",""percentage"":0.360324},{""age"":""55-64"",""gender"":""male"",""percentage"":0.002024},{""age"":""45-54"",""gender"":""female"",""percentage"":0.060729},{""age"":""35-44"",""gender"":""male"",""percentage"":0.062753},{""age"":""65+"",""gender"":""male"",""percentage"":0.018219},{""age"":""35-44"",""gender"":""unknown"",""percentage"":0.004049},{""age"":""55-64"",""gender"":""female"",""percentage"":0.016194},{""age"":""65+"",""gender"":""female"",""percentage"":0.008097},{""age"":""45-54"",""gender"":""male"",""percentage"":0.032389},{""age"":""25-34"",""gender"":""unknown"",""percentage"":0.002024}","{""region"":""Valpara\u00edso Region"",""percentage"":0.107287},{""region"":""Antofagasta Region"",""percentage"":0.036437},{""region"":""Araucan\u00eda Region"",""percentage"":0.038462},{""region"":""Atacama Region"",""percentage"":0.020243},{""region"":""Coquimbo Region"",""percentage"":0.032389},{""region"":""Santiago Metropolitan Region"",""percentage"":0.425101},{""region"":""Los R\u00edos Region"",""percentage"":0.022267},{""region"":""Arica y Parinacota Region"",""percentage"":0.012146},{""region"":""Ays\u00e9n Region"",""percentage"":0.006073},{""region"":""B\u00edo B\u00edo Region"",""percentage"":0.119433},{""region"":""O'Higgins Region"",""percentage"":0.038462},{""region"":""Los Lagos Region"",""percentage"":0.048583},{""region"":""Magallanes y la Ant\u00e1rtica Chilena Region"",""percentage"":0.01417},{""region"":""Maule Region"",""percentage"":0.066802},{""region"":""Tarapac\u00e1 Region"",""percentage"":0.012146}","facebook,instagram","lower_bound: 1000001",es
1238422559902710,669777673091551,"Yasna Provoste Campillay",2021-11-17,2021-11-17,2021-11-19,"Yasna Provoste Campillay","¡Gran cierre de campaña! Todas y todos invitados a participar de nuestro acto final de campaña.

Este jueves 18, desde las 19:00 horas, las y los esperamos en la Plaza de Armas de Concepción y para todo Chile, nos vemos a través de nuestra señal de Facebook Live.

Este domingo 21 de noviembre #Vota3. #AhoraYasna",,,,"lower_bound: 200000, upper_bound: 249999","lower_bound: 200000, upper_bound: 249999",CLP,"{""age"":""65+"",""gender"":""unknown"",""percentage"":6.9e-5},{""age"":""35-44"",""gender"":""unknown"",""percentage"":0.001462},{""age"":""25-34"",""gender"":""unknown"",""percentage"":0.001005},{""age"":""55-64"",""gender"":""unknown"",""percentage"":0.000179},{""age"":""55-64"",""gender"":""male"",""percentage"":0.028708},{""age"":""35-44"",""gender"":""male"",""percentage"":0.110714},{""age"":""25-34"",""gender"":""female"",""percentage"":0.253492},{""age"":""45-54"",""gender"":""male"",""percentage"":0.062229},{""age"":""55-64"",""gender"":""female"",""percentage"":0.056417},{""age"":""45-54"",""gender"":""female"",""percentage"":0.102429},{""age"":""35-44"",""gender"":""female"",""percentage"":0.180055},{""age"":""25-34"",""gender"":""male"",""percentage"":0.176282},{""age"":""65+"",""gender"":""male"",""percentage"":0.009573},{""age"":""65+"",""gender"":""female"",""percentage"":0.016564},{""age"":""45-54"",""gender"":""unknown"",""percentage"":0.00082}","{""region"":""Los R\u00edos Region"",""percentage"":0.034744},{""region"":""Arica y Parinacota Region"",""percentage"":0.019953},{""region"":""Valpara\u00edso Region"",""percentage"":0.100309},{""region"":""Ays\u00e9n Region"",""percentage"":0.010921},{""region"":""Antofagasta Region"",""percentage"":0.047067},{""region"":""Araucan\u00eda Region"",""percentage"":0.078549},{""region"":""Atacama Region"",""percentage"":0.026813},{""region"":""B\u00edo B\u00edo Region"",""percentage"":0.153129},{""region"":""Coquimbo Region"",""percentage"":0.052252},{""region"":""O'Higgins Region"",""percentage"":0.063903},{""region"":""Los Lagos Region"",""percentage"":0.088757},{""region"":""Magallanes y la Ant\u00e1rtica Chilena Region"",""percentage"":0.019686},{""region"":""Maule Region"",""percentage"":0.084116},{""region"":""Santiago Metropolitan Region"",""percentage"":0.189014},{""region"":""Tarapac\u00e1 Region"",""percentage"":0.030787}","facebook,instagram","lower_bound: 1000001",es
303886328223641,669777673091551,"Yasna Provoste Campillay",2021-11-17,2021-11-17,2021-11-18,"Yasna Provoste Campillay","Me senté en el ""Sillón de los Presidenciables"" de @[122231104112:274:24horas.cl] para conversar de nuestras propuestas de gobierno, anécdotas de campaña y el Chile de unidad y paz que soñamos.

Las y los invito a ver esta entretenida entrevista 📺. #AhoraYasna #Vota3",,,,"lower_bound: 0, upper_bound: 999","lower_bound: 800, upper_bound: 899",CLP,"{""age"":""25-34"",""gender"":""male"",""percentage"":0.416},{""age"":""25-34"",""gender"":""female"",""percentage"":0.392},{""age"":""55-64"",""gender"":""male"",""percentage"":0.0032},{""age"":""35-44"",""gender"":""female"",""percentage"":0.0784},{""age"":""35-44"",""gender"":""male"",""percentage"":0.0688},{""age"":""65+"",""gender"":""female"",""percentage"":0.0048},{""age"":""55-64"",""gender"":""female"",""percentage"":0.0048},{""age"":""45-54"",""gender"":""female"",""percentage"":0.0112},{""age"":""45-54"",""gender"":""male"",""percentage"":0.0096},{""age"":""65+"",""gender"":""male"",""percentage"":0.0064},{""age"":""25-34"",""gender"":""unknown"",""percentage"":0.0032},{""age"":""35-44"",""gender"":""unknown"",""percentage"":0.0016}","{""region"":""Los R\u00edos Region"",""percentage"":0.0256},{""region"":""Valpara\u00edso Region"",""percentage"":0.1008},{""region"":""B\u00edo B\u00edo Region"",""percentage"":0.1792},{""region"":""O'Higgins Region"",""percentage"":0.048},{""region"":""Arica y Parinacota Region"",""percentage"":0.0112},{""region"":""Ays\u00e9n Region"",""percentage"":0.0112},{""region"":""Antofagasta Region"",""percentage"":0.0592},{""region"":""Araucan\u00eda Region"",""percentage"":0.0528},{""region"":""Atacama Region"",""percentage"":0.0208},{""region"":""Coquimbo Region"",""percentage"":0.0336},{""region"":""Los Lagos Region"",""percentage"":0.0448},{""region"":""Magallanes y la Ant\u00e1rtica Chilena Region"",""percentage"":0.0144},{""region"":""Maule Region"",""percentage"":0.0688},{""region"":""Santiago Metropolitan Region"",""percentage"":0.3104},{""region"":""Tarapac\u00e1 Region"",""percentage"":0.0192}","facebook,instagram","lower_bound: 1000001",es
2709957142631281,669777673091551,"Yasna Provoste Campillay",2021-11-17,2021-11-17,2021-11-18,"Yasna Provoste Campillay","¡Gran cierre de campaña! Todas y todos invitados a participar de nuestro acto final de campaña.

Este jueves 18, desde las 19:00 horas, las y los esperamos en la Plaza de Armas de Concepción y para todo Chile, nos vemos a través de nuestra señal de Facebook Live.

Este domingo 21 de noviembre #Vota3. #AhoraYasna",,,,"lower_bound: 100000, upper_bound: 124999","lower_bound: 200000, upper_bound: 249999",CLP,"{""age"":""55-64"",""gender"":""unknown"",""percentage"":0.000578},{""age"":""45-54"",""gender"":""unknown"",""percentage"":0.001964},{""age"":""55-64"",""gender"":""female"",""percentage"":0.106244},{""age"":""45-54"",""gender"":""male"",""percentage"":0.103677},{""age"":""65+"",""gender"":""female"",""percentage"":0.04076},{""age"":""35-44"",""gender"":""female"",""percentage"":0.298453},{""age"":""65+"",""gender"":""male"",""percentage"":0.021494},{""age"":""45-54"",""gender"":""female"",""percentage"":0.178426},{""age"":""35-44"",""gender"":""male"",""percentage"":0.191438},{""age"":""55-64"",""gender"":""male"",""percentage"":0.052483},{""age"":""65+"",""gender"":""unknown"",""percentage"":0.00041},{""age"":""35-44"",""gender"":""unknown"",""percentage"":0.004072}","{""region"":""Valpara\u00edso Region"",""percentage"":0.403586},{""region"":""O'Higgins Region"",""percentage"":0.207379},{""region"":""Maule Region"",""percentage"":0.324285},{""region"":""Santiago Metropolitan Region"",""percentage"":0.06475}","facebook,instagram","lower_bound: 500001, upper_bound: 1000000",es
661934335193771,669777673091551,"Yasna Provoste Campillay",2021-11-17,2021-11-17,2021-11-18,"Yasna Provoste Campillay","Unos ofrecen orden sin cambios. Otros cambios sin orden. Ambos nos conducen a la incertidumbre. Nosotros queremos transformaciones profundas, en paz y tranquilidad. Los y las invito a un gran pacto nacional, a unirnos para sanarnos. Este 21, #vota3.

Comparto parte de nuestra participación en el #DebatePresidencial2021",,,,"lower_bound: 0, upper_bound: 999","lower_bound: 500, upper_bound: 599",CLP,"{""age"":""55-64"",""gender"":""female"",""percentage"":0.045455},{""age"":""65+"",""gender"":""female"",""percentage"":0.058442},{""age"":""35-44"",""gender"":""male"",""percentage"":0.246753},{""age"":""55-64"",""gender"":""male"",""percentage"":0.032468},{""age"":""35-44"",""gender"":""female"",""percentage"":0.409091},{""age"":""45-54"",""gender"":""female"",""percentage"":0.097403},{""age"":""45-54"",""gender"":""male"",""percentage"":0.071429},{""age"":""65+"",""gender"":""male"",""percentage"":0.032468},{""age"":""35-44"",""gender"":""unknown"",""percentage"":0.006494}","{""region"":""Valpara\u00edso Region"",""percentage"":0.428571},{""region"":""Maule Region"",""percentage"":0.415584},{""region"":""Santiago Metropolitan Region"",""percentage"":0.090909},{""region"":""O'Higgins Region"",""percentage"":0.064935}","facebook,instagram","lower_bound: 500001, upper_bound: 1000000",es
410695637371346,669777673091551,"Yasna Provoste Campillay",2021-11-17,2021-11-18,2021-11-18,"Yasna Provoste Campillay","Me senté en el ""Sillón de los Presidenciables"" de @[122231104112:274:24horas.cl] para conversar de nuestras propuestas de gobierno, anécdotas de campaña y el Chile de unidad y paz que soñamos.

Las y los invito a ver esta entretenida entrevista 📺. #AhoraYasna #Vota3",,,,"lower_bound: 0, upper_bound: 999","lower_bound: 500, upper_bound: 599",CLP,"{""age"":""65+"",""gender"":""female"",""percentage"":0.058201},{""age"":""45-54"",""gender"":""female"",""percentage"":0.10582},{""age"":""45-54"",""gender"":""male"",""percentage"":0.068783},{""age"":""35-44"",""gender"":""female"",""percentage"":0.365079},{""age"":""55-64"",""gender"":""female"",""percentage"":0.037037},{""age"":""55-64"",""gender"":""male"",""percentage"":0.031746},{""age"":""65+"",""gender"":""male"",""percentage"":0.074074},{""age"":""35-44"",""gender"":""male"",""percentage"":0.259259}","{""region"":""Valpara\u00edso Region"",""percentage"":0.412698},{""region"":""O'Higgins Region"",""percentage"":0.111111},{""region"":""Maule Region"",""percentage"":0.37037},{""region"":""Santiago Metropolitan Region"",""percentage"":0.10582}","facebook,instagram","lower_bound: 500001, upper_bound: 1000000",es
1225145501315292,669777673091551,"Yasna Provoste Campillay",2021-11-17,2021-11-17,2021-11-19,"Yasna Provoste Campillay","¡Gran cierre de campaña! Todas y todos invitados a participar de nuestro acto final de campaña.

Este jueves 18, desde las 19:00 horas, las y los esperamos en la Plaza de Armas de Concepción y para todo Chile, nos vemos a través de nuestra señal de Facebook Live.

Este domingo 21 de noviembre #Vota3. #AhoraYasna",,,,"lower_bound: 50000, upper_bound: 59999","lower_bound: 100000, upper_bound: 124999",CLP,"{""age"":""35-44"",""gender"":""female"",""percentage"":0.304623},{""age"":""45-54"",""gender"":""male"",""percentage"":0.102198},{""age"":""35-44"",""gender"":""male"",""percentage"":0.210614},{""age"":""45-54"",""gender"":""female"",""percentage"":0.168323},{""age"":""55-64"",""gender"":""female"",""percentage"":0.100538},{""age"":""55-64"",""gender"":""male"",""percentage"":0.050147},{""age"":""65+"",""gender"":""female"",""percentage"":0.035497},{""age"":""45-54"",""gender"":""unknown"",""percentage"":0.001815},{""age"":""65+"",""gender"":""male"",""percentage"":0.021909},{""age"":""35-44"",""gender"":""unknown"",""percentage"":0.003452},{""age"":""65+"",""gender"":""unknown"",""percentage"":0.00031},{""age"":""55-64"",""gender"":""unknown"",""percentage"":0.000575}","{""region"":""Arica y Parinacota Region"",""percentage"":0.133152},{""region"":""Antofagasta Region"",""percentage"":0.275825},{""region"":""Atacama Region"",""percentage"":0.086959},{""region"":""Coquimbo Region"",""percentage"":0.313781},{""region"":""Tarapac\u00e1 Region"",""percentage"":0.190282}","facebook,instagram","lower_bound: 100001, upper_bound: 500000",es
1822514304615542,669777673091551,"Yasna Provoste Campillay",2021-11-17,2021-11-17,2021-11-18,"Yasna Provoste Campillay","Me senté en el ""Sillón de los Presidenciables"" de @[122231104112:274:24horas.cl] para conversar de nuestras propuestas de gobierno, anécdotas de campaña y el Chile de unidad y paz que soñamos.

Las y los invito a ver esta entretenida entrevista 📺. #AhoraYasna #Vota3",,,,"lower_bound: 0, upper_bound: 999","lower_bound: 300, upper_bound: 399",CLP,"{""age"":""45-54"",""gender"":""male"",""percentage"":0.097744},{""age"":""35-44"",""gender"":""male"",""percentage"":0.255639},{""age"":""65+"",""gender"":""female"",""percentage"":0.075188},{""age"":""35-44"",""gender"":""female"",""percentage"":0.285714},{""age"":""45-54"",""gender"":""female"",""percentage"":0.135338},{""age"":""55-64"",""gender"":""male"",""percentage"":0.037594},{""age"":""65+"",""gender"":""male"",""percentage"":0.075188},{""age"":""65+"",""gender"":""unknown"",""percentage"":0.007519},{""age"":""55-64"",""gender"":""female"",""percentage"":0.030075}","{""region"":""Antofagasta Region"",""percentage"":0.345865},{""region"":""Tarapac\u00e1 Region"",""percentage"":0.12782},{""region"":""Arica y Parinacota Region"",""percentage"":0.172932},{""region"":""Atacama Region"",""percentage"":0.052632},{""region"":""Coquimbo Region"",""percentage"":0.300752}","facebook,instagram","lower_bound: 100001, upper_bound: 500000",es
410992324062614,669777673091551,"Yasna Provoste Campillay",2021-11-17,2021-11-17,2021-11-18,"Yasna Provoste Campillay","Me senté en el ""Sillón de los Presidenciables"" de @[122231104112:274:24horas.cl] para conversar de nuestras propuestas de gobierno, anécdotas de campaña y el Chile de unidad y paz que soñamos.

Las y los invito a ver esta entretenida entrevista 📺. #AhoraYasna #Vota3",,,,"lower_bound: 0, upper_bound: 999","lower_bound: 600, upper_bound: 699",CLP,"{""age"":""35-44"",""gender"":""male"",""percentage"":0.311828},{""age"":""65+"",""gender"":""male"",""percentage"":0.053763},{""age"":""45-54"",""gender"":""male"",""percentage"":0.064516},{""age"":""35-44"",""gender"":""female"",""percentage"":0.344086},{""age"":""65+"",""gender"":""female"",""percentage"":0.048387},{""age"":""45-54"",""gender"":""unknown"",""percentage"":0.010753},{""age"":""55-64"",""gender"":""female"",""percentage"":0.032258},{""age"":""45-54"",""gender"":""female"",""percentage"":0.112903},{""age"":""55-64"",""gender"":""male"",""percentage"":0.021505}","{""region"":""Santiago Metropolitan Region"",""percentage"":1}","facebook,instagram","lower_bound: 500001, upper_bound: 1000000",es
186207060297521,669777673091551,"Yasna Provoste Campillay",2021-11-17,2021-11-17,2021-11-18,"Yasna Provoste Campillay","Me senté en el ""Sillón de los Presidenciables"" de @[122231104112:274:24horas.cl] para conversar de nuestras propuestas de gobierno, anécdotas de campaña y el Chile de unidad y paz que soñamos.

Las y los invito a ver esta entretenida entrevista 📺. #AhoraYasna #Vota3",,,,"lower_bound: 0, upper_bound: 999","lower_bound: 100, upper_bound: 199",CLP,,,"facebook,instagram","lower_bound: 500001, upper_bound: 1000000",es
3089102068002083,669777673091551,"Yasna Provoste Campillay",2021-11-17,2021-11-17,2021-11-18,"Yasna Provoste Campillay","Unos ofrecen orden sin cambios. Otros cambios sin orden. Ambos nos conducen a la incertidumbre. Nosotros queremos transformaciones profundas, en paz y tranquilidad. Los y las invito a un gran pacto nacional, a unirnos para sanarnos. Este 21, #vota3.

Comparto parte de nuestra participación en el #DebatePresidencial2021",,,,"lower_bound: 0, upper_bound: 999","lower_bound: 300, upper_bound: 399",CLP,"{""age"":""55-64"",""gender"":""female"",""percentage"":0.061404},{""age"":""45-54"",""gender"":""male"",""percentage"":0.061404},{""age"":""35-44"",""gender"":""male"",""percentage"":0.333333},{""age"":""35-44"",""gender"":""female"",""percentage"":0.333333},{""age"":""55-64"",""gender"":""male"",""percentage"":0.026316},{""age"":""65+"",""gender"":""male"",""percentage"":0.026316},{""age"":""45-54"",""gender"":""female"",""percentage"":0.131579},{""age"":""65+"",""gender"":""female"",""percentage"":0.026316}","{""region"":""Arica y Parinacota Region"",""percentage"":0.149123},{""region"":""Antofagasta Region"",""percentage"":0.315789},{""region"":""Atacama Region"",""percentage"":0.078947},{""region"":""Coquimbo Region"",""percentage"":0.245614},{""region"":""Tarapac\u00e1 Region"",""percentage"":0.210526}","facebook,instagram","lower_bound: 100001, upper_bound: 500000",es
657528052088723,669777673091551,"Yasna Provoste Campillay",2021-11-17,2021-11-17,2021-11-18,"Yasna Provoste Campillay","¡Gran cierre de campaña! Todas y todos invitados a participar de nuestro acto final de campaña.

Este jueves 18, desde las 19:00 horas, las y los esperamos en la Plaza de Armas de Concepción y para todo Chile, nos vemos a través de nuestra señal de Facebook Live.

Este domingo 21 de noviembre #Vota3. #AhoraYasna",,,,"lower_bound: 90000, upper_bound: 99999","lower_bound: 200000, upper_bound: 249999",CLP,"{""age"":""55-64"",""gender"":""unknown"",""percentage"":0.000759},{""age"":""45-54"",""gender"":""female"",""percentage"":0.175531},{""age"":""45-54"",""gender"":""male"",""percentage"":0.09944},{""age"":""55-64"",""gender"":""male"",""percentage"":0.055106},{""age"":""35-44"",""gender"":""female"",""percentage"":0.280314},{""age"":""35-44"",""gender"":""male"",""percentage"":0.209938},{""age"":""55-64"",""gender"":""female"",""percentage"":0.106559},{""age"":""65+"",""gender"":""male"",""percentage"":0.024652},{""age"":""65+"",""gender"":""female"",""percentage"":0.039636},{""age"":""35-44"",""gender"":""unknown"",""percentage"":0.0054},{""age"":""45-54"",""gender"":""unknown"",""percentage"":0.002364},{""age"":""65+"",""gender"":""unknown"",""percentage"":0.000301}","{""region"":""Santiago Metropolitan Region"",""percentage"":1}","facebook,instagram","lower_bound: 500001, upper_bound: 1000000",es
699946257635521,669777673091551,"Yasna Provoste Campillay",2021-11-17,2021-11-17,2021-11-18,"Yasna Provoste Campillay","Unos ofrecen orden sin cambios. Otros cambios sin orden. Ambos nos conducen a la incertidumbre. Nosotros queremos transformaciones profundas, en paz y tranquilidad. Los y las invito a un gran pacto nacional, a unirnos para sanarnos. Este 21, #vota3.

Comparto parte de nuestra participación en el #DebatePresidencial2021",,,,"lower_bound: 0, upper_bound: 999","lower_bound: 900, upper_bound: 999",CLP,"{""age"":""45-54"",""gender"":""male"",""percentage"":0.071429},{""age"":""65+"",""gender"":""male"",""percentage"":0.039683},{""age"":""55-64"",""gender"":""male"",""percentage"":0.019841},{""age"":""45-54"",""gender"":""female"",""percentage"":0.142857},{""age"":""35-44"",""gender"":""female"",""percentage"":0.40873},{""age"":""35-44"",""gender"":""male"",""percentage"":0.22619},{""age"":""55-64"",""gender"":""female"",""percentage"":0.055556},{""age"":""65+"",""gender"":""female"",""percentage"":0.035714}","{""region"":""Santiago Metropolitan Region"",""percentage"":1}","facebook,instagram","lower_bound: 500001, upper_bound: 1000000",es
638483137394957,669777673091551,"Yasna Provoste Campillay",2021-11-17,2021-11-17,2021-11-18,"Yasna Provoste Campillay","Unos ofrecen orden sin cambios. Otros cambios sin orden. Ambos nos conducen a la incertidumbre. Nosotros queremos transformaciones profundas, en paz y tranquilidad. Los y las invito a un gran pacto nacional, a unirnos para sanarnos. Este 21, #vota3.

Comparto parte de nuestra participación en el #DebatePresidencial2021",,,,"lower_bound: 0, upper_bound: 999","lower_bound: 100, upper_bound: 199",CLP,,,"facebook,instagram","lower_bound: 500001, upper_bound: 1000000",es
326304649304632,669777673091551,"Yasna Provoste Campillay",2021-11-17,2021-11-17,2021-11-18,"Yasna Provoste Campillay","¡Gran cierre de campaña! Todas y todos invitados a participar de nuestro acto final de campaña.

Este jueves 18, desde las 19:00 horas, las y los esperamos en la Plaza de Armas de Concepción y para todo Chile, nos vemos a través de nuestra señal de Facebook Live.

Este domingo 21 de noviembre #Vota3. #AhoraYasna",,,,"lower_bound: 70000, upper_bound: 79999","lower_bound: 90000, upper_bound: 99999",CLP,"{""age"":""65+"",""gender"":""unknown"",""percentage"":0.000238},{""age"":""45-54"",""gender"":""male"",""percentage"":0.109684},{""age"":""45-54"",""gender"":""female"",""percentage"":0.196791},{""age"":""35-44"",""gender"":""male"",""percentage"":0.178147},{""age"":""55-64"",""gender"":""female"",""percentage"":0.117698},{""age"":""35-44"",""gender"":""female"",""percentage"":0.280568},{""age"":""55-64"",""gender"":""male"",""percentage"":0.055089},{""age"":""65+"",""gender"":""male"",""percentage"":0.018058},{""age"":""65+"",""gender"":""female"",""percentage"":0.038312},{""age"":""35-44"",""gender"":""unknown"",""percentage"":0.003549},{""age"":""45-54"",""gender"":""unknown"",""percentage"":0.001464},{""age"":""55-64"",""gender"":""unknown"",""percentage"":0.000403}","{""region"":""Araucan\u00eda Region"",""percentage"":0.172836},{""region"":""B\u00edo B\u00edo Region"",""percentage"":0.527437},{""region"":""Los Lagos Region"",""percentage"":0.228591},{""region"":""Magallanes y la Ant\u00e1rtica Chilena Region"",""percentage"":0.071136}","facebook,instagram","lower_bound: 500001, upper_bound: 1000000",es
638441217294894,669777673091551,"Yasna Provoste Campillay",2021-11-16,2021-11-17,2021-11-18,"Yasna Provoste Campillay","El ex alcalde Luis Mella vota por un Chile que recupere la paz, los empleos, con barrios más seguros y salud y educación de calidad para todos y todas.
Para juntos y juntas unir y sanar a Chile, vota 3, vota #AhoraYasna.
¡Muchas gracias por tu apoyo y respaldo ex alcalde Mella!","Quillota con Yasna",yasnapresidenta.cl,,"lower_bound: 7000, upper_bound: 7999","lower_bound: 45000, upper_bound: 49999",CLP,"{""age"":""55-64"",""gender"":""unknown"",""percentage"":0.000514},{""age"":""35-44"",""gender"":""unknown"",""percentage"":0.004369},{""age"":""65+"",""gender"":""male"",""percentage"":0.031097},{""age"":""35-44"",""gender"":""female"",""percentage"":0.258031},{""age"":""45-54"",""gender"":""female"",""percentage"":0.175533},{""age"":""35-44"",""gender"":""male"",""percentage"":0.165253},{""age"":""55-64"",""gender"":""female"",""percentage"":0.140709},{""age"":""55-64"",""gender"":""male"",""percentage"":0.061038},{""age"":""65+"",""gender"":""female"",""percentage"":0.070419},{""age"":""45-54"",""gender"":""male"",""percentage"":0.089566},{""age"":""45-54"",""gender"":""unknown"",""percentage"":0.002442},{""age"":""65+"",""gender"":""unknown"",""percentage"":0.001028}","{""region"":""Valpara\u00edso Region"",""percentage"":1}","facebook,instagram","lower_bound: 10001, upper_bound: 50000",es
1791128297944000,669777673091551,"Yasna Provoste Campillay",2021-11-16,2021-11-17,2021-11-18,"Yasna Provoste Campillay","El alcalde Mauricio Soria vota por un Chile que recupere la paz, los empleos, con barrios más seguros y salud y educación de calidad para todos y todas.
Para juntos y juntas unir y sanar a Chile, vota 3, vota #AhoraYasna.
¡Muchas gracias por tu apoyo y respaldo alcalde Soria!","Iquique con Yasna",yasnapresidenta.cl,,"lower_bound: 4000, upper_bound: 4999","lower_bound: 45000, upper_bound: 49999",CLP,"{""age"":""65+"",""gender"":""female"",""percentage"":0.034036},{""age"":""65+"",""gender"":""male"",""percentage"":0.02657},{""age"":""35-44"",""gender"":""female"",""percentage"":0.389767},{""age"":""35-44"",""gender"":""male"",""percentage"":0.235617},{""age"":""55-64"",""gender"":""female"",""percentage"":0.066535},{""age"":""45-54"",""gender"":""female"",""percentage"":0.134607},{""age"":""45-54"",""gender"":""male"",""percentage"":0.073123},{""age"":""55-64"",""gender"":""male"",""percentage"":0.025692},{""age"":""45-54"",""gender"":""unknown"",""percentage"":0.003733},{""age"":""35-44"",""gender"":""unknown"",""percentage"":0.007905},{""age"":""65+"",""gender"":""unknown"",""percentage"":0.000878},{""age"":""55-64"",""gender"":""unknown"",""percentage"":0.001537}","{""region"":""Tarapac\u00e1 Region"",""percentage"":1}","facebook,instagram","lower_bound: 50001, upper_bound: 100000",es
226520652840458,669777673091551,"Yasna Provoste Campillay",2021-11-16,2021-11-17,2021-11-18,"Yasna Provoste Campillay","Cinco medidas que proponemos para mejorar la vida de las familias chilenas. Este 21 de noviembre, #Vota3
#AhoraYasna",,,,"lower_bound: 1000, upper_bound: 1999","lower_bound: 8000, upper_bound: 8999",CLP,"{""age"":""65+"",""gender"":""unknown"",""percentage"":0.001794},{""age"":""55-64"",""gender"":""unknown"",""percentage"":0.001794},{""age"":""35-44"",""gender"":""unknown"",""percentage"":0.005383},{""age"":""55-64"",""gender"":""male"",""percentage"":0.025718},{""age"":""45-54"",""gender"":""female"",""percentage"":0.12799},{""age"":""45-54"",""gender"":""male"",""percentage"":0.078947},{""age"":""55-64"",""gender"":""female"",""percentage"":0.072368},{""age"":""65+"",""gender"":""male"",""percentage"":0.044258},{""age"":""35-44"",""gender"":""female"",""percentage"":0.355861},{""age"":""35-44"",""gender"":""male"",""percentage"":0.239234},{""age"":""65+"",""gender"":""female"",""percentage"":0.044258},{""age"":""45-54"",""gender"":""unknown"",""percentage"":0.001794},{""age"":""13-17"",""gender"":""male"",""percentage"":0.000598}","{""region"":""Valpara\u00edso Region"",""percentage"":0.458732},{""region"":""O'Higgins Region"",""percentage"":0.066986},{""region"":""Maule Region"",""percentage"":0.328947},{""region"":""Santiago Metropolitan Region"",""percentage"":0.145335}","facebook,instagram","lower_bound: 500001, upper_bound: 1000000",es
617996449390424,669777673091551,"Yasna Provoste Campillay",2021-11-16,2021-11-17,2021-11-18,"Yasna Provoste Campillay","Las mujeres queremos ser protagonistas de nuestro propio destino, no queremos que los hombres hablen por nosotras. Como decía Gabriela Mistral, cada vez que votamos por un hombre, invisibilizamos los problemas y aspiraciones que tenemos las mujeres. #AhoraYasna",,,,"lower_bound: 2000, upper_bound: 2999","lower_bound: 9000, upper_bound: 9999",CLP,"{""age"":""35-44"",""gender"":""unknown"",""percentage"":0.004865},{""age"":""55-64"",""gender"":""male"",""percentage"":0.031402},{""age"":""55-64"",""gender"":""female"",""percentage"":0.049536},{""age"":""35-44"",""gender"":""male"",""percentage"":0.271119},{""age"":""45-54"",""gender"":""male"",""percentage"":0.08138},{""age"":""45-54"",""gender"":""female"",""percentage"":0.123839},{""age"":""35-44"",""gender"":""female"",""percentage"":0.372844},{""age"":""65+"",""gender"":""female"",""percentage"":0.027864},{""age"":""65+"",""gender"":""male"",""percentage"":0.03494},{""age"":""45-54"",""gender"":""unknown"",""percentage"":0.001327},{""age"":""55-64"",""gender"":""unknown"",""percentage"":0.000442},{""age"":""65+"",""gender"":""unknown"",""percentage"":0.000442}","{""region"":""Arica y Parinacota Region"",""percentage"":0.135996},{""region"":""Antofagasta Region"",""percentage"":0.304309},{""region"":""Atacama Region"",""percentage"":0.084829},{""region"":""Coquimbo Region"",""percentage"":0.287253},{""region"":""Tarapac\u00e1 Region"",""percentage"":0.187612}","facebook,instagram","lower_bound: 100001, upper_bound: 500000",es
628596544821895,669777673091551,"Yasna Provoste Campillay",2021-11-16,2021-11-17,2021-11-18,"Yasna Provoste Campillay","Cinco medidas que proponemos para mejorar la vida de las familias chilenas. Este 21 de noviembre, #Vota3
#AhoraYasna",,,,"lower_bound: 1000, upper_bound: 1999","lower_bound: 3500, upper_bound: 3999",CLP,"{""age"":""35-44"",""gender"":""unknown"",""percentage"":0.004826},{""age"":""65+"",""gender"":""female"",""percentage"":0.057915},{""age"":""45-54"",""gender"":""female"",""percentage"":0.094595},{""age"":""35-44"",""gender"":""male"",""percentage"":0.287645},{""age"":""35-44"",""gender"":""female"",""percentage"":0.329151},{""age"":""45-54"",""gender"":""male"",""percentage"":0.071429},{""age"":""55-64"",""gender"":""female"",""percentage"":0.059846},{""age"":""65+"",""gender"":""male"",""percentage"":0.061776},{""age"":""45-54"",""gender"":""unknown"",""percentage"":0.001931},{""age"":""55-64"",""gender"":""male"",""percentage"":0.027992},{""age"":""65+"",""gender"":""unknown"",""percentage"":0.002896}","{""region"":""Arica y Parinacota Region"",""percentage"":0.138298},{""region"":""Antofagasta Region"",""percentage"":0.284333},{""region"":""Atacama Region"",""percentage"":0.069632},{""region"":""Coquimbo Region"",""percentage"":0.332689},{""region"":""Tarapac\u00e1 Region"",""percentage"":0.175048}","facebook,instagram","lower_bound: 100001, upper_bound: 500000",es
1028869781020727,669777673091551,"Yasna Provoste Campillay",2021-11-16,2021-11-17,2021-11-18,"Yasna Provoste Campillay","Cinco medidas que proponemos para mejorar la vida de las familias chilenas. Este 21 de noviembre, #Vota3
#AhoraYasna",,,,"lower_bound: 2000, upper_bound: 2999","lower_bound: 8000, upper_bound: 8999",CLP,"{""age"":""35-44"",""gender"":""unknown"",""percentage"":0.00619},{""age"":""45-54"",""gender"":""unknown"",""percentage"":0.003939},{""age"":""55-64"",""gender"":""male"",""percentage"":0.023073},{""age"":""45-54"",""gender"":""female"",""percentage"":0.123804},{""age"":""35-44"",""gender"":""male"",""percentage"":0.275746},{""age"":""35-44"",""gender"":""female"",""percentage"":0.375914},{""age"":""55-64"",""gender"":""female"",""percentage"":0.048959},{""age"":""45-54"",""gender"":""male"",""percentage"":0.059651},{""age"":""65+"",""gender"":""female"",""percentage"":0.036016},{""age"":""65+"",""gender"":""male"",""percentage"":0.046145},{""age"":""65+"",""gender"":""unknown"",""percentage"":0.000563}","{""region"":""Santiago Metropolitan Region"",""percentage"":1}","facebook,instagram","lower_bound: 500001, upper_bound: 1000000",es
4586041591433793,669777673091551,"Yasna Provoste Campillay",2021-11-16,2021-11-17,2021-11-18,"Yasna Provoste Campillay","Las mujeres queremos ser protagonistas de nuestro propio destino, no queremos que los hombres hablen por nosotras. Como decía Gabriela Mistral, cada vez que votamos por un hombre, invisibilizamos los problemas y aspiraciones que tenemos las mujeres. #AhoraYasna",,,,"lower_bound: 5000, upper_bound: 5999","lower_bound: 20000, upper_bound: 24999",CLP,"{""age"":""55-64"",""gender"":""unknown"",""percentage"":0.000617},{""age"":""45-54"",""gender"":""unknown"",""percentage"":0.003494},{""age"":""65+"",""gender"":""female"",""percentage"":0.030004},{""age"":""55-64"",""gender"":""female"",""percentage"":0.053637},{""age"":""65+"",""gender"":""male"",""percentage"":0.029799},{""age"":""55-64"",""gender"":""male"",""percentage"":0.027333},{""age"":""45-54"",""gender"":""female"",""percentage"":0.132141},{""age"":""35-44"",""gender"":""female"",""percentage"":0.392931},{""age"":""35-44"",""gender"":""male"",""percentage"":0.258118},{""age"":""45-54"",""gender"":""male"",""percentage"":0.065762},{""age"":""35-44"",""gender"":""unknown"",""percentage"":0.005549},{""age"":""65+"",""gender"":""unknown"",""percentage"":0.000617}","{""region"":""Santiago Metropolitan Region"",""percentage"":1}","facebook,instagram","lower_bound: 500001, upper_bound: 1000000",es
221607590053396,669777673091551,"Yasna Provoste Campillay",2021-11-16,2021-11-17,2021-11-18,"Yasna Provoste Campillay","Las mujeres queremos ser protagonistas de nuestro propio destino, no queremos que los hombres hablen por nosotras. Como decía Gabriela Mistral, cada vez que votamos por un hombre, invisibilizamos los problemas y aspiraciones que tenemos las mujeres. #AhoraYasna",,,,"lower_bound: 5000, upper_bound: 5999","lower_bound: 25000, upper_bound: 29999",CLP,"{""age"":""65+"",""gender"":""unknown"",""percentage"":0.001182},{""age"":""55-64"",""gender"":""unknown"",""percentage"":0.001182},{""age"":""35-44"",""gender"":""unknown"",""percentage"":0.008468},{""age"":""45-54"",""gender"":""unknown"",""percentage"":0.00256},{""age"":""65+"",""gender"":""female"",""percentage"":0.035053},{""age"":""55-64"",""gender"":""female"",""percentage"":0.070106},{""age"":""55-64"",""gender"":""male"",""percentage"":0.027964},{""age"":""45-54"",""gender"":""female"",""percentage"":0.141197},{""age"":""35-44"",""gender"":""male"",""percentage"":0.224695},{""age"":""35-44"",""gender"":""female"",""percentage"":0.375935},{""age"":""45-54"",""gender"":""male"",""percentage"":0.08015},{""age"":""65+"",""gender"":""male"",""percentage"":0.031312},{""age"":""13-17"",""gender"":""male"",""percentage"":0.000197}","{""region"":""Valpara\u00edso Region"",""percentage"":0.488245},{""region"":""O'Higgins Region"",""percentage"":0.053487},{""region"":""Maule Region"",""percentage"":0.338558},{""region"":""Santiago Metropolitan Region"",""percentage"":0.11971}","facebook,instagram","lower_bound: 500001, upper_bound: 1000000",es
373991861141154,669777673091551,"Yasna Provoste Campillay",2021-11-16,2021-11-17,2021-11-18,"Yasna Provoste Campillay","Cinco medidas que proponemos para mejorar la vida de las familias chilenas. Este 21 de noviembre, #Vota3
#AhoraYasna",,,,"lower_bound: 1000, upper_bound: 1999","lower_bound: 3000, upper_bound: 3499",CLP,"{""age"":""35-44"",""gender"":""unknown"",""percentage"":0.003378},{""age"":""45-54"",""gender"":""unknown"",""percentage"":0.001126},{""age"":""35-44"",""gender"":""female"",""percentage"":0.341216},{""age"":""45-54"",""gender"":""female"",""percentage"":0.138514},{""age"":""65+"",""gender"":""female"",""percentage"":0.063063},{""age"":""35-44"",""gender"":""male"",""percentage"":0.25},{""age"":""45-54"",""gender"":""male"",""percentage"":0.073198},{""age"":""65+"",""gender"":""male"",""percentage"":0.042793},{""age"":""55-64"",""gender"":""male"",""percentage"":0.021396},{""age"":""55-64"",""gender"":""female"",""percentage"":0.061937},{""age"":""65+"",""gender"":""unknown"",""percentage"":0.002252},{""age"":""55-64"",""gender"":""unknown"",""percentage"":0.001126}","{""region"":""Araucan\u00eda Region"",""percentage"":0.155902},{""region"":""B\u00edo B\u00edo Region"",""percentage"":0.63363},{""region"":""Los Lagos Region"",""percentage"":0.163697},{""region"":""Magallanes y la Ant\u00e1rtica Chilena Region"",""percentage"":0.046771}","facebook,instagram","lower_bound: 500001, upper_bound: 1000000",es
882073026003613,669777673091551,"Yasna Provoste Campillay",2021-11-16,2021-11-17,2021-11-18,"Yasna Provoste Campillay","Las mujeres queremos ser protagonistas de nuestro propio destino, no queremos que los hombres hablen por nosotras. Como decía Gabriela Mistral, cada vez que votamos por un hombre, invisibilizamos los problemas y aspiraciones que tenemos las mujeres. #AhoraYasna",,,,"lower_bound: 2000, upper_bound: 2999","lower_bound: 8000, upper_bound: 8999",CLP,"{""age"":""35-44"",""gender"":""unknown"",""percentage"":0.010237},{""age"":""55-64"",""gender"":""unknown"",""percentage"":0.000931},{""age"":""45-54"",""gender"":""unknown"",""percentage"":0.001861},{""age"":""55-64"",""gender"":""female"",""percentage"":0.066543},{""age"":""65+"",""gender"":""male"",""percentage"":0.050256},{""age"":""45-54"",""gender"":""female"",""percentage"":0.145184},{""age"":""65+"",""gender"":""unknown"",""percentage"":0.001861},{""age"":""35-44"",""gender"":""male"",""percentage"":0.21638},{""age"":""35-44"",""gender"":""female"",""percentage"":0.355514},{""age"":""45-54"",""gender"":""male"",""percentage"":0.078641},{""age"":""55-64"",""gender"":""male"",""percentage"":0.031643},{""age"":""65+"",""gender"":""female"",""percentage"":0.040949}","{""region"":""Araucan\u00eda Region"",""percentage"":0.136986},{""region"":""B\u00edo B\u00edo Region"",""percentage"":0.657534},{""region"":""Los Lagos Region"",""percentage"":0.148323},{""region"":""Magallanes y la Ant\u00e1rtica Chilena Region"",""percentage"":0.057156}","facebook,instagram","lower_bound: 500001, upper_bound: 1000000",es
271682371532076,669777673091551,"Yasna Provoste Campillay",2021-11-15,2021-11-16,2021-11-18,"Yasna Provoste Campillay","Pablo Silva Amaya, Gobernador de la región de O´Higgins, vota por un Chile que recupere la paz, los empleos, por barrios más seguros y salud y educación de calidad para todos y todas.
Para juntos y juntas unir y sanar a Chile, vota 3, vota #AhoraYasna.
¡Muchas gracias por tu apoyo y respaldo gobernador Pablo!","O'Higgins con Yasna",yasnapresidenta.cl,,"lower_bound: 25000, upper_bound: 29999","lower_bound: 200000, upper_bound: 249999",CLP,"{""age"":""13-17"",""gender"":""male"",""percentage"":6.7e-5},{""age"":""65+"",""gender"":""female"",""percentage"":0.030921},{""age"":""55-64"",""gender"":""female"",""percentage"":0.077},{""age"":""45-54"",""gender"":""female"",""percentage"":0.176873},{""age"":""45-54"",""gender"":""male"",""percentage"":0.077135},{""age"":""55-64"",""gender"":""male"",""percentage"":0.02589},{""age"":""35-44"",""gender"":""female"",""percentage"":0.36924},{""age"":""35-44"",""gender"":""male"",""percentage"":0.214971},{""age"":""65+"",""gender"":""male"",""percentage"":0.019049},{""age"":""35-44"",""gender"":""unknown"",""percentage"":0.005366},{""age"":""45-54"",""gender"":""unknown"",""percentage"":0.001945},{""age"":""55-64"",""gender"":""unknown"",""percentage"":0.000604},{""age"":""65+"",""gender"":""unknown"",""percentage"":0.000872},{""age"":""13-17"",""gender"":""female"",""percentage"":6.7e-5}","{""region"":""O'Higgins Region"",""percentage"":0.999935},{""region"":""B\u00edo B\u00edo Region"",""percentage"":6.5e-5}","facebook,instagram","lower_bound: 100001, upper_bound: 500000",es
1021587148403989,669777673091551,"Yasna Provoste Campillay",2021-11-15,2021-11-16,2021-11-19,"Yasna Provoste Campillay","El concejal Patricio Pinilla vota por un Chile que recupere la paz, los empleos, con barrios más seguros y salud y educación de calidad para todos y todas.
Para juntos y juntas unir y sanar a Chile, vota 3, vota #AhoraYasna.
¡Muchas gracias por tu apoyo y respaldo Patricio!","Los Ángeles con Yasna",yasnapresidenta.cl,,"lower_bound: 5000, upper_bound: 5999","lower_bound: 50000, upper_bound: 59999",CLP,"{""age"":""13-17"",""gender"":""male"",""percentage"":0.000193},{""age"":""65+"",""gender"":""unknown"",""percentage"":0.000386},{""age"":""35-44"",""gender"":""unknown"",""percentage"":0.006561},{""age"":""45-54"",""gender"":""female"",""percentage"":0.186993},{""age"":""55-64"",""gender"":""female"",""percentage"":0.080085},{""age"":""35-44"",""gender"":""male"",""percentage"":0.213817},{""age"":""45-54"",""gender"":""male"",""percentage"":0.079892},{""age"":""55-64"",""gender"":""male"",""percentage"":0.03049},{""age"":""35-44"",""gender"":""female"",""percentage"":0.347549},{""age"":""65+"",""gender"":""male"",""percentage"":0.020841},{""age"":""65+"",""gender"":""female"",""percentage"":0.030297},{""age"":""45-54"",""gender"":""unknown"",""percentage"":0.002123},{""age"":""55-64"",""gender"":""unknown"",""percentage"":0.000772}","{""region"":""B\u00edo B\u00edo Region"",""percentage"":1}","facebook,instagram","lower_bound: 50001, upper_bound: 100000",es
1570486353287652,669777673091551,"Yasna Provoste Campillay",2021-11-15,2021-11-16,2021-11-18,"Yasna Provoste Campillay","La concejala Mónica Rojas vota por un Chile que recupere la paz, los empleos, con barrios más seguros y salud y educación de calidad para todos y todas.
Para juntos y juntas unir y sanar a Chile, vota 3, vota #AhoraYasna.
¡Muchas gracias por tu apoyo y respaldo Mónica!","San Clemente con Yasna",yasnapresidenta.cl,,"lower_bound: 1000, upper_bound: 1999","lower_bound: 30000, upper_bound: 34999",CLP,"{""age"":""45-54"",""gender"":""unknown"",""percentage"":0.002789},{""age"":""65+"",""gender"":""male"",""percentage"":0.013947},{""age"":""45-54"",""gender"":""female"",""percentage"":0.148536},{""age"":""35-44"",""gender"":""female"",""percentage"":0.377964},{""age"":""55-64"",""gender"":""male"",""percentage"":0.020921},{""age"":""35-44"",""gender"":""male"",""percentage"":0.251046},{""age"":""65+"",""gender"":""female"",""percentage"":0.025802},{""age"":""55-64"",""gender"":""female"",""percentage"":0.059275},{""age"":""45-54"",""gender"":""male"",""percentage"":0.09484},{""age"":""35-44"",""gender"":""unknown"",""percentage"":0.002789},{""age"":""55-64"",""gender"":""unknown"",""percentage"":0.002092}","{""region"":""Maule Region"",""percentage"":1}","facebook,instagram","lower_bound: 5001, upper_bound: 10000",es
585626329439955,669777673091551,"Yasna Provoste Campillay",2021-11-15,2021-11-16,2021-11-18,"Yasna Provoste Campillay","El alcalde Patricio Fernández vota por un Chile que recupere la paz, los empleos, con barrios más seguros y salud y educación de calidad para todos y todas.
Para juntos y juntas unir y sanar a Chile, vota 3, vota #AhoraYasna.
¡Muchas gracias por tu apoyo y respaldo alcalde Patricio!","Cabo de Hornos con Yasna",yasnapresidenta.cl,,"lower_bound: 0, upper_bound: 999","lower_bound: 4000, upper_bound: 4499",CLP,"{""age"":""65+"",""gender"":""female"",""percentage"":0.008547},{""age"":""65+"",""gender"":""male"",""percentage"":0.017094},{""age"":""45-54"",""gender"":""unknown"",""percentage"":0.008547},{""age"":""35-44"",""gender"":""unknown"",""percentage"":0.025641},{""age"":""45-54"",""gender"":""female"",""percentage"":0.162393},{""age"":""45-54"",""gender"":""male"",""percentage"":0.068376},{""age"":""35-44"",""gender"":""male"",""percentage"":0.282051},{""age"":""35-44"",""gender"":""female"",""percentage"":0.358974},{""age"":""55-64"",""gender"":""male"",""percentage"":0.051282},{""age"":""55-64"",""gender"":""female"",""percentage"":0.017094}","{""region"":""Magallanes y la Ant\u00e1rtica Chilena Region"",""percentage"":1}","facebook,instagram","lower_bound: 100, upper_bound: 1000",es
262179155967113,669777673091551,"Yasna Provoste Campillay",2021-11-15,2021-11-16,2021-11-18,"Yasna Provoste Campillay","El alcalde Gustavo Toro vota por un Chile que recupere la paz, los empleos, con barrios más seguros y salud y educación de calidad para todos y todas.
Para juntos y juntas unir y sanar a Chile, vota 3, vota #AhoraYasna.
¡Muchas gracias por tu apoyo y respaldo alcalde Gustavo!","San Ramón con Yasna",yasnapresidenta.cl,,"lower_bound: 3000, upper_bound: 3999","lower_bound: 45000, upper_bound: 49999",CLP,"{""age"":""13-17"",""gender"":""female"",""percentage"":0.000539},{""age"":""55-64"",""gender"":""unknown"",""percentage"":0.001347},{""age"":""45-54"",""gender"":""unknown"",""percentage"":0.002425},{""age"":""65+"",""gender"":""male"",""percentage"":0.01778},{""age"":""55-64"",""gender"":""male"",""percentage"":0.029095},{""age"":""65+"",""gender"":""female"",""percentage"":0.031519},{""age"":""35-44"",""gender"":""female"",""percentage"":0.378233},{""age"":""55-64"",""gender"":""female"",""percentage"":0.077586},{""age"":""45-54"",""gender"":""female"",""percentage"":0.162716},{""age"":""35-44"",""gender"":""male"",""percentage"":0.227371},{""age"":""45-54"",""gender"":""male"",""percentage"":0.065733},{""age"":""35-44"",""gender"":""unknown"",""percentage"":0.004849},{""age"":""65+"",""gender"":""unknown"",""percentage"":0.000808}","{""region"":""Santiago Metropolitan Region"",""percentage"":1}","facebook,instagram","lower_bound: 10001, upper_bound: 50000",es
650367413039430,669777673091551,"Yasna Provoste Campillay",2021-11-15,2021-11-16,2021-11-18,"Yasna Provoste Campillay","El alcalde Claudio Castro vota por un Chile que recupere la paz, los empleos, con barrios más seguros y salud y educación de calidad para todos y todas.
Para juntos y juntas unir y sanar a Chile, vota 3, vota #AhoraYasna.
¡Muchas gracias por tu apoyo y respaldo alcalde Castro!","Renca con Yasna",yasnapresidenta.cl,,"lower_bound: 5000, upper_bound: 5999","lower_bound: 45000, upper_bound: 49999",CLP,"{""age"":""13-17"",""gender"":""unknown"",""percentage"":0.000182},{""age"":""65+"",""gender"":""unknown"",""percentage"":0.000182},{""age"":""55-64"",""gender"":""unknown"",""percentage"":0.000365},{""age"":""35-44"",""gender"":""unknown"",""percentage"":0.005292},{""age"":""45-54"",""gender"":""unknown"",""percentage"":0.001825},{""age"":""55-64"",""gender"":""female"",""percentage"":0.065146},{""age"":""65+"",""gender"":""male"",""percentage"":0.02208},{""age"":""35-44"",""gender"":""male"",""percentage"":0.240146},{""age"":""35-44"",""gender"":""female"",""percentage"":0.369526},{""age"":""45-54"",""gender"":""male"",""percentage"":0.07792},{""age"":""55-64"",""gender"":""male"",""percentage"":0.026642},{""age"":""45-54"",""gender"":""female"",""percentage"":0.161679},{""age"":""65+"",""gender"":""female"",""percentage"":0.029015}","{""region"":""Santiago Metropolitan Region"",""percentage"":1}","facebook,instagram","lower_bound: 10001, upper_bound: 50000",es
1567027600299954,669777673091551,"Yasna Provoste Campillay",2021-11-15,2021-11-15,2021-11-17,"Yasna Provoste Campillay","La alcaldesa Ivonne Rivas vota por un Chile que recupere la paz, los empleos, con barrios más seguros y salud y educación de calidad para todos y todas.
Para juntos y juntas unir y sanar a Chile, vota 3, vota #AhoraYasna.
¡Muchas gracias por tu apoyo y respaldo alcaldesa Ivonne!","Tomé con Yasna",yasnapresidenta.cl,,"lower_bound: 2000, upper_bound: 2999","lower_bound: 45000, upper_bound: 49999",CLP,"{""age"":""35-44"",""gender"":""unknown"",""percentage"":0.004159},{""age"":""55-64"",""gender"":""female"",""percentage"":0.087713},{""age"":""65+"",""gender"":""female"",""percentage"":0.02949},{""age"":""45-54"",""gender"":""female"",""percentage"":0.182987},{""age"":""45-54"",""gender"":""male"",""percentage"":0.0862},{""age"":""55-64"",""gender"":""male"",""percentage"":0.026087},{""age"":""35-44"",""gender"":""female"",""percentage"":0.367108},{""age"":""35-44"",""gender"":""male"",""percentage"":0.193195},{""age"":""65+"",""gender"":""male"",""percentage"":0.020794},{""age"":""55-64"",""gender"":""unknown"",""percentage"":0.001134},{""age"":""45-54"",""gender"":""unknown"",""percentage"":0.001134}","{""region"":""B\u00edo B\u00edo Region"",""percentage"":1}","facebook,instagram","lower_bound: 10001, upper_bound: 50000",es
437334831274439,669777673091551,"Yasna Provoste Campillay",2021-11-15,2021-11-15,2021-11-15,"Yasna Provoste Campillay","Patricio Vallespín, Gobernador de la región de Los Lagos, vota por un Chile que recupere la paz, los empleos, por barrios más seguros y salud y educación de calidad para todos y todas.
Para juntos y juntas unir y sanar a Chile, vota 3, vota #AhoraYasna.
¡Muchas gracias por tu apoyo y respaldo Patricio!","Los Lagos con Yasna",yasnapresidenta.cl,,"lower_bound: 15000, upper_bound: 19999","lower_bound: 150000, upper_bound: 174999",CLP,"{""age"":""65+"",""gender"":""unknown"",""percentage"":0.000912},{""age"":""55-64"",""gender"":""female"",""percentage"":0.076949},{""age"":""55-64"",""gender"":""unknown"",""percentage"":0.001493},{""age"":""65+"",""gender"":""male"",""percentage"":0.022305},{""age"":""35-44"",""gender"":""male"",""percentage"":0.218657},{""age"":""55-64"",""gender"":""male"",""percentage"":0.028773},{""age"":""65+"",""gender"":""female"",""percentage"":0.034245},{""age"":""35-44"",""gender"":""female"",""percentage"":0.361526},{""age"":""45-54"",""gender"":""female"",""percentage"":0.16675},{""age"":""45-54"",""gender"":""male"",""percentage"":0.078856},{""age"":""45-54"",""gender"":""unknown"",""percentage"":0.002985},{""age"":""35-44"",""gender"":""unknown"",""percentage"":0.006385},{""age"":""13-17"",""gender"":""male"",""percentage"":0.000166}","{""region"":""Los Lagos Region"",""percentage"":1}","facebook,instagram","lower_bound: 100001, upper_bound: 500000",es
1688050791399226,669777673091551,"Yasna Provoste Campillay",2021-11-15,2021-11-15,2021-11-17,"Yasna Provoste Campillay","Cristina Bravo, Gobernadora de la región del Maule, vota por un Chile que recupere la paz, los empleos, por barrios más seguros y salud y educación de calidad para todos y todas.
Para juntos y juntas unir y sanar a Chile, vota 3, vota #AhoraYasna.
¡Muchas gracias por tu apoyo y respaldo Cristina!","Maule con Yasna",yasnapresidenta.cl,,"lower_bound: 20000, upper_bound: 24999","lower_bound: 150000, upper_bound: 174999",CLP,"{""age"":""35-44"",""gender"":""unknown"",""percentage"":0.004846},{""age"":""45-54"",""gender"":""female"",""percentage"":0.168919},{""age"":""65+"",""gender"":""female"",""percentage"":0.030713},{""age"":""65+"",""gender"":""unknown"",""percentage"":0.000956},{""age"":""55-64"",""gender"":""male"",""percentage"":0.027437},{""age"":""45-54"",""gender"":""male"",""percentage"":0.074051},{""age"":""35-44"",""gender"":""female"",""percentage"":0.386978},{""age"":""35-44"",""gender"":""male"",""percentage"":0.197925},{""age"":""65+"",""gender"":""male"",""percentage"":0.020407},{""age"":""55-64"",""gender"":""female"",""percentage"":0.085108},{""age"":""45-54"",""gender"":""unknown"",""percentage"":0.002116},{""age"":""55-64"",""gender"":""unknown"",""percentage"":0.000546}","{""region"":""Maule Region"",""percentage"":1}","facebook,instagram","lower_bound: 100001, upper_bound: 500000",es
580733123157465,669777673091551,"Yasna Provoste Campillay",2021-11-15,2021-11-15,2021-11-15,"Yasna Provoste Campillay","Rodrigo Díaz, Gobernador de la región del Biobío, vota por un Chile que recupere la paz, los empleos, por barrios más seguros y salud y educación de calidad para todos y todas.
Para juntos y juntas unir y sanar a Chile, vota 3, vota #AhoraYasna.
¡Muchas gracias por tu apoyo y respaldo Rodrigo!","Biobío con Yasna",yasnapresidenta.cl,,"lower_bound: 50000, upper_bound: 59999","lower_bound: 200000, upper_bound: 249999",CLP,"{""age"":""55-64"",""gender"":""unknown"",""percentage"":0.000219},{""age"":""25-34"",""gender"":""unknown"",""percentage"":0.002504},{""age"":""65+"",""gender"":""male"",""percentage"":0.009138},{""age"":""65+"",""gender"":""female"",""percentage"":0.010765},{""age"":""45-54"",""gender"":""male"",""percentage"":0.019715},{""age"":""25-34"",""gender"":""female"",""percentage"":0.431857},{""age"":""25-34"",""gender"":""male"",""percentage"":0.285276},{""age"":""35-44"",""gender"":""male"",""percentage"":0.054201},{""age"":""35-44"",""gender"":""female"",""percentage"":0.101205},{""age"":""45-54"",""gender"":""female"",""percentage"":0.049225},{""age"":""55-64"",""gender"":""female"",""percentage"":0.026005},{""age"":""55-64"",""gender"":""male"",""percentage"":0.007385},{""age"":""35-44"",""gender"":""unknown"",""percentage"":0.001752},{""age"":""65+"",""gender"":""unknown"",""percentage"":0.000188},{""age"":""45-54"",""gender"":""unknown"",""percentage"":0.000563}","{""region"":""B\u00edo B\u00edo Region"",""percentage"":1}","facebook,instagram","lower_bound: 500001, upper_bound: 1000000",es
6458310840906527,669777673091551,"Yasna Provoste Campillay",2021-11-15,2021-11-15,2021-11-17,"Yasna Provoste Campillay","Claudio Orrego, Gobernador de la Región Metropolitana, vota por un Chile que recupere la paz, los empleos, por barrios más seguros y salud y educación de calidad para todos y todas.
Para juntos y juntas unir y sanar a Chile, vota 3, vota #AhoraYasna.
¡Muchas gracias por tu apoyo y respaldo gobernador Orrego!","La RM con Yasna",yasnapresidenta.cl,,"lower_bound: 50000, upper_bound: 59999","lower_bound: 300000, upper_bound: 349999",CLP,"{""age"":""13-17"",""gender"":""female"",""percentage"":4.6e-5},{""age"":""65+"",""gender"":""unknown"",""percentage"":0.001151},{""age"":""45-54"",""gender"":""unknown"",""percentage"":0.003038},{""age"":""55-64"",""gender"":""female"",""percentage"":0.07001},{""age"":""35-44"",""gender"":""unknown"",""percentage"":0.008538},{""age"":""35-44"",""gender"":""male"",""percentage"":0.245449},{""age"":""45-54"",""gender"":""male"",""percentage"":0.073186},{""age"":""65+"",""gender"":""female"",""percentage"":0.042393},{""age"":""55-64"",""gender"":""male"",""percentage"":0.029689},{""age"":""65+"",""gender"":""male"",""percentage"":0.035557},{""age"":""45-54"",""gender"":""female"",""percentage"":0.129617},{""age"":""35-44"",""gender"":""female"",""percentage"":0.360245},{""age"":""55-64"",""gender"":""unknown"",""percentage"":0.001059},{""age"":""13-17"",""gender"":""male"",""percentage"":2.3e-5}","{""region"":""Santiago Metropolitan Region"",""percentage"":1}","facebook,instagram","lower_bound: 1000001",es
383584656856474,669777673091551,"Yasna Provoste Campillay",2021-11-15,2021-11-15,2021-11-15,"Yasna Provoste Campillay","Jorge Flies, Gobernador de la región de Magallanes, vota por un Chile que recupere la paz, los empleos, por barrios más seguros y salud y educación de calidad para todos y todas.
Para juntos y juntas unir y sanar a Chile, vota 3, vota #AhoraYasna.
¡Muchas gracias por tu apoyo y respaldo gobernador Jorge Flies!","Magallanes con Yasna",yasnapresidenta.cl,,"lower_bound: 6000, upper_bound: 6999","lower_bound: 60000, upper_bound: 69999",CLP,"{""age"":""55-64"",""gender"":""unknown"",""percentage"":0.000958},{""age"":""45-54"",""gender"":""unknown"",""percentage"":0.003831},{""age"":""45-54"",""gender"":""male"",""percentage"":0.079981},{""age"":""65+"",""gender"":""male"",""percentage"":0.02251},{""age"":""35-44"",""gender"":""unknown"",""percentage"":0.007663},{""age"":""35-44"",""gender"":""female"",""percentage"":0.348898},{""age"":""35-44"",""gender"":""male"",""percentage"":0.279693},{""age"":""55-64"",""gender"":""female"",""percentage"":0.065134},{""age"":""45-54"",""gender"":""female"",""percentage"":0.134818},{""age"":""65+"",""gender"":""unknown"",""percentage"":0.000479},{""age"":""65+"",""gender"":""female"",""percentage"":0.030412},{""age"":""55-64"",""gender"":""male"",""percentage"":0.025623}","{""region"":""Magallanes y la Ant\u00e1rtica Chilena Region"",""percentage"":1}","facebook,instagram","lower_bound: 10001, upper_bound: 50000",es
467014978095178,669777673091551,"Yasna Provoste Campillay",2021-11-15,2021-11-15,2021-11-15,"Yasna Provoste Campillay","Andrea Macías, Gobernadora de la región de Aysén, vota por un Chile que recupere la paz, los empleos, por barrios más seguros y salud y educación de calidad para todos y todas.
Para juntos y juntas unir y sanar a Chile, vota 3, vota #AhoraYasna.
¡Muchas gracias por tu apoyo y respaldo gobernadora Andrea!","Aysén con Yasna",yasnapresidenta.cl,,"lower_bound: 5000, upper_bound: 5999","lower_bound: 60000, upper_bound: 69999",CLP,"{""age"":""55-64"",""gender"":""unknown"",""percentage"":0.000696},{""age"":""45-54"",""gender"":""male"",""percentage"":0.081768},{""age"":""45-54"",""gender"":""female"",""percentage"":0.145094},{""age"":""35-44"",""gender"":""unknown"",""percentage"":0.008351},{""age"":""55-64"",""gender"":""female"",""percentage"":0.051844},{""age"":""35-44"",""gender"":""female"",""percentage"":0.395268},{""age"":""55-64"",""gender"":""male"",""percentage"":0.018441},{""age"":""65+"",""gender"":""male"",""percentage"":0.022617},{""age"":""35-44"",""gender"":""male"",""percentage"":0.250174},{""age"":""65+"",""gender"":""female"",""percentage"":0.022965},{""age"":""45-54"",""gender"":""unknown"",""percentage"":0.002088},{""age"":""65+"",""gender"":""unknown"",""percentage"":0.000696}","{""region"":""Ays\u00e9n Region"",""percentage"":1}","facebook,instagram","lower_bound: 10001, upper_bound: 50000",es
919300875668043,669777673091551,"Yasna Provoste Campillay",2021-11-15,2021-11-15,2021-11-15,"Yasna Provoste Campillay","Luis Cuvertino, Gobernador de la región de Los Ríos, vota por un Chile que recupere la paz, los empleos, por barrios más seguros y salud y educación de calidad para todos y todas.
Para juntos y juntas unir y sanar a Chile, vota 3, vota #AhoraYasna.
¡Muchas gracias por tu apoyo y respaldo gobernador Cuvertino!","Los Ríos con Yasna",yasnapresidenta.cl,,"lower_bound: 15000, upper_bound: 19999","lower_bound: 150000, upper_bound: 174999",CLP,"{""age"":""55-64"",""gender"":""male"",""percentage"":0.026605},{""age"":""55-64"",""gender"":""female"",""percentage"":0.071224},{""age"":""35-44"",""gender"":""female"",""percentage"":0.375805},{""age"":""65+"",""gender"":""male"",""percentage"":0.024457},{""age"":""45-54"",""gender"":""male"",""percentage"":0.076712},{""age"":""35-44"",""gender"":""male"",""percentage"":0.216058},{""age"":""45-54"",""gender"":""female"",""percentage"":0.15748},{""age"":""65+"",""gender"":""female"",""percentage"":0.039012},{""age"":""55-64"",""gender"":""unknown"",""percentage"":0.001074},{""age"":""35-44"",""gender"":""unknown"",""percentage"":0.00692},{""age"":""45-54"",""gender"":""unknown"",""percentage"":0.003818},{""age"":""65+"",""gender"":""unknown"",""percentage"":0.000835}","{""region"":""Los R\u00edos Region"",""percentage"":1}","facebook,instagram","lower_bound: 50001, upper_bound: 100000",es
409733767293101,669777673091551,"Yasna Provoste Campillay",2021-11-15,2021-11-15,2021-11-15,"Yasna Provoste Campillay","Óscar Crisóstomo, Gobernador de la región de Ñuble, vota por un Chile que recupere la paz, los empleos, por barrios más seguros y salud y educación de calidad para todos y todas.
Para juntos y juntas unir y sanar a Chile, vota 3, vota #AhoraYasna.
¡Muchas gracias por tu apoyo y respaldo Óscar!","Ñuble con Yasna",yasnapresidenta.cl,,"lower_bound: 10000, upper_bound: 14999","lower_bound: 150000, upper_bound: 174999",CLP,"{""age"":""13-17"",""gender"":""female"",""percentage"":0.000109},{""age"":""45-54"",""gender"":""unknown"",""percentage"":0.00228},{""age"":""35-44"",""gender"":""unknown"",""percentage"":0.006515},{""age"":""65+"",""gender"":""female"",""percentage"":0.034745},{""age"":""45-54"",""gender"":""male"",""percentage"":0.064278},{""age"":""45-54"",""gender"":""female"",""percentage"":0.190554},{""age"":""55-64"",""gender"":""male"",""percentage"":0.024864},{""age"":""55-64"",""gender"":""female"",""percentage"":0.080999},{""age"":""35-44"",""gender"":""female"",""percentage"":0.371987},{""age"":""35-44"",""gender"":""male"",""percentage"":0.203474},{""age"":""65+"",""gender"":""male"",""percentage"":0.017915},{""age"":""65+"",""gender"":""unknown"",""percentage"":0.000869},{""age"":""55-64"",""gender"":""unknown"",""percentage"":0.001412}","{""region"":""B\u00edo B\u00edo Region"",""percentage"":1}","facebook,instagram","lower_bound: 100001, upper_bound: 500000",es
2995532634039068,669777673091551,"Yasna Provoste Campillay",2021-11-15,2021-11-15,2021-11-17,"Yasna Provoste Campillay","Jorge Díaz Ibarra, Gobernador de Arica y Parinacota, vota por un Chile que recupere la paz, los empleos, por barrios más seguros y salud y educación de calidad para todos y todas.
Para juntos y juntas unir y sanar a Chile, vota 3, vota #AhoraYasna.
¡Muchas gracias por tu apoyo y respaldo gobernador Jorge Díaz!","Arica con Yasna",yasnapresidenta.cl,,"lower_bound: 10000, upper_bound: 14999","lower_bound: 150000, upper_bound: 174999",CLP,"{""age"":""55-64"",""gender"":""unknown"",""percentage"":0.0006},{""age"":""35-44"",""gender"":""unknown"",""percentage"":0.005546},{""age"":""65+"",""gender"":""unknown"",""percentage"":0.00075},{""age"":""65+"",""gender"":""female"",""percentage"":0.029531},{""age"":""45-54"",""gender"":""female"",""percentage"":0.156049},{""age"":""35-44"",""gender"":""female"",""percentage"":0.366212},{""age"":""55-64"",""gender"":""male"",""percentage"":0.026533},{""age"":""35-44"",""gender"":""male"",""percentage"":0.254684},{""age"":""55-64"",""gender"":""female"",""percentage"":0.06176},{""age"":""45-54"",""gender"":""male"",""percentage"":0.074651},{""age"":""65+"",""gender"":""male"",""percentage"":0.021436},{""age"":""45-54"",""gender"":""unknown"",""percentage"":0.002249}","{""region"":""Arica y Parinacota Region"",""percentage"":0.990353},{""region"":""Tacna Region"",""percentage"":0.009647}","facebook,instagram","lower_bound: 50001, upper_bound: 100000",es
919142329000012,669777673091551,"Yasna Provoste Campillay",2021-11-15,2021-11-15,2021-11-15,"Yasna Provoste Campillay","Óscar Crisóstomo, Gobernador de la región de Ñuble, vota por un Chile que recupere la paz, los empleos, por barrios más seguros y salud y educación de calidad para todos y todas.
Para juntos y juntas unir y sanar a Chile, vota 3, vota #AhoraYasna.
¡Muchas gracias por tu apoyo y respaldo Óscar!","Ñuble con Yasna",yasnapresidenta.cl,,"lower_bound: 3000, upper_bound: 3999","lower_bound: 40000, upper_bound: 44999",CLP,"{""age"":""45-54"",""gender"":""unknown"",""percentage"":0.000797},{""age"":""45-54"",""gender"":""female"",""percentage"":0.188313},{""age"":""35-44"",""gender"":""male"",""percentage"":0.211155},{""age"":""45-54"",""gender"":""male"",""percentage"":0.067463},{""age"":""35-44"",""gender"":""female"",""percentage"":0.388313},{""age"":""55-64"",""gender"":""female"",""percentage"":0.067729},{""age"":""65+"",""gender"":""male"",""percentage"":0.021514},{""age"":""55-64"",""gender"":""male"",""percentage"":0.019389},{""age"":""65+"",""gender"":""female"",""percentage"":0.027888},{""age"":""35-44"",""gender"":""unknown"",""percentage"":0.006375},{""age"":""65+"",""gender"":""unknown"",""percentage"":0.000531},{""age"":""55-64"",""gender"":""unknown"",""percentage"":0.000531}","{""region"":""B\u00edo B\u00edo Region"",""percentage"":1}","facebook,instagram","lower_bound: 100001, upper_bound: 500000",es
2688236928144952,669777673091551,"Yasna Provoste Campillay",2021-11-14,2021-11-15,2021-11-19,"Yasna Provoste Campillay","En los primeros 100 días de nuestro gobierno, recuperaremos la seguridad de nuestros barrios: Sacaremos las armas de las calles, descabezaremos al narcotráfico y recuperaremos la paz, comenzando con los 40 barrios más críticos. Para que las familias de Chile vivan en paz, #vota3.",,,,"lower_bound: 70000, upper_bound: 79999","lower_bound: 50000, upper_bound: 59999",CLP,"{""age"":""25-34"",""gender"":""unknown"",""percentage"":0.001355},{""age"":""55-64"",""gender"":""unknown"",""percentage"":0.000232},{""age"":""35-44"",""gender"":""unknown"",""percentage"":0.002013},{""age"":""55-64"",""gender"":""male"",""percentage"":0.024102},{""age"":""65+"",""gender"":""female"",""percentage"":0.024528},{""age"":""55-64"",""gender"":""female"",""percentage"":0.072713},{""age"":""25-34"",""gender"":""female"",""percentage"":0.247024},{""age"":""25-34"",""gender"":""male"",""percentage"":0.173265},{""age"":""35-44"",""gender"":""female"",""percentage"":0.18732},{""age"":""45-54"",""gender"":""male"",""percentage"":0.049579},{""age"":""45-54"",""gender"":""female"",""percentage"":0.117801},{""age"":""35-44"",""gender"":""male"",""percentage"":0.088897},{""age"":""65+"",""gender"":""male"",""percentage"":0.010009},{""age"":""65+"",""gender"":""unknown"",""percentage"":0.000213},{""age"":""45-54"",""gender"":""unknown"",""percentage"":0.000949}","{""region"":""Los R\u00edos Region"",""percentage"":0.033845},{""region"":""Arica y Parinacota Region"",""percentage"":0.019022},{""region"":""Valpara\u00edso Region"",""percentage"":0.107978},{""region"":""Ays\u00e9n Region"",""percentage"":0.01132},{""region"":""Antofagasta Region"",""percentage"":0.04472},{""region"":""Araucan\u00eda Region"",""percentage"":0.081564},{""region"":""Atacama Region"",""percentage"":0.026859},{""region"":""B\u00edo B\u00edo Region"",""percentage"":0.12998},{""region"":""Coquimbo Region"",""percentage"":0.057627},{""region"":""O'Higgins Region"",""percentage"":0.063471},{""region"":""Los Lagos Region"",""percentage"":0.088705},{""region"":""Magallanes y la Ant\u00e1rtica Chilena Region"",""percentage"":0.020048},{""region"":""Maule Region"",""percentage"":0.08468},{""region"":""Santiago Metropolitan Region"",""percentage"":0.202276},{""region"":""Tarapac\u00e1 Region"",""percentage"":0.027904}","facebook,instagram","lower_bound: 1000001",es
295165179146976,669777673091551,"Yasna Provoste Campillay",2021-11-14,2021-11-15,2021-11-18,"Yasna Provoste Campillay","En los primeros 100 días de nuestro gobierno, recuperaremos la seguridad de nuestros barrios: Sacaremos las armas de las calles, descabezaremos al narcotráfico y recuperaremos la paz, comenzando con los 40 barrios más críticos. Para que las familias de Chile vivan en paz, #vota3.",,,,"lower_bound: 45000, upper_bound: 49999","lower_bound: 35000, upper_bound: 39999",CLP,"{""age"":""65+"",""gender"":""female"",""percentage"":0.024854},{""age"":""35-44"",""gender"":""male"",""percentage"":0.098198},{""age"":""25-34"",""gender"":""female"",""percentage"":0.243584},{""age"":""45-54"",""gender"":""male"",""percentage"":0.054226},{""age"":""55-64"",""gender"":""female"",""percentage"":0.068536},{""age"":""45-54"",""gender"":""female"",""percentage"":0.11413},{""age"":""25-34"",""gender"":""male"",""percentage"":0.161636},{""age"":""35-44"",""gender"":""female"",""percentage"":0.194485},{""age"":""55-64"",""gender"":""male"",""percentage"":0.025375},{""age"":""65+"",""gender"":""male"",""percentage"":0.009965},{""age"":""35-44"",""gender"":""unknown"",""percentage"":0.002201},{""age"":""25-34"",""gender"":""unknown"",""percentage"":0.00113},{""age"":""45-54"",""gender"":""unknown"",""percentage"":0.001217},{""age"":""55-64"",""gender"":""unknown"",""percentage"":0.000261},{""age"":""65+"",""gender"":""unknown"",""percentage"":0.000203}","{""region"":""Los R\u00edos Region"",""percentage"":0.033034},{""region"":""Arica y Parinacota Region"",""percentage"":0.018058},{""region"":""Valpara\u00edso Region"",""percentage"":0.1061},{""region"":""Ays\u00e9n Region"",""percentage"":0.012643},{""region"":""Antofagasta Region"",""percentage"":0.043287},{""region"":""Araucan\u00eda Region"",""percentage"":0.08689},{""region"":""Atacama Region"",""percentage"":0.026842},{""region"":""B\u00edo B\u00edo Region"",""percentage"":0.137348},{""region"":""Coquimbo Region"",""percentage"":0.054749},{""region"":""O'Higgins Region"",""percentage"":0.06578},{""region"":""Los Lagos Region"",""percentage"":0.088676},{""region"":""Magallanes y la Ant\u00e1rtica Chilena Region"",""percentage"":0.021139},{""region"":""Maule Region"",""percentage"":0.085364},{""region"":""Santiago Metropolitan Region"",""percentage"":0.191867},{""region"":""Tarapac\u00e1 Region"",""percentage"":0.028224}","facebook,instagram","lower_bound: 1000001",es
290334459629495,669777673091551,"Yasna Provoste Campillay",2021-11-14,2021-11-15,2021-11-18,"Yasna Provoste Campillay","En los primeros 100 días de nuestro gobierno, recuperaremos la seguridad de nuestros barrios: Sacaremos las armas de las calles, descabezaremos al narcotráfico y recuperaremos la paz, comenzando con los 40 barrios más críticos. Para que las familias de Chile vivan en paz, #vota3.,En los primeros 100 días de nuestro gobierno, recuperaremos la seguridad de nuestros barrios: Sacaremos las armas de las calles, descabezaremos al narcotráfico y recuperaremos la paz, comenzando con los 40 barrios más críticos. Para que las familias de Chile vivan en paz, #vota3.",,yasnaprovoste.cl,,"lower_bound: 40000, upper_bound: 44999","lower_bound: 25000, upper_bound: 29999",CLP,"{""age"":""55-64"",""gender"":""unknown"",""percentage"":0.000274},{""age"":""25-34"",""gender"":""unknown"",""percentage"":0.001402},{""age"":""35-44"",""gender"":""unknown"",""percentage"":0.002188},{""age"":""65+"",""gender"":""female"",""percentage"":0.020346},{""age"":""35-44"",""gender"":""female"",""percentage"":0.183422},{""age"":""25-34"",""gender"":""female"",""percentage"":0.233997},{""age"":""25-34"",""gender"":""male"",""percentage"":0.180003},{""age"":""35-44"",""gender"":""male"",""percentage"":0.109664},{""age"":""65+"",""gender"":""male"",""percentage"":0.010806},{""age"":""45-54"",""gender"":""female"",""percentage"":0.107304},{""age"":""45-54"",""gender"":""male"",""percentage"":0.059397},{""age"":""55-64"",""gender"":""male"",""percentage"":0.027356},{""age"":""55-64"",""gender"":""female"",""percentage"":0.06268},{""age"":""45-54"",""gender"":""unknown"",""percentage"":0.001094},{""age"":""65+"",""gender"":""unknown"",""percentage"":6.8e-5}","{""region"":""Los R\u00edos Region"",""percentage"":0.034103},{""region"":""Arica y Parinacota Region"",""percentage"":0.020434},{""region"":""Valpara\u00edso Region"",""percentage"":0.102857},{""region"":""Ays\u00e9n Region"",""percentage"":0.013222},{""region"":""Antofagasta Region"",""percentage"":0.046775},{""region"":""Araucan\u00eda Region"",""percentage"":0.082492},{""region"":""Atacama Region"",""percentage"":0.029569},{""region"":""B\u00edo B\u00edo Region"",""percentage"":0.129164},{""region"":""Coquimbo Region"",""percentage"":0.053232},{""region"":""O'Higgins Region"",""percentage"":0.063191},{""region"":""Los Lagos Region"",""percentage"":0.08967},{""region"":""Magallanes y la Ant\u00e1rtica Chilena Region"",""percentage"":0.022426},{""region"":""Maule Region"",""percentage"":0.08651},{""region"":""Santiago Metropolitan Region"",""percentage"":0.197198},{""region"":""Tarapac\u00e1 Region"",""percentage"":0.029157}","facebook,instagram","lower_bound: 1000001",es
267593955407354,669777673091551,"Yasna Provoste Campillay",2021-11-14,2021-11-14,2021-11-18,"Yasna Provoste Campillay","En nuestro gobierno avanzaremos en justicia educativa con el fin del CAE, aumentando la gratuidad por pandemia y pagando la deuda histórica de los profesores. Por una mejor educación para todas y todos, este 21 de noviembre #Vota3. #AhoraYasna",,,,"lower_bound: 1000000","lower_bound: 1000000",CLP,"{""age"":""65+"",""gender"":""male"",""percentage"":0.017567},{""age"":""25-34"",""gender"":""male"",""percentage"":0.136708},{""age"":""35-44"",""gender"":""male"",""percentage"":0.122263},{""age"":""45-54"",""gender"":""male"",""percentage"":0.08265},{""age"":""45-54"",""gender"":""female"",""percentage"":0.125802},{""age"":""55-64"",""gender"":""male"",""percentage"":0.049409},{""age"":""35-44"",""gender"":""female"",""percentage"":0.167574},{""age"":""25-34"",""gender"":""female"",""percentage"":0.167628},{""age"":""65+"",""gender"":""female"",""percentage"":0.032755},{""age"":""55-64"",""gender"":""female"",""percentage"":0.09248},{""age"":""45-54"",""gender"":""unknown"",""percentage"":0.001171},{""age"":""35-44"",""gender"":""unknown"",""percentage"":0.00212},{""age"":""55-64"",""gender"":""unknown"",""percentage"":0.000447},{""age"":""25-34"",""gender"":""unknown"",""percentage"":0.001139},{""age"":""65+"",""gender"":""unknown"",""percentage"":0.000287}","{""region"":""Los R\u00edos Region"",""percentage"":0.032228},{""region"":""Arica y Parinacota Region"",""percentage"":0.017542},{""region"":""Valpara\u00edso Region"",""percentage"":0.103092},{""region"":""Ays\u00e9n Region"",""percentage"":0.009814},{""region"":""Antofagasta Region"",""percentage"":0.043782},{""region"":""Araucan\u00eda Region"",""percentage"":0.076346},{""region"":""Atacama Region"",""percentage"":0.022542},{""region"":""B\u00edo B\u00edo Region"",""percentage"":0.138274},{""region"":""Coquimbo Region"",""percentage"":0.04773},{""region"":""O'Higgins Region"",""percentage"":0.063424},{""region"":""Los Lagos Region"",""percentage"":0.080387},{""region"":""Magallanes y la Ant\u00e1rtica Chilena Region"",""percentage"":0.016309},{""region"":""Maule Region"",""percentage"":0.081786},{""region"":""Santiago Metropolitan Region"",""percentage"":0.239002},{""region"":""Tarapac\u00e1 Region"",""percentage"":0.027744}","facebook,instagram","lower_bound: 1000001",es
441919207305347,669777673091551,"Yasna Provoste Campillay",2021-11-14,2021-11-14,2021-11-18,"Yasna Provoste Campillay","En nuestro gobierno avanzaremos en justicia educativa con el fin del CAE, aumentando la gratuidad por pandemia y pagando la deuda histórica de los profesores. Por una mejor educación para todas y todos, este 21 de noviembre #Vota3. #AhoraYasna",,,,"lower_bound: 40000, upper_bound: 44999","lower_bound: 30000, upper_bound: 34999",CLP,"{""age"":""65+"",""gender"":""unknown"",""percentage"":0.000188},{""age"":""25-34"",""gender"":""unknown"",""percentage"":0.001096},{""age"":""45-54"",""gender"":""unknown"",""percentage"":0.001158},{""age"":""65+"",""gender"":""male"",""percentage"":0.011675},{""age"":""45-54"",""gender"":""male"",""percentage"":0.065137},{""age"":""35-44"",""gender"":""unknown"",""percentage"":0.001847},{""age"":""55-64"",""gender"":""female"",""percentage"":0.075153},{""age"":""35-44"",""gender"":""male"",""percentage"":0.108864},{""age"":""45-54"",""gender"":""female"",""percentage"":0.117848},{""age"":""25-34"",""gender"":""female"",""percentage"":0.207306},{""age"":""25-34"",""gender"":""male"",""percentage"":0.157569},{""age"":""35-44"",""gender"":""female"",""percentage"":0.194316},{""age"":""65+"",""gender"":""female"",""percentage"":0.024289},{""age"":""55-64"",""gender"":""male"",""percentage"":0.033367},{""age"":""55-64"",""gender"":""unknown"",""percentage"":0.000188}","{""region"":""Los R\u00edos Region"",""percentage"":0.034371},{""region"":""Arica y Parinacota Region"",""percentage"":0.019837},{""region"":""Valpara\u00edso Region"",""percentage"":0.112657},{""region"":""Ays\u00e9n Region"",""percentage"":0.012195},{""region"":""Antofagasta Region"",""percentage"":0.044352},{""region"":""Araucan\u00eda Region"",""percentage"":0.085709},{""region"":""Atacama Region"",""percentage"":0.028601},{""region"":""B\u00edo B\u00edo Region"",""percentage"":0.120766},{""region"":""Coquimbo Region"",""percentage"":0.057233},{""region"":""O'Higgins Region"",""percentage"":0.069334},{""region"":""Los Lagos Region"",""percentage"":0.087674},{""region"":""Magallanes y la Ant\u00e1rtica Chilena Region"",""percentage"":0.021084},{""region"":""Maule Region"",""percentage"":0.091198},{""region"":""Santiago Metropolitan Region"",""percentage"":0.187231},{""region"":""Tarapac\u00e1 Region"",""percentage"":0.027759}","facebook,instagram","lower_bound: 1000001",es
214616577439920,669777673091551,"Yasna Provoste Campillay",2021-11-14,2021-11-14,2021-11-18,"Yasna Provoste Campillay","En nuestro gobierno avanzaremos en justicia educativa con el fin del CAE, aumentando la gratuidad por pandemia y pagando la deuda histórica de los profesores. Por una mejor educación para todas y todos, este 21 de noviembre #Vota3. #AhoraYasna",,,,"lower_bound: 450000, upper_bound: 499999","lower_bound: 300000, upper_bound: 349999",CLP,"{""age"":""25-34"",""gender"":""unknown"",""percentage"":0.000959},{""age"":""35-44"",""gender"":""unknown"",""percentage"":0.002155},{""age"":""45-54"",""gender"":""unknown"",""percentage"":0.001094},{""age"":""55-64"",""gender"":""female"",""percentage"":0.092108},{""age"":""35-44"",""gender"":""female"",""percentage"":0.169446},{""age"":""35-44"",""gender"":""male"",""percentage"":0.124676},{""age"":""25-34"",""gender"":""male"",""percentage"":0.136648},{""age"":""65+"",""gender"":""female"",""percentage"":0.031124},{""age"":""25-34"",""gender"":""female"",""percentage"":0.167984},{""age"":""45-54"",""gender"":""female"",""percentage"":0.131652},{""age"":""55-64"",""gender"":""male"",""percentage"":0.045244},{""age"":""65+"",""gender"":""male"",""percentage"":0.016326},{""age"":""45-54"",""gender"":""male"",""percentage"":0.079928},{""age"":""65+"",""gender"":""unknown"",""percentage"":0.000277},{""age"":""55-64"",""gender"":""unknown"",""percentage"":0.000379}","{""region"":""Los R\u00edos Region"",""percentage"":0.033378},{""region"":""Arica y Parinacota Region"",""percentage"":0.017858},{""region"":""Valpara\u00edso Region"",""percentage"":0.104927},{""region"":""Ays\u00e9n Region"",""percentage"":0.010787},{""region"":""Antofagasta Region"",""percentage"":0.043116},{""region"":""Araucan\u00eda Region"",""percentage"":0.081964},{""region"":""Atacama Region"",""percentage"":0.024322},{""region"":""B\u00edo B\u00edo Region"",""percentage"":0.126607},{""region"":""Coquimbo Region"",""percentage"":0.051872},{""region"":""O'Higgins Region"",""percentage"":0.064888},{""region"":""Los Lagos Region"",""percentage"":0.080309},{""region"":""Magallanes y la Ant\u00e1rtica Chilena Region"",""percentage"":0.018728},{""region"":""Maule Region"",""percentage"":0.082808},{""region"":""Santiago Metropolitan Region"",""percentage"":0.232214},{""region"":""Tarapac\u00e1 Region"",""percentage"":0.026223}","facebook,instagram","lower_bound: 1000001",es
1030972500781291,669777673091551,"Yasna Provoste Campillay",2021-11-14,2021-11-14,2021-11-16,"Yasna Provoste Campillay","El alcalde Christian Gross vota por un Chile que recupere la paz, los empleos, con barrios más seguros y salud y educación de calidad para todos y todas.
Para juntos y juntas unir y sanar a Chile, vota 3, vota #AhoraYasna.
¡Muchas gracias por tu apoyo y respaldo alcalde Gross!","Los Vilos con Yasna",yasnapresidenta.cl,,"lower_bound: 0, upper_bound: 999","lower_bound: 25000, upper_bound: 29999",CLP,"{""age"":""55-64"",""gender"":""female"",""percentage"":0.052868},{""age"":""35-44"",""gender"":""unknown"",""percentage"":0.004499},{""age"":""65+"",""gender"":""male"",""percentage"":0.014623},{""age"":""35-44"",""gender"":""male"",""percentage"":0.298088},{""age"":""35-44"",""gender"":""female"",""percentage"":0.347582},{""age"":""45-54"",""gender"":""female"",""percentage"":0.134983},{""age"":""65+"",""gender"":""female"",""percentage"":0.022497},{""age"":""55-64"",""gender"":""unknown"",""percentage"":0.001125},{""age"":""45-54"",""gender"":""male"",""percentage"":0.093363},{""age"":""55-64"",""gender"":""male"",""percentage"":0.024747},{""age"":""45-54"",""gender"":""unknown"",""percentage"":0.005624}","{""region"":""Coquimbo Region"",""percentage"":1}","facebook,instagram","lower_bound: 5001, upper_bound: 10000",es
4740288489366892,669777673091551,"Yasna Provoste Campillay",2021-11-14,2021-11-15,2021-11-15,"Yasna Provoste Campillay","El alcalde Raúl Espejo vota por un Chile que recupere la paz, los empleos, con barrios más seguros y salud y educación de calidad para todos y todas.
Para juntos y juntas unir y sanar a Chile, vota 3, vota #AhoraYasna.
¡Muchas gracias por tu apoyo y respaldo alcalde Raúl!","Trehuaco con Yasna",yasnapresidenta.cl,,"lower_bound: 1000, upper_bound: 1999","lower_bound: 20000, upper_bound: 24999",CLP,"{""age"":""65+"",""gender"":""male"",""percentage"":0.020142},{""age"":""35-44"",""gender"":""male"",""percentage"":0.146919},{""age"":""65+"",""gender"":""female"",""percentage"":0.058057},{""age"":""45-54"",""gender"":""male"",""percentage"":0.101896},{""age"":""55-64"",""gender"":""female"",""percentage"":0.138033},{""age"":""35-44"",""gender"":""female"",""percentage"":0.264218},{""age"":""55-64"",""gender"":""male"",""percentage"":0.06872},{""age"":""45-54"",""gender"":""female"",""percentage"":0.197867},{""age"":""45-54"",""gender"":""unknown"",""percentage"":0.002962},{""age"":""35-44"",""gender"":""unknown"",""percentage"":0.001185}","{""region"":""B\u00edo B\u00edo Region"",""percentage"":1}","facebook,instagram","lower_bound: 1001, upper_bound: 5000",es
1009766076251343,669777673091551,"Yasna Provoste Campillay",2021-11-14,2021-11-14,2021-11-16,"Yasna Provoste Campillay","El alcalde Alejandro Pedreros vota por un Chile que recupere la paz, los empleos, con barrios más seguros y salud y educación de calidad para todos y todas.
Para juntos y juntas unir y sanar a Chile, vota 3, vota #AhoraYasna.
¡Muchas gracias por tu apoyo y respaldo alcalde Pedreros!","Coelemú con Yasna",yasnapresidenta.cl,,"lower_bound: 3000, upper_bound: 3999","lower_bound: 40000, upper_bound: 44999",CLP,"{""age"":""35-44"",""gender"":""unknown"",""percentage"":0.003602},{""age"":""45-54"",""gender"":""unknown"",""percentage"":0.001108},{""age"":""55-64"",""gender"":""female"",""percentage"":0.130507},{""age"":""35-44"",""gender"":""female"",""percentage"":0.2624},{""age"":""65+"",""gender"":""female"",""percentage"":0.052923},{""age"":""35-44"",""gender"":""male"",""percentage"":0.156553},{""age"":""55-64"",""gender"":""male"",""percentage"":0.068994},{""age"":""45-54"",""gender"":""male"",""percentage"":0.106955},{""age"":""45-54"",""gender"":""female"",""percentage"":0.190357},{""age"":""65+"",""gender"":""male"",""percentage"":0.026046},{""age"":""65+"",""gender"":""unknown"",""percentage"":0.000554}","{""region"":""B\u00edo B\u00edo Region"",""percentage"":1}","facebook,instagram","lower_bound: 1001, upper_bound: 5000",es
931667380794675,669777673091551,"Yasna Provoste Campillay",2021-11-14,2021-11-14,2021-11-16,"Yasna Provoste Campillay","Andrea Macías, Gobernadora de la región de Aysén, vota por un Chile que recupere la paz, los empleos, por barrios más seguros y salud y educación de calidad para todos y todas.
Para juntos y juntas unir y sanar a Chile, vota 3, vota #AhoraYasna.
¡Muchas gracias por tu apoyo y respaldo gobernadora Andrea!","Aysén con Yasna",yasnapresidenta.cl,,"lower_bound: 4000, upper_bound: 4999","lower_bound: 60000, upper_bound: 69999",CLP,"{""age"":""55-64"",""gender"":""unknown"",""percentage"":0.001461},{""age"":""65+"",""gender"":""unknown"",""percentage"":0.00073},{""age"":""55-64"",""gender"":""female"",""percentage"":0.061587},{""age"":""35-44"",""gender"":""unknown"",""percentage"":0.007059},{""age"":""45-54"",""gender"":""female"",""percentage"":0.152629},{""age"":""65+"",""gender"":""female"",""percentage"":0.028724},{""age"":""35-44"",""gender"":""female"",""percentage"":0.373661},{""age"":""35-44"",""gender"":""male"",""percentage"":0.237098},{""age"":""65+"",""gender"":""male"",""percentage"":0.020204},{""age"":""45-54"",""gender"":""male"",""percentage"":0.087634},{""age"":""55-64"",""gender"":""male"",""percentage"":0.026777},{""age"":""45-54"",""gender"":""unknown"",""percentage"":0.002434}","{""region"":""Ays\u00e9n Region"",""percentage"":1}","facebook,instagram","lower_bound: 10001, upper_bound: 50000",es
647834846589989,669777673091551,"Yasna Provoste Campillay",2021-11-14,2021-11-15,2021-11-15,"Yasna Provoste Campillay","La alcaldesa Carolina Leitao vota por un Chile que recupere la paz, los empleos, con barrios más seguros y salud y educación de calidad para todos y todas.
Para juntos y juntas unir y sanar a Chile, vota 3, vota #AhoraYasna.
¡Muchas gracias por tu apoyo y respaldo alcaldesa Leitao!","Peñalolén con Yasna",yasnapresidenta.cl,,"lower_bound: 4000, upper_bound: 4999","lower_bound: 45000, upper_bound: 49999",CLP,"{""age"":""55-64"",""gender"":""unknown"",""percentage"":0.002442},{""age"":""55-64"",""gender"":""male"",""percentage"":0.030417},{""age"":""45-54"",""gender"":""female"",""percentage"":0.165187},{""age"":""45-54"",""gender"":""unknown"",""percentage"":0.007549},{""age"":""45-54"",""gender"":""male"",""percentage"":0.069716},{""age"":""35-44"",""gender"":""female"",""percentage"":0.349689},{""age"":""55-64"",""gender"":""female"",""percentage"":0.081705},{""age"":""65+"",""gender"":""female"",""percentage"":0.037966},{""age"":""65+"",""gender"":""male"",""percentage"":0.027753},{""age"":""35-44"",""gender"":""male"",""percentage"":0.219139},{""age"":""35-44"",""gender"":""unknown"",""percentage"":0.007771},{""age"":""65+"",""gender"":""unknown"",""percentage"":0.000666}","{""region"":""Santiago Metropolitan Region"",""percentage"":1}","facebook,instagram","lower_bound: 50001, upper_bound: 100000",es
373950791187226,669777673091551,"Yasna Provoste Campillay",2021-11-14,2021-11-14,2021-11-15,"Yasna Provoste Campillay","Jorge Flies, Gobernador de la región de Magallanes, vota por un Chile que recupere la paz, los empleos, por barrios más seguros y salud y educación de calidad para todos y todas.
Para juntos y juntas unir y sanar a Chile, vota 3, vota #AhoraYasna.
¡Muchas gracias por tu apoyo y respaldo gobernador Jorge Flies!","Magallanes con Yasna",yasnapresidenta.cl,,"lower_bound: 6000, upper_bound: 6999","lower_bound: 60000, upper_bound: 69999",CLP,"{""age"":""65+"",""gender"":""unknown"",""percentage"":0.000319},{""age"":""35-44"",""gender"":""unknown"",""percentage"":0.007804},{""age"":""45-54"",""gender"":""male"",""percentage"":0.085205},{""age"":""65+"",""gender"":""female"",""percentage"":0.030737},{""age"":""35-44"",""gender"":""male"",""percentage"":0.250836},{""age"":""35-44"",""gender"":""female"",""percentage"":0.346871},{""age"":""55-64"",""gender"":""male"",""percentage"":0.031534},{""age"":""65+"",""gender"":""male"",""percentage"":0.021659},{""age"":""55-64"",""gender"":""female"",""percentage"":0.072464},{""age"":""45-54"",""gender"":""female"",""percentage"":0.147476},{""age"":""45-54"",""gender"":""unknown"",""percentage"":0.003663},{""age"":""55-64"",""gender"":""unknown"",""percentage"":0.001274},{""age"":""13-17"",""gender"":""male"",""percentage"":0.000159}","{""region"":""Magallanes y la Ant\u00e1rtica Chilena Region"",""percentage"":1}","facebook,instagram","lower_bound: 10001, upper_bound: 50000",es
1033455957233241,669777673091551,"Yasna Provoste Campillay",2021-11-14,2021-11-14,2021-11-16,"Yasna Provoste Campillay","El alcalde Miguel Cárdenas vota por un Chile que recupere la paz, los empleos, con barrios más seguros y salud y educación de calidad para todos y todas.
Para juntos y juntas unir y sanar a Chile, vota 3, vota #AhoraYasna.
¡Muchas gracias por tu apoyo y respaldo alcalde Miguel!","Fresia con Yasna",yasnapresidenta.cl,,"lower_bound: 0, upper_bound: 999","lower_bound: 15000, upper_bound: 19999",CLP,"{""age"":""65+"",""gender"":""unknown"",""percentage"":0.00177},{""age"":""45-54"",""gender"":""male"",""percentage"":0.069027},{""age"":""65+"",""gender"":""male"",""percentage"":0.019469},{""age"":""65+"",""gender"":""female"",""percentage"":0.038938},{""age"":""35-44"",""gender"":""male"",""percentage"":0.251327},{""age"":""55-64"",""gender"":""female"",""percentage"":0.076106},{""age"":""45-54"",""gender"":""female"",""percentage"":0.184071},{""age"":""35-44"",""gender"":""female"",""percentage"":0.334513},{""age"":""55-64"",""gender"":""male"",""percentage"":0.019469},{""age"":""55-64"",""gender"":""unknown"",""percentage"":0.00177},{""age"":""45-54"",""gender"":""unknown"",""percentage"":0.00354}","{""region"":""Los Lagos Region"",""percentage"":1}","facebook,instagram","lower_bound: 1001, upper_bound: 5000",es
1000829383982880,669777673091551,"Yasna Provoste Campillay",2021-11-14,2021-11-14,2021-11-16,"Yasna Provoste Campillay","La concejala Evelyn Baltierra vota por un Chile que recupere la paz, los empleos, con barrios más seguros y salud y educación de calidad para todos y todas.
Para juntos y juntas unir y sanar a Chile, vota 3, vota #AhoraYasna.
¡Muchas gracias por tu apoyo y respaldo Evelyn!","Chillán Viejo con Yasna",yasnapresidenta.cl,,"lower_bound: 0, upper_bound: 999","lower_bound: 25000, upper_bound: 29999",CLP,"{""age"":""35-44"",""gender"":""unknown"",""percentage"":0.004224},{""age"":""65+"",""gender"":""male"",""percentage"":0.011616},{""age"":""65+"",""gender"":""female"",""percentage"":0.026399},{""age"":""55-64"",""gender"":""female"",""percentage"":0.07603},{""age"":""55-64"",""gender"":""male"",""percentage"":0.024287},{""age"":""35-44"",""gender"":""male"",""percentage"":0.202746},{""age"":""35-44"",""gender"":""female"",""percentage"":0.400211},{""age"":""45-54"",""gender"":""male"",""percentage"":0.06547},{""age"":""45-54"",""gender"":""female"",""percentage"":0.187962},{""age"":""45-54"",""gender"":""unknown"",""percentage"":0.001056}","{""region"":""B\u00edo B\u00edo Region"",""percentage"":1}","facebook,instagram","lower_bound: 10001, upper_bound: 50000",es
321681266053942,669777673091551,"Yasna Provoste Campillay",2021-11-14,2021-11-14,2021-11-15,"Yasna Provoste Campillay","El alcalde Guillermo Yeber vota por un Chile que recupere la paz, los empleos, con barrios más seguros y salud y educación de calidad para todos y todas.
Para juntos y juntas unir y sanar a Chile, vota 3, vota #AhoraYasna.
¡Muchas gracias por tu apoyo y respaldo alcalde Guillermo!","Bulnes con Yasna",yasnapresidenta.cl,,"lower_bound: 1000, upper_bound: 1999","lower_bound: 30000, upper_bound: 34999",CLP,"{""age"":""35-44"",""gender"":""unknown"",""percentage"":0.004458},{""age"":""45-54"",""gender"":""unknown"",""percentage"":0.001486},{""age"":""45-54"",""gender"":""male"",""percentage"":0.067608},{""age"":""35-44"",""gender"":""male"",""percentage"":0.22214},{""age"":""35-44"",""gender"":""female"",""percentage"":0.34844},{""age"":""65+"",""gender"":""male"",""percentage"":0.020802},{""age"":""45-54"",""gender"":""female"",""percentage"":0.194651},{""age"":""55-64"",""gender"":""male"",""percentage"":0.028975},{""age"":""55-64"",""gender"":""female"",""percentage"":0.078009},{""age"":""65+"",""gender"":""female"",""percentage"":0.032689},{""age"":""55-64"",""gender"":""unknown"",""percentage"":0.000743}","{""region"":""B\u00edo B\u00edo Region"",""percentage"":1}","facebook,instagram","lower_bound: 5001, upper_bound: 10000",es
688325918811501,669777673091551,"Yasna Provoste Campillay",2021-11-13,2021-11-14,2021-11-15,"Yasna Provoste Campillay","Luis Cuvertino, Gobernador de la región de Los Ríos, vota por un Chile que recupere la paz, los empleos, por barrios más seguros y salud y educación de calidad para todos y todas.
Para juntos y juntas unir y sanar a Chile, vota 3, vota #AhoraYasna.
¡Muchas gracias por tu apoyo y respaldo gobernador Cuvertino!","Los Ríos con Yasna",yasnapresidenta.cl,,"lower_bound: 10000, upper_bound: 14999","lower_bound: 100000, upper_bound: 124999",CLP,"{""age"":""45-54"",""gender"":""unknown"",""percentage"":0.002924},{""age"":""35-44"",""gender"":""unknown"",""percentage"":0.00594},{""age"":""55-64"",""gender"":""unknown"",""percentage"":0.001188},{""age"":""65+"",""gender"":""male"",""percentage"":0.023485},{""age"":""55-64"",""gender"":""female"",""percentage"":0.090652},{""age"":""45-54"",""gender"":""male"",""percentage"":0.076213},{""age"":""35-44"",""gender"":""female"",""percentage"":0.355113},{""age"":""45-54"",""gender"":""female"",""percentage"":0.171068},{""age"":""35-44"",""gender"":""male"",""percentage"":0.199854},{""age"":""65+"",""gender"":""female"",""percentage"":0.040026},{""age"":""55-64"",""gender"":""male"",""percentage"":0.032715},{""age"":""65+"",""gender"":""unknown"",""percentage"":0.00064},{""age"":""13-17"",""gender"":""female"",""percentage"":9.1e-5},{""age"":""13-17"",""gender"":""male"",""percentage"":9.1e-5}","{""region"":""Los R\u00edos Region"",""percentage"":1}","facebook,instagram","lower_bound: 50001, upper_bound: 100000",es
1175930449600844,669777673091551,"Yasna Provoste Campillay",2021-11-13,2021-11-14,2021-11-16,"Yasna Provoste Campillay","El alcalde Víctor Angulo vota por un Chile que recupere la paz, los empleos, con barrios más seguros y salud y educación de calidad para todos y todas.
Para juntos y juntas unir y sanar a Chile, vota 3, vota #AhoraYasna.
¡Muchas gracias por tu apoyo y respaldo alcalde Víctor!","Llanquihue con Yasna",yasnapresidenta.cl,,"lower_bound: 1000, upper_bound: 1999","lower_bound: 35000, upper_bound: 39999",CLP,"{""age"":""45-54"",""gender"":""unknown"",""percentage"":0.00361},{""age"":""35-44"",""gender"":""male"",""percentage"":0.218051},{""age"":""35-44"",""gender"":""female"",""percentage"":0.360289},{""age"":""45-54"",""gender"":""female"",""percentage"":0.177617},{""age"":""65+"",""gender"":""male"",""percentage"":0.018773},{""age"":""65+"",""gender"":""female"",""percentage"":0.027437},{""age"":""45-54"",""gender"":""male"",""percentage"":0.083032},{""age"":""55-64"",""gender"":""female"",""percentage"":0.074368},{""age"":""55-64"",""gender"":""male"",""percentage"":0.029603},{""age"":""35-44"",""gender"":""unknown"",""percentage"":0.00722}","{""region"":""Los Lagos Region"",""percentage"":1}","facebook,instagram","lower_bound: 1001, upper_bound: 5000",es
431125218726074,669777673091551,"Yasna Provoste Campillay",2021-11-13,2021-11-14,2021-11-15,"Yasna Provoste Campillay","El alcalde Jorge Rivas vota por un Chile que recupere la paz, los empleos, con barrios más seguros y salud y educación de calidad para todos y todas.
Para juntos y juntas unir y sanar a Chile, vota 3, vota #AhoraYasna.
¡Muchas gracias por tu apoyo y respaldo alcalde Jorge!","Mulchén con Yasna",yasnapresidenta.cl,,"lower_bound: 1000, upper_bound: 1999","lower_bound: 30000, upper_bound: 34999",CLP,"{""age"":""35-44"",""gender"":""unknown"",""percentage"":0.002318},{""age"":""65+"",""gender"":""female"",""percentage"":0.021638},{""age"":""65+"",""gender"":""male"",""percentage"":0.017774},{""age"":""55-64"",""gender"":""female"",""percentage"":0.068779},{""age"":""35-44"",""gender"":""male"",""percentage"":0.208655},{""age"":""45-54"",""gender"":""male"",""percentage"":0.078053},{""age"":""45-54"",""gender"":""female"",""percentage"":0.174652},{""age"":""35-44"",""gender"":""female"",""percentage"":0.409583},{""age"":""55-64"",""gender"":""male"",""percentage"":0.016229},{""age"":""65+"",""gender"":""unknown"",""percentage"":0.000773},{""age"":""45-54"",""gender"":""unknown"",""percentage"":0.001546}","{""region"":""B\u00edo B\u00edo Region"",""percentage"":1}","facebook,instagram","lower_bound: 5001, upper_bound: 10000",es
4454855097923985,669777673091551,"Yasna Provoste Campillay",2021-11-13,2021-11-14,2021-11-15,"Yasna Provoste Campillay","El alcalde Pablo Urrutia vota por un Chile que recupere la paz, los empleos, con barrios más seguros y salud y educación de calidad para todos y todas.
Para juntos y juntas unir y sanar a Chile, vota 3, vota #AhoraYasna.
¡Muchas gracias por tu apoyo y respaldo alcalde Pablo!","Quilaco con Yasna",yasnapresidenta.cl,,"lower_bound: 0, upper_bound: 999","lower_bound: 3000, upper_bound: 3499",CLP,"{""age"":""55-64"",""gender"":""male"",""percentage"":0.027586},{""age"":""55-64"",""gender"":""female"",""percentage"":0.055172},{""age"":""65+"",""gender"":""male"",""percentage"":0.034483},{""age"":""35-44"",""gender"":""male"",""percentage"":0.241379},{""age"":""45-54"",""gender"":""male"",""percentage"":0.096552},{""age"":""45-54"",""gender"":""female"",""percentage"":0.144828},{""age"":""35-44"",""gender"":""female"",""percentage"":0.372414},{""age"":""65+"",""gender"":""female"",""percentage"":0.027586}","{""region"":""B\u00edo B\u00edo Region"",""percentage"":1}","facebook,instagram","lower_bound: 1001, upper_bound: 5000",es
615740499858354,669777673091551,"Yasna Provoste Campillay",2021-11-13,2021-11-14,2021-11-15,"Yasna Provoste Campillay","El alcalde Manuel León vota por un Chile que recupere la paz, los empleos, con barrios más seguros y salud y educación de calidad para todos y todas.
Para juntos y juntas unir y sanar a Chile, vota 3, vota #AhoraYasna.
¡Muchas gracias por tu apoyo y respaldo alcalde Manuel!","Santa María con Yasna",yasnapresidenta.cl,,"lower_bound: 1000, upper_bound: 1999","lower_bound: 25000, upper_bound: 29999",CLP,"{""age"":""55-64"",""gender"":""male"",""percentage"":0.02737},{""age"":""55-64"",""gender"":""unknown"",""percentage"":0.000978},{""age"":""45-54"",""gender"":""male"",""percentage"":0.098729},{""age"":""65+"",""gender"":""male"",""percentage"":0.017595},{""age"":""45-54"",""gender"":""female"",""percentage"":0.174976},{""age"":""35-44"",""gender"":""unknown"",""percentage"":0.008798},{""age"":""35-44"",""gender"":""female"",""percentage"":0.350929},{""age"":""35-44"",""gender"":""male"",""percentage"":0.241447},{""age"":""65+"",""gender"":""female"",""percentage"":0.022483},{""age"":""55-64"",""gender"":""female"",""percentage"":0.055718},{""age"":""45-54"",""gender"":""unknown"",""percentage"":0.000978}","{""region"":""Valpara\u00edso Region"",""percentage"":1}","facebook,instagram","lower_bound: 1001, upper_bound: 5000",es
575671686842573,669777673091551,"Yasna Provoste Campillay",2021-11-13,2021-11-14,2021-11-16,"Yasna Provoste Campillay","El alcalde César Huenuqueo vota por un Chile que recupere la paz, los empleos, con barrios más seguros y salud y educación de calidad para todos y todas.
Para juntos y juntas unir y sanar a Chile, vota 3, vota #AhoraYasna.
¡Muchas gracias por tu apoyo y respaldo alcalde César!","Frutillar con Yasna",yasnapresidenta.cl,,"lower_bound: 5000, upper_bound: 5999","lower_bound: 45000, upper_bound: 49999",CLP,"{""age"":""55-64"",""gender"":""unknown"",""percentage"":0.000929},{""age"":""65+"",""gender"":""unknown"",""percentage"":0.000743},{""age"":""35-44"",""gender"":""unknown"",""percentage"":0.003159},{""age"":""65+"",""gender"":""female"",""percentage"":0.053326},{""age"":""45-54"",""gender"":""female"",""percentage"":0.181531},{""age"":""35-44"",""gender"":""male"",""percentage"":0.187291},{""age"":""35-44"",""gender"":""female"",""percentage"":0.238945},{""age"":""45-54"",""gender"":""male"",""percentage"":0.11204},{""age"":""55-64"",""gender"":""male"",""percentage"":0.065775},{""age"":""55-64"",""gender"":""female"",""percentage"":0.130435},{""age"":""65+"",""gender"":""male"",""percentage"":0.023969},{""age"":""45-54"",""gender"":""unknown"",""percentage"":0.001858}","{""region"":""Los Lagos Region"",""percentage"":1}","facebook,instagram","lower_bound: 5001, upper_bound: 10000",es
597737604875638,669777673091551,"Yasna Provoste Campillay",2021-11-13,2021-11-14,2021-11-18,"Yasna Provoste Campillay","En nuestro gobierno avanzaremos en justicia educativa con el fin del CAE, aumentando la gratuidad por pandemia y pagando la deuda histórica de los profesores.

Por una mejor educación para todas y todos, este 21 de noviembre #Vota3. #AhoraYasna",,,,"lower_bound: 35000, upper_bound: 39999","lower_bound: 125000, upper_bound: 149999",CLP,"{""age"":""65+"",""gender"":""unknown"",""percentage"":0.000845},{""age"":""45-54"",""gender"":""male"",""percentage"":0.078775},{""age"":""45-54"",""gender"":""female"",""percentage"":0.163716},{""age"":""35-44"",""gender"":""female"",""percentage"":0.353292},{""age"":""35-44"",""gender"":""male"",""percentage"":0.216033},{""age"":""55-64"",""gender"":""male"",""percentage"":0.02785},{""age"":""55-64"",""gender"":""female"",""percentage"":0.081858},{""age"":""65+"",""gender"":""female"",""percentage"":0.03884},{""age"":""65+"",""gender"":""male"",""percentage"":0.030286},{""age"":""35-44"",""gender"":""unknown"",""percentage"":0.00547},{""age"":""45-54"",""gender"":""unknown"",""percentage"":0.002387},{""age"":""55-64"",""gender"":""unknown"",""percentage"":0.000597},{""age"":""13-17"",""gender"":""male"",""percentage"":5.0e-5}","{""region"":""Araucan\u00eda Region"",""percentage"":0.177239},{""region"":""B\u00edo B\u00edo Region"",""percentage"":0.587243},{""region"":""Los Lagos Region"",""percentage"":0.166825},{""region"":""Magallanes y la Ant\u00e1rtica Chilena Region"",""percentage"":0.068693}","facebook,instagram","lower_bound: 500001, upper_bound: 1000000",es
611234363419231,669777673091551,"Yasna Provoste Campillay",2021-11-13,2021-11-13,2021-11-18,"Yasna Provoste Campillay","Nuestra propuesta de nuevas pensiones se construye con tres pisos. El primer piso es una Pensión Universal Garantizada de $225.000 para todos los mayores de 65 años, salvo el 10% más rico que se implementará en los primeros seis meses de gobierno. Si usted tiene una pensión producto de su trabajo y ahorro previsional, la seguirá recibiendo y adicionalmente recibirá este aporte.",,yasnapresidenta.cl,,"lower_bound: 4000, upper_bound: 4999","lower_bound: 10000, upper_bound: 14999",CLP,"{""age"":""35-44"",""gender"":""unknown"",""percentage"":0.003849},{""age"":""65+"",""gender"":""male"",""percentage"":0.044259},{""age"":""65+"",""gender"":""female"",""percentage"":0.044259},{""age"":""45-54"",""gender"":""female"",""percentage"":0.149455},{""age"":""55-64"",""gender"":""male"",""percentage"":0.032072},{""age"":""55-64"",""gender"":""female"",""percentage"":0.076652},{""age"":""45-54"",""gender"":""male"",""percentage"":0.079859},{""age"":""35-44"",""gender"":""female"",""percentage"":0.326812},{""age"":""35-44"",""gender"":""male"",""percentage"":0.24086},{""age"":""65+"",""gender"":""unknown"",""percentage"":0.000641},{""age"":""45-54"",""gender"":""unknown"",""percentage"":0.000962},{""age"":""13-17"",""gender"":""male"",""percentage"":0.000321}","{""region"":""Araucan\u00eda Region"",""percentage"":0.159246},{""region"":""B\u00edo B\u00edo Region"",""percentage"":0.59571},{""region"":""Los Lagos Region"",""percentage"":0.171271},{""region"":""Magallanes y la Ant\u00e1rtica Chilena Region"",""percentage"":0.073773}","facebook,instagram","lower_bound: 500001, upper_bound: 1000000",es
216608407273079,669777673091551,"Yasna Provoste Campillay",2021-11-13,2021-11-14,2021-11-18,"Yasna Provoste Campillay","En nuestro gobierno las pymes serán el motor de la economía y el empleo, tendrán prioridad en las compras del Estado, créditos blandos, recursos para capacitación y subsidios para la contratación de mujeres y jóvenes. 

Por una nueva economía con más pymes, este 21 de noviembre #Vota3. #AhoraYasna",,,,"lower_bound: 30000, upper_bound: 34999","lower_bound: 90000, upper_bound: 99999",CLP,"{""age"":""65+"",""gender"":""unknown"",""percentage"":0.001249},{""age"":""45-54"",""gender"":""unknown"",""percentage"":0.001984},{""age"":""45-54"",""gender"":""female"",""percentage"":0.152219},{""age"":""35-44"",""gender"":""female"",""percentage"":0.344182},{""age"":""55-64"",""gender"":""female"",""percentage"":0.084117},{""age"":""35-44"",""gender"":""male"",""percentage"":0.219586},{""age"":""65+"",""gender"":""female"",""percentage"":0.043785},{""age"":""45-54"",""gender"":""male"",""percentage"":0.078681},{""age"":""55-64"",""gender"":""male"",""percentage"":0.02799},{""age"":""65+"",""gender"":""male"",""percentage"":0.039597},{""age"":""55-64"",""gender"":""unknown"",""percentage"":0.000955},{""age"":""35-44"",""gender"":""unknown"",""percentage"":0.005583},{""age"":""13-17"",""gender"":""male"",""percentage"":7.3e-5}","{""region"":""Araucan\u00eda Region"",""percentage"":0.165452},{""region"":""B\u00edo B\u00edo Region"",""percentage"":0.57822},{""region"":""Los Lagos Region"",""percentage"":0.179422},{""region"":""Magallanes y la Ant\u00e1rtica Chilena Region"",""percentage"":0.076906}","facebook,instagram","lower_bound: 500001, upper_bound: 1000000",es
440328374275397,669777673091551,"Yasna Provoste Campillay",2021-11-13,2021-11-14,2021-11-18,"Yasna Provoste Campillay","En nuestro gobierno las pymes serán el motor de la economía y el empleo, tendrán prioridad en las compras del Estado, créditos blandos, recursos para capacitación y subsidios para la contratación de mujeres y jóvenes. 

Por una nueva economía con más pymes, este 21 de noviembre #Vota3. #AhoraYasna",,,,"lower_bound: 50000, upper_bound: 59999","lower_bound: 200000, upper_bound: 249999",CLP,"{""age"":""13-17"",""gender"":""female"",""percentage"":8.4e-5},{""age"":""55-64"",""gender"":""unknown"",""percentage"":0.000923},{""age"":""55-64"",""gender"":""male"",""percentage"":0.025121},{""age"":""65+"",""gender"":""female"",""percentage"":0.038624},{""age"":""55-64"",""gender"":""female"",""percentage"":0.078633},{""age"":""45-54"",""gender"":""female"",""percentage"":0.145649},{""age"":""35-44"",""gender"":""male"",""percentage"":0.218117},{""age"":""45-54"",""gender"":""male"",""percentage"":0.076536},{""age"":""35-44"",""gender"":""female"",""percentage"":0.374921},{""age"":""65+"",""gender"":""male"",""percentage"":0.031621},{""age"":""65+"",""gender"":""unknown"",""percentage"":0.001216},{""age"":""35-44"",""gender"":""unknown"",""percentage"":0.006207},{""age"":""45-54"",""gender"":""unknown"",""percentage"":0.002265},{""age"":""13-17"",""gender"":""male"",""percentage"":8.4e-5}","{""region"":""Valpara\u00edso Region"",""percentage"":0.414691},{""region"":""O'Higgins Region"",""percentage"":0.177211},{""region"":""Maule Region"",""percentage"":0.266116},{""region"":""Santiago Metropolitan Region"",""percentage"":0.141983}","facebook,instagram","lower_bound: 500001, upper_bound: 1000000",es
428212278930749,669777673091551,"Yasna Provoste Campillay",2021-11-13,2021-11-14,2021-11-18,"Yasna Provoste Campillay","En nuestro gobierno avanzaremos en justicia educativa con el fin del CAE, aumentando la gratuidad por pandemia y pagando la deuda histórica de los profesores.

Por una mejor educación para todas y todos, este 21 de noviembre #Vota3. #AhoraYasna",,,,"lower_bound: 60000, upper_bound: 69999","lower_bound: 250000, upper_bound: 299999",CLP,"{""age"":""13-17"",""gender"":""male"",""percentage"":0.000118},{""age"":""35-44"",""gender"":""unknown"",""percentage"":0.005775},{""age"":""65+"",""gender"":""unknown"",""percentage"":0.001066},{""age"":""55-64"",""gender"":""male"",""percentage"":0.031335},{""age"":""45-54"",""gender"":""male"",""percentage"":0.081625},{""age"":""65+"",""gender"":""female"",""percentage"":0.036814},{""age"":""35-44"",""gender"":""female"",""percentage"":0.35375},{""age"":""45-54"",""gender"":""female"",""percentage"":0.155373},{""age"":""55-64"",""gender"":""female"",""percentage"":0.079611},{""age"":""35-44"",""gender"":""male"",""percentage"":0.223937},{""age"":""65+"",""gender"":""male"",""percentage"":0.027159},{""age"":""55-64"",""gender"":""unknown"",""percentage"":0.000859},{""age"":""45-54"",""gender"":""unknown"",""percentage"":0.002458},{""age"":""13-17"",""gender"":""female"",""percentage"":0.000118}","{""region"":""Valpara\u00edso Region"",""percentage"":0.449814},{""region"":""O'Higgins Region"",""percentage"":0.173375},{""region"":""Maule Region"",""percentage"":0.248375},{""region"":""Santiago Metropolitan Region"",""percentage"":0.128436}","facebook,instagram","lower_bound: 500001, upper_bound: 1000000",es
614475033229002,669777673091551,"Yasna Provoste Campillay",2021-11-13,2021-11-13,2021-11-18,"Yasna Provoste Campillay","Nuestra propuesta de nuevas pensiones se construye con tres pisos. El primer piso es una Pensión Universal Garantizada de $225.000 para todos los mayores de 65 años, salvo el 10% más rico que se implementará en los primeros seis meses de gobierno. Si usted tiene una pensión producto de su trabajo y ahorro previsional, la seguirá recibiendo y adicionalmente recibirá este aporte.",,yasnapresidenta.cl,,"lower_bound: 6000, upper_bound: 6999","lower_bound: 20000, upper_bound: 24999",CLP,"{""age"":""65+"",""gender"":""unknown"",""percentage"":0.001519},{""age"":""13-17"",""gender"":""unknown"",""percentage"":0.000217},{""age"":""35-44"",""gender"":""unknown"",""percentage"":0.004992},{""age"":""65+"",""gender"":""male"",""percentage"":0.038854},{""age"":""45-54"",""gender"":""male"",""percentage"":0.080747},{""age"":""35-44"",""gender"":""female"",""percentage"":0.349468},{""age"":""45-54"",""gender"":""female"",""percentage"":0.125895},{""age"":""65+"",""gender"":""female"",""percentage"":0.04059},{""age"":""35-44"",""gender"":""male"",""percentage"":0.261993},{""age"":""55-64"",""gender"":""male"",""percentage"":0.026264},{""age"":""55-64"",""gender"":""female"",""percentage"":0.067289},{""age"":""13-17"",""gender"":""female"",""percentage"":0.000434},{""age"":""45-54"",""gender"":""unknown"",""percentage"":0.001302},{""age"":""55-64"",""gender"":""unknown"",""percentage"":0.000434}","{""region"":""Valpara\u00edso Region"",""percentage"":0.438294},{""region"":""O'Higgins Region"",""percentage"":0.192763},{""region"":""Maule Region"",""percentage"":0.246608},{""region"":""Santiago Metropolitan Region"",""percentage"":0.122335}","facebook,instagram","lower_bound: 500001, upper_bound: 1000000",es
256089789891592,669777673091551,"Yasna Provoste Campillay",2021-11-13,2021-11-14,2021-11-18,"Yasna Provoste Campillay","En nuestro gobierno avanzaremos en justicia educativa con el fin del CAE, aumentando la gratuidad por pandemia y pagando la deuda histórica de los profesores.

Por una mejor educación para todas y todos, este 21 de noviembre #Vota3. #AhoraYasna",,,,"lower_bound: 30000, upper_bound: 34999","lower_bound: 100000, upper_bound: 124999",CLP,"{""age"":""45-54"",""gender"":""unknown"",""percentage"":0.001901},{""age"":""55-64"",""gender"":""male"",""percentage"":0.031181},{""age"":""45-54"",""gender"":""female"",""percentage"":0.14044},{""age"":""55-64"",""gender"":""female"",""percentage"":0.064263},{""age"":""35-44"",""gender"":""female"",""percentage"":0.379872},{""age"":""35-44"",""gender"":""male"",""percentage"":0.23677},{""age"":""45-54"",""gender"":""male"",""percentage"":0.071994},{""age"":""65+"",""gender"":""male"",""percentage"":0.031498},{""age"":""65+"",""gender"":""female"",""percentage"":0.035554},{""age"":""35-44"",""gender"":""unknown"",""percentage"":0.004817},{""age"":""55-64"",""gender"":""unknown"",""percentage"":0.000887},{""age"":""65+"",""gender"":""unknown"",""percentage"":0.000824}","{""region"":""Arica y Parinacota Region"",""percentage"":0.10485},{""region"":""Antofagasta Region"",""percentage"":0.334965},{""region"":""Atacama Region"",""percentage"":0.078315},{""region"":""Coquimbo Region"",""percentage"":0.274554},{""region"":""Tarapac\u00e1 Region"",""percentage"":0.207316}","facebook,instagram","lower_bound: 100001, upper_bound: 500000",es
564432147953769,669777673091551,"Yasna Provoste Campillay",2021-11-13,2021-11-14,2021-11-18,"Yasna Provoste Campillay","Nuestra propuesta de nuevas pensiones se construye con tres pisos. El primer piso es una Pensión Universal Garantizada de $225.000 para todos los mayores de 65 años, salvo el 10% más rico que se implementará en los primeros seis meses de gobierno. Si usted tiene una pensión producto de su trabajo y ahorro previsional, la seguirá recibiendo y adicionalmente recibirá este aporte.",,yasnapresidenta.cl,,"lower_bound: 3000, upper_bound: 3999","lower_bound: 10000, upper_bound: 14999",CLP,"{""age"":""45-54"",""gender"":""unknown"",""percentage"":0.000775},{""age"":""55-64"",""gender"":""unknown"",""percentage"":0.000387},{""age"":""35-44"",""gender"":""unknown"",""percentage"":0.002324},{""age"":""65+"",""gender"":""unknown"",""percentage"":0.001162},{""age"":""65+"",""gender"":""male"",""percentage"":0.042603},{""age"":""55-64"",""gender"":""male"",""percentage"":0.034469},{""age"":""55-64"",""gender"":""female"",""percentage"":0.06158},{""age"":""35-44"",""gender"":""female"",""percentage"":0.350891},{""age"":""45-54"",""gender"":""female"",""percentage"":0.123548},{""age"":""35-44"",""gender"":""male"",""percentage"":0.264524},{""age"":""45-54"",""gender"":""male"",""percentage"":0.073199},{""age"":""65+"",""gender"":""female"",""percentage"":0.044539}","{""region"":""Arica y Parinacota Region"",""percentage"":0.1139},{""region"":""Antofagasta Region"",""percentage"":0.327027},{""region"":""Atacama Region"",""percentage"":0.075676},{""region"":""Coquimbo Region"",""percentage"":0.27027},{""region"":""Tarapac\u00e1 Region"",""percentage"":0.213127}","facebook,instagram","lower_bound: 100001, upper_bound: 500000",es
868478367105552,669777673091551,"Yasna Provoste Campillay",2021-11-13,2021-11-14,2021-11-18,"Yasna Provoste Campillay","En nuestro gobierno las pymes serán el motor de la economía y el empleo, tendrán prioridad en las compras del Estado, créditos blandos, recursos para capacitación y subsidios para la contratación de mujeres y jóvenes. 

Por una nueva economía con más pymes, este 21 de noviembre #Vota3. #AhoraYasna",,,,"lower_bound: 30000, upper_bound: 34999","lower_bound: 100000, upper_bound: 124999",CLP,"{""age"":""13-17"",""gender"":""male"",""percentage"":7.7e-5},{""age"":""55-64"",""gender"":""unknown"",""percentage"":0.000773},{""age"":""65+"",""gender"":""unknown"",""percentage"":0.000928},{""age"":""45-54"",""gender"":""unknown"",""percentage"":0.001933},{""age"":""55-64"",""gender"":""male"",""percentage"":0.028693},{""age"":""65+"",""gender"":""female"",""percentage"":0.040913},{""age"":""35-44"",""gender"":""female"",""percentage"":0.370147},{""age"":""55-64"",""gender"":""female"",""percentage"":0.072235},{""age"":""35-44"",""gender"":""male"",""percentage"":0.23604},{""age"":""45-54"",""gender"":""female"",""percentage"":0.137278},{""age"":""65+"",""gender"":""male"",""percentage"":0.032947},{""age"":""45-54"",""gender"":""male"",""percentage"":0.072931},{""age"":""35-44"",""gender"":""unknown"",""percentage"":0.005104}","{""region"":""Arica y Parinacota Region"",""percentage"":0.108676},{""region"":""Antofagasta Region"",""percentage"":0.332356},{""region"":""Atacama Region"",""percentage"":0.072939},{""region"":""Coquimbo Region"",""percentage"":0.280565},{""region"":""Tarapac\u00e1 Region"",""percentage"":0.205465}","facebook,instagram","lower_bound: 100001, upper_bound: 500000",es
283904473495871,669777673091551,"Yasna Provoste Campillay",2021-11-13,2021-11-13,2021-11-18,"Yasna Provoste Campillay","Nuestra propuesta de nuevas pensiones se construye con tres pisos. El primer piso es una Pensión Universal Garantizada de $225.000 para todos los mayores de 65 años, salvo el 10% más rico que se implementará en los primeros seis meses de gobierno. Si usted tiene una pensión producto de su trabajo y ahorro previsional, la seguirá recibiendo y adicionalmente recibirá este aporte.",,yasnapresidenta.cl,,"lower_bound: 7000, upper_bound: 7999","lower_bound: 30000, upper_bound: 34999",CLP,"{""age"":""55-64"",""gender"":""unknown"",""percentage"":0.000863},{""age"":""65+"",""gender"":""unknown"",""percentage"":0.000345},{""age"":""13-17"",""gender"":""female"",""percentage"":0.000173},{""age"":""65+"",""gender"":""male"",""percentage"":0.039337},{""age"":""45-54"",""gender"":""male"",""percentage"":0.069531},{""age"":""55-64"",""gender"":""female"",""percentage"":0.063147},{""age"":""35-44"",""gender"":""female"",""percentage"":0.359386},{""age"":""35-44"",""gender"":""male"",""percentage"":0.272947},{""age"":""45-54"",""gender"":""unknown"",""percentage"":0.002415},{""age"":""55-64"",""gender"":""male"",""percentage"":0.026915},{""age"":""45-54"",""gender"":""female"",""percentage"":0.120083},{""age"":""65+"",""gender"":""female"",""percentage"":0.041408},{""age"":""35-44"",""gender"":""unknown"",""percentage"":0.003451}","{""region"":""Santiago Metropolitan Region"",""percentage"":1}","facebook,instagram","lower_bound: 500001, upper_bound: 1000000",es
1019282368861970,669777673091551,"Yasna Provoste Campillay",2021-11-13,2021-11-14,2021-11-18,"Yasna Provoste Campillay","En nuestro gobierno las pymes serán el motor de la economía y el empleo, tendrán prioridad en las compras del Estado, créditos blandos, recursos para capacitación y subsidios para la contratación de mujeres y jóvenes. 

Por una nueva economía con más pymes, este 21 de noviembre #Vota3. #AhoraYasna",,,,"lower_bound: 50000, upper_bound: 59999","lower_bound: 200000, upper_bound: 249999",CLP,"{""age"":""13-17"",""gender"":""female"",""percentage"":0.000112},{""age"":""55-64"",""gender"":""unknown"",""percentage"":0.00108},{""age"":""45-54"",""gender"":""unknown"",""percentage"":0.002273},{""age"":""35-44"",""gender"":""unknown"",""percentage"":0.006557},{""age"":""65+"",""gender"":""unknown"",""percentage"":0.000931},{""age"":""55-64"",""gender"":""female"",""percentage"":0.063334},{""age"":""65+"",""gender"":""female"",""percentage"":0.040273},{""age"":""55-64"",""gender"":""male"",""percentage"":0.027792},{""age"":""35-44"",""gender"":""female"",""percentage"":0.366627},{""age"":""45-54"",""gender"":""female"",""percentage"":0.128604},{""age"":""35-44"",""gender"":""male"",""percentage"":0.259668},{""age"":""65+"",""gender"":""male"",""percentage"":0.036882},{""age"":""45-54"",""gender"":""male"",""percentage"":0.065755},{""age"":""13-17"",""gender"":""male"",""percentage"":0.000112}","{""region"":""Santiago Metropolitan Region"",""percentage"":1}","facebook,instagram","lower_bound: 500001, upper_bound: 1000000",es
418734319801384,669777673091551,"Yasna Provoste Campillay",2021-11-13,2021-11-14,2021-11-18,"Yasna Provoste Campillay","En nuestro gobierno avanzaremos en justicia educativa con el fin del CAE, aumentando la gratuidad por pandemia y pagando la deuda histórica de los profesores.

Por una mejor educación para todas y todos, este 21 de noviembre #Vota3. #AhoraYasna",,,,"lower_bound: 70000, upper_bound: 79999","lower_bound: 300000, upper_bound: 349999",CLP,"{""age"":""13-17"",""gender"":""female"",""percentage"":2.9e-5},{""age"":""65+"",""gender"":""unknown"",""percentage"":0.000859},{""age"":""55-64"",""gender"":""unknown"",""percentage"":0.000974},{""age"":""55-64"",""gender"":""female"",""percentage"":0.062319},{""age"":""65+"",""gender"":""male"",""percentage"":0.031217},{""age"":""55-64"",""gender"":""male"",""percentage"":0.027293},{""age"":""45-54"",""gender"":""male"",""percentage"":0.06756},{""age"":""35-44"",""gender"":""female"",""percentage"":0.376407},{""age"":""45-54"",""gender"":""female"",""percentage"":0.136867},{""age"":""35-44"",""gender"":""male"",""percentage"":0.249592},{""age"":""65+"",""gender"":""female"",""percentage"":0.036515},{""age"":""45-54"",""gender"":""unknown"",""percentage"":0.002434},{""age"":""35-44"",""gender"":""unknown"",""percentage"":0.007904},{""age"":""13-17"",""gender"":""male"",""percentage"":2.9e-5}","{""region"":""Santiago Metropolitan Region"",""percentage"":1}","facebook,instagram","lower_bound: 500001, upper_bound: 1000000",es
4402610003194264,669777673091551,"Yasna Provoste Campillay",2021-11-13,2021-11-14,2021-11-18,"Yasna Provoste Campillay","En nuestro gobierno las pymes serán el motor de la economía y el empleo, tendrán prioridad en las compras del Estado, créditos blandos, recursos para capacitación y subsidios para la contratación de mujeres y jóvenes. 

Por una nueva economía con más pymes, este 21 de noviembre #Vota3. #AhoraYasna",,,,"lower_bound: 1000, upper_bound: 1999","lower_bound: 1500, upper_bound: 1999",CLP,"{""age"":""25-34"",""gender"":""unknown"",""percentage"":0.001405},{""age"":""35-44"",""gender"":""male"",""percentage"":0.040759},{""age"":""25-34"",""gender"":""male"",""percentage"":0.469431},{""age"":""25-34"",""gender"":""female"",""percentage"":0.38721},{""age"":""35-44"",""gender"":""unknown"",""percentage"":0.000703},{""age"":""65+"",""gender"":""male"",""percentage"":0.009136},{""age"":""55-64"",""gender"":""male"",""percentage"":0.004216},{""age"":""45-54"",""gender"":""female"",""percentage"":0.023893},{""age"":""45-54"",""gender"":""male"",""percentage"":0.01546},{""age"":""35-44"",""gender"":""female"",""percentage"":0.035137},{""age"":""65+"",""gender"":""female"",""percentage"":0.009136},{""age"":""55-64"",""gender"":""female"",""percentage"":0.003514}","{""region"":""Antofagasta Region"",""percentage"":0.054187},{""region"":""B\u00edo B\u00edo Region"",""percentage"":0.100633},{""region"":""Coquimbo Region"",""percentage"":0.047854},{""region"":""Maule Region"",""percentage"":0.053483},{""region"":""Santiago Metropolitan Region"",""percentage"":0.375792},{""region"":""Los R\u00edos Region"",""percentage"":0.021816},{""region"":""Arica y Parinacota Region"",""percentage"":0.011963},{""region"":""Valpara\u00edso Region"",""percentage"":0.093596},{""region"":""Ays\u00e9n Region"",""percentage"":0.007741},{""region"":""Araucan\u00eda Region"",""percentage"":0.042224},{""region"":""Atacama Region"",""percentage"":0.015482},{""region"":""O'Higgins Region"",""percentage"":0.069669},{""region"":""Los Lagos Region"",""percentage"":0.065447},{""region"":""Magallanes y la Ant\u00e1rtica Chilena Region"",""percentage"":0.019704},{""region"":""Tarapac\u00e1 Region"",""percentage"":0.020408}","facebook,instagram","lower_bound: 1000001",es
1052603608871697,669777673091551,"Yasna Provoste Campillay",2021-11-13,2021-11-14,2021-11-18,"Yasna Provoste Campillay","En nuestro gobierno avanzaremos en justicia educativa con el fin del CAE, aumentando la gratuidad por pandemia y pagando la deuda histórica de los profesores.

Por una mejor educación para todas y todos, este 21 de noviembre #Vota3. #AhoraYasna",,,,"lower_bound: 0, upper_bound: 999","lower_bound: 1000, upper_bound: 1499",CLP,"{""age"":""25-34"",""gender"":""unknown"",""percentage"":0.004167},{""age"":""35-44"",""gender"":""male"",""percentage"":0.058333},{""age"":""65+"",""gender"":""female"",""percentage"":0.011111},{""age"":""55-64"",""gender"":""male"",""percentage"":0.004167},{""age"":""65+"",""gender"":""male"",""percentage"":0.023611},{""age"":""45-54"",""gender"":""male"",""percentage"":0.013889},{""age"":""45-54"",""gender"":""female"",""percentage"":0.020833},{""age"":""55-64"",""gender"":""female"",""percentage"":0.009722},{""age"":""25-34"",""gender"":""male"",""percentage"":0.429167},{""age"":""25-34"",""gender"":""female"",""percentage"":0.365278},{""age"":""35-44"",""gender"":""female"",""percentage"":0.059722}","{""region"":""Valpara\u00edso Region"",""percentage"":0.08484},{""region"":""Araucan\u00eda Region"",""percentage"":0.043115},{""region"":""Atacama Region"",""percentage"":0.025035},{""region"":""B\u00edo B\u00edo Region"",""percentage"":0.154381},{""region"":""Coquimbo Region"",""percentage"":0.047288},{""region"":""Maule Region"",""percentage"":0.065369},{""region"":""Santiago Metropolitan Region"",""percentage"":0.278164},{""region"":""Tarapac\u00e1 Region"",""percentage"":0.026426},{""region"":""Los R\u00edos Region"",""percentage"":0.025035},{""region"":""Arica y Parinacota Region"",""percentage"":0.01669},{""region"":""Ays\u00e9n Region"",""percentage"":0.011127},{""region"":""Antofagasta Region"",""percentage"":0.065369},{""region"":""O'Higgins Region"",""percentage"":0.05146},{""region"":""Los Lagos Region"",""percentage"":0.070932},{""region"":""Magallanes y la Ant\u00e1rtica Chilena Region"",""percentage"":0.034771}","facebook,instagram","lower_bound: 1000001",es
542443736948912,669777673091551,"Yasna Provoste Campillay",2021-11-10,2021-11-10,2021-11-15,"Yasna Provoste Campillay","El alcalde Emeterio Carrillo vota por un Chile que recupere la paz, los empleos, con barrios más seguros y salud y educación de calidad para todos y todas.
Para juntos y juntas unir y sanar a Chile, vota 3, vota #AhoraYasna.
¡Muchas gracias por tu apoyo y respaldo alcalde Emeterio!","Osorno con Yasna",yasnapresidenta.cl,,"lower_bound: 25000, upper_bound: 29999","lower_bound: 45000, upper_bound: 49999",CLP,"{""age"":""45-54"",""gender"":""unknown"",""percentage"":0.002363},{""age"":""35-44"",""gender"":""unknown"",""percentage"":0.003462},{""age"":""55-64"",""gender"":""unknown"",""percentage"":0.000896},{""age"":""65+"",""gender"":""female"",""percentage"":0.058821},{""age"":""45-54"",""gender"":""male"",""percentage"":0.114221},{""age"":""35-44"",""gender"":""female"",""percentage"":0.227708},{""age"":""55-64"",""gender"":""male"",""percentage"":0.06595},{""age"":""35-44"",""gender"":""male"",""percentage"":0.171779},{""age"":""55-64"",""gender"":""female"",""percentage"":0.13361},{""age"":""45-54"",""gender"":""female"",""percentage"":0.193246},{""age"":""65+"",""gender"":""male"",""percentage"":0.027537},{""age"":""65+"",""gender"":""unknown"",""percentage"":0.000407}","{""region"":""Los Lagos Region"",""percentage"":1}","facebook,instagram","lower_bound: 10001, upper_bound: 50000",es
672756443687583,669777673091551,"Yasna Provoste Campillay",2021-11-10,2021-11-10,2021-11-15,"Yasna Provoste Campillay","El alcalde Maximiliano Ríos vota por un Chile que recupere la paz, los empleos, con barrios más seguros y salud y educación de calidad para todos y todas.
Para juntos y juntas unir y sanar a Chile, vota 3, vota #AhoraYasna.
¡Muchas gracias por tu apoyo y respaldo alcalde Maximiliano!","Lo Prado con Yasna",yasnapresidenta.cl,,"lower_bound: 15000, upper_bound: 19999","lower_bound: 45000, upper_bound: 49999",CLP,"{""age"":""55-64"",""gender"":""unknown"",""percentage"":0.000833},{""age"":""65+"",""gender"":""unknown"",""percentage"":0.000513},{""age"":""65+"",""gender"":""male"",""percentage"":0.029482},{""age"":""45-54"",""gender"":""unknown"",""percentage"":0.002371},{""age"":""55-64"",""gender"":""male"",""percentage"":0.060886},{""age"":""35-44"",""gender"":""female"",""percentage"":0.227456},{""age"":""55-64"",""gender"":""female"",""percentage"":0.128501},{""age"":""45-54"",""gender"":""male"",""percentage"":0.113696},{""age"":""65+"",""gender"":""female"",""percentage"":0.056848},{""age"":""45-54"",""gender"":""female"",""percentage"":0.179068},{""age"":""35-44"",""gender"":""male"",""percentage"":0.196372},{""age"":""35-44"",""gender"":""unknown"",""percentage"":0.003974}","{""region"":""Santiago Metropolitan Region"",""percentage"":1}","facebook,instagram","lower_bound: 10001, upper_bound: 50000",es
656372575550681,669777673091551,"Yasna Provoste Campillay",2021-11-10,2021-11-10,2021-11-16,"Yasna Provoste Campillay","El alcalde Jaime Escudero vota por un Chile que recupere la paz, los empleos, con barrios más seguros y salud y educación de calidad para todos y todas.
Para juntos y juntas unir y sanar a Chile, vota 3, vota #AhoraYasna.
¡Muchas gracias por tu apoyo y respaldo alcalde Escudero!","Pirque con Yasna",yasnapresidenta.cl,,"lower_bound: 1000, upper_bound: 1999","lower_bound: 30000, upper_bound: 34999",CLP,"{""age"":""13-17"",""gender"":""male"",""percentage"":0.000586},{""age"":""45-54"",""gender"":""unknown"",""percentage"":0.002929},{""age"":""65+"",""gender"":""female"",""percentage"":0.040422},{""age"":""65+"",""gender"":""unknown"",""percentage"":0.001172},{""age"":""65+"",""gender"":""male"",""percentage"":0.024605},{""age"":""55-64"",""gender"":""male"",""percentage"":0.063269},{""age"":""35-44"",""gender"":""unknown"",""percentage"":0.009959},{""age"":""45-54"",""gender"":""male"",""percentage"":0.123023},{""age"":""35-44"",""gender"":""female"",""percentage"":0.285882},{""age"":""45-54"",""gender"":""female"",""percentage"":0.154657},{""age"":""35-44"",""gender"":""male"",""percentage"":0.21031},{""age"":""55-64"",""gender"":""female"",""percentage"":0.083187}","{""region"":""Santiago Metropolitan Region"",""percentage"":1}","facebook,instagram","lower_bound: 100, upper_bound: 1000",es
613980096306192,669777673091551,"Yasna Provoste Campillay",2021-11-10,2021-11-11,2021-11-15,"Yasna Provoste Campillay","El alcalde Bernardo Candia vota por un Chile que recupere la paz, los empleos, con barrios más seguros y salud y educación de calidad para todos y todas.
Para juntos y juntas unir y sanar a Chile, vota 3, vota #AhoraYasna.
¡Muchas gracias por tu apoyo y respaldo alcalde Bernardo!","San Juan de la Costa con Yasna",yasnapresidenta.cl,,"lower_bound: 1000, upper_bound: 1999","lower_bound: 20000, upper_bound: 24999",CLP,"{""age"":""55-64"",""gender"":""unknown"",""percentage"":0.000731},{""age"":""45-54"",""gender"":""unknown"",""percentage"":0.001462},{""age"":""35-44"",""gender"":""unknown"",""percentage"":0.005848},{""age"":""35-44"",""gender"":""male"",""percentage"":0.231725},{""age"":""45-54"",""gender"":""male"",""percentage"":0.133041},{""age"":""55-64"",""gender"":""male"",""percentage"":0.053363},{""age"":""35-44"",""gender"":""female"",""percentage"":0.248538},{""age"":""45-54"",""gender"":""female"",""percentage"":0.170322},{""age"":""55-64"",""gender"":""female"",""percentage"":0.091374},{""age"":""65+"",""gender"":""male"",""percentage"":0.025585},{""age"":""65+"",""gender"":""female"",""percentage"":0.03655},{""age"":""65+"",""gender"":""unknown"",""percentage"":0.001462}","{""region"":""Los Lagos Region"",""percentage"":1}","facebook,instagram","lower_bound: 1001, upper_bound: 5000",es
4483698055084368,669777673091551,"Yasna Provoste Campillay",2021-11-10,2021-11-10,2021-11-16,"Yasna Provoste Campillay","La alcaldesa Claudia Díaz vota por un Chile que recupere la paz, los empleos, con barrios más seguros y salud y educación de calidad para todos y todas.
Para juntos y juntas unir y sanar a Chile, vota 3, vota #AhoraYasna.
¡Muchas gracias por tu apoyo y respaldo alcaldesa Claudia!","San Rafael con Yasna",yasnapresidenta.cl,,"lower_bound: 10000, upper_bound: 14999","lower_bound: 45000, upper_bound: 49999",CLP,"{""age"":""35-44"",""gender"":""unknown"",""percentage"":0.002677},{""age"":""65+"",""gender"":""male"",""percentage"":0.026774},{""age"":""45-54"",""gender"":""unknown"",""percentage"":0.001147},{""age"":""55-64"",""gender"":""male"",""percentage"":0.069803},{""age"":""35-44"",""gender"":""male"",""percentage"":0.195544},{""age"":""65+"",""gender"":""female"",""percentage"":0.054599},{""age"":""45-54"",""gender"":""female"",""percentage"":0.170874},{""age"":""55-64"",""gender"":""female"",""percentage"":0.118856},{""age"":""35-44"",""gender"":""female"",""percentage"":0.231784},{""age"":""45-54"",""gender"":""male"",""percentage"":0.127653},{""age"":""55-64"",""gender"":""unknown"",""percentage"":0.000191},{""age"":""65+"",""gender"":""unknown"",""percentage"":9.6e-5}","{""region"":""Maule Region"",""percentage"":1}","facebook,instagram","lower_bound: 5001, upper_bound: 10000",es
408079394144526,669777673091551,"Yasna Provoste Campillay",2021-11-10,2021-11-11,2021-11-15,"Yasna Provoste Campillay","El alcalde Manuel Zúñiga vota por un Chile que recupere la paz, los empleos, con barrios más seguros y salud y educación de calidad para todos y todas.
Para juntos y juntas unir y sanar a Chile, vota 3, vota #AhoraYasna.
¡Muchas gracias por tu apoyo y respaldo alcalde Manuel!","El Bosque con Yasna",yasnapresidenta.cl,,"lower_bound: 15000, upper_bound: 19999","lower_bound: 45000, upper_bound: 49999",CLP,"{""age"":""13-17"",""gender"":""female"",""percentage"":5.3e-5},{""age"":""45-54"",""gender"":""unknown"",""percentage"":0.002138},{""age"":""55-64"",""gender"":""male"",""percentage"":0.065216},{""age"":""35-44"",""gender"":""male"",""percentage"":0.1833},{""age"":""45-54"",""gender"":""female"",""percentage"":0.175817},{""age"":""55-64"",""gender"":""female"",""percentage"":0.136901},{""age"":""35-44"",""gender"":""female"",""percentage"":0.239215},{""age"":""45-54"",""gender"":""male"",""percentage"":0.10317},{""age"":""65+"",""gender"":""female"",""percentage"":0.061688},{""age"":""65+"",""gender"":""male"",""percentage"":0.028385},{""age"":""35-44"",""gender"":""unknown"",""percentage"":0.003261},{""age"":""65+"",""gender"":""unknown"",""percentage"":0.000267},{""age"":""55-64"",""gender"":""unknown"",""percentage"":0.000588}","{""region"":""Santiago Metropolitan Region"",""percentage"":1}","facebook,instagram","lower_bound: 10001, upper_bound: 50000",es
1054915222029749,669777673091551,"Yasna Provoste Campillay",2021-11-10,2021-11-10,2021-11-16,"Yasna Provoste Campillay","El alcalde Patricio Ferreira vota por un Chile que recupere la paz, los empleos, con barrios más seguros y salud y educación de calidad para todos y todas.
Para juntos y juntas unir y sanar a Chile, vota 3, vota #AhoraYasna.
¡Muchas gracias por tu apoyo y respaldo alcalde Patricio!","Alto Hospicio con Yasna",yasnapresidenta.cl,,"lower_bound: 15000, upper_bound: 19999","lower_bound: 45000, upper_bound: 49999",CLP,"{""age"":""55-64"",""gender"":""unknown"",""percentage"":0.000367},{""age"":""65+"",""gender"":""unknown"",""percentage"":0.000367},{""age"":""35-44"",""gender"":""unknown"",""percentage"":0.003665},{""age"":""45-54"",""gender"":""unknown"",""percentage"":0.001466},{""age"":""65+"",""gender"":""female"",""percentage"":0.038055},{""age"":""65+"",""gender"":""male"",""percentage"":0.023212},{""age"":""55-64"",""gender"":""male"",""percentage"":0.056014},{""age"":""35-44"",""gender"":""female"",""percentage"":0.304196},{""age"":""35-44"",""gender"":""male"",""percentage"":0.213487},{""age"":""55-64"",""gender"":""female"",""percentage"":0.089793},{""age"":""45-54"",""gender"":""female"",""percentage"":0.164071},{""age"":""45-54"",""gender"":""male"",""percentage"":0.105308}","{""region"":""Tarapac\u00e1 Region"",""percentage"":1}","facebook,instagram","lower_bound: 10001, upper_bound: 50000",es
614077492967020,669777673091551,"Yasna Provoste Campillay",2021-11-10,2021-11-11,2021-11-15,"Yasna Provoste Campillay","El alcalde Rafael Vera vota por un Chile que recupere la paz, los empleos, con barrios más seguros y salud y educación de calidad para todos y todas.
Para juntos y juntas unir y sanar a Chile, vota 3, vota #AhoraYasna.
¡Muchas gracias por tu apoyo y respaldo alcalde Rafael!","Vicuña con Yasna",yasnapresidenta.cl,,"lower_bound: 7000, upper_bound: 7999","lower_bound: 45000, upper_bound: 49999",CLP,"{""age"":""35-44"",""gender"":""unknown"",""percentage"":0.003761},{""age"":""35-44"",""gender"":""male"",""percentage"":0.17836},{""age"":""65+"",""gender"":""female"",""percentage"":0.050195},{""age"":""55-64"",""gender"":""female"",""percentage"":0.123246},{""age"":""45-54"",""gender"":""female"",""percentage"":0.192391},{""age"":""35-44"",""gender"":""female"",""percentage"":0.248083},{""age"":""45-54"",""gender"":""male"",""percentage"":0.114856},{""age"":""55-64"",""gender"":""male"",""percentage"":0.058007},{""age"":""65+"",""gender"":""male"",""percentage"":0.027774},{""age"":""45-54"",""gender"":""unknown"",""percentage"":0.002025},{""age"":""55-64"",""gender"":""unknown"",""percentage"":0.000723},{""age"":""65+"",""gender"":""unknown"",""percentage"":0.000579}","{""region"":""Coquimbo Region"",""percentage"":1}","facebook,instagram","lower_bound: 5001, upper_bound: 10000",es
287650883247735,669777673091551,"Yasna Provoste Campillay",2021-11-10,2021-11-10,2021-11-15,"Yasna Provoste Campillay","El alcalde Cristian Ojeda vota por un Chile que recupere la paz, los empleos, con barrios más seguros y salud y educación de calidad para todos y todas.
Para juntos y juntas unir y sanar a Chile, vota 3, vota #AhoraYasna.
¡Muchas gracias por tu apoyo y respaldo alcalde Cristian!","Quellón con Yasna",yasnapresidenta.cl,,"lower_bound: 4000, upper_bound: 4999","lower_bound: 30000, upper_bound: 34999",CLP,"{""age"":""13-17"",""gender"":""male"",""percentage"":0.000226},{""age"":""35-44"",""gender"":""unknown"",""percentage"":0.003613},{""age"":""65+"",""gender"":""female"",""percentage"":0.03161},{""age"":""65+"",""gender"":""unknown"",""percentage"":0.001129},{""age"":""35-44"",""gender"":""female"",""percentage"":0.289004},{""age"":""55-64"",""gender"":""male"",""percentage"":0.066155},{""age"":""45-54"",""gender"":""female"",""percentage"":0.169338},{""age"":""35-44"",""gender"":""male"",""percentage"":0.218334},{""age"":""45-54"",""gender"":""male"",""percentage"":0.125762},{""age"":""65+"",""gender"":""male"",""percentage"":0.022353},{""age"":""55-64"",""gender"":""female"",""percentage"":0.070896},{""age"":""45-54"",""gender"":""unknown"",""percentage"":0.000903},{""age"":""55-64"",""gender"":""unknown"",""percentage"":0.000677}","{""region"":""Los Lagos Region"",""percentage"":1}","facebook,instagram","lower_bound: 1001, upper_bound: 5000",es
3141284012782905,669777673091551,"Yasna Provoste Campillay",2021-11-08,2021-11-08,2021-11-16,"Yasna Provoste Campillay","El alcalde Gerardo Espíndola vota por un Chile que recupere la paz, los empleos, con barrios más seguros y salud y educación de calidad para todos y todas.
Para juntos y juntas unir y sanar a Chile, vota 3, vota #AhoraYasna.
¡Muchas gracias por tu apoyo y respaldo alcalde Espíndola!","Arica con Yasna",yasnapresidenta.cl,,"lower_bound: 25000, upper_bound: 29999","lower_bound: 45000, upper_bound: 49999",CLP,"{""age"":""45-54"",""gender"":""unknown"",""percentage"":0.001875},{""age"":""65+"",""gender"":""male"",""percentage"":0.032478},{""age"":""45-54"",""gender"":""female"",""percentage"":0.171167},{""age"":""55-64"",""gender"":""male"",""percentage"":0.061844},{""age"":""35-44"",""gender"":""female"",""percentage"":0.251575},{""age"":""65+"",""gender"":""female"",""percentage"":0.061244},{""age"":""35-44"",""gender"":""male"",""percentage"":0.183693},{""age"":""45-54"",""gender"":""male"",""percentage"":0.107861},{""age"":""55-64"",""gender"":""female"",""percentage"":0.12335},{""age"":""35-44"",""gender"":""unknown"",""percentage"":0.0036},{""age"":""55-64"",""gender"":""unknown"",""percentage"":0.000863},{""age"":""65+"",""gender"":""unknown"",""percentage"":0.00045}","{""region"":""Arica y Parinacota Region"",""percentage"":1}","facebook,instagram","lower_bound: 50001, upper_bound: 100000",es
572105287213170,669777673091551,"Yasna Provoste Campillay",2021-11-08,2021-11-08,2021-11-18,"Yasna Provoste Campillay","El concejal Jorge Muñoz vota por un Chile que recupere la paz, los empleos, con barrios más seguros y salud y educación de calidad para todos y todas.
Para juntos y juntas unir y sanar a Chile, vota 3, vota #AhoraYasna.
¡Muchas gracias por tu apoyo y respaldo Jorge!","Quillón con Yasna",yasnapresidenta.cl,,"lower_bound: 8000, upper_bound: 8999","lower_bound: 50000, upper_bound: 59999",CLP,"{""age"":""65+"",""gender"":""unknown"",""percentage"":0.000168},{""age"":""45-54"",""gender"":""unknown"",""percentage"":0.001514},{""age"":""55-64"",""gender"":""female"",""percentage"":0.1164},{""age"":""65+"",""gender"":""female"",""percentage"":0.063919},{""age"":""55-64"",""gender"":""male"",""percentage"":0.060555},{""age"":""45-54"",""gender"":""male"",""percentage"":0.110513},{""age"":""45-54"",""gender"":""female"",""percentage"":0.178806},{""age"":""65+"",""gender"":""male"",""percentage"":0.034483},{""age"":""35-44"",""gender"":""female"",""percentage"":0.235997},{""age"":""35-44"",""gender"":""male"",""percentage"":0.192935},{""age"":""55-64"",""gender"":""unknown"",""percentage"":0.000673},{""age"":""35-44"",""gender"":""unknown"",""percentage"":0.004037}","{""region"":""B\u00edo B\u00edo Region"",""percentage"":1}","facebook,instagram","lower_bound: 5001, upper_bound: 10000",es
382264200312835,669777673091551,"Yasna Provoste Campillay",2021-11-08,2021-11-14,2021-11-15,"Yasna Provoste Campillay","El alcalde Patricio Ferreira vota por un Chile que recupere la paz, los empleos, con barrios más seguros y salud y educación de calidad para todos y todas.
Para juntos y juntas unir y sanar a Chile, vota 3, vota #AhoraYasna.
¡Muchas gracias por tu apoyo y respaldo alcalde Patricio!","Alto Hospicio con Yasna",yasnapresidenta.cl,,"lower_bound: 10000, upper_bound: 14999","lower_bound: 45000, upper_bound: 49999",CLP,"{""age"":""65+"",""gender"":""unknown"",""percentage"":0.000336},{""age"":""35-44"",""gender"":""unknown"",""percentage"":0.004195},{""age"":""65+"",""gender"":""female"",""percentage"":0.038094},{""age"":""55-64"",""gender"":""unknown"",""percentage"":0.000252},{""age"":""55-64"",""gender"":""female"",""percentage"":0.091542},{""age"":""65+"",""gender"":""male"",""percentage"":0.023074},{""age"":""45-54"",""gender"":""male"",""percentage"":0.099429},{""age"":""35-44"",""gender"":""male"",""percentage"":0.209179},{""age"":""35-44"",""gender"":""female"",""percentage"":0.315993},{""age"":""45-54"",""gender"":""female"",""percentage"":0.165884},{""age"":""55-64"",""gender"":""male"",""percentage"":0.05068},{""age"":""45-54"",""gender"":""unknown"",""percentage"":0.001343}","{""region"":""Tarapac\u00e1 Region"",""percentage"":1}","facebook,instagram","lower_bound: 10001, upper_bound: 50000",es
1304343976682627,669777673091551,"Yasna Provoste Campillay",2021-11-08,2021-11-08,2021-11-19,"Yasna Provoste Campillay","El ex concejal Leonardo Bahamondes vota por un Chile que recupere la paz, los empleos, con barrios más seguros y salud y educación de calidad para todos y todas.
Para juntos y juntas unir y sanar a Chile, vota 3, vota #AhoraYasna.
¡Muchas gracias por tu apoyo y respaldo Leonardo!","Quilicura con Yasna",yasnapresidenta.cl,,"lower_bound: 25000, upper_bound: 29999","lower_bound: 50000, upper_bound: 59999",CLP,"{""age"":""65+"",""gender"":""unknown"",""percentage"":0.000212},{""age"":""55-64"",""gender"":""unknown"",""percentage"":0.000935},{""age"":""65+"",""gender"":""male"",""percentage"":0.024857},{""age"":""45-54"",""gender"":""female"",""percentage"":0.172169},{""age"":""35-44"",""gender"":""male"",""percentage"":0.205864},{""age"":""35-44"",""gender"":""female"",""percentage"":0.221457},{""age"":""55-64"",""gender"":""female"",""percentage"":0.117994},{""age"":""45-54"",""gender"":""male"",""percentage"":0.134013},{""age"":""55-64"",""gender"":""male"",""percentage"":0.073508},{""age"":""65+"",""gender"":""female"",""percentage"":0.041173},{""age"":""45-54"",""gender"":""unknown"",""percentage"":0.003017},{""age"":""35-44"",""gender"":""unknown"",""percentage"":0.004801}","{""region"":""Santiago Metropolitan Region"",""percentage"":1}","facebook,instagram","lower_bound: 50001, upper_bound: 100000",es
1791996190992280,669777673091551,"Yasna Provoste Campillay",2021-11-08,2021-11-08,2021-11-16,"Yasna Provoste Campillay","Jorge Díaz Ibarra, Gobernador de Arica y Parinacota, vota por un Chile que recupere la paz, los empleos, por barrios más seguros y salud y educación de calidad para todos y todas.
Para juntos y juntas unir y sanar a Chile, vota 3, vota #AhoraYasna.
¡Muchas gracias por tu apoyo y respaldo gobernador Jorge Díaz!","Arica con Yasna",yasnapresidenta.cl,,"lower_bound: 35000, upper_bound: 39999","lower_bound: 100000, upper_bound: 124999",CLP,"{""age"":""55-64"",""gender"":""unknown"",""percentage"":0.000889},{""age"":""35-44"",""gender"":""unknown"",""percentage"":0.003749},{""age"":""45-54"",""gender"":""unknown"",""percentage"":0.001833},{""age"":""65+"",""gender"":""unknown"",""percentage"":0.000528},{""age"":""65+"",""gender"":""male"",""percentage"":0.033157},{""age"":""35-44"",""gender"":""male"",""percentage"":0.191775},{""age"":""35-44"",""gender"":""female"",""percentage"":0.256338},{""age"":""45-54"",""gender"":""male"",""percentage"":0.105995},{""age"":""55-64"",""gender"":""female"",""percentage"":0.116798},{""age"":""45-54"",""gender"":""female"",""percentage"":0.167921},{""age"":""65+"",""gender"":""female"",""percentage"":0.061453},{""age"":""55-64"",""gender"":""male"",""percentage"":0.059565}","{""region"":""Arica y Parinacota Region"",""percentage"":0.969771},{""region"":""Tacna Region"",""percentage"":0.030229}","facebook,instagram","lower_bound: 50001, upper_bound: 100000",es
3046295188947091,669777673091551,"Yasna Provoste Campillay",2021-11-08,2021-11-08,2021-11-19,"Yasna Provoste Campillay","En nuestro gobierno, todas las personas mayores de 65 años que reciban una Pensión Básica Solidaria, aumentarán su pensión a $225.000 dentro de los primeros 6 meses, gracias a una nueva Pensión Universal Garantizada.
Por un Chile con pensiones dignas, este 21 de noviembre #Vota3 #AhoraYasna","Pensiones dignas",yasnapresidenta.cl,,"lower_bound: 90000, upper_bound: 99999","lower_bound: 50000, upper_bound: 59999",CLP,"{""age"":""45-54"",""gender"":""unknown"",""percentage"":0.001533},{""age"":""55-64"",""gender"":""male"",""percentage"":0.065312},{""age"":""35-44"",""gender"":""male"",""percentage"":0.089242},{""age"":""45-54"",""gender"":""male"",""percentage"":0.081859},{""age"":""45-54"",""gender"":""female"",""percentage"":0.229905},{""age"":""55-64"",""gender"":""female"",""percentage"":0.187043},{""age"":""35-44"",""gender"":""female"",""percentage"":0.241195},{""age"":""65+"",""gender"":""male"",""percentage"":0.027686},{""age"":""65+"",""gender"":""female"",""percentage"":0.072587},{""age"":""35-44"",""gender"":""unknown"",""percentage"":0.002148},{""age"":""55-64"",""gender"":""unknown"",""percentage"":0.000831},{""age"":""65+"",""gender"":""unknown"",""percentage"":0.000658}","{""region"":""Los R\u00edos Region"",""percentage"":0.039854},{""region"":""Arica y Parinacota Region"",""percentage"":0.015985},{""region"":""Valpara\u00edso Region"",""percentage"":0.103803},{""region"":""Ays\u00e9n Region"",""percentage"":0.014132},{""region"":""Antofagasta Region"",""percentage"":0.041685},{""region"":""Araucan\u00eda Region"",""percentage"":0.088131},{""region"":""Atacama Region"",""percentage"":0.030591},{""region"":""B\u00edo B\u00edo Region"",""percentage"":0.133683},{""region"":""Coquimbo Region"",""percentage"":0.055095},{""region"":""O'Higgins Region"",""percentage"":0.06075},{""region"":""Los Lagos Region"",""percentage"":0.091599},{""region"":""Magallanes y la Ant\u00e1rtica Chilena Region"",""percentage"":0.020067},{""region"":""Maule Region"",""percentage"":0.079309},{""region"":""Santiago Metropolitan Region"",""percentage"":0.199765},{""region"":""Tarapac\u00e1 Region"",""percentage"":0.02555}","facebook,instagram","lower_bound: 1000001",es
274640828002397,669777673091551,"Yasna Provoste Campillay",2021-11-08,2021-11-08,2021-11-15,"Yasna Provoste Campillay","Patricio Vallespín, Gobernador de la región de Los Lagos, vota por un Chile que recupere la paz, los empleos, por barrios más seguros y salud y educación de calidad para todos y todas.
Para juntos y juntas unir y sanar a Chile, vota 3, vota #AhoraYasna.
¡Muchas gracias por tu apoyo y respaldo Patricio!","Los Lagos con Yasna",yasnapresidenta.cl,,"lower_bound: 70000, upper_bound: 79999","lower_bound: 80000, upper_bound: 89999",CLP,"{""age"":""65+"",""gender"":""unknown"",""percentage"":0.000362},{""age"":""55-64"",""gender"":""unknown"",""percentage"":0.000622},{""age"":""65+"",""gender"":""male"",""percentage"":0.022082},{""age"":""55-64"",""gender"":""male"",""percentage"":0.067578},{""age"":""65+"",""gender"":""female"",""percentage"":0.044989},{""age"":""45-54"",""gender"":""female"",""percentage"":0.193362},{""age"":""55-64"",""gender"":""female"",""percentage"":0.124165},{""age"":""45-54"",""gender"":""male"",""percentage"":0.124758},{""age"":""35-44"",""gender"":""female"",""percentage"":0.244642},{""age"":""35-44"",""gender"":""male"",""percentage"":0.172755},{""age"":""35-44"",""gender"":""unknown"",""percentage"":0.003181},{""age"":""45-54"",""gender"":""unknown"",""percentage"":0.001504}","{""region"":""Los Lagos Region"",""percentage"":1}","facebook,instagram","lower_bound: 100001, upper_bound: 500000",es
1245503702636344,669777673091551,"Yasna Provoste Campillay",2021-11-08,2021-11-08,2021-11-16,"Yasna Provoste Campillay","Cristina Bravo, Gobernadora de la región del Maule, vota por un Chile que recupere la paz, los empleos, por barrios más seguros y salud y educación de calidad para todos y todas.
Para juntos y juntas unir y sanar a Chile, vota 3, vota #AhoraYasna.
¡Muchas gracias por tu apoyo y respaldo Cristina!","Maule con Yasna",yasnapresidenta.cl,,"lower_bound: 70000, upper_bound: 79999","lower_bound: 80000, upper_bound: 89999",CLP,"{""age"":""65+"",""gender"":""unknown"",""percentage"":0.00026},{""age"":""65+"",""gender"":""male"",""percentage"":0.021948},{""age"":""65+"",""gender"":""female"",""percentage"":0.040732},{""age"":""55-64"",""gender"":""male"",""percentage"":0.064256},{""age"":""35-44"",""gender"":""male"",""percentage"":0.176685},{""age"":""45-54"",""gender"":""male"",""percentage"":0.117458},{""age"":""35-44"",""gender"":""female"",""percentage"":0.259247},{""age"":""45-54"",""gender"":""female"",""percentage"":0.191625},{""age"":""55-64"",""gender"":""female"",""percentage"":0.123541},{""age"":""35-44"",""gender"":""unknown"",""percentage"":0.002572},{""age"":""45-54"",""gender"":""unknown"",""percentage"":0.001257},{""age"":""55-64"",""gender"":""unknown"",""percentage"":0.000419}","{""region"":""Maule Region"",""percentage"":1}","facebook,instagram","lower_bound: 100001, upper_bound: 500000",es
288321813163451,669777673091551,"Yasna Provoste Campillay",2021-11-08,2021-11-08,2021-11-15,"Yasna Provoste Campillay","El alcalde Jorge Del Pozo vota por un Chile que recupere la paz, los empleos, con barrios más seguros y salud y educación de calidad para todos y todas.
Para juntos y juntas unir y sanar a Chile, vota 3, vota #AhoraYasna.
¡Muchas gracias por tu apoyo y respaldo alcalde Jorge!","Chillán Viejo con Yasna",yasnapresidenta.cl,,"lower_bound: 7000, upper_bound: 7999","lower_bound: 40000, upper_bound: 44999",CLP,"{""age"":""65+"",""gender"":""unknown"",""percentage"":0.000143},{""age"":""65+"",""gender"":""female"",""percentage"":0.042185},{""age"":""45-54"",""gender"":""male"",""percentage"":0.122265},{""age"":""35-44"",""gender"":""female"",""percentage"":0.260689},{""age"":""45-54"",""gender"":""female"",""percentage"":0.169455},{""age"":""35-44"",""gender"":""male"",""percentage"":0.228085},{""age"":""65+"",""gender"":""male"",""percentage"":0.021879},{""age"":""55-64"",""gender"":""female"",""percentage"":0.094523},{""age"":""55-64"",""gender"":""male"",""percentage"":0.054769},{""age"":""35-44"",""gender"":""unknown"",""percentage"":0.003861},{""age"":""55-64"",""gender"":""unknown"",""percentage"":0.000858},{""age"":""45-54"",""gender"":""unknown"",""percentage"":0.001144},{""age"":""13-17"",""gender"":""unknown"",""percentage"":0.000143}","{""region"":""B\u00edo B\u00edo Region"",""percentage"":1}","facebook,instagram","lower_bound: 10001, upper_bound: 50000",es
188596360106474,669777673091551,"Yasna Provoste Campillay",2021-11-08,2021-11-08,2021-11-18,"Yasna Provoste Campillay","La concejala Georgina Cuyul vota por un Chile que recupere la paz, los empleos, con barrios más seguros y salud y educación de calidad para todos y todas.
Para juntos y juntas unir y sanar a Chile, vota 3, vota #AhoraYasna.
¡Muchas gracias por tu apoyo y respaldo Georgina!","Panguipulli con Yasna",yasnapresidenta.cl,,"lower_bound: 7000, upper_bound: 7999","lower_bound: 40000, upper_bound: 44999",CLP,"{""age"":""45-54"",""gender"":""male"",""percentage"":0.11654},{""age"":""55-64"",""gender"":""male"",""percentage"":0.055236},{""age"":""35-44"",""gender"":""male"",""percentage"":0.188891},{""age"":""35-44"",""gender"":""female"",""percentage"":0.267777},{""age"":""45-54"",""gender"":""female"",""percentage"":0.181889},{""age"":""55-64"",""gender"":""female"",""percentage"":0.110316},{""age"":""65+"",""gender"":""male"",""percentage"":0.024739},{""age"":""35-44"",""gender"":""unknown"",""percentage"":0.003423},{""age"":""65+"",""gender"":""female"",""percentage"":0.049012},{""age"":""45-54"",""gender"":""unknown"",""percentage"":0.001089},{""age"":""55-64"",""gender"":""unknown"",""percentage"":0.000622},{""age"":""65+"",""gender"":""unknown"",""percentage"":0.000467}","{""region"":""Los R\u00edos Region"",""percentage"":1}","facebook,instagram","lower_bound: 5001, upper_bound: 10000",es
4436355743116693,669777673091551,"Yasna Provoste Campillay",2021-11-08,2021-11-08,2021-11-18,"Yasna Provoste Campillay","En nuestro gobierno, todas las personas mayores de 65 años (salvo el 10% de mayores ingresos) recibirán una Pensión Universal Garantizada de $225.000 dentro de los primeros 6 meses.� 
Por un Chile con pensiones dignas, este 21 de noviembre #Vota3 #AhoraYasna","Pensiones dignas",yasnapresidenta.cl,,"lower_bound: 60000, upper_bound: 69999","lower_bound: 40000, upper_bound: 44999",CLP,"{""age"":""35-44"",""gender"":""male"",""percentage"":0.466403},{""age"":""65+"",""gender"":""male"",""percentage"":0.070579},{""age"":""45-54"",""gender"":""male"",""percentage"":0.287929},{""age"":""55-64"",""gender"":""male"",""percentage"":0.17509}","{""region"":""Los R\u00edos Region"",""percentage"":0.033461},{""region"":""Arica y Parinacota Region"",""percentage"":0.017456},{""region"":""Valpara\u00edso Region"",""percentage"":0.119447},{""region"":""Ays\u00e9n Region"",""percentage"":0.012788},{""region"":""Antofagasta Region"",""percentage"":0.049169},{""region"":""Araucan\u00eda Region"",""percentage"":0.080553},{""region"":""Atacama Region"",""percentage"":0.027137},{""region"":""B\u00edo B\u00edo Region"",""percentage"":0.095667},{""region"":""Coquimbo Region"",""percentage"":0.05824},{""region"":""O'Higgins Region"",""percentage"":0.067874},{""region"":""Los Lagos Region"",""percentage"":0.085112},{""region"":""Magallanes y la Ant\u00e1rtica Chilena Region"",""percentage"":0.024748},{""region"":""Maule Region"",""percentage"":0.076524},{""region"":""Santiago Metropolitan Region"",""percentage"":0.224904},{""region"":""Tarapac\u00e1 Region"",""percentage"":0.026919}","facebook,instagram","lower_bound: 1000001",es
473540683984805,669777673091551,"Yasna Provoste Campillay",2021-11-08,2021-11-08,2021-11-18,"Yasna Provoste Campillay","La concejala Patricia Molina vota por un Chile que recupere la paz, los empleos, con barrios más seguros y salud y educación de calidad para todos y todas.
Para juntos y juntas unir y sanar a Chile, vota 3, vota #AhoraYasna.
¡Muchas gracias por tu apoyo y respaldo Patricia!","Conchalí con Yasna",yasnapresidenta.cl,,"lower_bound: 15000, upper_bound: 19999","lower_bound: 40000, upper_bound: 44999",CLP,"{""age"":""65+"",""gender"":""unknown"",""percentage"":0.000317},{""age"":""35-44"",""gender"":""unknown"",""percentage"":0.003741},{""age"":""65+"",""gender"":""male"",""percentage"":0.027454},{""age"":""45-54"",""gender"":""female"",""percentage"":0.164025},{""age"":""65+"",""gender"":""female"",""percentage"":0.050533},{""age"":""35-44"",""gender"":""male"",""percentage"":0.217157},{""age"":""55-64"",""gender"":""female"",""percentage"":0.121671},{""age"":""55-64"",""gender"":""male"",""percentage"":0.06632},{""age"":""35-44"",""gender"":""female"",""percentage"":0.225526},{""age"":""45-54"",""gender"":""male"",""percentage"":0.119769},{""age"":""55-64"",""gender"":""unknown"",""percentage"":0.000951},{""age"":""45-54"",""gender"":""unknown"",""percentage"":0.002536}","{""region"":""Yangon"",""percentage"":6.3e-5},{""region"":""Santiago Metropolitan Region"",""percentage"":0.999937}","facebook,instagram","lower_bound: 10001, upper_bound: 50000",es
404379331173488,669777673091551,"Yasna Provoste Campillay",2021-11-08,2021-11-08,2021-11-18,"Yasna Provoste Campillay","El concejal Luis Trigo vota por un Chile que recupere la paz, los empleos, con barrios más seguros y salud y educación de calidad para todos y todas.
Para juntos y juntas unir y sanar a Chile, vota 3, vota #AhoraYasna.
¡Muchas gracias por tu apoyo y respaldo Luis!","Huasco con Yasna",yasnapresidenta.cl,,"lower_bound: 6000, upper_bound: 6999","lower_bound: 40000, upper_bound: 44999",CLP,"{""age"":""55-64"",""gender"":""unknown"",""percentage"":0.000717},{""age"":""65+"",""gender"":""female"",""percentage"":0.047841},{""age"":""55-64"",""gender"":""male"",""percentage"":0.075793},{""age"":""55-64"",""gender"":""female"",""percentage"":0.110195},{""age"":""45-54"",""gender"":""female"",""percentage"":0.149436},{""age"":""35-44"",""gender"":""male"",""percentage"":0.220749},{""age"":""35-44"",""gender"":""female"",""percentage"":0.246551},{""age"":""65+"",""gender"":""male"",""percentage"":0.031894},{""age"":""45-54"",""gender"":""male"",""percentage"":0.111629},{""age"":""65+"",""gender"":""unknown"",""percentage"":0.000358},{""age"":""35-44"",""gender"":""unknown"",""percentage"":0.003584},{""age"":""45-54"",""gender"":""unknown"",""percentage"":0.001254}","{""region"":""Tarapac\u00e1 Region"",""percentage"":0.000358},{""region"":""Atacama Region"",""percentage"":0.999642}","facebook,instagram","lower_bound: 1001, upper_bound: 5000",es
605987687110348,669777673091551,"Yasna Provoste Campillay",2021-11-08,2021-11-08,2021-11-18,"Yasna Provoste Campillay","En nuestro gobierno, todas las personas mayores de 65 años (salvo el 10% de mayores ingresos) recibirán una Pensión Universal Garantizada de $225.000 dentro de los primeros 6 meses.
Por un Chile con pensiones dignas, este 21 de noviembre #Vota3 #AhoraYasna","Pensiones dignas",yasnapresidenta.cl,,"lower_bound: 80000, upper_bound: 89999","lower_bound: 40000, upper_bound: 44999",CLP,"{""age"":""65+"",""gender"":""female"",""percentage"":0.087722},{""age"":""45-54"",""gender"":""female"",""percentage"":0.301764},{""age"":""55-64"",""gender"":""female"",""percentage"":0.228164},{""age"":""35-44"",""gender"":""female"",""percentage"":0.38235}","{""region"":""Los R\u00edos Region"",""percentage"":0.039552},{""region"":""Arica y Parinacota Region"",""percentage"":0.016229},{""region"":""Valpara\u00edso Region"",""percentage"":0.108645},{""region"":""Ays\u00e9n Region"",""percentage"":0.013313},{""region"":""Antofagasta Region"",""percentage"":0.038125},{""region"":""Araucan\u00eda Region"",""percentage"":0.091691},{""region"":""Atacama Region"",""percentage"":0.027139},{""region"":""B\u00edo B\u00edo Region"",""percentage"":0.140726},{""region"":""Coquimbo Region"",""percentage"":0.05309},{""region"":""O'Higgins Region"",""percentage"":0.061799},{""region"":""Los Lagos Region"",""percentage"":0.090114},{""region"":""Magallanes y la Ant\u00e1rtica Chilena Region"",""percentage"":0.018318},{""region"":""Maule Region"",""percentage"":0.078565},{""region"":""Santiago Metropolitan Region"",""percentage"":0.197483},{""region"":""Tarapac\u00e1 Region"",""percentage"":0.025212}","facebook,instagram","lower_bound: 1000001",es
415254283507946,669777673091551,"Yasna Provoste Campillay",2021-11-08,2021-11-08,2021-11-15,"Yasna Provoste Campillay","El alcalde Álvaro Ortiz vota por un Chile que recupere la paz, los empleos, con barrios más seguros y salud y educación de calidad para todos y todas.
Para juntos y juntas unir y sanar a Chile, vota 3, vota #AhoraYasna.
¡Muchas gracias por tu apoyo y respaldo alcalde Ortiz!","Concepción con Yasna",yasnapresidenta.cl,,"lower_bound: 40000, upper_bound: 44999","lower_bound: 40000, upper_bound: 44999",CLP,"{""age"":""55-64"",""gender"":""unknown"",""percentage"":0.000504},{""age"":""45-54"",""gender"":""unknown"",""percentage"":0.001234},{""age"":""35-44"",""gender"":""unknown"",""percentage"":0.003324},{""age"":""65+"",""gender"":""male"",""percentage"":0.026465},{""age"":""45-54"",""gender"":""male"",""percentage"":0.104827},{""age"":""65+"",""gender"":""female"",""percentage"":0.054919},{""age"":""55-64"",""gender"":""female"",""percentage"":0.160879},{""age"":""35-44"",""gender"":""female"",""percentage"":0.22655},{""age"":""45-54"",""gender"":""female"",""percentage"":0.193388},{""age"":""35-44"",""gender"":""male"",""percentage"":0.153375},{""age"":""55-64"",""gender"":""male"",""percentage"":0.074132},{""age"":""65+"",""gender"":""unknown"",""percentage"":0.000403}","{""region"":""Unknown"",""percentage"":2.5e-5},{""region"":""B\u00edo B\u00edo Region"",""percentage"":0.999975}","facebook,instagram","lower_bound: 100001, upper_bound: 500000",es
283868946956920,669777673091551,"Yasna Provoste Campillay",2021-11-08,2021-11-08,2021-11-18,"Yasna Provoste Campillay","El concejal Gerardo Sáez vota por un Chile que recupere la paz, los empleos, con barrios más seguros y salud y educación de calidad para todos y todas.
Para juntos y juntas unir y sanar a Chile, vota 3, vota #AhoraYasna.
¡Muchas gracias por tu apoyo y respaldo Gerardo!","Panguipulli con Yasna",yasnapresidenta.cl,,"lower_bound: 7000, upper_bound: 7999","lower_bound: 40000, upper_bound: 44999",CLP,"{""age"":""65+"",""gender"":""unknown"",""percentage"":0.000473},{""age"":""55-64"",""gender"":""unknown"",""percentage"":0.000473},{""age"":""35-44"",""gender"":""male"",""percentage"":0.18685},{""age"":""35-44"",""gender"":""female"",""percentage"":0.266635},{""age"":""45-54"",""gender"":""female"",""percentage"":0.179754},{""age"":""65+"",""gender"":""female"",""percentage"":0.049827},{""age"":""55-64"",""gender"":""female"",""percentage"":0.111479},{""age"":""65+"",""gender"":""male"",""percentage"":0.025386},{""age"":""45-54"",""gender"":""male"",""percentage"":0.119363},{""age"":""35-44"",""gender"":""unknown"",""percentage"":0.003154},{""age"":""55-64"",""gender"":""male"",""percentage"":0.055503},{""age"":""45-54"",""gender"":""unknown"",""percentage"":0.001104}","{""region"":""Los R\u00edos Region"",""percentage"":1}","facebook,instagram","lower_bound: 5001, upper_bound: 10000",es
417633166652533,669777673091551,"Yasna Provoste Campillay",2021-11-08,2021-11-08,2021-11-18,"Yasna Provoste Campillay","La alcaldesa Brunilda González vota por un Chile que recupere la paz, los empleos, con barrios más seguros y salud y educación de calidad para todos y todas.
Para juntos y juntas unir y sanar a Chile, vota 3, vota #AhoraYasna.
¡Muchas gracias por tu apoyo y respaldo alcaldesa Brunilda!","Caldera con Yasna",yasnapresidenta.cl,,"lower_bound: 10000, upper_bound: 14999","lower_bound: 40000, upper_bound: 44999",CLP,"{""age"":""65+"",""gender"":""unknown"",""percentage"":0.00034},{""age"":""35-44"",""gender"":""unknown"",""percentage"":0.003851},{""age"":""65+"",""gender"":""male"",""percentage"":0.031827},{""age"":""65+"",""gender"":""female"",""percentage"":0.046891},{""age"":""45-54"",""gender"":""male"",""percentage"":0.119832},{""age"":""45-54"",""gender"":""female"",""percentage"":0.151093},{""age"":""35-44"",""gender"":""male"",""percentage"":0.228565},{""age"":""35-44"",""gender"":""female"",""percentage"":0.240911},{""age"":""55-64"",""gender"":""male"",""percentage"":0.068977},{""age"":""55-64"",""gender"":""female"",""percentage"":0.104882},{""age"":""45-54"",""gender"":""unknown"",""percentage"":0.002265},{""age"":""55-64"",""gender"":""unknown"",""percentage"":0.000566}","{""region"":""Atacama Region"",""percentage"":1}","facebook,instagram","lower_bound: 5001, upper_bound: 10000",es
1308476316243059,669777673091551,"Yasna Provoste Campillay",2021-11-08,2021-11-08,2021-11-19,"Yasna Provoste Campillay","Jaime Tohá, diputado por el Distrito 20 del Biobío, vota por un Chile que recupere la paz, los empleos, por barrios más seguros y salud y educación de calidad para todos y todas.
Para juntos y juntas unir y sanar a Chile, vota 3, vota #AhoraYasna.
¡Muchas gracias por tu apoyo y respaldo diputado Tohá!","Biobío con Yasna",yasnapresidenta.cl,,"lower_bound: 50000, upper_bound: 59999","lower_bound: 40000, upper_bound: 44999",CLP,"{""age"":""45-54"",""gender"":""unknown"",""percentage"":0.001363},{""age"":""65+"",""gender"":""female"",""percentage"":0.042319},{""age"":""35-44"",""gender"":""female"",""percentage"":0.271094},{""age"":""55-64"",""gender"":""male"",""percentage"":0.062667},{""age"":""35-44"",""gender"":""male"",""percentage"":0.159573},{""age"":""55-64"",""gender"":""female"",""percentage"":0.127979},{""age"":""45-54"",""gender"":""male"",""percentage"":0.111641},{""age"":""45-54"",""gender"":""female"",""percentage"":0.199026},{""age"":""65+"",""gender"":""male"",""percentage"":0.020769},{""age"":""35-44"",""gender"":""unknown"",""percentage"":0.002827},{""age"":""65+"",""gender"":""unknown"",""percentage"":0.000341},{""age"":""55-64"",""gender"":""unknown"",""percentage"":0.000401}","{""region"":""B\u00edo B\u00edo Region"",""percentage"":1}","facebook,instagram","lower_bound: 100001, upper_bound: 500000",es
1227446704749108,669777673091551,"Yasna Provoste Campillay",2021-11-08,2021-11-08,2021-11-16,"Yasna Provoste Campillay","Claudio Orrego, Gobernador de la Región Metropolitana, vota por un Chile que recupere la paz, los empleos, por barrios más seguros y salud y educación de calidad para todos y todas.
Para juntos y juntas unir y sanar a Chile, vota 3, vota #AhoraYasna.
¡Muchas gracias por tu apoyo y respaldo gobernador Orrego!","La RM con Yasna",yasnapresidenta.cl,,"lower_bound: 175000, upper_bound: 199999","lower_bound: 175000, upper_bound: 199999",CLP,"{""age"":""13-17"",""gender"":""male"",""percentage"":6.0e-6},{""age"":""35-44"",""gender"":""unknown"",""percentage"":0.004182},{""age"":""45-54"",""gender"":""female"",""percentage"":0.165821},{""age"":""65+"",""gender"":""female"",""percentage"":0.05643},{""age"":""35-44"",""gender"":""female"",""percentage"":0.22171},{""age"":""35-44"",""gender"":""male"",""percentage"":0.184936},{""age"":""55-64"",""gender"":""male"",""percentage"":0.078104},{""age"":""45-54"",""gender"":""male"",""percentage"":0.114097},{""age"":""55-64"",""gender"":""female"",""percentage"":0.141113},{""age"":""65+"",""gender"":""male"",""percentage"":0.030072},{""age"":""65+"",""gender"":""unknown"",""percentage"":0.000496},{""age"":""45-54"",""gender"":""unknown"",""percentage"":0.002119},{""age"":""55-64"",""gender"":""unknown"",""percentage"":0.000914}","{""region"":""Santiago Metropolitan Region"",""percentage"":1}","facebook,instagram","lower_bound: 1000001",es
3089958554620784,669777673091551,"Yasna Provoste Campillay",2021-11-08,2021-11-08,2021-11-18,"Yasna Provoste Campillay","La concejala Marta Hotus vota por un Chile que recupere la paz, los empleos, con barrios más seguros y salud y educación de calidad para todos y todas.
Para juntos y juntas unir y sanar a Chile, vota 3, vota #AhoraYasna.
¡Muchas gracias por tu apoyo y respaldo Marta!","Rapa Nui con Yasna",yasnapresidenta.cl,,"lower_bound: 1000, upper_bound: 1999","lower_bound: 35000, upper_bound: 39999",CLP,"{""age"":""55-64"",""gender"":""unknown"",""percentage"":0.002465},{""age"":""35-44"",""gender"":""unknown"",""percentage"":0.009858},{""age"":""65+"",""gender"":""unknown"",""percentage"":0.001848},{""age"":""65+"",""gender"":""male"",""percentage"":0.022181},{""age"":""55-64"",""gender"":""male"",""percentage"":0.046211},{""age"":""35-44"",""gender"":""female"",""percentage"":0.316081},{""age"":""35-44"",""gender"":""male"",""percentage"":0.202711},{""age"":""65+"",""gender"":""female"",""percentage"":0.048059},{""age"":""45-54"",""gender"":""male"",""percentage"":0.087492},{""age"":""45-54"",""gender"":""female"",""percentage"":0.157733},{""age"":""55-64"",""gender"":""female"",""percentage"":0.101664},{""age"":""45-54"",""gender"":""unknown"",""percentage"":0.003697}","{""region"":""Baja California"",""percentage"":0.000608},{""region"":""Hidalgo"",""percentage"":0.000608},{""region"":""State of Mexico"",""percentage"":0.000608},{""region"":""Valpara\u00edso Region"",""percentage"":0.998175}","facebook,instagram","lower_bound: 1001, upper_bound: 5000",es
298380942046377,669777673091551,"Yasna Provoste Campillay",2021-11-08,2021-11-08,2021-11-15,"Yasna Provoste Campillay","La alcaldesa Ivonne Rivas vota por un Chile que recupere la paz, los empleos, con barrios más seguros y salud y educación de calidad para todos y todas.
Para juntos y juntas unir y sanar a Chile, vota 3, vota #AhoraYasna.
¡Muchas gracias por tu apoyo y respaldo alcaldesa Ivonne!","Tomé con Yasna",yasnapresidenta.cl,,"lower_bound: 35000, upper_bound: 39999","lower_bound: 40000, upper_bound: 44999",CLP,"{""age"":""65+"",""gender"":""unknown"",""percentage"":0.000461},{""age"":""55-64"",""gender"":""male"",""percentage"":0.072078},{""age"":""65+"",""gender"":""male"",""percentage"":0.027314},{""age"":""35-44"",""gender"":""male"",""percentage"":0.168909},{""age"":""45-54"",""gender"":""male"",""percentage"":0.106618},{""age"":""45-54"",""gender"":""female"",""percentage"":0.181259},{""age"":""35-44"",""gender"":""female"",""percentage"":0.226356},{""age"":""65+"",""gender"":""female"",""percentage"":0.058472},{""age"":""55-64"",""gender"":""female"",""percentage"":0.15128},{""age"":""35-44"",""gender"":""unknown"",""percentage"":0.004433},{""age"":""45-54"",""gender"":""unknown"",""percentage"":0.001768},{""age"":""55-64"",""gender"":""unknown"",""percentage"":0.001051}","{""region"":""B\u00edo B\u00edo Region"",""percentage"":1}","facebook,instagram","lower_bound: 100001, upper_bound: 500000",es
183481050642287,669777673091551,"Yasna Provoste Campillay",2021-11-08,2021-11-08,2021-11-15,"Yasna Provoste Campillay","El alcalde Felipe Delpín vota por un Chile que recupere la paz, los empleos, con barrios más seguros y salud y educación de calidad para todos y todas.
Para juntos y juntas unir y sanar a Chile, vota 3, vota #AhoraYasna.
¡Muchas gracias por tu apoyo y respaldo alcalde Felipe!","La Granja con Yasna",yasnapresidenta.cl,,"lower_bound: 15000, upper_bound: 19999","lower_bound: 40000, upper_bound: 44999",CLP,"{""age"":""55-64"",""gender"":""unknown"",""percentage"":0.000514},{""age"":""35-44"",""gender"":""unknown"",""percentage"":0.002979},{""age"":""45-54"",""gender"":""male"",""percentage"":0.105455},{""age"":""65+"",""gender"":""male"",""percentage"":0.028097},{""age"":""55-64"",""gender"":""male"",""percentage"":0.067701},{""age"":""55-64"",""gender"":""female"",""percentage"":0.150966},{""age"":""35-44"",""gender"":""male"",""percentage"":0.170896},{""age"":""35-44"",""gender"":""female"",""percentage"":0.235977},{""age"":""45-54"",""gender"":""female"",""percentage"":0.177676},{""age"":""65+"",""gender"":""female"",""percentage"":0.057479},{""age"":""45-54"",""gender"":""unknown"",""percentage"":0.001901},{""age"":""65+"",""gender"":""unknown"",""percentage"":0.00036}","{""region"":""Santiago Metropolitan Region"",""percentage"":1}","facebook,instagram","lower_bound: 10001, upper_bound: 50000",es
201368052142459,669777673091551,"Yasna Provoste Campillay",2021-11-08,2021-11-08,2021-11-14,"Yasna Provoste Campillay","#AhoraEsCuando debemos descarbonizar Chile. En nuestro gobierno cerraremos las termoeléctricas a carbón e instalaremos 1.000.000 de techos solares. #AhoraYasna",Descarbonizar,yasnapresidenta.cl,"Al grave atentado a un tren de carga ocurrido la madrugada del martes, se ha sumado la muerte de dos jóvenes y las heridas producidas […]","lower_bound: 50000, upper_bound: 59999","lower_bound: 30000, upper_bound: 34999",CLP,"{""age"":""45-54"",""gender"":""unknown"",""percentage"":0.001259},{""age"":""55-64"",""gender"":""female"",""percentage"":0.151821},{""age"":""65+"",""gender"":""female"",""percentage"":0.065522},{""age"":""35-44"",""gender"":""male"",""percentage"":0.15855},{""age"":""35-44"",""gender"":""female"",""percentage"":0.186805},{""age"":""55-64"",""gender"":""male"",""percentage"":0.091258},{""age"":""45-54"",""gender"":""female"",""percentage"":0.173406},{""age"":""45-54"",""gender"":""male"",""percentage"":0.127954},{""age"":""65+"",""gender"":""male"",""percentage"":0.039588},{""age"":""35-44"",""gender"":""unknown"",""percentage"":0.00246},{""age"":""65+"",""gender"":""unknown"",""percentage"":0.00059},{""age"":""55-64"",""gender"":""unknown"",""percentage"":0.000787}","{""region"":""Los R\u00edos Region"",""percentage"":0.037776},{""region"":""Arica y Parinacota Region"",""percentage"":0.015605},{""region"":""Valpara\u00edso Region"",""percentage"":0.101619},{""region"":""Ays\u00e9n Region"",""percentage"":0.014417},{""region"":""Antofagasta Region"",""percentage"":0.042452},{""region"":""Araucan\u00eda Region"",""percentage"":0.094742},{""region"":""Atacama Region"",""percentage"":0.025502},{""region"":""B\u00edo B\u00edo Region"",""percentage"":0.125212},{""region"":""Coquimbo Region"",""percentage"":0.053654},{""region"":""O'Higgins Region"",""percentage"":0.060492},{""region"":""Los Lagos Region"",""percentage"":0.096281},{""region"":""Magallanes y la Ant\u00e1rtica Chilena Region"",""percentage"":0.021313},{""region"":""Maule Region"",""percentage"":0.072571},{""region"":""Santiago Metropolitan Region"",""percentage"":0.212609},{""region"":""Tarapac\u00e1 Region"",""percentage"":0.025755}","facebook,instagram","lower_bound: 1000001",es
629472534894938,669777673091551,"Yasna Provoste Campillay",2021-11-08,2021-11-08,2021-11-18,"Yasna Provoste Campillay","La sequía avanza en el país fruto del cambio clímatico, #AhoraEsCuando debemos enfrentarla, garantizando el acceso al agua como un derecho real para todos los chilenos y chilenas, y terminando con los camiones aljibes en las comunidades rurales. #AhoraYasna",Sequía,yasnapresidenta.cl,"Al grave atentado a un tren de carga ocurrido la madrugada del martes, se ha sumado la muerte de dos jóvenes y las heridas producidas […]","lower_bound: 70000, upper_bound: 79999","lower_bound: 40000, upper_bound: 44999",CLP,"{""age"":""65+"",""gender"":""unknown"",""percentage"":0.000697},{""age"":""45-54"",""gender"":""female"",""percentage"":0.193209},{""age"":""65+"",""gender"":""male"",""percentage"":0.044781},{""age"":""55-64"",""gender"":""female"",""percentage"":0.200634},{""age"":""65+"",""gender"":""female"",""percentage"":0.080359},{""age"":""35-44"",""gender"":""female"",""percentage"":0.16473},{""age"":""45-54"",""gender"":""male"",""percentage"":0.107857},{""age"":""55-64"",""gender"":""male"",""percentage"":0.104713},{""age"":""35-44"",""gender"":""male"",""percentage"":0.098767},{""age"":""55-64"",""gender"":""unknown"",""percentage"":0.000768},{""age"":""45-54"",""gender"":""unknown"",""percentage"":0.001437},{""age"":""35-44"",""gender"":""unknown"",""percentage"":0.002048}","{""region"":""Los R\u00edos Region"",""percentage"":0.040158},{""region"":""Arica y Parinacota Region"",""percentage"":0.014697},{""region"":""Valpara\u00edso Region"",""percentage"":0.10599},{""region"":""Ays\u00e9n Region"",""percentage"":0.013471},{""region"":""Antofagasta Region"",""percentage"":0.042131},{""region"":""Araucan\u00eda Region"",""percentage"":0.093322},{""region"":""Atacama Region"",""percentage"":0.026913},{""region"":""B\u00edo B\u00edo Region"",""percentage"":0.121532},{""region"":""Coquimbo Region"",""percentage"":0.051558},{""region"":""O'Higgins Region"",""percentage"":0.058166},{""region"":""Los Lagos Region"",""percentage"":0.096267},{""region"":""Magallanes y la Ant\u00e1rtica Chilena Region"",""percentage"":0.019445},{""region"":""Maule Region"",""percentage"":0.077978},{""region"":""Santiago Metropolitan Region"",""percentage"":0.214206},{""region"":""Tarapac\u00e1 Region"",""percentage"":0.024165}","facebook,instagram","lower_bound: 1000001",es
312612147053529,669777673091551,"Yasna Provoste Campillay",2021-11-08,2021-11-08,2021-11-18,"Yasna Provoste Campillay","Porque el cambio climático no es un invento, #AhoraEsCuando debemos enfrentarlo. En nuestro gobierno decretaremos emergencia climática para Chile y con energías limpias y el fin de termoeléctricas de carbón, combatiremos el cambio climático ahora. #AhoraYasna","Cambio climático",yasnapresidenta.cl,"Al grave atentado a un tren de carga ocurrido la madrugada del martes, se ha sumado la muerte de dos jóvenes y las heridas producidas […]","lower_bound: 70000, upper_bound: 79999","lower_bound: 40000, upper_bound: 44999",CLP,"{""age"":""55-64"",""gender"":""unknown"",""percentage"":0.000729},{""age"":""35-44"",""gender"":""unknown"",""percentage"":0.00234},{""age"":""65+"",""gender"":""unknown"",""percentage"":0.000785},{""age"":""45-54"",""gender"":""unknown"",""percentage"":0.001709},{""age"":""45-54"",""gender"":""male"",""percentage"":0.096996},{""age"":""65+"",""gender"":""female"",""percentage"":0.071595},{""age"":""45-54"",""gender"":""female"",""percentage"":0.197495},{""age"":""55-64"",""gender"":""male"",""percentage"":0.077801},{""age"":""55-64"",""gender"":""female"",""percentage"":0.172542},{""age"":""35-44"",""gender"":""male"",""percentage"":0.112408},{""age"":""65+"",""gender"":""male"",""percentage"":0.034004},{""age"":""35-44"",""gender"":""female"",""percentage"":0.231597}","{""region"":""Los R\u00edos Region"",""percentage"":0.039011},{""region"":""Arica y Parinacota Region"",""percentage"":0.016554},{""region"":""Valpara\u00edso Region"",""percentage"":0.108628},{""region"":""Ays\u00e9n Region"",""percentage"":0.014067},{""region"":""Antofagasta Region"",""percentage"":0.043522},{""region"":""Araucan\u00eda Region"",""percentage"":0.089264},{""region"":""Atacama Region"",""percentage"":0.029019},{""region"":""B\u00edo B\u00edo Region"",""percentage"":0.117931},{""region"":""Coquimbo Region"",""percentage"":0.05468},{""region"":""O'Higgins Region"",""percentage"":0.05801},{""region"":""Los Lagos Region"",""percentage"":0.092763},{""region"":""Magallanes y la Ant\u00e1rtica Chilena Region"",""percentage"":0.020658},{""region"":""Maule Region"",""percentage"":0.074761},{""region"":""Santiago Metropolitan Region"",""percentage"":0.213013},{""region"":""Tarapac\u00e1 Region"",""percentage"":0.02812}","facebook,instagram","lower_bound: 1000001",es
865434410818170,669777673091551,"Yasna Provoste Campillay",2021-11-08,2021-11-08,2021-11-19,"Yasna Provoste Campillay","El concejal Manuel Meza vota por un Chile que recupere la paz, los empleos, con barrios más seguros y salud y educación de calidad para todos y todas.
Para juntos y juntas unir y sanar a Chile, vota 3, vota #AhoraYasna.
¡Muchas gracias por tu apoyo y respaldo Manuel!","San Antonio con Yasna",yasnapresidenta.cl,,"lower_bound: 15000, upper_bound: 19999","lower_bound: 40000, upper_bound: 44999",CLP,"{""age"":""65+"",""gender"":""unknown"",""percentage"":0.00032},{""age"":""45-54"",""gender"":""unknown"",""percentage"":0.001921},{""age"":""55-64"",""gender"":""unknown"",""percentage"":0.000768},{""age"":""35-44"",""gender"":""unknown"",""percentage"":0.00333},{""age"":""65+"",""gender"":""male"",""percentage"":0.031314},{""age"":""35-44"",""gender"":""female"",""percentage"":0.240843},{""age"":""65+"",""gender"":""female"",""percentage"":0.062244},{""age"":""45-54"",""gender"":""male"",""percentage"":0.113345},{""age"":""35-44"",""gender"":""male"",""percentage"":0.173604},{""age"":""55-64"",""gender"":""female"",""percentage"":0.139408},{""age"":""55-64"",""gender"":""male"",""percentage"":0.072298},{""age"":""45-54"",""gender"":""female"",""percentage"":0.16054},{""age"":""13-17"",""gender"":""male"",""percentage"":6.4e-5}","{""region"":""Valpara\u00edso Region"",""percentage"":1}","facebook,instagram","lower_bound: 10001, upper_bound: 50000",es
585477206033012,669777673091551,"Yasna Provoste Campillay",2021-11-05,2021-11-06,2021-11-18,"Yasna Provoste Campillay","El concejal Marco Antonio Vásquez vota por un Chile que recupere la paz, los empleos, con barrios más seguros y salud y educación de calidad para todos y todas.
Para juntos y juntas unir y sanar a Chile, vota 3, vota #AhoraYasna.
¡Muchas gracias por tu apoyo y respaldo Marco Antonio!","Temuco con Yasna",yasnapresidenta.cl,,"lower_bound: 35000, upper_bound: 39999","lower_bound: 50000, upper_bound: 59999",CLP,"{""age"":""55-64"",""gender"":""unknown"",""percentage"":0.001173},{""age"":""45-54"",""gender"":""unknown"",""percentage"":0.002982},{""age"":""65+"",""gender"":""female"",""percentage"":0.054241},{""age"":""35-44"",""gender"":""female"",""percentage"":0.245444},{""age"":""45-54"",""gender"":""female"",""percentage"":0.178873},{""age"":""35-44"",""gender"":""male"",""percentage"":0.190298},{""age"":""55-64"",""gender"":""female"",""percentage"":0.119573},{""age"":""45-54"",""gender"":""male"",""percentage"":0.11639},{""age"":""55-64"",""gender"":""male"",""percentage"":0.059535},{""age"":""65+"",""gender"":""male"",""percentage"":0.026802},{""age"":""35-44"",""gender"":""unknown"",""percentage"":0.004389},{""age"":""65+"",""gender"":""unknown"",""percentage"":0.000302}","{""region"":""Araucan\u00eda Region"",""percentage"":1}","facebook,instagram","lower_bound: 50001, upper_bound: 100000",es
326599629228539,669777673091551,"Yasna Provoste Campillay",2021-11-05,2021-11-05,2021-11-18,"Yasna Provoste Campillay","El concejal Jesús Rojas vota por un Chile que recupere la paz, los empleos, con barrios más seguros y salud y educación de calidad para todos y todas.
Para juntos y juntas unir y sanar a Chile, vota 3, vota #AhoraYasna.
¡Muchas gracias por tu apoyo y respaldo Jesús!","Linares con Yasna",yasnapresidenta.cl,,"lower_bound: 25000, upper_bound: 29999","lower_bound: 50000, upper_bound: 59999",CLP,"{""age"":""65+"",""gender"":""male"",""percentage"":0.02505},{""age"":""45-54"",""gender"":""male"",""percentage"":0.101167},{""age"":""35-44"",""gender"":""unknown"",""percentage"":0.002733},{""age"":""45-54"",""gender"":""female"",""percentage"":0.178309},{""age"":""65+"",""gender"":""female"",""percentage"":0.052035},{""age"":""35-44"",""gender"":""female"",""percentage"":0.271506},{""age"":""55-64"",""gender"":""female"",""percentage"":0.123484},{""age"":""35-44"",""gender"":""male"",""percentage"":0.17996},{""age"":""55-64"",""gender"":""male"",""percentage"":0.06308},{""age"":""65+"",""gender"":""unknown"",""percentage"":0.000342},{""age"":""55-64"",""gender"":""unknown"",""percentage"":0.000626},{""age"":""45-54"",""gender"":""unknown"",""percentage"":0.001708}","{""region"":""Maule Region"",""percentage"":1}","facebook,instagram","lower_bound: 10001, upper_bound: 50000",es
3116640325327496,669777673091551,"Yasna Provoste Campillay",2021-11-05,2021-11-05,2021-11-18,"Yasna Provoste Campillay","En nuestro gobierno, todas las personas mayores de 65 años (salvo el 10% de mayores ingresos) recibirán una Pensión Universal Garantizada de $225.000 dentro de los primeros 6 meses.
Por un Chile con pensiones dignas, este 21 de noviembre #Vota3 #AhoraYasna","Pensiones dignas",yasnapresidenta.cl,,"lower_bound: 80000, upper_bound: 89999","lower_bound: 50000, upper_bound: 59999",CLP,"{""age"":""65+"",""gender"":""male"",""percentage"":0.080962},{""age"":""45-54"",""gender"":""male"",""percentage"":0.307932},{""age"":""35-44"",""gender"":""male"",""percentage"":0.418133},{""age"":""55-64"",""gender"":""male"",""percentage"":0.192973}","{""region"":""Los R\u00edos Region"",""percentage"":0.032758},{""region"":""Arica y Parinacota Region"",""percentage"":0.016436},{""region"":""Valpara\u00edso Region"",""percentage"":0.105506},{""region"":""Ays\u00e9n Region"",""percentage"":0.012379},{""region"":""Antofagasta Region"",""percentage"":0.047031},{""region"":""Araucan\u00eda Region"",""percentage"":0.085818},{""region"":""Atacama Region"",""percentage"":0.026191},{""region"":""B\u00edo B\u00edo Region"",""percentage"":0.120124},{""region"":""Coquimbo Region"",""percentage"":0.05201},{""region"":""O'Higgins Region"",""percentage"":0.062482},{""region"":""Los Lagos Region"",""percentage"":0.086458},{""region"":""Magallanes y la Ant\u00e1rtica Chilena Region"",""percentage"":0.021877},{""region"":""Maule Region"",""percentage"":0.075897},{""region"":""Santiago Metropolitan Region"",""percentage"":0.227294},{""region"":""Tarapac\u00e1 Region"",""percentage"":0.02774}","facebook,instagram","lower_bound: 1000001",es
948182992469242,669777673091551,"Yasna Provoste Campillay",2021-11-05,2021-11-05,2021-11-19,"Yasna Provoste Campillay","En nuestro gobierno, todas las personas mayores de 65 años (salvo el 10% de mayores ingresos) recibirán una Pensión Universal Garantizada de $225.000 dentro de los primeros 6 meses.
Por un Chile con pensiones dignas, este 21 de noviembre #Vota3 #AhoraYasna","Pensiones dignas",yasnapresidenta.cl,,"lower_bound: 80000, upper_bound: 89999","lower_bound: 50000, upper_bound: 59999",CLP,"{""age"":""35-44"",""gender"":""female"",""percentage"":0.412225},{""age"":""45-54"",""gender"":""female"",""percentage"":0.298865},{""age"":""55-64"",""gender"":""female"",""percentage"":0.207866},{""age"":""65+"",""gender"":""female"",""percentage"":0.081045}","{""region"":""Los R\u00edos Region"",""percentage"":0.041837},{""region"":""Arica y Parinacota Region"",""percentage"":0.01732},{""region"":""Valpara\u00edso Region"",""percentage"":0.112462},{""region"":""Ays\u00e9n Region"",""percentage"":0.014444},{""region"":""Antofagasta Region"",""percentage"":0.040858},{""region"":""Araucan\u00eda Region"",""percentage"":0.09219},{""region"":""Atacama Region"",""percentage"":0.028599},{""region"":""B\u00edo B\u00edo Region"",""percentage"":0.12933},{""region"":""Coquimbo Region"",""percentage"":0.054912},{""region"":""O'Higgins Region"",""percentage"":0.062649},{""region"":""Los Lagos Region"",""percentage"":0.096285},{""region"":""Magallanes y la Ant\u00e1rtica Chilena Region"",""percentage"":0.021314},{""region"":""Maule Region"",""percentage"":0.076741},{""region"":""Santiago Metropolitan Region"",""percentage"":0.184242},{""region"":""Tarapac\u00e1 Region"",""percentage"":0.026816}","facebook,instagram","lower_bound: 1000001",es
840010503345578,669777673091551,"Yasna Provoste Campillay",2021-11-04,2021-11-05,2021-11-08,"Yasna Provoste Campillay","En nuestro gobierno, todas las personas mayores de 65 años (salvo el 10% de mayores ingresos) recibirán una Pensión Universal Garantizada de $225.000 dentro de los primeros 6 meses.
Por un Chile con pensiones dignas, este 21 de noviembre #Vota3 #AhoraYasna","Pensiones dignas",yasnapresidenta.cl,,"lower_bound: 10000, upper_bound: 14999","lower_bound: 7000, upper_bound: 7999",CLP,"{""age"":""25-34"",""gender"":""female"",""percentage"":0.312591},{""age"":""35-44"",""gender"":""female"",""percentage"":0.364595},{""age"":""55-64"",""gender"":""female"",""percentage"":0.0962},{""age"":""45-54"",""gender"":""female"",""percentage"":0.196426},{""age"":""65+"",""gender"":""female"",""percentage"":0.030188}","{""region"":""Los R\u00edos Region"",""percentage"":0.044282},{""region"":""Arica y Parinacota Region"",""percentage"":0.022628},{""region"":""Valpara\u00edso Region"",""percentage"":0.115004},{""region"":""Ays\u00e9n Region"",""percentage"":0.018491},{""region"":""Antofagasta Region"",""percentage"":0.044688},{""region"":""Araucan\u00eda Region"",""percentage"":0.103974},{""region"":""Atacama Region"",""percentage"":0.033982},{""region"":""B\u00edo B\u00edo Region"",""percentage"":0.116139},{""region"":""Coquimbo Region"",""percentage"":0.055637},{""region"":""O'Higgins Region"",""percentage"":0.066261},{""region"":""Los Lagos Region"",""percentage"":0.091565},{""region"":""Magallanes y la Ant\u00e1rtica Chilena Region"",""percentage"":0.019303},{""region"":""Maule Region"",""percentage"":0.077453},{""region"":""Santiago Metropolitan Region"",""percentage"":0.161638},{""region"":""Tarapac\u00e1 Region"",""percentage"":0.028954}","facebook,instagram","lower_bound: 1000001",es
228822199199644,669777673091551,"Yasna Provoste Campillay",2021-11-04,2021-11-05,2021-11-08,"Yasna Provoste Campillay","En nuestro gobierno, todas las personas mayores de 65 años (salvo el 10% de mayores ingresos) recibirán una Pensión Universal Garantizada de $225.000 dentro de los primeros 6 meses.� 
Por un Chile con pensiones dignas, este 21 de noviembre #Vota3 #AhoraYasna","Pensiones dignas",yasnapresidenta.cl,,"lower_bound: 10000, upper_bound: 14999","lower_bound: 7000, upper_bound: 7999",CLP,"{""age"":""55-64"",""gender"":""male"",""percentage"":0.047619},{""age"":""45-54"",""gender"":""male"",""percentage"":0.142381},{""age"":""25-34"",""gender"":""male"",""percentage"":0.441524},{""age"":""35-44"",""gender"":""male"",""percentage"":0.347143},{""age"":""65+"",""gender"":""male"",""percentage"":0.021333}","{""region"":""Los R\u00edos Region"",""percentage"":0.034394},{""region"":""Arica y Parinacota Region"",""percentage"":0.024608},{""region"":""Valpara\u00edso Region"",""percentage"":0.114299},{""region"":""Ays\u00e9n Region"",""percentage"":0.013017},{""region"":""Antofagasta Region"",""percentage"":0.050641},{""region"":""Araucan\u00eda Region"",""percentage"":0.08266},{""region"":""Atacama Region"",""percentage"":0.032494},{""region"":""B\u00edo B\u00edo Region"",""percentage"":0.110594},{""region"":""Coquimbo Region"",""percentage"":0.054062},{""region"":""O'Higgins Region"",""percentage"":0.060998},{""region"":""Los Lagos Region"",""percentage"":0.08038},{""region"":""Magallanes y la Ant\u00e1rtica Chilena Region"",""percentage"":0.024418},{""region"":""Maule Region"",""percentage"":0.066033},{""region"":""Santiago Metropolitan Region"",""percentage"":0.221093},{""region"":""Tarapac\u00e1 Region"",""percentage"":0.030309}","facebook,instagram","lower_bound: 1000001",es
1799779690217236,669777673091551,"Yasna Provoste Campillay",2021-11-04,2021-11-05,2021-11-08,"Yasna Provoste Campillay","El concejal Manuel Meza vota por un Chile que recupere la paz, los empleos, con barrios más seguros y salud y educación de calidad para todos y todas.
Para juntos y juntas unir y sanar a Chile, vota 3, vota #AhoraYasna.
¡Muchas gracias por tu apoyo y respaldo Manuel!","San Antonio con Yasna",yasnapresidenta.cl,,"lower_bound: 7000, upper_bound: 7999","lower_bound: 8000, upper_bound: 8999",CLP,"{""age"":""25-34"",""gender"":""unknown"",""percentage"":0.000805},{""age"":""45-54"",""gender"":""unknown"",""percentage"":0.001475},{""age"":""25-34"",""gender"":""male"",""percentage"":0.118949},{""age"":""65+"",""gender"":""male"",""percentage"":0.020786},{""age"":""55-64"",""gender"":""female"",""percentage"":0.116937},{""age"":""35-44"",""gender"":""female"",""percentage"":0.171248},{""age"":""45-54"",""gender"":""male"",""percentage"":0.077645},{""age"":""45-54"",""gender"":""female"",""percentage"":0.129275},{""age"":""25-34"",""gender"":""female"",""percentage"":0.147915},{""age"":""55-64"",""gender"":""male"",""percentage"":0.054714},{""age"":""35-44"",""gender"":""male"",""percentage"":0.115864},{""age"":""65+"",""gender"":""female"",""percentage"":0.041303},{""age"":""55-64"",""gender"":""unknown"",""percentage"":0.000671},{""age"":""35-44"",""gender"":""unknown"",""percentage"":0.00228},{""age"":""65+"",""gender"":""unknown"",""percentage"":0.000134}","{""region"":""Valpara\u00edso Region"",""percentage"":1}","facebook,instagram","lower_bound: 10001, upper_bound: 50000",es
609865340362578,669777673091551,"Yasna Provoste Campillay",2021-11-04,2021-11-05,2021-11-08,"Yasna Provoste Campillay","Porque el cambio climático no es un invento, #AhoraEsCuando debemos enfrentarlo. En nuestro gobierno decretaremos emergencia climática para Chile y con energías limpias y el fin de termoeléctricas de carbón, combatiremos el cambio climático ahora. #AhoraYasna","Cambio climático",yasnapresidenta.cl,"Al grave atentado a un tren de carga ocurrido la madrugada del martes, se ha sumado la muerte de dos jóvenes y las heridas producidas […]","lower_bound: 10000, upper_bound: 14999","lower_bound: 7000, upper_bound: 7999",CLP,"{""age"":""55-64"",""gender"":""male"",""percentage"":0.037751},{""age"":""35-44"",""gender"":""female"",""percentage"":0.253558},{""age"":""25-34"",""gender"":""female"",""percentage"":0.140305},{""age"":""25-34"",""gender"":""male"",""percentage"":0.082063},{""age"":""35-44"",""gender"":""male"",""percentage"":0.104573},{""age"":""65+"",""gender"":""male"",""percentage"":0.017765},{""age"":""45-54"",""gender"":""male"",""percentage"":0.077117},{""age"":""55-64"",""gender"":""female"",""percentage"":0.088019},{""age"":""45-54"",""gender"":""female"",""percentage"":0.154941},{""age"":""65+"",""gender"":""female"",""percentage"":0.035732},{""age"":""35-44"",""gender"":""unknown"",""percentage"":0.00434},{""age"":""45-54"",""gender"":""unknown"",""percentage"":0.001817},{""age"":""25-34"",""gender"":""unknown"",""percentage"":0.001211},{""age"":""65+"",""gender"":""unknown"",""percentage"":0.000404},{""age"":""55-64"",""gender"":""unknown"",""percentage"":0.000404}","{""region"":""Los R\u00edos Region"",""percentage"":0.046179},{""region"":""Arica y Parinacota Region"",""percentage"":0.021336},{""region"":""Valpara\u00edso Region"",""percentage"":0.107683},{""region"":""Ays\u00e9n Region"",""percentage"":0.013523},{""region"":""Antofagasta Region"",""percentage"":0.049985},{""region"":""Araucan\u00eda Region"",""percentage"":0.085045},{""region"":""Atacama Region"",""percentage"":0.033757},{""region"":""B\u00edo B\u00edo Region"",""percentage"":0.122909},{""region"":""Coquimbo Region"",""percentage"":0.053291},{""region"":""O'Higgins Region"",""percentage"":0.056196},{""region"":""Los Lagos Region"",""percentage"":0.082941},{""region"":""Magallanes y la Ant\u00e1rtica Chilena Region"",""percentage"":0.019433},{""region"":""Maule Region"",""percentage"":0.069218},{""region"":""Santiago Metropolitan Region"",""percentage"":0.209456},{""region"":""Tarapac\u00e1 Region"",""percentage"":0.029049}","facebook,instagram","lower_bound: 1000001",es
876533959920698,669777673091551,"Yasna Provoste Campillay",2021-11-04,2021-11-05,2021-11-08,"Yasna Provoste Campillay","La sequía avanza en el país fruto del cambio clímatico, #AhoraEsCuando debemos enfrentarla, garantizando el acceso al agua como un derecho real para todos los chilenos y chilenas, y terminando con los camiones aljibes en las comunidades rurales. #AhoraYasna",Sequía,yasnapresidenta.cl,"Al grave atentado a un tren de carga ocurrido la madrugada del martes, se ha sumado la muerte de dos jóvenes y las heridas producidas […]","lower_bound: 10000, upper_bound: 14999","lower_bound: 7000, upper_bound: 7999",CLP,"{""age"":""55-64"",""gender"":""female"",""percentage"":0.105709},{""age"":""35-44"",""gender"":""male"",""percentage"":0.076943},{""age"":""25-34"",""gender"":""female"",""percentage"":0.201271},{""age"":""45-54"",""gender"":""male"",""percentage"":0.068031},{""age"":""55-64"",""gender"":""male"",""percentage"":0.049678},{""age"":""25-34"",""gender"":""male"",""percentage"":0.139681},{""age"":""35-44"",""gender"":""female"",""percentage"":0.158475},{""age"":""45-54"",""gender"":""female"",""percentage"":0.136504},{""age"":""65+"",""gender"":""male"",""percentage"":0.022059},{""age"":""65+"",""gender"":""female"",""percentage"":0.036795},{""age"":""45-54"",""gender"":""unknown"",""percentage"":0.001147},{""age"":""35-44"",""gender"":""unknown"",""percentage"":0.0015},{""age"":""65+"",""gender"":""unknown"",""percentage"":0.000441},{""age"":""55-64"",""gender"":""unknown"",""percentage"":0.000441},{""age"":""25-34"",""gender"":""unknown"",""percentage"":0.001324}","{""region"":""Los R\u00edos Region"",""percentage"":0.043524},{""region"":""Arica y Parinacota Region"",""percentage"":0.023335},{""region"":""Valpara\u00edso Region"",""percentage"":0.10243},{""region"":""Ays\u00e9n Region"",""percentage"":0.013896},{""region"":""Antofagasta Region"",""percentage"":0.049292},{""region"":""Araucan\u00eda Region"",""percentage"":0.094214},{""region"":""Atacama Region"",""percentage"":0.029191},{""region"":""B\u00edo B\u00edo Region"",""percentage"":0.117025},{""region"":""Coquimbo Region"",""percentage"":0.054536},{""region"":""O'Higgins Region"",""percentage"":0.05305},{""region"":""Los Lagos Region"",""percentage"":0.089932},{""region"":""Magallanes y la Ant\u00e1rtica Chilena Region"",""percentage"":0.016518},{""region"":""Maule Region"",""percentage"":0.069656},{""region"":""Santiago Metropolitan Region"",""percentage"":0.206345},{""region"":""Tarapac\u00e1 Region"",""percentage"":0.037056}","facebook,instagram","lower_bound: 1000001",es
1105662966905459,669777673091551,"Yasna Provoste Campillay",2021-11-04,2021-11-05,2021-11-08,"Yasna Provoste Campillay","#AhoraEsCuando debemos descarbonizar Chile. En nuestro gobierno cerraremos las termoeléctricas a carbón e instalaremos 1.000.000 de techos solares. #AhoraYasna",Descarbonizar,yasnapresidenta.cl,"Al grave atentado a un tren de carga ocurrido la madrugada del martes, se ha sumado la muerte de dos jóvenes y las heridas producidas […]","lower_bound: 10000, upper_bound: 14999","lower_bound: 8000, upper_bound: 8999",CLP,"{""age"":""45-54"",""gender"":""unknown"",""percentage"":0.000937},{""age"":""55-64"",""gender"":""female"",""percentage"":0.147663},{""age"":""65+"",""gender"":""female"",""percentage"":0.047842},{""age"":""45-54"",""gender"":""male"",""percentage"":0.120425},{""age"":""25-34"",""gender"":""male"",""percentage"":0.062437},{""age"":""45-54"",""gender"":""female"",""percentage"":0.173964},{""age"":""35-44"",""gender"":""male"",""percentage"":0.119566},{""age"":""35-44"",""gender"":""female"",""percentage"":0.154921},{""age"":""25-34"",""gender"":""female"",""percentage"":0.071568},{""age"":""55-64"",""gender"":""male"",""percentage"":0.07227},{""age"":""65+"",""gender"":""male"",""percentage"":0.024897},{""age"":""25-34"",""gender"":""unknown"",""percentage"":0.000624},{""age"":""35-44"",""gender"":""unknown"",""percentage"":0.001873},{""age"":""65+"",""gender"":""unknown"",""percentage"":0.000468},{""age"":""55-64"",""gender"":""unknown"",""percentage"":0.000546}","{""region"":""Los R\u00edos Region"",""percentage"":0.049464},{""region"":""Arica y Parinacota Region"",""percentage"":0.021121},{""region"":""Valpara\u00edso Region"",""percentage"":0.092406},{""region"":""Ays\u00e9n Region"",""percentage"":0.013511},{""region"":""Antofagasta Region"",""percentage"":0.044805},{""region"":""Araucan\u00eda Region"",""percentage"":0.122457},{""region"":""Atacama Region"",""percentage"":0.020811},{""region"":""B\u00edo B\u00edo Region"",""percentage"":0.118419},{""region"":""Coquimbo Region"",""percentage"":0.044494},{""region"":""O'Higgins Region"",""percentage"":0.054589},{""region"":""Los Lagos Region"",""percentage"":0.094192},{""region"":""Magallanes y la Ant\u00e1rtica Chilena Region"",""percentage"":0.024383},{""region"":""Maule Region"",""percentage"":0.07043},{""region"":""Santiago Metropolitan Region"",""percentage"":0.199022},{""region"":""Tarapac\u00e1 Region"",""percentage"":0.029896}","facebook,instagram","lower_bound: 1000001",es
209441444642296,669777673091551,"Yasna Provoste Campillay",2021-11-04,2021-11-05,2021-11-08,"Yasna Provoste Campillay","El alcalde Felipe Delpín vota por un Chile que recupere la paz, los empleos, con barrios más seguros y salud y educación de calidad para todos y todas.
Para juntos y juntas unir y sanar a Chile, vota 3, vota #AhoraYasna.
¡Muchas gracias por tu apoyo y respaldo alcalde Felipe!","La Granja con Yasna",yasnapresidenta.cl,,"lower_bound: 6000, upper_bound: 6999","lower_bound: 7000, upper_bound: 7999",CLP,"{""age"":""35-44"",""gender"":""unknown"",""percentage"":0.001543},{""age"":""35-44"",""gender"":""male"",""percentage"":0.099815},{""age"":""45-54"",""gender"":""female"",""percentage"":0.124036},{""age"":""35-44"",""gender"":""female"",""percentage"":0.161216},{""age"":""65+"",""gender"":""male"",""percentage"":0.022524},{""age"":""55-64"",""gender"":""unknown"",""percentage"":0.000309},{""age"":""65+"",""gender"":""female"",""percentage"":0.039648},{""age"":""55-64"",""gender"":""female"",""percentage"":0.11046},{""age"":""25-34"",""gender"":""female"",""percentage"":0.19099},{""age"":""45-54"",""gender"":""male"",""percentage"":0.0722},{""age"":""25-34"",""gender"":""male"",""percentage"":0.131132},{""age"":""65+"",""gender"":""unknown"",""percentage"":0.000154},{""age"":""55-64"",""gender"":""male"",""percentage"":0.044431},{""age"":""45-54"",""gender"":""unknown"",""percentage"":0.000771},{""age"":""25-34"",""gender"":""unknown"",""percentage"":0.000771}","{""region"":""Santiago Metropolitan Region"",""percentage"":1}","facebook,instagram","lower_bound: 10001, upper_bound: 50000",es
1022254461894689,669777673091551,"Yasna Provoste Campillay",2021-11-04,2021-11-05,2021-11-08,"Yasna Provoste Campillay","La alcaldesa Ivonne Rivas vota por un Chile que recupere la paz, los empleos, con barrios más seguros y salud y educación de calidad para todos y todas.
Para juntos y juntas unir y sanar a Chile, vota 3, vota #AhoraYasna.
¡Muchas gracias por tu apoyo y respaldo alcaldesa Ivonne!","Tomé con Yasna",yasnapresidenta.cl,,"lower_bound: 8000, upper_bound: 8999","lower_bound: 7000, upper_bound: 7999",CLP,"{""age"":""25-34"",""gender"":""unknown"",""percentage"":0.000603},{""age"":""35-44"",""gender"":""female"",""percentage"":0.214062},{""age"":""65+"",""gender"":""male"",""percentage"":0.009407},{""age"":""35-44"",""gender"":""male"",""percentage"":0.095514},{""age"":""25-34"",""gender"":""male"",""percentage"":0.102267},{""age"":""55-64"",""gender"":""male"",""percentage"":0.03823},{""age"":""55-64"",""gender"":""female"",""percentage"":0.097926},{""age"":""45-54"",""gender"":""female"",""percentage"":0.139532},{""age"":""45-54"",""gender"":""male"",""percentage"":0.070068},{""age"":""65+"",""gender"":""female"",""percentage"":0.026411},{""age"":""25-34"",""gender"":""female"",""percentage"":0.203449},{""age"":""35-44"",""gender"":""unknown"",""percentage"":0.001688},{""age"":""65+"",""gender"":""unknown"",""percentage"":0.000121},{""age"":""55-64"",""gender"":""unknown"",""percentage"":0.000241},{""age"":""45-54"",""gender"":""unknown"",""percentage"":0.000482}","{""region"":""B\u00edo B\u00edo Region"",""percentage"":1}","facebook,instagram","lower_bound: 100001, upper_bound: 500000",es
433740154845113,669777673091551,"Yasna Provoste Campillay",2021-11-04,2021-11-05,2021-11-08,"Yasna Provoste Campillay","La concejala Marta Hotus vota por un Chile que recupere la paz, los empleos, con barrios más seguros y salud y educación de calidad para todos y todas.
Para juntos y juntas unir y sanar a Chile, vota 3, vota #AhoraYasna.
¡Muchas gracias por tu apoyo y respaldo Marta!","Rapa Nui con Yasna",yasnapresidenta.cl,,"lower_bound: 1000, upper_bound: 1999","lower_bound: 8000, upper_bound: 8999",CLP,"{""age"":""25-34"",""gender"":""unknown"",""percentage"":0.001252},{""age"":""65+"",""gender"":""unknown"",""percentage"":0.001879},{""age"":""55-64"",""gender"":""female"",""percentage"":0.068253},{""age"":""45-54"",""gender"":""unknown"",""percentage"":0.001879},{""age"":""35-44"",""gender"":""female"",""percentage"":0.192862},{""age"":""45-54"",""gender"":""female"",""percentage"":0.103945},{""age"":""45-54"",""gender"":""male"",""percentage"":0.057608},{""age"":""25-34"",""gender"":""male"",""percentage"":0.128366},{""age"":""65+"",""gender"":""female"",""percentage"":0.036318},{""age"":""55-64"",""gender"":""male"",""percentage"":0.031935},{""age"":""35-44"",""gender"":""male"",""percentage"":0.124609},{""age"":""25-34"",""gender"":""female"",""percentage"":0.226675},{""age"":""65+"",""gender"":""male"",""percentage"":0.016907},{""age"":""35-44"",""gender"":""unknown"",""percentage"":0.006888},{""age"":""55-64"",""gender"":""unknown"",""percentage"":0.000626}","{""region"":""Valpara\u00edso Region"",""percentage"":1}","facebook,instagram","lower_bound: 1001, upper_bound: 5000",es
374389477762845,669777673091551,"Yasna Provoste Campillay",2021-11-04,2021-11-05,2021-11-08,"Yasna Provoste Campillay","Claudio Orrego, Gobernador de la Región Metropolitana, vota por un Chile que recupere la paz, los empleos, por barrios más seguros y salud y educación de calidad para todos y todas.
Para juntos y juntas unir y sanar a Chile, vota 3, vota #AhoraYasna.
¡Muchas gracias por tu apoyo y respaldo gobernador Orrego!","La RM con Yasna",yasnapresidenta.cl,,"lower_bound: 8000, upper_bound: 8999","lower_bound: 7000, upper_bound: 7999",CLP,"{""age"":""35-44"",""gender"":""female"",""percentage"":0.172314},{""age"":""65+"",""gender"":""female"",""percentage"":0.02019},{""age"":""45-54"",""gender"":""female"",""percentage"":0.098167},{""age"":""25-34"",""gender"":""male"",""percentage"":0.182061},{""age"":""55-64"",""gender"":""male"",""percentage"":0.035391},{""age"":""55-64"",""gender"":""female"",""percentage"":0.060455},{""age"":""35-44"",""gender"":""male"",""percentage"":0.152239},{""age"":""25-34"",""gender"":""female"",""percentage"":0.171269},{""age"":""65+"",""gender"":""male"",""percentage"":0.018914},{""age"":""45-54"",""gender"":""male"",""percentage"":0.083082},{""age"":""45-54"",""gender"":""unknown"",""percentage"":0.000696},{""age"":""35-44"",""gender"":""unknown"",""percentage"":0.002669},{""age"":""25-34"",""gender"":""unknown"",""percentage"":0.002205},{""age"":""65+"",""gender"":""unknown"",""percentage"":0.000232},{""age"":""55-64"",""gender"":""unknown"",""percentage"":0.000116}","{""region"":""Santiago Metropolitan Region"",""percentage"":1}","facebook,instagram","lower_bound: 1000001",es
606313097070612,669777673091551,"Yasna Provoste Campillay",2021-11-04,2021-11-05,2021-11-08,"Yasna Provoste Campillay","Jaime Tohá, diputado por el Distrito 20 del Biobío, vota por un Chile que recupere la paz, los empleos, por barrios más seguros y salud y educación de calidad para todos y todas.
Para juntos y juntas unir y sanar a Chile, vota 3, vota #AhoraYasna.
¡Muchas gracias por tu apoyo y respaldo diputado Tohá!","Biobío con Yasna",yasnapresidenta.cl,,"lower_bound: 8000, upper_bound: 8999","lower_bound: 7000, upper_bound: 7999",CLP,"{""age"":""35-44"",""gender"":""unknown"",""percentage"":0.002175},{""age"":""65+"",""gender"":""male"",""percentage"":0.00737},{""age"":""45-54"",""gender"":""male"",""percentage"":0.059683},{""age"":""45-54"",""gender"":""female"",""percentage"":0.129999},{""age"":""35-44"",""gender"":""male"",""percentage"":0.105473},{""age"":""55-64"",""gender"":""female"",""percentage"":0.054126},{""age"":""25-34"",""gender"":""male"",""percentage"":0.114172},{""age"":""65+"",""gender"":""female"",""percentage"":0.012444},{""age"":""55-64"",""gender"":""male"",""percentage"":0.022472},{""age"":""35-44"",""gender"":""female"",""percentage"":0.243687},{""age"":""25-34"",""gender"":""female"",""percentage"":0.246466},{""age"":""25-34"",""gender"":""unknown"",""percentage"":0.001329},{""age"":""45-54"",""gender"":""unknown"",""percentage"":0.000362},{""age"":""65+"",""gender"":""unknown"",""percentage"":0.000121},{""age"":""55-64"",""gender"":""unknown"",""percentage"":0.000121}","{""region"":""B\u00edo B\u00edo Region"",""percentage"":1}","facebook,instagram","lower_bound: 500001, upper_bound: 1000000",es
592772025378034,669777673091551,"Yasna Provoste Campillay",2021-11-04,2021-11-05,2021-11-08,"Yasna Provoste Campillay","El concejal Gerardo Sáez vota por un Chile que recupere la paz, los empleos, con barrios más seguros y salud y educación de calidad para todos y todas.
Para juntos y juntas unir y sanar a Chile, vota 3, vota #AhoraYasna.
¡Muchas gracias por tu apoyo y respaldo Gerardo!","Panguipulli con Yasna",yasnapresidenta.cl,,"lower_bound: 4000, upper_bound: 4999","lower_bound: 6000, upper_bound: 6999",CLP,"{""age"":""65+"",""gender"":""unknown"",""percentage"":0.000246},{""age"":""35-44"",""gender"":""unknown"",""percentage"":0.001232},{""age"":""65+"",""gender"":""female"",""percentage"":0.029571},{""age"":""55-64"",""gender"":""female"",""percentage"":0.082553},{""age"":""45-54"",""gender"":""female"",""percentage"":0.13381},{""age"":""55-64"",""gender"":""male"",""percentage"":0.038689},{""age"":""25-34"",""gender"":""female"",""percentage"":0.181617},{""age"":""35-44"",""gender"":""male"",""percentage"":0.120503},{""age"":""35-44"",""gender"":""female"",""percentage"":0.190488},{""age"":""45-54"",""gender"":""male"",""percentage"":0.083785},{""age"":""25-34"",""gender"":""male"",""percentage"":0.121735},{""age"":""65+"",""gender"":""male"",""percentage"":0.014293},{""age"":""45-54"",""gender"":""unknown"",""percentage"":0.000246},{""age"":""25-34"",""gender"":""unknown"",""percentage"":0.001232}","{""region"":""Los R\u00edos Region"",""percentage"":1}","facebook,instagram","lower_bound: 10001, upper_bound: 50000",es
316827013194284,669777673091551,"Yasna Provoste Campillay",2021-11-04,2021-11-05,2021-11-08,"Yasna Provoste Campillay","La alcaldesa Brunilda González vota por un Chile que recupere la paz, los empleos, con barrios más seguros y salud y educación de calidad para todos y todas.
Para juntos y juntas unir y sanar a Chile, vota 3, vota #AhoraYasna.
¡Muchas gracias por tu apoyo y respaldo alcaldesa Brunilda!","Caldera con Yasna",yasnapresidenta.cl,,"lower_bound: 4000, upper_bound: 4999","lower_bound: 8000, upper_bound: 8999",CLP,"{""age"":""45-54"",""gender"":""unknown"",""percentage"":0.001332},{""age"":""65+"",""gender"":""male"",""percentage"":0.021541},{""age"":""65+"",""gender"":""female"",""percentage"":0.034199},{""age"":""55-64"",""gender"":""female"",""percentage"":0.081945},{""age"":""35-44"",""gender"":""male"",""percentage"":0.132134},{""age"":""55-64"",""gender"":""male"",""percentage"":0.046414},{""age"":""25-34"",""gender"":""male"",""percentage"":0.136576},{""age"":""35-44"",""gender"":""female"",""percentage"":0.165667},{""age"":""25-34"",""gender"":""female"",""percentage"":0.183655},{""age"":""45-54"",""gender"":""male"",""percentage"":0.072618},{""age"":""45-54"",""gender"":""female"",""percentage"":0.119476},{""age"":""35-44"",""gender"":""unknown"",""percentage"":0.002221},{""age"":""55-64"",""gender"":""unknown"",""percentage"":0.000444},{""age"":""65+"",""gender"":""unknown"",""percentage"":0.000222},{""age"":""25-34"",""gender"":""unknown"",""percentage"":0.001555}","{""region"":""Unknown"",""percentage"":0.00022},{""region"":""Atacama Region"",""percentage"":0.99978}","facebook,instagram","lower_bound: 10001, upper_bound: 50000",es
386853429804923,669777673091551,"Yasna Provoste Campillay",2021-11-04,2021-11-04,2021-11-08,"Yasna Provoste Campillay","El alcalde Álvaro Ortiz vota por un Chile que recupere la paz, los empleos, con barrios más seguros y salud y educación de calidad para todos y todas.
Para juntos y juntas unir y sanar a Chile, vota 3, vota #AhoraYasna.
¡Muchas gracias por tu apoyo y respaldo alcalde Ortiz!","Concepción con Yasna",yasnapresidenta.cl,,"lower_bound: 10000, upper_bound: 14999","lower_bound: 9000, upper_bound: 9999",CLP,"{""age"":""25-34"",""gender"":""unknown"",""percentage"":0.000863},{""age"":""55-64"",""gender"":""unknown"",""percentage"":8.6e-5},{""age"":""35-44"",""gender"":""unknown"",""percentage"":0.001898},{""age"":""45-54"",""gender"":""unknown"",""percentage"":0.000776},{""age"":""65+"",""gender"":""male"",""percentage"":0.010179},{""age"":""35-44"",""gender"":""female"",""percentage"":0.200742},{""age"":""55-64"",""gender"":""female"",""percentage"":0.118012},{""age"":""25-34"",""gender"":""male"",""percentage"":0.090493},{""age"":""65+"",""gender"":""female"",""percentage"":0.033385},{""age"":""45-54"",""gender"":""female"",""percentage"":0.164165},{""age"":""45-54"",""gender"":""male"",""percentage"":0.076259},{""age"":""25-34"",""gender"":""female"",""percentage"":0.162526},{""age"":""55-64"",""gender"":""male"",""percentage"":0.043651},{""age"":""35-44"",""gender"":""male"",""percentage"":0.096963}","{""region"":""Unknown"",""percentage"":0.002807},{""region"":""B\u00edo B\u00edo Region"",""percentage"":0.997193}","facebook,instagram","lower_bound: 100001, upper_bound: 500000",es
207787638107542,669777673091551,"Yasna Provoste Campillay",2021-11-04,2021-11-05,2021-11-08,"Yasna Provoste Campillay","El concejal Luis Trigo vota por un Chile que recupere la paz, los empleos, con barrios más seguros y salud y educación de calidad para todos y todas.
Para juntos y juntas unir y sanar a Chile, vota 3, vota #AhoraYasna.
¡Muchas gracias por tu apoyo y respaldo Luis!","Huasco con Yasna",yasnapresidenta.cl,,"lower_bound: 3000, upper_bound: 3999","lower_bound: 8000, upper_bound: 8999",CLP,"{""age"":""45-54"",""gender"":""unknown"",""percentage"":0.000511},{""age"":""35-44"",""gender"":""unknown"",""percentage"":0.002813},{""age"":""45-54"",""gender"":""female"",""percentage"":0.118384},{""age"":""55-64"",""gender"":""male"",""percentage"":0.059576},{""age"":""35-44"",""gender"":""male"",""percentage"":0.125799},{""age"":""45-54"",""gender"":""male"",""percentage"":0.080286},{""age"":""55-64"",""gender"":""female"",""percentage"":0.092304},{""age"":""35-44"",""gender"":""female"",""percentage"":0.161595},{""age"":""25-34"",""gender"":""female"",""percentage"":0.165687},{""age"":""25-34"",""gender"":""male"",""percentage"":0.135771},{""age"":""65+"",""gender"":""male"",""percentage"":0.023012},{""age"":""65+"",""gender"":""female"",""percentage"":0.032984},{""age"":""25-34"",""gender"":""unknown"",""percentage"":0.000256},{""age"":""55-64"",""gender"":""unknown"",""percentage"":0.001023}","{""region"":""Atacama Region"",""percentage"":1}","facebook,instagram","lower_bound: 5001, upper_bound: 10000",es
1369915773423200,669777673091551,"Yasna Provoste Campillay",2021-11-04,2021-11-05,2021-11-08,"Yasna Provoste Campillay","La concejala Patricia Molina vota por un Chile que recupere la paz, los empleos, con barrios más seguros y salud y educación de calidad para todos y todas.
Para juntos y juntas unir y sanar a Chile, vota 3, vota #AhoraYasna.
¡Muchas gracias por tu apoyo y respaldo Patricia!","Conchalí con Yasna",yasnapresidenta.cl,,"lower_bound: 6000, upper_bound: 6999","lower_bound: 8000, upper_bound: 8999",CLP,"{""age"":""25-34"",""gender"":""unknown"",""percentage"":0.001034},{""age"":""55-64"",""gender"":""unknown"",""percentage"":0.000738},{""age"":""45-54"",""gender"":""female"",""percentage"":0.104105},{""age"":""35-44"",""gender"":""male"",""percentage"":0.128913},{""age"":""55-64"",""gender"":""male"",""percentage"":0.052569},{""age"":""25-34"",""gender"":""female"",""percentage"":0.175281},{""age"":""35-44"",""gender"":""female"",""percentage"":0.139545},{""age"":""45-54"",""gender"":""male"",""percentage"":0.079002},{""age"":""55-64"",""gender"":""female"",""percentage"":0.088452},{""age"":""65+"",""gender"":""male"",""percentage"":0.016834},{""age"":""25-34"",""gender"":""male"",""percentage"":0.17277},{""age"":""65+"",""gender"":""female"",""percentage"":0.037212},{""age"":""35-44"",""gender"":""unknown"",""percentage"":0.00192},{""age"":""45-54"",""gender"":""unknown"",""percentage"":0.001329},{""age"":""65+"",""gender"":""unknown"",""percentage"":0.000295}","{""region"":""Santiago Metropolitan Region"",""percentage"":1}","facebook,instagram","lower_bound: 10001, upper_bound: 50000",es
667520757989951,669777673091551,"Yasna Provoste Campillay",2021-11-04,2021-11-04,2021-11-08,"Yasna Provoste Campillay","La concejala Georgina Cuyul vota por un Chile que recupere la paz, los empleos, con barrios más seguros y salud y educación de calidad para todos y todas.
Para juntos y juntas unir y sanar a Chile, vota 3, vota #AhoraYasna.
¡Muchas gracias por tu apoyo y respaldo Georgina!","Panguipulli con Yasna",yasnapresidenta.cl,,"lower_bound: 4000, upper_bound: 4999","lower_bound: 8000, upper_bound: 8999",CLP,"{""age"":""25-34"",""gender"":""unknown"",""percentage"":0.000416},{""age"":""35-44"",""gender"":""unknown"",""percentage"":0.001457},{""age"":""65+"",""gender"":""unknown"",""percentage"":0.000416},{""age"":""65+"",""gender"":""female"",""percentage"":0.032466},{""age"":""35-44"",""gender"":""female"",""percentage"":0.186264},{""age"":""25-34"",""gender"":""male"",""percentage"":0.123413},{""age"":""55-64"",""gender"":""male"",""percentage"":0.037461},{""age"":""45-54"",""gender"":""male"",""percentage"":0.081582},{""age"":""35-44"",""gender"":""male"",""percentage"":0.119667},{""age"":""65+"",""gender"":""male"",""percentage"":0.015401},{""age"":""45-54"",""gender"":""unknown"",""percentage"":0.000208},{""age"":""55-64"",""gender"":""unknown"",""percentage"":0.000416},{""age"":""45-54"",""gender"":""female"",""percentage"":0.12924},{""age"":""25-34"",""gender"":""female"",""percentage"":0.18564},{""age"":""55-64"",""gender"":""female"",""percentage"":0.085952}","{""region"":""Los R\u00edos Region"",""percentage"":1}","facebook,instagram","lower_bound: 10001, upper_bound: 50000",es
298058792219692,669777673091551,"Yasna Provoste Campillay",2021-11-04,2021-11-05,2021-11-18,"Yasna Provoste Campillay","El concejal Ramón Espinoza vota por un Chile que recupere la paz, los empleos, con barrios más seguros y salud y educación de calidad para todos y todas.
Para juntos y juntas unir y sanar a Chile, vota 3, vota #AhoraYasna.
¡Muchas gracias por tu apoyo y respaldo Ramón!","Frutillar con Yasna",yasnapresidenta.cl,,"lower_bound: 10000, upper_bound: 14999","lower_bound: 25000, upper_bound: 29999",CLP,"{""age"":""65+"",""gender"":""male"",""percentage"":0.015926},{""age"":""35-44"",""gender"":""male"",""percentage"":0.133836},{""age"":""35-44"",""gender"":""female"",""percentage"":0.149343},{""age"":""55-64"",""gender"":""female"",""percentage"":0.096256},{""age"":""55-64"",""gender"":""male"",""percentage"":0.052808},{""age"":""25-34"",""gender"":""female"",""percentage"":0.152277},{""age"":""45-54"",""gender"":""male"",""percentage"":0.082146},{""age"":""45-54"",""gender"":""female"",""percentage"":0.127829},{""age"":""65+"",""gender"":""female"",""percentage"":0.036602},{""age"":""25-34"",""gender"":""male"",""percentage"":0.147946},{""age"":""55-64"",""gender"":""unknown"",""percentage"":0.000279},{""age"":""45-54"",""gender"":""unknown"",""percentage"":0.001118},{""age"":""35-44"",""gender"":""unknown"",""percentage"":0.001816},{""age"":""25-34"",""gender"":""unknown"",""percentage"":0.001537},{""age"":""65+"",""gender"":""unknown"",""percentage"":0.000279}","{""region"":""Nuevo Le\u00f3n"",""percentage"":0.000138},{""region"":""Los Lagos Region"",""percentage"":0.999862}","facebook,instagram","lower_bound: 5001, upper_bound: 10000",es
213035584218169,669777673091551,"Yasna Provoste Campillay",2021-11-04,2021-11-05,2021-11-08,"Yasna Provoste Campillay","El alcalde Jorge Del Pozo vota por un Chile que recupere la paz, los empleos, con barrios más seguros y salud y educación de calidad para todos y todas.
Para juntos y juntas unir y sanar a Chile, vota 3, vota #AhoraYasna.
¡Muchas gracias por tu apoyo y respaldo alcalde Jorge!","Chillán Viejo con Yasna",yasnapresidenta.cl,,"lower_bound: 3000, upper_bound: 3999","lower_bound: 8000, upper_bound: 8999",CLP,"{""age"":""25-34"",""gender"":""unknown"",""percentage"":0.000523},{""age"":""25-34"",""gender"":""female"",""percentage"":0.158817},{""age"":""55-64"",""gender"":""female"",""percentage"":0.08922},{""age"":""35-44"",""gender"":""female"",""percentage"":0.186813},{""age"":""45-54"",""gender"":""female"",""percentage"":0.146782},{""age"":""65+"",""gender"":""female"",""percentage"":0.035322},{""age"":""25-34"",""gender"":""male"",""percentage"":0.115123},{""age"":""35-44"",""gender"":""male"",""percentage"":0.128205},{""age"":""45-54"",""gender"":""male"",""percentage"":0.080586},{""age"":""55-64"",""gender"":""male"",""percentage"":0.041601},{""age"":""65+"",""gender"":""male"",""percentage"":0.013082},{""age"":""35-44"",""gender"":""unknown"",""percentage"":0.002093},{""age"":""45-54"",""gender"":""unknown"",""percentage"":0.001047},{""age"":""55-64"",""gender"":""unknown"",""percentage"":0.000785}","{""region"":""B\u00edo B\u00edo Region"",""percentage"":1}","facebook,instagram","lower_bound: 10001, upper_bound: 50000",es
4584282871628203,669777673091551,"Yasna Provoste Campillay",2021-11-04,2021-11-04,2021-11-08,"Yasna Provoste Campillay","Cristina Bravo, Gobernadora de la región del Maule, vota por un Chile que recupere la paz, los empleos, por barrios más seguros y salud y educación de calidad para todos y todas.
Para juntos y juntas unir y sanar a Chile, vota 3, vota #AhoraYasna.
¡Muchas gracias por tu apoyo y respaldo Cristina!","Maule con Yasna",yasnapresidenta.cl,,"lower_bound: 15000, upper_bound: 19999","lower_bound: 10000, upper_bound: 14999",CLP,"{""age"":""35-44"",""gender"":""unknown"",""percentage"":0.000999},{""age"":""65+"",""gender"":""unknown"",""percentage"":0.000235},{""age"":""55-64"",""gender"":""unknown"",""percentage"":0.000118},{""age"":""25-34"",""gender"":""unknown"",""percentage"":0.000764},{""age"":""45-54"",""gender"":""unknown"",""percentage"":0.00047},{""age"":""65+"",""gender"":""male"",""percentage"":0.010635},{""age"":""25-34"",""gender"":""male"",""percentage"":0.103414},{""age"":""45-54"",""gender"":""male"",""percentage"":0.081732},{""age"":""65+"",""gender"":""female"",""percentage"":0.019743},{""age"":""55-64"",""gender"":""male"",""percentage"":0.041013},{""age"":""35-44"",""gender"":""male"",""percentage"":0.113814},{""age"":""45-54"",""gender"":""female"",""percentage"":0.157001},{""age"":""25-34"",""gender"":""female"",""percentage"":0.171279},{""age"":""35-44"",""gender"":""female"",""percentage"":0.217639},{""age"":""55-64"",""gender"":""female"",""percentage"":0.081145}","{""region"":""Maule Region"",""percentage"":1}","facebook,instagram","lower_bound: 100001, upper_bound: 500000",es
394527222412718,669777673091551,"Yasna Provoste Campillay",2021-11-04,2021-11-04,2021-11-08,"Yasna Provoste Campillay","Patricio Vallespín, Gobernador de la región de Los Lagos, vota por un Chile que recupere la paz, los empleos, por barrios más seguros y salud y educación de calidad para todos y todas.
Para juntos y juntas unir y sanar a Chile, vota 3, vota #AhoraYasna.
¡Muchas gracias por tu apoyo y respaldo Patricio!","Los Lagos con Yasna",yasnapresidenta.cl,,"lower_bound: 10000, upper_bound: 14999","lower_bound: 10000, upper_bound: 14999",CLP,"{""age"":""45-54"",""gender"":""unknown"",""percentage"":0.000325},{""age"":""35-44"",""gender"":""unknown"",""percentage"":0.001383},{""age"":""65+"",""gender"":""male"",""percentage"":0.009194},{""age"":""25-34"",""gender"":""male"",""percentage"":0.134093},{""age"":""45-54"",""gender"":""female"",""percentage"":0.144833},{""age"":""25-34"",""gender"":""female"",""percentage"":0.207567},{""age"":""55-64"",""gender"":""female"",""percentage"":0.074451},{""age"":""35-44"",""gender"":""female"",""percentage"":0.19764},{""age"":""45-54"",""gender"":""male"",""percentage"":0.072335},{""age"":""35-44"",""gender"":""male"",""percentage"":0.104312},{""age"":""65+"",""gender"":""female"",""percentage"":0.01904},{""age"":""55-64"",""gender"":""male"",""percentage"":0.033767},{""age"":""25-34"",""gender"":""unknown"",""percentage"":0.000895},{""age"":""55-64"",""gender"":""unknown"",""percentage"":0.000163}","{""region"":""Los Lagos Region"",""percentage"":1}","facebook,instagram","lower_bound: 100001, upper_bound: 500000",es
963481647593240,669777673091551,"Yasna Provoste Campillay",2021-11-04,2021-11-04,2021-11-16,"Yasna Provoste Campillay","Óscar Crisóstomo, Gobernador de la región de Ñuble, vota por un Chile que recupere la paz, los empleos, por barrios más seguros y salud y educación de calidad para todos y todas.
Para juntos y juntas unir y sanar a Chile, vota 3, vota #AhoraYasna.
¡Muchas gracias por tu apoyo y respaldo Óscar!","Ñuble con Yasna",yasnapresidenta.cl,,"lower_bound: 10000, upper_bound: 14999","lower_bound: 50000, upper_bound: 59999",CLP,"{""age"":""55-64"",""gender"":""unknown"",""percentage"":0.000374},{""age"":""25-34"",""gender"":""unknown"",""percentage"":0.002152},{""age"":""65+"",""gender"":""unknown"",""percentage"":0.000281},{""age"":""13-17"",""gender"":""female"",""percentage"":9.4e-5},{""age"":""45-54"",""gender"":""unknown"",""percentage"":0.00131},{""age"":""55-64"",""gender"":""male"",""percentage"":0.033034},{""age"":""25-34"",""gender"":""male"",""percentage"":0.169848},{""age"":""45-54"",""gender"":""male"",""percentage"":0.071683},{""age"":""25-34"",""gender"":""female"",""percentage"":0.186412},{""age"":""35-44"",""gender"":""male"",""percentage"":0.140838},{""age"":""35-44"",""gender"":""female"",""percentage"":0.16648},{""age"":""45-54"",""gender"":""female"",""percentage"":0.110144},{""age"":""55-64"",""gender"":""female"",""percentage"":0.071402},{""age"":""65+"",""gender"":""female"",""percentage"":0.028168},{""age"":""65+"",""gender"":""male"",""percentage"":0.014131},{""age"":""35-44"",""gender"":""unknown"",""percentage"":0.00365}","{""region"":""Unknown"",""percentage"":0.001952},{""region"":""Araucan\u00eda Region"",""percentage"":9.3e-5},{""region"":""B\u00edo B\u00edo Region"",""percentage"":0.997955}","facebook,instagram","lower_bound: 5001, upper_bound: 10000",es
426933962328493,669777673091551,"Yasna Provoste Campillay",2021-11-04,2021-11-05,2021-11-18,"Yasna Provoste Campillay","El concejal Luis Orellana vota por un Chile que recupere la paz, los empleos, por barrios más seguros y salud y educación de calidad para todos y todas.
Para juntos y juntas unir y sanar a Chile, vota 3, vota #AhoraYasna.
¡Muchas gracias por tu apoyo y respaldo Luis!","Villa Alegre con Yasna",yasnapresidenta.cl,,"lower_bound: 10000, upper_bound: 14999","lower_bound: 50000, upper_bound: 59999",CLP,"{""age"":""65+"",""gender"":""unknown"",""percentage"":9.9e-5},{""age"":""45-54"",""gender"":""unknown"",""percentage"":0.001089},{""age"":""55-64"",""gender"":""unknown"",""percentage"":0.000297},{""age"":""65+"",""gender"":""female"",""percentage"":0.026923},{""age"":""25-34"",""gender"":""female"",""percentage"":0.170345},{""age"":""35-44"",""gender"":""unknown"",""percentage"":0.002079},{""age"":""55-64"",""gender"":""female"",""percentage"":0.067109},{""age"":""65+"",""gender"":""male"",""percentage"":0.014055},{""age"":""45-54"",""gender"":""female"",""percentage"":0.106503},{""age"":""25-34"",""gender"":""male"",""percentage"":0.172424},{""age"":""35-44"",""gender"":""male"",""percentage"":0.146788},{""age"":""35-44"",""gender"":""female"",""percentage"":0.162922},{""age"":""45-54"",""gender"":""male"",""percentage"":0.0874},{""age"":""55-64"",""gender"":""male"",""percentage"":0.040879},{""age"":""25-34"",""gender"":""unknown"",""percentage"":0.001089}","{""region"":""Chihuahua"",""percentage"":9.8e-5},{""region"":""Nuevo Le\u00f3n"",""percentage"":9.8e-5},{""region"":""Maule Region"",""percentage"":0.999803}","facebook,instagram","lower_bound: 10001, upper_bound: 50000",es
926214598323544,669777673091551,"Yasna Provoste Campillay",2021-11-04,2021-11-05,2021-11-19,"Yasna Provoste Campillay","El concejal Luis Salinas vota por un Chile que recupere la paz, los empleos, con barrios más seguros y salud y educación de calidad para todos y todas.
Para juntos y juntas unir y sanar a Chile, vota 3, vota #AhoraYasna.
¡Muchas gracias por tu apoyo y respaldo Luís!","Lo Espejo con Yasna",yasnapresidenta.cl,,"lower_bound: 25000, upper_bound: 29999","lower_bound: 50000, upper_bound: 59999",CLP,"{""age"":""65+"",""gender"":""unknown"",""percentage"":0.000299},{""age"":""45-54"",""gender"":""unknown"",""percentage"":0.000599},{""age"":""65+"",""gender"":""male"",""percentage"":0.016319},{""age"":""65+"",""gender"":""female"",""percentage"":0.032838},{""age"":""25-34"",""gender"":""female"",""percentage"":0.191686},{""age"":""35-44"",""gender"":""male"",""percentage"":0.122767},{""age"":""45-54"",""gender"":""male"",""percentage"":0.069967},{""age"":""55-64"",""gender"":""male"",""percentage"":0.051552},{""age"":""35-44"",""gender"":""female"",""percentage"":0.144675},{""age"":""25-34"",""gender"":""male"",""percentage"":0.175966},{""age"":""45-54"",""gender"":""female"",""percentage"":0.100908},{""age"":""55-64"",""gender"":""female"",""percentage"":0.088682},{""age"":""55-64"",""gender"":""unknown"",""percentage"":0.000699},{""age"":""25-34"",""gender"":""unknown"",""percentage"":0.000948},{""age"":""35-44"",""gender"":""unknown"",""percentage"":0.002096}","{""region"":""Santiago Metropolitan Region"",""percentage"":1}","facebook,instagram","lower_bound: 10001, upper_bound: 50000",es
278819077423272,669777673091551,"Yasna Provoste Campillay",2021-11-04,2021-11-04,2021-11-15,"Yasna Provoste Campillay","Rodrigo Díaz, Gobernador de la región del Biobío, vota por un Chile que recupere la paz, los empleos, por barrios más seguros y salud y educación de calidad para todos y todas.
Para juntos y juntas unir y sanar a Chile, vota 3, vota #AhoraYasna.
¡Muchas gracias por tu apoyo y respaldo Rodrigo!","Biobío con Yasna",yasnapresidenta.cl,,"lower_bound: 125000, upper_bound: 149999","lower_bound: 150000, upper_bound: 174999",CLP,"{""age"":""55-64"",""gender"":""unknown"",""percentage"":0.000317},{""age"":""65+"",""gender"":""unknown"",""percentage"":0.000162},{""age"":""35-44"",""gender"":""unknown"",""percentage"":0.001995},{""age"":""45-54"",""gender"":""female"",""percentage"":0.140782},{""age"":""55-64"",""gender"":""female"",""percentage"":0.095543},{""age"":""55-64"",""gender"":""male"",""percentage"":0.04452},{""age"":""25-34"",""gender"":""female"",""percentage"":0.170029},{""age"":""35-44"",""gender"":""female"",""percentage"":0.173447},{""age"":""45-54"",""gender"":""male"",""percentage"":0.079737},{""age"":""35-44"",""gender"":""male"",""percentage"":0.112409},{""age"":""25-34"",""gender"":""male"",""percentage"":0.1354},{""age"":""65+"",""gender"":""female"",""percentage"":0.029185},{""age"":""65+"",""gender"":""male"",""percentage"":0.014515},{""age"":""45-54"",""gender"":""unknown"",""percentage"":0.000866},{""age"":""25-34"",""gender"":""unknown"",""percentage"":0.00109}","{""region"":""B\u00edo B\u00edo Region"",""percentage"":1}","facebook,instagram","lower_bound: 500001, upper_bound: 1000000",es
667409194240719,669777673091551,"Yasna Provoste Campillay",2021-11-04,2021-11-04,2021-11-18,"Yasna Provoste Campillay","El concejal Ramón Espinoza vota por un Chile que recupere la paz, los empleos, con barrios más seguros y salud y educación de calidad para todos y todas.
Para juntos y juntas unir y sanar a Chile, vota 3, vota #AhoraYasna.
¡Muchas gracias por tu apoyo y respaldo Ramón!","Providencia con Yasna",yasnapresidenta.cl,,"lower_bound: 20000, upper_bound: 24999","lower_bound: 25000, upper_bound: 29999",CLP,"{""age"":""25-34"",""gender"":""unknown"",""percentage"":0.002685},{""age"":""65+"",""gender"":""unknown"",""percentage"":0.000857},{""age"":""65+"",""gender"":""male"",""percentage"":0.01868},{""age"":""55-64"",""gender"":""male"",""percentage"":0.035875},{""age"":""35-44"",""gender"":""unknown"",""percentage"":0.004856},{""age"":""45-54"",""gender"":""female"",""percentage"":0.071751},{""age"":""65+"",""gender"":""female"",""percentage"":0.028392},{""age"":""45-54"",""gender"":""male"",""percentage"":0.067009},{""age"":""55-64"",""gender"":""female"",""percentage"":0.057012},{""age"":""35-44"",""gender"":""male"",""percentage"":0.153099},{""age"":""25-34"",""gender"":""male"",""percentage"":0.230448},{""age"":""25-34"",""gender"":""female"",""percentage"":0.195144},{""age"":""35-44"",""gender"":""female"",""percentage"":0.131105},{""age"":""45-54"",""gender"":""unknown"",""percentage"":0.002285},{""age"":""55-64"",""gender"":""unknown"",""percentage"":0.0008}","{""region"":""Santiago Metropolitan Region"",""percentage"":1}","facebook,instagram","lower_bound: 50001, upper_bound: 100000",es
288247286497079,669777673091551,"Yasna Provoste Campillay",2021-11-04,2021-11-05,2021-11-18,"Yasna Provoste Campillay","El concejal Gustavo Valdebenito vota por un Chile que recupere la paz, los empleos, por barrios más seguros y salud y educación de calidad para todos y todas.
Para juntos y juntas unir y sanar a Chile, vota 3, vota #AhoraYasna.
¡Muchas gracias por tu apoyo y respaldo Gustavo!","Nacimiento con Yasna",yasnapresidenta.cl,,"lower_bound: 10000, upper_bound: 14999","lower_bound: 25000, upper_bound: 29999",CLP,"{""age"":""55-64"",""gender"":""unknown"",""percentage"":0.000127},{""age"":""45-54"",""gender"":""unknown"",""percentage"":0.000888},{""age"":""55-64"",""gender"":""male"",""percentage"":0.050469},{""age"":""55-64"",""gender"":""female"",""percentage"":0.07862},{""age"":""65+"",""gender"":""female"",""percentage"":0.031702},{""age"":""25-34"",""gender"":""female"",""percentage"":0.164976},{""age"":""45-54"",""gender"":""female"",""percentage"":0.12985},{""age"":""25-34"",""gender"":""male"",""percentage"":0.140502},{""age"":""35-44"",""gender"":""male"",""percentage"":0.133908},{""age"":""45-54"",""gender"":""male"",""percentage"":0.09016},{""age"":""35-44"",""gender"":""female"",""percentage"":0.159016},{""age"":""65+"",""gender"":""male"",""percentage"":0.016865},{""age"":""35-44"",""gender"":""unknown"",""percentage"":0.001648},{""age"":""25-34"",""gender"":""unknown"",""percentage"":0.001014},{""age"":""65+"",""gender"":""unknown"",""percentage"":0.000254}","{""region"":""Baja California"",""percentage"":0.000127},{""region"":""B\u00edo B\u00edo Region"",""percentage"":0.999873}","facebook,instagram","lower_bound: 5001, upper_bound: 10000",es
535893814495369,669777673091551,"Yasna Provoste Campillay",2021-11-04,2021-11-04,2021-11-14,"Yasna Provoste Campillay","Nuestra propuesta de nuevas pensiones se construye con tres pisos. El primer piso es una Pensión Universal Garantizada de $225.000 para todos los mayores de 65 años, salvo el 10% más rico que se implementará en los primeros seis meses de gobierno. Si usted tiene una pensión producto de su trabajo y ahorro previsional, la seguirá recibiendo y adicionalmente recibirá este aporte.",,yasnapresidenta.cl,,"lower_bound: 900000, upper_bound: 999999","lower_bound: 800000, upper_bound: 899999",CLP,"{""age"":""25-34"",""gender"":""unknown"",""percentage"":0.001338},{""age"":""65+"",""gender"":""male"",""percentage"":0.01651},{""age"":""45-54"",""gender"":""male"",""percentage"":0.072191},{""age"":""25-34"",""gender"":""female"",""percentage"":0.182489},{""age"":""65+"",""gender"":""female"",""percentage"":0.030878},{""age"":""55-64"",""gender"":""male"",""percentage"":0.041523},{""age"":""55-64"",""gender"":""female"",""percentage"":0.080098},{""age"":""45-54"",""gender"":""female"",""percentage"":0.116832},{""age"":""35-44"",""gender"":""female"",""percentage"":0.182025},{""age"":""35-44"",""gender"":""male"",""percentage"":0.125221},{""age"":""25-34"",""gender"":""male"",""percentage"":0.146524},{""age"":""35-44"",""gender"":""unknown"",""percentage"":0.002484},{""age"":""45-54"",""gender"":""unknown"",""percentage"":0.001168},{""age"":""55-64"",""gender"":""unknown"",""percentage"":0.000437},{""age"":""65+"",""gender"":""unknown"",""percentage"":0.000282}","{""region"":""Los R\u00edos Region"",""percentage"":0.030181},{""region"":""Arica y Parinacota Region"",""percentage"":0.017634},{""region"":""Valpara\u00edso Region"",""percentage"":0.105283},{""region"":""Ays\u00e9n Region"",""percentage"":0.009048},{""region"":""Antofagasta Region"",""percentage"":0.043331},{""region"":""Araucan\u00eda Region"",""percentage"":0.070948},{""region"":""Atacama Region"",""percentage"":0.021948},{""region"":""B\u00edo B\u00edo Region"",""percentage"":0.129784},{""region"":""Coquimbo Region"",""percentage"":0.050697},{""region"":""O'Higgins Region"",""percentage"":0.061829},{""region"":""Los Lagos Region"",""percentage"":0.071358},{""region"":""Magallanes y la Ant\u00e1rtica Chilena Region"",""percentage"":0.016171},{""region"":""Maule Region"",""percentage"":0.071687},{""region"":""Santiago Metropolitan Region"",""percentage"":0.272738},{""region"":""Tarapac\u00e1 Region"",""percentage"":0.027366}","facebook,instagram","lower_bound: 1000001",
4503739779671943,669777673091551,"Yasna Provoste Campillay",2021-11-04,2021-11-04,2021-11-12,"Yasna Provoste Campillay","Una de las mayores gracias del desierto florido es que las semillas se mantienen bajo la tierra, esperando pacientemente a que el cielo riegue estos suelos para florecer. Como un desierto, la política también pareciera que ha ido perdiendo vida. La falta de acuerdos y la perdida de confianzas, tanto en el Gobierno como en la oposición, la han vuelto inerte y seca. Y si bien muchos no creen que haya semillas esperando la lluvia, yo creo que Chile puede volver a florecer.

Comparto con ustedes parte de la #franjaelectoral de hoy. #AhoraYasna","Chile puede florecer",,,"lower_bound: 1000000","lower_bound: 1000000",CLP,"{""age"":""55-64"",""gender"":""unknown"",""percentage"":0.000558},{""age"":""65+"",""gender"":""unknown"",""percentage"":0.00028},{""age"":""25-34"",""gender"":""unknown"",""percentage"":0.000977},{""age"":""35-44"",""gender"":""unknown"",""percentage"":0.002227},{""age"":""45-54"",""gender"":""unknown"",""percentage"":0.001207},{""age"":""35-44"",""gender"":""male"",""percentage"":0.122911},{""age"":""25-34"",""gender"":""female"",""percentage"":0.156017},{""age"":""65+"",""gender"":""female"",""percentage"":0.036834},{""age"":""55-64"",""gender"":""female"",""percentage"":0.097711},{""age"":""25-34"",""gender"":""male"",""percentage"":0.128202},{""age"":""45-54"",""gender"":""female"",""percentage"":0.129474},{""age"":""35-44"",""gender"":""female"",""percentage"":0.167512},{""age"":""65+"",""gender"":""male"",""percentage"":0.019464},{""age"":""45-54"",""gender"":""male"",""percentage"":0.083678},{""age"":""55-64"",""gender"":""male"",""percentage"":0.052947}","{""region"":""Los R\u00edos Region"",""percentage"":0.027845},{""region"":""Arica y Parinacota Region"",""percentage"":0.017584},{""region"":""Valpara\u00edso Region"",""percentage"":0.101846},{""region"":""Ays\u00e9n Region"",""percentage"":0.007882},{""region"":""Antofagasta Region"",""percentage"":0.04217},{""region"":""Araucan\u00eda Region"",""percentage"":0.068753},{""region"":""Atacama Region"",""percentage"":0.020419},{""region"":""B\u00edo B\u00edo Region"",""percentage"":0.132736},{""region"":""Coquimbo Region"",""percentage"":0.046543},{""region"":""O'Higgins Region"",""percentage"":0.055315},{""region"":""Los Lagos Region"",""percentage"":0.065224},{""region"":""Magallanes y la Ant\u00e1rtica Chilena Region"",""percentage"":0.014551},{""region"":""Maule Region"",""percentage"":0.072449},{""region"":""Santiago Metropolitan Region"",""percentage"":0.298989},{""region"":""Tarapac\u00e1 Region"",""percentage"":0.027696}","facebook,instagram","lower_bound: 1000001",es
384648616676603,669777673091551,"Yasna Provoste Campillay",2021-11-04,2021-11-04,2021-11-11,"Yasna Provoste Campillay","Nuestra propuesta de nuevas pensiones se construye con tres pisos. El primer piso es una Pensión Universal Garantizada de $225.000 para todos los mayores de 65 años, salvo el 10% más rico que se implementará en los primeros seis meses de gobierno. Si usted tiene una pensión producto de su trabajo y ahorro previsional, la seguirá recibiendo y adicionalmente recibirá este aporte.",,yasnapresidenta.cl,,"lower_bound: 1000000","lower_bound: 1000000",CLP,"{""age"":""13-17"",""gender"":""unknown"",""percentage"":2.0e-6},{""age"":""55-64"",""gender"":""female"",""percentage"":0.038237},{""age"":""45-54"",""gender"":""unknown"",""percentage"":0.000676},{""age"":""25-34"",""gender"":""unknown"",""percentage"":0.002154},{""age"":""55-64"",""gender"":""male"",""percentage"":0.012875},{""age"":""65+"",""gender"":""unknown"",""percentage"":0.000338},{""age"":""45-54"",""gender"":""male"",""percentage"":0.027823},{""age"":""25-34"",""gender"":""male"",""percentage"":0.250704},{""age"":""35-44"",""gender"":""male"",""percentage"":0.075551},{""age"":""13-17"",""gender"":""female"",""percentage"":3.8e-5},{""age"":""35-44"",""gender"":""female"",""percentage"":0.13635},{""age"":""25-34"",""gender"":""female"",""percentage"":0.358174},{""age"":""65+"",""gender"":""male"",""percentage"":0.011781},{""age"":""45-54"",""gender"":""female"",""percentage"":0.065197},{""age"":""65+"",""gender"":""female"",""percentage"":0.018304},{""age"":""35-44"",""gender"":""unknown"",""percentage"":0.001461},{""age"":""13-17"",""gender"":""male"",""percentage"":2.2e-5},{""age"":""55-64"",""gender"":""unknown"",""percentage"":0.000313}","{""region"":""Unknown"",""percentage"":2.0e-6},{""region"":""Los R\u00edos Region"",""percentage"":0.022177},{""region"":""Arica y Parinacota Region"",""percentage"":0.014482},{""region"":""Valpara\u00edso Region"",""percentage"":0.104854},{""region"":""Ays\u00e9n Region"",""percentage"":0.006766},{""region"":""Antofagasta Region"",""percentage"":0.042155},{""region"":""Araucan\u00eda Region"",""percentage"":0.049865},{""region"":""Atacama Region"",""percentage"":0.017607},{""region"":""B\u00edo B\u00edo Region"",""percentage"":0.12238},{""region"":""Coquimbo Region"",""percentage"":0.047232},{""region"":""O'Higgins Region"",""percentage"":0.057347},{""region"":""Los Lagos Region"",""percentage"":0.049046},{""region"":""Magallanes y la Ant\u00e1rtica Chilena Region"",""percentage"":0.013325},{""region"":""Maule Region"",""percentage"":0.065514},{""region"":""Santiago Metropolitan Region"",""percentage"":0.361359},{""region"":""Tarapac\u00e1 Region"",""percentage"":0.02589}",instagram,"lower_bound: 1000001",es
417933073373623,669777673091551,"Yasna Provoste Campillay",2021-11-04,2021-11-04,2021-11-11,"Yasna Provoste Campillay","Una de las mayores gracias del desierto florido es que las semillas se mantienen bajo la tierra, esperando pacientemente a que el cielo riegue estos suelos para florecer. Como un desierto, la política también pareciera que ha ido perdiendo vida. La falta de acuerdos y la perdida de confianzas, tanto en el Gobierno como en la oposición, la han vuelto inerte y seca. Y si bien muchos no creen que haya semillas esperando la lluvia, yo creo que Chile puede volver a florecer.

Comparto con ustedes parte de la #franjaelectoral de hoy. #AhoraYasna","Chile puede florecer",,,"lower_bound: 600000, upper_bound: 699999","lower_bound: 1000000",CLP,"{""age"":""13-17"",""gender"":""unknown"",""percentage"":1.0e-5},{""age"":""45-54"",""gender"":""male"",""percentage"":0.036085},{""age"":""55-64"",""gender"":""unknown"",""percentage"":0.000359},{""age"":""25-34"",""gender"":""unknown"",""percentage"":0.002334},{""age"":""45-54"",""gender"":""unknown"",""percentage"":0.000795},{""age"":""55-64"",""gender"":""male"",""percentage"":0.018919},{""age"":""25-34"",""gender"":""male"",""percentage"":0.295765},{""age"":""25-34"",""gender"":""female"",""percentage"":0.303216},{""age"":""45-54"",""gender"":""female"",""percentage"":0.062916},{""age"":""13-17"",""gender"":""female"",""percentage"":3.2e-5},{""age"":""35-44"",""gender"":""female"",""percentage"":0.108629},{""age"":""55-64"",""gender"":""female"",""percentage"":0.046989},{""age"":""65+"",""gender"":""female"",""percentage"":0.02352},{""age"":""65+"",""gender"":""male"",""percentage"":0.016604},{""age"":""35-44"",""gender"":""male"",""percentage"":0.081909},{""age"":""35-44"",""gender"":""unknown"",""percentage"":0.001427},{""age"":""65+"",""gender"":""unknown"",""percentage"":0.000458},{""age"":""13-17"",""gender"":""male"",""percentage"":3.2e-5}","{""region"":""Unknown"",""percentage"":1.0e-5},{""region"":""Los R\u00edos Region"",""percentage"":0.022248},{""region"":""Arica y Parinacota Region"",""percentage"":0.014909},{""region"":""Valpara\u00edso Region"",""percentage"":0.104138},{""region"":""Ays\u00e9n Region"",""percentage"":0.006322},{""region"":""Antofagasta Region"",""percentage"":0.045057},{""region"":""Araucan\u00eda Region"",""percentage"":0.049891},{""region"":""Atacama Region"",""percentage"":0.017404},{""region"":""B\u00edo B\u00edo Region"",""percentage"":0.12591},{""region"":""Coquimbo Region"",""percentage"":0.046476},{""region"":""O'Higgins Region"",""percentage"":0.057503},{""region"":""Los Lagos Region"",""percentage"":0.048333},{""region"":""Magallanes y la Ant\u00e1rtica Chilena Region"",""percentage"":0.014374},{""region"":""Maule Region"",""percentage"":0.066323},{""region"":""Santiago Metropolitan Region"",""percentage"":0.355232},{""region"":""Tarapac\u00e1 Region"",""percentage"":0.025871}",instagram,"lower_bound: 1000001",es
611607499977103,669777673091551,"Yasna Provoste Campillay",2021-11-02,2021-11-04,2021-11-07,"Yasna Provoste Campillay","Las familias no soportan más la delincuencia y el narcotráfico que se apoderó de los barrios.

Para retomar la paz en nuestros barrios, 3 razones para votar 3:

1. Descabezaremos el narcotráfico desde arriba.
2. Quitaremos las armas de las calles.
3. Potenciaremos el trabajo en conjunto de las policías.

#AhoraYasna",,,,"lower_bound: 125000, upper_bound: 149999","lower_bound: 450000, upper_bound: 499999",CLP,"{""age"":""13-17"",""gender"":""unknown"",""percentage"":1.2e-5},{""age"":""55-64"",""gender"":""unknown"",""percentage"":0.000817},{""age"":""35-44"",""gender"":""unknown"",""percentage"":0.005112},{""age"":""65+"",""gender"":""female"",""percentage"":0.045141},{""age"":""35-44"",""gender"":""female"",""percentage"":0.345756},{""age"":""55-64"",""gender"":""female"",""percentage"":0.086903},{""age"":""45-54"",""gender"":""female"",""percentage"":0.160723},{""age"":""35-44"",""gender"":""male"",""percentage"":0.20907},{""age"":""45-54"",""gender"":""male"",""percentage"":0.075169},{""age"":""55-64"",""gender"":""male"",""percentage"":0.033073},{""age"":""65+"",""gender"":""male"",""percentage"":0.034657},{""age"":""45-54"",""gender"":""unknown"",""percentage"":0.00224},{""age"":""65+"",""gender"":""unknown"",""percentage"":0.001188},{""age"":""13-17"",""gender"":""female"",""percentage"":9.9e-5},{""age"":""13-17"",""gender"":""male"",""percentage"":3.7e-5}","{""region"":""Valpara\u00edso Region"",""percentage"":0.199831},{""region"":""B\u00edo B\u00edo Region"",""percentage"":0.226223},{""region"":""Santiago Metropolitan Region"",""percentage"":0.573947}",instagram,"lower_bound: 1000001",es
1034008207433513,669777673091551,"Yasna Provoste Campillay",2021-11-02,2021-11-02,2021-11-15,"Yasna Provoste Campillay","Nuestra propuesta de nuevas pensiones se construye con tres pisos. El primer piso es una Pensión Universal Garantizada de $225.000 para todos los mayores de 65 años, salvo el 10% más rico que se implementará en los primeros seis meses de gobierno. Si usted tiene una pensión producto de su trabajo y ahorro previsional, la seguirá recibiendo y adicionalmente recibirá este aporte.",,yasnapresidenta.cl,,"lower_bound: 500000, upper_bound: 599999","lower_bound: 350000, upper_bound: 399999",CLP,"{""age"":""55-64"",""gender"":""unknown"",""percentage"":0.000444},{""age"":""25-34"",""gender"":""unknown"",""percentage"":0.001158},{""age"":""55-64"",""gender"":""female"",""percentage"":0.096541},{""age"":""55-64"",""gender"":""male"",""percentage"":0.045403},{""age"":""25-34"",""gender"":""female"",""percentage"":0.171704},{""age"":""35-44"",""gender"":""male"",""percentage"":0.112154},{""age"":""45-54"",""gender"":""male"",""percentage"":0.071291},{""age"":""35-44"",""gender"":""female"",""percentage"":0.172375},{""age"":""65+"",""gender"":""female"",""percentage"":0.037222},{""age"":""25-34"",""gender"":""male"",""percentage"":0.143442},{""age"":""45-54"",""gender"":""female"",""percentage"":0.125914},{""age"":""65+"",""gender"":""male"",""percentage"":0.018621},{""age"":""35-44"",""gender"":""unknown"",""percentage"":0.002246},{""age"":""45-54"",""gender"":""unknown"",""percentage"":0.001182},{""age"":""65+"",""gender"":""unknown"",""percentage"":0.000303}","{""region"":""Los R\u00edos Region"",""percentage"":0.035954},{""region"":""Arica y Parinacota Region"",""percentage"":0.018154},{""region"":""Valpara\u00edso Region"",""percentage"":0.105681},{""region"":""Ays\u00e9n Region"",""percentage"":0.011868},{""region"":""Antofagasta Region"",""percentage"":0.046118},{""region"":""Araucan\u00eda Region"",""percentage"":0.08705},{""region"":""Atacama Region"",""percentage"":0.024284},{""region"":""B\u00edo B\u00edo Region"",""percentage"":0.115131},{""region"":""Coquimbo Region"",""percentage"":0.055865},{""region"":""O'Higgins Region"",""percentage"":0.065613},{""region"":""Los Lagos Region"",""percentage"":0.081836},{""region"":""Magallanes y la Ant\u00e1rtica Chilena Region"",""percentage"":0.021243},{""region"":""Maule Region"",""percentage"":0.074615},{""region"":""Santiago Metropolitan Region"",""percentage"":0.228883},{""region"":""Tarapac\u00e1 Region"",""percentage"":0.027704}",facebook,"lower_bound: 1000001",es
261456019259333,669777673091551,"Yasna Provoste Campillay",2021-11-02,2021-11-02,2021-11-15,"Yasna Provoste Campillay","Nuestra propuesta de nuevas pensiones se construye con tres pisos. El primer piso es una Pensión Universal Garantizada de $225.000 para todos los mayores de 65 años, salvo el 10% más rico que se implementará en los primeros seis meses de gobierno. Si usted tiene una pensión producto de su trabajo y ahorro previsional, la seguirá recibiendo y adicionalmente recibirá este aporte.",,yasnapresidenta.cl,,"lower_bound: 175000, upper_bound: 199999","lower_bound: 350000, upper_bound: 399999",CLP,"{""age"":""13-17"",""gender"":""male"",""percentage"":1.4e-5},{""age"":""65+"",""gender"":""female"",""percentage"":0.018799},{""age"":""55-64"",""gender"":""unknown"",""percentage"":0.000252},{""age"":""45-54"",""gender"":""unknown"",""percentage"":0.001006},{""age"":""25-34"",""gender"":""unknown"",""percentage"":0.002502},{""age"":""35-44"",""gender"":""unknown"",""percentage"":0.00232},{""age"":""65+"",""gender"":""male"",""percentage"":0.015374},{""age"":""45-54"",""gender"":""male"",""percentage"":0.028596},{""age"":""35-44"",""gender"":""male"",""percentage"":0.079024},{""age"":""13-17"",""gender"":""female"",""percentage"":2.8e-5},{""age"":""35-44"",""gender"":""female"",""percentage"":0.119514},{""age"":""55-64"",""gender"":""female"",""percentage"":0.032607},{""age"":""55-64"",""gender"":""male"",""percentage"":0.01216},{""age"":""45-54"",""gender"":""female"",""percentage"":0.053894},{""age"":""25-34"",""gender"":""male"",""percentage"":0.287136},{""age"":""25-34"",""gender"":""female"",""percentage"":0.346313},{""age"":""65+"",""gender"":""unknown"",""percentage"":0.000461}","{""region"":""Unknown"",""percentage"":4.2e-5},{""region"":""Los R\u00edos Region"",""percentage"":0.026112},{""region"":""Arica y Parinacota Region"",""percentage"":0.017534},{""region"":""Valpara\u00edso Region"",""percentage"":0.116446},{""region"":""Ays\u00e9n Region"",""percentage"":0.008507},{""region"":""Antofagasta Region"",""percentage"":0.044238},{""region"":""Araucan\u00eda Region"",""percentage"":0.057237},{""region"":""Atacama Region"",""percentage"":0.019971},{""region"":""B\u00edo B\u00edo Region"",""percentage"":0.138712},{""region"":""Coquimbo Region"",""percentage"":0.055237},{""region"":""O'Higgins Region"",""percentage"":0.061068},{""region"":""Los Lagos Region"",""percentage"":0.054251},{""region"":""Magallanes y la Ant\u00e1rtica Chilena Region"",""percentage"":0.017802},{""region"":""Maule Region"",""percentage"":0.074842},{""region"":""Santiago Metropolitan Region"",""percentage"":0.279453},{""region"":""Tarapac\u00e1 Region"",""percentage"":0.028548}",instagram,"lower_bound: 1000001",es
3165778403746355,669777673091551,"Yasna Provoste Campillay",2021-10-31,2021-10-31,2021-11-08,"Yasna Provoste Campillay","Nosotros hemos marcado con mucha claridad nuestra posición: estamos a favor del cuarto retiro sin letra chica, que ayuda en especial a miles de mujeres, niñas y niños que no reciben sus pensiones de alimentos, y a mujeres que emprenden para salir de la crisis. #AhoraYasna","Estamos a favor del cuarto retiro sin letra chica",yasnapresidenta.cl,"Soy de Atacama, diaguita, crecí en el desierto, pero nunca estuve sola. Tuve la suerte de tener un entorno que me apoyó siempre. Como muchas mujeres, sé hacer que las cosas pasen, y que pasen en paz. Esa es la gobernabilidad que quiero ofrecerle a Chile. Y lo quiero hacer ahora para que juntos lo...","lower_bound: 35000, upper_bound: 39999","lower_bound: 125000, upper_bound: 149999",CLP,"{""age"":""25-34"",""gender"":""unknown"",""percentage"":0.00304},{""age"":""45-54"",""gender"":""unknown"",""percentage"":0.000861},{""age"":""55-64"",""gender"":""male"",""percentage"":0.005066},{""age"":""45-54"",""gender"":""male"",""percentage"":0.014034},{""age"":""35-44"",""gender"":""male"",""percentage"":0.051829},{""age"":""65+"",""gender"":""female"",""percentage"":0.016212},{""age"":""55-64"",""gender"":""female"",""percentage"":0.026092},{""age"":""35-44"",""gender"":""female"",""percentage"":0.149559},{""age"":""65+"",""gender"":""male"",""percentage"":0.009778},{""age"":""25-34"",""gender"":""male"",""percentage"":0.207974},{""age"":""25-34"",""gender"":""female"",""percentage"":0.461952},{""age"":""45-54"",""gender"":""female"",""percentage"":0.050512},{""age"":""65+"",""gender"":""unknown"",""percentage"":0.000304},{""age"":""35-44"",""gender"":""unknown"",""percentage"":0.002229},{""age"":""55-64"",""gender"":""unknown"",""percentage"":0.000507},{""age"":""13-17"",""gender"":""female"",""percentage"":5.1e-5}","{""region"":""Santiago Metropolitan Region"",""percentage"":1}",instagram,"lower_bound: 100001, upper_bound: 500000",es
299960791973514,669777673091551,"Yasna Provoste Campillay",2021-10-31,2021-11-01,2021-11-07,"Yasna Provoste Campillay","Nos vamos a jugar por las familias de la clase media y por las familias de sectores más vulnerables, para que vivir en mejores barrios esté al alcance de todo. Crearemos un sistema de seguros, que considerará un subsidio para las familias y personas de menores ingresos, cubriendo obligaciones de salud ante enfermedades extremas de alto costo, pago transitorio de créditos hipotecarios y gastos asociados a la educación de los hijos en circunstancias extremas. #AhoraYasna","Nos vamos a jugar por las familias de la clase media",yasnapresidenta.cl,"Soy de Atacama, diaguita, crecí en el desierto, pero nunca estuve sola. Tuve la suerte de tener un entorno que me apoyó siempre. Como muchas mujeres, sé hacer que las cosas pasen, y que pasen en paz. Esa es la gobernabilidad que quiero ofrecerle a Chile. Y lo quiero hacer ahora para que juntos lo...","lower_bound: 10000, upper_bound: 14999","lower_bound: 40000, upper_bound: 44999",CLP,"{""age"":""45-54"",""gender"":""unknown"",""percentage"":0.000115},{""age"":""65+"",""gender"":""male"",""percentage"":0.015767},{""age"":""13-17"",""gender"":""female"",""percentage"":0.00023},{""age"":""35-44"",""gender"":""unknown"",""percentage"":0.001266},{""age"":""45-54"",""gender"":""male"",""percentage"":0.017954},{""age"":""65+"",""gender"":""female"",""percentage"":0.015537},{""age"":""45-54"",""gender"":""female"",""percentage"":0.036943},{""age"":""55-64"",""gender"":""female"",""percentage"":0.014501},{""age"":""25-34"",""gender"":""female"",""percentage"":0.428473},{""age"":""13-17"",""gender"":""male"",""percentage"":0.000115},{""age"":""25-34"",""gender"":""male"",""percentage"":0.249281},{""age"":""35-44"",""gender"":""female"",""percentage"":0.135113},{""age"":""35-44"",""gender"":""male"",""percentage"":0.075383},{""age"":""55-64"",""gender"":""male"",""percentage"":0.005754},{""age"":""65+"",""gender"":""unknown"",""percentage"":0.000575},{""age"":""55-64"",""gender"":""unknown"",""percentage"":0.00023},{""age"":""25-34"",""gender"":""unknown"",""percentage"":0.002762}","{""region"":""Santiago Metropolitan Region"",""percentage"":1}",instagram,"lower_bound: 100001, upper_bound: 500000",es
444926797197827,669777673091551,"Yasna Provoste Campillay",2021-10-31,2021-10-31,2021-11-05,"Yasna Provoste Campillay","Una de las mayores gracias del desierto florido es que las semillas se mantienen bajo la tierra, esperando pacientemente a que el cielo riegue estos suelos para florecer. Como un desierto, la política también pareciera que ha ido perdiendo vida. La falta de acuerdos y la perdida de confianzas, tanto en el Gobierno como en la oposición, la han vuelto inerte y seca. Y si bien muchos no creen que haya semillas esperando la lluvia, yo creo que Chile puede volver a florecer.

Comparto con ustedes parte de la #franjaelectoral de hoy. #AhoraYasna","Chile puede florecer",,,"lower_bound: 100000, upper_bound: 124999","lower_bound: 350000, upper_bound: 399999",CLP,"{""age"":""13-17"",""gender"":""male"",""percentage"":1.2e-5},{""age"":""45-54"",""gender"":""female"",""percentage"":0.068499},{""age"":""25-34"",""gender"":""unknown"",""percentage"":0.002452},{""age"":""45-54"",""gender"":""male"",""percentage"":0.027105},{""age"":""65+"",""gender"":""female"",""percentage"":0.02812},{""age"":""55-64"",""gender"":""female"",""percentage"":0.052471},{""age"":""25-34"",""gender"":""male"",""percentage"":0.229777},{""age"":""35-44"",""gender"":""male"",""percentage"":0.065975},{""age"":""35-44"",""gender"":""female"",""percentage"":0.131805},{""age"":""13-17"",""gender"":""female"",""percentage"":4.8e-5},{""age"":""25-34"",""gender"":""female"",""percentage"":0.361038},{""age"":""55-64"",""gender"":""male"",""percentage"":0.0147},{""age"":""65+"",""gender"":""male"",""percentage"":0.014833},{""age"":""55-64"",""gender"":""unknown"",""percentage"":0.00035},{""age"":""45-54"",""gender"":""unknown"",""percentage"":0.000701},{""age"":""65+"",""gender"":""unknown"",""percentage"":0.000531},{""age"":""35-44"",""gender"":""unknown"",""percentage"":0.001582}","{""region"":""Unknown"",""percentage"":1.2e-5},{""region"":""Los R\u00edos Region"",""percentage"":0.022222},{""region"":""Arica y Parinacota Region"",""percentage"":0.016252},{""region"":""Valpara\u00edso Region"",""percentage"":0.113618},{""region"":""Ays\u00e9n Region"",""percentage"":0.006786},{""region"":""Antofagasta Region"",""percentage"":0.044358},{""region"":""Araucan\u00eda Region"",""percentage"":0.044992},{""region"":""Atacama Region"",""percentage"":0.017848},{""region"":""B\u00edo B\u00edo Region"",""percentage"":0.133403},{""region"":""Coquimbo Region"",""percentage"":0.047696},{""region"":""O'Higgins Region"",""percentage"":0.053008},{""region"":""Los Lagos Region"",""percentage"":0.049475},{""region"":""Magallanes y la Ant\u00e1rtica Chilena Region"",""percentage"":0.014522},{""region"":""Maule Region"",""percentage"":0.070795},{""region"":""Santiago Metropolitan Region"",""percentage"":0.339307},{""region"":""Tarapac\u00e1 Region"",""percentage"":0.025706}",instagram,"lower_bound: 1000001",es
443659413943041,669777673091551,"Yasna Provoste Campillay",2021-10-31,2021-10-31,2021-11-05,"Yasna Provoste Campillay","Nuestra propuesta de nuevas pensiones se construye con tres pisos. El primer piso es una Pensión Universal Garantizada de $225.000 para todos los mayores de 65 años, salvo el 10% más rico que se implementará en los primeros seis meses de gobierno. Si usted tiene una pensión producto de su trabajo y ahorro previsional, la seguirá recibiendo y adicionalmente recibirá este aporte.",,yasnapresidenta.cl,,"lower_bound: 200000, upper_bound: 249999","lower_bound: 600000, upper_bound: 699999",CLP,"{""age"":""45-54"",""gender"":""unknown"",""percentage"":0.000549},{""age"":""55-64"",""gender"":""male"",""percentage"":0.007837},{""age"":""55-64"",""gender"":""female"",""percentage"":0.028989},{""age"":""35-44"",""gender"":""male"",""percentage"":0.066505},{""age"":""45-54"",""gender"":""male"",""percentage"":0.018973},{""age"":""65+"",""gender"":""female"",""percentage"":0.018417},{""age"":""45-54"",""gender"":""female"",""percentage"":0.05123},{""age"":""35-44"",""gender"":""female"",""percentage"":0.135219},{""age"":""25-34"",""gender"":""male"",""percentage"":0.246842},{""age"":""55-64"",""gender"":""unknown"",""percentage"":0.000243},{""age"":""25-34"",""gender"":""unknown"",""percentage"":0.002861},{""age"":""65+"",""gender"":""male"",""percentage"":0.012359},{""age"":""25-34"",""gender"":""female"",""percentage"":0.407782},{""age"":""65+"",""gender"":""unknown"",""percentage"":0.000415},{""age"":""35-44"",""gender"":""unknown"",""percentage"":0.00174},{""age"":""13-17"",""gender"":""female"",""percentage"":3.9e-5}","{""region"":""Los R\u00edos Region"",""percentage"":0.022395},{""region"":""Arica y Parinacota Region"",""percentage"":0.016044},{""region"":""Valpara\u00edso Region"",""percentage"":0.118153},{""region"":""Ays\u00e9n Region"",""percentage"":0.006627},{""region"":""Antofagasta Region"",""percentage"":0.046504},{""region"":""Araucan\u00eda Region"",""percentage"":0.042683},{""region"":""Atacama Region"",""percentage"":0.019117},{""region"":""B\u00edo B\u00edo Region"",""percentage"":0.138536},{""region"":""Coquimbo Region"",""percentage"":0.048799},{""region"":""O'Higgins Region"",""percentage"":0.052525},{""region"":""Los Lagos Region"",""percentage"":0.048618},{""region"":""Magallanes y la Ant\u00e1rtica Chilena Region"",""percentage"":0.014589},{""region"":""Maule Region"",""percentage"":0.070251},{""region"":""Santiago Metropolitan Region"",""percentage"":0.328717},{""region"":""Tarapac\u00e1 Region"",""percentage"":0.026443}",instagram,"lower_bound: 1000001",
181028984219620,669777673091551,"Yasna Provoste Campillay",2021-10-31,2021-10-31,2021-10-31,"Yasna Provoste Campillay","La derecha no puede ofrecer nada distinto de lo que ha hecho. Se han opuesto permanentemente a ampliar las libertades, a cambiar un modelo que ha generado profundas desigualdades. Avancemos a un Chile diverso y de justicia social. #AhoraYasna","La derecha no puede ofrecer nada distinto de lo que ha hecho",yasnapresidenta.cl,"Soy de Atacama, diaguita, crecí en el desierto, pero nunca estuve sola. Tuve la suerte de tener un entorno que me apoyó siempre. Como muchas mujeres, sé hacer que las cosas pasen, y que pasen en paz. Esa es la gobernabilidad que quiero ofrecerle a Chile. Y lo quiero hacer ahora para que juntos lo...","lower_bound: 15000, upper_bound: 19999","lower_bound: 50000, upper_bound: 59999",CLP,"{""age"":""13-17"",""gender"":""female"",""percentage"":6.4e-5},{""age"":""55-64"",""gender"":""unknown"",""percentage"":6.4e-5},{""age"":""65+"",""gender"":""unknown"",""percentage"":0.000254},{""age"":""35-44"",""gender"":""unknown"",""percentage"":0.001398},{""age"":""45-54"",""gender"":""unknown"",""percentage"":0.000381},{""age"":""35-44"",""gender"":""male"",""percentage"":0.029606},{""age"":""25-34"",""gender"":""unknown"",""percentage"":0.002097},{""age"":""55-64"",""gender"":""female"",""percentage"":0.02751},{""age"":""25-34"",""gender"":""male"",""percentage"":0.125159},{""age"":""55-64"",""gender"":""male"",""percentage"":0.002414},{""age"":""35-44"",""gender"":""female"",""percentage"":0.172236},{""age"":""45-54"",""gender"":""female"",""percentage"":0.053558},{""age"":""25-34"",""gender"":""female"",""percentage"":0.55629},{""age"":""65+"",""gender"":""female"",""percentage"":0.015756},{""age"":""45-54"",""gender"":""male"",""percentage"":0.007624},{""age"":""65+"",""gender"":""male"",""percentage"":0.005591}","{""region"":""Los R\u00edos Region"",""percentage"":0.020214},{""region"":""Arica y Parinacota Region"",""percentage"":0.016995},{""region"":""Valpara\u00edso Region"",""percentage"":0.123278},{""region"":""Ays\u00e9n Region"",""percentage"":0.006502},{""region"":""Antofagasta Region"",""percentage"":0.053174},{""region"":""Araucan\u00eda Region"",""percentage"":0.038818},{""region"":""Atacama Region"",""percentage"":0.019634},{""region"":""B\u00edo B\u00edo Region"",""percentage"":0.134479},{""region"":""Coquimbo Region"",""percentage"":0.054654},{""region"":""O'Higgins Region"",""percentage"":0.053882},{""region"":""Los Lagos Region"",""percentage"":0.045642},{""region"":""Magallanes y la Ant\u00e1rtica Chilena Region"",""percentage"":0.015643},{""region"":""Maule Region"",""percentage"":0.068302},{""region"":""Santiago Metropolitan Region"",""percentage"":0.325673},{""region"":""Tarapac\u00e1 Region"",""percentage"":0.023111}",instagram,"lower_bound: 1000001",es
745768320153468,669777673091551,"Yasna Provoste Campillay",2021-10-31,2021-10-31,2021-10-31,"Yasna Provoste Campillay","Nací en Vallenar y soy diaguita, de un pueblo que vive intensamente con el ritmo de la naturaleza. No quiero llegar más alto ni más lejos que nadie, sino más juntos. Hay gente que quiere estar sola en la cumbre, y hay otras como nosotras que preferimos estar juntas en la tierra. 

Juntos y juntas para unir y sanar a Chile. #AhoraYasna

Comparto parte de la #franjaelectoral de hoy. #Vota3","Soy diaguita",,,"lower_bound: 4000, upper_bound: 4999","lower_bound: 15000, upper_bound: 19999",CLP,"{""age"":""35-44"",""gender"":""unknown"",""percentage"":0.002281},{""age"":""65+"",""gender"":""unknown"",""percentage"":0.000684},{""age"":""25-34"",""gender"":""unknown"",""percentage"":0.001825},{""age"":""55-64"",""gender"":""male"",""percentage"":0.007071},{""age"":""45-54"",""gender"":""male"",""percentage"":0.020073},{""age"":""65+"",""gender"":""female"",""percentage"":0.024635},{""age"":""45-54"",""gender"":""female"",""percentage"":0.04813},{""age"":""65+"",""gender"":""male"",""percentage"":0.010493},{""age"":""35-44"",""gender"":""female"",""percentage"":0.12979},{""age"":""25-34"",""gender"":""female"",""percentage"":0.423586},{""age"":""55-64"",""gender"":""female"",""percentage"":0.033075},{""age"":""35-44"",""gender"":""male"",""percentage"":0.055429},{""age"":""25-34"",""gender"":""male"",""percentage"":0.242473},{""age"":""45-54"",""gender"":""unknown"",""percentage"":0.000228},{""age"":""55-64"",""gender"":""unknown"",""percentage"":0.000228}","{""region"":""Los R\u00edos Region"",""percentage"":0.022474},{""region"":""Arica y Parinacota Region"",""percentage"":0.031328},{""region"":""Valpara\u00edso Region"",""percentage"":0.144381},{""region"":""Ays\u00e9n Region"",""percentage"":0.005448},{""region"":""Antofagasta Region"",""percentage"":0.01748},{""region"":""Araucan\u00eda Region"",""percentage"":0.035641},{""region"":""Atacama Region"",""percentage"":0.00681},{""region"":""B\u00edo B\u00edo Region"",""percentage"":0.135074},{""region"":""Coquimbo Region"",""percentage"":0.070148},{""region"":""O'Higgins Region"",""percentage"":0.043587},{""region"":""Los Lagos Region"",""percentage"":0.021566},{""region"":""Magallanes y la Ant\u00e1rtica Chilena Region"",""percentage"":0.008627},{""region"":""Maule Region"",""percentage"":0.064699},{""region"":""Santiago Metropolitan Region"",""percentage"":0.364132},{""region"":""Tarapac\u00e1 Region"",""percentage"":0.028604}",instagram,"lower_bound: 1000001",es
1084584585715219,669777673091551,"Yasna Provoste Campillay",2021-10-31,2021-10-31,2021-10-31,"Yasna Provoste Campillay","Una de las mayores gracias del desierto florido es que las semillas se mantienen bajo la tierra, esperando pacientemente a que el cielo riegue estos suelos para florecer. Como un desierto, la política también pareciera que ha ido perdiendo vida. La falta de acuerdos y la perdida de confianzas, tanto en el Gobierno como en la oposición, la han vuelto inerte y seca. Y si bien muchos no creen que haya semillas esperando la lluvia, yo creo que Chile puede volver a florecer.

Comparto con ustedes parte de la #franjaelectoral de hoy. #AhoraYasna","Chile puede florecer",,,"lower_bound: 0, upper_bound: 999","lower_bound: 0, upper_bound: 99",CLP,,,instagram,"lower_bound: 1000001",es
4820270117995233,669777673091551,"Yasna Provoste Campillay",2021-10-31,2021-10-31,2021-11-01,"Yasna Provoste Campillay","Fraternidad, solidaridad y amor al prójimo. Así como la fiesta de Cuasimodo está en el alma de Chile, yo también quiero llevar la esperanza a cada hogar de este país. Juntos y juntas para unir y sanar a Chile.

Comparto parte de la #franjaelectoral de hoy. #AhoraYasna",,,,"lower_bound: 0, upper_bound: 999","lower_bound: 2000, upper_bound: 2499",CLP,"{""age"":""55-64"",""gender"":""female"",""percentage"":0.020864},{""age"":""45-54"",""gender"":""male"",""percentage"":0.023845},{""age"":""45-54"",""gender"":""female"",""percentage"":0.04769},{""age"":""55-64"",""gender"":""male"",""percentage"":0.011923},{""age"":""65+"",""gender"":""female"",""percentage"":0.011923},{""age"":""35-44"",""gender"":""male"",""percentage"":0.058122},{""age"":""25-34"",""gender"":""female"",""percentage"":0.344262},{""age"":""35-44"",""gender"":""female"",""percentage"":0.131148},{""age"":""65+"",""gender"":""male"",""percentage"":0.011923},{""age"":""25-34"",""gender"":""male"",""percentage"":0.33532},{""age"":""25-34"",""gender"":""unknown"",""percentage"":0.002981}","{""region"":""Los R\u00edos Region"",""percentage"":0.016393},{""region"":""Arica y Parinacota Region"",""percentage"":0.019374},{""region"":""Valpara\u00edso Region"",""percentage"":0.101341},{""region"":""Ays\u00e9n Region"",""percentage"":0.008942},{""region"":""Antofagasta Region"",""percentage"":0.044709},{""region"":""Araucan\u00eda Region"",""percentage"":0.0462},{""region"":""Atacama Region"",""percentage"":0.010432},{""region"":""B\u00edo B\u00edo Region"",""percentage"":0.14158},{""region"":""Coquimbo Region"",""percentage"":0.0462},{""region"":""O'Higgins Region"",""percentage"":0.043219},{""region"":""Los Lagos Region"",""percentage"":0.04918},{""region"":""Magallanes y la Ant\u00e1rtica Chilena Region"",""percentage"":0.010432},{""region"":""Maule Region"",""percentage"":0.089419},{""region"":""Santiago Metropolitan Region"",""percentage"":0.347243},{""region"":""Tarapac\u00e1 Region"",""percentage"":0.025335}",instagram,"lower_bound: 1000001",es
170975291903979,669777673091551,"Yasna Provoste Campillay",2021-10-31,2021-10-31,2021-10-31,"Yasna Provoste Campillay","Nuestra propuesta de nuevas pensiones se construye con tres pisos. El primer piso es una Pensión Universal Garantizada de $225.000 para todos los mayores de 65 años, salvo el 10% más rico que se implementará en los primeros seis meses de gobierno. Si usted tiene una pensión producto de su trabajo y ahorro previsional, la seguirá recibiendo y adicionalmente recibirá este aporte.",,yasnapresidenta.cl,,"lower_bound: 0, upper_bound: 999","lower_bound: 1000, upper_bound: 1499",CLP,"{""age"":""35-44"",""gender"":""unknown"",""percentage"":0.002433},{""age"":""65+"",""gender"":""male"",""percentage"":0.007299},{""age"":""45-54"",""gender"":""female"",""percentage"":0.029197},{""age"":""35-44"",""gender"":""female"",""percentage"":0.094891},{""age"":""25-34"",""gender"":""female"",""percentage"":0.40146},{""age"":""35-44"",""gender"":""male"",""percentage"":0.055961},{""age"":""25-34"",""gender"":""male"",""percentage"":0.379562},{""age"":""55-64"",""gender"":""female"",""percentage"":0.014599},{""age"":""25-34"",""gender"":""unknown"",""percentage"":0.004866},{""age"":""45-54"",""gender"":""male"",""percentage"":0.004866},{""age"":""65+"",""gender"":""female"",""percentage"":0.004866}","{""region"":""Los R\u00edos Region"",""percentage"":0.034063},{""region"":""Arica y Parinacota Region"",""percentage"":0.004866},{""region"":""Valpara\u00edso Region"",""percentage"":0.131387},{""region"":""Ays\u00e9n Region"",""percentage"":0.004866},{""region"":""Antofagasta Region"",""percentage"":0.055961},{""region"":""Araucan\u00eda Region"",""percentage"":0.053528},{""region"":""Atacama Region"",""percentage"":0.017032},{""region"":""B\u00edo B\u00edo Region"",""percentage"":0.126521},{""region"":""Coquimbo Region"",""percentage"":0.034063},{""region"":""O'Higgins Region"",""percentage"":0.048662},{""region"":""Los Lagos Region"",""percentage"":0.06326},{""region"":""Magallanes y la Ant\u00e1rtica Chilena Region"",""percentage"":0.009732},{""region"":""Maule Region"",""percentage"":0.082725},{""region"":""Santiago Metropolitan Region"",""percentage"":0.321168},{""region"":""Tarapac\u00e1 Region"",""percentage"":0.012165}",instagram,"lower_bound: 1000001",es
817420265693072,669777673091551,"Yasna Provoste Campillay",2021-10-31,2021-10-31,2021-11-01,"Yasna Provoste Campillay","Las familias no soportan más la delincuencia y el narcotráfico que se apoderó de los barrios.

Para retomar la paz en nuestros barrios, 3 razones para votar 3:

1. Descabezaremos el narcotráfico desde arriba.
2. Quitaremos las armas de las calles.
3. Potenciaremos el trabajo en conjunto de las policías.

#AhoraYasna",,,,"lower_bound: 0, upper_bound: 999","lower_bound: 3000, upper_bound: 3499",CLP,"{""age"":""35-44"",""gender"":""unknown"",""percentage"":0.002174},{""age"":""25-34"",""gender"":""unknown"",""percentage"":0.002174},{""age"":""65+"",""gender"":""male"",""percentage"":0.013043},{""age"":""45-54"",""gender"":""female"",""percentage"":0.059783},{""age"":""55-64"",""gender"":""female"",""percentage"":0.040217},{""age"":""35-44"",""gender"":""male"",""percentage"":0.047826},{""age"":""25-34"",""gender"":""female"",""percentage"":0.404348},{""age"":""25-34"",""gender"":""male"",""percentage"":0.225},{""age"":""35-44"",""gender"":""female"",""percentage"":0.161957},{""age"":""55-64"",""gender"":""male"",""percentage"":0.005435},{""age"":""45-54"",""gender"":""male"",""percentage"":0.01413},{""age"":""65+"",""gender"":""female"",""percentage"":0.021739},{""age"":""45-54"",""gender"":""unknown"",""percentage"":0.002174}","{""region"":""Los R\u00edos Region"",""percentage"":0.023784},{""region"":""Arica y Parinacota Region"",""percentage"":0.016216},{""region"":""Valpara\u00edso Region"",""percentage"":0.100541},{""region"":""Ays\u00e9n Region"",""percentage"":0.005405},{""region"":""Antofagasta Region"",""percentage"":0.058378},{""region"":""Araucan\u00eda Region"",""percentage"":0.038919},{""region"":""Atacama Region"",""percentage"":0.029189},{""region"":""B\u00edo B\u00edo Region"",""percentage"":0.117838},{""region"":""Coquimbo Region"",""percentage"":0.043243},{""region"":""O'Higgins Region"",""percentage"":0.059459},{""region"":""Los Lagos Region"",""percentage"":0.059459},{""region"":""Magallanes y la Ant\u00e1rtica Chilena Region"",""percentage"":0.027027},{""region"":""Maule Region"",""percentage"":0.075676},{""region"":""Santiago Metropolitan Region"",""percentage"":0.32},{""region"":""Tarapac\u00e1 Region"",""percentage"":0.024865}",instagram,"lower_bound: 1000001",es
184878120488564,669777673091551,"Yasna Provoste Campillay",2021-10-31,2021-10-31,2021-10-31,"Yasna Provoste Campillay","El nuevo Código de Aguas, aprobado durante nuestra presidencia del Senado, cambia naturaleza jurídica de derechos de aprovechamiento: son concesiones reguladas en función del interés público, caducables si se especula con ellas o no se usan. Nosotros haremos valer la nueva norma.

Les comparto parte del debate de ayer por el Futuro del Agua en Chile, de La Red.🌿",,,,"lower_bound: 0, upper_bound: 999","lower_bound: 500, upper_bound: 599",CLP,"{""age"":""55-64"",""gender"":""male"",""percentage"":0.009434},{""age"":""65+"",""gender"":""male"",""percentage"":0.018868},{""age"":""55-64"",""gender"":""female"",""percentage"":0.009434},{""age"":""45-54"",""gender"":""female"",""percentage"":0.075472},{""age"":""35-44"",""gender"":""male"",""percentage"":0.037736},{""age"":""25-34"",""gender"":""male"",""percentage"":0.339623},{""age"":""25-34"",""gender"":""female"",""percentage"":0.40566},{""age"":""35-44"",""gender"":""female"",""percentage"":0.084906},{""age"":""65+"",""gender"":""female"",""percentage"":0.018868}","{""region"":""Los R\u00edos Region"",""percentage"":0.018868},{""region"":""Arica y Parinacota Region"",""percentage"":0.009434},{""region"":""Valpara\u00edso Region"",""percentage"":0.150943},{""region"":""Ays\u00e9n Region"",""percentage"":0.009434},{""region"":""Antofagasta Region"",""percentage"":0.028302},{""region"":""Araucan\u00eda Region"",""percentage"":0.04717},{""region"":""Atacama Region"",""percentage"":0.018868},{""region"":""B\u00edo B\u00edo Region"",""percentage"":0.160377},{""region"":""Coquimbo Region"",""percentage"":0.04717},{""region"":""O'Higgins Region"",""percentage"":0.04717},{""region"":""Los Lagos Region"",""percentage"":0.028302},{""region"":""Magallanes y la Ant\u00e1rtica Chilena Region"",""percentage"":0.028302},{""region"":""Maule Region"",""percentage"":0.066038},{""region"":""Santiago Metropolitan Region"",""percentage"":0.311321},{""region"":""Tarapac\u00e1 Region"",""percentage"":0.028302}",instagram,"lower_bound: 1000001",es
462185391900990,669777673091551,"Yasna Provoste Campillay",2021-10-31,2021-10-31,2021-10-31,"Yasna Provoste Campillay","Gianina Figueroa es una pequeña empresaria y conoce las dificultades de emprender siendo mujer. En nuestro gobierno, facilitaremos el acceso a mujeres al financiamiento e instrumentos de fomento para sus pymes. Chile se sana con nosotras. #AhoraYasna

📗 Revisa nuestras propuestas en www.yasnapresidenta.cl/#programa",,,,"lower_bound: 2000, upper_bound: 2999","lower_bound: 9000, upper_bound: 9999",CLP,"{""age"":""45-54"",""gender"":""unknown"",""percentage"":0.00078},{""age"":""65+"",""gender"":""unknown"",""percentage"":0.00039},{""age"":""35-44"",""gender"":""unknown"",""percentage"":0.001171},{""age"":""55-64"",""gender"":""female"",""percentage"":0.045259},{""age"":""55-64"",""gender"":""male"",""percentage"":0.011705},{""age"":""45-54"",""gender"":""female"",""percentage"":0.075693},{""age"":""35-44"",""gender"":""male"",""percentage"":0.066329},{""age"":""25-34"",""gender"":""male"",""percentage"":0.236832},{""age"":""25-34"",""gender"":""female"",""percentage"":0.356223},{""age"":""35-44"",""gender"":""female"",""percentage"":0.145533},{""age"":""65+"",""gender"":""male"",""percentage"":0.008974},{""age"":""45-54"",""gender"":""male"",""percentage"":0.026141},{""age"":""65+"",""gender"":""female"",""percentage"":0.02302},{""age"":""55-64"",""gender"":""unknown"",""percentage"":0.00039},{""age"":""25-34"",""gender"":""unknown"",""percentage"":0.001561}","{""region"":""Los R\u00edos Region"",""percentage"":0.020663},{""region"":""Arica y Parinacota Region"",""percentage"":0.015984},{""region"":""Valpara\u00edso Region"",""percentage"":0.144639},{""region"":""Ays\u00e9n Region"",""percentage"":0.004678},{""region"":""Antofagasta Region"",""percentage"":0.05848},{""region"":""Araucan\u00eda Region"",""percentage"":0.052242},{""region"":""Atacama Region"",""percentage"":0.012865},{""region"":""B\u00edo B\u00edo Region"",""percentage"":0.131384},{""region"":""Coquimbo Region"",""percentage"":0.047173},{""region"":""O'Higgins Region"",""percentage"":0.061988},{""region"":""Los Lagos Region"",""percentage"":0.049903},{""region"":""Magallanes y la Ant\u00e1rtica Chilena Region"",""percentage"":0.015595},{""region"":""Maule Region"",""percentage"":0.070955},{""region"":""Santiago Metropolitan Region"",""percentage"":0.290838},{""region"":""Tarapac\u00e1 Region"",""percentage"":0.022612}",instagram,"lower_bound: 1000001",es
585152302801203,669777673091551,"Yasna Provoste Campillay",2021-10-31,2021-10-31,2021-10-31,"Yasna Provoste Campillay","Me comprometo a trabajar por un nuevo Chile, donde no importe el apellido, el colegio donde estudiaste o la comuna donde creciste, donde lo que importe sea que todos y todas podamos desarrollar nuestros talentos.

Comparto parte de la #franjaelectoral de hoy. #AhoraYasna.",,,,"lower_bound: 0, upper_bound: 999","lower_bound: 600, upper_bound: 699",CLP,"{""age"":""25-34"",""gender"":""unknown"",""percentage"":0.00565},{""age"":""55-64"",""gender"":""female"",""percentage"":0.096045},{""age"":""45-54"",""gender"":""female"",""percentage"":0.073446},{""age"":""25-34"",""gender"":""male"",""percentage"":0.090395},{""age"":""65+"",""gender"":""female"",""percentage"":0.039548},{""age"":""35-44"",""gender"":""female"",""percentage"":0.231638},{""age"":""65+"",""gender"":""male"",""percentage"":0.022599},{""age"":""25-34"",""gender"":""female"",""percentage"":0.39548},{""age"":""35-44"",""gender"":""male"",""percentage"":0.022599},{""age"":""45-54"",""gender"":""male"",""percentage"":0.022599}","{""region"":""Los R\u00edos Region"",""percentage"":0.016949},{""region"":""Arica y Parinacota Region"",""percentage"":0.016949},{""region"":""Valpara\u00edso Region"",""percentage"":0.073446},{""region"":""Antofagasta Region"",""percentage"":0.084746},{""region"":""Araucan\u00eda Region"",""percentage"":0.050847},{""region"":""Atacama Region"",""percentage"":0.039548},{""region"":""B\u00edo B\u00edo Region"",""percentage"":0.112994},{""region"":""Coquimbo Region"",""percentage"":0.033898},{""region"":""O'Higgins Region"",""percentage"":0.062147},{""region"":""Los Lagos Region"",""percentage"":0.079096},{""region"":""Magallanes y la Ant\u00e1rtica Chilena Region"",""percentage"":0.016949},{""region"":""Maule Region"",""percentage"":0.079096},{""region"":""Santiago Metropolitan Region"",""percentage"":0.316384},{""region"":""Tarapac\u00e1 Region"",""percentage"":0.016949}",instagram,"lower_bound: 1000001",es
921899552040741,669777673091551,"Yasna Provoste Campillay",2021-10-31,2021-10-31,2021-11-01,"Yasna Provoste Campillay","Fortaleceremos el sistema de cuidados ""Chile Cuida"", fomentaremos el envejecimiento activo y saludable, potenciando el importante rol del SENAMA. Por una mejor vejez, #Vota3, vota #AhoraYasna",,,,"lower_bound: 0, upper_bound: 999","lower_bound: 1500, upper_bound: 1999",CLP,"{""age"":""55-64"",""gender"":""male"",""percentage"":0.003922},{""age"":""65+"",""gender"":""unknown"",""percentage"":0.001961},{""age"":""45-54"",""gender"":""female"",""percentage"":0.05098},{""age"":""25-34"",""gender"":""male"",""percentage"":0.252941},{""age"":""35-44"",""gender"":""female"",""percentage"":0.139216},{""age"":""65+"",""gender"":""female"",""percentage"":0.021569},{""age"":""45-54"",""gender"":""male"",""percentage"":0.013725},{""age"":""35-44"",""gender"":""male"",""percentage"":0.041176},{""age"":""25-34"",""gender"":""female"",""percentage"":0.429412},{""age"":""25-34"",""gender"":""unknown"",""percentage"":0.001961},{""age"":""35-44"",""gender"":""unknown"",""percentage"":0.001961},{""age"":""65+"",""gender"":""male"",""percentage"":0.005882},{""age"":""55-64"",""gender"":""female"",""percentage"":0.035294}","{""region"":""Los R\u00edos Region"",""percentage"":0.039216},{""region"":""Arica y Parinacota Region"",""percentage"":0.009804},{""region"":""Valpara\u00edso Region"",""percentage"":0.113725},{""region"":""Ays\u00e9n Region"",""percentage"":0.001961},{""region"":""Antofagasta Region"",""percentage"":0.054902},{""region"":""Araucan\u00eda Region"",""percentage"":0.068627},{""region"":""Atacama Region"",""percentage"":0.029412},{""region"":""B\u00edo B\u00edo Region"",""percentage"":0.127451},{""region"":""Coquimbo Region"",""percentage"":0.041176},{""region"":""O'Higgins Region"",""percentage"":0.062745},{""region"":""Los Lagos Region"",""percentage"":0.04902},{""region"":""Magallanes y la Ant\u00e1rtica Chilena Region"",""percentage"":0.015686},{""region"":""Maule Region"",""percentage"":0.084314},{""region"":""Santiago Metropolitan Region"",""percentage"":0.288235},{""region"":""Tarapac\u00e1 Region"",""percentage"":0.013725}",instagram,"lower_bound: 1000001",es
1267529770378146,669777673091551,"Yasna Provoste Campillay",2021-10-31,2021-10-31,2021-11-01,"Yasna Provoste Campillay","Crearemos un nuevo sistema de pensiones. Todas las personas mayores de 65 años, salvo el 10% de mayores ingresos, recibirán una pensión de $225.000, que se sumará a la que hayan logrado con sus propios ahorros.

Comparto parte de la #franjaelectoral de hoy. #AhoraYasna",,,,"lower_bound: 0, upper_bound: 999","lower_bound: 400, upper_bound: 499",CLP,"{""age"":""55-64"",""gender"":""male"",""percentage"":0.009174},{""age"":""35-44"",""gender"":""male"",""percentage"":0.100917},{""age"":""25-34"",""gender"":""male"",""percentage"":0.33945},{""age"":""25-34"",""gender"":""female"",""percentage"":0.211009},{""age"":""55-64"",""gender"":""female"",""percentage"":0.06422},{""age"":""45-54"",""gender"":""female"",""percentage"":0.055046},{""age"":""45-54"",""gender"":""male"",""percentage"":0.073394},{""age"":""35-44"",""gender"":""female"",""percentage"":0.100917},{""age"":""65+"",""gender"":""female"",""percentage"":0.018349},{""age"":""65+"",""gender"":""male"",""percentage"":0.027523}","{""region"":""Los R\u00edos Region"",""percentage"":0.027523},{""region"":""Arica y Parinacota Region"",""percentage"":0.009174},{""region"":""Valpara\u00edso Region"",""percentage"":0.100917},{""region"":""Ays\u00e9n Region"",""percentage"":0.018349},{""region"":""Antofagasta Region"",""percentage"":0.027523},{""region"":""Araucan\u00eda Region"",""percentage"":0.045872},{""region"":""B\u00edo B\u00edo Region"",""percentage"":0.137615},{""region"":""Coquimbo Region"",""percentage"":0.055046},{""region"":""O'Higgins Region"",""percentage"":0.119266},{""region"":""Los Lagos Region"",""percentage"":0.036697},{""region"":""Magallanes y la Ant\u00e1rtica Chilena Region"",""percentage"":0.018349},{""region"":""Maule Region"",""percentage"":0.06422},{""region"":""Santiago Metropolitan Region"",""percentage"":0.311927},{""region"":""Tarapac\u00e1 Region"",""percentage"":0.027523}",instagram,"lower_bound: 1000001",es
307069301418512,669777673091551,"Yasna Provoste Campillay",2021-10-31,2021-10-31,2021-10-31,"Yasna Provoste Campillay","Nos vamos a jugar por las familias de la clase media y por las familias de sectores más vulnerables, para que vivir en mejores barrios esté al alcance de todo. Crearemos un sistema de seguros, que considerará un subsidio para las familias y personas de menores ingresos, cubriendo obligaciones de salud ante enfermedades extremas de alto costo, pago transitorio de créditos hipotecarios y gastos asociados a la educación de los hijos en circunstancias extremas. #AhoraYasna,Nos vamos a jugar por las familias de la clase media y por las familias de sectores más vulnerables, para que vivir en mejores barrios esté al alcance de todo. Crearemos un sistema de seguros, que considerará un subsidio para las familias y personas de menores ingresos, cubriendo obligaciones de salud ante enfermedades extremas de alto costo, pago transitorio de créditos hipotecarios y gastos asociados a la educación de los hijos en circunstancias extremas. #AhoraYasna","Nos vamos a jugar por las familias de la clase media,Nos vamos a jugar por las familias de la clase media",yasnapresidenta.cl,,"lower_bound: 6000, upper_bound: 6999","lower_bound: 20000, upper_bound: 24999",CLP,"{""age"":""55-64"",""gender"":""unknown"",""percentage"":0.000159},{""age"":""35-44"",""gender"":""unknown"",""percentage"":0.001273},{""age"":""55-64"",""gender"":""male"",""percentage"":0.007798},{""age"":""55-64"",""gender"":""female"",""percentage"":0.026416},{""age"":""65+"",""gender"":""female"",""percentage"":0.014959},{""age"":""35-44"",""gender"":""male"",""percentage"":0.065404},{""age"":""45-54"",""gender"":""female"",""percentage"":0.042489},{""age"":""25-34"",""gender"":""male"",""percentage"":0.288033},{""age"":""35-44"",""gender"":""female"",""percentage"":0.124602},{""age"":""25-34"",""gender"":""female"",""percentage"":0.392266},{""age"":""45-54"",""gender"":""male"",""percentage"":0.018778},{""age"":""65+"",""gender"":""unknown"",""percentage"":0.000318},{""age"":""65+"",""gender"":""male"",""percentage"":0.014322},{""age"":""25-34"",""gender"":""unknown"",""percentage"":0.002705},{""age"":""45-54"",""gender"":""unknown"",""percentage"":0.000477}","{""region"":""Los R\u00edos Region"",""percentage"":0.017712},{""region"":""Arica y Parinacota Region"",""percentage"":0.016914},{""region"":""Valpara\u00edso Region"",""percentage"":0.112813},{""region"":""Ays\u00e9n Region"",""percentage"":0.004787},{""region"":""Antofagasta Region"",""percentage"":0.068294},{""region"":""Araucan\u00eda Region"",""percentage"":0.044519},{""region"":""Atacama Region"",""percentage"":0.016276},{""region"":""B\u00edo B\u00edo Region"",""percentage"":0.112175},{""region"":""Coquimbo Region"",""percentage"":0.038775},{""region"":""O'Higgins Region"",""percentage"":0.056646},{""region"":""Los Lagos Region"",""percentage"":0.053135},{""region"":""Magallanes y la Ant\u00e1rtica Chilena Region"",""percentage"":0.023616},{""region"":""Maule Region"",""percentage"":0.065103},{""region"":""Santiago Metropolitan Region"",""percentage"":0.344184},{""region"":""Tarapac\u00e1 Region"",""percentage"":0.025052}",instagram,"lower_bound: 1000001",es
3070290059965233,669777673091551,"Yasna Provoste Campillay",2021-10-31,2021-10-31,2021-11-09,"Yasna Provoste Campillay","Nuestra propuesta de nuevas pensiones se construye con tres pisos. El primer piso es una Pensión Universal Garantizada de $225.000 para todos los mayores de 65 años, salvo el 10% más rico que se implementará en los primeros seis meses de gobierno. Si usted tiene una pensión producto de su trabajo y ahorro previsional, la seguirá recibiendo y adicionalmente recibirá este aporte.",,yasnapresidenta.cl,,"lower_bound: 175000, upper_bound: 199999","lower_bound: 1000000",CLP,"{""age"":""13-17"",""gender"":""male"",""percentage"":2.4e-5},{""age"":""45-54"",""gender"":""female"",""percentage"":0.079107},{""age"":""65+"",""gender"":""unknown"",""percentage"":0.000465},{""age"":""35-44"",""gender"":""unknown"",""percentage"":0.003094},{""age"":""55-64"",""gender"":""male"",""percentage"":0.012816},{""age"":""35-44"",""gender"":""male"",""percentage"":0.08373},{""age"":""35-44"",""gender"":""female"",""percentage"":0.165173},{""age"":""65+"",""gender"":""female"",""percentage"":0.025362},{""age"":""25-34"",""gender"":""female"",""percentage"":0.311061},{""age"":""45-54"",""gender"":""unknown"",""percentage"":0.00137},{""age"":""25-34"",""gender"":""male"",""percentage"":0.226695},{""age"":""55-64"",""gender"":""female"",""percentage"":0.048744},{""age"":""65+"",""gender"":""male"",""percentage"":0.011091},{""age"":""25-34"",""gender"":""unknown"",""percentage"":0.002715},{""age"":""45-54"",""gender"":""male"",""percentage"":0.027869},{""age"":""55-64"",""gender"":""unknown"",""percentage"":0.000648},{""age"":""13-17"",""gender"":""female"",""percentage"":3.7e-5}","{""region"":""Santiago Metropolitan Region"",""percentage"":1}",instagram,"lower_bound: 100001, upper_bound: 500000",es
272971174744692,669777673091551,"Yasna Provoste Campillay",2021-10-31,2021-10-31,2021-11-09,"Yasna Provoste Campillay","Una de las mayores gracias del desierto florido es que las semillas se mantienen bajo la tierra, esperando pacientemente a que el cielo riegue estos suelos para florecer. Como un desierto, la política también pareciera que ha ido perdiendo vida. La falta de acuerdos y la perdida de confianzas, tanto en el Gobierno como en la oposición, la han vuelto inerte y seca. Y si bien muchos no creen que haya semillas esperando la lluvia, yo creo que Chile puede volver a florecer.

Comparto con ustedes parte de la #franjaelectoral de hoy. #AhoraYasna","Chile puede florecer",,,"lower_bound: 125000, upper_bound: 149999","lower_bound: 700000, upper_bound: 799999",CLP,"{""age"":""13-17"",""gender"":""female"",""percentage"":3.0e-5},{""age"":""25-34"",""gender"":""male"",""percentage"":0.248014},{""age"":""55-64"",""gender"":""unknown"",""percentage"":0.000893},{""age"":""45-54"",""gender"":""unknown"",""percentage"":0.002058},{""age"":""25-34"",""gender"":""unknown"",""percentage"":0.003209},{""age"":""35-44"",""gender"":""unknown"",""percentage"":0.004192},{""age"":""55-64"",""gender"":""male"",""percentage"":0.02131},{""age"":""25-34"",""gender"":""female"",""percentage"":0.261014},{""age"":""35-44"",""gender"":""male"",""percentage"":0.103794},{""age"":""13-17"",""gender"":""male"",""percentage"":1.5e-5},{""age"":""65+"",""gender"":""female"",""percentage"":0.028847},{""age"":""65+"",""gender"":""male"",""percentage"":0.015422},{""age"":""45-54"",""gender"":""male"",""percentage"":0.043467},{""age"":""45-54"",""gender"":""female"",""percentage"":0.07578},{""age"":""35-44"",""gender"":""female"",""percentage"":0.137363},{""age"":""55-64"",""gender"":""female"",""percentage"":0.053971},{""age"":""65+"",""gender"":""unknown"",""percentage"":0.000621}","{""region"":""Santiago Metropolitan Region"",""percentage"":1}",instagram,"lower_bound: 100001, upper_bound: 500000",es
255619406477890,669777673091551,"Yasna Provoste Campillay",2021-10-31,2021-10-31,2021-11-07,"Yasna Provoste Campillay","Una de las mayores gracias del desierto florido es que las semillas se mantienen bajo la tierra, esperando pacientemente a que el cielo riegue estos suelos para florecer. Como un desierto, la política también pareciera que ha ido perdiendo vida. La falta de acuerdos y la perdida de confianzas, tanto en el Gobierno como en la oposición, la han vuelto inerte y seca. Y si bien muchos no creen que haya semillas esperando la lluvia, yo creo que Chile puede volver a florecer.

Comparto con ustedes parte de la #franjaelectoral de hoy. #AhoraYasna","Chile puede florecer",,,"lower_bound: 5000, upper_bound: 5999","lower_bound: 35000, upper_bound: 39999",CLP,"{""age"":""65+"",""gender"":""unknown"",""percentage"":0.0011},{""age"":""65+"",""gender"":""female"",""percentage"":0.029037},{""age"":""35-44"",""gender"":""unknown"",""percentage"":0.00396},{""age"":""45-54"",""gender"":""male"",""percentage"":0.031456},{""age"":""45-54"",""gender"":""female"",""percentage"":0.070832},{""age"":""35-44"",""gender"":""female"",""percentage"":0.124065},{""age"":""25-34"",""gender"":""male"",""percentage"":0.261549},{""age"":""25-34"",""gender"":""female"",""percentage"":0.300924},{""age"":""35-44"",""gender"":""male"",""percentage"":0.08029},{""age"":""65+"",""gender"":""male"",""percentage"":0.011879},{""age"":""55-64"",""gender"":""female"",""percentage"":0.062912},{""age"":""55-64"",""gender"":""male"",""percentage"":0.018698},{""age"":""25-34"",""gender"":""unknown"",""percentage"":0.00154},{""age"":""55-64"",""gender"":""unknown"",""percentage"":0.00088},{""age"":""45-54"",""gender"":""unknown"",""percentage"":0.00088}","{""region"":""Santiago Metropolitan Region"",""percentage"":1}",instagram,"lower_bound: 100001, upper_bound: 500000",es
2923226934607692,669777673091551,"Yasna Provoste Campillay",2021-10-31,2021-10-31,2021-11-07,"Yasna Provoste Campillay","Gianina Figueroa es una pequeña empresaria y conoce las dificultades de emprender siendo mujer. En nuestro gobierno, facilitaremos el acceso a mujeres al financiamiento e instrumentos de fomento para sus pymes. Chile se sana con nosotras. #AhoraYasna

📗 Revisa nuestras propuestas en www.yasnapresidenta.cl/#programa",,,,"lower_bound: 60000, upper_bound: 69999","lower_bound: 400000, upper_bound: 449999",CLP,"{""age"":""65+"",""gender"":""unknown"",""percentage"":0.00053},{""age"":""45-54"",""gender"":""unknown"",""percentage"":0.00214},{""age"":""25-34"",""gender"":""unknown"",""percentage"":0.00373},{""age"":""55-64"",""gender"":""unknown"",""percentage"":0.000754},{""age"":""65+"",""gender"":""female"",""percentage"":0.018998},{""age"":""55-64"",""gender"":""female"",""percentage"":0.042807},{""age"":""35-44"",""gender"":""female"",""percentage"":0.183399},{""age"":""25-34"",""gender"":""male"",""percentage"":0.206637},{""age"":""45-54"",""gender"":""male"",""percentage"":0.027804},{""age"":""25-34"",""gender"":""female"",""percentage"":0.326151},{""age"":""55-64"",""gender"":""male"",""percentage"":0.012129},{""age"":""65+"",""gender"":""male"",""percentage"":0.008725},{""age"":""35-44"",""gender"":""male"",""percentage"":0.079662},{""age"":""45-54"",""gender"":""female"",""percentage"":0.081436},{""age"":""35-44"",""gender"":""unknown"",""percentage"":0.005096}","{""region"":""Santiago Metropolitan Region"",""percentage"":1}",instagram,"lower_bound: 100001, upper_bound: 500000",es
473389657290865,669777673091551,"Yasna Provoste Campillay",2021-10-31,2021-10-31,2021-11-07,"Yasna Provoste Campillay","Nuestra propuesta de nuevas pensiones se construye con tres pisos. El primer piso es una Pensión Universal Garantizada de $225.000 para todos los mayores de 65 años, salvo el 10% más rico que se implementará en los primeros seis meses de gobierno. Si usted tiene una pensión producto de su trabajo y ahorro previsional, la seguirá recibiendo y adicionalmente recibirá este aporte.",,yasnapresidenta.cl,,"lower_bound: 20000, upper_bound: 24999","lower_bound: 125000, upper_bound: 149999",CLP,"{""age"":""13-17"",""gender"":""female"",""percentage"":5.3e-5},{""age"":""55-64"",""gender"":""unknown"",""percentage"":0.000214},{""age"":""35-44"",""gender"":""unknown"",""percentage"":0.003416},{""age"":""45-54"",""gender"":""female"",""percentage"":0.044734},{""age"":""55-64"",""gender"":""female"",""percentage"":0.022634},{""age"":""65+"",""gender"":""male"",""percentage"":0.008114},{""age"":""25-34"",""gender"":""unknown"",""percentage"":0.003843},{""age"":""55-64"",""gender"":""male"",""percentage"":0.00694},{""age"":""45-54"",""gender"":""male"",""percentage"":0.017242},{""age"":""65+"",""gender"":""unknown"",""percentage"":0.000374},{""age"":""45-54"",""gender"":""unknown"",""percentage"":0.000961},{""age"":""35-44"",""gender"":""female"",""percentage"":0.136017},{""age"":""25-34"",""gender"":""female"",""percentage"":0.347141},{""age"":""25-34"",""gender"":""male"",""percentage"":0.311536},{""age"":""35-44"",""gender"":""male"",""percentage"":0.083062},{""age"":""65+"",""gender"":""female"",""percentage"":0.013719}","{""region"":""Santiago Metropolitan Region"",""percentage"":1}",instagram,"lower_bound: 100001, upper_bound: 500000",es
240164708099955,669777673091551,"Yasna Provoste Campillay",2021-10-30,2021-10-31,2021-11-01,"Yasna Provoste Campillay","Nuestra propuesta de nuevas pensiones se construye con tres pisos. El primer piso es una Pensión Universal Garantizada de $225.000 para todos los mayores de 65 años, salvo el 10% más rico que se implementará en los primeros seis meses de gobierno. Si usted tiene una pensión producto de su trabajo y ahorro previsional, la seguirá recibiendo y adicionalmente recibirá este aporte.",,yasnapresidenta.cl,,"lower_bound: 10000, upper_bound: 14999","lower_bound: 30000, upper_bound: 34999",CLP,"{""age"":""65+"",""gender"":""unknown"",""percentage"":0.00046},{""age"":""45-54"",""gender"":""unknown"",""percentage"":0.001932},{""age"":""55-64"",""gender"":""unknown"",""percentage"":0.000736},{""age"":""25-34"",""gender"":""unknown"",""percentage"":0.001196},{""age"":""25-34"",""gender"":""male"",""percentage"":0.130635},{""age"":""45-54"",""gender"":""male"",""percentage"":0.067709},{""age"":""55-64"",""gender"":""female"",""percentage"":0.11104},{""age"":""25-34"",""gender"":""female"",""percentage"":0.145538},{""age"":""35-44"",""gender"":""female"",""percentage"":0.177001},{""age"":""55-64"",""gender"":""male"",""percentage"":0.040846},{""age"":""35-44"",""gender"":""male"",""percentage"":0.123551},{""age"":""65+"",""gender"":""female"",""percentage"":0.048758},{""age"":""45-54"",""gender"":""female"",""percentage"":0.128059},{""age"":""65+"",""gender"":""male"",""percentage"":0.018859},{""age"":""35-44"",""gender"":""unknown"",""percentage"":0.00368}","{""region"":""Santiago Metropolitan Region"",""percentage"":1}",facebook,"lower_bound: 100001, upper_bound: 500000",es
1060341794736623,669777673091551,"Yasna Provoste Campillay",2021-10-30,2021-10-30,2021-11-01,"Yasna Provoste Campillay","Una de las mayores gracias del desierto florido es que las semillas se mantienen bajo la tierra, esperando pacientemente a que el cielo riegue estos suelos para florecer. Como un desierto, la política también pareciera que ha ido perdiendo vida. La falta de acuerdos y la perdida de confianzas, tanto en el Gobierno como en la oposición, la han vuelto inerte y seca. Y si bien muchos no creen que haya semillas esperando la lluvia, yo creo que Chile puede volver a florecer.

Comparto con ustedes parte de la #franjaelectoral de hoy. #AhoraYasna","Chile puede florecer",,,"lower_bound: 30000, upper_bound: 34999","lower_bound: 90000, upper_bound: 99999",CLP,"{""age"":""25-34"",""gender"":""unknown"",""percentage"":0.000536},{""age"":""35-44"",""gender"":""unknown"",""percentage"":0.003013},{""age"":""35-44"",""gender"":""male"",""percentage"":0.118362},{""age"":""55-64"",""gender"":""male"",""percentage"":0.053338},{""age"":""65+"",""gender"":""unknown"",""percentage"":0.000469},{""age"":""25-34"",""gender"":""male"",""percentage"":0.109723},{""age"":""45-54"",""gender"":""male"",""percentage"":0.07691},{""age"":""65+"",""gender"":""female"",""percentage"":0.061542},{""age"":""45-54"",""gender"":""female"",""percentage"":0.144345},{""age"":""35-44"",""gender"":""female"",""percentage"":0.151142},{""age"":""55-64"",""gender"":""female"",""percentage"":0.124389},{""age"":""25-34"",""gender"":""female"",""percentage"":0.130583},{""age"":""65+"",""gender"":""male"",""percentage"":0.022835},{""age"":""45-54"",""gender"":""unknown"",""percentage"":0.002009},{""age"":""55-64"",""gender"":""unknown"",""percentage"":0.000804}","{""region"":""Santiago Metropolitan Region"",""percentage"":1}",facebook,"lower_bound: 100001, upper_bound: 500000",es
470294134288585,669777673091551,"Yasna Provoste Campillay",2021-10-30,2021-10-31,2021-11-01,"Yasna Provoste Campillay","Nuestra propuesta de nuevas pensiones se construye con tres pisos. El primer piso es una Pensión Universal Garantizada de $225.000 para todos los mayores de 65 años, salvo el 10% más rico que se implementará en los primeros seis meses de gobierno. Si usted tiene una pensión producto de su trabajo y ahorro previsional, la seguirá recibiendo y adicionalmente recibirá este aporte.",,yasnapresidenta.cl,,"lower_bound: 15000, upper_bound: 19999","lower_bound: 15000, upper_bound: 19999",CLP,"{""age"":""65+"",""gender"":""unknown"",""percentage"":0.000334},{""age"":""55-64"",""gender"":""unknown"",""percentage"":0.000201},{""age"":""25-34"",""gender"":""unknown"",""percentage"":0.001605},{""age"":""35-44"",""gender"":""unknown"",""percentage"":0.002876},{""age"":""45-54"",""gender"":""unknown"",""percentage"":0.001003},{""age"":""55-64"",""gender"":""male"",""percentage"":0.042405},{""age"":""45-54"",""gender"":""male"",""percentage"":0.081867},{""age"":""45-54"",""gender"":""female"",""percentage"":0.11745},{""age"":""35-44"",""gender"":""female"",""percentage"":0.184804},{""age"":""55-64"",""gender"":""female"",""percentage"":0.070898},{""age"":""25-34"",""gender"":""male"",""percentage"":0.173968},{""age"":""35-44"",""gender"":""male"",""percentage"":0.139389},{""age"":""65+"",""gender"":""male"",""percentage"":0.016588},{""age"":""25-34"",""gender"":""female"",""percentage"":0.141328},{""age"":""65+"",""gender"":""female"",""percentage"":0.025283}","{""region"":""Los R\u00edos Region"",""percentage"":0.033174},{""region"":""Arica y Parinacota Region"",""percentage"":0.01763},{""region"":""Valpara\u00edso Region"",""percentage"":0.110491},{""region"":""Ays\u00e9n Region"",""percentage"":0.009488},{""region"":""Antofagasta Region"",""percentage"":0.043604},{""region"":""Araucan\u00eda Region"",""percentage"":0.069444},{""region"":""Atacama Region"",""percentage"":0.023888},{""region"":""B\u00edo B\u00edo Region"",""percentage"":0.150999},{""region"":""Coquimbo Region"",""percentage"":0.056322},{""region"":""O'Higgins Region"",""percentage"":0.0576},{""region"":""Los Lagos Region"",""percentage"":0.074961},{""region"":""Magallanes y la Ant\u00e1rtica Chilena Region"",""percentage"":0.019581},{""region"":""Maule Region"",""percentage"":0.087074},{""region"":""Santiago Metropolitan Region"",""percentage"":0.217078},{""region"":""Tarapac\u00e1 Region"",""percentage"":0.028666}","facebook,instagram","lower_bound: 1000001",
948771689055496,669777673091551,"Yasna Provoste Campillay",2021-10-30,2021-10-30,2021-11-01,"Yasna Provoste Campillay","Una de las mayores gracias del desierto florido es que las semillas se mantienen bajo la tierra, esperando pacientemente a que el cielo riegue estos suelos para florecer. Como un desierto, la política también pareciera que ha ido perdiendo vida. La falta de acuerdos y la perdida de confianzas, tanto en el Gobierno como en la oposición, la han vuelto inerte y seca. Y si bien muchos no creen que haya semillas esperando la lluvia, yo creo que Chile puede volver a florecer.

Comparto con ustedes parte de la #franjaelectoral de hoy. #AhoraYasna","Chile puede florecer",,,"lower_bound: 150000, upper_bound: 174999","lower_bound: 175000, upper_bound: 199999",CLP,"{""age"":""45-54"",""gender"":""unknown"",""percentage"":0.000867},{""age"":""65+"",""gender"":""unknown"",""percentage"":0.000151},{""age"":""65+"",""gender"":""male"",""percentage"":0.016884},{""age"":""55-64"",""gender"":""female"",""percentage"":0.089746},{""age"":""45-54"",""gender"":""female"",""percentage"":0.126115},{""age"":""55-64"",""gender"":""male"",""percentage"":0.050363},{""age"":""45-54"",""gender"":""male"",""percentage"":0.088879},{""age"":""25-34"",""gender"":""female"",""percentage"":0.154592},{""age"":""25-34"",""gender"":""male"",""percentage"":0.157557},{""age"":""35-44"",""gender"":""female"",""percentage"":0.156828},{""age"":""35-44"",""gender"":""male"",""percentage"":0.1263},{""age"":""65+"",""gender"":""female"",""percentage"":0.029303},{""age"":""35-44"",""gender"":""unknown"",""percentage"":0.001404},{""age"":""25-34"",""gender"":""unknown"",""percentage"":0.000791},{""age"":""55-64"",""gender"":""unknown"",""percentage"":0.00022}","{""region"":""Los R\u00edos Region"",""percentage"":0.029933},{""region"":""Arica y Parinacota Region"",""percentage"":0.019382},{""region"":""Valpara\u00edso Region"",""percentage"":0.104718},{""region"":""Ays\u00e9n Region"",""percentage"":0.008701},{""region"":""Antofagasta Region"",""percentage"":0.045113},{""region"":""Araucan\u00eda Region"",""percentage"":0.069166},{""region"":""Atacama Region"",""percentage"":0.022539},{""region"":""B\u00edo B\u00edo Region"",""percentage"":0.154075},{""region"":""Coquimbo Region"",""percentage"":0.050162},{""region"":""O'Higgins Region"",""percentage"":0.064048},{""region"":""Los Lagos Region"",""percentage"":0.067859},{""region"":""Magallanes y la Ant\u00e1rtica Chilena Region"",""percentage"":0.017601},{""region"":""Maule Region"",""percentage"":0.085157},{""region"":""Santiago Metropolitan Region"",""percentage"":0.232822},{""region"":""Tarapac\u00e1 Region"",""percentage"":0.028723}","facebook,instagram","lower_bound: 1000001",es
3101640826827753,669777673091551,"Yasna Provoste Campillay",2021-10-30,2021-10-30,2021-11-01,"Yasna Provoste Campillay","Luego de una intensa gira por la Región de Los Lagos, fueron muchas las muestras de cariño y apoyo que recibimos desde Quellón hasta Osorno. Una de ellas fue la del concejal Baltazar Elgueta, primera mayoría en Castro. Muchas gracias, Baltazar!","#AhoraYasna en Castro",yasnapresidenta.cl,,"lower_bound: 10000, upper_bound: 14999","lower_bound: 45000, upper_bound: 49999",CLP,"{""age"":""55-64"",""gender"":""unknown"",""percentage"":0.000571},{""age"":""45-54"",""gender"":""unknown"",""percentage"":0.001142},{""age"":""65+"",""gender"":""male"",""percentage"":0.015126},{""age"":""55-64"",""gender"":""female"",""percentage"":0.085759},{""age"":""65+"",""gender"":""female"",""percentage"":0.025257},{""age"":""45-54"",""gender"":""male"",""percentage"":0.087186},{""age"":""25-34"",""gender"":""male"",""percentage"":0.134561},{""age"":""35-44"",""gender"":""male"",""percentage"":0.137985},{""age"":""35-44"",""gender"":""female"",""percentage"":0.184503},{""age"":""25-34"",""gender"":""female"",""percentage"":0.141981},{""age"":""55-64"",""gender"":""male"",""percentage"":0.046661},{""age"":""45-54"",""gender"":""female"",""percentage"":0.135274},{""age"":""35-44"",""gender"":""unknown"",""percentage"":0.002711},{""age"":""65+"",""gender"":""unknown"",""percentage"":0.000285},{""age"":""25-34"",""gender"":""unknown"",""percentage"":0.000999}","{""region"":""Los Lagos Region"",""percentage"":1}","facebook,instagram","lower_bound: 10001, upper_bound: 50000",es
1019252635348342,669777673091551,"Yasna Provoste Campillay",2021-10-30,2021-10-30,2021-10-31,"Yasna Provoste Campillay","Fraternidad, solidaridad y amor al prójimo. Así como la fiesta de Cuasimodo está en el alma de Chile, yo también quiero llevar la esperanza a cada hogar de este país. Juntos y juntas para unir y sanar a Chile.

Comparto parte de la #franjaelectoral de hoy. #AhoraYasna",,,,"lower_bound: 0, upper_bound: 999","lower_bound: 600, upper_bound: 699",CLP,"{""age"":""45-54"",""gender"":""unknown"",""percentage"":0.002751},{""age"":""35-44"",""gender"":""unknown"",""percentage"":0.002751},{""age"":""65+"",""gender"":""male"",""percentage"":0.024759},{""age"":""55-64"",""gender"":""male"",""percentage"":0.030261},{""age"":""45-54"",""gender"":""female"",""percentage"":0.130674},{""age"":""25-34"",""gender"":""female"",""percentage"":0.093535},{""age"":""25-34"",""gender"":""male"",""percentage"":0.18707},{""age"":""35-44"",""gender"":""male"",""percentage"":0.133425},{""age"":""35-44"",""gender"":""female"",""percentage"":0.163686},{""age"":""55-64"",""gender"":""female"",""percentage"":0.127923},{""age"":""65+"",""gender"":""unknown"",""percentage"":0.001376},{""age"":""65+"",""gender"":""female"",""percentage"":0.028886},{""age"":""45-54"",""gender"":""male"",""percentage"":0.072902}","{""region"":""Los R\u00edos Region"",""percentage"":0.03022},{""region"":""Arica y Parinacota Region"",""percentage"":0.009615},{""region"":""Valpara\u00edso Region"",""percentage"":0.105769},{""region"":""Ays\u00e9n Region"",""percentage"":0.004121},{""region"":""Antofagasta Region"",""percentage"":0.042582},{""region"":""Araucan\u00eda Region"",""percentage"":0.085165},{""region"":""Atacama Region"",""percentage"":0.023352},{""region"":""B\u00edo B\u00edo Region"",""percentage"":0.144231},{""region"":""Coquimbo Region"",""percentage"":0.046703},{""region"":""O'Higgins Region"",""percentage"":0.06044},{""region"":""Los Lagos Region"",""percentage"":0.074176},{""region"":""Magallanes y la Ant\u00e1rtica Chilena Region"",""percentage"":0.027473},{""region"":""Maule Region"",""percentage"":0.081044},{""region"":""Santiago Metropolitan Region"",""percentage"":0.243132},{""region"":""Tarapac\u00e1 Region"",""percentage"":0.021978}","facebook,instagram","lower_bound: 1000001",es
239052681618933,669777673091551,"Yasna Provoste Campillay",2021-10-30,2021-10-31,2021-11-01,"Yasna Provoste Campillay","El concejal Gustavo Valdebenito vota por un Chile que recupere la paz, los empleos, con barrios más seguros y salud y educación de calidad para todos y todas.
Para juntos y juntas unir y sanar a Chile, vota Yasna, vota 3. #AhoraYasnaPara juntos y juntas unir y sanar a Chile, vota Yasna, vota 3. #AhoraYasna","Nacimiento con Yasna",yasnapresidenta.cl,,"lower_bound: 4000, upper_bound: 4999","lower_bound: 45000, upper_bound: 49999",CLP,"{""age"":""25-34"",""gender"":""unknown"",""percentage"":0.001391},{""age"":""55-64"",""gender"":""male"",""percentage"":0.038025},{""age"":""35-44"",""gender"":""male"",""percentage"":0.11732},{""age"":""25-34"",""gender"":""female"",""percentage"":0.191978},{""age"":""45-54"",""gender"":""male"",""percentage"":0.060283},{""age"":""45-54"",""gender"":""female"",""percentage"":0.133782},{""age"":""35-44"",""gender"":""female"",""percentage"":0.185022},{""age"":""55-64"",""gender"":""female"",""percentage"":0.08115},{""age"":""65+"",""gender"":""female"",""percentage"":0.03501},{""age"":""25-34"",""gender"":""male"",""percentage"":0.1361},{""age"":""45-54"",""gender"":""unknown"",""percentage"":0.001159},{""age"":""65+"",""gender"":""male"",""percentage"":0.01623},{""age"":""35-44"",""gender"":""unknown"",""percentage"":0.001855},{""age"":""65+"",""gender"":""unknown"",""percentage"":0.000232},{""age"":""55-64"",""gender"":""unknown"",""percentage"":0.000464}","{""region"":""B\u00edo B\u00edo Region"",""percentage"":1}","facebook,instagram","lower_bound: 5001, upper_bound: 10000",es
253197453525179,669777673091551,"Yasna Provoste Campillay",2021-10-30,2021-10-30,2021-10-31,"Yasna Provoste Campillay","Las familias no soportan más la delincuencia y el narcotráfico que se apoderó de los barrios.

Para retomar la paz en nuestros barrios, 3 razones para votar 3:

1. Descabezaremos el narcotráfico desde arriba.
2. Quitaremos las armas de las calles.
3. Potenciaremos el trabajo en conjunto de las policías.

#AhoraYasna",,,,"lower_bound: 1000, upper_bound: 1999","lower_bound: 1000, upper_bound: 1499",CLP,"{""age"":""35-44"",""gender"":""unknown"",""percentage"":0.000848},{""age"":""45-54"",""gender"":""unknown"",""percentage"":0.000848},{""age"":""65+"",""gender"":""male"",""percentage"":0.016115},{""age"":""45-54"",""gender"":""male"",""percentage"":0.07888},{""age"":""35-44"",""gender"":""male"",""percentage"":0.118745},{""age"":""55-64"",""gender"":""male"",""percentage"":0.04665},{""age"":""25-34"",""gender"":""female"",""percentage"":0.09754},{""age"":""35-44"",""gender"":""female"",""percentage"":0.222222},{""age"":""55-64"",""gender"":""female"",""percentage"":0.112807},{""age"":""45-54"",""gender"":""female"",""percentage"":0.161154},{""age"":""25-34"",""gender"":""male"",""percentage"":0.101781},{""age"":""65+"",""gender"":""female"",""percentage"":0.042409}","{""region"":""Los R\u00edos Region"",""percentage"":0.032068},{""region"":""Arica y Parinacota Region"",""percentage"":0.024473},{""region"":""Valpara\u00edso Region"",""percentage"":0.102954},{""region"":""Ays\u00e9n Region"",""percentage"":0.006751},{""region"":""Antofagasta Region"",""percentage"":0.037975},{""region"":""Araucan\u00eda Region"",""percentage"":0.058228},{""region"":""Atacama Region"",""percentage"":0.033755},{""region"":""B\u00edo B\u00edo Region"",""percentage"":0.129958},{""region"":""Coquimbo Region"",""percentage"":0.043882},{""region"":""O'Higgins Region"",""percentage"":0.051477},{""region"":""Los Lagos Region"",""percentage"":0.067511},{""region"":""Magallanes y la Ant\u00e1rtica Chilena Region"",""percentage"":0.020253},{""region"":""Maule Region"",""percentage"":0.081857},{""region"":""Santiago Metropolitan Region"",""percentage"":0.283544},{""region"":""Tarapac\u00e1 Region"",""percentage"":0.025316}","facebook,instagram","lower_bound: 1000001",es
260858712665639,669777673091551,"Yasna Provoste Campillay",2021-10-30,2021-10-30,2021-10-31,"Yasna Provoste Campillay","Entraremos a La Moneda con las mujeres, con el Chile diverso, con las regiones. Recuperaremos la inversión y el empleo, especialmente de mujeres que debieron volcarse al cuidado no remunerado y, en muchos casos, a actividades informales de escasa productividad, bajos ingresos y desprotección. #AhoraYasna","Entraremos a La Moneda con las mujeres, con el Chile diverso, con las regiones",yasnapresidenta.cl,"SeguirSeguirSeguirSeguir Nací en Vallenar un 16 de diciembre de 1969, comuna de la región de Atacama ubicada a 665 kilómetros al norte de la capital, Santiago. Soy hija de Carlos Provoste y Nelly Campillay, medianos empresarios de transportes de mi región. Estoy casada con Mauricio y soy madre d...","lower_bound: 1000, upper_bound: 1999","lower_bound: 1000, upper_bound: 1499",CLP,"{""age"":""65+"",""gender"":""male"",""percentage"":0.014681},{""age"":""55-64"",""gender"":""male"",""percentage"":0.020892},{""age"":""65+"",""gender"":""female"",""percentage"":0.022021},{""age"":""25-34"",""gender"":""male"",""percentage"":0.286844},{""age"":""35-44"",""gender"":""female"",""percentage"":0.141163},{""age"":""25-34"",""gender"":""female"",""percentage"":0.166008},{""age"":""35-44"",""gender"":""male"",""percentage"":0.111801},{""age"":""55-64"",""gender"":""female"",""percentage"":0.07284},{""age"":""45-54"",""gender"":""female"",""percentage"":0.108413},{""age"":""45-54"",""gender"":""male"",""percentage"":0.050254},{""age"":""35-44"",""gender"":""unknown"",""percentage"":0.001694},{""age"":""25-34"",""gender"":""unknown"",""percentage"":0.002259},{""age"":""55-64"",""gender"":""unknown"",""percentage"":0.001129}","{""region"":""Los R\u00edos Region"",""percentage"":0.026554},{""region"":""Arica y Parinacota Region"",""percentage"":0.019209},{""region"":""Valpara\u00edso Region"",""percentage"":0.116384},{""region"":""Ays\u00e9n Region"",""percentage"":0.012994},{""region"":""Antofagasta Region"",""percentage"":0.040678},{""region"":""Araucan\u00eda Region"",""percentage"":0.067232},{""region"":""Atacama Region"",""percentage"":0.023729},{""region"":""B\u00edo B\u00edo Region"",""percentage"":0.138418},{""region"":""Coquimbo Region"",""percentage"":0.045198},{""region"":""O'Higgins Region"",""percentage"":0.057062},{""region"":""Los Lagos Region"",""percentage"":0.072881},{""region"":""Magallanes y la Ant\u00e1rtica Chilena Region"",""percentage"":0.026554},{""region"":""Maule Region"",""percentage"":0.072881},{""region"":""Santiago Metropolitan Region"",""percentage"":0.245763},{""region"":""Tarapac\u00e1 Region"",""percentage"":0.034463}","facebook,instagram","lower_bound: 1000001",es
302965714999053,669777673091551,"Yasna Provoste Campillay",2021-10-30,2021-10-31,2021-10-31,"Yasna Provoste Campillay","Nuestra propuesta de nuevas pensiones se construye con tres pisos. El primer piso es una Pensión Universal Garantizada de $225.000 para todos los mayores de 65 años, salvo el 10% más rico que se implementará en los primeros seis meses de gobierno. Si usted tiene una pensión producto de su trabajo y ahorro previsional, la seguirá recibiendo y adicionalmente recibirá este aporte.",,yasnapresidenta.cl,,"lower_bound: 1000, upper_bound: 1999","lower_bound: 1000, upper_bound: 1499",CLP,"{""age"":""35-44"",""gender"":""unknown"",""percentage"":0.002801},{""age"":""55-64"",""gender"":""unknown"",""percentage"":0.0007},{""age"":""45-54"",""gender"":""unknown"",""percentage"":0.0007},{""age"":""65+"",""gender"":""male"",""percentage"":0.013305},{""age"":""65+"",""gender"":""female"",""percentage"":0.028011},{""age"":""35-44"",""gender"":""male"",""percentage"":0.104342},{""age"":""25-34"",""gender"":""female"",""percentage"":0.217787},{""age"":""45-54"",""gender"":""female"",""percentage"":0.115546},{""age"":""35-44"",""gender"":""female"",""percentage"":0.180672},{""age"":""25-34"",""gender"":""male"",""percentage"":0.161765},{""age"":""65+"",""gender"":""unknown"",""percentage"":0.001401},{""age"":""45-54"",""gender"":""male"",""percentage"":0.064426},{""age"":""55-64"",""gender"":""female"",""percentage"":0.077031},{""age"":""55-64"",""gender"":""male"",""percentage"":0.030112},{""age"":""25-34"",""gender"":""unknown"",""percentage"":0.001401}","{""region"":""Los R\u00edos Region"",""percentage"":0.030726},{""region"":""Arica y Parinacota Region"",""percentage"":0.016061},{""region"":""Valpara\u00edso Region"",""percentage"":0.090084},{""region"":""Ays\u00e9n Region"",""percentage"":0.011872},{""region"":""Antofagasta Region"",""percentage"":0.042598},{""region"":""Araucan\u00eda Region"",""percentage"":0.073324},{""region"":""Atacama Region"",""percentage"":0.027235},{""region"":""B\u00edo B\u00edo Region"",""percentage"":0.12919},{""region"":""Coquimbo Region"",""percentage"":0.050978},{""region"":""O'Higgins Region"",""percentage"":0.055866},{""region"":""Los Lagos Region"",""percentage"":0.060056},{""region"":""Magallanes y la Ant\u00e1rtica Chilena Region"",""percentage"":0.016061},{""region"":""Maule Region"",""percentage"":0.078212},{""region"":""Santiago Metropolitan Region"",""percentage"":0.287709},{""region"":""Tarapac\u00e1 Region"",""percentage"":0.030028}","facebook,instagram","lower_bound: 1000001",es
407246581059714,669777673091551,"Yasna Provoste Campillay",2021-10-30,2021-10-30,2021-10-31,"Yasna Provoste Campillay","Fortaleceremos el Bono al Trabajo de la Mujer, aumentando el monto del subsidio, ampliando gradualmente la cobertura de beneficiarios hasta el 80% más vulnerable y también su extensión a un máximo de 6 años, continuos o discontinuos. #AhoraNosotras #AhoraYasna","Fortalecimiento Bono al Trabajo de la Mujer",yasnapresidenta.cl,"SeguirSeguirSeguirSeguir Nací en Vallenar un 16 de diciembre de 1969, comuna de la región de Atacama ubicada a 665 kilómetros al norte de la capital, Santiago. Soy hija de Carlos Provoste y Nelly Campillay, medianos empresarios de transportes de mi región. Estoy casada con Mauricio y soy madre d...","lower_bound: 8000, upper_bound: 8999","lower_bound: 8000, upper_bound: 8999",CLP,"{""age"":""25-34"",""gender"":""female"",""percentage"":0.470213},{""age"":""35-44"",""gender"":""female"",""percentage"":0.235934},{""age"":""55-64"",""gender"":""female"",""percentage"":0.102837},{""age"":""65+"",""gender"":""female"",""percentage"":0.039953},{""age"":""45-54"",""gender"":""female"",""percentage"":0.151064}","{""region"":""Los R\u00edos Region"",""percentage"":0.030451},{""region"":""Arica y Parinacota Region"",""percentage"":0.017913},{""region"":""Valpara\u00edso Region"",""percentage"":0.109267},{""region"":""Ays\u00e9n Region"",""percentage"":0.008956},{""region"":""Antofagasta Region"",""percentage"":0.045737},{""region"":""Araucan\u00eda Region"",""percentage"":0.064724},{""region"":""Atacama Region"",""percentage"":0.018868},{""region"":""B\u00edo B\u00edo Region"",""percentage"":0.134106},{""region"":""Coquimbo Region"",""percentage"":0.053141},{""region"":""O'Higgins Region"",""percentage"":0.0615},{""region"":""Los Lagos Region"",""percentage"":0.065918},{""region"":""Magallanes y la Ant\u00e1rtica Chilena Region"",""percentage"":0.012419},{""region"":""Maule Region"",""percentage"":0.077144},{""region"":""Santiago Metropolitan Region"",""percentage"":0.275973},{""region"":""Tarapac\u00e1 Region"",""percentage"":0.023883}","facebook,instagram","lower_bound: 1000001",es
408629787479305,669777673091551,"Yasna Provoste Campillay",2021-10-30,2021-10-30,2021-10-31,"Yasna Provoste Campillay","La derecha no puede ofrecer nada distinto de lo que ha hecho. Se han opuesto permanentemente a ampliar las libertades, a cambiar un modelo que ha generado profundas desigualdades. Avancemos a un Chile diverso y de justicia social. #AhoraYasna","La derecha no puede ofrecer nada distinto de lo que ha hecho",yasnapresidenta.cl,"SeguirSeguirSeguirSeguir Nací en Vallenar un 16 de diciembre de 1969, comuna de la región de Atacama ubicada a 665 kilómetros al norte de la capital, Santiago. Soy hija de Carlos Provoste y Nelly Campillay, medianos empresarios de transportes de mi región. Estoy casada con Mauricio y soy madre d...","lower_bound: 0, upper_bound: 999","lower_bound: 300, upper_bound: 399",CLP,"{""age"":""65+"",""gender"":""male"",""percentage"":0.007619},{""age"":""35-44"",""gender"":""unknown"",""percentage"":0.005714},{""age"":""65+"",""gender"":""female"",""percentage"":0.030476},{""age"":""45-54"",""gender"":""male"",""percentage"":0.049524},{""age"":""45-54"",""gender"":""female"",""percentage"":0.104762},{""age"":""35-44"",""gender"":""female"",""percentage"":0.152381},{""age"":""25-34"",""gender"":""female"",""percentage"":0.182857},{""age"":""25-34"",""gender"":""male"",""percentage"":0.257143},{""age"":""55-64"",""gender"":""male"",""percentage"":0.019048},{""age"":""35-44"",""gender"":""male"",""percentage"":0.11619},{""age"":""55-64"",""gender"":""female"",""percentage"":0.072381},{""age"":""45-54"",""gender"":""unknown"",""percentage"":0.001905}","{""region"":""Los R\u00edos Region"",""percentage"":0.04},{""region"":""Arica y Parinacota Region"",""percentage"":0.024762},{""region"":""Valpara\u00edso Region"",""percentage"":0.118095},{""region"":""Ays\u00e9n Region"",""percentage"":0.005714},{""region"":""Antofagasta Region"",""percentage"":0.03619},{""region"":""Araucan\u00eda Region"",""percentage"":0.07619},{""region"":""Atacama Region"",""percentage"":0.022857},{""region"":""B\u00edo B\u00edo Region"",""percentage"":0.133333},{""region"":""Coquimbo Region"",""percentage"":0.062857},{""region"":""O'Higgins Region"",""percentage"":0.060952},{""region"":""Los Lagos Region"",""percentage"":0.08},{""region"":""Magallanes y la Ant\u00e1rtica Chilena Region"",""percentage"":0.030476},{""region"":""Maule Region"",""percentage"":0.07619},{""region"":""Santiago Metropolitan Region"",""percentage"":0.207619},{""region"":""Tarapac\u00e1 Region"",""percentage"":0.024762}","facebook,instagram","lower_bound: 1000001",es
413335413587420,669777673091551,"Yasna Provoste Campillay",2021-10-30,2021-10-30,2021-10-31,"Yasna Provoste Campillay","Aumentaremos el sueldo mínimo de acuerdo a la línea de pobreza familiar, a través de un mejoramiento real de las remuneraciones y del subsidio salarial centrado en los trabajadores de las empresas de menor tamaño. #AhoraYasna",,,,"lower_bound: 0, upper_bound: 999","lower_bound: 100, upper_bound: 199",CLP,"{""age"":""65+"",""gender"":""male"",""percentage"":0.007663},{""age"":""55-64"",""gender"":""female"",""percentage"":0.049808},{""age"":""25-34"",""gender"":""female"",""percentage"":0.114943},{""age"":""35-44"",""gender"":""female"",""percentage"":0.191571},{""age"":""25-34"",""gender"":""male"",""percentage"":0.195402},{""age"":""45-54"",""gender"":""female"",""percentage"":0.126437},{""age"":""45-54"",""gender"":""male"",""percentage"":0.111111},{""age"":""55-64"",""gender"":""male"",""percentage"":0.02682},{""age"":""65+"",""gender"":""female"",""percentage"":0.02682},{""age"":""35-44"",""gender"":""male"",""percentage"":0.137931},{""age"":""35-44"",""gender"":""unknown"",""percentage"":0.011494}","{""region"":""Los R\u00edos Region"",""percentage"":0.015326},{""region"":""Arica y Parinacota Region"",""percentage"":0.015326},{""region"":""Valpara\u00edso Region"",""percentage"":0.126437},{""region"":""Ays\u00e9n Region"",""percentage"":0.019157},{""region"":""Antofagasta Region"",""percentage"":0.049808},{""region"":""Araucan\u00eda Region"",""percentage"":0.088123},{""region"":""Atacama Region"",""percentage"":0.042146},{""region"":""B\u00edo B\u00edo Region"",""percentage"":0.118774},{""region"":""Coquimbo Region"",""percentage"":0.042146},{""region"":""O'Higgins Region"",""percentage"":0.045977},{""region"":""Los Lagos Region"",""percentage"":0.091954},{""region"":""Magallanes y la Ant\u00e1rtica Chilena Region"",""percentage"":0.022989},{""region"":""Maule Region"",""percentage"":0.065134},{""region"":""Santiago Metropolitan Region"",""percentage"":0.237548},{""region"":""Tarapac\u00e1 Region"",""percentage"":0.019157}","facebook,instagram","lower_bound: 1000001",es
421052276205238,669777673091551,"Yasna Provoste Campillay",2021-10-30,2021-10-30,2021-10-31,"Yasna Provoste Campillay","El nuevo Código de Aguas, aprobado durante nuestra presidencia del Senado, cambia naturaleza jurídica de derechos de aprovechamiento: son concesiones reguladas en función del interés público, caducables si se especula con ellas o no se usan. Nosotros haremos valer la nueva norma.

Les comparto parte del debate de ayer por el Futuro del Agua en Chile, de La Red.🌿",,,,"lower_bound: 1000, upper_bound: 1999","lower_bound: 1000, upper_bound: 1499",CLP,"{""age"":""35-44"",""gender"":""unknown"",""percentage"":0.004594},{""age"":""25-34"",""gender"":""female"",""percentage"":0.078101},{""age"":""55-64"",""gender"":""female"",""percentage"":0.094946},{""age"":""55-64"",""gender"":""male"",""percentage"":0.058959},{""age"":""35-44"",""gender"":""female"",""percentage"":0.158499},{""age"":""45-54"",""gender"":""male"",""percentage"":0.106432},{""age"":""45-54"",""gender"":""female"",""percentage"":0.117917},{""age"":""25-34"",""gender"":""male"",""percentage"":0.161562},{""age"":""35-44"",""gender"":""male"",""percentage"":0.147014},{""age"":""65+"",""gender"":""male"",""percentage"":0.022971},{""age"":""65+"",""gender"":""female"",""percentage"":0.046708},{""age"":""25-34"",""gender"":""unknown"",""percentage"":0.001531},{""age"":""45-54"",""gender"":""unknown"",""percentage"":0.000766}","{""region"":""Los R\u00edos Region"",""percentage"":0.034749},{""region"":""Arica y Parinacota Region"",""percentage"":0.022394},{""region"":""Valpara\u00edso Region"",""percentage"":0.094208},{""region"":""Ays\u00e9n Region"",""percentage"":0.010811},{""region"":""Antofagasta Region"",""percentage"":0.043243},{""region"":""Araucan\u00eda Region"",""percentage"":0.072587},{""region"":""Atacama Region"",""percentage"":0.023938},{""region"":""B\u00edo B\u00edo Region"",""percentage"":0.155212},{""region"":""Coquimbo Region"",""percentage"":0.044015},{""region"":""O'Higgins Region"",""percentage"":0.05251},{""region"":""Los Lagos Region"",""percentage"":0.076448},{""region"":""Magallanes y la Ant\u00e1rtica Chilena Region"",""percentage"":0.030888},{""region"":""Maule Region"",""percentage"":0.082625},{""region"":""Santiago Metropolitan Region"",""percentage"":0.228571},{""region"":""Tarapac\u00e1 Region"",""percentage"":0.027799}","facebook,instagram","lower_bound: 1000001",es
618427579515000,669777673091551,"Yasna Provoste Campillay",2021-10-30,2021-10-30,2021-10-31,"Yasna Provoste Campillay","Aumentaremos la cobertura del postnatal parental a los padres, subiendo el número de días de permiso de uso exclusivo para ellos. #AhoraNosotras #AhoraYasna","Mayor postnatal parental",yasnapresidenta.cl,"SeguirSeguirSeguirSeguir Nací en Vallenar un 16 de diciembre de 1969, comuna de la región de Atacama ubicada a 665 kilómetros al norte de la capital, Santiago. Soy hija de Carlos Provoste y Nelly Campillay, medianos empresarios de transportes de mi región. Estoy casada con Mauricio y soy madre d...","lower_bound: 15000, upper_bound: 19999","lower_bound: 15000, upper_bound: 19999",CLP,"{""age"":""65+"",""gender"":""female"",""percentage"":0.037865},{""age"":""35-44"",""gender"":""female"",""percentage"":0.159292},{""age"":""25-34"",""gender"":""female"",""percentage"":0.562188},{""age"":""55-64"",""gender"":""female"",""percentage"":0.109949},{""age"":""45-54"",""gender"":""female"",""percentage"":0.130705}","{""region"":""Los R\u00edos Region"",""percentage"":0.028918},{""region"":""Arica y Parinacota Region"",""percentage"":0.017276},{""region"":""Valpara\u00edso Region"",""percentage"":0.105102},{""region"":""Ays\u00e9n Region"",""percentage"":0.008852},{""region"":""Antofagasta Region"",""percentage"":0.044906},{""region"":""Araucan\u00eda Region"",""percentage"":0.069854},{""region"":""Atacama Region"",""percentage"":0.024518},{""region"":""B\u00edo B\u00edo Region"",""percentage"":0.138044},{""region"":""Coquimbo Region"",""percentage"":0.0529},{""region"":""O'Higgins Region"",""percentage"":0.060304},{""region"":""Los Lagos Region"",""percentage"":0.06642},{""region"":""Magallanes y la Ant\u00e1rtica Chilena Region"",""percentage"":0.012823},{""region"":""Maule Region"",""percentage"":0.082837},{""region"":""Santiago Metropolitan Region"",""percentage"":0.257042},{""region"":""Tarapac\u00e1 Region"",""percentage"":0.030205}","facebook,instagram","lower_bound: 1000001",es
850342118937722,669777673091551,"Yasna Provoste Campillay",2021-10-30,2021-10-30,2021-10-31,"Yasna Provoste Campillay","La derecha no puede ofrecer nada distinto de lo que ha hecho. Se han opuesto permanentemente a ampliar las libertades, a cambiar un modelo que ha generado profundas desigualdades. Avancemos a un Chile diverso y de justicia social. #AhoraYasna","La derecha no puede ofrecer nada distinto de lo que ha hecho",yasnapresidenta.cl,"Soy de Atacama, diaguita, crecí en el desierto, pero nunca estuve sola. Tuve la suerte de tener un entorno que me apoyó siempre. Como muchas mujeres, sé hacer que las cosas pasen, y que pasen en paz. Esa es la gobernabilidad que quiero ofrecerle a Chile. Y lo quiero hacer ahora para que juntos lo...","lower_bound: 1000, upper_bound: 1999","lower_bound: 1000, upper_bound: 1499",CLP,"{""age"":""35-44"",""gender"":""unknown"",""percentage"":0.004808},{""age"":""55-64"",""gender"":""male"",""percentage"":0.027473},{""age"":""55-64"",""gender"":""female"",""percentage"":0.080357},{""age"":""65+"",""gender"":""male"",""percentage"":0.013049},{""age"":""45-54"",""gender"":""female"",""percentage"":0.120879},{""age"":""65+"",""gender"":""female"",""percentage"":0.028846},{""age"":""45-54"",""gender"":""male"",""percentage"":0.066621},{""age"":""35-44"",""gender"":""female"",""percentage"":0.192308},{""age"":""35-44"",""gender"":""male"",""percentage"":0.134615},{""age"":""25-34"",""gender"":""female"",""percentage"":0.096841},{""age"":""25-34"",""gender"":""male"",""percentage"":0.231456},{""age"":""45-54"",""gender"":""unknown"",""percentage"":0.000687},{""age"":""25-34"",""gender"":""unknown"",""percentage"":0.001374},{""age"":""65+"",""gender"":""unknown"",""percentage"":0.000687}","{""region"":""Los R\u00edos Region"",""percentage"":0.03078},{""region"":""Arica y Parinacota Region"",""percentage"":0.012996},{""region"":""Valpara\u00edso Region"",""percentage"":0.101915},{""region"":""Ays\u00e9n Region"",""percentage"":0.011628},{""region"":""Antofagasta Region"",""percentage"":0.054036},{""region"":""Araucan\u00eda Region"",""percentage"":0.060876},{""region"":""Atacama Region"",""percentage"":0.02052},{""region"":""B\u00edo B\u00edo Region"",""percentage"":0.144323},{""region"":""Coquimbo Region"",""percentage"":0.045144},{""region"":""O'Higgins Region"",""percentage"":0.067715},{""region"":""Los Lagos Region"",""percentage"":0.080027},{""region"":""Magallanes y la Ant\u00e1rtica Chilena Region"",""percentage"":0.02052},{""region"":""Maule Region"",""percentage"":0.074555},{""region"":""Santiago Metropolitan Region"",""percentage"":0.243502},{""region"":""Tarapac\u00e1 Region"",""percentage"":0.031464}","facebook,instagram","lower_bound: 1000001",es
1334737326929539,669777673091551,"Yasna Provoste Campillay",2021-10-30,2021-10-30,2021-11-01,"Yasna Provoste Campillay","Gianina Figueroa es una pequeña empresaria y conoce las dificultades de emprender siendo mujer. En nuestro gobierno, facilitaremos el acceso a mujeres al financiamiento e instrumentos de fomento para sus pymes. Chile se sana con nosotras. #AhoraYasna

📗 Revisa nuestras propuestas en www.yasnapresidenta.cl/#programa",,,,"lower_bound: 4000, upper_bound: 4999","lower_bound: 4000, upper_bound: 4499",CLP,"{""age"":""65+"",""gender"":""female"",""percentage"":0.032606},{""age"":""55-64"",""gender"":""female"",""percentage"":0.101192},{""age"":""55-64"",""gender"":""male"",""percentage"":0.057117},{""age"":""25-34"",""gender"":""female"",""percentage"":0.046548},{""age"":""35-44"",""gender"":""female"",""percentage"":0.159433},{""age"":""45-54"",""gender"":""female"",""percentage"":0.141893},{""age"":""45-54"",""gender"":""male"",""percentage"":0.129301},{""age"":""65+"",""gender"":""male"",""percentage"":0.027434},{""age"":""25-34"",""gender"":""male"",""percentage"":0.108163},{""age"":""35-44"",""gender"":""male"",""percentage"":0.189566},{""age"":""45-54"",""gender"":""unknown"",""percentage"":0.001574},{""age"":""35-44"",""gender"":""unknown"",""percentage"":0.002474},{""age"":""25-34"",""gender"":""unknown"",""percentage"":0.001349},{""age"":""55-64"",""gender"":""unknown"",""percentage"":0.000899},{""age"":""65+"",""gender"":""unknown"",""percentage"":0.00045}","{""region"":""Los R\u00edos Region"",""percentage"":0.031811},{""region"":""Arica y Parinacota Region"",""percentage"":0.02045},{""region"":""Valpara\u00edso Region"",""percentage"":0.097478},{""region"":""Ays\u00e9n Region"",""percentage"":0.015451},{""region"":""Antofagasta Region"",""percentage"":0.047716},{""region"":""Araucan\u00eda Region"",""percentage"":0.0793},{""region"":""Atacama Region"",""percentage"":0.023858},{""region"":""B\u00edo B\u00edo Region"",""percentage"":0.151329},{""region"":""Coquimbo Region"",""percentage"":0.048171},{""region"":""O'Higgins Region"",""percentage"":0.056805},{""region"":""Los Lagos Region"",""percentage"":0.083845},{""region"":""Magallanes y la Ant\u00e1rtica Chilena Region"",""percentage"":0.025903},{""region"":""Maule Region"",""percentage"":0.071347},{""region"":""Santiago Metropolitan Region"",""percentage"":0.215178},{""region"":""Tarapac\u00e1 Region"",""percentage"":0.031357}","facebook,instagram","lower_bound: 1000001",es
3014140592144076,669777673091551,"Yasna Provoste Campillay",2021-10-30,2021-10-30,2021-11-01,"Yasna Provoste Campillay","Recuperaremos los puestos de empleos que eran ocupados por mujeres que debieron volcarse durante estos largos meses de pandemia a la economía del cuidado no remunerada y a actividades informales de escasa productividad, bajos ingresos y desprotección. #AhoraNosotras #AhoraYasna","Recuperación de empleo femenino",yasnapresidenta.cl,"SeguirSeguirSeguirSeguir Nací en Vallenar un 16 de diciembre de 1969, comuna de la región de Atacama ubicada a 665 kilómetros al norte de la capital, Santiago. Soy hija de Carlos Provoste y Nelly Campillay, medianos empresarios de transportes de mi región. Estoy casada con Mauricio y soy madre d...","lower_bound: 4000, upper_bound: 4999","lower_bound: 4500, upper_bound: 4999",CLP,"{""age"":""45-54"",""gender"":""female"",""percentage"":0.130631},{""age"":""55-64"",""gender"":""female"",""percentage"":0.079794},{""age"":""25-34"",""gender"":""female"",""percentage"":0.534964},{""age"":""65+"",""gender"":""female"",""percentage"":0.037967},{""age"":""35-44"",""gender"":""female"",""percentage"":0.216645}","{""region"":""Los R\u00edos Region"",""percentage"":0.027136},{""region"":""Arica y Parinacota Region"",""percentage"":0.016112},{""region"":""Valpara\u00edso Region"",""percentage"":0.109392},{""region"":""Ays\u00e9n Region"",""percentage"":0.00954},{""region"":""Antofagasta Region"",""percentage"":0.046004},{""region"":""Araucan\u00eda Region"",""percentage"":0.06254},{""region"":""Atacama Region"",""percentage"":0.025228},{""region"":""B\u00edo B\u00edo Region"",""percentage"":0.134831},{""region"":""Coquimbo Region"",""percentage"":0.055756},{""region"":""O'Higgins Region"",""percentage"":0.060208},{""region"":""Los Lagos Region"",""percentage"":0.067204},{""region"":""Magallanes y la Ant\u00e1rtica Chilena Region"",""percentage"":0.013568},{""region"":""Maule Region"",""percentage"":0.072716},{""region"":""Santiago Metropolitan Region"",""percentage"":0.273055},{""region"":""Tarapac\u00e1 Region"",""percentage"":0.026712}","facebook,instagram","lower_bound: 1000001",es
3074094092810624,669777673091551,"Yasna Provoste Campillay",2021-10-30,2021-10-30,2021-11-01,"Yasna Provoste Campillay","Estableceremos un subsidio superior para la contratación de mujeres en sectores productivos tradicionalmente masculinizados. #AhoraNosotras #AhoraYasna","Subsidio superior",yasnapresidenta.cl,"SeguirSeguirSeguirSeguir Nací en Vallenar un 16 de diciembre de 1969, comuna de la región de Atacama ubicada a 665 kilómetros al norte de la capital, Santiago. Soy hija de Carlos Provoste y Nelly Campillay, medianos empresarios de transportes de mi región. Estoy casada con Mauricio y soy madre d...","lower_bound: 10000, upper_bound: 14999","lower_bound: 10000, upper_bound: 14999",CLP,"{""age"":""45-54"",""gender"":""female"",""percentage"":0.127799},{""age"":""55-64"",""gender"":""female"",""percentage"":0.086498},{""age"":""25-34"",""gender"":""female"",""percentage"":0.57668},{""age"":""35-44"",""gender"":""female"",""percentage"":0.178189},{""age"":""65+"",""gender"":""female"",""percentage"":0.030834}","{""region"":""Los R\u00edos Region"",""percentage"":0.028946},{""region"":""Arica y Parinacota Region"",""percentage"":0.017352},{""region"":""Valpara\u00edso Region"",""percentage"":0.098833},{""region"":""Ays\u00e9n Region"",""percentage"":0.007916},{""region"":""Antofagasta Region"",""percentage"":0.04246},{""region"":""Araucan\u00eda Region"",""percentage"":0.064049},{""region"":""Atacama Region"",""percentage"":0.024468},{""region"":""B\u00edo B\u00edo Region"",""percentage"":0.137694},{""region"":""Coquimbo Region"",""percentage"":0.048697},{""region"":""O'Higgins Region"",""percentage"":0.059411},{""region"":""Los Lagos Region"",""percentage"":0.06341},{""region"":""Magallanes y la Ant\u00e1rtica Chilena Region"",""percentage"":0.017112},{""region"":""Maule Region"",""percentage"":0.075884},{""region"":""Santiago Metropolitan Region"",""percentage"":0.283864},{""region"":""Tarapac\u00e1 Region"",""percentage"":0.029906}","facebook,instagram","lower_bound: 1000001",es
3124022717841806,669777673091551,"Yasna Provoste Campillay",2021-10-30,2021-10-31,2021-10-31,"Yasna Provoste Campillay","Me comprometo a trabajar por un nuevo Chile, donde no importe el apellido, el colegio donde estudiaste o la comuna donde creciste, donde lo que importe sea que todos y todas podamos desarrollar nuestros talentos.

Comparto parte de la #franjaelectoral de hoy. #AhoraYasna.",,,,"lower_bound: 1000, upper_bound: 1999","lower_bound: 1000, upper_bound: 1499",CLP,"{""age"":""25-34"",""gender"":""male"",""percentage"":0.119746},{""age"":""35-44"",""gender"":""female"",""percentage"":0.134021},{""age"":""55-64"",""gender"":""female"",""percentage"":0.101507},{""age"":""45-54"",""gender"":""male"",""percentage"":0.103093},{""age"":""65+"",""gender"":""male"",""percentage"":0.032514},{""age"":""45-54"",""gender"":""female"",""percentage"":0.116574},{""age"":""35-44"",""gender"":""male"",""percentage"":0.125297},{""age"":""55-64"",""gender"":""male"",""percentage"":0.082474},{""age"":""65+"",""gender"":""female"",""percentage"":0.044409},{""age"":""25-34"",""gender"":""female"",""percentage"":0.134814},{""age"":""35-44"",""gender"":""unknown"",""percentage"":0.002379},{""age"":""25-34"",""gender"":""unknown"",""percentage"":0.002379},{""age"":""55-64"",""gender"":""unknown"",""percentage"":0.000793}","{""region"":""Los R\u00edos Region"",""percentage"":0.027844},{""region"":""Arica y Parinacota Region"",""percentage"":0.020684},{""region"":""Valpara\u00edso Region"",""percentage"":0.124105},{""region"":""Ays\u00e9n Region"",""percentage"":0.009547},{""region"":""Antofagasta Region"",""percentage"":0.044551},{""region"":""Araucan\u00eda Region"",""percentage"":0.072395},{""region"":""Atacama Region"",""percentage"":0.022275},{""region"":""B\u00edo B\u00edo Region"",""percentage"":0.125696},{""region"":""Coquimbo Region"",""percentage"":0.049324},{""region"":""O'Higgins Region"",""percentage"":0.054893},{""region"":""Los Lagos Region"",""percentage"":0.069212},{""region"":""Magallanes y la Ant\u00e1rtica Chilena Region"",""percentage"":0.013524},{""region"":""Maule Region"",""percentage"":0.091488},{""region"":""Santiago Metropolitan Region"",""percentage"":0.239459},{""region"":""Tarapac\u00e1 Region"",""percentage"":0.035004}","facebook,instagram","lower_bound: 1000001",es
262307499171799,669777673091551,"Yasna Provoste Campillay",2021-10-30,2021-10-31,2021-10-31,"Yasna Provoste Campillay","Nivelaremos los costos de contratación entre hombres y mujeres, eliminando las barreras que desincentivan la contratación de mujeres, además de promover la corresponsabilidad parental en el cuidado de los hijos. #AhoraNosotras #AhoraYasna","Fin a las barreras de contratación para mujeres",yasnapresidenta.cl,"SeguirSeguirSeguirSeguir Nací en Vallenar un 16 de diciembre de 1969, comuna de la región de Atacama ubicada a 665 kilómetros al norte de la capital, Santiago. Soy hija de Carlos Provoste y Nelly Campillay, medianos empresarios de transportes de mi región. Estoy casada con Mauricio y soy madre d...","lower_bound: 2000, upper_bound: 2999","lower_bound: 2000, upper_bound: 2499",CLP,"{""age"":""65+"",""gender"":""female"",""percentage"":0.047416},{""age"":""55-64"",""gender"":""female"",""percentage"":0.117898},{""age"":""35-44"",""gender"":""female"",""percentage"":0.220419},{""age"":""45-54"",""gender"":""female"",""percentage"":0.151645},{""age"":""25-34"",""gender"":""female"",""percentage"":0.462623}","{""region"":""Los R\u00edos Region"",""percentage"":0.027257},{""region"":""Arica y Parinacota Region"",""percentage"":0.015758},{""region"":""Valpara\u00edso Region"",""percentage"":0.11201},{""region"":""Ays\u00e9n Region"",""percentage"":0.010647},{""region"":""Antofagasta Region"",""percentage"":0.043441},{""region"":""Araucan\u00eda Region"",""percentage"":0.05707},{""region"":""Atacama Region"",""percentage"":0.022998},{""region"":""B\u00edo B\u00edo Region"",""percentage"":0.137138},{""region"":""Coquimbo Region"",""percentage"":0.047274},{""region"":""O'Higgins Region"",""percentage"":0.054514},{""region"":""Los Lagos Region"",""percentage"":0.055792},{""region"":""Magallanes y la Ant\u00e1rtica Chilena Region"",""percentage"":0.011073},{""region"":""Maule Region"",""percentage"":0.070273},{""region"":""Santiago Metropolitan Region"",""percentage"":0.307922},{""region"":""Tarapac\u00e1 Region"",""percentage"":0.026831}","facebook,instagram","lower_bound: 1000001",es
449374420145845,669777673091551,"Yasna Provoste Campillay",2021-10-30,2021-10-30,2021-11-01,"Yasna Provoste Campillay","Crearemos un nuevo sistema de pensiones. Todas las personas mayores de 65 años, salvo el 10% de mayores ingresos, recibirán una pensión de $225.000, que se sumará a la que hayan logrado con sus propios ahorros.

Comparto parte de la #franjaelectoral de hoy. #AhoraYasna",,,,"lower_bound: 10000, upper_bound: 14999","lower_bound: 9000, upper_bound: 9999",CLP,"{""age"":""65+"",""gender"":""unknown"",""percentage"":0.000106},{""age"":""55-64"",""gender"":""unknown"",""percentage"":0.000319},{""age"":""65+"",""gender"":""male"",""percentage"":0.034952},{""age"":""25-34"",""gender"":""unknown"",""percentage"":0.000637},{""age"":""35-44"",""gender"":""unknown"",""percentage"":0.00255},{""age"":""45-54"",""gender"":""male"",""percentage"":0.157123},{""age"":""55-64"",""gender"":""male"",""percentage"":0.106449},{""age"":""25-34"",""gender"":""male"",""percentage"":0.064698},{""age"":""45-54"",""gender"":""female"",""percentage"":0.133114},{""age"":""25-34"",""gender"":""female"",""percentage"":0.038989},{""age"":""55-64"",""gender"":""female"",""percentage"":0.112823},{""age"":""35-44"",""gender"":""female"",""percentage"":0.150324},{""age"":""35-44"",""gender"":""male"",""percentage"":0.154573},{""age"":""65+"",""gender"":""female"",""percentage"":0.042601},{""age"":""45-54"",""gender"":""unknown"",""percentage"":0.000744}","{""region"":""Los R\u00edos Region"",""percentage"":0.034958},{""region"":""Arica y Parinacota Region"",""percentage"":0.017212},{""region"":""Valpara\u00edso Region"",""percentage"":0.09953},{""region"":""Ays\u00e9n Region"",""percentage"":0.012187},{""region"":""Antofagasta Region"",""percentage"":0.034958},{""region"":""Araucan\u00eda Region"",""percentage"":0.083921},{""region"":""Atacama Region"",""percentage"":0.020847},{""region"":""B\u00edo B\u00edo Region"",""percentage"":0.162604},{""region"":""Coquimbo Region"",""percentage"":0.05078},{""region"":""O'Higgins Region"",""percentage"":0.067778},{""region"":""Los Lagos Region"",""percentage"":0.076652},{""region"":""Magallanes y la Ant\u00e1rtica Chilena Region"",""percentage"":0.020312},{""region"":""Maule Region"",""percentage"":0.085846},{""region"":""Santiago Metropolitan Region"",""percentage"":0.20665},{""region"":""Tarapac\u00e1 Region"",""percentage"":0.025764}","facebook,instagram","lower_bound: 1000001",es
453107883106748,669777673091551,"Yasna Provoste Campillay",2021-10-30,2021-10-31,2021-10-31,"Yasna Provoste Campillay","Ampliaremos el permiso por enfermedad grave del hijo menor de un año para que ambos padres sean titulares del derecho. #AhoraNosotras #AhoraYasna","Titularidad compartida para enfermedad grave de hijo menor de un año",yasnapresidenta.cl,"SeguirSeguirSeguirSeguir Nací en Vallenar un 16 de diciembre de 1969, comuna de la región de Atacama ubicada a 665 kilómetros al norte de la capital, Santiago. Soy hija de Carlos Provoste y Nelly Campillay, medianos empresarios de transportes de mi región. Estoy casada con Mauricio y soy madre d...","lower_bound: 9000, upper_bound: 9999","lower_bound: 9000, upper_bound: 9999",CLP,"{""age"":""65+"",""gender"":""female"",""percentage"":0.049403},{""age"":""55-64"",""gender"":""female"",""percentage"":0.123709},{""age"":""45-54"",""gender"":""female"",""percentage"":0.177263},{""age"":""35-44"",""gender"":""female"",""percentage"":0.217959},{""age"":""25-34"",""gender"":""female"",""percentage"":0.431666}","{""region"":""Los R\u00edos Region"",""percentage"":0.02406},{""region"":""Arica y Parinacota Region"",""percentage"":0.013748},{""region"":""Valpara\u00edso Region"",""percentage"":0.107461},{""region"":""Ays\u00e9n Region"",""percentage"":0.00647},{""region"":""Antofagasta Region"",""percentage"":0.038112},{""region"":""Araucan\u00eda Region"",""percentage"":0.062374},{""region"":""Atacama Region"",""percentage"":0.021634},{""region"":""B\u00edo B\u00edo Region"",""percentage"":0.135867},{""region"":""Coquimbo Region"",""percentage"":0.050445},{""region"":""O'Higgins Region"",""percentage"":0.060857},{""region"":""Los Lagos Region"",""percentage"":0.061868},{""region"":""Magallanes y la Ant\u00e1rtica Chilena Region"",""percentage"":0.014355},{""region"":""Maule Region"",""percentage"":0.071068},{""region"":""Santiago Metropolitan Region"",""percentage"":0.308734},{""region"":""Tarapac\u00e1 Region"",""percentage"":0.022948}","facebook,instagram","lower_bound: 1000001",es
578977983426246,669777673091551,"Yasna Provoste Campillay",2021-10-30,2021-10-31,2021-10-31,"Yasna Provoste Campillay","Implementaremos un sistema universal de salas cunas para todoslos niños y niñas, de entre 0 y 2 años de edad, hijos de madres y padres trabajadores, que pertenezcan al sistema de seguridad social, financiado con aportes del Estado y los empleadores. #AhoraNosotras #AhoraYasna","Sistema universal de salas cuna",yasnapresidenta.cl,"SeguirSeguirSeguirSeguir Nací en Vallenar un 16 de diciembre de 1969, comuna de la región de Atacama ubicada a 665 kilómetros al norte de la capital, Santiago. Soy hija de Carlos Provoste y Nelly Campillay, medianos empresarios de transportes de mi región. Estoy casada con Mauricio y soy madre d...","lower_bound: 3000, upper_bound: 3999","lower_bound: 3000, upper_bound: 3499",CLP,"{""age"":""35-44"",""gender"":""female"",""percentage"":0.215276},{""age"":""25-34"",""gender"":""female"",""percentage"":0.514779},{""age"":""45-54"",""gender"":""female"",""percentage"":0.147267},{""age"":""55-64"",""gender"":""female"",""percentage"":0.093905},{""age"":""65+"",""gender"":""female"",""percentage"":0.028773}","{""region"":""Los R\u00edos Region"",""percentage"":0.02513},{""region"":""Arica y Parinacota Region"",""percentage"":0.01943},{""region"":""Valpara\u00edso Region"",""percentage"":0.105959},{""region"":""Ays\u00e9n Region"",""percentage"":0.009845},{""region"":""Antofagasta Region"",""percentage"":0.043782},{""region"":""Araucan\u00eda Region"",""percentage"":0.064249},{""region"":""Atacama Region"",""percentage"":0.019948},{""region"":""B\u00edo B\u00edo Region"",""percentage"":0.117358},{""region"":""Coquimbo Region"",""percentage"":0.053627},{""region"":""O'Higgins Region"",""percentage"":0.053886},{""region"":""Los Lagos Region"",""percentage"":0.060881},{""region"":""Magallanes y la Ant\u00e1rtica Chilena Region"",""percentage"":0.015026},{""region"":""Maule Region"",""percentage"":0.070725},{""region"":""Santiago Metropolitan Region"",""percentage"":0.313731},{""region"":""Tarapac\u00e1 Region"",""percentage"":0.026425}","facebook,instagram","lower_bound: 1000001",es
587216552534300,669777673091551,"Yasna Provoste Campillay",2021-10-30,2021-10-30,2021-10-31,"Yasna Provoste Campillay","El nuevo Código de Aguas, aprobado durante nuestra presidencia del Senado, cambia naturaleza jurídica de derechos de aprovechamiento: son concesiones reguladas en función del interés público, caducables si se especula con ellas o no se usan. Nosotros haremos valer la nueva norma.

Les comparto parte del debate de ayer por el Futuro del Agua en Chile, de La Red.🌿",,,,"lower_bound: 2000, upper_bound: 2999","lower_bound: 2500, upper_bound: 2999",CLP,"{""age"":""45-54"",""gender"":""unknown"",""percentage"":0.001236},{""age"":""55-64"",""gender"":""unknown"",""percentage"":0.000412},{""age"":""25-34"",""gender"":""unknown"",""percentage"":0.001648},{""age"":""65+"",""gender"":""male"",""percentage"":0.014833},{""age"":""55-64"",""gender"":""female"",""percentage"":0.095591},{""age"":""65+"",""gender"":""female"",""percentage"":0.034199},{""age"":""25-34"",""gender"":""male"",""percentage"":0.165225},{""age"":""45-54"",""gender"":""male"",""percentage"":0.068809},{""age"":""25-34"",""gender"":""female"",""percentage"":0.144211},{""age"":""35-44"",""gender"":""male"",""percentage"":0.121137},{""age"":""35-44"",""gender"":""female"",""percentage"":0.189122},{""age"":""45-54"",""gender"":""female"",""percentage"":0.128966},{""age"":""55-64"",""gender"":""male"",""percentage"":0.031314},{""age"":""65+"",""gender"":""unknown"",""percentage"":0.001236},{""age"":""35-44"",""gender"":""unknown"",""percentage"":0.00206}","{""region"":""Los R\u00edos Region"",""percentage"":0.032072},{""region"":""Arica y Parinacota Region"",""percentage"":0.020559},{""region"":""Valpara\u00edso Region"",""percentage"":0.094984},{""region"":""Ays\u00e9n Region"",""percentage"":0.007813},{""region"":""Antofagasta Region"",""percentage"":0.046053},{""region"":""Araucan\u00eda Region"",""percentage"":0.053454},{""region"":""Atacama Region"",""percentage"":0.020148},{""region"":""B\u00edo B\u00edo Region"",""percentage"":0.13898},{""region"":""Coquimbo Region"",""percentage"":0.053043},{""region"":""O'Higgins Region"",""percentage"":0.057977},{""region"":""Los Lagos Region"",""percentage"":0.058799},{""region"":""Magallanes y la Ant\u00e1rtica Chilena Region"",""percentage"":0.019326},{""region"":""Maule Region"",""percentage"":0.068668},{""region"":""Santiago Metropolitan Region"",""percentage"":0.301809},{""region"":""Tarapac\u00e1 Region"",""percentage"":0.026316}","facebook,instagram","lower_bound: 1000001",es
588659642451842,669777673091551,"Yasna Provoste Campillay",2021-10-30,2021-10-30,2021-10-31,"Yasna Provoste Campillay","Una de las mayores gracias del desierto florido es que las semillas se mantienen bajo la tierra, esperando pacientemente a que el cielo riegue estos suelos para florecer. Como un desierto, la política también pareciera que ha ido perdiendo vida. La falta de acuerdos y la perdida de confianzas, tanto en el Gobierno como en la oposición, la han vuelto inerte y seca. Y si bien muchos no creen que haya semillas esperando la lluvia, yo creo que Chile puede volver a florecer.

Comparto con ustedes parte de la #franjaelectoral de hoy. #AhoraYasna","Chile puede florecer",,,"lower_bound: 2000, upper_bound: 2999","lower_bound: 2000, upper_bound: 2499",CLP,"{""age"":""55-64"",""gender"":""unknown"",""percentage"":0.000375},{""age"":""45-54"",""gender"":""unknown"",""percentage"":0.000375},{""age"":""35-44"",""gender"":""unknown"",""percentage"":0.002622},{""age"":""65+"",""gender"":""female"",""percentage"":0.021348},{""age"":""65+"",""gender"":""male"",""percentage"":0.017978},{""age"":""25-34"",""gender"":""female"",""percentage"":0.200375},{""age"":""25-34"",""gender"":""male"",""percentage"":0.224719},{""age"":""45-54"",""gender"":""female"",""percentage"":0.097753},{""age"":""55-64"",""gender"":""male"",""percentage"":0.024345},{""age"":""55-64"",""gender"":""female"",""percentage"":0.065169},{""age"":""45-54"",""gender"":""male"",""percentage"":0.066292},{""age"":""35-44"",""gender"":""female"",""percentage"":0.152809},{""age"":""35-44"",""gender"":""male"",""percentage"":0.123221},{""age"":""25-34"",""gender"":""unknown"",""percentage"":0.001873},{""age"":""65+"",""gender"":""unknown"",""percentage"":0.000749}","{""region"":""Los R\u00edos Region"",""percentage"":0.02484},{""region"":""Arica y Parinacota Region"",""percentage"":0.020324},{""region"":""Valpara\u00edso Region"",""percentage"":0.086187},{""region"":""Ays\u00e9n Region"",""percentage"":0.009785},{""region"":""Antofagasta Region"",""percentage"":0.040271},{""region"":""Araucan\u00eda Region"",""percentage"":0.07866},{""region"":""Atacama Region"",""percentage"":0.025593},{""region"":""B\u00edo B\u00edo Region"",""percentage"":0.12834},{""region"":""Coquimbo Region"",""percentage"":0.042906},{""region"":""O'Higgins Region"",""percentage"":0.071133},{""region"":""Los Lagos Region"",""percentage"":0.080542},{""region"":""Magallanes y la Ant\u00e1rtica Chilena Region"",""percentage"":0.03312},{""region"":""Maule Region"",""percentage"":0.07866},{""region"":""Santiago Metropolitan Region"",""percentage"":0.247648},{""region"":""Tarapac\u00e1 Region"",""percentage"":0.031991}","facebook,instagram","lower_bound: 1000001",es
4351933874919086,669777673091551,"Yasna Provoste Campillay",2021-10-30,2021-10-30,2021-11-01,"Yasna Provoste Campillay","Fortaleceremos el sistema de cuidados ""Chile Cuida"", fomentaremos el envejecimiento activo y saludable, potenciando el importante rol del SENAMA. Por una mejor vejez, #Vota3, vota #AhoraYasna",,,,"lower_bound: 20000, upper_bound: 24999","lower_bound: 15000, upper_bound: 19999",CLP,"{""age"":""65+"",""gender"":""unknown"",""percentage"":0.000157},{""age"":""55-64"",""gender"":""unknown"",""percentage"":0.000105},{""age"":""25-34"",""gender"":""unknown"",""percentage"":0.00194},{""age"":""35-44"",""gender"":""unknown"",""percentage"":0.003355},{""age"":""55-64"",""gender"":""female"",""percentage"":0.076488},{""age"":""35-44"",""gender"":""male"",""percentage"":0.157851},{""age"":""25-34"",""gender"":""male"",""percentage"":0.223801},{""age"":""45-54"",""gender"":""male"",""percentage"":0.083093},{""age"":""35-44"",""gender"":""female"",""percentage"":0.146317},{""age"":""25-34"",""gender"":""female"",""percentage"":0.114758},{""age"":""45-54"",""gender"":""female"",""percentage"":0.103696},{""age"":""65+"",""gender"":""female"",""percentage"":0.024273},{""age"":""65+"",""gender"":""male"",""percentage"":0.020236},{""age"":""55-64"",""gender"":""male"",""percentage"":0.042621},{""age"":""45-54"",""gender"":""unknown"",""percentage"":0.001311}","{""region"":""Los R\u00edos Region"",""percentage"":0.033465},{""region"":""Arica y Parinacota Region"",""percentage"":0.024756},{""region"":""Valpara\u00edso Region"",""percentage"":0.103405},{""region"":""Ays\u00e9n Region"",""percentage"":0.012827},{""region"":""Antofagasta Region"",""percentage"":0.047453},{""region"":""Araucan\u00eda Region"",""percentage"":0.075007},{""region"":""Atacama Region"",""percentage"":0.026023},{""region"":""B\u00edo B\u00edo Region"",""percentage"":0.142043},{""region"":""Coquimbo Region"",""percentage"":0.053154},{""region"":""O'Higgins Region"",""percentage"":0.063447},{""region"":""Los Lagos Region"",""percentage"":0.076485},{""region"":""Magallanes y la Ant\u00e1rtica Chilena Region"",""percentage"":0.030245},{""region"":""Maule Region"",""percentage"":0.07469},{""region"":""Santiago Metropolitan Region"",""percentage"":0.206651},{""region"":""Tarapac\u00e1 Region"",""percentage"":0.030351}","facebook,instagram","lower_bound: 100, upper_bound: 1000",es
299884518414859,669777673091551,"Yasna Provoste Campillay",2021-10-30,2021-10-30,2021-10-31,"Yasna Provoste Campillay","Crearemos un nuevo sistema de pensiones. Todas las personas mayores de 65 años, salvo el 10% de mayores ingresos, recibirán una pensión de $225.000, que se sumará a la que hayan logrado con sus propios ahorros.

Comparto parte de la #franjaelectoral de hoy. #AhoraYasna",,,,"lower_bound: 35000, upper_bound: 39999","lower_bound: 100000, upper_bound: 124999",CLP,"{""age"":""65+"",""gender"":""unknown"",""percentage"":0.000676},{""age"":""35-44"",""gender"":""unknown"",""percentage"":0.002099},{""age"":""45-54"",""gender"":""unknown"",""percentage"":0.000925},{""age"":""55-64"",""gender"":""male"",""percentage"":0.018501},{""age"":""25-34"",""gender"":""male"",""percentage"":0.301359},{""age"":""55-64"",""gender"":""unknown"",""percentage"":0.000356},{""age"":""25-34"",""gender"":""female"",""percentage"":0.282288},{""age"":""35-44"",""gender"":""female"",""percentage"":0.105138},{""age"":""65+"",""gender"":""male"",""percentage"":0.021597},{""age"":""65+"",""gender"":""female"",""percentage"":0.026649},{""age"":""55-64"",""gender"":""female"",""percentage"":0.047072},{""age"":""45-54"",""gender"":""female"",""percentage"":0.065004},{""age"":""35-44"",""gender"":""male"",""percentage"":0.090586},{""age"":""45-54"",""gender"":""male"",""percentage"":0.035437},{""age"":""25-34"",""gender"":""unknown"",""percentage"":0.002313}","{""region"":""Los R\u00edos Region"",""percentage"":0.024828},{""region"":""Arica y Parinacota Region"",""percentage"":0.01507},{""region"":""Valpara\u00edso Region"",""percentage"":0.114817},{""region"":""Ays\u00e9n Region"",""percentage"":0.007481},{""region"":""Antofagasta Region"",""percentage"":0.037152},{""region"":""Araucan\u00eda Region"",""percentage"":0.043151},{""region"":""Atacama Region"",""percentage"":0.017094},{""region"":""B\u00edo B\u00edo Region"",""percentage"":0.133972},{""region"":""Coquimbo Region"",""percentage"":0.045898},{""region"":""O'Higgins Region"",""percentage"":0.053307},{""region"":""Los Lagos Region"",""percentage"":0.046765},{""region"":""Magallanes y la Ant\u00e1rtica Chilena Region"",""percentage"":0.013733},{""region"":""Maule Region"",""percentage"":0.070979},{""region"":""Santiago Metropolitan Region"",""percentage"":0.350343},{""region"":""Tarapac\u00e1 Region"",""percentage"":0.025407}",instagram,"lower_bound: 1000001",es
585504892517183,669777673091551,"Yasna Provoste Campillay",2021-10-30,2021-10-30,2021-11-01,"Yasna Provoste Campillay","El concejal Pablo Jaeger vota por un Chile que recupere la paz, los empleos, con barrios más seguros y salud y educación de calidad para todos y todas.
Para juntos y juntas unir y sanar a Chile, vota Yasna, vota 3. #AhoraYasnaPara juntos y juntas unir y sanar a Chile, vota Yasna, vota 3. #AhoraYasna","Providencia con Yasna",yasnapresidenta.cl,,"lower_bound: 9000, upper_bound: 9999","lower_bound: 35000, upper_bound: 39999",CLP,"{""age"":""45-54"",""gender"":""unknown"",""percentage"":0.0041},{""age"":""65+"",""gender"":""unknown"",""percentage"":0.000776},{""age"":""35-44"",""gender"":""unknown"",""percentage"":0.005762},{""age"":""65+"",""gender"":""male"",""percentage"":0.020058},{""age"":""25-34"",""gender"":""female"",""percentage"":0.161015},{""age"":""55-64"",""gender"":""male"",""percentage"":0.033799},{""age"":""45-54"",""gender"":""female"",""percentage"":0.090204},{""age"":""45-54"",""gender"":""male"",""percentage"":0.067376},{""age"":""35-44"",""gender"":""male"",""percentage"":0.15215},{""age"":""55-64"",""gender"":""female"",""percentage"":0.070922},{""age"":""25-34"",""gender"":""male"",""percentage"":0.194149},{""age"":""35-44"",""gender"":""female"",""percentage"":0.148936},{""age"":""65+"",""gender"":""female"",""percentage"":0.04754},{""age"":""55-64"",""gender"":""unknown"",""percentage"":0.001108},{""age"":""25-34"",""gender"":""unknown"",""percentage"":0.002105}","{""region"":""Santiago Metropolitan Region"",""percentage"":1}","facebook,instagram","lower_bound: 50001, upper_bound: 100000",es
185304850427065,669777673091551,"Yasna Provoste Campillay",2021-10-30,2021-10-30,2021-10-31,"Yasna Provoste Campillay","Nos vamos a jugar por las familias de la clase media y por las familias de sectores más vulnerables, para que vivir en mejores barrios esté al alcance de todo. Crearemos un sistema de seguros, que considerará un subsidio para las familias y personas de menores ingresos, cubriendo obligaciones de salud ante enfermedades extremas de alto costo, pago transitorio de créditos hipotecarios y gastos asociados a la educación de los hijos en circunstancias extremas. #AhoraYasna,Nos vamos a jugar por las familias de la clase media y por las familias de sectores más vulnerables, para que vivir en mejores barrios esté al alcance de todo. Crearemos un sistema de seguros, que considerará un subsidio para las familias y personas de menores ingresos, cubriendo obligaciones de salud ante enfermedades extremas de alto costo, pago transitorio de créditos hipotecarios y gastos asociados a la educación de los hijos en circunstancias extremas. #AhoraYasna","Nos vamos a jugar por las familias de la clase media,Nos vamos a jugar por las familias de la clase media",yasnapresidenta.cl,,"lower_bound: 1000, upper_bound: 1999","lower_bound: 1000, upper_bound: 1499",CLP,"{""age"":""25-34"",""gender"":""unknown"",""percentage"":0.003012},{""age"":""55-64"",""gender"":""male"",""percentage"":0.036898},{""age"":""65+"",""gender"":""male"",""percentage"":0.009036},{""age"":""35-44"",""gender"":""male"",""percentage"":0.091867},{""age"":""35-44"",""gender"":""female"",""percentage"":0.126506},{""age"":""45-54"",""gender"":""female"",""percentage"":0.10241},{""age"":""45-54"",""gender"":""male"",""percentage"":0.055723},{""age"":""25-34"",""gender"":""female"",""percentage"":0.205572},{""age"":""25-34"",""gender"":""male"",""percentage"":0.251506},{""age"":""65+"",""gender"":""female"",""percentage"":0.03012},{""age"":""55-64"",""gender"":""female"",""percentage"":0.08509},{""age"":""35-44"",""gender"":""unknown"",""percentage"":0.002259}","{""region"":""Los R\u00edos Region"",""percentage"":0.033911},{""region"":""Arica y Parinacota Region"",""percentage"":0.025622},{""region"":""Valpara\u00edso Region"",""percentage"":0.107762},{""region"":""Ays\u00e9n Region"",""percentage"":0.01055},{""region"":""Antofagasta Region"",""percentage"":0.043708},{""region"":""Araucan\u00eda Region"",""percentage"":0.074604},{""region"":""Atacama Region"",""percentage"":0.027882},{""region"":""B\u00edo B\u00edo Region"",""percentage"":0.133384},{""region"":""Coquimbo Region"",""percentage"":0.045215},{""region"":""O'Higgins Region"",""percentage"":0.067822},{""region"":""Los Lagos Region"",""percentage"":0.074604},{""region"":""Magallanes y la Ant\u00e1rtica Chilena Region"",""percentage"":0.027882},{""region"":""Maule Region"",""percentage"":0.072344},{""region"":""Santiago Metropolitan Region"",""percentage"":0.237378},{""region"":""Tarapac\u00e1 Region"",""percentage"":0.017332}","facebook,instagram","lower_bound: 1000001",es
623795228654947,669777673091551,"Yasna Provoste Campillay",2021-10-30,2021-10-30,2021-10-31,"Yasna Provoste Campillay","Nosotros hemos marcado con mucha claridad nuestra posición: estamos a favor del cuarto retiro sin letra chica, que ayuda en especial a miles de mujeres, niñas y niños que no reciben sus pensiones de alimentos, y a mujeres que emprenden para salir de la crisis. #AhoraYasna","Estamos a favor del cuarto retiro sin letra chica",yasnapresidenta.cl,,"lower_bound: 0, upper_bound: 999","lower_bound: 300, upper_bound: 399",CLP,"{""age"":""25-34"",""gender"":""unknown"",""percentage"":0.002146},{""age"":""35-44"",""gender"":""unknown"",""percentage"":0.006438},{""age"":""45-54"",""gender"":""unknown"",""percentage"":0.002146},{""age"":""35-44"",""gender"":""female"",""percentage"":0.150215},{""age"":""65+"",""gender"":""male"",""percentage"":0.015021},{""age"":""25-34"",""gender"":""male"",""percentage"":0.255365},{""age"":""25-34"",""gender"":""female"",""percentage"":0.2103},{""age"":""55-64"",""gender"":""male"",""percentage"":0.023605},{""age"":""35-44"",""gender"":""male"",""percentage"":0.111588},{""age"":""45-54"",""gender"":""female"",""percentage"":0.077253},{""age"":""55-64"",""gender"":""female"",""percentage"":0.072961},{""age"":""45-54"",""gender"":""male"",""percentage"":0.04721},{""age"":""65+"",""gender"":""female"",""percentage"":0.025751}","{""region"":""Los R\u00edos Region"",""percentage"":0.027897},{""region"":""Arica y Parinacota Region"",""percentage"":0.023605},{""region"":""Valpara\u00edso Region"",""percentage"":0.085837},{""region"":""Ays\u00e9n Region"",""percentage"":0.01073},{""region"":""Antofagasta Region"",""percentage"":0.051502},{""region"":""Araucan\u00eda Region"",""percentage"":0.075107},{""region"":""Atacama Region"",""percentage"":0.015021},{""region"":""B\u00edo B\u00edo Region"",""percentage"":0.133047},{""region"":""Coquimbo Region"",""percentage"":0.040773},{""region"":""O'Higgins Region"",""percentage"":0.075107},{""region"":""Los Lagos Region"",""percentage"":0.06867},{""region"":""Magallanes y la Ant\u00e1rtica Chilena Region"",""percentage"":0.017167},{""region"":""Maule Region"",""percentage"":0.081545},{""region"":""Santiago Metropolitan Region"",""percentage"":0.276824},{""region"":""Tarapac\u00e1 Region"",""percentage"":0.017167}","facebook,instagram","lower_bound: 1000001",es
1293530547735018,669777673091551,"Yasna Provoste Campillay",2021-10-30,2021-10-30,2021-10-31,"Yasna Provoste Campillay","Que no dependa de la comuna donde uno viva, el rostro el Estado que le toque conocer. Fortaleceremos Chile Crece Contigo, dotándolo de un robusto componente de educación inicial, para que todos los niños y niñas desde los dos años, especialmente de los sectores más vulnerables, puedan desarrollar al máximo sus habilidades socioemocionales y cognitivas, y que no ingresen en desventaja al sistema educacional.  #AhoraYasna,Que no dependa de la comuna donde uno viva, el rostro el Estado que le toque conocer. Fortaleceremos Chile Crece Contigo, dotándolo de un robusto componente de educación inicial, para que todos los niños y niñas desde los dos años, especialmente de los sectores más vulnerables, puedan desarrollar al máximo sus habilidades socioemocionales y cognitivas, y que no ingresen en desventaja al sistema educacional.  #AhoraYasna","La derecha no puede ofrecer nada distinto de lo que ha hecho,La derecha no puede ofrecer nada distinto de lo que ha hecho",yasnapresidenta.cl,,"lower_bound: 0, upper_bound: 999","lower_bound: 600, upper_bound: 699",CLP,"{""age"":""65+"",""gender"":""female"",""percentage"":0.033163},{""age"":""55-64"",""gender"":""male"",""percentage"":0.03699},{""age"":""45-54"",""gender"":""male"",""percentage"":0.044643},{""age"":""25-34"",""gender"":""male"",""percentage"":0.153061},{""age"":""45-54"",""gender"":""female"",""percentage"":0.141582},{""age"":""35-44"",""gender"":""male"",""percentage"":0.100765},{""age"":""35-44"",""gender"":""female"",""percentage"":0.234694},{""age"":""25-34"",""gender"":""female"",""percentage"":0.126276},{""age"":""55-64"",""gender"":""female"",""percentage"":0.105867},{""age"":""65+"",""gender"":""male"",""percentage"":0.020408},{""age"":""35-44"",""gender"":""unknown"",""percentage"":0.002551}","{""region"":""Los R\u00edos Region"",""percentage"":0.044643},{""region"":""Arica y Parinacota Region"",""percentage"":0.010204},{""region"":""Valpara\u00edso Region"",""percentage"":0.109694},{""region"":""Ays\u00e9n Region"",""percentage"":0.015306},{""region"":""Antofagasta Region"",""percentage"":0.044643},{""region"":""Araucan\u00eda Region"",""percentage"":0.053571},{""region"":""Atacama Region"",""percentage"":0.02551},{""region"":""B\u00edo B\u00edo Region"",""percentage"":0.144133},{""region"":""Coquimbo Region"",""percentage"":0.05102},{""region"":""O'Higgins Region"",""percentage"":0.049745},{""region"":""Los Lagos Region"",""percentage"":0.066327},{""region"":""Magallanes y la Ant\u00e1rtica Chilena Region"",""percentage"":0.017857},{""region"":""Maule Region"",""percentage"":0.091837},{""region"":""Santiago Metropolitan Region"",""percentage"":0.243622},{""region"":""Tarapac\u00e1 Region"",""percentage"":0.031888}","facebook,instagram","lower_bound: 1000001",es
3042145736061234,669777673091551,"Yasna Provoste Campillay",2021-10-30,2021-10-30,2021-11-01,"Yasna Provoste Campillay","El Estado requiere una modernización profunda. Algunos creen que modernizar es reducir, pero ese discurso fácil no pasa del slogan populista. Crearemos un fondo de entre 8 y 10 mil millones de dólares para las emergencias de pandemia y post pandemia, para prevenir nuevos brotes y atender retrasos en prestaciones de salud, fortaleciendo la atención primaria, en especial la salud mental. #AhoraYasna","El Estado requiere una modernización profunda",yasnapresidenta.cl,,"lower_bound: 2000, upper_bound: 2999","lower_bound: 1500, upper_bound: 1999",CLP,"{""age"":""55-64"",""gender"":""unknown"",""percentage"":0.000484},{""age"":""35-44"",""gender"":""unknown"",""percentage"":0.000484},{""age"":""25-34"",""gender"":""unknown"",""percentage"":0.000968},{""age"":""65+"",""gender"":""male"",""percentage"":0.021781},{""age"":""65+"",""gender"":""female"",""percentage"":0.041142},{""age"":""45-54"",""gender"":""male"",""percentage"":0.070184},{""age"":""25-34"",""gender"":""female"",""percentage"":0.170862},{""age"":""25-34"",""gender"":""male"",""percentage"":0.210068},{""age"":""35-44"",""gender"":""female"",""percentage"":0.130203},{""age"":""55-64"",""gender"":""female"",""percentage"":0.113262},{""age"":""45-54"",""gender"":""female"",""percentage"":0.11181},{""age"":""55-64"",""gender"":""male"",""percentage"":0.041626},{""age"":""35-44"",""gender"":""male"",""percentage"":0.086157},{""age"":""45-54"",""gender"":""unknown"",""percentage"":0.000968}","{""region"":""Los R\u00edos Region"",""percentage"":0.033125},{""region"":""Arica y Parinacota Region"",""percentage"":0.024964},{""region"":""Valpara\u00edso Region"",""percentage"":0.101776},{""region"":""Ays\u00e9n Region"",""percentage"":0.012482},{""region"":""Antofagasta Region"",""percentage"":0.054249},{""region"":""Araucan\u00eda Region"",""percentage"":0.075852},{""region"":""Atacama Region"",""percentage"":0.022084},{""region"":""B\u00edo B\u00edo Region"",""percentage"":0.137782},{""region"":""Coquimbo Region"",""percentage"":0.045607},{""region"":""O'Higgins Region"",""percentage"":0.05953},{""region"":""Los Lagos Region"",""percentage"":0.072972},{""region"":""Magallanes y la Ant\u00e1rtica Chilena Region"",""percentage"":0.028325},{""region"":""Maule Region"",""percentage"":0.081613},{""region"":""Santiago Metropolitan Region"",""percentage"":0.222276},{""region"":""Tarapac\u00e1 Region"",""percentage"":0.027364}","facebook,instagram","lower_bound: 1000001",es
647213179960194,669777673091551,"Yasna Provoste Campillay",2021-10-30,2021-10-30,2021-10-31,"Yasna Provoste Campillay","Nos vamos a jugar por las familias de la clase media y por las familias de sectores más vulnerables, para que vivir en mejores barrios esté al alcance de todo. Crearemos un sistema de seguros, que considerará un subsidio para las familias y personas de menores ingresos, cubriendo obligaciones de salud ante enfermedades extremas de alto costo, pago transitorio de créditos hipotecarios y gastos asociados a la educación de los hijos en circunstancias extremas. #AhoraYasna,Nos vamos a jugar por las familias de la clase media y por las familias de sectores más vulnerables, para que vivir en mejores barrios esté al alcance de todo. Crearemos un sistema de seguros, que considerará un subsidio para las familias y personas de menores ingresos, cubriendo obligaciones de salud ante enfermedades extremas de alto costo, pago transitorio de créditos hipotecarios y gastos asociados a la educación de los hijos en circunstancias extremas. #AhoraYasna","Nos vamos a jugar por las familias de la clase media,Nos vamos a jugar por las familias de la clase media",yasnapresidenta.cl,,"lower_bound: 2000, upper_bound: 2999","lower_bound: 1500, upper_bound: 1999",CLP,"{""age"":""55-64"",""gender"":""unknown"",""percentage"":0.000449},{""age"":""25-34"",""gender"":""unknown"",""percentage"":0.002246},{""age"":""65+"",""gender"":""female"",""percentage"":0.0292},{""age"":""45-54"",""gender"":""female"",""percentage"":0.124888},{""age"":""55-64"",""gender"":""male"",""percentage"":0.037736},{""age"":""35-44"",""gender"":""male"",""percentage"":0.107817},{""age"":""25-34"",""gender"":""female"",""percentage"":0.150045},{""age"":""25-34"",""gender"":""male"",""percentage"":0.209344},{""age"":""55-64"",""gender"":""female"",""percentage"":0.080863},{""age"":""45-54"",""gender"":""male"",""percentage"":0.06469},{""age"":""35-44"",""gender"":""female"",""percentage"":0.17655},{""age"":""65+"",""gender"":""male"",""percentage"":0.013477},{""age"":""35-44"",""gender"":""unknown"",""percentage"":0.001348},{""age"":""65+"",""gender"":""unknown"",""percentage"":0.000449},{""age"":""45-54"",""gender"":""unknown"",""percentage"":0.000898}","{""region"":""Los R\u00edos Region"",""percentage"":0.029242},{""region"":""Arica y Parinacota Region"",""percentage"":0.019052},{""region"":""Valpara\u00edso Region"",""percentage"":0.112539},{""region"":""Ays\u00e9n Region"",""percentage"":0.009747},{""region"":""Antofagasta Region"",""percentage"":0.054054},{""region"":""Araucan\u00eda Region"",""percentage"":0.060257},{""region"":""Atacama Region"",""percentage"":0.023039},{""region"":""B\u00edo B\u00edo Region"",""percentage"":0.156402},{""region"":""Coquimbo Region"",""percentage"":0.052282},{""region"":""O'Higgins Region"",""percentage"":0.059814},{""region"":""Los Lagos Region"",""percentage"":0.069561},{""region"":""Magallanes y la Ant\u00e1rtica Chilena Region"",""percentage"":0.022596},{""region"":""Maule Region"",""percentage"":0.065574},{""region"":""Santiago Metropolitan Region"",""percentage"":0.238813},{""region"":""Tarapac\u00e1 Region"",""percentage"":0.027027}","facebook,instagram","lower_bound: 1000001",es
4634429339942974,669777673091551,"Yasna Provoste Campillay",2021-10-30,2021-10-30,2021-11-01,"Yasna Provoste Campillay","El concejal Ramón Espinoza vota por un Chile que recupere la paz, los empleos, con barrios más seguros y salud y educación de calidad para todos y todas.
Para juntos y juntas unir y sanar a Chile, vota Yasna, vota 3. #AhoraYasnaPara juntos y juntas unir y sanar a Chile, vota Yasna, vota 3. #AhoraYasna","Frutillar con Yasna",yasnapresidenta.cl,,"lower_bound: 5000, upper_bound: 5999","lower_bound: 40000, upper_bound: 44999",CLP,"{""age"":""65+"",""gender"":""unknown"",""percentage"":0.000185},{""age"":""25-34"",""gender"":""unknown"",""percentage"":0.002034},{""age"":""45-54"",""gender"":""unknown"",""percentage"":0.00111},{""age"":""65+"",""gender"":""female"",""percentage"":0.036619},{""age"":""55-64"",""gender"":""female"",""percentage"":0.086739},{""age"":""25-34"",""gender"":""female"",""percentage"":0.190309},{""age"":""25-34"",""gender"":""male"",""percentage"":0.144812},{""age"":""35-44"",""gender"":""female"",""percentage"":0.169225},{""age"":""35-44"",""gender"":""male"",""percentage"":0.115406},{""age"":""45-54"",""gender"":""male"",""percentage"":0.068615},{""age"":""55-64"",""gender"":""male"",""percentage"":0.039578},{""age"":""35-44"",""gender"":""unknown"",""percentage"":0.001849},{""age"":""45-54"",""gender"":""female"",""percentage"":0.125948},{""age"":""65+"",""gender"":""male"",""percentage"":0.01757}","{""region"":""Unknown"",""percentage"":0.000185},{""region"":""Los Lagos Region"",""percentage"":0.999815}","facebook,instagram","lower_bound: 10001, upper_bound: 50000",es
205011448424297,669777673091551,"Yasna Provoste Campillay",2021-10-29,2021-10-29,2021-10-31,"Yasna Provoste Campillay","El concejal Gustavo Valdebenito vota por un Chile que recupere la paz, los empleos, con barrios más seguros y salud y educación de calidad para todos y todas.
Para juntos y juntas unir y sanar a Chile, vota Yasna, vota 3. #AhoraYasnaPara juntos y juntas unir y sanar a Chile, vota Yasna, vota 3. #AhoraYasna","Nacimiento con Yasna",yasnapresidenta.cl,,"lower_bound: 1000, upper_bound: 1999","lower_bound: 1500, upper_bound: 1999",CLP,"{""age"":""65+"",""gender"":""unknown"",""percentage"":0.000696},{""age"":""25-34"",""gender"":""unknown"",""percentage"":0.001393},{""age"":""35-44"",""gender"":""male"",""percentage"":0.084958},{""age"":""45-54"",""gender"":""female"",""percentage"":0.12883},{""age"":""18-24"",""gender"":""female"",""percentage"":0.090529},{""age"":""35-44"",""gender"":""female"",""percentage"":0.135097},{""age"":""18-24"",""gender"":""male"",""percentage"":0.070334},{""age"":""25-34"",""gender"":""male"",""percentage"":0.12117},{""age"":""55-64"",""gender"":""female"",""percentage"":0.075905},{""age"":""25-34"",""gender"":""female"",""percentage"":0.14415},{""age"":""45-54"",""gender"":""male"",""percentage"":0.071031},{""age"":""35-44"",""gender"":""unknown"",""percentage"":0.001393},{""age"":""55-64"",""gender"":""male"",""percentage"":0.041086},{""age"":""65+"",""gender"":""female"",""percentage"":0.020195},{""age"":""65+"",""gender"":""male"",""percentage"":0.013231}","{""region"":""B\u00edo B\u00edo Region"",""percentage"":1}","facebook,instagram","lower_bound: 10001, upper_bound: 50000",es
2988595904746591,669777673091551,"Yasna Provoste Campillay",2021-10-29,2021-10-30,2021-10-31,"Yasna Provoste Campillay","El concejal Pablo Jaeger vota por un Chile que recupere la paz, los empleos, con barrios más seguros y salud y educación de calidad para todos y todas.
Para juntos y juntas unir y sanar a Chile, vota Yasna, vota 3. #AhoraYasnaPara juntos y juntas unir y sanar a Chile, vota Yasna, vota 3. #AhoraYasna","Providencia con Yasna",yasnapresidenta.cl,,"lower_bound: 6000, upper_bound: 6999","lower_bound: 10000, upper_bound: 14999",CLP,"{""age"":""65+"",""gender"":""unknown"",""percentage"":0.000455},{""age"":""25-34"",""gender"":""male"",""percentage"":0.202303},{""age"":""18-24"",""gender"":""unknown"",""percentage"":0.001212},{""age"":""45-54"",""gender"":""unknown"",""percentage"":0.001364},{""age"":""25-34"",""gender"":""unknown"",""percentage"":0.001212},{""age"":""35-44"",""gender"":""unknown"",""percentage"":0.003485},{""age"":""55-64"",""gender"":""male"",""percentage"":0.023488},{""age"":""35-44"",""gender"":""male"",""percentage"":0.08865},{""age"":""35-44"",""gender"":""female"",""percentage"":0.086074},{""age"":""65+"",""gender"":""male"",""percentage"":0.014699},{""age"":""18-24"",""gender"":""female"",""percentage"":0.14487},{""age"":""18-24"",""gender"":""male"",""percentage"":0.096984},{""age"":""25-34"",""gender"":""female"",""percentage"":0.174572},{""age"":""65+"",""gender"":""female"",""percentage"":0.026519},{""age"":""45-54"",""gender"":""male"",""percentage"":0.039248},{""age"":""55-64"",""gender"":""female"",""percentage"":0.038945},{""age"":""45-54"",""gender"":""female"",""percentage"":0.055008},{""age"":""55-64"",""gender"":""unknown"",""percentage"":0.000909}","{""region"":""Santiago Metropolitan Region"",""percentage"":1}","facebook,instagram","lower_bound: 50001, upper_bound: 100000",es
1088082398675677,669777673091551,"Yasna Provoste Campillay",2021-10-29,2021-10-30,2021-10-31,"Yasna Provoste Campillay","El concejal Ramón Espinoza vota por un Chile que recupere la paz, los empleos, con barrios más seguros y salud y educación de calidad para todos y todas.
Para juntos y juntas unir y sanar a Chile, vota Yasna, vota 3. #AhoraYasnaPara juntos y juntas unir y sanar a Chile, vota Yasna, vota 3. #AhoraYasna","Frutillar con Yasna",yasnapresidenta.cl,,"lower_bound: 3000, upper_bound: 3999","lower_bound: 8000, upper_bound: 8999",CLP,"{""age"":""35-44"",""gender"":""unknown"",""percentage"":0.001112},{""age"":""18-24"",""gender"":""male"",""percentage"":0.076709},{""age"":""65+"",""gender"":""male"",""percentage"":0.008616},{""age"":""45-54"",""gender"":""female"",""percentage"":0.105336},{""age"":""35-44"",""gender"":""male"",""percentage"":0.070317},{""age"":""55-64"",""gender"":""female"",""percentage"":0.072262},{""age"":""25-34"",""gender"":""male"",""percentage"":0.127849},{""age"":""25-34"",""gender"":""female"",""percentage"":0.185381},{""age"":""18-24"",""gender"":""female"",""percentage"":0.127571},{""age"":""55-64"",""gender"":""male"",""percentage"":0.035297},{""age"":""65+"",""gender"":""female"",""percentage"":0.024458},{""age"":""45-54"",""gender"":""male"",""percentage"":0.048082},{""age"":""35-44"",""gender"":""female"",""percentage"":0.114786},{""age"":""25-34"",""gender"":""unknown"",""percentage"":0.001112},{""age"":""18-24"",""gender"":""unknown"",""percentage"":0.000556},{""age"":""45-54"",""gender"":""unknown"",""percentage"":0.000556}","{""region"":""Los Lagos Region"",""percentage"":1}","facebook,instagram","lower_bound: 10001, upper_bound: 50000",es
835562127140538,669777673091551,"Yasna Provoste Campillay",2021-10-29,2021-10-29,2021-11-01,"Yasna Provoste Campillay","Me comprometo a trabajar por un nuevo Chile, donde no importe el apellido, el colegio donde estudiaste o la comuna donde creciste, donde lo que importe sea que todos y todas podamos desarrollar nuestros talentos.

Comparto parte de la #franjaelectoral de hoy. #AhoraYasna.",,,,"lower_bound: 60000, upper_bound: 69999","lower_bound: 150000, upper_bound: 174999",CLP,"{""age"":""65+"",""gender"":""unknown"",""percentage"":0.000139},{""age"":""55-64"",""gender"":""unknown"",""percentage"":0.000116},{""age"":""35-44"",""gender"":""unknown"",""percentage"":0.001068},{""age"":""65+"",""gender"":""male"",""percentage"":0.009477},{""age"":""55-64"",""gender"":""male"",""percentage"":0.007108},{""age"":""65+"",""gender"":""female"",""percentage"":0.010754},{""age"":""25-34"",""gender"":""unknown"",""percentage"":0.002253},{""age"":""55-64"",""gender"":""female"",""percentage"":0.019604},{""age"":""25-34"",""gender"":""male"",""percentage"":0.330205},{""age"":""35-44"",""gender"":""female"",""percentage"":0.093445},{""age"":""35-44"",""gender"":""male"",""percentage"":0.053145},{""age"":""25-34"",""gender"":""female"",""percentage"":0.417147},{""age"":""45-54"",""gender"":""male"",""percentage"":0.015911},{""age"":""45-54"",""gender"":""female"",""percentage"":0.039348},{""age"":""45-54"",""gender"":""unknown"",""percentage"":0.000279}","{""region"":""Los R\u00edos Region"",""percentage"":0.020822},{""region"":""Arica y Parinacota Region"",""percentage"":0.01669},{""region"":""Valpara\u00edso Region"",""percentage"":0.107719},{""region"":""Ays\u00e9n Region"",""percentage"":0.006553},{""region"":""Antofagasta Region"",""percentage"":0.042375},{""region"":""Araucan\u00eda Region"",""percentage"":0.044339},{""region"":""Atacama Region"",""percentage"":0.018083},{""region"":""B\u00edo B\u00edo Region"",""percentage"":0.130574},{""region"":""Coquimbo Region"",""percentage"":0.045617},{""region"":""O'Higgins Region"",""percentage"":0.052741},{""region"":""Los Lagos Region"",""percentage"":0.048837},{""region"":""Magallanes y la Ant\u00e1rtica Chilena Region"",""percentage"":0.014749},{""region"":""Maule Region"",""percentage"":0.069385},{""region"":""Santiago Metropolitan Region"",""percentage"":0.352725},{""region"":""Tarapac\u00e1 Region"",""percentage"":0.028791}",instagram,"lower_bound: 1000001",es
204533388460554,669777673091551,"Yasna Provoste Campillay",2021-10-29,2021-10-29,2021-10-31,"Yasna Provoste Campillay","Nací en Vallenar y soy diaguita, de un pueblo que vive intensamente con el ritmo de la naturaleza. No quiero llegar más alto ni más lejos que nadie, sino más juntos. Hay gente que quiere estar sola en la cumbre, y hay otras como nosotras que preferimos estar juntas en la tierra. 

Juntos y juntas para unir y sanar a Chile. #AhoraYasna

Comparto parte de la #franjaelectoral de hoy. #Vota3","Soy diaguita",,,"lower_bound: 9000, upper_bound: 9999","lower_bound: 25000, upper_bound: 29999",CLP,"{""age"":""65+"",""gender"":""unknown"",""percentage"":0.00101},{""age"":""45-54"",""gender"":""unknown"",""percentage"":0.000144},{""age"":""55-64"",""gender"":""male"",""percentage"":0.006205},{""age"":""45-54"",""gender"":""female"",""percentage"":0.027417},{""age"":""25-34"",""gender"":""male"",""percentage"":0.305051},{""age"":""25-34"",""gender"":""female"",""percentage"":0.458297},{""age"":""35-44"",""gender"":""female"",""percentage"":0.084848},{""age"":""65+"",""gender"":""female"",""percentage"":0.020924},{""age"":""45-54"",""gender"":""male"",""percentage"":0.014574},{""age"":""35-44"",""gender"":""male"",""percentage"":0.049062},{""age"":""55-64"",""gender"":""female"",""percentage"":0.015873},{""age"":""65+"",""gender"":""male"",""percentage"":0.013997},{""age"":""25-34"",""gender"":""unknown"",""percentage"":0.002165},{""age"":""35-44"",""gender"":""unknown"",""percentage"":0.000433}","{""region"":""Los R\u00edos Region"",""percentage"":0.021488},{""region"":""Arica y Parinacota Region"",""percentage"":0.022065},{""region"":""Valpara\u00edso Region"",""percentage"":0.122007},{""region"":""Ays\u00e9n Region"",""percentage"":0.009951},{""region"":""Antofagasta Region"",""percentage"":0.040525},{""region"":""Araucan\u00eda Region"",""percentage"":0.042111},{""region"":""Atacama Region"",""percentage"":0.020046},{""region"":""B\u00edo B\u00edo Region"",""percentage"":0.131958},{""region"":""Coquimbo Region"",""percentage"":0.049322},{""region"":""O'Higgins Region"",""percentage"":0.048601},{""region"":""Los Lagos Region"",""percentage"":0.045717},{""region"":""Magallanes y la Ant\u00e1rtica Chilena Region"",""percentage"":0.016297},{""region"":""Maule Region"",""percentage"":0.06634},{""region"":""Santiago Metropolitan Region"",""percentage"":0.336891},{""region"":""Tarapac\u00e1 Region"",""percentage"":0.02668}",instagram,"lower_bound: 1000001",es
3046429325577992,669777673091551,"Yasna Provoste Campillay",2021-10-29,2021-10-29,2021-11-01,"Yasna Provoste Campillay","Crearemos un nuevo sistema de pensiones. Todas las personas mayores de 65 años, salvo el 10% de mayores ingresos, recibirán una pensión de $225.000, que se sumará a la que hayan logrado con sus propios ahorros.

Comparto parte de la #franjaelectoral de hoy. #AhoraYasna",,,,"lower_bound: 6000, upper_bound: 6999","lower_bound: 15000, upper_bound: 19999",CLP,"{""age"":""45-54"",""gender"":""unknown"",""percentage"":0.000188},{""age"":""55-64"",""gender"":""male"",""percentage"":0.004708},{""age"":""45-54"",""gender"":""male"",""percentage"":0.012994},{""age"":""65+"",""gender"":""female"",""percentage"":0.013748},{""age"":""35-44"",""gender"":""unknown"",""percentage"":0.000942},{""age"":""45-54"",""gender"":""female"",""percentage"":0.041808},{""age"":""35-44"",""gender"":""female"",""percentage"":0.074765},{""age"":""35-44"",""gender"":""male"",""percentage"":0.041243},{""age"":""65+"",""gender"":""male"",""percentage"":0.006026},{""age"":""25-34"",""gender"":""male"",""percentage"":0.317326},{""age"":""55-64"",""gender"":""female"",""percentage"":0.031262},{""age"":""25-34"",""gender"":""female"",""percentage"":0.451789},{""age"":""25-34"",""gender"":""unknown"",""percentage"":0.003202}","{""region"":""Los R\u00edos Region"",""percentage"":0.020148},{""region"":""Arica y Parinacota Region"",""percentage"":0.011215},{""region"":""Valpara\u00edso Region"",""percentage"":0.099791},{""region"":""Ays\u00e9n Region"",""percentage"":0.005702},{""region"":""Antofagasta Region"",""percentage"":0.035735},{""region"":""Araucan\u00eda Region"",""percentage"":0.051131},{""region"":""Atacama Region"",""percentage"":0.014256},{""region"":""B\u00edo B\u00edo Region"",""percentage"":0.135716},{""region"":""Coquimbo Region"",""percentage"":0.050181},{""region"":""O'Higgins Region"",""percentage"":0.051701},{""region"":""Los Lagos Region"",""percentage"":0.041817},{""region"":""Magallanes y la Ant\u00e1rtica Chilena Region"",""percentage"":0.010454},{""region"":""Maule Region"",""percentage"":0.07356},{""region"":""Santiago Metropolitan Region"",""percentage"":0.372743},{""region"":""Tarapac\u00e1 Region"",""percentage"":0.025851}",instagram,"lower_bound: 1000001",es
183989687226671,669777673091551,"Yasna Provoste Campillay",2021-10-29,2021-10-29,2021-10-31,"Yasna Provoste Campillay","Fraternidad, solidaridad y amor al prójimo. Así como la fiesta de Cuasimodo está en el alma de Chile, yo también quiero llevar la esperanza a cada hogar de este país. Juntos y juntas para unir y sanar a Chile.

Comparto parte de la #franjaelectoral de hoy. #AhoraYasna",,,,"lower_bound: 15000, upper_bound: 19999","lower_bound: 50000, upper_bound: 59999",CLP,"{""age"":""13-17"",""gender"":""female"",""percentage"":7.7e-5},{""age"":""65+"",""gender"":""unknown"",""percentage"":0.000154},{""age"":""55-64"",""gender"":""male"",""percentage"":0.00617},{""age"":""45-54"",""gender"":""male"",""percentage"":0.011414},{""age"":""65+"",""gender"":""female"",""percentage"":0.021516},{""age"":""45-54"",""gender"":""female"",""percentage"":0.042801},{""age"":""35-44"",""gender"":""female"",""percentage"":0.109432},{""age"":""25-34"",""gender"":""female"",""percentage"":0.477289},{""age"":""25-34"",""gender"":""male"",""percentage"":0.254878},{""age"":""55-64"",""gender"":""female"",""percentage"":0.020745},{""age"":""35-44"",""gender"":""male"",""percentage"":0.037788},{""age"":""65+"",""gender"":""male"",""percentage"":0.01365},{""age"":""55-64"",""gender"":""unknown"",""percentage"":0.000231},{""age"":""25-34"",""gender"":""unknown"",""percentage"":0.002468},{""age"":""35-44"",""gender"":""unknown"",""percentage"":0.001003},{""age"":""45-54"",""gender"":""unknown"",""percentage"":0.000386}","{""region"":""Los R\u00edos Region"",""percentage"":0.018462},{""region"":""Arica y Parinacota Region"",""percentage"":0.022522},{""region"":""Valpara\u00edso Region"",""percentage"":0.104412},{""region"":""Ays\u00e9n Region"",""percentage"":0.006358},{""region"":""Antofagasta Region"",""percentage"":0.045427},{""region"":""Araucan\u00eda Region"",""percentage"":0.039145},{""region"":""Atacama Region"",""percentage"":0.02122},{""region"":""B\u00edo B\u00edo Region"",""percentage"":0.135361},{""region"":""Coquimbo Region"",""percentage"":0.043282},{""region"":""O'Higgins Region"",""percentage"":0.052245},{""region"":""Los Lagos Region"",""percentage"":0.043205},{""region"":""Magallanes y la Ant\u00e1rtica Chilena Region"",""percentage"":0.017313},{""region"":""Maule Region"",""percentage"":0.075073},{""region"":""Santiago Metropolitan Region"",""percentage"":0.344492},{""region"":""Tarapac\u00e1 Region"",""percentage"":0.031485}",instagram,"lower_bound: 1000001",es
1167863273620017,669777673091551,"Yasna Provoste Campillay",2021-10-29,2021-10-29,2021-11-01,"Yasna Provoste Campillay","Las familias no soportan más la delincuencia y el narcotráfico que se apoderó de los barrios.

Para retomar la paz en nuestros barrios, 3 razones para votar 3:

1. Descabezaremos el narcotráfico desde arriba.
2. Quitaremos las armas de las calles.
3. Potenciaremos el trabajo en conjunto de las policías.

#AhoraYasna",,,,"lower_bound: 45000, upper_bound: 49999","lower_bound: 125000, upper_bound: 149999",CLP,"{""age"":""13-17"",""gender"":""male"",""percentage"":3.2e-5},{""age"":""45-54"",""gender"":""male"",""percentage"":0.016385},{""age"":""25-34"",""gender"":""unknown"",""percentage"":0.00244},{""age"":""25-34"",""gender"":""female"",""percentage"":0.459829},{""age"":""25-34"",""gender"":""male"",""percentage"":0.277628},{""age"":""55-64"",""gender"":""female"",""percentage"":0.020632},{""age"":""45-54"",""gender"":""female"",""percentage"":0.038855},{""age"":""35-44"",""gender"":""female"",""percentage"":0.095522},{""age"":""35-44"",""gender"":""male"",""percentage"":0.04605},{""age"":""13-17"",""gender"":""unknown"",""percentage"":3.2e-5},{""age"":""65+"",""gender"":""male"",""percentage"":0.013723},{""age"":""55-64"",""gender"":""male"",""percentage"":0.005958},{""age"":""65+"",""gender"":""female"",""percentage"":0.020442},{""age"":""35-44"",""gender"":""unknown"",""percentage"":0.001014},{""age"":""55-64"",""gender"":""unknown"",""percentage"":0.00038},{""age"":""65+"",""gender"":""unknown"",""percentage"":0.000412},{""age"":""13-17"",""gender"":""female"",""percentage"":9.5e-5},{""age"":""45-54"",""gender"":""unknown"",""percentage"":0.00057}","{""region"":""Los R\u00edos Region"",""percentage"":0.022565},{""region"":""Arica y Parinacota Region"",""percentage"":0.021799},{""region"":""Valpara\u00edso Region"",""percentage"":0.105451},{""region"":""Ays\u00e9n Region"",""percentage"":0.00683},{""region"":""Antofagasta Region"",""percentage"":0.050651},{""region"":""Araucan\u00eda Region"",""percentage"":0.042225},{""region"":""Atacama Region"",""percentage"":0.021512},{""region"":""B\u00edo B\u00edo Region"",""percentage"":0.131463},{""region"":""Coquimbo Region"",""percentage"":0.04963},{""region"":""O'Higgins Region"",""percentage"":0.051226},{""region"":""Los Lagos Region"",""percentage"":0.047428},{""region"":""Magallanes y la Ant\u00e1rtica Chilena Region"",""percentage"":0.015447},{""region"":""Maule Region"",""percentage"":0.071843},{""region"":""Santiago Metropolitan Region"",""percentage"":0.334004},{""region"":""Tarapac\u00e1 Region"",""percentage"":0.027927}",instagram,"lower_bound: 1000001",es
3040428119548709,669777673091551,"Yasna Provoste Campillay",2021-10-29,2021-10-29,2021-11-01,"Yasna Provoste Campillay","Gianina Figueroa es una pequeña empresaria y conoce las dificultades de emprender siendo mujer. En nuestro gobierno, facilitaremos el acceso a mujeres al financiamiento e instrumentos de fomento para sus pymes. Chile se sana con nosotras. #AhoraYasna

📗 Revisa nuestras propuestas en www.yasnapresidenta.cl/#programa",,,,"lower_bound: 100000, upper_bound: 124999","lower_bound: 350000, upper_bound: 399999",CLP,"{""age"":""13-17"",""gender"":""male"",""percentage"":1.1e-5},{""age"":""45-54"",""gender"":""male"",""percentage"":0.022629},{""age"":""25-34"",""gender"":""unknown"",""percentage"":0.002764},{""age"":""55-64"",""gender"":""unknown"",""percentage"":0.000358},{""age"":""65+"",""gender"":""female"",""percentage"":0.022719},{""age"":""55-64"",""gender"":""male"",""percentage"":0.012613},{""age"":""65+"",""gender"":""male"",""percentage"":0.013251},{""age"":""35-44"",""gender"":""female"",""percentage"":0.132978},{""age"":""35-44"",""gender"":""male"",""percentage"":0.058442},{""age"":""65+"",""gender"":""unknown"",""percentage"":0.000369},{""age"":""55-64"",""gender"":""female"",""percentage"":0.044375},{""age"":""45-54"",""gender"":""female"",""percentage"":0.06791},{""age"":""25-34"",""gender"":""male"",""percentage"":0.223261},{""age"":""25-34"",""gender"":""female"",""percentage"":0.395812},{""age"":""35-44"",""gender"":""unknown"",""percentage"":0.001858},{""age"":""45-54"",""gender"":""unknown"",""percentage"":0.000593},{""age"":""13-17"",""gender"":""female"",""percentage"":5.6e-5}","{""region"":""Los R\u00edos Region"",""percentage"":0.020647},{""region"":""Arica y Parinacota Region"",""percentage"":0.015701},{""region"":""Valpara\u00edso Region"",""percentage"":0.112673},{""region"":""Ays\u00e9n Region"",""percentage"":0.006164},{""region"":""Antofagasta Region"",""percentage"":0.042613},{""region"":""Araucan\u00eda Region"",""percentage"":0.047191},{""region"":""Atacama Region"",""percentage"":0.017018},{""region"":""B\u00edo B\u00edo Region"",""percentage"":0.133254},{""region"":""Coquimbo Region"",""percentage"":0.044343},{""region"":""O'Higgins Region"",""percentage"":0.054829},{""region"":""Los Lagos Region"",""percentage"":0.047872},{""region"":""Magallanes y la Ant\u00e1rtica Chilena Region"",""percentage"":0.013356},{""region"":""Maule Region"",""percentage"":0.069234},{""region"":""Santiago Metropolitan Region"",""percentage"":0.351063},{""region"":""Tarapac\u00e1 Region"",""percentage"":0.024042}",instagram,"lower_bound: 1000001",es
4451790674919599,669777673091551,"Yasna Provoste Campillay",2021-10-29,2021-10-29,2021-10-31,"Yasna Provoste Campillay","Fortaleceremos el sistema de cuidados ""Chile Cuida"", fomentaremos el envejecimiento activo y saludable, potenciando el importante rol del SENAMA. Por una mejor vejez, #Vota3, vota #AhoraYasna",,,,"lower_bound: 80000, upper_bound: 89999","lower_bound: 200000, upper_bound: 249999",CLP,"{""age"":""35-44"",""gender"":""unknown"",""percentage"":0.000919},{""age"":""25-34"",""gender"":""female"",""percentage"":0.466584},{""age"":""55-64"",""gender"":""unknown"",""percentage"":0.000159},{""age"":""13-17"",""gender"":""female"",""percentage"":5.3e-5},{""age"":""65+"",""gender"":""unknown"",""percentage"":0.000619},{""age"":""45-54"",""gender"":""unknown"",""percentage"":0.000371},{""age"":""65+"",""gender"":""male"",""percentage"":0.012854},{""age"":""25-34"",""gender"":""male"",""percentage"":0.284176},{""age"":""55-64"",""gender"":""male"",""percentage"":0.006595},{""age"":""25-34"",""gender"":""unknown"",""percentage"":0.003129},{""age"":""65+"",""gender"":""female"",""percentage"":0.023444},{""age"":""55-64"",""gender"":""female"",""percentage"":0.025248},{""age"":""35-44"",""gender"":""male"",""percentage"":0.042433},{""age"":""35-44"",""gender"":""female"",""percentage"":0.083434},{""age"":""45-54"",""gender"":""female"",""percentage"":0.036404},{""age"":""45-54"",""gender"":""male"",""percentage"":0.013561},{""age"":""13-17"",""gender"":""male"",""percentage"":1.8e-5}","{""region"":""Los R\u00edos Region"",""percentage"":0.02199},{""region"":""Arica y Parinacota Region"",""percentage"":0.018539},{""region"":""Valpara\u00edso Region"",""percentage"":0.109351},{""region"":""Ays\u00e9n Region"",""percentage"":0.007236},{""region"":""Antofagasta Region"",""percentage"":0.048258},{""region"":""Araucan\u00eda Region"",""percentage"":0.043892},{""region"":""Atacama Region"",""percentage"":0.020687},{""region"":""B\u00edo B\u00edo Region"",""percentage"":0.117132},{""region"":""Coquimbo Region"",""percentage"":0.04986},{""region"":""O'Higgins Region"",""percentage"":0.05111},{""region"":""Los Lagos Region"",""percentage"":0.047536},{""region"":""Magallanes y la Ant\u00e1rtica Chilena Region"",""percentage"":0.016743},{""region"":""Maule Region"",""percentage"":0.062079},{""region"":""Santiago Metropolitan Region"",""percentage"":0.355394},{""region"":""Tarapac\u00e1 Region"",""percentage"":0.030194}",instagram,"lower_bound: 1000001",es
5031220806892703,669777673091551,"Yasna Provoste Campillay",2021-10-29,2021-10-29,2021-10-31,"Yasna Provoste Campillay","Una de las mayores gracias del desierto florido es que las semillas se mantienen bajo la tierra, esperando pacientemente a que el cielo riegue estos suelos para florecer. Como un desierto, la política también pareciera que ha ido perdiendo vida. La falta de acuerdos y la perdida de confianzas, tanto en el Gobierno como en la oposición, la han vuelto inerte y seca. Y si bien muchos no creen que haya semillas esperando la lluvia, yo creo que Chile puede volver a florecer.

Comparto con ustedes parte de la #franjaelectoral de hoy. #AhoraYasna","Chile puede florecer",,,"lower_bound: 9000, upper_bound: 9999","lower_bound: 30000, upper_bound: 34999",CLP,"{""age"":""55-64"",""gender"":""male"",""percentage"":0.006854},{""age"":""65+"",""gender"":""male"",""percentage"":0.008272},{""age"":""65+"",""gender"":""female"",""percentage"":0.014654},{""age"":""35-44"",""gender"":""unknown"",""percentage"":0.000945},{""age"":""45-54"",""gender"":""male"",""percentage"":0.015481},{""age"":""25-34"",""gender"":""male"",""percentage"":0.363153},{""age"":""55-64"",""gender"":""female"",""percentage"":0.01749},{""age"":""25-34"",""gender"":""female"",""percentage"":0.419523},{""age"":""35-44"",""gender"":""female"",""percentage"":0.071851},{""age"":""45-54"",""gender"":""female"",""percentage"":0.031907},{""age"":""35-44"",""gender"":""male"",""percentage"":0.046797},{""age"":""25-34"",""gender"":""unknown"",""percentage"":0.002482},{""age"":""55-64"",""gender"":""unknown"",""percentage"":0.000236},{""age"":""65+"",""gender"":""unknown"",""percentage"":0.000355}","{""region"":""Los R\u00edos Region"",""percentage"":0.020096},{""region"":""Arica y Parinacota Region"",""percentage"":0.016866},{""region"":""Valpara\u00edso Region"",""percentage"":0.106459},{""region"":""Ays\u00e9n Region"",""percentage"":0.005502},{""region"":""Antofagasta Region"",""percentage"":0.051435},{""region"":""Araucan\u00eda Region"",""percentage"":0.042225},{""region"":""Atacama Region"",""percentage"":0.018541},{""region"":""B\u00edo B\u00edo Region"",""percentage"":0.119378},{""region"":""Coquimbo Region"",""percentage"":0.04378},{""region"":""O'Higgins Region"",""percentage"":0.044378},{""region"":""Los Lagos Region"",""percentage"":0.051555},{""region"":""Magallanes y la Ant\u00e1rtica Chilena Region"",""percentage"":0.020455},{""region"":""Maule Region"",""percentage"":0.068541},{""region"":""Santiago Metropolitan Region"",""percentage"":0.367225},{""region"":""Tarapac\u00e1 Region"",""percentage"":0.023565}",instagram,"lower_bound: 1000001",es
187738503540714,669777673091551,"Yasna Provoste Campillay",2021-10-29,2021-10-29,2021-11-01,"Yasna Provoste Campillay","Gianina Figueroa es una pequeña empresaria y conoce las dificultades de emprender siendo mujer. En nuestro gobierno, facilitaremos el acceso a mujeres al financiamiento e instrumentos de fomento para sus pymes. Chile se sana con nosotras. #AhoraYasna

📗 Revisa nuestras propuestas en www.yasnapresidenta.cl/#programa",,,,"lower_bound: 50000, upper_bound: 59999","lower_bound: 100000, upper_bound: 124999",CLP,"{""age"":""45-54"",""gender"":""unknown"",""percentage"":0.001857},{""age"":""65+"",""gender"":""unknown"",""percentage"":0.000328},{""age"":""55-64"",""gender"":""male"",""percentage"":0.050435},{""age"":""55-64"",""gender"":""female"",""percentage"":0.113142},{""age"":""45-54"",""gender"":""female"",""percentage"":0.119224},{""age"":""25-34"",""gender"":""female"",""percentage"":0.186046},{""age"":""25-34"",""gender"":""male"",""percentage"":0.171589},{""age"":""65+"",""gender"":""male"",""percentage"":0.020138},{""age"":""45-54"",""gender"":""male"",""percentage"":0.068024},{""age"":""35-44"",""gender"":""female"",""percentage"":0.115473},{""age"":""65+"",""gender"":""female"",""percentage"":0.050362},{""age"":""35-44"",""gender"":""male"",""percentage"":0.096755},{""age"":""25-34"",""gender"":""unknown"",""percentage"":0.002112},{""age"":""55-64"",""gender"":""unknown"",""percentage"":0.001129},{""age"":""35-44"",""gender"":""unknown"",""percentage"":0.003387}","{""region"":""Santiago Metropolitan Region"",""percentage"":1}",facebook,"lower_bound: 100001, upper_bound: 500000",es
426520858987369,669777673091551,"Yasna Provoste Campillay",2021-10-29,2021-10-29,2021-10-31,"Yasna Provoste Campillay","Nuestra propuesta de nuevas pensiones se construye con tres pisos. El primer piso es una Pensión Universal Garantizada de $225.000 para todos los mayores de 65 años, salvo el 10% más rico que se implementará en los primeros seis meses de gobierno. Si usted tiene una pensión producto de su trabajo y ahorro previsional, la seguirá recibiendo y adicionalmente recibirá este aporte.",,yasnapresidenta.cl,,"lower_bound: 20000, upper_bound: 24999","lower_bound: 45000, upper_bound: 49999",CLP,"{""age"":""65+"",""gender"":""unknown"",""percentage"":0.000259},{""age"":""55-64"",""gender"":""unknown"",""percentage"":0.000713},{""age"":""65+"",""gender"":""male"",""percentage"":0.009914},{""age"":""25-34"",""gender"":""unknown"",""percentage"":0.002462},{""age"":""45-54"",""gender"":""female"",""percentage"":0.083069},{""age"":""55-64"",""gender"":""male"",""percentage"":0.02216},{""age"":""25-34"",""gender"":""female"",""percentage"":0.305773},{""age"":""25-34"",""gender"":""male"",""percentage"":0.23534},{""age"":""35-44"",""gender"":""female"",""percentage"":0.147476},{""age"":""55-64"",""gender"":""female"",""percentage"":0.052096},{""age"":""35-44"",""gender"":""male"",""percentage"":0.081514},{""age"":""65+"",""gender"":""female"",""percentage"":0.019504},{""age"":""45-54"",""gender"":""male"",""percentage"":0.035638},{""age"":""45-54"",""gender"":""unknown"",""percentage"":0.001944},{""age"":""35-44"",""gender"":""unknown"",""percentage"":0.002138}","{""region"":""Santiago Metropolitan Region"",""percentage"":1}",facebook,"lower_bound: 100001, upper_bound: 500000",es
919707115301007,669777673091551,"Yasna Provoste Campillay",2021-10-29,2021-10-29,2021-11-01,"Yasna Provoste Campillay","Una de las mayores gracias del desierto florido es que las semillas se mantienen bajo la tierra, esperando pacientemente a que el cielo riegue estos suelos para florecer. Como un desierto, la política también pareciera que ha ido perdiendo vida. La falta de acuerdos y la perdida de confianzas, tanto en el Gobierno como en la oposición, la han vuelto inerte y seca. Y si bien muchos no creen que haya semillas esperando la lluvia, yo creo que Chile puede volver a florecer.

Comparto con ustedes parte de la #franjaelectoral de hoy. #AhoraYasna","Chile puede florecer",,,"lower_bound: 125000, upper_bound: 149999","lower_bound: 300000, upper_bound: 349999",CLP,"{""age"":""55-64"",""gender"":""unknown"",""percentage"":0.000641},{""age"":""65+"",""gender"":""male"",""percentage"":0.012896},{""age"":""65+"",""gender"":""female"",""percentage"":0.030868},{""age"":""35-44"",""gender"":""female"",""percentage"":0.162132},{""age"":""25-34"",""gender"":""male"",""percentage"":0.178125},{""age"":""25-34"",""gender"":""female"",""percentage"":0.216021},{""age"":""35-44"",""gender"":""male"",""percentage"":0.095988},{""age"":""25-34"",""gender"":""unknown"",""percentage"":0.001733},{""age"":""45-54"",""gender"":""female"",""percentage"":0.118109},{""age"":""45-54"",""gender"":""male"",""percentage"":0.060057},{""age"":""55-64"",""gender"":""female"",""percentage"":0.086449},{""age"":""35-44"",""gender"":""unknown"",""percentage"":0.002293},{""age"":""55-64"",""gender"":""male"",""percentage"":0.033352},{""age"":""45-54"",""gender"":""unknown"",""percentage"":0.001105},{""age"":""65+"",""gender"":""unknown"",""percentage"":0.000232}","{""region"":""Santiago Metropolitan Region"",""percentage"":1}",facebook,"lower_bound: 100001, upper_bound: 500000",es
381756623689442,669777673091551,"Yasna Provoste Campillay",2021-10-29,2021-10-29,2021-11-01,"Yasna Provoste Campillay","Nos vamos a jugar por las familias de la clase media y por las familias de sectores más vulnerables, para que vivir en mejores barrios esté al alcance de todo. Crearemos un sistema de seguros, que considerará un subsidio para las familias y personas de menores ingresos, cubriendo obligaciones de salud ante enfermedades extremas de alto costo, pago transitorio de créditos hipotecarios y gastos asociados a la educación de los hijos en circunstancias extremas. #AhoraYasna,Nos vamos a jugar por las familias de la clase media y por las familias de sectores más vulnerables, para que vivir en mejores barrios esté al alcance de todo. Crearemos un sistema de seguros, que considerará un subsidio para las familias y personas de menores ingresos, cubriendo obligaciones de salud ante enfermedades extremas de alto costo, pago transitorio de créditos hipotecarios y gastos asociados a la educación de los hijos en circunstancias extremas. #AhoraYasna","Nos vamos a jugar por las familias de la clase media,Nos vamos a jugar por las familias de la clase media",yasnapresidenta.cl,,"lower_bound: 20000, upper_bound: 24999","lower_bound: 40000, upper_bound: 44999",CLP,"{""age"":""45-54"",""gender"":""unknown"",""percentage"":0.000254},{""age"":""55-64"",""gender"":""unknown"",""percentage"":0.00017},{""age"":""25-34"",""gender"":""unknown"",""percentage"":0.002883},{""age"":""45-54"",""gender"":""female"",""percentage"":0.07003},{""age"":""25-34"",""gender"":""male"",""percentage"":0.263756},{""age"":""25-34"",""gender"":""female"",""percentage"":0.311742},{""age"":""35-44"",""gender"":""male"",""percentage"":0.093938},{""age"":""35-44"",""gender"":""female"",""percentage"":0.139127},{""age"":""65+"",""gender"":""male"",""percentage"":0.00975},{""age"":""35-44"",""gender"":""unknown"",""percentage"":0.001357},{""age"":""55-64"",""gender"":""female"",""percentage"":0.039423},{""age"":""65+"",""gender"":""female"",""percentage"":0.016109},{""age"":""45-54"",""gender"":""male"",""percentage"":0.034506},{""age"":""55-64"",""gender"":""male"",""percentage"":0.016956}","{""region"":""Santiago Metropolitan Region"",""percentage"":1}",facebook,"lower_bound: 100001, upper_bound: 500000",es
471784740771992,669777673091551,"Yasna Provoste Campillay",2021-10-29,2021-10-30,2021-11-01,"Yasna Provoste Campillay","Nosotros hemos marcado con mucha claridad nuestra posición: estamos a favor del cuarto retiro sin letra chica, que ayuda en especial a miles de mujeres, niñas y niños que no reciben sus pensiones de alimentos, y a mujeres que emprenden para salir de la crisis. #AhoraYasna","Estamos a favor del cuarto retiro sin letra chica",yasnapresidenta.cl,,"lower_bound: 70000, upper_bound: 79999","lower_bound: 175000, upper_bound: 199999",CLP,"{""age"":""55-64"",""gender"":""unknown"",""percentage"":0.00053},{""age"":""25-34"",""gender"":""unknown"",""percentage"":0.001974},{""age"":""65+"",""gender"":""male"",""percentage"":0.012208},{""age"":""55-64"",""gender"":""male"",""percentage"":0.031447},{""age"":""35-44"",""gender"":""male"",""percentage"":0.127089},{""age"":""35-44"",""gender"":""female"",""percentage"":0.171129},{""age"":""25-34"",""gender"":""male"",""percentage"":0.201974},{""age"":""45-54"",""gender"":""female"",""percentage"":0.089164},{""age"":""55-64"",""gender"":""female"",""percentage"":0.059162},{""age"":""25-34"",""gender"":""female"",""percentage"":0.218565},{""age"":""45-54"",""gender"":""male"",""percentage"":0.05909},{""age"":""65+"",""gender"":""female"",""percentage"":0.021743},{""age"":""35-44"",""gender"":""unknown"",""percentage"":0.004406},{""age"":""45-54"",""gender"":""unknown"",""percentage"":0.001373},{""age"":""65+"",""gender"":""unknown"",""percentage"":0.000144}","{""region"":""Santiago Metropolitan Region"",""percentage"":1}",facebook,"lower_bound: 100001, upper_bound: 500000",es
1012292535982263,669777673091551,"Yasna Provoste Campillay",2021-10-29,2021-10-29,2021-10-31,"Yasna Provoste Campillay","Crearemos un nuevo sistema de pensiones. Todas las personas mayores de 65 años, salvo el 10% de mayores ingresos, recibirán una pensión de $225.000, que se sumará a la que hayan logrado con sus propios ahorros.

Comparto parte de la #franjaelectoral de hoy. #AhoraYasna",,,,"lower_bound: 50000, upper_bound: 59999","lower_bound: 150000, upper_bound: 174999",CLP,"{""age"":""13-17"",""gender"":""male"",""percentage"":5.6e-5},{""age"":""13-17"",""gender"":""female"",""percentage"":0.000141},{""age"":""55-64"",""gender"":""unknown"",""percentage"":0.001128},{""age"":""55-64"",""gender"":""male"",""percentage"":0.044882},{""age"":""45-54"",""gender"":""male"",""percentage"":0.073074},{""age"":""35-44"",""gender"":""female"",""percentage"":0.284627},{""age"":""65+"",""gender"":""female"",""percentage"":0.075498},{""age"":""65+"",""gender"":""male"",""percentage"":0.040089},{""age"":""35-44"",""gender"":""male"",""percentage"":0.169434},{""age"":""55-64"",""gender"":""female"",""percentage"":0.134758},{""age"":""45-54"",""gender"":""female"",""percentage"":0.170083},{""age"":""45-54"",""gender"":""unknown"",""percentage"":0.001832},{""age"":""65+"",""gender"":""unknown"",""percentage"":0.001015},{""age"":""35-44"",""gender"":""unknown"",""percentage"":0.003383}","{""region"":""Los R\u00edos Region"",""percentage"":0.021917},{""region"":""Arica y Parinacota Region"",""percentage"":0.013998},{""region"":""Valpara\u00edso Region"",""percentage"":0.113967},{""region"":""Ays\u00e9n Region"",""percentage"":0.006872},{""region"":""Antofagasta Region"",""percentage"":0.033511},{""region"":""Araucan\u00eda Region"",""percentage"":0.046379},{""region"":""Atacama Region"",""percentage"":0.016826},{""region"":""B\u00edo B\u00edo Region"",""percentage"":0.123696},{""region"":""Coquimbo Region"",""percentage"":0.042702},{""region"":""O'Higgins Region"",""percentage"":0.054636},{""region"":""Los Lagos Region"",""percentage"":0.049348},{""region"":""Magallanes y la Ant\u00e1rtica Chilena Region"",""percentage"":0.012104},{""region"":""Maule Region"",""percentage"":0.070049},{""region"":""Santiago Metropolitan Region"",""percentage"":0.370832},{""region"":""Tarapac\u00e1 Region"",""percentage"":0.023161}",instagram,"lower_bound: 1000001",es
425831989258609,669777673091551,"Yasna Provoste Campillay",2021-10-29,2021-10-29,2021-10-29,"Yasna Provoste Campillay","Nuestra propuesta de nuevas pensiones se construye con tres pisos. El primer piso es una Pensión Universal Garantizada de $225.000 para todos los mayores de 65 años, salvo el 10% más rico que se implementará en los primeros seis meses de gobierno. Si usted tiene una pensión producto de su trabajo y ahorro previsional, la seguirá recibiendo y adicionalmente recibirá este aporte.",,yasnapresidenta.cl,,"lower_bound: 0, upper_bound: 999","lower_bound: 0, upper_bound: 99",CLP,,,facebook,"lower_bound: 100001, upper_bound: 500000",es
399684481816671,669777673091551,"Yasna Provoste Campillay",2021-10-29,2021-10-29,2021-10-29,"Yasna Provoste Campillay","Gianina Figueroa es una pequeña empresaria y conoce las dificultades de emprender siendo mujer. En nuestro gobierno, facilitaremos el acceso a mujeres al financiamiento e instrumentos de fomento para sus pymes. Chile se sana con nosotras. #AhoraYasna

📗 Revisa nuestras propuestas en www.yasnapresidenta.cl/#programa",,,,"lower_bound: 0, upper_bound: 999","lower_bound: 0, upper_bound: 99",CLP,,,facebook,"lower_bound: 100001, upper_bound: 500000",es
226916376049945,669777673091551,"Yasna Provoste Campillay",2021-10-29,2021-10-29,2021-10-29,"Yasna Provoste Campillay","Una de las mayores gracias del desierto florido es que las semillas se mantienen bajo la tierra, esperando pacientemente a que el cielo riegue estos suelos para florecer. Como un desierto, la política también pareciera que ha ido perdiendo vida. La falta de acuerdos y la perdida de confianzas, tanto en el Gobierno como en la oposición, la han vuelto inerte y seca. Y si bien muchos no creen que haya semillas esperando la lluvia, yo creo que Chile puede volver a florecer.

Comparto con ustedes parte de la #franjaelectoral de hoy. #AhoraYasna","Chile puede florecer",,,"lower_bound: 0, upper_bound: 999","lower_bound: 0, upper_bound: 99",CLP,,,facebook,"lower_bound: 100001, upper_bound: 500000",es
947930465806941,669777673091551,"Yasna Provoste Campillay",2021-10-29,2021-10-29,2021-10-31,"Yasna Provoste Campillay","Una de las mayores gracias del desierto florido es que las semillas se mantienen bajo la tierra, esperando pacientemente a que el cielo riegue estos suelos para florecer. Como un desierto, la política también pareciera que ha ido perdiendo vida. La falta de acuerdos y la perdida de confianzas, tanto en el Gobierno como en la oposición, la han vuelto inerte y seca. Y si bien muchos no creen que haya semillas esperando la lluvia, yo creo que Chile puede volver a florecer.

Comparto con ustedes parte de la #franjaelectoral de hoy. #AhoraYasna","Chile puede florecer",,,"lower_bound: 100000, upper_bound: 124999","lower_bound: 250000, upper_bound: 299999",CLP,"{""age"":""35-44"",""gender"":""unknown"",""percentage"":0.004835},{""age"":""55-64"",""gender"":""unknown"",""percentage"":0.001579},{""age"":""35-44"",""gender"":""male"",""percentage"":0.154176},{""age"":""55-64"",""gender"":""male"",""percentage"":0.071189},{""age"":""65+"",""gender"":""female"",""percentage"":0.072059},{""age"":""35-44"",""gender"":""female"",""percentage"":0.208249},{""age"":""45-54"",""gender"":""male"",""percentage"":0.102811},{""age"":""45-54"",""gender"":""female"",""percentage"":0.184202},{""age"":""65+"",""gender"":""male"",""percentage"":0.031058},{""age"":""55-64"",""gender"":""female"",""percentage"":0.166651},{""age"":""45-54"",""gender"":""unknown"",""percentage"":0.002772},{""age"":""65+"",""gender"":""unknown"",""percentage"":0.000419}","{""region"":""Santiago Metropolitan Region"",""percentage"":1}",facebook,"lower_bound: 100001, upper_bound: 500000",es
1029106307872029,669777673091551,"Yasna Provoste Campillay",2021-10-29,2021-10-29,2021-10-31,"Yasna Provoste Campillay","Nuestra propuesta de nuevas pensiones se construye con tres pisos. El primer piso es una Pensión Universal Garantizada de $225.000 para todos los mayores de 65 años, salvo el 10% más rico que se implementará en los primeros seis meses de gobierno. Si usted tiene una pensión producto de su trabajo y ahorro previsional, la seguirá recibiendo y adicionalmente recibirá este aporte.",,yasnapresidenta.cl,,"lower_bound: 35000, upper_bound: 39999","lower_bound: 80000, upper_bound: 89999",CLP,"{""age"":""65+"",""gender"":""unknown"",""percentage"":0.000482},{""age"":""65+"",""gender"":""male"",""percentage"":0.024212},{""age"":""65+"",""gender"":""female"",""percentage"":0.062547},{""age"":""45-54"",""gender"":""female"",""percentage"":0.179876},{""age"":""35-44"",""gender"":""male"",""percentage"":0.185973},{""age"":""45-54"",""gender"":""male"",""percentage"":0.095574},{""age"":""35-44"",""gender"":""female"",""percentage"":0.260494},{""age"":""55-64"",""gender"":""male"",""percentage"":0.053116},{""age"":""55-64"",""gender"":""female"",""percentage"":0.128865},{""age"":""35-44"",""gender"":""unknown"",""percentage"":0.005132},{""age"":""45-54"",""gender"":""unknown"",""percentage"":0.002369},{""age"":""55-64"",""gender"":""unknown"",""percentage"":0.00136}","{""region"":""Santiago Metropolitan Region"",""percentage"":1}",facebook,"lower_bound: 100001, upper_bound: 500000",es
258772986205763,669777673091551,"Yasna Provoste Campillay",2021-10-28,2021-10-29,2021-10-30,"Yasna Provoste Campillay","El concejal Gustavo Valdebenito vota por un Chile que recupere la paz, los empleos, con barrios más seguros y salud y educación de calidad para todos y todas.
Para juntos y juntas unir y sanar a Chile, vota Yasna, vota 3. #AhoraYasnaPara juntos y juntas unir y sanar a Chile, vota Yasna, vota 3. #AhoraYasna","Nacimiento con Yasna",yasnapresidenta.cl,,"lower_bound: 0, upper_bound: 999","lower_bound: 300, upper_bound: 399",CLP,"{""age"":""65+"",""gender"":""male"",""percentage"":0.00295},{""age"":""55-64"",""gender"":""male"",""percentage"":0.029499},{""age"":""25-34"",""gender"":""female"",""percentage"":0.20944},{""age"":""45-54"",""gender"":""male"",""percentage"":0.079646},{""age"":""35-44"",""gender"":""female"",""percentage"":0.103245},{""age"":""25-34"",""gender"":""male"",""percentage"":0.185841},{""age"":""35-44"",""gender"":""male"",""percentage"":0.073746},{""age"":""18-24"",""gender"":""female"",""percentage"":0.103245},{""age"":""18-24"",""gender"":""male"",""percentage"":0.085546},{""age"":""45-54"",""gender"":""female"",""percentage"":0.076696},{""age"":""55-64"",""gender"":""female"",""percentage"":0.041298},{""age"":""65+"",""gender"":""female"",""percentage"":0.00885}","{""region"":""B\u00edo B\u00edo Region"",""percentage"":1}","facebook,instagram","lower_bound: 10001, upper_bound: 50000",es
404402071224023,669777673091551,"Yasna Provoste Campillay",2021-10-28,2021-10-29,2021-10-31,"Yasna Provoste Campillay","Nuestra propuesta de nuevas pensiones se construye con tres pisos. El primer piso es una Pensión Universal Garantizada de $225.000 para todos los mayores de 65 años, salvo el 10% más rico que se implementará en los primeros seis meses de gobierno. Si usted tiene una pensión producto de su trabajo y ahorro previsional, la seguirá recibiendo y adicionalmente recibirá este aporte.",,yasnapresidenta.cl,,"lower_bound: 90000, upper_bound: 99999","lower_bound: 80000, upper_bound: 89999",CLP,"{""age"":""65+"",""gender"":""unknown"",""percentage"":0.000401},{""age"":""35-44"",""gender"":""unknown"",""percentage"":0.004587},{""age"":""55-64"",""gender"":""unknown"",""percentage"":0.000506},{""age"":""55-64"",""gender"":""male"",""percentage"":0.057224},{""age"":""45-54"",""gender"":""female"",""percentage"":0.167539},{""age"":""45-54"",""gender"":""male"",""percentage"":0.108797},{""age"":""65+"",""gender"":""male"",""percentage"":0.023563},{""age"":""35-44"",""gender"":""female"",""percentage"":0.287551},{""age"":""55-64"",""gender"":""female"",""percentage"":0.10646},{""age"":""35-44"",""gender"":""male"",""percentage"":0.205177},{""age"":""65+"",""gender"":""female"",""percentage"":0.036277},{""age"":""45-54"",""gender"":""unknown"",""percentage"":0.001919}","{""region"":""Los R\u00edos Region"",""percentage"":0.032574},{""region"":""Arica y Parinacota Region"",""percentage"":0.019135},{""region"":""Valpara\u00edso Region"",""percentage"":0.110645},{""region"":""Ays\u00e9n Region"",""percentage"":0.009998},{""region"":""Antofagasta Region"",""percentage"":0.038356},{""region"":""Araucan\u00eda Region"",""percentage"":0.079052},{""region"":""Atacama Region"",""percentage"":0.022387},{""region"":""B\u00edo B\u00edo Region"",""percentage"":0.152528},{""region"":""Coquimbo Region"",""percentage"":0.050435},{""region"":""O'Higgins Region"",""percentage"":0.063324},{""region"":""Los Lagos Region"",""percentage"":0.074543},{""region"":""Magallanes y la Ant\u00e1rtica Chilena Region"",""percentage"":0.019944},{""region"":""Maule Region"",""percentage"":0.08485},{""region"":""Santiago Metropolitan Region"",""percentage"":0.214819},{""region"":""Tarapac\u00e1 Region"",""percentage"":0.027412}","facebook,instagram","lower_bound: 1000001",
561735288252514,669777673091551,"Yasna Provoste Campillay",2021-10-28,2021-10-29,2021-10-31,"Yasna Provoste Campillay","Una de las mayores gracias del desierto florido es que las semillas se mantienen bajo la tierra, esperando pacientemente a que el cielo riegue estos suelos para florecer. Como un desierto, la política también pareciera que ha ido perdiendo vida. La falta de acuerdos y la perdida de confianzas, tanto en el Gobierno como en la oposición, la han vuelto inerte y seca. Y si bien muchos no creen que haya semillas esperando la lluvia, yo creo que Chile puede volver a florecer.

Comparto con ustedes parte de la #franjaelectoral de hoy. #AhoraYasna","Chile puede florecer",,,"lower_bound: 600000, upper_bound: 699999","lower_bound: 600000, upper_bound: 699999",CLP,"{""age"":""65+"",""gender"":""unknown"",""percentage"":0.000311},{""age"":""45-54"",""gender"":""unknown"",""percentage"":0.001479},{""age"":""45-54"",""gender"":""male"",""percentage"":0.129258},{""age"":""65+"",""gender"":""male"",""percentage"":0.026132},{""age"":""65+"",""gender"":""female"",""percentage"":0.043155},{""age"":""45-54"",""gender"":""female"",""percentage"":0.175588},{""age"":""55-64"",""gender"":""female"",""percentage"":0.127682},{""age"":""35-44"",""gender"":""male"",""percentage"":0.185774},{""age"":""55-64"",""gender"":""male"",""percentage"":0.0718},{""age"":""35-44"",""gender"":""female"",""percentage"":0.235488},{""age"":""35-44"",""gender"":""unknown"",""percentage"":0.002796},{""age"":""55-64"",""gender"":""unknown"",""percentage"":0.000537}","{""region"":""Los R\u00edos Region"",""percentage"":0.030838},{""region"":""Arica y Parinacota Region"",""percentage"":0.016746},{""region"":""Valpara\u00edso Region"",""percentage"":0.101268},{""region"":""Ays\u00e9n Region"",""percentage"":0.009852},{""region"":""Antofagasta Region"",""percentage"":0.042104},{""region"":""Araucan\u00eda Region"",""percentage"":0.074352},{""region"":""Atacama Region"",""percentage"":0.021241},{""region"":""B\u00edo B\u00edo Region"",""percentage"":0.148884},{""region"":""Coquimbo Region"",""percentage"":0.04981},{""region"":""O'Higgins Region"",""percentage"":0.063574},{""region"":""Los Lagos Region"",""percentage"":0.071461},{""region"":""Magallanes y la Ant\u00e1rtica Chilena Region"",""percentage"":0.01847},{""region"":""Maule Region"",""percentage"":0.085666},{""region"":""Santiago Metropolitan Region"",""percentage"":0.241557},{""region"":""Tarapac\u00e1 Region"",""percentage"":0.024177}","facebook,instagram","lower_bound: 1000001",es
4726489644036998,669777673091551,"Yasna Provoste Campillay",2021-10-28,2021-10-29,2021-10-30,"Yasna Provoste Campillay","Nuestra propuesta de nuevas pensiones se construye con tres pisos. El primer piso es una Pensión Universal Garantizada de $225.000 para todos los mayores de 65 años, salvo el 10% más rico que se implementará en los primeros seis meses de gobierno. Si usted tiene una pensión producto de su trabajo y ahorro previsional, la seguirá recibiendo y adicionalmente recibirá este aporte.",,yasnapresidenta.cl,,"lower_bound: 0, upper_bound: 999","lower_bound: 200, upper_bound: 299",CLP,"{""age"":""65+"",""gender"":""unknown"",""percentage"":0.006154},{""age"":""35-44"",""gender"":""unknown"",""percentage"":0.006154},{""age"":""55-64"",""gender"":""male"",""percentage"":0.049231},{""age"":""65+"",""gender"":""female"",""percentage"":0.033846},{""age"":""35-44"",""gender"":""male"",""percentage"":0.196923},{""age"":""35-44"",""gender"":""female"",""percentage"":0.344615},{""age"":""55-64"",""gender"":""female"",""percentage"":0.070769},{""age"":""45-54"",""gender"":""male"",""percentage"":0.113846},{""age"":""45-54"",""gender"":""female"",""percentage"":0.16},{""age"":""65+"",""gender"":""male"",""percentage"":0.018462}","{""region"":""Los R\u00edos Region"",""percentage"":0.030769},{""region"":""Arica y Parinacota Region"",""percentage"":0.021538},{""region"":""Valpara\u00edso Region"",""percentage"":0.089231},{""region"":""Ays\u00e9n Region"",""percentage"":0.018462},{""region"":""Antofagasta Region"",""percentage"":0.024615},{""region"":""Araucan\u00eda Region"",""percentage"":0.113846},{""region"":""Atacama Region"",""percentage"":0.043077},{""region"":""B\u00edo B\u00edo Region"",""percentage"":0.123077},{""region"":""Coquimbo Region"",""percentage"":0.046154},{""region"":""O'Higgins Region"",""percentage"":0.052308},{""region"":""Los Lagos Region"",""percentage"":0.055385},{""region"":""Magallanes y la Ant\u00e1rtica Chilena Region"",""percentage"":0.018462},{""region"":""Maule Region"",""percentage"":0.086154},{""region"":""Santiago Metropolitan Region"",""percentage"":0.258462},{""region"":""Tarapac\u00e1 Region"",""percentage"":0.018462}","facebook,instagram","lower_bound: 1000001",es
6916017231745372,669777673091551,"Yasna Provoste Campillay",2021-10-28,2021-10-29,2021-10-31,"Yasna Provoste Campillay","Gianina Figueroa es una pequeña empresaria y conoce las dificultades de emprender siendo mujer. En nuestro gobierno, facilitaremos el acceso a mujeres al financiamiento e instrumentos de fomento para sus pymes. Chile se sana con nosotras. #AhoraYasna

📗 Revisa nuestras propuestas en www.yasnapresidenta.cl/#programa",,,,"lower_bound: 40000, upper_bound: 44999","lower_bound: 35000, upper_bound: 39999",CLP,"{""age"":""65+"",""gender"":""unknown"",""percentage"":0.000345},{""age"":""45-54"",""gender"":""female"",""percentage"":0.189297},{""age"":""35-44"",""gender"":""male"",""percentage"":0.190284},{""age"":""35-44"",""gender"":""female"",""percentage"":0.201332},{""age"":""65+"",""gender"":""female"",""percentage"":0.044439},{""age"":""45-54"",""gender"":""male"",""percentage"":0.137065},{""age"":""55-64"",""gender"":""male"",""percentage"":0.072503},{""age"":""55-64"",""gender"":""female"",""percentage"":0.133021},{""age"":""65+"",""gender"":""male"",""percentage"":0.028607},{""age"":""35-44"",""gender"":""unknown"",""percentage"":0.002022},{""age"":""55-64"",""gender"":""unknown"",""percentage"":0.000395},{""age"":""45-54"",""gender"":""unknown"",""percentage"":0.000691}","{""region"":""Los R\u00edos Region"",""percentage"":0.041098},{""region"":""Arica y Parinacota Region"",""percentage"":0.015678},{""region"":""Valpara\u00edso Region"",""percentage"":0.090801},{""region"":""Ays\u00e9n Region"",""percentage"":0.013848},{""region"":""Antofagasta Region"",""percentage"":0.034768},{""region"":""Araucan\u00eda Region"",""percentage"":0.086944},{""region"":""Atacama Region"",""percentage"":0.024382},{""region"":""B\u00edo B\u00edo Region"",""percentage"":0.160237},{""region"":""Coquimbo Region"",""percentage"":0.048071},{""region"":""O'Higgins Region"",""percentage"":0.059496},{""region"":""Los Lagos Region"",""percentage"":0.095054},{""region"":""Magallanes y la Ant\u00e1rtica Chilena Region"",""percentage"":0.028338},{""region"":""Maule Region"",""percentage"":0.083729},{""region"":""Santiago Metropolitan Region"",""percentage"":0.189664},{""region"":""Tarapac\u00e1 Region"",""percentage"":0.027893}","facebook,instagram","lower_bound: 1000001",es
594153375113276,669777673091551,"Yasna Provoste Campillay",2021-10-28,2021-10-29,2021-10-30,"Yasna Provoste Campillay","Gianina Figueroa es una pequeña empresaria y conoce las dificultades de emprender siendo mujer. En nuestro gobierno, facilitaremos el acceso a mujeres al financiamiento e instrumentos de fomento para sus pymes. Chile se sana con nosotras. #AhoraYasna

📗 Revisa nuestras propuestas en www.yasnapresidenta.cl/#programa",,,,"lower_bound: 7000, upper_bound: 7999","lower_bound: 20000, upper_bound: 24999",CLP,"{""age"":""13-17"",""gender"":""female"",""percentage"":0.000141},{""age"":""65+"",""gender"":""unknown"",""percentage"":0.001267},{""age"":""45-54"",""gender"":""unknown"",""percentage"":0.002252},{""age"":""35-44"",""gender"":""unknown"",""percentage"":0.004504},{""age"":""65+"",""gender"":""male"",""percentage"":0.036735},{""age"":""55-64"",""gender"":""female"",""percentage"":0.13019},{""age"":""55-64"",""gender"":""male"",""percentage"":0.04152},{""age"":""35-44"",""gender"":""male"",""percentage"":0.158621},{""age"":""35-44"",""gender"":""female"",""percentage"":0.297818},{""age"":""45-54"",""gender"":""male"",""percentage"":0.063758},{""age"":""45-54"",""gender"":""female"",""percentage"":0.178888},{""age"":""65+"",""gender"":""female"",""percentage"":0.083462},{""age"":""55-64"",""gender"":""unknown"",""percentage"":0.000563},{""age"":""13-17"",""gender"":""unknown"",""percentage"":0.000141},{""age"":""13-17"",""gender"":""male"",""percentage"":0.000141}","{""region"":""Los R\u00edos Region"",""percentage"":0.017751},{""region"":""Arica y Parinacota Region"",""percentage"":0.014511},{""region"":""Valpara\u00edso Region"",""percentage"":0.110031},{""region"":""Ays\u00e9n Region"",""percentage"":0.005917},{""region"":""Antofagasta Region"",""percentage"":0.036489},{""region"":""Araucan\u00eda Region"",""percentage"":0.046492},{""region"":""Atacama Region"",""percentage"":0.012821},{""region"":""B\u00edo B\u00edo Region"",""percentage"":0.130037},{""region"":""Coquimbo Region"",""percentage"":0.035503},{""region"":""O'Higgins Region"",""percentage"":0.056636},{""region"":""Los Lagos Region"",""percentage"":0.045506},{""region"":""Magallanes y la Ant\u00e1rtica Chilena Region"",""percentage"":0.011412},{""region"":""Maule Region"",""percentage"":0.063962},{""region"":""Santiago Metropolitan Region"",""percentage"":0.389405},{""region"":""Tarapac\u00e1 Region"",""percentage"":0.023528}",instagram,"lower_bound: 1000001",es
671910240459099,669777673091551,"Yasna Provoste Campillay",2021-10-28,2021-10-28,2021-10-30,"Yasna Provoste Campillay","Me comprometo a trabajar por un nuevo Chile, donde no importe el apellido, el colegio donde estudiaste o la comuna donde creciste, donde lo que importe sea que todos y todas podamos desarrollar nuestros talentos.

Comparto parte de la #franjaelectoral de hoy. #AhoraYasna.",,,,"lower_bound: 25000, upper_bound: 29999","lower_bound: 80000, upper_bound: 89999",CLP,"{""age"":""55-64"",""gender"":""female"",""percentage"":0.08077},{""age"":""45-54"",""gender"":""male"",""percentage"":0.076244},{""age"":""35-44"",""gender"":""female"",""percentage"":0.341756},{""age"":""35-44"",""gender"":""male"",""percentage"":0.234532},{""age"":""65+"",""gender"":""female"",""percentage"":0.041747},{""age"":""45-54"",""gender"":""female"",""percentage"":0.147126},{""age"":""65+"",""gender"":""male"",""percentage"":0.03643},{""age"":""45-54"",""gender"":""unknown"",""percentage"":0.001274},{""age"":""55-64"",""gender"":""male"",""percentage"":0.036166},{""age"":""35-44"",""gender"":""unknown"",""percentage"":0.0029},{""age"":""13-17"",""gender"":""male"",""percentage"":8.8e-5},{""age"":""13-17"",""gender"":""female"",""percentage"":8.8e-5},{""age"":""55-64"",""gender"":""unknown"",""percentage"":0.000483},{""age"":""65+"",""gender"":""unknown"",""percentage"":0.000396}","{""region"":""Los R\u00edos Region"",""percentage"":0.020681},{""region"":""Arica y Parinacota Region"",""percentage"":0.014596},{""region"":""Valpara\u00edso Region"",""percentage"":0.115619},{""region"":""Ays\u00e9n Region"",""percentage"":0.007629},{""region"":""Antofagasta Region"",""percentage"":0.039818},{""region"":""Araucan\u00eda Region"",""percentage"":0.047579},{""region"":""Atacama Region"",""percentage"":0.016404},{""region"":""B\u00edo B\u00edo Region"",""percentage"":0.13674},{""region"":""Coquimbo Region"",""percentage"":0.043081},{""region"":""O'Higgins Region"",""percentage"":0.055296},{""region"":""Los Lagos Region"",""percentage"":0.04996},{""region"":""Magallanes y la Ant\u00e1rtica Chilena Region"",""percentage"":0.013581},{""region"":""Maule Region"",""percentage"":0.07364},{""region"":""Santiago Metropolitan Region"",""percentage"":0.339977},{""region"":""Tarapac\u00e1 Region"",""percentage"":0.025399}",instagram,"lower_bound: 1000001",es
410174130680492,669777673091551,"Yasna Provoste Campillay",2021-10-28,2021-10-28,2021-10-30,"Yasna Provoste Campillay","Fortaleceremos el sistema de cuidados ""Chile Cuida"", fomentaremos el envejecimiento activo y saludable, potenciando el importante rol del SENAMA. Por una mejor vejez, #Vota3, vota #AhoraYasna",,,,"lower_bound: 20000, upper_bound: 24999","lower_bound: 70000, upper_bound: 79999",CLP,"{""age"":""65+"",""gender"":""unknown"",""percentage"":0.002247},{""age"":""35-44"",""gender"":""unknown"",""percentage"":0.00547},{""age"":""45-54"",""gender"":""male"",""percentage"":0.071303},{""age"":""65+"",""gender"":""male"",""percentage"":0.051328},{""age"":""55-64"",""gender"":""male"",""percentage"":0.033161},{""age"":""35-44"",""gender"":""female"",""percentage"":0.283112},{""age"":""45-54"",""gender"":""female"",""percentage"":0.141629},{""age"":""35-44"",""gender"":""male"",""percentage"":0.227144},{""age"":""55-64"",""gender"":""female"",""percentage"":0.100996},{""age"":""45-54"",""gender"":""unknown"",""percentage"":0.002002},{""age"":""65+"",""gender"":""female"",""percentage"":0.080582},{""age"":""55-64"",""gender"":""unknown"",""percentage"":0.000635},{""age"":""13-17"",""gender"":""unknown"",""percentage"":4.9e-5},{""age"":""13-17"",""gender"":""female"",""percentage"":0.000195},{""age"":""13-17"",""gender"":""male"",""percentage"":0.000147}","{""region"":""Los R\u00edos Region"",""percentage"":0.022873},{""region"":""Arica y Parinacota Region"",""percentage"":0.013635},{""region"":""Valpara\u00edso Region"",""percentage"":0.113625},{""region"":""Ays\u00e9n Region"",""percentage"":0.006472},{""region"":""Antofagasta Region"",""percentage"":0.038781},{""region"":""Araucan\u00eda Region"",""percentage"":0.047574},{""region"":""Atacama Region"",""percentage"":0.017143},{""region"":""B\u00edo B\u00edo Region"",""percentage"":0.116243},{""region"":""Coquimbo Region"",""percentage"":0.039719},{""region"":""O'Higgins Region"",""percentage"":0.049007},{""region"":""Los Lagos Region"",""percentage"":0.047871},{""region"":""Magallanes y la Ant\u00e1rtica Chilena Region"",""percentage"":0.015166},{""region"":""Maule Region"",""percentage"":0.057356},{""region"":""Santiago Metropolitan Region"",""percentage"":0.392056},{""region"":""Tarapac\u00e1 Region"",""percentage"":0.022478}",instagram,"lower_bound: 1000001",es
411639700612084,669777673091551,"Yasna Provoste Campillay",2021-10-28,2021-10-28,2021-10-29,"Yasna Provoste Campillay","Una de las mayores gracias del desierto florido es que las semillas se mantienen bajo la tierra, esperando pacientemente a que el cielo riegue estos suelos para florecer. Como un desierto, la política también pareciera que ha ido perdiendo vida. La falta de acuerdos y la perdida de confianzas, tanto en el Gobierno como en la oposición, la han vuelto inerte y seca. Y si bien muchos no creen que haya semillas esperando la lluvia, yo creo que Chile puede volver a florecer.

Comparto con ustedes parte de la #franjaelectoral de hoy. #AhoraYasna","Chile puede florecer",,,"lower_bound: 3000, upper_bound: 3999","lower_bound: 9000, upper_bound: 9999",CLP,"{""age"":""13-17"",""gender"":""male"",""percentage"":0.000332},{""age"":""45-54"",""gender"":""male"",""percentage"":0.084109},{""age"":""35-44"",""gender"":""male"",""percentage"":0.265293},{""age"":""55-64"",""gender"":""female"",""percentage"":0.084109},{""age"":""65+"",""gender"":""unknown"",""percentage"":0.000997},{""age"":""65+"",""gender"":""male"",""percentage"":0.055519},{""age"":""35-44"",""gender"":""female"",""percentage"":0.267287},{""age"":""45-54"",""gender"":""unknown"",""percentage"":0.001662},{""age"":""65+"",""gender"":""female"",""percentage"":0.064162},{""age"":""45-54"",""gender"":""female"",""percentage"":0.130319},{""age"":""55-64"",""gender"":""male"",""percentage"":0.040226},{""age"":""35-44"",""gender"":""unknown"",""percentage"":0.004987},{""age"":""55-64"",""gender"":""unknown"",""percentage"":0.000997}","{""region"":""Los R\u00edos Region"",""percentage"":0.020168},{""region"":""Arica y Parinacota Region"",""percentage"":0.015798},{""region"":""Valpara\u00edso Region"",""percentage"":0.110924},{""region"":""Ays\u00e9n Region"",""percentage"":0.004034},{""region"":""Antofagasta Region"",""percentage"":0.04605},{""region"":""Araucan\u00eda Region"",""percentage"":0.045714},{""region"":""Atacama Region"",""percentage"":0.02084},{""region"":""B\u00edo B\u00edo Region"",""percentage"":0.127731},{""region"":""Coquimbo Region"",""percentage"":0.034958},{""region"":""O'Higgins Region"",""percentage"":0.034286},{""region"":""Los Lagos Region"",""percentage"":0.046387},{""region"":""Magallanes y la Ant\u00e1rtica Chilena Region"",""percentage"":0.02084},{""region"":""Maule Region"",""percentage"":0.072605},{""region"":""Santiago Metropolitan Region"",""percentage"":0.381176},{""region"":""Tarapac\u00e1 Region"",""percentage"":0.018487}",instagram,"lower_bound: 1000001",es
934169847537121,669777673091551,"Yasna Provoste Campillay",2021-10-28,2021-10-28,2021-10-30,"Yasna Provoste Campillay","Las familias no soportan más la delincuencia y el narcotráfico que se apoderó de los barrios.

Para retomar la paz en nuestros barrios, 3 razones para votar 3:

1. Descabezaremos el narcotráfico desde arriba.
2. Quitaremos las armas de las calles.
3. Potenciaremos el trabajo en conjunto de las policías.

#AhoraYasna",,,,"lower_bound: 30000, upper_bound: 34999","lower_bound: 100000, upper_bound: 124999",CLP,"{""age"":""45-54"",""gender"":""unknown"",""percentage"":0.001231},{""age"":""65+"",""gender"":""unknown"",""percentage"":0.000858},{""age"":""55-64"",""gender"":""unknown"",""percentage"":0.000634},{""age"":""35-44"",""gender"":""unknown"",""percentage"":0.003843},{""age"":""65+"",""gender"":""female"",""percentage"":0.057829},{""age"":""45-54"",""gender"":""female"",""percentage"":0.1614},{""age"":""55-64"",""gender"":""male"",""percentage"":0.023691},{""age"":""35-44"",""gender"":""female"",""percentage"":0.394433},{""age"":""65+"",""gender"":""male"",""percentage"":0.031787},{""age"":""35-44"",""gender"":""male"",""percentage"":0.171063},{""age"":""55-64"",""gender"":""female"",""percentage"":0.09734},{""age"":""45-54"",""gender"":""male"",""percentage"":0.055628},{""age"":""13-17"",""gender"":""male"",""percentage"":0.000149},{""age"":""13-17"",""gender"":""female"",""percentage"":0.000112}","{""region"":""Los R\u00edos Region"",""percentage"":0.02051},{""region"":""Arica y Parinacota Region"",""percentage"":0.0145},{""region"":""Valpara\u00edso Region"",""percentage"":0.108598},{""region"":""Ays\u00e9n Region"",""percentage"":0.006949},{""region"":""Antofagasta Region"",""percentage"":0.044138},{""region"":""Araucan\u00eda Region"",""percentage"":0.043086},{""region"":""Atacama Region"",""percentage"":0.018256},{""region"":""B\u00edo B\u00edo Region"",""percentage"":0.128357},{""region"":""Coquimbo Region"",""percentage"":0.043875},{""region"":""O'Higgins Region"",""percentage"":0.056534},{""region"":""Los Lagos Region"",""percentage"":0.04365},{""region"":""Magallanes y la Ant\u00e1rtica Chilena Region"",""percentage"":0.012359},{""region"":""Maule Region"",""percentage"":0.070133},{""region"":""Santiago Metropolitan Region"",""percentage"":0.362158},{""region"":""Tarapac\u00e1 Region"",""percentage"":0.026896}",instagram,"lower_bound: 1000001",es
245340970977851,669777673091551,"Yasna Provoste Campillay",2021-10-28,2021-10-28,2021-10-30,"Yasna Provoste Campillay","Fraternidad, solidaridad y amor al prójimo. Así como la fiesta de Cuasimodo está en el alma de Chile, yo también quiero llevar la esperanza a cada hogar de este país. Juntos y juntas para unir y sanar a Chile.

Comparto parte de la #franjaelectoral de hoy. #AhoraYasna",,,,"lower_bound: 5000, upper_bound: 5999","lower_bound: 15000, upper_bound: 19999",CLP,"{""age"":""45-54"",""gender"":""unknown"",""percentage"":0.001005},{""age"":""65+"",""gender"":""male"",""percentage"":0.03959},{""age"":""35-44"",""gender"":""male"",""percentage"":0.195941},{""age"":""45-54"",""gender"":""female"",""percentage"":0.164791},{""age"":""35-44"",""gender"":""female"",""percentage"":0.298432},{""age"":""55-64"",""gender"":""female"",""percentage"":0.116359},{""age"":""65+"",""gender"":""unknown"",""percentage"":0.001005},{""age"":""65+"",""gender"":""female"",""percentage"":0.062299},{""age"":""45-54"",""gender"":""male"",""percentage"":0.072548},{""age"":""55-64"",""gender"":""male"",""percentage"":0.044011},{""age"":""55-64"",""gender"":""unknown"",""percentage"":0.001005},{""age"":""35-44"",""gender"":""unknown"",""percentage"":0.002412},{""age"":""13-17"",""gender"":""female"",""percentage"":0.000603}","{""region"":""Los R\u00edos Region"",""percentage"":0.021779},{""region"":""Arica y Parinacota Region"",""percentage"":0.013107},{""region"":""Valpara\u00edso Region"",""percentage"":0.095584},{""region"":""Ays\u00e9n Region"",""percentage"":0.008469},{""region"":""Antofagasta Region"",""percentage"":0.039524},{""region"":""Araucan\u00eda Region"",""percentage"":0.045977},{""region"":""Atacama Region"",""percentage"":0.014721},{""region"":""B\u00edo B\u00edo Region"",""percentage"":0.140351},{""region"":""Coquimbo Region"",""percentage"":0.035289},{""region"":""O'Higgins Region"",""percentage"":0.051018},{""region"":""Los Lagos Region"",""percentage"":0.046179},{""region"":""Magallanes y la Ant\u00e1rtica Chilena Region"",""percentage"":0.015124},{""region"":""Maule Region"",""percentage"":0.083686},{""region"":""Santiago Metropolitan Region"",""percentage"":0.367614},{""region"":""Tarapac\u00e1 Region"",""percentage"":0.021577}",instagram,"lower_bound: 1000001",es
594492005082857,669777673091551,"Yasna Provoste Campillay",2021-10-28,2021-10-28,2021-10-30,"Yasna Provoste Campillay","Crearemos un nuevo sistema de pensiones. Todas las personas mayores de 65 años, salvo el 10% de mayores ingresos, recibirán una pensión de $225.000, que se sumará a la que hayan logrado con sus propios ahorros.

Comparto parte de la #franjaelectoral de hoy. #AhoraYasna",,,,"lower_bound: 15000, upper_bound: 19999","lower_bound: 45000, upper_bound: 49999",CLP,"{""age"":""35-44"",""gender"":""unknown"",""percentage"":0.00369},{""age"":""65+"",""gender"":""female"",""percentage"":0.062522},{""age"":""45-54"",""gender"":""male"",""percentage"":0.063496},{""age"":""45-54"",""gender"":""female"",""percentage"":0.160134},{""age"":""35-44"",""gender"":""male"",""percentage"":0.181438},{""age"":""35-44"",""gender"":""female"",""percentage"":0.333357},{""age"":""55-64"",""gender"":""male"",""percentage"":0.031052},{""age"":""65+"",""gender"":""male"",""percentage"":0.027849},{""age"":""55-64"",""gender"":""female"",""percentage"":0.133398},{""age"":""45-54"",""gender"":""unknown"",""percentage"":0.001671},{""age"":""55-64"",""gender"":""unknown"",""percentage"":0.000696},{""age"":""65+"",""gender"":""unknown"",""percentage"":0.000627},{""age"":""13-17"",""gender"":""male"",""percentage"":7.0e-5}","{""region"":""Los R\u00edos Region"",""percentage"":0.019588},{""region"":""Arica y Parinacota Region"",""percentage"":0.009383},{""region"":""Valpara\u00edso Region"",""percentage"":0.114718},{""region"":""Ays\u00e9n Region"",""percentage"":0.00589},{""region"":""Antofagasta Region"",""percentage"":0.034381},{""region"":""Araucan\u00eda Region"",""percentage"":0.045956},{""region"":""Atacama Region"",""percentage"":0.015752},{""region"":""B\u00edo B\u00edo Region"",""percentage"":0.142319},{""region"":""Coquimbo Region"",""percentage"":0.040545},{""region"":""O'Higgins Region"",""percentage"":0.051435},{""region"":""Los Lagos Region"",""percentage"":0.047257},{""region"":""Magallanes y la Ant\u00e1rtica Chilena Region"",""percentage"":0.015067},{""region"":""Maule Region"",""percentage"":0.076981},{""region"":""Santiago Metropolitan Region"",""percentage"":0.360044},{""region"":""Tarapac\u00e1 Region"",""percentage"":0.020684}",instagram,"lower_bound: 1000001",es
1061375931319670,669777673091551,"Yasna Provoste Campillay",2021-10-28,2021-10-28,2021-10-31,"Yasna Provoste Campillay","Me comprometo a trabajar por un nuevo Chile, donde no importe el apellido, el colegio donde estudiaste o la comuna donde creciste, donde lo que importe sea que todos y todas podamos desarrollar nuestros talentos.

Comparto parte de la #franjaelectoral de hoy. #AhoraYasna.",,,,"lower_bound: 2000, upper_bound: 2999","lower_bound: 1500, upper_bound: 1999",CLP,"{""age"":""65+"",""gender"":""unknown"",""percentage"":0.000559},{""age"":""45-54"",""gender"":""unknown"",""percentage"":0.002236},{""age"":""55-64"",""gender"":""male"",""percentage"":0.069312},{""age"":""45-54"",""gender"":""male"",""percentage"":0.105087},{""age"":""65+"",""gender"":""male"",""percentage"":0.030743},{""age"":""55-64"",""gender"":""female"",""percentage"":0.136948},{""age"":""65+"",""gender"":""female"",""percentage"":0.062605},{""age"":""45-54"",""gender"":""female"",""percentage"":0.182784},{""age"":""35-44"",""gender"":""female"",""percentage"":0.239799},{""age"":""35-44"",""gender"":""male"",""percentage"":0.167132},{""age"":""35-44"",""gender"":""unknown"",""percentage"":0.002795}","{""region"":""Los R\u00edos Region"",""percentage"":0.031826},{""region"":""Arica y Parinacota Region"",""percentage"":0.011167},{""region"":""Valpara\u00edso Region"",""percentage"":0.106644},{""region"":""Ays\u00e9n Region"",""percentage"":0.01005},{""region"":""Antofagasta Region"",""percentage"":0.036851},{""region"":""Araucan\u00eda Region"",""percentage"":0.071468},{""region"":""Atacama Region"",""percentage"":0.018984},{""region"":""B\u00edo B\u00edo Region"",""percentage"":0.156337},{""region"":""Coquimbo Region"",""percentage"":0.051368},{""region"":""O'Higgins Region"",""percentage"":0.053601},{""region"":""Los Lagos Region"",""percentage"":0.068118},{""region"":""Magallanes y la Ant\u00e1rtica Chilena Region"",""percentage"":0.030709},{""region"":""Maule Region"",""percentage"":0.071468},{""region"":""Santiago Metropolitan Region"",""percentage"":0.261865},{""region"":""Tarapac\u00e1 Region"",""percentage"":0.019542}","facebook,instagram","lower_bound: 1000001",es
4156250157818025,669777673091551,"Yasna Provoste Campillay",2021-10-27,2021-10-27,2021-10-31,"Yasna Provoste Campillay","La derecha no puede ofrecer nada distinto de lo que ha hecho. Se han opuesto permanentemente a ampliar las libertades, a cambiar un modelo que ha generado profundas desigualdades. Avancemos a un Chile diverso y de justicia social. #AhoraYasna","La derecha no puede ofrecer nada distinto de lo que ha hecho",yasnapresidenta.cl,"SeguirSeguirSeguirSeguir Nací en Vallenar un 16 de diciembre de 1969, comuna de la región de Atacama ubicada a 665 kilómetros al norte de la capital, Santiago. Soy hija de Carlos Provoste y Nelly Campillay, medianos empresarios de transportes de mi región. Estoy casada con Mauricio y soy madre d...","lower_bound: 2000, upper_bound: 2999","lower_bound: 1500, upper_bound: 1999",CLP,"{""age"":""55-64"",""gender"":""female"",""percentage"":0.114504},{""age"":""35-44"",""gender"":""male"",""percentage"":0.207538},{""age"":""45-54"",""gender"":""female"",""percentage"":0.150763},{""age"":""35-44"",""gender"":""female"",""percentage"":0.229485},{""age"":""45-54"",""gender"":""male"",""percentage"":0.123092},{""age"":""55-64"",""gender"":""unknown"",""percentage"":0.002863},{""age"":""65+"",""gender"":""female"",""percentage"":0.053435},{""age"":""65+"",""gender"":""male"",""percentage"":0.039599},{""age"":""55-64"",""gender"":""male"",""percentage"":0.068702},{""age"":""35-44"",""gender"":""unknown"",""percentage"":0.002863},{""age"":""65+"",""gender"":""unknown"",""percentage"":0.001908},{""age"":""45-54"",""gender"":""unknown"",""percentage"":0.005248}","{""region"":""Los R\u00edos Region"",""percentage"":0.025763},{""region"":""Arica y Parinacota Region"",""percentage"":0.016698},{""region"":""Valpara\u00edso Region"",""percentage"":0.120706},{""region"":""Antofagasta Region"",""percentage"":0.034828},{""region"":""Araucan\u00eda Region"",""percentage"":0.056298},{""region"":""B\u00edo B\u00edo Region"",""percentage"":0.129771},{""region"":""Coquimbo Region"",""percentage"":0.038168},{""region"":""O'Higgins Region"",""percentage"":0.051527},{""region"":""Los Lagos Region"",""percentage"":0.050095},{""region"":""Magallanes y la Ant\u00e1rtica Chilena Region"",""percentage"":0.016698},{""region"":""Maule Region"",""percentage"":0.061546},{""region"":""Santiago Metropolitan Region"",""percentage"":0.356393},{""region"":""Tarapac\u00e1 Region"",""percentage"":0.019084},{""region"":""Ays\u00e9n Region"",""percentage"":0.005725},{""region"":""Atacama Region"",""percentage"":0.016698}","facebook,instagram","lower_bound: 1000001",es
209681344571736,669777673091551,"Yasna Provoste Campillay",2021-10-27,2021-10-27,2021-10-31,"Yasna Provoste Campillay","Entraremos a La Moneda con las mujeres, con el Chile diverso, con las regiones. Recuperaremos la inversión y el empleo, especialmente de mujeres que debieron volcarse al cuidado no remunerado y, en muchos casos, a actividades informales de escasa productividad, bajos ingresos y desprotección. #AhoraYasna","Entraremos a La Moneda con las mujeres, con el Chile diverso, con las regiones",yasnapresidenta.cl,"SeguirSeguirSeguirSeguir Nací en Vallenar un 16 de diciembre de 1969, comuna de la región de Atacama ubicada a 665 kilómetros al norte de la capital, Santiago. Soy hija de Carlos Provoste y Nelly Campillay, medianos empresarios de transportes de mi región. Estoy casada con Mauricio y soy madre d...","lower_bound: 2000, upper_bound: 2999","lower_bound: 1500, upper_bound: 1999",CLP,"{""age"":""35-44"",""gender"":""unknown"",""percentage"":0.004326},{""age"":""65+"",""gender"":""unknown"",""percentage"":0.000393},{""age"":""45-54"",""gender"":""unknown"",""percentage"":0.001966},{""age"":""65+"",""gender"":""male"",""percentage"":0.039324},{""age"":""35-44"",""gender"":""female"",""percentage"":0.233976},{""age"":""35-44"",""gender"":""male"",""percentage"":0.170271},{""age"":""65+"",""gender"":""female"",""percentage"":0.056233},{""age"":""55-64"",""gender"":""unknown"",""percentage"":0.000786},{""age"":""55-64"",""gender"":""male"",""percentage"":0.071569},{""age"":""45-54"",""gender"":""female"",""percentage"":0.17499},{""age"":""45-54"",""gender"":""male"",""percentage"":0.119544},{""age"":""55-64"",""gender"":""female"",""percentage"":0.126622}","{""region"":""Los R\u00edos Region"",""percentage"":0.045313},{""region"":""Arica y Parinacota Region"",""percentage"":0.020703},{""region"":""Valpara\u00edso Region"",""percentage"":0.087891},{""region"":""Ays\u00e9n Region"",""percentage"":0.008203},{""region"":""Antofagasta Region"",""percentage"":0.046094},{""region"":""Araucan\u00eda Region"",""percentage"":0.058984},{""region"":""Atacama Region"",""percentage"":0.022266},{""region"":""B\u00edo B\u00edo Region"",""percentage"":0.119922},{""region"":""Coquimbo Region"",""percentage"":0.049219},{""region"":""O'Higgins Region"",""percentage"":0.053125},{""region"":""Los Lagos Region"",""percentage"":0.055859},{""region"":""Magallanes y la Ant\u00e1rtica Chilena Region"",""percentage"":0.019141},{""region"":""Maule Region"",""percentage"":0.070703},{""region"":""Santiago Metropolitan Region"",""percentage"":0.322266},{""region"":""Tarapac\u00e1 Region"",""percentage"":0.020313}","facebook,instagram","lower_bound: 1000001",es
461005662002675,669777673091551,"Yasna Provoste Campillay",2021-10-27,2021-10-27,2021-10-31,"Yasna Provoste Campillay","El nuevo Código de Aguas, aprobado durante nuestra presidencia del Senado, cambia naturaleza jurídica de derechos de aprovechamiento: son concesiones reguladas en función del interés público, caducables si se especula con ellas o no se usan. Nosotros haremos valer la nueva norma.

Les comparto parte del debate de ayer por el Futuro del Agua en Chile, de La Red.🌿",,,,"lower_bound: 10000, upper_bound: 14999","lower_bound: 10000, upper_bound: 14999",CLP,"{""age"":""45-54"",""gender"":""unknown"",""percentage"":0.001221},{""age"":""55-64"",""gender"":""unknown"",""percentage"":0.000575},{""age"":""45-54"",""gender"":""male"",""percentage"":0.145679},{""age"":""65+"",""gender"":""female"",""percentage"":0.026722},{""age"":""55-64"",""gender"":""female"",""percentage"":0.080454},{""age"":""35-44"",""gender"":""male"",""percentage"":0.302493},{""age"":""45-54"",""gender"":""female"",""percentage"":0.118382},{""age"":""35-44"",""gender"":""female"",""percentage"":0.221105},{""age"":""55-64"",""gender"":""male"",""percentage"":0.066375},{""age"":""65+"",""gender"":""male"",""percentage"":0.032828},{""age"":""35-44"",""gender"":""unknown"",""percentage"":0.003735},{""age"":""65+"",""gender"":""unknown"",""percentage"":0.000431}","{""region"":""Los R\u00edos Region"",""percentage"":0.032724},{""region"":""Arica y Parinacota Region"",""percentage"":0.016902},{""region"":""Valpara\u00edso Region"",""percentage"":0.105725},{""region"":""Ays\u00e9n Region"",""percentage"":0.012083},{""region"":""Antofagasta Region"",""percentage"":0.038406},{""region"":""Araucan\u00eda Region"",""percentage"":0.081487},{""region"":""Atacama Region"",""percentage"":0.024885},{""region"":""B\u00edo B\u00edo Region"",""percentage"":0.154632},{""region"":""Coquimbo Region"",""percentage"":0.049051},{""region"":""O'Higgins Region"",""percentage"":0.062644},{""region"":""Los Lagos Region"",""percentage"":0.083357},{""region"":""Magallanes y la Ant\u00e1rtica Chilena Region"",""percentage"":0.019922},{""region"":""Maule Region"",""percentage"":0.08645},{""region"":""Santiago Metropolitan Region"",""percentage"":0.207566},{""region"":""Tarapac\u00e1 Region"",""percentage"":0.024166}","facebook,instagram","lower_bound: 1000001",es
937227113897465,669777673091551,"Yasna Provoste Campillay",2021-10-27,2021-10-28,2021-10-31,"Yasna Provoste Campillay","Aumentaremos el sueldo mínimo de acuerdo a la línea de pobreza familiar, a través de un mejoramiento real de las remuneraciones y del subsidio salarial centrado en los trabajadores de las empresas de menor tamaño. #AhoraYasna",,,,"lower_bound: 0, upper_bound: 999","lower_bound: 100, upper_bound: 199",CLP,"{""age"":""65+"",""gender"":""male"",""percentage"":0.032389},{""age"":""65+"",""gender"":""female"",""percentage"":0.020243},{""age"":""35-44"",""gender"":""male"",""percentage"":0.222672},{""age"":""35-44"",""gender"":""female"",""percentage"":0.275304},{""age"":""45-54"",""gender"":""male"",""percentage"":0.161943},{""age"":""55-64"",""gender"":""female"",""percentage"":0.089069},{""age"":""45-54"",""gender"":""female"",""percentage"":0.133603},{""age"":""55-64"",""gender"":""male"",""percentage"":0.052632},{""age"":""45-54"",""gender"":""unknown"",""percentage"":0.012146}","{""region"":""Los R\u00edos Region"",""percentage"":0.044534},{""region"":""Arica y Parinacota Region"",""percentage"":0.032389},{""region"":""Valpara\u00edso Region"",""percentage"":0.097166},{""region"":""Antofagasta Region"",""percentage"":0.016194},{""region"":""Araucan\u00eda Region"",""percentage"":0.080972},{""region"":""Atacama Region"",""percentage"":0.020243},{""region"":""B\u00edo B\u00edo Region"",""percentage"":0.129555},{""region"":""Coquimbo Region"",""percentage"":0.040486},{""region"":""O'Higgins Region"",""percentage"":0.040486},{""region"":""Los Lagos Region"",""percentage"":0.093117},{""region"":""Magallanes y la Ant\u00e1rtica Chilena Region"",""percentage"":0.036437},{""region"":""Maule Region"",""percentage"":0.076923},{""region"":""Santiago Metropolitan Region"",""percentage"":0.251012},{""region"":""Tarapac\u00e1 Region"",""percentage"":0.040486}","facebook,instagram","lower_bound: 1000001",es
415768546838822,669777673091551,"Yasna Provoste Campillay",2021-10-27,2021-10-28,2021-10-30,"Yasna Provoste Campillay","El buen vivir es transporte adecuado, bueno y a precio justo. Es ciudades y barrios integrados por la planificación. Es seguridad frente al delito. Vamos a tener una mano generosa para apoyar a nuestros barrios y una mano fuerte para castigar al narcotráfico y al crimen organizado. #AhoraYasna","El buen vivir es transporte adecuado, bueno y a precio justo",yasnapresidenta.cl,"SeguirSeguirSeguirSeguir Nací en Vallenar un 16 de diciembre de 1969, comuna de la región de Atacama ubicada a 665 kilómetros al norte de la capital, Santiago. Soy hija de Carlos Provoste y Nelly Campillay, medianos empresarios de transportes de mi región. Estoy casada con Mauricio y soy madre d...","lower_bound: 0, upper_bound: 999","lower_bound: 100, upper_bound: 199",CLP,"{""age"":""55-64"",""gender"":""female"",""percentage"":0.090196},{""age"":""45-54"",""gender"":""female"",""percentage"":0.180392},{""age"":""65+"",""gender"":""female"",""percentage"":0.043137},{""age"":""35-44"",""gender"":""female"",""percentage"":0.329412},{""age"":""35-44"",""gender"":""male"",""percentage"":0.180392},{""age"":""45-54"",""gender"":""male"",""percentage"":0.090196},{""age"":""55-64"",""gender"":""male"",""percentage"":0.035294},{""age"":""65+"",""gender"":""male"",""percentage"":0.047059},{""age"":""35-44"",""gender"":""unknown"",""percentage"":0.003922}","{""region"":""Tarapac\u00e1 Region"",""percentage"":0.007843},{""region"":""Ays\u00e9n Region"",""percentage"":0.007843},{""region"":""Los R\u00edos Region"",""percentage"":0.027451},{""region"":""Arica y Parinacota Region"",""percentage"":0.015686},{""region"":""Valpara\u00edso Region"",""percentage"":0.094118},{""region"":""Antofagasta Region"",""percentage"":0.035294},{""region"":""Araucan\u00eda Region"",""percentage"":0.07451},{""region"":""Atacama Region"",""percentage"":0.035294},{""region"":""B\u00edo B\u00edo Region"",""percentage"":0.098039},{""region"":""Coquimbo Region"",""percentage"":0.058824},{""region"":""O'Higgins Region"",""percentage"":0.054902},{""region"":""Los Lagos Region"",""percentage"":0.039216},{""region"":""Magallanes y la Ant\u00e1rtica Chilena Region"",""percentage"":0.023529},{""region"":""Maule Region"",""percentage"":0.082353},{""region"":""Santiago Metropolitan Region"",""percentage"":0.345098}","facebook,instagram","lower_bound: 1000001",es
467220737961202,669777673091551,"Yasna Provoste Campillay",2021-10-27,2021-10-28,2021-10-30,"Yasna Provoste Campillay","Nosotros hemos marcado con mucha claridad nuestra posición: estamos a favor del cuarto retiro sin letra chica, que ayuda en especial a miles de mujeres, niñas y niños que no reciben sus pensiones de alimentos, y a mujeres que emprenden para salir de la crisis. #AhoraYasna","Estamos a favor del cuarto retiro sin letra chica",yasnapresidenta.cl,,"lower_bound: 0, upper_bound: 999","lower_bound: 100, upper_bound: 199",CLP,"{""age"":""55-64"",""gender"":""male"",""percentage"":0.020325},{""age"":""65+"",""gender"":""male"",""percentage"":0.02439},{""age"":""45-54"",""gender"":""female"",""percentage"":0.162602},{""age"":""45-54"",""gender"":""male"",""percentage"":0.081301},{""age"":""35-44"",""gender"":""female"",""percentage"":0.382114},{""age"":""35-44"",""gender"":""male"",""percentage"":0.186992},{""age"":""55-64"",""gender"":""female"",""percentage"":0.097561},{""age"":""65+"",""gender"":""female"",""percentage"":0.044715}","{""region"":""Ays\u00e9n Region"",""percentage"":0.00813},{""region"":""Los R\u00edos Region"",""percentage"":0.020325},{""region"":""Arica y Parinacota Region"",""percentage"":0.00813},{""region"":""Valpara\u00edso Region"",""percentage"":0.077236},{""region"":""Antofagasta Region"",""percentage"":0.04065},{""region"":""Araucan\u00eda Region"",""percentage"":0.081301},{""region"":""Atacama Region"",""percentage"":0.03252},{""region"":""B\u00edo B\u00edo Region"",""percentage"":0.130081},{""region"":""Coquimbo Region"",""percentage"":0.04878},{""region"":""O'Higgins Region"",""percentage"":0.056911},{""region"":""Los Lagos Region"",""percentage"":0.077236},{""region"":""Magallanes y la Ant\u00e1rtica Chilena Region"",""percentage"":0.012195},{""region"":""Maule Region"",""percentage"":0.085366},{""region"":""Santiago Metropolitan Region"",""percentage"":0.304878},{""region"":""Tarapac\u00e1 Region"",""percentage"":0.01626}","facebook,instagram","lower_bound: 1000001",es
580228603096296,669777673091551,"Yasna Provoste Campillay",2021-10-27,2021-10-28,2021-10-30,"Yasna Provoste Campillay","Que no dependa de la comuna donde uno viva, el rostro el Estado que le toque conocer. Fortaleceremos Chile Crece Contigo, dotándolo de un robusto componente de educación inicial, para que todos los niños y niñas desde los dos años, especialmente de los sectores más vulnerables, puedan desarrollar al máximo sus habilidades socioemocionales y cognitivas, y que no ingresen en desventaja al sistema educacional.  #AhoraYasna,Que no dependa de la comuna donde uno viva, el rostro el Estado que le toque conocer. Fortaleceremos Chile Crece Contigo, dotándolo de un robusto componente de educación inicial, para que todos los niños y niñas desde los dos años, especialmente de los sectores más vulnerables, puedan desarrollar al máximo sus habilidades socioemocionales y cognitivas, y que no ingresen en desventaja al sistema educacional.  #AhoraYasna","La derecha no puede ofrecer nada distinto de lo que ha hecho,La derecha no puede ofrecer nada distinto de lo que ha hecho",yasnapresidenta.cl,,"lower_bound: 0, upper_bound: 999","lower_bound: 500, upper_bound: 599",CLP,"{""age"":""45-54"",""gender"":""unknown"",""percentage"":0.001233},{""age"":""35-44"",""gender"":""unknown"",""percentage"":0.003699},{""age"":""35-44"",""gender"":""male"",""percentage"":0.133169},{""age"":""35-44"",""gender"":""female"",""percentage"":0.435265},{""age"":""45-54"",""gender"":""female"",""percentage"":0.162762},{""age"":""55-64"",""gender"":""female"",""percentage"":0.119605},{""age"":""45-54"",""gender"":""male"",""percentage"":0.059186},{""age"":""55-64"",""gender"":""male"",""percentage"":0.02836},{""age"":""65+"",""gender"":""female"",""percentage"":0.038224},{""age"":""65+"",""gender"":""male"",""percentage"":0.018496}","{""region"":""Ays\u00e9n Region"",""percentage"":0.009864},{""region"":""Los R\u00edos Region"",""percentage"":0.023428},{""region"":""Arica y Parinacota Region"",""percentage"":0.022195},{""region"":""Valpara\u00edso Region"",""percentage"":0.112207},{""region"":""Antofagasta Region"",""percentage"":0.040691},{""region"":""Araucan\u00eda Region"",""percentage"":0.064118},{""region"":""Atacama Region"",""percentage"":0.036991},{""region"":""B\u00edo B\u00edo Region"",""percentage"":0.144266},{""region"":""Coquimbo Region"",""percentage"":0.057953},{""region"":""O'Higgins Region"",""percentage"":0.048089},{""region"":""Los Lagos Region"",""percentage"":0.061652},{""region"":""Magallanes y la Ant\u00e1rtica Chilena Region"",""percentage"":0.022195},{""region"":""Maule Region"",""percentage"":0.08508},{""region"":""Santiago Metropolitan Region"",""percentage"":0.237978},{""region"":""Tarapac\u00e1 Region"",""percentage"":0.033292}","facebook,instagram","lower_bound: 1000001",es
942433520004091,669777673091551,"Yasna Provoste Campillay",2021-10-27,2021-10-28,2021-10-31,"Yasna Provoste Campillay","El Estado requiere una modernización profunda. Algunos creen que modernizar es reducir, pero ese discurso fácil no pasa del slogan populista. Crearemos un fondo de entre 8 y 10 mil millones de dólares para las emergencias de pandemia y post pandemia, para prevenir nuevos brotes y atender retrasos en prestaciones de salud, fortaleciendo la atención primaria, en especial la salud mental. #AhoraYasna","El Estado requiere una modernización profunda",yasnapresidenta.cl,,"lower_bound: 10000, upper_bound: 14999","lower_bound: 8000, upper_bound: 8999",CLP,"{""age"":""55-64"",""gender"":""unknown"",""percentage"":0.00069},{""age"":""45-54"",""gender"":""unknown"",""percentage"":0.000887},{""age"":""45-54"",""gender"":""male"",""percentage"":0.129029},{""age"":""65+"",""gender"":""male"",""percentage"":0.043963},{""age"":""55-64"",""gender"":""male"",""percentage"":0.068605},{""age"":""65+"",""gender"":""female"",""percentage"":0.044455},{""age"":""55-64"",""gender"":""female"",""percentage"":0.112863},{""age"":""45-54"",""gender"":""female"",""percentage"":0.139773},{""age"":""35-44"",""gender"":""male"",""percentage"":0.238837},{""age"":""35-44"",""gender"":""female"",""percentage"":0.217151},{""age"":""35-44"",""gender"":""unknown"",""percentage"":0.002859},{""age"":""65+"",""gender"":""unknown"",""percentage"":0.000887}","{""region"":""Los R\u00edos Region"",""percentage"":0.028933},{""region"":""Arica y Parinacota Region"",""percentage"":0.022362},{""region"":""Valpara\u00edso Region"",""percentage"":0.107395},{""region"":""Ays\u00e9n Region"",""percentage"":0.012554},{""region"":""Antofagasta Region"",""percentage"":0.05512},{""region"":""Araucan\u00eda Region"",""percentage"":0.064927},{""region"":""Atacama Region"",""percentage"":0.028835},{""region"":""B\u00edo B\u00edo Region"",""percentage"":0.136818},{""region"":""Coquimbo Region"",""percentage"":0.047273},{""region"":""O'Higgins Region"",""percentage"":0.063358},{""region"":""Los Lagos Region"",""percentage"":0.074147},{""region"":""Magallanes y la Ant\u00e1rtica Chilena Region"",""percentage"":0.029619},{""region"":""Maule Region"",""percentage"":0.078364},{""region"":""Santiago Metropolitan Region"",""percentage"":0.217242},{""region"":""Tarapac\u00e1 Region"",""percentage"":0.033052}","facebook,instagram","lower_bound: 1000001",es
1062447434591902,669777673091551,"Yasna Provoste Campillay",2021-10-27,2021-10-27,2021-10-30,"Yasna Provoste Campillay","Nos vamos a jugar por las familias de la clase media y por las familias de sectores más vulnerables, para que vivir en mejores barrios esté al alcance de todo. Crearemos un sistema de seguros, que considerará un subsidio para las familias y personas de menores ingresos, cubriendo obligaciones de salud ante enfermedades extremas de alto costo, pago transitorio de créditos hipotecarios y gastos asociados a la educación de los hijos en circunstancias extremas. #AhoraYasna,Nos vamos a jugar por las familias de la clase media y por las familias de sectores más vulnerables, para que vivir en mejores barrios esté al alcance de todo. Crearemos un sistema de seguros, que considerará un subsidio para las familias y personas de menores ingresos, cubriendo obligaciones de salud ante enfermedades extremas de alto costo, pago transitorio de créditos hipotecarios y gastos asociados a la educación de los hijos en circunstancias extremas. #AhoraYasna","Nos vamos a jugar por las familias de la clase media,Nos vamos a jugar por las familias de la clase media",yasnapresidenta.cl,,"lower_bound: 1000, upper_bound: 1999","lower_bound: 800, upper_bound: 899",CLP,"{""age"":""45-54"",""gender"":""unknown"",""percentage"":0.000798},{""age"":""35-44"",""gender"":""unknown"",""percentage"":0.004789},{""age"":""65+"",""gender"":""male"",""percentage"":0.03352},{""age"":""35-44"",""gender"":""male"",""percentage"":0.131684},{""age"":""55-64"",""gender"":""male"",""percentage"":0.061453},{""age"":""65+"",""gender"":""female"",""percentage"":0.057462},{""age"":""55-64"",""gender"":""female"",""percentage"":0.148444},{""age"":""35-44"",""gender"":""female"",""percentage"":0.278532},{""age"":""45-54"",""gender"":""male"",""percentage"":0.07502},{""age"":""45-54"",""gender"":""female"",""percentage"":0.207502},{""age"":""55-64"",""gender"":""unknown"",""percentage"":0.000798}","{""region"":""Los R\u00edos Region"",""percentage"":0.033386},{""region"":""Arica y Parinacota Region"",""percentage"":0.017488},{""region"":""Valpara\u00edso Region"",""percentage"":0.104928},{""region"":""Ays\u00e9n Region"",""percentage"":0.013514},{""region"":""Antofagasta Region"",""percentage"":0.057234},{""region"":""Araucan\u00eda Region"",""percentage"":0.054849},{""region"":""Atacama Region"",""percentage"":0.037361},{""region"":""B\u00edo B\u00edo Region"",""percentage"":0.142289},{""region"":""Coquimbo Region"",""percentage"":0.055644},{""region"":""O'Higgins Region"",""percentage"":0.052464},{""region"":""Los Lagos Region"",""percentage"":0.083466},{""region"":""Magallanes y la Ant\u00e1rtica Chilena Region"",""percentage"":0.027822},{""region"":""Maule Region"",""percentage"":0.088235},{""region"":""Santiago Metropolitan Region"",""percentage"":0.205087},{""region"":""Tarapac\u00e1 Region"",""percentage"":0.026232}","facebook,instagram","lower_bound: 1000001",es
339640377933145,669777673091551,"Yasna Provoste Campillay",2021-10-27,2021-10-27,2021-10-31,"Yasna Provoste Campillay","Fraternidad, solidaridad y amor al prójimo. Así como la fiesta de Cuasimodo está en el alma de Chile, yo también quiero llevar la esperanza a cada hogar de este país. Juntos y juntas para unir y sanar a Chile.

Comparto parte de la #franjaelectoral de hoy. #AhoraYasna",,,,"lower_bound: 1000, upper_bound: 1999","lower_bound: 1000, upper_bound: 1499",CLP,"{""age"":""35-44"",""gender"":""unknown"",""percentage"":0.003155},{""age"":""65+"",""gender"":""unknown"",""percentage"":0.000789},{""age"":""45-54"",""gender"":""unknown"",""percentage"":0.000789},{""age"":""65+"",""gender"":""male"",""percentage"":0.037066},{""age"":""45-54"",""gender"":""female"",""percentage"":0.154574},{""age"":""45-54"",""gender"":""male"",""percentage"":0.130915},{""age"":""55-64"",""gender"":""female"",""percentage"":0.123817},{""age"":""35-44"",""gender"":""female"",""percentage"":0.225552},{""age"":""35-44"",""gender"":""male"",""percentage"":0.204259},{""age"":""65+"",""gender"":""female"",""percentage"":0.055994},{""age"":""55-64"",""gender"":""male"",""percentage"":0.062303},{""age"":""55-64"",""gender"":""unknown"",""percentage"":0.000789}","{""region"":""Los R\u00edos Region"",""percentage"":0.037795},{""region"":""Valpara\u00edso Region"",""percentage"":0.122047},{""region"":""B\u00edo B\u00edo Region"",""percentage"":0.159055},{""region"":""Los Lagos Region"",""percentage"":0.098425},{""region"":""Santiago Metropolitan Region"",""percentage"":0.155906},{""region"":""Tarapac\u00e1 Region"",""percentage"":0.019685},{""region"":""Arica y Parinacota Region"",""percentage"":0.01811},{""region"":""Ays\u00e9n Region"",""percentage"":0.012598},{""region"":""Antofagasta Region"",""percentage"":0.034646},{""region"":""Araucan\u00eda Region"",""percentage"":0.074016},{""region"":""Atacama Region"",""percentage"":0.024409},{""region"":""Coquimbo Region"",""percentage"":0.048819},{""region"":""O'Higgins Region"",""percentage"":0.062205},{""region"":""Magallanes y la Ant\u00e1rtica Chilena Region"",""percentage"":0.037008},{""region"":""Maule Region"",""percentage"":0.095276}","facebook,instagram","lower_bound: 1000001",es
376244190961034,669777673091551,"Yasna Provoste Campillay",2021-10-27,2021-10-27,2021-10-31,"Yasna Provoste Campillay","El nuevo Código de Aguas, aprobado durante nuestra presidencia del Senado, cambia naturaleza jurídica de derechos de aprovechamiento: son concesiones reguladas en función del interés público, caducables si se especula con ellas o no se usan. Nosotros haremos valer la nueva norma.

Les comparto parte del debate de ayer por el Futuro del Agua en Chile, de La Red.🌿",,,,"lower_bound: 30000, upper_bound: 34999","lower_bound: 25000, upper_bound: 29999",CLP,"{""age"":""45-54"",""gender"":""unknown"",""percentage"":0.001958},{""age"":""65+"",""gender"":""female"",""percentage"":0.046849},{""age"":""55-64"",""gender"":""male"",""percentage"":0.058869},{""age"":""55-64"",""gender"":""female"",""percentage"":0.134096},{""age"":""65+"",""gender"":""male"",""percentage"":0.026151},{""age"":""45-54"",""gender"":""female"",""percentage"":0.182597},{""age"":""45-54"",""gender"":""male"",""percentage"":0.104451},{""age"":""35-44"",""gender"":""female"",""percentage"":0.258592},{""age"":""35-44"",""gender"":""male"",""percentage"":0.18179},{""age"":""35-44"",""gender"":""unknown"",""percentage"":0.003648},{""age"":""55-64"",""gender"":""unknown"",""percentage"":0.000691},{""age"":""65+"",""gender"":""unknown"",""percentage"":0.000307}","{""region"":""Los R\u00edos Region"",""percentage"":0.029199},{""region"":""Arica y Parinacota Region"",""percentage"":0.015657},{""region"":""Valpara\u00edso Region"",""percentage"":0.101331},{""region"":""Ays\u00e9n Region"",""percentage"":0.009002},{""region"":""Antofagasta Region"",""percentage"":0.039586},{""region"":""Araucan\u00eda Region"",""percentage"":0.067169},{""region"":""Atacama Region"",""percentage"":0.023275},{""region"":""B\u00edo B\u00edo Region"",""percentage"":0.135839},{""region"":""Coquimbo Region"",""percentage"":0.043433},{""region"":""O'Higgins Region"",""percentage"":0.053551},{""region"":""Los Lagos Region"",""percentage"":0.069478},{""region"":""Magallanes y la Ant\u00e1rtica Chilena Region"",""percentage"":0.02212},{""region"":""Maule Region"",""percentage"":0.069747},{""region"":""Santiago Metropolitan Region"",""percentage"":0.296799},{""region"":""Tarapac\u00e1 Region"",""percentage"":0.023813}","facebook,instagram","lower_bound: 1000001",es
568796494203483,669777673091551,"Yasna Provoste Campillay",2021-10-27,2021-10-27,2021-10-31,"Yasna Provoste Campillay","Las familias no soportan más la delincuencia y el narcotráfico que se apoderó de los barrios.

Para retomar la paz en nuestros barrios, 3 razones para votar 3:

1. Descabezaremos el narcotráfico desde arriba.
2. Quitaremos las armas de las calles.
3. Potenciaremos el trabajo en conjunto de las policías.

#AhoraYasna",,,,"lower_bound: 25000, upper_bound: 29999","lower_bound: 20000, upper_bound: 24999",CLP,"{""age"":""35-44"",""gender"":""unknown"",""percentage"":0.001466},{""age"":""65+"",""gender"":""male"",""percentage"":0.017126},{""age"":""45-54"",""gender"":""unknown"",""percentage"":0.001133},{""age"":""45-54"",""gender"":""female"",""percentage"":0.249633},{""age"":""45-54"",""gender"":""male"",""percentage"":0.072971},{""age"":""55-64"",""gender"":""female"",""percentage"":0.156004},{""age"":""35-44"",""gender"":""male"",""percentage"":0.09896},{""age"":""35-44"",""gender"":""female"",""percentage"":0.313208},{""age"":""65+"",""gender"":""female"",""percentage"":0.050846},{""age"":""55-64"",""gender"":""male"",""percentage"":0.038118},{""age"":""55-64"",""gender"":""unknown"",""percentage"":0.000333},{""age"":""65+"",""gender"":""unknown"",""percentage"":0.0002}","{""region"":""Los R\u00edos Region"",""percentage"":0.034904},{""region"":""Arica y Parinacota Region"",""percentage"":0.015573},{""region"":""Valpara\u00edso Region"",""percentage"":0.104846},{""region"":""Ays\u00e9n Region"",""percentage"":0.011545},{""region"":""Antofagasta Region"",""percentage"":0.03779},{""region"":""Araucan\u00eda Region"",""percentage"":0.071889},{""region"":""Atacama Region"",""percentage"":0.031279},{""region"":""B\u00edo B\u00edo Region"",""percentage"":0.145254},{""region"":""Coquimbo Region"",""percentage"":0.054571},{""region"":""O'Higgins Region"",""percentage"":0.058598},{""region"":""Los Lagos Region"",""percentage"":0.073164},{""region"":""Magallanes y la Ant\u00e1rtica Chilena Region"",""percentage"":0.021681},{""region"":""Maule Region"",""percentage"":0.084709},{""region"":""Santiago Metropolitan Region"",""percentage"":0.232313},{""region"":""Tarapac\u00e1 Region"",""percentage"":0.021882}","facebook,instagram","lower_bound: 1000001",es
1565989520405768,669777673091551,"Yasna Provoste Campillay",2021-10-27,2021-10-28,2021-10-31,"Yasna Provoste Campillay","Nací en Vallenar y soy diaguita, de un pueblo que vive intensamente con el ritmo de la naturaleza. No quiero llegar más alto ni más lejos que nadie, sino más juntos. Hay gente que quiere estar sola en la cumbre, y hay otras como nosotras que preferimos estar juntas en la tierra. 

Juntos y juntas para unir y sanar a Chile. #AhoraYasna

Comparto parte de la #franjaelectoral de hoy. #Vota3","Soy diaguita",,,"lower_bound: 0, upper_bound: 999","lower_bound: 500, upper_bound: 599",CLP,"{""age"":""35-44"",""gender"":""unknown"",""percentage"":0.00304},{""age"":""45-54"",""gender"":""unknown"",""percentage"":0.004559},{""age"":""65+"",""gender"":""female"",""percentage"":0.054711},{""age"":""45-54"",""gender"":""male"",""percentage"":0.104863},{""age"":""35-44"",""gender"":""female"",""percentage"":0.290274},{""age"":""35-44"",""gender"":""male"",""percentage"":0.155015},{""age"":""55-64"",""gender"":""male"",""percentage"":0.06535},{""age"":""55-64"",""gender"":""female"",""percentage"":0.139818},{""age"":""45-54"",""gender"":""female"",""percentage"":0.159574},{""age"":""65+"",""gender"":""male"",""percentage"":0.022796}","{""region"":""Los R\u00edos Region"",""percentage"":0.036474},{""region"":""Arica y Parinacota Region"",""percentage"":0.016717},{""region"":""Valpara\u00edso Region"",""percentage"":0.094225},{""region"":""Ays\u00e9n Region"",""percentage"":0.019757},{""region"":""Antofagasta Region"",""percentage"":0.037994},{""region"":""Araucan\u00eda Region"",""percentage"":0.077508},{""region"":""Atacama Region"",""percentage"":0.034954},{""region"":""B\u00edo B\u00edo Region"",""percentage"":0.113982},{""region"":""Coquimbo Region"",""percentage"":0.051672},{""region"":""O'Higgins Region"",""percentage"":0.044073},{""region"":""Los Lagos Region"",""percentage"":0.06231},{""region"":""Magallanes y la Ant\u00e1rtica Chilena Region"",""percentage"":0.033435},{""region"":""Maule Region"",""percentage"":0.080547},{""region"":""Santiago Metropolitan Region"",""percentage"":0.268997},{""region"":""Tarapac\u00e1 Region"",""percentage"":0.027356}","facebook,instagram","lower_bound: 1000001",es
256810126354227,669777673091551,"Yasna Provoste Campillay",2021-10-27,2021-10-27,2021-10-31,"Yasna Provoste Campillay","Una de las mayores gracias del desierto florido es que las semillas se mantienen bajo la tierra, esperando pacientemente a que el cielo riegue estos suelos para florecer. Como un desierto, la política también pareciera que ha ido perdiendo vida. La falta de acuerdos y la perdida de confianzas, tanto en el Gobierno como en la oposición, la han vuelto inerte y seca. Y si bien muchos no creen que haya semillas esperando la lluvia, yo creo que Chile puede volver a florecer.

Comparto con ustedes parte de la #franjaelectoral de hoy. #AhoraYasna","Chile puede florecer",,,"lower_bound: 4000, upper_bound: 4999","lower_bound: 3000, upper_bound: 3499",CLP,"{""age"":""55-64"",""gender"":""female"",""percentage"":0.109206},{""age"":""35-44"",""gender"":""male"",""percentage"":0.21551},{""age"":""35-44"",""gender"":""female"",""percentage"":0.252968},{""age"":""45-54"",""gender"":""female"",""percentage"":0.167238},{""age"":""45-54"",""gender"":""male"",""percentage"":0.112108},{""age"":""65+"",""gender"":""female"",""percentage"":0.042997},{""age"":""55-64"",""gender"":""male"",""percentage"":0.067001},{""age"":""35-44"",""gender"":""unknown"",""percentage"":0.003165},{""age"":""65+"",""gender"":""male"",""percentage"":0.024532},{""age"":""65+"",""gender"":""unknown"",""percentage"":0.000528},{""age"":""45-54"",""gender"":""unknown"",""percentage"":0.003429},{""age"":""55-64"",""gender"":""unknown"",""percentage"":0.001319}","{""region"":""Los R\u00edos Region"",""percentage"":0.025433},{""region"":""Arica y Parinacota Region"",""percentage"":0.015732},{""region"":""Valpara\u00edso Region"",""percentage"":0.110121},{""region"":""Ays\u00e9n Region"",""percentage"":0.01075},{""region"":""Antofagasta Region"",""percentage"":0.043524},{""region"":""Araucan\u00eda Region"",""percentage"":0.06345},{""region"":""Atacama Region"",""percentage"":0.021762},{""region"":""B\u00edo B\u00edo Region"",""percentage"":0.131096},{""region"":""Coquimbo Region"",""percentage"":0.048506},{""region"":""O'Higgins Region"",""percentage"":0.056896},{""region"":""Los Lagos Region"",""percentage"":0.069219},{""region"":""Magallanes y la Ant\u00e1rtica Chilena Region"",""percentage"":0.024384},{""region"":""Maule Region"",""percentage"":0.065286},{""region"":""Santiago Metropolitan Region"",""percentage"":0.28474},{""region"":""Tarapac\u00e1 Region"",""percentage"":0.029103}","facebook,instagram","lower_bound: 1000001",es
277997550880410,669777673091551,"Yasna Provoste Campillay",2021-10-27,2021-10-27,2021-10-31,"Yasna Provoste Campillay","Crearemos un nuevo sistema de pensiones. Todas las personas mayores de 65 años, salvo el 10% de mayores ingresos, recibirán una pensión de $225.000, que se sumará a la que hayan logrado con sus propios ahorros.

Comparto parte de la #franjaelectoral de hoy. #AhoraYasna",,,,"lower_bound: 350000, upper_bound: 399999","lower_bound: 250000, upper_bound: 299999",CLP,"{""age"":""35-44"",""gender"":""unknown"",""percentage"":0.001258},{""age"":""65+"",""gender"":""male"",""percentage"":0.031163},{""age"":""65+"",""gender"":""female"",""percentage"":0.052417},{""age"":""35-44"",""gender"":""male"",""percentage"":0.15675},{""age"":""45-54"",""gender"":""female"",""percentage"":0.185011},{""age"":""55-64"",""gender"":""male"",""percentage"":0.089449},{""age"":""35-44"",""gender"":""female"",""percentage"":0.201569},{""age"":""45-54"",""gender"":""male"",""percentage"":0.136675},{""age"":""55-64"",""gender"":""female"",""percentage"":0.14412},{""age"":""45-54"",""gender"":""unknown"",""percentage"":0.000837},{""age"":""65+"",""gender"":""unknown"",""percentage"":0.000302},{""age"":""55-64"",""gender"":""unknown"",""percentage"":0.00045}","{""region"":""Los R\u00edos Region"",""percentage"":0.030968},{""region"":""Arica y Parinacota Region"",""percentage"":0.015287},{""region"":""Valpara\u00edso Region"",""percentage"":0.098296},{""region"":""Ays\u00e9n Region"",""percentage"":0.009667},{""region"":""Antofagasta Region"",""percentage"":0.035776},{""region"":""Araucan\u00eda Region"",""percentage"":0.079574},{""region"":""Atacama Region"",""percentage"":0.021135},{""region"":""B\u00edo B\u00edo Region"",""percentage"":0.142311},{""region"":""Coquimbo Region"",""percentage"":0.045072},{""region"":""O'Higgins Region"",""percentage"":0.061491},{""region"":""Los Lagos Region"",""percentage"":0.076755},{""region"":""Magallanes y la Ant\u00e1rtica Chilena Region"",""percentage"":0.017071},{""region"":""Maule Region"",""percentage"":0.084959},{""region"":""Santiago Metropolitan Region"",""percentage"":0.258535},{""region"":""Tarapac\u00e1 Region"",""percentage"":0.023102}","facebook,instagram","lower_bound: 1000001",es
430205668534879,669777673091551,"Yasna Provoste Campillay",2021-10-27,2021-10-27,2021-10-30,"Yasna Provoste Campillay","La derecha no puede ofrecer nada distinto de lo que ha hecho. Se han opuesto permanentemente a ampliar las libertades, a cambiar un modelo que ha generado profundas desigualdades. Avancemos a un Chile diverso y de justicia social. #AhoraYasna","La derecha no puede ofrecer nada distinto de lo que ha hecho",yasnapresidenta.cl,"Soy de Atacama, diaguita, crecí en el desierto, pero nunca estuve sola. Tuve la suerte de tener un entorno que me apoyó siempre. Como muchas mujeres, sé hacer que las cosas pasen, y que pasen en paz. Esa es la gobernabilidad que quiero ofrecerle a Chile. Y lo quiero hacer ahora para que juntos lo...","lower_bound: 7000, upper_bound: 7999","lower_bound: 5000, upper_bound: 5999",CLP,"{""age"":""65+"",""gender"":""unknown"",""percentage"":0.00047},{""age"":""55-64"",""gender"":""unknown"",""percentage"":0.001098},{""age"":""35-44"",""gender"":""unknown"",""percentage"":0.004547},{""age"":""45-54"",""gender"":""unknown"",""percentage"":0.002822},{""age"":""65+"",""gender"":""female"",""percentage"":0.038413},{""age"":""65+"",""gender"":""male"",""percentage"":0.02932},{""age"":""55-64"",""gender"":""female"",""percentage"":0.104265},{""age"":""35-44"",""gender"":""male"",""percentage"":0.219505},{""age"":""35-44"",""gender"":""female"",""percentage"":0.254155},{""age"":""45-54"",""gender"":""female"",""percentage"":0.163688},{""age"":""45-54"",""gender"":""male"",""percentage"":0.114456},{""age"":""55-64"",""gender"":""male"",""percentage"":0.067262}","{""region"":""Los R\u00edos Region"",""percentage"":0.030152},{""region"":""Arica y Parinacota Region"",""percentage"":0.020309},{""region"":""Valpara\u00edso Region"",""percentage"":0.098735},{""region"":""Ays\u00e9n Region"",""percentage"":0.008749},{""region"":""Antofagasta Region"",""percentage"":0.041087},{""region"":""Araucan\u00eda Region"",""percentage"":0.072489},{""region"":""Atacama Region"",""percentage"":0.022965},{""region"":""B\u00edo B\u00edo Region"",""percentage"":0.139978},{""region"":""Coquimbo Region"",""percentage"":0.049055},{""region"":""O'Higgins Region"",""percentage"":0.06124},{""region"":""Los Lagos Region"",""percentage"":0.07202},{""region"":""Magallanes y la Ant\u00e1rtica Chilena Region"",""percentage"":0.026558},{""region"":""Maule Region"",""percentage"":0.070458},{""region"":""Santiago Metropolitan Region"",""percentage"":0.26199},{""region"":""Tarapac\u00e1 Region"",""percentage"":0.024215}","facebook,instagram","lower_bound: 1000001",es
1051147665638117,669777673091551,"Yasna Provoste Campillay",2021-10-27,2021-10-27,2021-10-31,"Yasna Provoste Campillay","Fortaleceremos el sistema de cuidados ""Chile Cuida"", fomentaremos el envejecimiento activo y saludable, potenciando el importante rol del SENAMA. Por una mejor vejez, #Vota3, vota #AhoraYasna",,,,"lower_bound: 300000, upper_bound: 349999","lower_bound: 200000, upper_bound: 249999",CLP,"{""age"":""55-64"",""gender"":""unknown"",""percentage"":0.000883},{""age"":""65+"",""gender"":""unknown"",""percentage"":0.000531},{""age"":""65+"",""gender"":""female"",""percentage"":0.048062},{""age"":""65+"",""gender"":""male"",""percentage"":0.027216},{""age"":""55-64"",""gender"":""female"",""percentage"":0.131047},{""age"":""55-64"",""gender"":""male"",""percentage"":0.064202},{""age"":""45-54"",""gender"":""female"",""percentage"":0.183753},{""age"":""45-54"",""gender"":""male"",""percentage"":0.110084},{""age"":""35-44"",""gender"":""male"",""percentage"":0.175073},{""age"":""35-44"",""gender"":""female"",""percentage"":0.253366},{""age"":""45-54"",""gender"":""unknown"",""percentage"":0.001967},{""age"":""35-44"",""gender"":""unknown"",""percentage"":0.003816}","{""region"":""Los R\u00edos Region"",""percentage"":0.032226},{""region"":""Arica y Parinacota Region"",""percentage"":0.016809},{""region"":""Valpara\u00edso Region"",""percentage"":0.108261},{""region"":""Antofagasta Region"",""percentage"":0.037845},{""region"":""Araucan\u00eda Region"",""percentage"":0.075573},{""region"":""Atacama Region"",""percentage"":0.023598},{""region"":""B\u00edo B\u00edo Region"",""percentage"":0.1482},{""region"":""Coquimbo Region"",""percentage"":0.048746},{""region"":""O'Higgins Region"",""percentage"":0.057174},{""region"":""Los Lagos Region"",""percentage"":0.075814},{""region"":""Magallanes y la Ant\u00e1rtica Chilena Region"",""percentage"":0.024996},{""region"":""Maule Region"",""percentage"":0.07598},{""region"":""Santiago Metropolitan Region"",""percentage"":0.239232},{""region"":""Tarapac\u00e1 Region"",""percentage"":0.023949},{""region"":""Ays\u00e9n Region"",""percentage"":0.011596}","facebook,instagram","lower_bound: 1000001",es
232464498872600,669777673091551,"Yasna Provoste Campillay",2021-10-27,2021-10-29,2021-10-31,"Yasna Provoste Campillay","Nos vamos a jugar por las familias de la clase media y por las familias de sectores más vulnerables, para que vivir en mejores barrios esté al alcance de todo. Crearemos un sistema de seguros, que considerará un subsidio para las familias y personas de menores ingresos, cubriendo obligaciones de salud ante enfermedades extremas de alto costo, pago transitorio de créditos hipotecarios y gastos asociados a la educación de los hijos en circunstancias extremas. #AhoraYasna,Nos vamos a jugar por las familias de la clase media y por las familias de sectores más vulnerables, para que vivir en mejores barrios esté al alcance de todo. Crearemos un sistema de seguros, que considerará un subsidio para las familias y personas de menores ingresos, cubriendo obligaciones de salud ante enfermedades extremas de alto costo, pago transitorio de créditos hipotecarios y gastos asociados a la educación de los hijos en circunstancias extremas. #AhoraYasna","Nos vamos a jugar por las familias de la clase media,Nos vamos a jugar por las familias de la clase media",yasnapresidenta.cl,,"lower_bound: 1000, upper_bound: 1999","lower_bound: 900, upper_bound: 999",CLP,"{""age"":""35-44"",""gender"":""unknown"",""percentage"":0.001212},{""age"":""65+"",""gender"":""unknown"",""percentage"":0.001212},{""age"":""45-54"",""gender"":""female"",""percentage"":0.138182},{""age"":""65+"",""gender"":""female"",""percentage"":0.058182},{""age"":""55-64"",""gender"":""female"",""percentage"":0.134545},{""age"":""45-54"",""gender"":""male"",""percentage"":0.105455},{""age"":""35-44"",""gender"":""male"",""percentage"":0.180606},{""age"":""35-44"",""gender"":""female"",""percentage"":0.266667},{""age"":""65+"",""gender"":""male"",""percentage"":0.048485},{""age"":""55-64"",""gender"":""male"",""percentage"":0.064242},{""age"":""55-64"",""gender"":""unknown"",""percentage"":0.001212}","{""region"":""Los R\u00edos Region"",""percentage"":0.027879},{""region"":""Arica y Parinacota Region"",""percentage"":0.01697},{""region"":""Valpara\u00edso Region"",""percentage"":0.088485},{""region"":""Ays\u00e9n Region"",""percentage"":0.012121},{""region"":""Antofagasta Region"",""percentage"":0.043636},{""region"":""Araucan\u00eda Region"",""percentage"":0.078788},{""region"":""Atacama Region"",""percentage"":0.030303},{""region"":""B\u00edo B\u00edo Region"",""percentage"":0.144242},{""region"":""Coquimbo Region"",""percentage"":0.036364},{""region"":""O'Higgins Region"",""percentage"":0.049697},{""region"":""Los Lagos Region"",""percentage"":0.073939},{""region"":""Magallanes y la Ant\u00e1rtica Chilena Region"",""percentage"":0.02303},{""region"":""Maule Region"",""percentage"":0.072727},{""region"":""Santiago Metropolitan Region"",""percentage"":0.272727},{""region"":""Tarapac\u00e1 Region"",""percentage"":0.029091}","facebook,instagram","lower_bound: 1000001",es
397423638535372,669777673091551,"Yasna Provoste Campillay",2021-10-26,2021-10-26,2021-10-27,"Yasna Provoste Campillay","Fraternidad, solidaridad y amor al prójimo. Así como la fiesta de Cuasimodo está en el alma de Chile, yo también quiero llevar la esperanza a cada hogar de este país. Juntos y juntas para unir y sanar a Chile.

Comparto parte de la #franjaelectoral de hoy. #AhoraYasna",,,,"lower_bound: 1000, upper_bound: 1999","lower_bound: 1000, upper_bound: 1499",CLP,"{""age"":""35-44"",""gender"":""unknown"",""percentage"":0.006052},{""age"":""55-64"",""gender"":""male"",""percentage"":0.06456},{""age"":""65+"",""gender"":""male"",""percentage"":0.032952},{""age"":""45-54"",""gender"":""female"",""percentage"":0.174849},{""age"":""45-54"",""gender"":""male"",""percentage"":0.133154},{""age"":""35-44"",""gender"":""male"",""percentage"":0.185609},{""age"":""55-64"",""gender"":""female"",""percentage"":0.112979},{""age"":""35-44"",""gender"":""female"",""percentage"":0.240081},{""age"":""65+"",""gender"":""female"",""percentage"":0.04842},{""age"":""55-64"",""gender"":""unknown"",""percentage"":0.001345}","{""region"":""Los R\u00edos Region"",""percentage"":0.041972},{""region"":""Arica y Parinacota Region"",""percentage"":0.021319},{""region"":""Valpara\u00edso Region"",""percentage"":0.095936},{""region"":""Ays\u00e9n Region"",""percentage"":0.007328},{""region"":""Antofagasta Region"",""percentage"":0.042638},{""region"":""Araucan\u00eda Region"",""percentage"":0.08461},{""region"":""Atacama Region"",""percentage"":0.018654},{""region"":""B\u00edo B\u00edo Region"",""percentage"":0.14457},{""region"":""Coquimbo Region"",""percentage"":0.041306},{""region"":""O'Higgins Region"",""percentage"":0.057961},{""region"":""Los Lagos Region"",""percentage"":0.077282},{""region"":""Magallanes y la Ant\u00e1rtica Chilena Region"",""percentage"":0.01066},{""region"":""Maule Region"",""percentage"":0.091272},{""region"":""Santiago Metropolitan Region"",""percentage"":0.243837},{""region"":""Tarapac\u00e1 Region"",""percentage"":0.020653}","facebook,instagram","lower_bound: 1000001",es
5069745903077265,669777673091551,"Yasna Provoste Campillay",2021-10-26,2021-10-26,2021-10-28,"Yasna Provoste Campillay","Nací en Vallenar y soy diaguita, de un pueblo que vive intensamente con el ritmo de la naturaleza. No quiero llegar más alto ni más lejos que nadie, sino más juntos. Hay gente que quiere estar sola en la cumbre, y hay otras como nosotras que preferimos estar juntas en la tierra. 

Juntos y juntas para unir y sanar a Chile. #AhoraYasna

Comparto parte de la #franjaelectoral de hoy. #Vota3","Soy diaguita",,,"lower_bound: 1000, upper_bound: 1999","lower_bound: 1000, upper_bound: 1499",CLP,"{""age"":""65+"",""gender"":""unknown"",""percentage"":0.000574},{""age"":""55-64"",""gender"":""unknown"",""percentage"":0.000574},{""age"":""45-54"",""gender"":""unknown"",""percentage"":0.002298},{""age"":""55-64"",""gender"":""female"",""percentage"":0.094773},{""age"":""45-54"",""gender"":""male"",""percentage"":0.091327},{""age"":""45-54"",""gender"":""female"",""percentage"":0.17174},{""age"":""35-44"",""gender"":""unknown"",""percentage"":0.006318},{""age"":""35-44"",""gender"":""male"",""percentage"":0.214245},{""age"":""35-44"",""gender"":""female"",""percentage"":0.296956},{""age"":""65+"",""gender"":""female"",""percentage"":0.047099},{""age"":""65+"",""gender"":""male"",""percentage"":0.022975},{""age"":""55-64"",""gender"":""male"",""percentage"":0.05112}","{""region"":""Los R\u00edos Region"",""percentage"":0.03046},{""region"":""Arica y Parinacota Region"",""percentage"":0.018391},{""region"":""Valpara\u00edso Region"",""percentage"":0.116667},{""region"":""Ays\u00e9n Region"",""percentage"":0.013793},{""region"":""Antofagasta Region"",""percentage"":0.038506},{""region"":""Araucan\u00eda Region"",""percentage"":0.072414},{""region"":""Atacama Region"",""percentage"":0.027586},{""region"":""B\u00edo B\u00edo Region"",""percentage"":0.147126},{""region"":""Coquimbo Region"",""percentage"":0.049425},{""region"":""O'Higgins Region"",""percentage"":0.055747},{""region"":""Los Lagos Region"",""percentage"":0.077586},{""region"":""Magallanes y la Ant\u00e1rtica Chilena Region"",""percentage"":0.01954},{""region"":""Maule Region"",""percentage"":0.075287},{""region"":""Santiago Metropolitan Region"",""percentage"":0.229885},{""region"":""Tarapac\u00e1 Region"",""percentage"":0.027586}","facebook,instagram","lower_bound: 1000001",es
298815452067273,669777673091551,"Yasna Provoste Campillay",2021-10-26,2021-10-26,2021-10-28,"Yasna Provoste Campillay","Las familias no soportan más la delincuencia y el narcotráfico que se apoderó de los barrios.

Para retomar la paz en nuestros barrios, 3 razones para votar 3:

1. Descabezaremos el narcotráfico desde arriba.
2. Quitaremos las armas de las calles.
3. Potenciaremos el trabajo en conjunto de las policías.

#AhoraYasna",,,,"lower_bound: 25000, upper_bound: 29999","lower_bound: 20000, upper_bound: 24999",CLP,"{""age"":""55-64"",""gender"":""unknown"",""percentage"":0.000249},{""age"":""35-44"",""gender"":""unknown"",""percentage"":0.002553},{""age"":""45-54"",""gender"":""unknown"",""percentage"":0.001059},{""age"":""65+"",""gender"":""female"",""percentage"":0.033628},{""age"":""35-44"",""gender"":""female"",""percentage"":0.329493},{""age"":""35-44"",""gender"":""male"",""percentage"":0.165463},{""age"":""55-64"",""gender"":""female"",""percentage"":0.114398},{""age"":""45-54"",""gender"":""male"",""percentage"":0.092477},{""age"":""45-54"",""gender"":""female"",""percentage"":0.197036},{""age"":""65+"",""gender"":""male"",""percentage"":0.019741},{""age"":""55-64"",""gender"":""male"",""percentage"":0.043343},{""age"":""65+"",""gender"":""unknown"",""percentage"":0.00056}","{""region"":""Los R\u00edos Region"",""percentage"":0.032609},{""region"":""Arica y Parinacota Region"",""percentage"":0.016054},{""region"":""Valpara\u00edso Region"",""percentage"":0.102261},{""region"":""Ays\u00e9n Region"",""percentage"":0.010557},{""region"":""Antofagasta Region"",""percentage"":0.040855},{""region"":""Araucan\u00eda Region"",""percentage"":0.076774},{""region"":""Atacama Region"",""percentage"":0.028486},{""region"":""B\u00edo B\u00edo Region"",""percentage"":0.151424},{""region"":""Coquimbo Region"",""percentage"":0.0491},{""region"":""O'Higgins Region"",""percentage"":0.062344},{""region"":""Los Lagos Region"",""percentage"":0.075837},{""region"":""Magallanes y la Ant\u00e1rtica Chilena Region"",""percentage"":0.017241},{""region"":""Maule Region"",""percentage"":0.09589},{""region"":""Santiago Metropolitan Region"",""percentage"":0.219515},{""region"":""Tarapac\u00e1 Region"",""percentage"":0.021052}","facebook,instagram","lower_bound: 1000001",es
4422533171165901,669777673091551,"Yasna Provoste Campillay",2021-10-25,2021-10-25,2021-10-28,"Yasna Provoste Campillay","Fortaleceremos el sistema de cuidados ""Chile Cuida"", fomentaremos el envejecimiento activo y saludable, potenciando el importante rol del SENAMA. Por una mejor vejez, #Vota3, vota #AhoraYasna",,,,"lower_bound: 700000, upper_bound: 799999","lower_bound: 500000, upper_bound: 599999",CLP,"{""age"":""65+"",""gender"":""unknown"",""percentage"":0.000339},{""age"":""45-54"",""gender"":""unknown"",""percentage"":0.001703},{""age"":""35-44"",""gender"":""unknown"",""percentage"":0.003392},{""age"":""65+"",""gender"":""male"",""percentage"":0.023999},{""age"":""65+"",""gender"":""female"",""percentage"":0.036737},{""age"":""55-64"",""gender"":""male"",""percentage"":0.063947},{""age"":""45-54"",""gender"":""female"",""percentage"":0.178877},{""age"":""35-44"",""gender"":""male"",""percentage"":0.195111},{""age"":""35-44"",""gender"":""female"",""percentage"":0.255834},{""age"":""55-64"",""gender"":""female"",""percentage"":0.118608},{""age"":""45-54"",""gender"":""male"",""percentage"":0.120831},{""age"":""55-64"",""gender"":""unknown"",""percentage"":0.000621}","{""region"":""Los R\u00edos Region"",""percentage"":0.031569},{""region"":""Arica y Parinacota Region"",""percentage"":0.015522},{""region"":""Valpara\u00edso Region"",""percentage"":0.10314},{""region"":""Ays\u00e9n Region"",""percentage"":0.010467},{""region"":""Antofagasta Region"",""percentage"":0.038725},{""region"":""Araucan\u00eda Region"",""percentage"":0.075438},{""region"":""Atacama Region"",""percentage"":0.021809},{""region"":""B\u00edo B\u00edo Region"",""percentage"":0.144217},{""region"":""Coquimbo Region"",""percentage"":0.049521},{""region"":""O'Higgins Region"",""percentage"":0.063189},{""region"":""Los Lagos Region"",""percentage"":0.07573},{""region"":""Magallanes y la Ant\u00e1rtica Chilena Region"",""percentage"":0.017215},{""region"":""Maule Region"",""percentage"":0.082186},{""region"":""Santiago Metropolitan Region"",""percentage"":0.248802},{""region"":""Tarapac\u00e1 Region"",""percentage"":0.022472}","facebook,instagram","lower_bound: 1000001",es
1028120278008520,669777673091551,"Yasna Provoste Campillay",2021-10-25,2021-10-25,2021-10-30,"Yasna Provoste Campillay","Crearemos un nuevo sistema de pensiones. Todas las personas mayores de 65 años, salvo el 10% de mayores ingresos, recibirán una pensión de $225.000, que se sumará a la que hayan logrado con sus propios ahorros.

Comparto parte de la #franjaelectoral de hoy. #AhoraYasna",,,,"lower_bound: 600000, upper_bound: 699999","lower_bound: 400000, upper_bound: 449999",CLP,"{""age"":""65+"",""gender"":""female"",""percentage"":0.049403},{""age"":""55-64"",""gender"":""male"",""percentage"":0.0795},{""age"":""45-54"",""gender"":""female"",""percentage"":0.16906},{""age"":""45-54"",""gender"":""male"",""percentage"":0.126483},{""age"":""65+"",""gender"":""male"",""percentage"":0.030746},{""age"":""55-64"",""gender"":""female"",""percentage"":0.133687},{""age"":""35-44"",""gender"":""female"",""percentage"":0.225921},{""age"":""35-44"",""gender"":""male"",""percentage"":0.178187},{""age"":""45-54"",""gender"":""unknown"",""percentage"":0.002029},{""age"":""35-44"",""gender"":""unknown"",""percentage"":0.003825},{""age"":""65+"",""gender"":""unknown"",""percentage"":0.000458},{""age"":""55-64"",""gender"":""unknown"",""percentage"":0.0007}","{""region"":""Los R\u00edos Region"",""percentage"":0.02998},{""region"":""Arica y Parinacota Region"",""percentage"":0.015654},{""region"":""Valpara\u00edso Region"",""percentage"":0.100296},{""region"":""Ays\u00e9n Region"",""percentage"":0.009571},{""region"":""Antofagasta Region"",""percentage"":0.037759},{""region"":""Araucan\u00eda Region"",""percentage"":0.073539},{""region"":""Atacama Region"",""percentage"":0.021602},{""region"":""B\u00edo B\u00edo Region"",""percentage"":0.141437},{""region"":""Coquimbo Region"",""percentage"":0.048321},{""region"":""O'Higgins Region"",""percentage"":0.060335},{""region"":""Los Lagos Region"",""percentage"":0.071231},{""region"":""Magallanes y la Ant\u00e1rtica Chilena Region"",""percentage"":0.017354},{""region"":""Maule Region"",""percentage"":0.077601},{""region"":""Santiago Metropolitan Region"",""percentage"":0.273},{""region"":""Tarapac\u00e1 Region"",""percentage"":0.022319}","facebook,instagram","lower_bound: 1000001",es
621766535873302,669777673091551,"Yasna Provoste Campillay",2021-10-25,2021-10-25,2021-10-25,"Yasna Provoste Campillay","Una de las mayores gracias del desierto florido es que las semillas se mantienen bajo la tierra, esperando pacientemente a que el cielo riegue estos suelos para florecer. Como un desierto, la política también pareciera que ha ido perdiendo vida. La falta de acuerdos y la perdida de confianzas, tanto en el Gobierno como en la oposición, la han vuelto inerte y seca. Y si bien muchos no creen que haya semillas esperando la lluvia, yo creo que Chile puede volver a florecer.

Comparto con ustedes parte de la #franjaelectoral de hoy. #AhoraYasna","Chile puede florecer",,,"lower_bound: 0, upper_bound: 999","lower_bound: 200, upper_bound: 299",CLP,"{""age"":""65+"",""gender"":""female"",""percentage"":0.043605},{""age"":""45-54"",""gender"":""male"",""percentage"":0.098837},{""age"":""55-64"",""gender"":""male"",""percentage"":0.055233},{""age"":""55-64"",""gender"":""female"",""percentage"":0.122093},{""age"":""45-54"",""gender"":""female"",""percentage"":0.159884},{""age"":""35-44"",""gender"":""male"",""percentage"":0.171512},{""age"":""65+"",""gender"":""male"",""percentage"":0.014535},{""age"":""35-44"",""gender"":""female"",""percentage"":0.334302}","{""region"":""Los R\u00edos Region"",""percentage"":0.011628},{""region"":""Arica y Parinacota Region"",""percentage"":0.014535},{""region"":""Valpara\u00edso Region"",""percentage"":0.090116},{""region"":""Ays\u00e9n Region"",""percentage"":0.020349},{""region"":""Antofagasta Region"",""percentage"":0.046512},{""region"":""Araucan\u00eda Region"",""percentage"":0.087209},{""region"":""Atacama Region"",""percentage"":0.014535},{""region"":""B\u00edo B\u00edo Region"",""percentage"":0.122093},{""region"":""Coquimbo Region"",""percentage"":0.043605},{""region"":""O'Higgins Region"",""percentage"":0.06686},{""region"":""Los Lagos Region"",""percentage"":0.06686},{""region"":""Magallanes y la Ant\u00e1rtica Chilena Region"",""percentage"":0.011628},{""region"":""Maule Region"",""percentage"":0.104651},{""region"":""Santiago Metropolitan Region"",""percentage"":0.258721},{""region"":""Tarapac\u00e1 Region"",""percentage"":0.040698}","facebook,instagram","lower_bound: 1000001",es
304622774521159,669777673091551,"Yasna Provoste Campillay",2021-10-25,2021-10-25,2021-10-25,"Yasna Provoste Campillay","Una de las mayores gracias del desierto florido es que las semillas se mantienen bajo la tierra, esperando pacientemente a que el cielo riegue estos suelos para florecer. Como un desierto, la política también pareciera que ha ido perdiendo vida. La falta de acuerdos y la perdida de confianzas, tanto en el Gobierno como en la oposición, la han vuelto inerte y seca. Y si bien muchos no creen que haya semillas esperando la lluvia, yo creo que Chile puede volver a florecer.

Comparto con ustedes parte de la #franjaelectoral de hoy. #AhoraYasna","Chile puede florecer",,,"lower_bound: 0, upper_bound: 999","lower_bound: 0, upper_bound: 99",CLP,,,"facebook,instagram","lower_bound: 10001, upper_bound: 50000",es
1299569583812855,669777673091551,"Yasna Provoste Campillay",2021-10-25,2021-10-25,2021-10-31,"Yasna Provoste Campillay","Luego de una intensa gira por la Región de Los Lagos, fueron muchas las muestras de cariño y apoyo que recibimos desde Quellón hasta Osorno. Una de ellas fue la del concejal Baltazar Elgueta, primera mayoría en Castro. Muchas gracias, Baltazar!","#AhoraYasna en Castro",yasnapresidenta.cl,,"lower_bound: 100000, upper_bound: 124999","lower_bound: 250000, upper_bound: 299999",CLP,"{""age"":""45-54"",""gender"":""unknown"",""percentage"":0.002469},{""age"":""35-44"",""gender"":""unknown"",""percentage"":0.004084},{""age"":""55-64"",""gender"":""unknown"",""percentage"":0.000855},{""age"":""45-54"",""gender"":""male"",""percentage"":0.121273},{""age"":""35-44"",""gender"":""male"",""percentage"":0.198955},{""age"":""65+"",""gender"":""male"",""percentage"":0.023552},{""age"":""65+"",""gender"":""unknown"",""percentage"":0.00076},{""age"":""35-44"",""gender"":""female"",""percentage"":0.260399},{""age"":""65+"",""gender"":""female"",""percentage"":0.042735},{""age"":""45-54"",""gender"":""female"",""percentage"":0.175309},{""age"":""55-64"",""gender"":""female"",""percentage"":0.108357},{""age"":""55-64"",""gender"":""male"",""percentage"":0.061254}","{""region"":""Los Lagos Region"",""percentage"":1}","facebook,instagram","lower_bound: 10001, upper_bound: 50000",es
1282886232155691,669777673091551,"Yasna Provoste Campillay",2021-10-24,2021-10-24,2021-10-28,"Yasna Provoste Campillay","Crearemos un nuevo sistema de pensiones. Todas las personas mayores de 65 años, salvo el 10% de mayores ingresos, recibirán una pensión de $225.000, que se sumará a la que hayan logrado con sus propios ahorros.

Comparto parte de la #franjaelectoral de hoy. #AhoraYasna",,,,"lower_bound: 700000, upper_bound: 799999","lower_bound: 500000, upper_bound: 599999",CLP,"{""age"":""65+"",""gender"":""male"",""percentage"":0.029613},{""age"":""35-44"",""gender"":""unknown"",""percentage"":0.002221},{""age"":""65+"",""gender"":""female"",""percentage"":0.046336},{""age"":""45-54"",""gender"":""unknown"",""percentage"":0.001422},{""age"":""35-44"",""gender"":""male"",""percentage"":0.169755},{""age"":""35-44"",""gender"":""female"",""percentage"":0.207533},{""age"":""45-54"",""gender"":""male"",""percentage"":0.136212},{""age"":""45-54"",""gender"":""female"",""percentage"":0.176834},{""age"":""55-64"",""gender"":""female"",""percentage"":0.145109},{""age"":""55-64"",""gender"":""male"",""percentage"":0.084034},{""age"":""55-64"",""gender"":""unknown"",""percentage"":0.000628},{""age"":""65+"",""gender"":""unknown"",""percentage"":0.000302}","{""region"":""Los R\u00edos Region"",""percentage"":0.0318},{""region"":""Arica y Parinacota Region"",""percentage"":0.014321},{""region"":""Valpara\u00edso Region"",""percentage"":0.094911},{""region"":""Ays\u00e9n Region"",""percentage"":0.00922},{""region"":""Antofagasta Region"",""percentage"":0.035647},{""region"":""Araucan\u00eda Region"",""percentage"":0.077114},{""region"":""Atacama Region"",""percentage"":0.02049},{""region"":""B\u00edo B\u00edo Region"",""percentage"":0.144477},{""region"":""Coquimbo Region"",""percentage"":0.047173},{""region"":""O'Higgins Region"",""percentage"":0.061292},{""region"":""Los Lagos Region"",""percentage"":0.075597},{""region"":""Magallanes y la Ant\u00e1rtica Chilena Region"",""percentage"":0.015482},{""region"":""Maule Region"",""percentage"":0.084246},{""region"":""Santiago Metropolitan Region"",""percentage"":0.266321},{""region"":""Tarapac\u00e1 Region"",""percentage"":0.021909}","facebook,instagram","lower_bound: 1000001",es
1235221223612957,669777673091551,"Yasna Provoste Campillay",2021-10-23,2021-10-23,2021-10-28,"Yasna Provoste Campillay","Una de las mayores gracias del desierto florido es que las semillas se mantienen bajo la tierra, esperando pacientemente a que el cielo riegue estos suelos para florecer. Como un desierto, la política también pareciera que ha ido perdiendo vida. La falta de acuerdos y la perdida de confianzas, tanto en el Gobierno como en la oposición, la han vuelto inerte y seca. Y si bien muchos no creen que haya semillas esperando la lluvia, yo creo que Chile puede volver a florecer.

Comparto con ustedes parte de la #franjaelectoral de hoy. #AhoraYasna","Chile puede florecer",,,"lower_bound: 125000, upper_bound: 149999","lower_bound: 100000, upper_bound: 124999",CLP,"{""age"":""45-54"",""gender"":""unknown"",""percentage"":0.002034},{""age"":""55-64"",""gender"":""unknown"",""percentage"":0.000747},{""age"":""35-44"",""gender"":""unknown"",""percentage"":0.003907},{""age"":""65+"",""gender"":""unknown"",""percentage"":0.000368},{""age"":""45-54"",""gender"":""male"",""percentage"":0.118964},{""age"":""35-44"",""gender"":""male"",""percentage"":0.193161},{""age"":""55-64"",""gender"":""female"",""percentage"":0.125675},{""age"":""65+"",""gender"":""male"",""percentage"":0.02875},{""age"":""35-44"",""gender"":""female"",""percentage"":0.237193},{""age"":""45-54"",""gender"":""female"",""percentage"":0.171696},{""age"":""55-64"",""gender"":""male"",""percentage"":0.072013},{""age"":""65+"",""gender"":""female"",""percentage"":0.045492}","{""region"":""Los R\u00edos Region"",""percentage"":0.030572},{""region"":""Arica y Parinacota Region"",""percentage"":0.015012},{""region"":""Valpara\u00edso Region"",""percentage"":0.104594},{""region"":""Ays\u00e9n Region"",""percentage"":0.008966},{""region"":""Antofagasta Region"",""percentage"":0.037359},{""region"":""Araucan\u00eda Region"",""percentage"":0.068421},{""region"":""Atacama Region"",""percentage"":0.021457},{""region"":""B\u00edo B\u00edo Region"",""percentage"":0.13034},{""region"":""Coquimbo Region"",""percentage"":0.048424},{""region"":""O'Higgins Region"",""percentage"":0.057516},{""region"":""Los Lagos Region"",""percentage"":0.074193},{""region"":""Magallanes y la Ant\u00e1rtica Chilena Region"",""percentage"":0.016107},{""region"":""Maule Region"",""percentage"":0.077935},{""region"":""Santiago Metropolitan Region"",""percentage"":0.286677},{""region"":""Tarapac\u00e1 Region"",""percentage"":0.022427}","facebook,instagram","lower_bound: 1000001",es
246479324198998,669777673091551,"Yasna Provoste Campillay",2021-10-22,2021-10-23,2021-10-27,"Yasna Provoste Campillay","El nuevo Código de Aguas, aprobado durante nuestra presidencia del Senado, cambia naturaleza jurídica de derechos de aprovechamiento: son concesiones reguladas en función del interés público, caducables si se especula con ellas o no se usan. Nosotros haremos valer la nueva norma.

Les comparto parte del debate de ayer por el Futuro del Agua en Chile, de La Red.🌿",,,,"lower_bound: 100000, upper_bound: 124999","lower_bound: 125000, upper_bound: 149999",CLP,"{""age"":""55-64"",""gender"":""unknown"",""percentage"":0.000696},{""age"":""45-54"",""gender"":""unknown"",""percentage"":0.001384},{""age"":""35-44"",""gender"":""unknown"",""percentage"":0.002285},{""age"":""65+"",""gender"":""unknown"",""percentage"":0.000311},{""age"":""65+"",""gender"":""male"",""percentage"":0.029171},{""age"":""55-64"",""gender"":""male"",""percentage"":0.086325},{""age"":""45-54"",""gender"":""female"",""percentage"":0.183246},{""age"":""45-54"",""gender"":""male"",""percentage"":0.132071},{""age"":""55-64"",""gender"":""female"",""percentage"":0.145911},{""age"":""35-44"",""gender"":""female"",""percentage"":0.209321},{""age"":""35-44"",""gender"":""male"",""percentage"":0.158367},{""age"":""65+"",""gender"":""female"",""percentage"":0.050914}","{""region"":""Los R\u00edos Region"",""percentage"":0.031809},{""region"":""Arica y Parinacota Region"",""percentage"":0.014784},{""region"":""Valpara\u00edso Region"",""percentage"":0.100775},{""region"":""Ays\u00e9n Region"",""percentage"":0.009048},{""region"":""Antofagasta Region"",""percentage"":0.033317},{""region"":""Araucan\u00eda Region"",""percentage"":0.079011},{""region"":""Atacama Region"",""percentage"":0.02042},{""region"":""B\u00edo B\u00edo Region"",""percentage"":0.146807},{""region"":""Coquimbo Region"",""percentage"":0.046395},{""region"":""O'Higgins Region"",""percentage"":0.057248},{""region"":""Los Lagos Region"",""percentage"":0.076506},{""region"":""Magallanes y la Ant\u00e1rtica Chilena Region"",""percentage"":0.014067},{""region"":""Maule Region"",""percentage"":0.081376},{""region"":""Santiago Metropolitan Region"",""percentage"":0.26581},{""region"":""Tarapac\u00e1 Region"",""percentage"":0.022629}","facebook,instagram","lower_bound: 1000001",es
200261298796377,669777673091551,"Yasna Provoste Campillay",2021-10-22,2021-10-23,2021-10-23,"Yasna Provoste Campillay","Aumentaremos el sueldo mínimo de acuerdo a la línea de pobreza familiar, a través de un mejoramiento real de las remuneraciones y del subsidio salarial centrado en los trabajadores de las empresas de menor tamaño. #AhoraYasna",,,,"lower_bound: 5000, upper_bound: 5999","lower_bound: 4500, upper_bound: 4999",CLP,"{""age"":""55-64"",""gender"":""male"",""percentage"":0.06746},{""age"":""65+"",""gender"":""female"",""percentage"":0.039056},{""age"":""45-54"",""gender"":""female"",""percentage"":0.154447},{""age"":""35-44"",""gender"":""female"",""percentage"":0.257057},{""age"":""45-54"",""gender"":""male"",""percentage"":0.12196},{""age"":""35-44"",""gender"":""male"",""percentage"":0.219421},{""age"":""65+"",""gender"":""male"",""percentage"":0.027871},{""age"":""55-64"",""gender"":""female"",""percentage"":0.106515},{""age"":""35-44"",""gender"":""unknown"",""percentage"":0.003906},{""age"":""55-64"",""gender"":""unknown"",""percentage"":0.000533},{""age"":""45-54"",""gender"":""unknown"",""percentage"":0.001775}","{""region"":""Los R\u00edos Region"",""percentage"":0.031397},{""region"":""Arica y Parinacota Region"",""percentage"":0.018946},{""region"":""Valpara\u00edso Region"",""percentage"":0.106821},{""region"":""Ays\u00e9n Region"",""percentage"":0.011368},{""region"":""Antofagasta Region"",""percentage"":0.03699},{""region"":""Araucan\u00eda Region"",""percentage"":0.07362},{""region"":""Atacama Region"",""percentage"":0.022375},{""region"":""B\u00edo B\u00edo Region"",""percentage"":0.147961},{""region"":""Coquimbo Region"",""percentage"":0.056297},{""region"":""O'Higgins Region"",""percentage"":0.063154},{""region"":""Los Lagos Region"",""percentage"":0.082461},{""region"":""Magallanes y la Ant\u00e1rtica Chilena Region"",""percentage"":0.013533},{""region"":""Maule Region"",""percentage"":0.07777},{""region"":""Santiago Metropolitan Region"",""percentage"":0.231324},{""region"":""Tarapac\u00e1 Region"",""percentage"":0.025983}","facebook,instagram","lower_bound: 1000001",es
372940317890464,669777673091551,"Yasna Provoste Campillay",2021-10-22,2021-10-23,2021-10-24,"Yasna Provoste Campillay","El buen vivir es transporte adecuado, bueno y a precio justo. Es ciudades y barrios integrados por la planificación. Es seguridad frente al delito. Vamos a tener una mano generosa para apoyar a nuestros barrios y una mano fuerte para castigar al narcotráfico y al crimen organizado. #AhoraYasna","El buen vivir es transporte adecuado, bueno y a precio justo",yasnapresidenta.cl,"Soy de Atacama, diaguita, crecí en el desierto, pero nunca estuve sola. Tuve la suerte de tener un entorno que me apoyó siempre. Como muchas mujeres, sé hacer que las cosas pasen, y que pasen en paz. Esa es la gobernabilidad que quiero ofrecerle a Chile. Y lo quiero hacer ahora para que juntos lo...","lower_bound: 60000, upper_bound: 69999","lower_bound: 50000, upper_bound: 59999",CLP,"{""age"":""65+"",""gender"":""male"",""percentage"":0.027416},{""age"":""65+"",""gender"":""female"",""percentage"":0.029969},{""age"":""45-54"",""gender"":""male"",""percentage"":0.127927},{""age"":""55-64"",""gender"":""female"",""percentage"":0.095381},{""age"":""35-44"",""gender"":""female"",""percentage"":0.25097},{""age"":""55-64"",""gender"":""male"",""percentage"":0.071278},{""age"":""45-54"",""gender"":""female"",""percentage"":0.144716},{""age"":""35-44"",""gender"":""male"",""percentage"":0.244122},{""age"":""45-54"",""gender"":""unknown"",""percentage"":0.002847},{""age"":""35-44"",""gender"":""unknown"",""percentage"":0.004271},{""age"":""65+"",""gender"":""unknown"",""percentage"":0.000442},{""age"":""55-64"",""gender"":""unknown"",""percentage"":0.000663}","{""region"":""Los R\u00edos Region"",""percentage"":0.032345},{""region"":""Arica y Parinacota Region"",""percentage"":0.017153},{""region"":""Valpara\u00edso Region"",""percentage"":0.106297},{""region"":""Ays\u00e9n Region"",""percentage"":0.009826},{""region"":""Antofagasta Region"",""percentage"":0.037564},{""region"":""Araucan\u00eda Region"",""percentage"":0.070644},{""region"":""Atacama Region"",""percentage"":0.020828},{""region"":""B\u00edo B\u00edo Region"",""percentage"":0.13776},{""region"":""Coquimbo Region"",""percentage"":0.047586},{""region"":""O'Higgins Region"",""percentage"":0.061603},{""region"":""Los Lagos Region"",""percentage"":0.078608},{""region"":""Magallanes y la Ant\u00e1rtica Chilena Region"",""percentage"":0.017226},{""region"":""Maule Region"",""percentage"":0.078265},{""region"":""Santiago Metropolitan Region"",""percentage"":0.260304},{""region"":""Tarapac\u00e1 Region"",""percentage"":0.023989}","facebook,instagram","lower_bound: 1000001",es
565120528054091,669777673091551,"Yasna Provoste Campillay",2021-10-22,2021-10-23,2021-10-27,"Yasna Provoste Campillay","La derecha no puede ofrecer nada distinto de lo que ha hecho. Se han opuesto permanentemente a ampliar las libertades, a cambiar un modelo que ha generado profundas desigualdades. Avancemos a un Chile diverso y de justicia social. #AhoraYasna","La derecha no puede ofrecer nada distinto de lo que ha hecho",yasnapresidenta.cl,"Soy de Atacama, diaguita, crecí en el desierto, pero nunca estuve sola. Tuve la suerte de tener un entorno que me apoyó siempre. Como muchas mujeres, sé hacer que las cosas pasen, y que pasen en paz. Esa es la gobernabilidad que quiero ofrecerle a Chile. Y lo quiero hacer ahora para que juntos lo...","lower_bound: 100000, upper_bound: 124999","lower_bound: 70000, upper_bound: 79999",CLP,"{""age"":""65+"",""gender"":""unknown"",""percentage"":0.000522},{""age"":""55-64"",""gender"":""unknown"",""percentage"":0.000765},{""age"":""45-54"",""gender"":""unknown"",""percentage"":0.002644},{""age"":""35-44"",""gender"":""unknown"",""percentage"":0.004992},{""age"":""55-64"",""gender"":""male"",""percentage"":0.062079},{""age"":""45-54"",""gender"":""male"",""percentage"":0.120106},{""age"":""35-44"",""gender"":""male"",""percentage"":0.231514},{""age"":""35-44"",""gender"":""female"",""percentage"":0.264094},{""age"":""45-54"",""gender"":""female"",""percentage"":0.155642},{""age"":""55-64"",""gender"":""female"",""percentage"":0.098172},{""age"":""65+"",""gender"":""female"",""percentage"":0.032631},{""age"":""65+"",""gender"":""male"",""percentage"":0.026839}","{""region"":""Los R\u00edos Region"",""percentage"":0.030368},{""region"":""Arica y Parinacota Region"",""percentage"":0.015973},{""region"":""Valpara\u00edso Region"",""percentage"":0.108158},{""region"":""Ays\u00e9n Region"",""percentage"":0.008699},{""region"":""Antofagasta Region"",""percentage"":0.037608},{""region"":""Araucan\u00eda Region"",""percentage"":0.07079},{""region"":""Atacama Region"",""percentage"":0.020949},{""region"":""B\u00edo B\u00edo Region"",""percentage"":0.137291},{""region"":""Coquimbo Region"",""percentage"":0.050493},{""region"":""O'Higgins Region"",""percentage"":0.061886},{""region"":""Los Lagos Region"",""percentage"":0.077275},{""region"":""Magallanes y la Ant\u00e1rtica Chilena Region"",""percentage"":0.017346},{""region"":""Maule Region"",""percentage"":0.073724},{""region"":""Santiago Metropolitan Region"",""percentage"":0.265763},{""region"":""Tarapac\u00e1 Region"",""percentage"":0.023677}","facebook,instagram","lower_bound: 1000001",es
213749737394832,669777673091551,"Yasna Provoste Campillay",2021-10-22,2021-10-22,2021-10-25,"Yasna Provoste Campillay","Entraremos a La Moneda con las mujeres, con el Chile diverso, con las regiones. Recuperaremos la inversión y el empleo, especialmente de mujeres que debieron volcarse al cuidado no remunerado y, en muchos casos, a actividades informales de escasa productividad, bajos ingresos y desprotección. #AhoraYasna","Entraremos a La Moneda con las mujeres, con el Chile diverso, con las regiones",yasnapresidenta.cl,"Soy de Atacama, diaguita, crecí en el desierto, pero nunca estuve sola. Tuve la suerte de tener un entorno que me apoyó siempre. Como muchas mujeres, sé hacer que las cosas pasen, y que pasen en paz. Esa es la gobernabilidad que quiero ofrecerle a Chile. Y lo quiero hacer ahora para que juntos lo...","lower_bound: 175000, upper_bound: 199999","lower_bound: 150000, upper_bound: 174999",CLP,"{""age"":""65+"",""gender"":""unknown"",""percentage"":0.000423},{""age"":""55-64"",""gender"":""unknown"",""percentage"":0.000638},{""age"":""35-44"",""gender"":""male"",""percentage"":0.193633},{""age"":""35-44"",""gender"":""female"",""percentage"":0.23496},{""age"":""55-64"",""gender"":""female"",""percentage"":0.12044},{""age"":""45-54"",""gender"":""male"",""percentage"":0.126328},{""age"":""55-64"",""gender"":""male"",""percentage"":0.075896},{""age"":""45-54"",""gender"":""female"",""percentage"":0.168492},{""age"":""65+"",""gender"":""male"",""percentage"":0.030622},{""age"":""45-54"",""gender"":""unknown"",""percentage"":0.001692},{""age"":""65+"",""gender"":""female"",""percentage"":0.043433},{""age"":""35-44"",""gender"":""unknown"",""percentage"":0.003433},{""age"":""13-17"",""gender"":""unknown"",""percentage"":8.0e-6}","{""region"":""Los R\u00edos Region"",""percentage"":0.031459},{""region"":""Arica y Parinacota Region"",""percentage"":0.016502},{""region"":""Valpara\u00edso Region"",""percentage"":0.102525},{""region"":""Ays\u00e9n Region"",""percentage"":0.010456},{""region"":""Antofagasta Region"",""percentage"":0.039747},{""region"":""Araucan\u00eda Region"",""percentage"":0.070516},{""region"":""Atacama Region"",""percentage"":0.022259},{""region"":""B\u00edo B\u00edo Region"",""percentage"":0.139068},{""region"":""Coquimbo Region"",""percentage"":0.048609},{""region"":""O'Higgins Region"",""percentage"":0.060347},{""region"":""Los Lagos Region"",""percentage"":0.074885},{""region"":""Magallanes y la Ant\u00e1rtica Chilena Region"",""percentage"":0.018054},{""region"":""Maule Region"",""percentage"":0.080397},{""region"":""Santiago Metropolitan Region"",""percentage"":0.26143},{""region"":""Tarapac\u00e1 Region"",""percentage"":0.023746}","facebook,instagram","lower_bound: 1000001",es
582408516310248,669777673091551,"Yasna Provoste Campillay",2021-10-22,2021-10-23,2021-10-28,"Yasna Provoste Campillay","El nuevo Código de Aguas, aprobado durante nuestra presidencia del Senado, cambia naturaleza jurídica de derechos de aprovechamiento: son concesiones reguladas en función del interés público, caducables si se especula con ellas o no se usan. Nosotros haremos valer la nueva norma.

Les comparto parte del debate de ayer por el Futuro del Agua en Chile, de La Red.🌿",,,,"lower_bound: 1000000","lower_bound: 900000, upper_bound: 999999",CLP,"{""age"":""45-54"",""gender"":""unknown"",""percentage"":0.001642},{""age"":""35-44"",""gender"":""unknown"",""percentage"":0.002994},{""age"":""55-64"",""gender"":""female"",""percentage"":0.118697},{""age"":""45-54"",""gender"":""male"",""percentage"":0.145518},{""age"":""35-44"",""gender"":""female"",""percentage"":0.219268},{""age"":""45-54"",""gender"":""female"",""percentage"":0.159877},{""age"":""55-64"",""gender"":""male"",""percentage"":0.084748},{""age"":""35-44"",""gender"":""male"",""percentage"":0.199414},{""age"":""65+"",""gender"":""male"",""percentage"":0.029397},{""age"":""65+"",""gender"":""female"",""percentage"":0.037509},{""age"":""55-64"",""gender"":""unknown"",""percentage"":0.000618},{""age"":""65+"",""gender"":""unknown"",""percentage"":0.000318}","{""region"":""Los R\u00edos Region"",""percentage"":0.030199},{""region"":""Arica y Parinacota Region"",""percentage"":0.014605},{""region"":""Valpara\u00edso Region"",""percentage"":0.096845},{""region"":""Ays\u00e9n Region"",""percentage"":0.009669},{""region"":""Antofagasta Region"",""percentage"":0.036778},{""region"":""Araucan\u00eda Region"",""percentage"":0.074506},{""region"":""Atacama Region"",""percentage"":0.020149},{""region"":""B\u00edo B\u00edo Region"",""percentage"":0.142991},{""region"":""Coquimbo Region"",""percentage"":0.046724},{""region"":""O'Higgins Region"",""percentage"":0.064893},{""region"":""Los Lagos Region"",""percentage"":0.077145},{""region"":""Magallanes y la Ant\u00e1rtica Chilena Region"",""percentage"":0.01616},{""region"":""Maule Region"",""percentage"":0.082417},{""region"":""Santiago Metropolitan Region"",""percentage"":0.263944},{""region"":""Tarapac\u00e1 Region"",""percentage"":0.022977}","facebook,instagram","lower_bound: 1000001",es
431240571844914,669777673091551,"Yasna Provoste Campillay",2021-10-22,2021-10-23,2021-10-25,"Yasna Provoste Campillay","Nos vamos a jugar por las familias de la clase media y por las familias de sectores más vulnerables, para que vivir en mejores barrios esté al alcance de todo. Crearemos un sistema de seguros, que considerará un subsidio para las familias y personas de menores ingresos, cubriendo obligaciones de salud ante enfermedades extremas de alto costo, pago transitorio de créditos hipotecarios y gastos asociados a la educación de los hijos en circunstancias extremas. #AhoraYasna,Nos vamos a jugar por las familias de la clase media y por las familias de sectores más vulnerables, para que vivir en mejores barrios esté al alcance de todo. Crearemos un sistema de seguros, que considerará un subsidio para las familias y personas de menores ingresos, cubriendo obligaciones de salud ante enfermedades extremas de alto costo, pago transitorio de créditos hipotecarios y gastos asociados a la educación de los hijos en circunstancias extremas. #AhoraYasna","Nos vamos a jugar por las familias de la clase media,Nos vamos a jugar por las familias de la clase media",yasnapresidenta.cl,,"lower_bound: 100000, upper_bound: 124999","lower_bound: 100000, upper_bound: 124999",CLP,"{""age"":""55-64"",""gender"":""unknown"",""percentage"":0.000282},{""age"":""65+"",""gender"":""unknown"",""percentage"":0.000157},{""age"":""45-54"",""gender"":""unknown"",""percentage"":0.00113},{""age"":""35-44"",""gender"":""unknown"",""percentage"":0.002103},{""age"":""65+"",""gender"":""female"",""percentage"":0.044504},{""age"":""65+"",""gender"":""male"",""percentage"":0.01869},{""age"":""45-54"",""gender"":""female"",""percentage"":0.216637},{""age"":""35-44"",""gender"":""male"",""percentage"":0.128962},{""age"":""35-44"",""gender"":""female"",""percentage"":0.333407},{""age"":""55-64"",""gender"":""female"",""percentage"":0.133184},{""age"":""55-64"",""gender"":""male"",""percentage"":0.046184},{""age"":""45-54"",""gender"":""male"",""percentage"":0.07476}","{""region"":""Los R\u00edos Region"",""percentage"":0.034373},{""region"":""Arica y Parinacota Region"",""percentage"":0.015952},{""region"":""Valpara\u00edso Region"",""percentage"":0.097527},{""region"":""Ays\u00e9n Region"",""percentage"":0.010593},{""region"":""Antofagasta Region"",""percentage"":0.041623},{""region"":""Araucan\u00eda Region"",""percentage"":0.072184},{""region"":""Atacama Region"",""percentage"":0.025608},{""region"":""B\u00edo B\u00edo Region"",""percentage"":0.148149},{""region"":""Coquimbo Region"",""percentage"":0.050279},{""region"":""O'Higgins Region"",""percentage"":0.06356},{""region"":""Los Lagos Region"",""percentage"":0.078278},{""region"":""Magallanes y la Ant\u00e1rtica Chilena Region"",""percentage"":0.016624},{""region"":""Maule Region"",""percentage"":0.088199},{""region"":""Santiago Metropolitan Region"",""percentage"":0.232473},{""region"":""Tarapac\u00e1 Region"",""percentage"":0.024577}","facebook,instagram","lower_bound: 1000001",es
432815211569296,669777673091551,"Yasna Provoste Campillay",2021-10-22,2021-10-23,2021-10-23,"Yasna Provoste Campillay","Que no dependa de la comuna donde uno viva, el rostro el Estado que le toque conocer. Fortaleceremos Chile Crece Contigo, dotándolo de un robusto componente de educación inicial, para que todos los niños y niñas desde los dos años, especialmente de los sectores más vulnerables, puedan desarrollar al máximo sus habilidades socioemocionales y cognitivas, y que no ingresen en desventaja al sistema educacional.  #AhoraYasna,Que no dependa de la comuna donde uno viva, el rostro el Estado que le toque conocer. Fortaleceremos Chile Crece Contigo, dotándolo de un robusto componente de educación inicial, para que todos los niños y niñas desde los dos años, especialmente de los sectores más vulnerables, puedan desarrollar al máximo sus habilidades socioemocionales y cognitivas, y que no ingresen en desventaja al sistema educacional.  #AhoraYasna","La derecha no puede ofrecer nada distinto de lo que ha hecho,La derecha no puede ofrecer nada distinto de lo que ha hecho",yasnapresidenta.cl,,"lower_bound: 50000, upper_bound: 59999","lower_bound: 45000, upper_bound: 49999",CLP,"{""age"":""65+"",""gender"":""unknown"",""percentage"":0.000272},{""age"":""45-54"",""gender"":""unknown"",""percentage"":0.000773},{""age"":""55-64"",""gender"":""unknown"",""percentage"":0.000272},{""age"":""55-64"",""gender"":""male"",""percentage"":0.047354},{""age"":""45-54"",""gender"":""male"",""percentage"":0.078583},{""age"":""65+"",""gender"":""female"",""percentage"":0.042968},{""age"":""65+"",""gender"":""male"",""percentage"":0.016126},{""age"":""35-44"",""gender"":""male"",""percentage"":0.106574},{""age"":""45-54"",""gender"":""female"",""percentage"":0.226788},{""age"":""55-64"",""gender"":""female"",""percentage"":0.148393},{""age"":""35-44"",""gender"":""female"",""percentage"":0.330123},{""age"":""35-44"",""gender"":""unknown"",""percentage"":0.001776}","{""region"":""Los R\u00edos Region"",""percentage"":0.033001},{""region"":""Arica y Parinacota Region"",""percentage"":0.014846},{""region"":""Valpara\u00edso Region"",""percentage"":0.099745},{""region"":""Ays\u00e9n Region"",""percentage"":0.010859},{""region"":""Antofagasta Region"",""percentage"":0.033743},{""region"":""Araucan\u00eda Region"",""percentage"":0.078049},{""region"":""Atacama Region"",""percentage"":0.021824},{""region"":""B\u00edo B\u00edo Region"",""percentage"":0.152874},{""region"":""Coquimbo Region"",""percentage"":0.050774},{""region"":""O'Higgins Region"",""percentage"":0.065111},{""region"":""Los Lagos Region"",""percentage"":0.08842},{""region"":""Magallanes y la Ant\u00e1rtica Chilena Region"",""percentage"":0.013574},{""region"":""Maule Region"",""percentage"":0.09315},{""region"":""Santiago Metropolitan Region"",""percentage"":0.222969},{""region"":""Tarapac\u00e1 Region"",""percentage"":0.02106}","facebook,instagram","lower_bound: 1000001",es
168348132170167,669777673091551,"Yasna Provoste Campillay",2021-10-22,2021-10-23,2021-10-24,"Yasna Provoste Campillay","Nosotros hemos marcado con mucha claridad nuestra posición: estamos a favor del cuarto retiro sin letra chica, que ayuda en especial a miles de mujeres, niñas y niños que no reciben sus pensiones de alimentos, y a mujeres que emprenden para salir de la crisis. #AhoraYasna","Estamos a favor del cuarto retiro sin letra chica",yasnapresidenta.cl,,"lower_bound: 10000, upper_bound: 14999","lower_bound: 10000, upper_bound: 14999",CLP,"{""age"":""35-44"",""gender"":""unknown"",""percentage"":0.003572},{""age"":""45-54"",""gender"":""male"",""percentage"":0.133644},{""age"":""65+"",""gender"":""female"",""percentage"":0.054867},{""age"":""55-64"",""gender"":""male"",""percentage"":0.080067},{""age"":""45-54"",""gender"":""female"",""percentage"":0.163508},{""age"":""55-64"",""gender"":""female"",""percentage"":0.119059},{""age"":""35-44"",""gender"":""male"",""percentage"":0.195555},{""age"":""35-44"",""gender"":""female"",""percentage"":0.210834},{""age"":""65+"",""gender"":""male"",""percentage"":0.036015},{""age"":""55-64"",""gender"":""unknown"",""percentage"":0.000595},{""age"":""45-54"",""gender"":""unknown"",""percentage"":0.001984},{""age"":""65+"",""gender"":""unknown"",""percentage"":0.000298}","{""region"":""Los R\u00edos Region"",""percentage"":0.030839},{""region"":""Arica y Parinacota Region"",""percentage"":0.014535},{""region"":""Valpara\u00edso Region"",""percentage"":0.106364},{""region"":""Ays\u00e9n Region"",""percentage"":0.010509},{""region"":""Antofagasta Region"",""percentage"":0.038008},{""region"":""Araucan\u00eda Region"",""percentage"":0.07582},{""region"":""Atacama Region"",""percentage"":0.025339},{""region"":""B\u00edo B\u00edo Region"",""percentage"":0.144765},{""region"":""Coquimbo Region"",""percentage"":0.054704},{""region"":""O'Higgins Region"",""percentage"":0.060794},{""region"":""Los Lagos Region"",""percentage"":0.077784},{""region"":""Magallanes y la Ant\u00e1rtica Chilena Region"",""percentage"":0.014928},{""region"":""Maule Region"",""percentage"":0.076409},{""region"":""Santiago Metropolitan Region"",""percentage"":0.246022},{""region"":""Tarapac\u00e1 Region"",""percentage"":0.023178}","facebook,instagram","lower_bound: 1000001",es
401415594789478,669777673091551,"Yasna Provoste Campillay",2021-10-22,2021-10-23,2021-10-23,"Yasna Provoste Campillay","El Estado requiere una modernización profunda. Algunos creen que modernizar es reducir, pero ese discurso fácil no pasa del slogan populista. Crearemos un fondo de entre 8 y 10 mil millones de dólares para las emergencias de pandemia y post pandemia, para prevenir nuevos brotes y atender retrasos en prestaciones de salud, fortaleciendo la atención primaria, en especial la salud mental. #AhoraYasna","El Estado requiere una modernización profunda",yasnapresidenta.cl,,"lower_bound: 35000, upper_bound: 39999","lower_bound: 30000, upper_bound: 34999",CLP,"{""age"":""45-54"",""gender"":""unknown"",""percentage"":0.001608},{""age"":""45-54"",""gender"":""male"",""percentage"":0.139067},{""age"":""35-44"",""gender"":""male"",""percentage"":0.198134},{""age"":""65+"",""gender"":""female"",""percentage"":0.040488},{""age"":""45-54"",""gender"":""female"",""percentage"":0.157875},{""age"":""35-44"",""gender"":""female"",""percentage"":0.21565},{""age"":""55-64"",""gender"":""female"",""percentage"":0.12448},{""age"":""55-64"",""gender"":""male"",""percentage"":0.084451},{""age"":""35-44"",""gender"":""unknown"",""percentage"":0.002383},{""age"":""65+"",""gender"":""male"",""percentage"":0.034803},{""age"":""55-64"",""gender"":""unknown"",""percentage"":0.000718},{""age"":""65+"",""gender"":""unknown"",""percentage"":0.000345}","{""region"":""Los R\u00edos Region"",""percentage"":0.035934},{""region"":""Arica y Parinacota Region"",""percentage"":0.018881},{""region"":""Valpara\u00edso Region"",""percentage"":0.110229},{""region"":""Ays\u00e9n Region"",""percentage"":0.012654},{""region"":""Antofagasta Region"",""percentage"":0.043589},{""region"":""Araucan\u00eda Region"",""percentage"":0.074638},{""region"":""Atacama Region"",""percentage"":0.023165},{""region"":""B\u00edo B\u00edo Region"",""percentage"":0.146305},{""region"":""Coquimbo Region"",""percentage"":0.048616},{""region"":""O'Higgins Region"",""percentage"":0.057471},{""region"":""Los Lagos Region"",""percentage"":0.079465},{""region"":""Magallanes y la Ant\u00e1rtica Chilena Region"",""percentage"":0.017167},{""region"":""Maule Region"",""percentage"":0.088092},{""region"":""Santiago Metropolitan Region"",""percentage"":0.217287},{""region"":""Tarapac\u00e1 Region"",""percentage"":0.026507}","facebook,instagram","lower_bound: 1000001",es
1127007341040466,669777673091551,"Yasna Provoste Campillay",2021-10-21,2021-10-22,2021-10-24,"Yasna Provoste Campillay","Este gobierno ha fracasado en entregar seguridad a los chilenos y chilenas. Chile es hoy un país más inseguro y eso debe cambiar ahora.

En los primeros 100 primeros días de nuestro gobierno avanzaremos en medidas concretas para enfrentar a la delicuencia y el narcotráfico.

Sacaremos las armas de las calles, reempadronando todas las armas legales en tres meses y persiguiendo con todo el rigor de la ley a quienes tienes armas ilegales y hechizas.

Enfrentaremos el crimen organizado y el narcotráfico en las comunas, reforzando el trabajo en los territorios con equipos especializados en comisarías y cuarteles. 

Y combatiremos la delincuencia en todos los barrios de Chile, con un Plan Nacional de Recuperación de Barrios.

La paz y la tranquilidad de las familias de Chile estarán en el centro de nuestro gobierno. No hay tiempo que perder. #AhoraEsCuando",,,,"lower_bound: 100000, upper_bound: 124999","lower_bound: 125000, upper_bound: 149999",CLP,"{""age"":""45-54"",""gender"":""female"",""percentage"":0.374176},{""age"":""65+"",""gender"":""female"",""percentage"":0.121678},{""age"":""35-44"",""gender"":""female"",""percentage"":0.212956},{""age"":""55-64"",""gender"":""female"",""percentage"":0.29119}","{""region"":""Arica y Parinacota Region"",""percentage"":0.036155},{""region"":""Valpara\u00edso Region"",""percentage"":0.089225},{""region"":""Antofagasta Region"",""percentage"":0.078827},{""region"":""Araucan\u00eda Region"",""percentage"":0.055821},{""region"":""B\u00edo B\u00edo Region"",""percentage"":0.097894},{""region"":""Coquimbo Region"",""percentage"":0.04049},{""region"":""O'Higgins Region"",""percentage"":0.037227},{""region"":""Los Lagos Region"",""percentage"":0.073855},{""region"":""Magallanes y la Ant\u00e1rtica Chilena Region"",""percentage"":0.021017},{""region"":""Maule Region"",""percentage"":0.046678},{""region"":""Santiago Metropolitan Region"",""percentage"":0.378023},{""region"":""Tarapac\u00e1 Region"",""percentage"":0.044786}","facebook,instagram","lower_bound: 500001, upper_bound: 1000000",es
3056588854598786,669777673091551,"Yasna Provoste Campillay",2021-10-20,2021-10-21,2021-10-25,"Yasna Provoste Campillay","¿Hablemos de propuestas? En los primeros 6 meses de gobierno, crearemos una pensión universal garantizada de $225.000, financiada con recursos públicos, para todas las personas mayores de 65 años (excepto el 10% de mayores ingresos). Esta medida beneficiará sobre todo a mujeres.

Les comparto parte de mi participación telemática hoy en el Matinal de Mega, ¿me vieron?👀
¡Que tengan un buen miércoles!",,,,"lower_bound: 300000, upper_bound: 349999","lower_bound: 300000, upper_bound: 349999",CLP,"{""age"":""55-64"",""gender"":""female"",""percentage"":0.316769},{""age"":""65+"",""gender"":""female"",""percentage"":0.110109},{""age"":""45-54"",""gender"":""female"",""percentage"":0.396913},{""age"":""35-44"",""gender"":""female"",""percentage"":0.176209}","{""region"":""Los R\u00edos Region"",""percentage"":0.031981},{""region"":""Arica y Parinacota Region"",""percentage"":0.012684},{""region"":""Valpara\u00edso Region"",""percentage"":0.100207},{""region"":""Ays\u00e9n Region"",""percentage"":0.008099},{""region"":""Antofagasta Region"",""percentage"":0.031755},{""region"":""Araucan\u00eda Region"",""percentage"":0.071737},{""region"":""Atacama Region"",""percentage"":0.019529},{""region"":""B\u00edo B\u00edo Region"",""percentage"":0.14945},{""region"":""Coquimbo Region"",""percentage"":0.045448},{""region"":""O'Higgins Region"",""percentage"":0.059257},{""region"":""Los Lagos Region"",""percentage"":0.070051},{""region"":""Magallanes y la Ant\u00e1rtica Chilena Region"",""percentage"":0.013138},{""region"":""Maule Region"",""percentage"":0.0795},{""region"":""Santiago Metropolitan Region"",""percentage"":0.287869},{""region"":""Tarapac\u00e1 Region"",""percentage"":0.019297}","facebook,instagram","lower_bound: 1000001",es
604400124050619,669777673091551,"Yasna Provoste Campillay",2021-10-19,2021-10-20,2021-10-24,"Yasna Provoste Campillay","Este gobierno ha fracasado en entregar seguridad a los chilenos y chilenas. En los primeros 100 días de nuestro gobierno avanzaremos en medidas concretas para enfrentar a la delincuencia y el narcotráfico: un Programa Nacional de Desarme; una Fuerza Especial de Tarea para atacar el crimen organizado y el narcotráfico desde la cabeza; y un Plan Nacional de Recuperación de Barrios que han sido tomados por la delincuencia. #AhoraYasna #Vota3","Medidas de seguridad en primeros 100 días",yasnapresidenta.cl,"SeguirSeguirSeguirSeguir Nací en Vallenar un 16 de diciembre de 1969, comuna de la región de Atacama ubicada a 665 kilómetros al norte de la capital, Santiago. Soy hija de Carlos Provoste y Nelly Campillay, medianos empresarios de transportes de mi región. Estoy casada con Mauricio y soy madre d...","lower_bound: 125000, upper_bound: 149999","lower_bound: 150000, upper_bound: 174999",CLP,"{""age"":""13-17"",""gender"":""female"",""percentage"":7.0e-6},{""age"":""65+"",""gender"":""female"",""percentage"":0.115299},{""age"":""35-44"",""gender"":""female"",""percentage"":0.219811},{""age"":""45-54"",""gender"":""female"",""percentage"":0.369614},{""age"":""55-64"",""gender"":""female"",""percentage"":0.295269}","{""region"":""Arica y Parinacota Region"",""percentage"":0.037353},{""region"":""Valpara\u00edso Region"",""percentage"":0.082112},{""region"":""Antofagasta Region"",""percentage"":0.081461},{""region"":""Araucan\u00eda Region"",""percentage"":0.056301},{""region"":""B\u00edo B\u00edo Region"",""percentage"":0.111424},{""region"":""Coquimbo Region"",""percentage"":0.041787},{""region"":""O'Higgins Region"",""percentage"":0.03914},{""region"":""Los Lagos Region"",""percentage"":0.08259},{""region"":""Magallanes y la Ant\u00e1rtica Chilena Region"",""percentage"":0.026975},{""region"":""Maule Region"",""percentage"":0.04857},{""region"":""Santiago Metropolitan Region"",""percentage"":0.346754},{""region"":""Tarapac\u00e1 Region"",""percentage"":0.045533}","facebook,instagram","lower_bound: 500001, upper_bound: 1000000",es
928329458037987,669777673091551,"Yasna Provoste Campillay",2021-10-18,2021-10-19,2021-10-31,"Yasna Provoste Campillay","Nivelaremos los costos de contratación entre hombres y mujeres, eliminando las barreras que desincentivan la contratación de mujeres, además de promover la corresponsabilidad parental en el cuidado de los hijos. #AhoraNosotras #AhoraYasna","Fin a las barreras de contratación para mujeres",yasnapresidenta.cl,"SeguirSeguirSeguirSeguir Nací en Vallenar un 16 de diciembre de 1969, comuna de la región de Atacama ubicada a 665 kilómetros al norte de la capital, Santiago. Soy hija de Carlos Provoste y Nelly Campillay, medianos empresarios de transportes de mi región. Estoy casada con Mauricio y soy madre d...","lower_bound: 45000, upper_bound: 49999","lower_bound: 40000, upper_bound: 44999",CLP,"{""age"":""35-44"",""gender"":""female"",""percentage"":0.465661},{""age"":""45-54"",""gender"":""female"",""percentage"":0.274674},{""age"":""55-64"",""gender"":""female"",""percentage"":0.187341},{""age"":""65+"",""gender"":""female"",""percentage"":0.072325}","{""region"":""Los R\u00edos Region"",""percentage"":0.031391},{""region"":""Arica y Parinacota Region"",""percentage"":0.016038},{""region"":""Valpara\u00edso Region"",""percentage"":0.110255},{""region"":""Ays\u00e9n Region"",""percentage"":0.008115},{""region"":""Antofagasta Region"",""percentage"":0.036723},{""region"":""Araucan\u00eda Region"",""percentage"":0.068178},{""region"":""Atacama Region"",""percentage"":0.019935},{""region"":""B\u00edo B\u00edo Region"",""percentage"":0.146849},{""region"":""Coquimbo Region"",""percentage"":0.050449},{""region"":""O'Higgins Region"",""percentage"":0.057558},{""region"":""Los Lagos Region"",""percentage"":0.067857},{""region"":""Magallanes y la Ant\u00e1rtica Chilena Region"",""percentage"":0.01424},{""region"":""Maule Region"",""percentage"":0.075844},{""region"":""Santiago Metropolitan Region"",""percentage"":0.272756},{""region"":""Tarapac\u00e1 Region"",""percentage"":0.023811}","facebook,instagram","lower_bound: 1000001",es
1762207387286388,669777673091551,"Yasna Provoste Campillay",2021-10-18,2021-10-19,2021-10-31,"Yasna Provoste Campillay","Fortaleceremos el Bono al Trabajo de la Mujer, aumentando el monto del subsidio, ampliando gradualmente la cobertura de beneficiarios hasta el 80% más vulnerable y también su extensión a un máximo de 6 años, continuos o discontinuos. #AhoraNosotras #AhoraYasna","Fortalecimiento Bono al Trabajo de la Mujer",yasnapresidenta.cl,"SeguirSeguirSeguirSeguir Nací en Vallenar un 16 de diciembre de 1969, comuna de la región de Atacama ubicada a 665 kilómetros al norte de la capital, Santiago. Soy hija de Carlos Provoste y Nelly Campillay, medianos empresarios de transportes de mi región. Estoy casada con Mauricio y soy madre d...","lower_bound: 40000, upper_bound: 44999","lower_bound: 35000, upper_bound: 39999",CLP,"{""age"":""13-17"",""gender"":""female"",""percentage"":2.3e-5},{""age"":""65+"",""gender"":""female"",""percentage"":0.064158},{""age"":""35-44"",""gender"":""female"",""percentage"":0.478415},{""age"":""45-54"",""gender"":""female"",""percentage"":0.277899},{""age"":""55-64"",""gender"":""female"",""percentage"":0.179505}","{""region"":""Los R\u00edos Region"",""percentage"":0.029117},{""region"":""Arica y Parinacota Region"",""percentage"":0.015461},{""region"":""Valpara\u00edso Region"",""percentage"":0.108599},{""region"":""Ays\u00e9n Region"",""percentage"":0.007221},{""region"":""Antofagasta Region"",""percentage"":0.0337},{""region"":""Araucan\u00eda Region"",""percentage"":0.067909},{""region"":""Atacama Region"",""percentage"":0.019465},{""region"":""B\u00edo B\u00edo Region"",""percentage"":0.14496},{""region"":""Coquimbo Region"",""percentage"":0.050041},{""region"":""O'Higgins Region"",""percentage"":0.062331},{""region"":""Los Lagos Region"",""percentage"":0.069367},{""region"":""Magallanes y la Ant\u00e1rtica Chilena Region"",""percentage"":0.014373},{""region"":""Maule Region"",""percentage"":0.072283},{""region"":""Santiago Metropolitan Region"",""percentage"":0.282375},{""region"":""Tarapac\u00e1 Region"",""percentage"":0.022798}","facebook,instagram","lower_bound: 1000001",es
2786489738309297,669777673091551,"Yasna Provoste Campillay",2021-10-18,2021-10-18,2021-10-31,"Yasna Provoste Campillay","Ampliaremos el permiso por enfermedad grave del hijo menor de un año para que ambos padres sean titulares del derecho. #AhoraNosotras #AhoraYasna","Titularidad compartida para enfermedad grave de hijo menor de un año",yasnapresidenta.cl,"SeguirSeguirSeguirSeguir Nací en Vallenar un 16 de diciembre de 1969, comuna de la región de Atacama ubicada a 665 kilómetros al norte de la capital, Santiago. Soy hija de Carlos Provoste y Nelly Campillay, medianos empresarios de transportes de mi región. Estoy casada con Mauricio y soy madre d...","lower_bound: 350000, upper_bound: 399999","lower_bound: 300000, upper_bound: 349999",CLP,"{""age"":""45-54"",""gender"":""female"",""percentage"":0.298725},{""age"":""65+"",""gender"":""female"",""percentage"":0.081516},{""age"":""55-64"",""gender"":""female"",""percentage"":0.227393},{""age"":""35-44"",""gender"":""female"",""percentage"":0.392367}","{""region"":""Los R\u00edos Region"",""percentage"":0.029389},{""region"":""Arica y Parinacota Region"",""percentage"":0.013856},{""region"":""Valpara\u00edso Region"",""percentage"":0.102461},{""region"":""Ays\u00e9n Region"",""percentage"":0.008197},{""region"":""Antofagasta Region"",""percentage"":0.034503},{""region"":""Araucan\u00eda Region"",""percentage"":0.068334},{""region"":""Atacama Region"",""percentage"":0.020434},{""region"":""B\u00edo B\u00edo Region"",""percentage"":0.142161},{""region"":""Coquimbo Region"",""percentage"":0.04787},{""region"":""O'Higgins Region"",""percentage"":0.059971},{""region"":""Los Lagos Region"",""percentage"":0.069975},{""region"":""Magallanes y la Ant\u00e1rtica Chilena Region"",""percentage"":0.013488},{""region"":""Maule Region"",""percentage"":0.076011},{""region"":""Santiago Metropolitan Region"",""percentage"":0.292514},{""region"":""Tarapac\u00e1 Region"",""percentage"":0.020835}","facebook,instagram","lower_bound: 1000001",es
447177106826381,669777673091551,"Yasna Provoste Campillay",2021-10-18,2021-10-19,2021-10-31,"Yasna Provoste Campillay","Recuperaremos los puestos de empleos que eran ocupados por mujeres que debieron volcarse durante estos largos meses de pandemia a la economía del cuidado no remunerada y a actividades informales de escasa productividad, bajos ingresos y desprotección. #AhoraNosotras #AhoraYasna","Recuperación de empleo femenino",yasnapresidenta.cl,"SeguirSeguirSeguirSeguir Nací en Vallenar un 16 de diciembre de 1969, comuna de la región de Atacama ubicada a 665 kilómetros al norte de la capital, Santiago. Soy hija de Carlos Provoste y Nelly Campillay, medianos empresarios de transportes de mi región. Estoy casada con Mauricio y soy madre d...","lower_bound: 25000, upper_bound: 29999","lower_bound: 20000, upper_bound: 24999",CLP,"{""age"":""45-54"",""gender"":""female"",""percentage"":0.270436},{""age"":""55-64"",""gender"":""female"",""percentage"":0.16634},{""age"":""35-44"",""gender"":""female"",""percentage"":0.495134},{""age"":""65+"",""gender"":""female"",""percentage"":0.06809}","{""region"":""Los R\u00edos Region"",""percentage"":0.03025},{""region"":""Arica y Parinacota Region"",""percentage"":0.015685},{""region"":""Valpara\u00edso Region"",""percentage"":0.113122},{""region"":""Ays\u00e9n Region"",""percentage"":0.009733},{""region"":""Antofagasta Region"",""percentage"":0.040964},{""region"":""Araucan\u00eda Region"",""percentage"":0.068378},{""region"":""Atacama Region"",""percentage"":0.020342},{""region"":""B\u00edo B\u00edo Region"",""percentage"":0.140431},{""region"":""Coquimbo Region"",""percentage"":0.047616},{""region"":""O'Higgins Region"",""percentage"":0.059135},{""region"":""Los Lagos Region"",""percentage"":0.070373},{""region"":""Magallanes y la Ant\u00e1rtica Chilena Region"",""percentage"":0.01593},{""region"":""Maule Region"",""percentage"":0.071143},{""region"":""Santiago Metropolitan Region"",""percentage"":0.274911},{""region"":""Tarapac\u00e1 Region"",""percentage"":0.021987}","facebook,instagram","lower_bound: 1000001",es
852376732011250,669777673091551,"Yasna Provoste Campillay",2021-10-18,2021-10-19,2021-10-31,"Yasna Provoste Campillay","Implementaremos un sistema universal de salas cunas para todoslos niños y niñas, de entre 0 y 2 años de edad, hijos de madres y padres trabajadores, que pertenezcan al sistema de seguridad social, financiado con aportes del Estado y los empleadores. #AhoraNosotras #AhoraYasna","Sistema universal de salas cuna",yasnapresidenta.cl,"SeguirSeguirSeguirSeguir Nací en Vallenar un 16 de diciembre de 1969, comuna de la región de Atacama ubicada a 665 kilómetros al norte de la capital, Santiago. Soy hija de Carlos Provoste y Nelly Campillay, medianos empresarios de transportes de mi región. Estoy casada con Mauricio y soy madre d...","lower_bound: 50000, upper_bound: 59999","lower_bound: 45000, upper_bound: 49999",CLP,"{""age"":""45-54"",""gender"":""female"",""percentage"":0.262236},{""age"":""35-44"",""gender"":""female"",""percentage"":0.526022},{""age"":""65+"",""gender"":""female"",""percentage"":0.060311},{""age"":""55-64"",""gender"":""female"",""percentage"":0.151431}","{""region"":""Los R\u00edos Region"",""percentage"":0.02939},{""region"":""Arica y Parinacota Region"",""percentage"":0.015467},{""region"":""Valpara\u00edso Region"",""percentage"":0.108196},{""region"":""Ays\u00e9n Region"",""percentage"":0.008566},{""region"":""Antofagasta Region"",""percentage"":0.040643},{""region"":""Araucan\u00eda Region"",""percentage"":0.070588},{""region"":""Atacama Region"",""percentage"":0.021396},{""region"":""B\u00edo B\u00edo Region"",""percentage"":0.141193},{""region"":""Coquimbo Region"",""percentage"":0.05115},{""region"":""O'Higgins Region"",""percentage"":0.059751},{""region"":""Los Lagos Region"",""percentage"":0.06686},{""region"":""Magallanes y la Ant\u00e1rtica Chilena Region"",""percentage"":0.013785},{""region"":""Maule Region"",""percentage"":0.076639},{""region"":""Santiago Metropolitan Region"",""percentage"":0.274236},{""region"":""Tarapac\u00e1 Region"",""percentage"":0.022142}","facebook,instagram","lower_bound: 1000001",es
451860916611395,669777673091551,"Yasna Provoste Campillay",2021-10-18,2021-10-19,2021-10-31,"Yasna Provoste Campillay","Aumentaremos la cobertura del postnatal parental a los padres, subiendo el número de días de permiso de uso exclusivo para ellos. #AhoraNosotras #AhoraYasna","Mayor postnatal parental",yasnapresidenta.cl,"SeguirSeguirSeguirSeguir Nací en Vallenar un 16 de diciembre de 1969, comuna de la región de Atacama ubicada a 665 kilómetros al norte de la capital, Santiago. Soy hija de Carlos Provoste y Nelly Campillay, medianos empresarios de transportes de mi región. Estoy casada con Mauricio y soy madre d...","lower_bound: 125000, upper_bound: 149999","lower_bound: 125000, upper_bound: 149999",CLP,"{""age"":""45-54"",""gender"":""female"",""percentage"":0.317044},{""age"":""35-44"",""gender"":""female"",""percentage"":0.36595},{""age"":""55-64"",""gender"":""female"",""percentage"":0.23485},{""age"":""65+"",""gender"":""female"",""percentage"":0.082155}","{""region"":""Los R\u00edos Region"",""percentage"":0.030443},{""region"":""Arica y Parinacota Region"",""percentage"":0.015789},{""region"":""Valpara\u00edso Region"",""percentage"":0.097345},{""region"":""Ays\u00e9n Region"",""percentage"":0.009207},{""region"":""Antofagasta Region"",""percentage"":0.038906},{""region"":""Araucan\u00eda Region"",""percentage"":0.073377},{""region"":""Atacama Region"",""percentage"":0.0204},{""region"":""B\u00edo B\u00edo Region"",""percentage"":0.154817},{""region"":""Coquimbo Region"",""percentage"":0.04914},{""region"":""O'Higgins Region"",""percentage"":0.061278},{""region"":""Los Lagos Region"",""percentage"":0.069487},{""region"":""Magallanes y la Ant\u00e1rtica Chilena Region"",""percentage"":0.013595},{""region"":""Maule Region"",""percentage"":0.085161},{""region"":""Santiago Metropolitan Region"",""percentage"":0.257202},{""region"":""Tarapac\u00e1 Region"",""percentage"":0.023853}","facebook,instagram","lower_bound: 1000001",es
268475651847712,669777673091551,"Yasna Provoste Campillay",2021-10-18,2021-10-19,2021-10-31,"Yasna Provoste Campillay","Estableceremos un subsidio superior para la contratación de mujeres en sectores productivos tradicionalmente masculinizados. #AhoraNosotras #AhoraYasna","Subsidio superior",yasnapresidenta.cl,"SeguirSeguirSeguirSeguir Nací en Vallenar un 16 de diciembre de 1969, comuna de la región de Atacama ubicada a 665 kilómetros al norte de la capital, Santiago. Soy hija de Carlos Provoste y Nelly Campillay, medianos empresarios de transportes de mi región. Estoy casada con Mauricio y soy madre d...","lower_bound: 60000, upper_bound: 69999","lower_bound: 50000, upper_bound: 59999",CLP,"{""age"":""55-64"",""gender"":""female"",""percentage"":0.212744},{""age"":""45-54"",""gender"":""female"",""percentage"":0.297849},{""age"":""65+"",""gender"":""female"",""percentage"":0.079582},{""age"":""35-44"",""gender"":""female"",""percentage"":0.409824}","{""region"":""Los R\u00edos Region"",""percentage"":0.037917},{""region"":""Arica y Parinacota Region"",""percentage"":0.01507},{""region"":""Valpara\u00edso Region"",""percentage"":0.099744},{""region"":""Ays\u00e9n Region"",""percentage"":0.010876},{""region"":""Antofagasta Region"",""percentage"":0.035029},{""region"":""Araucan\u00eda Region"",""percentage"":0.080638},{""region"":""Atacama Region"",""percentage"":0.022395},{""region"":""B\u00edo B\u00edo Region"",""percentage"":0.147859},{""region"":""Coquimbo Region"",""percentage"":0.046792},{""region"":""O'Higgins Region"",""percentage"":0.057877},{""region"":""Los Lagos Region"",""percentage"":0.07453},{""region"":""Magallanes y la Ant\u00e1rtica Chilena Region"",""percentage"":0.016322},{""region"":""Maule Region"",""percentage"":0.08511},{""region"":""Santiago Metropolitan Region"",""percentage"":0.249012},{""region"":""Tarapac\u00e1 Region"",""percentage"":0.020829}","facebook,instagram","lower_bound: 1000001",es
1525057724524781,669777673091551,"Yasna Provoste Campillay",2021-10-15,2021-10-15,2021-10-27,"Yasna Provoste Campillay","Que no dependa de la comuna donde uno viva, el rostro el Estado que le toque conocer. Fortaleceremos Chile Crece Contigo, dotándolo de un robusto componente de educación inicial, para que todos los niños y niñas desde los dos años, especialmente de los sectores más vulnerables, puedan desarrollar al máximo sus habilidades socioemocionales y cognitivas, y que no ingresen en desventaja al sistema educacional.  #AhoraYasna,Que no dependa de la comuna donde uno viva, el rostro el Estado que le toque conocer. Fortaleceremos Chile Crece Contigo, dotándolo de un robusto componente de educación inicial, para que todos los niños y niñas desde los dos años, especialmente de los sectores más vulnerables, puedan desarrollar al máximo sus habilidades socioemocionales y cognitivas, y que no ingresen en desventaja al sistema educacional.  #AhoraYasna","La derecha no puede ofrecer nada distinto de lo que ha hecho,La derecha no puede ofrecer nada distinto de lo que ha hecho",yasnapresidenta.cl,,"lower_bound: 300000, upper_bound: 349999","lower_bound: 350000, upper_bound: 399999",CLP,"{""age"":""65+"",""gender"":""unknown"",""percentage"":0.000341},{""age"":""55-64"",""gender"":""unknown"",""percentage"":0.000591},{""age"":""35-44"",""gender"":""unknown"",""percentage"":0.003679},{""age"":""45-54"",""gender"":""male"",""percentage"":0.083378},{""age"":""45-54"",""gender"":""unknown"",""percentage"":0.001835},{""age"":""35-44"",""gender"":""male"",""percentage"":0.140631},{""age"":""55-64"",""gender"":""female"",""percentage"":0.148918},{""age"":""45-54"",""gender"":""female"",""percentage"":0.205274},{""age"":""35-44"",""gender"":""female"",""percentage"":0.291601},{""age"":""55-64"",""gender"":""male"",""percentage"":0.04617},{""age"":""65+"",""gender"":""male"",""percentage"":0.019},{""age"":""65+"",""gender"":""female"",""percentage"":0.058582}","{""region"":""Los R\u00edos Region"",""percentage"":0.027006},{""region"":""Arica y Parinacota Region"",""percentage"":0.013375},{""region"":""Valpara\u00edso Region"",""percentage"":0.098975},{""region"":""Ays\u00e9n Region"",""percentage"":0.007053},{""region"":""Antofagasta Region"",""percentage"":0.034504},{""region"":""Araucan\u00eda Region"",""percentage"":0.065349},{""region"":""Atacama Region"",""percentage"":0.017187},{""region"":""B\u00edo B\u00edo Region"",""percentage"":0.139388},{""region"":""Coquimbo Region"",""percentage"":0.045879},{""region"":""O'Higgins Region"",""percentage"":0.058495},{""region"":""Los Lagos Region"",""percentage"":0.062533},{""region"":""Magallanes y la Ant\u00e1rtica Chilena Region"",""percentage"":0.011798},{""region"":""Maule Region"",""percentage"":0.072094},{""region"":""Santiago Metropolitan Region"",""percentage"":0.326602},{""region"":""Tarapac\u00e1 Region"",""percentage"":0.019763}","facebook,instagram","lower_bound: 1000001",es
461850131788088,669777673091551,"Yasna Provoste Campillay",2021-10-15,2021-10-15,2021-10-28,"Yasna Provoste Campillay","El Estado requiere una modernización profunda. Algunos creen que modernizar es reducir, pero ese discurso fácil no pasa del slogan populista. Crearemos un fondo de entre 8 y 10 mil millones de dólares para las emergencias de pandemia y post pandemia, para prevenir nuevos brotes y atender retrasos en prestaciones de salud, fortaleciendo la atención primaria, en especial la salud mental. #AhoraYasna","El Estado requiere una modernización profunda",yasnapresidenta.cl,,"lower_bound: 700000, upper_bound: 799999","lower_bound: 800000, upper_bound: 899999",CLP,"{""age"":""55-64"",""gender"":""unknown"",""percentage"":0.000854},{""age"":""45-54"",""gender"":""unknown"",""percentage"":0.00191},{""age"":""65+"",""gender"":""unknown"",""percentage"":0.000522},{""age"":""65+"",""gender"":""male"",""percentage"":0.036878},{""age"":""45-54"",""gender"":""female"",""percentage"":0.16549},{""age"":""65+"",""gender"":""female"",""percentage"":0.054528},{""age"":""35-44"",""gender"":""male"",""percentage"":0.190696},{""age"":""55-64"",""gender"":""female"",""percentage"":0.131438},{""age"":""45-54"",""gender"":""male"",""percentage"":0.136117},{""age"":""35-44"",""gender"":""female"",""percentage"":0.194491},{""age"":""55-64"",""gender"":""male"",""percentage"":0.08376},{""age"":""35-44"",""gender"":""unknown"",""percentage"":0.003315}","{""region"":""Los R\u00edos Region"",""percentage"":0.026953},{""region"":""Arica y Parinacota Region"",""percentage"":0.015185},{""region"":""Valpara\u00edso Region"",""percentage"":0.105015},{""region"":""Ays\u00e9n Region"",""percentage"":0.008033},{""region"":""Antofagasta Region"",""percentage"":0.040254},{""region"":""Araucan\u00eda Region"",""percentage"":0.064494},{""region"":""Atacama Region"",""percentage"":0.018824},{""region"":""B\u00edo B\u00edo Region"",""percentage"":0.129324},{""region"":""Coquimbo Region"",""percentage"":0.04481},{""region"":""O'Higgins Region"",""percentage"":0.057502},{""region"":""Los Lagos Region"",""percentage"":0.063015},{""region"":""Magallanes y la Ant\u00e1rtica Chilena Region"",""percentage"":0.014472},{""region"":""Maule Region"",""percentage"":0.071779},{""region"":""Santiago Metropolitan Region"",""percentage"":0.317486},{""region"":""Tarapac\u00e1 Region"",""percentage"":0.022856}","facebook,instagram","lower_bound: 1000001",es
235844881773676,669777673091551,"Yasna Provoste Campillay",2021-10-15,2021-10-16,2021-10-27,"Yasna Provoste Campillay","La derecha no puede ofrecer nada distinto de lo que ha hecho. Se han opuesto permanentemente a ampliar las libertades, a cambiar un modelo que ha generado profundas desigualdades. Avancemos a un Chile diverso y de justicia social. #AhoraYasna","La derecha no puede ofrecer nada distinto de lo que ha hecho",yasnapresidenta.cl,"SeguirSeguirSeguirSeguir Nací en Vallenar un 16 de diciembre de 1969, comuna de la región de Atacama ubicada a 665 kilómetros al norte de la capital, Santiago. Soy hija de Carlos Provoste y Nelly Campillay, medianos empresarios de transportes de mi región. Estoy casada con Mauricio y soy madre d...","lower_bound: 50000, upper_bound: 59999","lower_bound: 60000, upper_bound: 69999",CLP,"{""age"":""65+"",""gender"":""unknown"",""percentage"":0.0005},{""age"":""45-54"",""gender"":""unknown"",""percentage"":0.003117},{""age"":""35-44"",""gender"":""unknown"",""percentage"":0.00635},{""age"":""65+"",""gender"":""male"",""percentage"":0.023399},{""age"":""65+"",""gender"":""female"",""percentage"":0.044123},{""age"":""55-64"",""gender"":""male"",""percentage"":0.052706},{""age"":""35-44"",""gender"":""male"",""percentage"":0.192849},{""age"":""45-54"",""gender"":""male"",""percentage"":0.104276},{""age"":""45-54"",""gender"":""female"",""percentage"":0.176705},{""age"":""55-64"",""gender"":""female"",""percentage"":0.104545},{""age"":""35-44"",""gender"":""female"",""percentage"":0.29039},{""age"":""55-64"",""gender"":""unknown"",""percentage"":0.001039}","{""region"":""Los R\u00edos Region"",""percentage"":0.023521},{""region"":""Arica y Parinacota Region"",""percentage"":0.015021},{""region"":""Valpara\u00edso Region"",""percentage"":0.110607},{""region"":""Ays\u00e9n Region"",""percentage"":0.006597},{""region"":""Antofagasta Region"",""percentage"":0.038331},{""region"":""Araucan\u00eda Region"",""percentage"":0.059198},{""region"":""Atacama Region"",""percentage"":0.018752},{""region"":""B\u00edo B\u00edo Region"",""percentage"":0.124858},{""region"":""Coquimbo Region"",""percentage"":0.045697},{""region"":""O'Higgins Region"",""percentage"":0.053544},{""region"":""Los Lagos Region"",""percentage"":0.059121},{""region"":""Magallanes y la Ant\u00e1rtica Chilena Region"",""percentage"":0.012482},{""region"":""Maule Region"",""percentage"":0.061044},{""region"":""Santiago Metropolitan Region"",""percentage"":0.350764},{""region"":""Tarapac\u00e1 Region"",""percentage"":0.020464}","facebook,instagram","lower_bound: 1000001",es
176853947965975,669777673091551,"Yasna Provoste Campillay",2021-10-15,2021-10-15,2021-10-27,"Yasna Provoste Campillay","Entraremos a La Moneda con las mujeres, con el Chile diverso, con las regiones. Recuperaremos la inversión y el empleo, especialmente de mujeres que debieron volcarse al cuidado no remunerado y, en muchos casos, a actividades informales de escasa productividad, bajos ingresos y desprotección. #AhoraYasna","Entraremos a La Moneda con las mujeres, con el Chile diverso, con las regiones",yasnapresidenta.cl,"SeguirSeguirSeguirSeguir Nací en Vallenar un 16 de diciembre de 1969, comuna de la región de Atacama ubicada a 665 kilómetros al norte de la capital, Santiago. Soy hija de Carlos Provoste y Nelly Campillay, medianos empresarios de transportes de mi región. Estoy casada con Mauricio y soy madre d...","lower_bound: 80000, upper_bound: 89999","lower_bound: 90000, upper_bound: 99999",CLP,"{""age"":""13-17"",""gender"":""female"",""percentage"":1.2e-5},{""age"":""55-64"",""gender"":""unknown"",""percentage"":0.000847},{""age"":""65+"",""gender"":""unknown"",""percentage"":0.000448},{""age"":""45-54"",""gender"":""unknown"",""percentage"":0.002702},{""age"":""55-64"",""gender"":""male"",""percentage"":0.070815},{""age"":""35-44"",""gender"":""female"",""percentage"":0.247603},{""age"":""65+"",""gender"":""female"",""percentage"":0.058801},{""age"":""45-54"",""gender"":""female"",""percentage"":0.178656},{""age"":""35-44"",""gender"":""male"",""percentage"":0.169829},{""age"":""45-54"",""gender"":""male"",""percentage"":0.103247},{""age"":""35-44"",""gender"":""unknown"",""percentage"":0.00488},{""age"":""55-64"",""gender"":""female"",""percentage"":0.133662},{""age"":""65+"",""gender"":""male"",""percentage"":0.028498}","{""region"":""Ays\u00e9n Region"",""percentage"":0.007792},{""region"":""Los R\u00edos Region"",""percentage"":0.02733},{""region"":""Arica y Parinacota Region"",""percentage"":0.01551},{""region"":""Valpara\u00edso Region"",""percentage"":0.108669},{""region"":""Antofagasta Region"",""percentage"":0.036473},{""region"":""Araucan\u00eda Region"",""percentage"":0.063515},{""region"":""Atacama Region"",""percentage"":0.01885},{""region"":""B\u00edo B\u00edo Region"",""percentage"":0.123078},{""region"":""Coquimbo Region"",""percentage"":0.046805},{""region"":""O'Higgins Region"",""percentage"":0.055773},{""region"":""Los Lagos Region"",""percentage"":0.062552},{""region"":""Magallanes y la Ant\u00e1rtica Chilena Region"",""percentage"":0.013421},{""region"":""Maule Region"",""percentage"":0.065417},{""region"":""Santiago Metropolitan Region"",""percentage"":0.333262},{""region"":""Tarapac\u00e1 Region"",""percentage"":0.021551}","facebook,instagram","lower_bound: 1000001",es
245081137585553,669777673091551,"Yasna Provoste Campillay",2021-10-15,2021-10-15,2021-10-27,"Yasna Provoste Campillay","Nosotros hemos marcado con mucha claridad nuestra posición: estamos a favor del cuarto retiro sin letra chica, que ayuda en especial a miles de mujeres, niñas y niños que no reciben sus pensiones de alimentos, y a mujeres que emprenden para salir de la crisis. #AhoraYasna","Estamos a favor del cuarto retiro sin letra chica",yasnapresidenta.cl,,"lower_bound: 50000, upper_bound: 59999","lower_bound: 60000, upper_bound: 69999",CLP,"{""age"":""55-64"",""gender"":""unknown"",""percentage"":0.000947},{""age"":""65+"",""gender"":""female"",""percentage"":0.043301},{""age"":""55-64"",""gender"":""female"",""percentage"":0.100756},{""age"":""45-54"",""gender"":""male"",""percentage"":0.110156},{""age"":""35-44"",""gender"":""female"",""percentage"":0.27233},{""age"":""55-64"",""gender"":""male"",""percentage"":0.062698},{""age"":""45-54"",""gender"":""unknown"",""percentage"":0.002981},{""age"":""35-44"",""gender"":""unknown"",""percentage"":0.005419},{""age"":""65+"",""gender"":""unknown"",""percentage"":0.000544},{""age"":""45-54"",""gender"":""female"",""percentage"":0.161455},{""age"":""35-44"",""gender"":""male"",""percentage"":0.21121},{""age"":""65+"",""gender"":""male"",""percentage"":0.028201}","{""region"":""Tarapac\u00e1 Region"",""percentage"":0.024719},{""region"":""Los R\u00edos Region"",""percentage"":0.025249},{""region"":""Arica y Parinacota Region"",""percentage"":0.016532},{""region"":""Valpara\u00edso Region"",""percentage"":0.111129},{""region"":""Ays\u00e9n Region"",""percentage"":0.007745},{""region"":""Antofagasta Region"",""percentage"":0.040579},{""region"":""Araucan\u00eda Region"",""percentage"":0.058738},{""region"":""Atacama Region"",""percentage"":0.020882},{""region"":""B\u00edo B\u00edo Region"",""percentage"":0.125221},{""region"":""Coquimbo Region"",""percentage"":0.045672},{""region"":""O'Higgins Region"",""percentage"":0.055609},{""region"":""Los Lagos Region"",""percentage"":0.062911},{""region"":""Magallanes y la Ant\u00e1rtica Chilena Region"",""percentage"":0.013809},{""region"":""Maule Region"",""percentage"":0.063388},{""region"":""Santiago Metropolitan Region"",""percentage"":0.327817}","facebook,instagram","lower_bound: 1000001",es
548681529563506,669777673091551,"Yasna Provoste Campillay",2021-10-15,2021-10-15,2021-10-26,"Yasna Provoste Campillay","Nos vamos a jugar por las familias de la clase media y por las familias de sectores más vulnerables, para que vivir en mejores barrios esté al alcance de todo. Crearemos un sistema de seguros, que considerará un subsidio para las familias y personas de menores ingresos, cubriendo obligaciones de salud ante enfermedades extremas de alto costo, pago transitorio de créditos hipotecarios y gastos asociados a la educación de los hijos en circunstancias extremas. #AhoraYasna,Nos vamos a jugar por las familias de la clase media y por las familias de sectores más vulnerables, para que vivir en mejores barrios esté al alcance de todo. Crearemos un sistema de seguros, que considerará un subsidio para las familias y personas de menores ingresos, cubriendo obligaciones de salud ante enfermedades extremas de alto costo, pago transitorio de créditos hipotecarios y gastos asociados a la educación de los hijos en circunstancias extremas. #AhoraYasna","Nos vamos a jugar por las familias de la clase media,Nos vamos a jugar por las familias de la clase media",yasnapresidenta.cl,,"lower_bound: 50000, upper_bound: 59999","lower_bound: 60000, upper_bound: 69999",CLP,"{""age"":""65+"",""gender"":""unknown"",""percentage"":0.000345},{""age"":""55-64"",""gender"":""unknown"",""percentage"":0.000872},{""age"":""65+"",""gender"":""male"",""percentage"":0.029797},{""age"":""35-44"",""gender"":""female"",""percentage"":0.249459},{""age"":""35-44"",""gender"":""male"",""percentage"":0.157034},{""age"":""55-64"",""gender"":""male"",""percentage"":0.063428},{""age"":""55-64"",""gender"":""female"",""percentage"":0.148349},{""age"":""45-54"",""gender"":""male"",""percentage"":0.096423},{""age"":""45-54"",""gender"":""female"",""percentage"":0.187594},{""age"":""65+"",""gender"":""female"",""percentage"":0.060739},{""age"":""45-54"",""gender"":""unknown"",""percentage"":0.00189},{""age"":""35-44"",""gender"":""unknown"",""percentage"":0.00407}","{""region"":""Los R\u00edos Region"",""percentage"":0.027837},{""region"":""Atacama Region"",""percentage"":0.022321},{""region"":""Arica y Parinacota Region"",""percentage"":0.015088},{""region"":""Valpara\u00edso Region"",""percentage"":0.103768},{""region"":""Ays\u00e9n Region"",""percentage"":0.007124},{""region"":""Antofagasta Region"",""percentage"":0.038577},{""region"":""Araucan\u00eda Region"",""percentage"":0.061245},{""region"":""B\u00edo B\u00edo Region"",""percentage"":0.131733},{""region"":""Coquimbo Region"",""percentage"":0.046834},{""region"":""O'Higgins Region"",""percentage"":0.057227},{""region"":""Los Lagos Region"",""percentage"":0.061775},{""region"":""Magallanes y la Ant\u00e1rtica Chilena Region"",""percentage"":0.014046},{""region"":""Maule Region"",""percentage"":0.080242},{""region"":""Santiago Metropolitan Region"",""percentage"":0.311086},{""region"":""Tarapac\u00e1 Region"",""percentage"":0.021097}","facebook,instagram","lower_bound: 1000001",es
409208950741436,669777673091551,"Yasna Provoste Campillay",2021-10-15,2021-10-15,2021-10-27,"Yasna Provoste Campillay","El buen vivir es transporte adecuado, bueno y a precio justo. Es ciudades y barrios integrados por la planificación. Es seguridad frente al delito. Vamos a tener una mano generosa para apoyar a nuestros barrios y una mano fuerte para castigar al narcotráfico y al crimen organizado. #AhoraYasna","El buen vivir es transporte adecuado, bueno y a precio justo",yasnapresidenta.cl,"SeguirSeguirSeguirSeguir Nací en Vallenar un 16 de diciembre de 1969, comuna de la región de Atacama ubicada a 665 kilómetros al norte de la capital, Santiago. Soy hija de Carlos Provoste y Nelly Campillay, medianos empresarios de transportes de mi región. Estoy casada con Mauricio y soy madre d...","lower_bound: 150000, upper_bound: 174999","lower_bound: 175000, upper_bound: 199999",CLP,"{""age"":""13-17"",""gender"":""male"",""percentage"":6.0e-6},{""age"":""45-54"",""gender"":""unknown"",""percentage"":0.001752},{""age"":""55-64"",""gender"":""unknown"",""percentage"":0.000676},{""age"":""13-17"",""gender"":""female"",""percentage"":6.0e-6},{""age"":""65+"",""gender"":""female"",""percentage"":0.062151},{""age"":""45-54"",""gender"":""male"",""percentage"":0.090476},{""age"":""55-64"",""gender"":""female"",""percentage"":0.166293},{""age"":""65+"",""gender"":""male"",""percentage"":0.026503},{""age"":""35-44"",""gender"":""unknown"",""percentage"":0.003175},{""age"":""45-54"",""gender"":""female"",""percentage"":0.206417},{""age"":""35-44"",""gender"":""female"",""percentage"":0.243611},{""age"":""55-64"",""gender"":""male"",""percentage"":0.06208},{""age"":""65+"",""gender"":""unknown"",""percentage"":0.00047},{""age"":""35-44"",""gender"":""male"",""percentage"":0.136384}","{""region"":""Los R\u00edos Region"",""percentage"":0.027949},{""region"":""Arica y Parinacota Region"",""percentage"":0.014134},{""region"":""Antofagasta Region"",""percentage"":0.036512},{""region"":""Araucan\u00eda Region"",""percentage"":0.067439},{""region"":""Atacama Region"",""percentage"":0.019055},{""region"":""B\u00edo B\u00edo Region"",""percentage"":0.136999},{""region"":""Coquimbo Region"",""percentage"":0.042998},{""region"":""O'Higgins Region"",""percentage"":0.059055},{""region"":""Los Lagos Region"",""percentage"":0.062985},{""region"":""Magallanes y la Ant\u00e1rtica Chilena Region"",""percentage"":0.012748},{""region"":""Maule Region"",""percentage"":0.068883},{""region"":""Tarapac\u00e1 Region"",""percentage"":0.021476},{""region"":""Valpara\u00edso Region"",""percentage"":0.101242},{""region"":""Ays\u00e9n Region"",""percentage"":0.007195},{""region"":""Santiago Metropolitan Region"",""percentage"":0.321329}","facebook,instagram","lower_bound: 1000001",es
558208958591154,669777673091551,"Yasna Provoste Campillay",2021-10-15,2021-10-15,2021-10-26,"Yasna Provoste Campillay","Aumentaremos el sueldo mínimo de acuerdo a la línea de pobreza familiar, a través de un mejoramiento real de las remuneraciones y del subsidio salarial centrado en los trabajadores de las empresas de menor tamaño. #AhoraYasna",,,,"lower_bound: 15000, upper_bound: 19999","lower_bound: 20000, upper_bound: 24999",CLP,"{""age"":""13-17"",""gender"":""female"",""percentage"":5.4e-5},{""age"":""45-54"",""gender"":""unknown"",""percentage"":0.002275},{""age"":""65+"",""gender"":""female"",""percentage"":0.05026},{""age"":""35-44"",""gender"":""unknown"",""percentage"":0.00417},{""age"":""65+"",""gender"":""unknown"",""percentage"":0.000596},{""age"":""45-54"",""gender"":""male"",""percentage"":0.153975},{""age"":""35-44"",""gender"":""female"",""percentage"":0.196003},{""age"":""65+"",""gender"":""male"",""percentage"":0.038507},{""age"":""55-64"",""gender"":""female"",""percentage"":0.107452},{""age"":""55-64"",""gender"":""male"",""percentage"":0.095321},{""age"":""35-44"",""gender"":""male"",""percentage"":0.21328},{""age"":""45-54"",""gender"":""female"",""percentage"":0.137132},{""age"":""55-64"",""gender"":""unknown"",""percentage"":0.000975}","{""region"":""Los R\u00edos Region"",""percentage"":0.027629},{""region"":""Arica y Parinacota Region"",""percentage"":0.014082},{""region"":""Valpara\u00edso Region"",""percentage"":0.094774},{""region"":""Ays\u00e9n Region"",""percentage"":0.006318},{""region"":""Antofagasta Region"",""percentage"":0.038606},{""region"":""Araucan\u00eda Region"",""percentage"":0.063022},{""region"":""Atacama Region"",""percentage"":0.017295},{""region"":""B\u00edo B\u00edo Region"",""percentage"":0.122296},{""region"":""Coquimbo Region"",""percentage"":0.042033},{""region"":""O'Higgins Region"",""percentage"":0.047119},{""region"":""Los Lagos Region"",""percentage"":0.065699},{""region"":""Magallanes y la Ant\u00e1rtica Chilena Region"",""percentage"":0.013279},{""region"":""Maule Region"",""percentage"":0.060345},{""region"":""Santiago Metropolitan Region"",""percentage"":0.367477},{""region"":""Tarapac\u00e1 Region"",""percentage"":0.020026}","facebook,instagram","lower_bound: 1000001",es
608021726891278,669777673091551,"Yasna Provoste Campillay",2021-10-13,2021-10-13,2021-10-15,"Yasna Provoste Campillay","Crearemos el Fondo de Banda Ancha Universal para ampliar el acceso y conectividad digital al mundo rural, aislado y extremo, y así reducir la brecha digital en Chile y que todas y todos nos conectemos a Internet. #AhoraYasna",,,,"lower_bound: 150000, upper_bound: 174999","lower_bound: 150000, upper_bound: 174999",CLP,"{""age"":""25-34"",""gender"":""female"",""percentage"":0.360036},{""age"":""45-54"",""gender"":""female"",""percentage"":0.182785},{""age"":""18-24"",""gender"":""female"",""percentage"":0.20611},{""age"":""55-64"",""gender"":""female"",""percentage"":0.016448},{""age"":""35-44"",""gender"":""female"",""percentage"":0.23462}","{""region"":""Arica y Parinacota Region"",""percentage"":0.089282},{""region"":""Ays\u00e9n Region"",""percentage"":0.040751},{""region"":""Atacama Region"",""percentage"":0.097694},{""region"":""Los Lagos Region"",""percentage"":0.328257},{""region"":""Santiago Metropolitan Region"",""percentage"":0.303347},{""region"":""Tarapac\u00e1 Region"",""percentage"":0.140669}","facebook,instagram","lower_bound: 500001, upper_bound: 1000000",es
564595854805583,669777673091551,"Yasna Provoste Campillay",2021-10-13,2021-10-13,2021-10-14,"Yasna Provoste Campillay","Se vienen tiempos duros. Basta que la cuenta la paguen los más vulnerables y la clase media, mientras los más poderosos siguen incrementado su riqueza. En nuestro gobierno, Chile sanará y se pondrá de pie. Gracias a quienes nos acompañaron en #DebatePresidencial2021 #AhoraYasna",,,,"lower_bound: 100000, upper_bound: 124999","lower_bound: 100000, upper_bound: 124999",CLP,"{""age"":""55-64"",""gender"":""female"",""percentage"":0.252147},{""age"":""65+"",""gender"":""female"",""percentage"":0.101088},{""age"":""35-44"",""gender"":""female"",""percentage"":0.356002},{""age"":""45-54"",""gender"":""female"",""percentage"":0.290763}","{""region"":""Los R\u00edos Region"",""percentage"":0.026278},{""region"":""Arica y Parinacota Region"",""percentage"":0.014923},{""region"":""Valpara\u00edso Region"",""percentage"":0.104943},{""region"":""Ays\u00e9n Region"",""percentage"":0.006128},{""region"":""Antofagasta Region"",""percentage"":0.037089},{""region"":""Araucan\u00eda Region"",""percentage"":0.064759},{""region"":""Atacama Region"",""percentage"":0.019481},{""region"":""B\u00edo B\u00edo Region"",""percentage"":0.138331},{""region"":""Coquimbo Region"",""percentage"":0.047909},{""region"":""O'Higgins Region"",""percentage"":0.055482},{""region"":""Los Lagos Region"",""percentage"":0.062252},{""region"":""Magallanes y la Ant\u00e1rtica Chilena Region"",""percentage"":0.012657},{""region"":""Maule Region"",""percentage"":0.070637},{""region"":""Santiago Metropolitan Region"",""percentage"":0.31566},{""region"":""Tarapac\u00e1 Region"",""percentage"":0.023468}","facebook,instagram","lower_bound: 1000001",es
286608546641590,669777673091551,"Yasna Provoste Campillay",2021-10-11,2021-10-11,2021-10-15,"Yasna Provoste Campillay","Porque #AhoraEsCuando, frente a la emergencia climática, en nuestro gobierno impulsaremos una nueva estrategia de desarrollo sostenible, en la que el crecimiento económico, respeto del medio ambiente y protección de los recursos naturales vayan de la mano. #AhoraYasna","Más dignidad ahora",yasnapresidenta.cl,,"lower_bound: 100000, upper_bound: 124999","lower_bound: 125000, upper_bound: 149999",CLP,"{""age"":""45-54"",""gender"":""unknown"",""percentage"":0.001929},{""age"":""35-44"",""gender"":""unknown"",""percentage"":0.003584},{""age"":""65+"",""gender"":""male"",""percentage"":0.029773},{""age"":""55-64"",""gender"":""male"",""percentage"":0.064648},{""age"":""35-44"",""gender"":""female"",""percentage"":0.247929},{""age"":""65+"",""gender"":""female"",""percentage"":0.063477},{""age"":""35-44"",""gender"":""male"",""percentage"":0.175545},{""age"":""45-54"",""gender"":""female"",""percentage"":0.178362},{""age"":""55-64"",""gender"":""female"",""percentage"":0.124239},{""age"":""45-54"",""gender"":""male"",""percentage"":0.109234},{""age"":""65+"",""gender"":""unknown"",""percentage"":0.000539},{""age"":""55-64"",""gender"":""unknown"",""percentage"":0.000741}","{""region"":""Los R\u00edos Region"",""percentage"":0.023817},{""region"":""Arica y Parinacota Region"",""percentage"":0.014039},{""region"":""Valpara\u00edso Region"",""percentage"":0.097862},{""region"":""Ays\u00e9n Region"",""percentage"":0.007148},{""region"":""Antofagasta Region"",""percentage"":0.036381},{""region"":""Araucan\u00eda Region"",""percentage"":0.063011},{""region"":""Atacama Region"",""percentage"":0.017815},{""region"":""B\u00edo B\u00edo Region"",""percentage"":0.127819},{""region"":""Coquimbo Region"",""percentage"":0.043208},{""region"":""O'Higgins Region"",""percentage"":0.055671},{""region"":""Los Lagos Region"",""percentage"":0.059144},{""region"":""Magallanes y la Ant\u00e1rtica Chilena Region"",""percentage"":0.012564},{""region"":""Maule Region"",""percentage"":0.069683},{""region"":""Santiago Metropolitan Region"",""percentage"":0.351246},{""region"":""Tarapac\u00e1 Region"",""percentage"":0.020591}","facebook,instagram","lower_bound: 1000001",es
284097966895073,669777673091551,"Yasna Provoste Campillay",2021-10-11,2021-10-12,2021-10-15,"Yasna Provoste Campillay","Para enfrentar las grandes transformaciones que vienen, se necesita de trayectoria en el trabajo público. No se puede gobernar sin conocer el Estado. Cuando no se tiene la capacidad de gobernar, las perjudicadas son siempre las personas. No podemos improvisar. #AhoraYasna",,,,"lower_bound: 45000, upper_bound: 49999","lower_bound: 50000, upper_bound: 59999",CLP,"{""age"":""55-64"",""gender"":""unknown"",""percentage"":0.001534},{""age"":""65+"",""gender"":""male"",""percentage"":0.038544},{""age"":""35-44"",""gender"":""unknown"",""percentage"":0.004712},{""age"":""35-44"",""gender"":""male"",""percentage"":0.205148},{""age"":""55-64"",""gender"":""female"",""percentage"":0.109476},{""age"":""45-54"",""gender"":""female"",""percentage"":0.148865},{""age"":""65+"",""gender"":""female"",""percentage"":0.051726},{""age"":""45-54"",""gender"":""male"",""percentage"":0.135817},{""age"":""35-44"",""gender"":""female"",""percentage"":0.214284},{""age"":""55-64"",""gender"":""male"",""percentage"":0.086469},{""age"":""45-54"",""gender"":""unknown"",""percentage"":0.002845},{""age"":""65+"",""gender"":""unknown"",""percentage"":0.000578}","{""region"":""Los R\u00edos Region"",""percentage"":0.022154},{""region"":""Arica y Parinacota Region"",""percentage"":0.015575},{""region"":""Valpara\u00edso Region"",""percentage"":0.101864},{""region"":""Ays\u00e9n Region"",""percentage"":0.006042},{""region"":""Antofagasta Region"",""percentage"":0.039117},{""region"":""Araucan\u00eda Region"",""percentage"":0.053774},{""region"":""Atacama Region"",""percentage"":0.016918},{""region"":""B\u00edo B\u00edo Region"",""percentage"":0.120617},{""region"":""Coquimbo Region"",""percentage"":0.044957},{""region"":""O'Higgins Region"",""percentage"":0.051559},{""region"":""Los Lagos Region"",""percentage"":0.054222},{""region"":""Magallanes y la Ant\u00e1rtica Chilena Region"",""percentage"":0.01233},{""region"":""Maule Region"",""percentage"":0.060756},{""region"":""Santiago Metropolitan Region"",""percentage"":0.377873},{""region"":""Tarapac\u00e1 Region"",""percentage"":0.022244}","facebook,instagram","lower_bound: 1000001",es
558433475212583,669777673091551,"Yasna Provoste Campillay",2021-10-10,2021-10-11,2021-10-13,"Yasna Provoste Campillay","Miles de hogares son encabezados por una mujer. Sé lo que eso significa. Ahora las mujeres serán prioridad en nuestro país y, entre otras medidas, fortaleceremos los subsidios al empleo femenino. Puedes contar conmigo, con fuerza de mujer. #AhoraYasna",,,,"lower_bound: 250000, upper_bound: 299999","lower_bound: 200000, upper_bound: 249999",CLP,"{""age"":""55-64"",""gender"":""female"",""percentage"":0.280254},{""age"":""45-54"",""gender"":""female"",""percentage"":0.299951},{""age"":""35-44"",""gender"":""female"",""percentage"":0.313671},{""age"":""65+"",""gender"":""female"",""percentage"":0.106124}","{""region"":""Los R\u00edos Region"",""percentage"":0.031115},{""region"":""Arica y Parinacota Region"",""percentage"":0.013713},{""region"":""Valpara\u00edso Region"",""percentage"":0.094505},{""region"":""Ays\u00e9n Region"",""percentage"":0.008175},{""region"":""Antofagasta Region"",""percentage"":0.033403},{""region"":""Araucan\u00eda Region"",""percentage"":0.078176},{""region"":""Atacama Region"",""percentage"":0.018462},{""region"":""B\u00edo B\u00edo Region"",""percentage"":0.151224},{""region"":""Coquimbo Region"",""percentage"":0.045341},{""region"":""O'Higgins Region"",""percentage"":0.059789},{""region"":""Los Lagos Region"",""percentage"":0.073359},{""region"":""Magallanes y la Ant\u00e1rtica Chilena Region"",""percentage"":0.013334},{""region"":""Maule Region"",""percentage"":0.080511},{""region"":""Santiago Metropolitan Region"",""percentage"":0.277661},{""region"":""Tarapac\u00e1 Region"",""percentage"":0.021231}","facebook,instagram","lower_bound: 1000001",es
1029931727755446,669777673091551,"Yasna Provoste Campillay",2021-10-08,2021-10-08,2021-10-15,"Yasna Provoste Campillay","Por un acceso justo a un empleo, a un salario digno, a una atención oportuna de tu salud, a una educación de calidad, a la protección frente a la delincuencia y el narcotráfico. Ese es mi compromiso. ¡Más dignidad ahora! #AhoraYasna","Más dignidad ahora",yasnapresidenta.cl,,"lower_bound: 175000, upper_bound: 199999","lower_bound: 175000, upper_bound: 199999",CLP,"{""age"":""45-54"",""gender"":""unknown"",""percentage"":0.002408},{""age"":""55-64"",""gender"":""unknown"",""percentage"":0.001085},{""age"":""35-44"",""gender"":""unknown"",""percentage"":0.003541},{""age"":""55-64"",""gender"":""male"",""percentage"":0.08497},{""age"":""55-64"",""gender"":""female"",""percentage"":0.156342},{""age"":""45-54"",""gender"":""female"",""percentage"":0.174863},{""age"":""65+"",""gender"":""male"",""percentage"":0.038056},{""age"":""35-44"",""gender"":""female"",""percentage"":0.204001},{""age"":""45-54"",""gender"":""male"",""percentage"":0.112624},{""age"":""65+"",""gender"":""female"",""percentage"":0.07331},{""age"":""35-44"",""gender"":""male"",""percentage"":0.148267},{""age"":""65+"",""gender"":""unknown"",""percentage"":0.000534}","{""region"":""Los R\u00edos Region"",""percentage"":0.021773},{""region"":""Arica y Parinacota Region"",""percentage"":0.016606},{""region"":""Valpara\u00edso Region"",""percentage"":0.099408},{""region"":""Ays\u00e9n Region"",""percentage"":0.005221},{""region"":""Antofagasta Region"",""percentage"":0.04043},{""region"":""Araucan\u00eda Region"",""percentage"":0.05242},{""region"":""Atacama Region"",""percentage"":0.017937},{""region"":""B\u00edo B\u00edo Region"",""percentage"":0.121885},{""region"":""Coquimbo Region"",""percentage"":0.0426},{""region"":""O'Higgins Region"",""percentage"":0.054531},{""region"":""Los Lagos Region"",""percentage"":0.05387},{""region"":""Magallanes y la Ant\u00e1rtica Chilena Region"",""percentage"":0.011027},{""region"":""Maule Region"",""percentage"":0.063513},{""region"":""Santiago Metropolitan Region"",""percentage"":0.37515},{""region"":""Tarapac\u00e1 Region"",""percentage"":0.023629}","facebook,instagram","lower_bound: 1000001",es
3081859562069781,669777673091551,"Yasna Provoste Campillay",2021-10-08,2021-10-08,2021-10-16,"Yasna Provoste Campillay","Por salarios dignos, mi compromiso es hacer todo lo necesario para asegurar los nuevos puestos de trabajo que den oportunidades a las chilenas y chilenos, las oportunidades que nos merecemos.� Ahora es tu oportunidad. #AhoraYasna","Salarios dignos ahora",yasnapresidenta.cl,,"lower_bound: 90000, upper_bound: 99999","lower_bound: 90000, upper_bound: 99999",CLP,"{""age"":""45-54"",""gender"":""unknown"",""percentage"":0.002872},{""age"":""65+"",""gender"":""male"",""percentage"":0.028187},{""age"":""55-64"",""gender"":""female"",""percentage"":0.130721},{""age"":""35-44"",""gender"":""male"",""percentage"":0.168956},{""age"":""45-54"",""gender"":""male"",""percentage"":0.105016},{""age"":""65+"",""gender"":""female"",""percentage"":0.055323},{""age"":""55-64"",""gender"":""male"",""percentage"":0.064661},{""age"":""35-44"",""gender"":""female"",""percentage"":0.256161},{""age"":""45-54"",""gender"":""female"",""percentage"":0.181155},{""age"":""35-44"",""gender"":""unknown"",""percentage"":0.005147},{""age"":""55-64"",""gender"":""unknown"",""percentage"":0.001235},{""age"":""65+"",""gender"":""unknown"",""percentage"":0.000566}","{""region"":""Los R\u00edos Region"",""percentage"":0.024958},{""region"":""Arica y Parinacota Region"",""percentage"":0.015668},{""region"":""Valpara\u00edso Region"",""percentage"":0.104948},{""region"":""Ays\u00e9n Region"",""percentage"":0.00651},{""region"":""Antofagasta Region"",""percentage"":0.036755},{""region"":""Araucan\u00eda Region"",""percentage"":0.058729},{""region"":""Atacama Region"",""percentage"":0.018795},{""region"":""B\u00edo B\u00edo Region"",""percentage"":0.127207},{""region"":""Coquimbo Region"",""percentage"":0.045323},{""region"":""O'Higgins Region"",""percentage"":0.054837},{""region"":""Los Lagos Region"",""percentage"":0.060542},{""region"":""Magallanes y la Ant\u00e1rtica Chilena Region"",""percentage"":0.012265},{""region"":""Maule Region"",""percentage"":0.064525},{""region"":""Santiago Metropolitan Region"",""percentage"":0.346882},{""region"":""Tarapac\u00e1 Region"",""percentage"":0.022055}","facebook,instagram","lower_bound: 1000001",es
547567889865589,669777673091551,"Yasna Provoste Campillay",2021-10-08,2021-10-08,2021-10-16,"Yasna Provoste Campillay","Cuando recorro Chile escucho una y otra vez hablar del miedo, miedo a la delincuencia y el narcotráfico. Necesitamos seguridad pero ha faltado decisión política. Yo cumplo mis compromisos. Seguridad ahora en nuestro país. #AhoraYasna","Seguridad ahora",yasnapresidenta.cl,,"lower_bound: 80000, upper_bound: 89999","lower_bound: 80000, upper_bound: 89999",CLP,"{""age"":""45-54"",""gender"":""unknown"",""percentage"":0.002581},{""age"":""55-64"",""gender"":""unknown"",""percentage"":0.000984},{""age"":""65+"",""gender"":""female"",""percentage"":0.04883},{""age"":""45-54"",""gender"":""male"",""percentage"":0.108112},{""age"":""55-64"",""gender"":""male"",""percentage"":0.055717},{""age"":""35-44"",""gender"":""male"",""percentage"":0.198539},{""age"":""35-44"",""gender"":""female"",""percentage"":0.267844},{""age"":""55-64"",""gender"":""female"",""percentage"":0.115161},{""age"":""45-54"",""gender"":""female"",""percentage"":0.171213},{""age"":""65+"",""gender"":""male"",""percentage"":0.025625},{""age"":""35-44"",""gender"":""unknown"",""percentage"":0.005},{""age"":""65+"",""gender"":""unknown"",""percentage"":0.000394}","{""region"":""Los R\u00edos Region"",""percentage"":0.025475},{""region"":""Arica y Parinacota Region"",""percentage"":0.015104},{""region"":""Valpara\u00edso Region"",""percentage"":0.10675},{""region"":""Ays\u00e9n Region"",""percentage"":0.007069},{""region"":""Antofagasta Region"",""percentage"":0.037126},{""region"":""Araucan\u00eda Region"",""percentage"":0.061334},{""region"":""Atacama Region"",""percentage"":0.018266},{""region"":""B\u00edo B\u00edo Region"",""percentage"":0.129737},{""region"":""Coquimbo Region"",""percentage"":0.044207},{""region"":""O'Higgins Region"",""percentage"":0.054136},{""region"":""Los Lagos Region"",""percentage"":0.061508},{""region"":""Magallanes y la Ant\u00e1rtica Chilena Region"",""percentage"":0.013976},{""region"":""Maule Region"",""percentage"":0.062892},{""region"":""Santiago Metropolitan Region"",""percentage"":0.339992},{""region"":""Tarapac\u00e1 Region"",""percentage"":0.022429}","facebook,instagram","lower_bound: 1000001",es
557143512253573,669777673091551,"Yasna Provoste Campillay",2021-10-08,2021-10-08,2021-10-16,"Yasna Provoste Campillay","Creemos que la solidaridad es el fundamento de la seguridad social, para enfrentar juntas y juntos el desempleo, la enfermedad o la vejez desamparada.
Garanticemos un piso común de prestaciones que no dependan del aporte de cada cual.� La solidaridad es posible ahora. #AhoraYasna","La solidaridad es posible ahora",yasnapresidenta.cl,,"lower_bound: 250000, upper_bound: 299999","lower_bound: 300000, upper_bound: 349999",CLP,"{""age"":""55-64"",""gender"":""unknown"",""percentage"":0.001155},{""age"":""65+"",""gender"":""unknown"",""percentage"":0.000637},{""age"":""55-64"",""gender"":""female"",""percentage"":0.158346},{""age"":""55-64"",""gender"":""male"",""percentage"":0.067801},{""age"":""65+"",""gender"":""female"",""percentage"":0.071953},{""age"":""45-54"",""gender"":""female"",""percentage"":0.190246},{""age"":""45-54"",""gender"":""male"",""percentage"":0.111708},{""age"":""65+"",""gender"":""male"",""percentage"":0.029212},{""age"":""35-44"",""gender"":""male"",""percentage"":0.150991},{""age"":""35-44"",""gender"":""female"",""percentage"":0.212237},{""age"":""35-44"",""gender"":""unknown"",""percentage"":0.003393},{""age"":""45-54"",""gender"":""unknown"",""percentage"":0.002321}","{""region"":""Los R\u00edos Region"",""percentage"":0.023556},{""region"":""Arica y Parinacota Region"",""percentage"":0.015038},{""region"":""Valpara\u00edso Region"",""percentage"":0.10379},{""region"":""Ays\u00e9n Region"",""percentage"":0.005958},{""region"":""Antofagasta Region"",""percentage"":0.03988},{""region"":""Araucan\u00eda Region"",""percentage"":0.055979},{""region"":""Atacama Region"",""percentage"":0.017845},{""region"":""B\u00edo B\u00edo Region"",""percentage"":0.125629},{""region"":""Coquimbo Region"",""percentage"":0.042306},{""region"":""O'Higgins Region"",""percentage"":0.054095},{""region"":""Los Lagos Region"",""percentage"":0.055243},{""region"":""Magallanes y la Ant\u00e1rtica Chilena Region"",""percentage"":0.010833},{""region"":""Maule Region"",""percentage"":0.066887},{""region"":""Santiago Metropolitan Region"",""percentage"":0.361057},{""region"":""Tarapac\u00e1 Region"",""percentage"":0.021905}","facebook,instagram","lower_bound: 1000001",es
4692316204166215,669777673091551,"Yasna Provoste Campillay",2021-10-08,2021-10-08,2021-10-15,"Yasna Provoste Campillay","Llevamos años de promesas en vez de solucionar los problemas de la ciudadanía.
Estableceremos un plan vigoroso de salud para todos los chilenos y chilenas, una educación pública de alta calidad, una vejez digna con pensiones solidarias.
Lo hice en el Senado y lo haré ahora.
Todos juntos pensando en Chile. #AhoraYasna","Todos juntos pensando en Chile",yasnapresidenta.cl,,"lower_bound: 150000, upper_bound: 174999","lower_bound: 125000, upper_bound: 149999",CLP,"{""age"":""35-44"",""gender"":""unknown"",""percentage"":0.003159},{""age"":""65+"",""gender"":""unknown"",""percentage"":0.000539},{""age"":""55-64"",""gender"":""female"",""percentage"":0.15626},{""age"":""45-54"",""gender"":""unknown"",""percentage"":0.001922},{""age"":""35-44"",""gender"":""male"",""percentage"":0.155129},{""age"":""45-54"",""gender"":""female"",""percentage"":0.184341},{""age"":""65+"",""gender"":""female"",""percentage"":0.066703},{""age"":""65+"",""gender"":""male"",""percentage"":0.030375},{""age"":""35-44"",""gender"":""female"",""percentage"":0.217849},{""age"":""45-54"",""gender"":""male"",""percentage"":0.109031},{""age"":""55-64"",""gender"":""male"",""percentage"":0.073927},{""age"":""55-64"",""gender"":""unknown"",""percentage"":0.000765}","{""region"":""Los R\u00edos Region"",""percentage"":0.028286},{""region"":""Arica y Parinacota Region"",""percentage"":0.014461},{""region"":""Valpara\u00edso Region"",""percentage"":0.093165},{""region"":""Ays\u00e9n Region"",""percentage"":0.007042},{""region"":""Antofagasta Region"",""percentage"":0.034554},{""region"":""Araucan\u00eda Region"",""percentage"":0.07149},{""region"":""Atacama Region"",""percentage"":0.018882},{""region"":""B\u00edo B\u00edo Region"",""percentage"":0.140366},{""region"":""Coquimbo Region"",""percentage"":0.045368},{""region"":""O'Higgins Region"",""percentage"":0.057433},{""region"":""Los Lagos Region"",""percentage"":0.068479},{""region"":""Magallanes y la Ant\u00e1rtica Chilena Region"",""percentage"":0.013329},{""region"":""Maule Region"",""percentage"":0.072708},{""region"":""Santiago Metropolitan Region"",""percentage"":0.313227},{""region"":""Tarapac\u00e1 Region"",""percentage"":0.021211}","facebook,instagram","lower_bound: 1000001",es
305003407644925,669777673091551,"Yasna Provoste Campillay",2021-10-08,2021-10-08,2021-10-11,"Yasna Provoste Campillay","El buen vivir es el cuidado al medioambiente, ciudades y barrios integrados, seguridad frente al delito, participación de las personas en la creación cultural, es el desarrollo que beneficia a todas y todos. 
Un buen vivir ahora es posible. #AhoraYasna",,,,"lower_bound: 450000, upper_bound: 499999","lower_bound: 350000, upper_bound: 399999",CLP,"{""age"":""13-17"",""gender"":""male"",""percentage"":2.0e-6},{""age"":""55-64"",""gender"":""unknown"",""percentage"":0.000731},{""age"":""65+"",""gender"":""unknown"",""percentage"":0.000359},{""age"":""55-64"",""gender"":""male"",""percentage"":0.095481},{""age"":""55-64"",""gender"":""female"",""percentage"":0.169082},{""age"":""35-44"",""gender"":""male"",""percentage"":0.150031},{""age"":""45-54"",""gender"":""female"",""percentage"":0.183306},{""age"":""65+"",""gender"":""female"",""percentage"":0.064187},{""age"":""65+"",""gender"":""male"",""percentage"":0.034368},{""age"":""35-44"",""gender"":""female"",""percentage"":0.17539},{""age"":""45-54"",""gender"":""male"",""percentage"":0.124119},{""age"":""35-44"",""gender"":""unknown"",""percentage"":0.001695},{""age"":""45-54"",""gender"":""unknown"",""percentage"":0.001248}","{""region"":""Los R\u00edos Region"",""percentage"":0.028159},{""region"":""Arica y Parinacota Region"",""percentage"":0.014975},{""region"":""Valpara\u00edso Region"",""percentage"":0.098677},{""region"":""Ays\u00e9n Region"",""percentage"":0.007745},{""region"":""Antofagasta Region"",""percentage"":0.035941},{""region"":""Araucan\u00eda Region"",""percentage"":0.070825},{""region"":""Atacama Region"",""percentage"":0.018616},{""region"":""B\u00edo B\u00edo Region"",""percentage"":0.139089},{""region"":""Coquimbo Region"",""percentage"":0.045374},{""region"":""O'Higgins Region"",""percentage"":0.058558},{""region"":""Los Lagos Region"",""percentage"":0.068674},{""region"":""Magallanes y la Ant\u00e1rtica Chilena Region"",""percentage"":0.013292},{""region"":""Maule Region"",""percentage"":0.074844},{""region"":""Santiago Metropolitan Region"",""percentage"":0.302861},{""region"":""Tarapac\u00e1 Region"",""percentage"":0.022371}","facebook,instagram","lower_bound: 1000001",es
230071682482612,669777673091551,"Yasna Provoste Campillay",2021-09-30,2021-09-30,2021-10-04,"Yasna Provoste Campillay","No soy de la elite, soy diaguita, estudié en una escuela con número y en una universidad regional, hasta hace poco era imposible que una mujer de mi origen fuese candidata presidencial. #AhoraYasna",,,,"lower_bound: 125000, upper_bound: 149999","lower_bound: 400000, upper_bound: 449999",CLP,"{""age"":""35-44"",""gender"":""unknown"",""percentage"":0.006292},{""age"":""55-64"",""gender"":""male"",""percentage"":0.056719},{""age"":""55-64"",""gender"":""female"",""percentage"":0.126526},{""age"":""65+"",""gender"":""female"",""percentage"":0.069938},{""age"":""35-44"",""gender"":""male"",""percentage"":0.18299},{""age"":""45-54"",""gender"":""female"",""percentage"":0.161865},{""age"":""45-54"",""gender"":""male"",""percentage"":0.094732},{""age"":""35-44"",""gender"":""female"",""percentage"":0.260988},{""age"":""65+"",""gender"":""male"",""percentage"":0.034279},{""age"":""45-54"",""gender"":""unknown"",""percentage"":0.002923},{""age"":""55-64"",""gender"":""unknown"",""percentage"":0.001505},{""age"":""65+"",""gender"":""unknown"",""percentage"":0.001191},{""age"":""13-17"",""gender"":""male"",""percentage"":3.7e-5},{""age"":""13-17"",""gender"":""female"",""percentage"":7.0e-6},{""age"":""13-17"",""gender"":""unknown"",""percentage"":7.0e-6}","{""region"":""Los R\u00edos Region"",""percentage"":0.019032},{""region"":""Arica y Parinacota Region"",""percentage"":0.013758},{""region"":""Valpara\u00edso Region"",""percentage"":0.103924},{""region"":""Ays\u00e9n Region"",""percentage"":0.005142},{""region"":""Antofagasta Region"",""percentage"":0.03625},{""region"":""Araucan\u00eda Region"",""percentage"":0.047005},{""region"":""Atacama Region"",""percentage"":0.014377},{""region"":""B\u00edo B\u00edo Region"",""percentage"":0.114562},{""region"":""Coquimbo Region"",""percentage"":0.04058},{""region"":""O'Higgins Region"",""percentage"":0.049447},{""region"":""Los Lagos Region"",""percentage"":0.044733},{""region"":""Magallanes y la Ant\u00e1rtica Chilena Region"",""percentage"":0.010549},{""region"":""Maule Region"",""percentage"":0.055584},{""region"":""Santiago Metropolitan Region"",""percentage"":0.424439},{""region"":""Tarapac\u00e1 Region"",""percentage"":0.020603},{""region"":""Unknown"",""percentage"":1.5e-5}","facebook,instagram","lower_bound: 1000001",es
187430170135081,669777673091551,"Yasna Provoste Campillay",2021-09-29,2021-09-29,2021-10-03,"Yasna Provoste Campillay",,,yasnaprovoste.cl,,"lower_bound: 200000, upper_bound: 249999","lower_bound: 250000, upper_bound: 299999",CLP,"{""age"":""65+"",""gender"":""unknown"",""percentage"":0.000424},{""age"":""65+"",""gender"":""female"",""percentage"":0.050286},{""age"":""55-64"",""gender"":""female"",""percentage"":0.131689},{""age"":""35-44"",""gender"":""male"",""percentage"":0.166726},{""age"":""45-54"",""gender"":""female"",""percentage"":0.194507},{""age"":""45-54"",""gender"":""male"",""percentage"":0.096788},{""age"":""35-44"",""gender"":""female"",""percentage"":0.275473},{""age"":""35-44"",""gender"":""unknown"",""percentage"":0.003882},{""age"":""65+"",""gender"":""male"",""percentage"":0.023097},{""age"":""55-64"",""gender"":""male"",""percentage"":0.054643},{""age"":""45-54"",""gender"":""unknown"",""percentage"":0.001869},{""age"":""55-64"",""gender"":""unknown"",""percentage"":0.000615}","{""region"":""Los R\u00edos Region"",""percentage"":0.027689},{""region"":""Arica y Parinacota Region"",""percentage"":0.014301},{""region"":""Valpara\u00edso Region"",""percentage"":0.092843},{""region"":""Ays\u00e9n Region"",""percentage"":0.007662},{""region"":""Antofagasta Region"",""percentage"":0.037321},{""region"":""Araucan\u00eda Region"",""percentage"":0.0677},{""region"":""Atacama Region"",""percentage"":0.018192},{""region"":""B\u00edo B\u00edo Region"",""percentage"":0.135955},{""region"":""Coquimbo Region"",""percentage"":0.044471},{""region"":""O'Higgins Region"",""percentage"":0.05798},{""region"":""Los Lagos Region"",""percentage"":0.071699},{""region"":""Magallanes y la Ant\u00e1rtica Chilena Region"",""percentage"":0.0135},{""region"":""Maule Region"",""percentage"":0.072048},{""region"":""Santiago Metropolitan Region"",""percentage"":0.31403},{""region"":""Tarapac\u00e1 Region"",""percentage"":0.024607}","facebook,instagram","lower_bound: 1000001",es
1358121387949504,669777673091551,"Yasna Provoste Campillay",2021-09-29,2021-09-30,2021-10-04,"Yasna Provoste Campillay",,,yasnaprovoste.cl,,"lower_bound: 45000, upper_bound: 49999","lower_bound: 125000, upper_bound: 149999",CLP,"{""age"":""55-64"",""gender"":""unknown"",""percentage"":0.001514},{""age"":""65+"",""gender"":""male"",""percentage"":0.033045},{""age"":""45-54"",""gender"":""unknown"",""percentage"":0.002638},{""age"":""65+"",""gender"":""female"",""percentage"":0.07394},{""age"":""35-44"",""gender"":""male"",""percentage"":0.171994},{""age"":""35-44"",""gender"":""female"",""percentage"":0.240787},{""age"":""45-54"",""gender"":""male"",""percentage"":0.096237},{""age"":""45-54"",""gender"":""female"",""percentage"":0.176103},{""age"":""35-44"",""gender"":""unknown"",""percentage"":0.005298},{""age"":""55-64"",""gender"":""male"",""percentage"":0.061938},{""age"":""55-64"",""gender"":""female"",""percentage"":0.13577},{""age"":""65+"",""gender"":""unknown"",""percentage"":0.000735}","{""region"":""Los R\u00edos Region"",""percentage"":0.020377},{""region"":""Arica y Parinacota Region"",""percentage"":0.015688},{""region"":""Valpara\u00edso Region"",""percentage"":0.108043},{""region"":""Ays\u00e9n Region"",""percentage"":0.00631},{""region"":""Antofagasta Region"",""percentage"":0.03976},{""region"":""Araucan\u00eda Region"",""percentage"":0.04769},{""region"":""Atacama Region"",""percentage"":0.017287},{""region"":""B\u00edo B\u00edo Region"",""percentage"":0.107935},{""region"":""Coquimbo Region"",""percentage"":0.043736},{""region"":""O'Higgins Region"",""percentage"":0.049548},{""region"":""Los Lagos Region"",""percentage"":0.045853},{""region"":""Magallanes y la Ant\u00e1rtica Chilena Region"",""percentage"":0.01007},{""region"":""Maule Region"",""percentage"":0.060374},{""region"":""Santiago Metropolitan Region"",""percentage"":0.406673},{""region"":""Tarapac\u00e1 Region"",""percentage"":0.020658}","facebook,instagram","lower_bound: 1000001",es
508652330373677,669777673091551,"Yasna Provoste Campillay",2021-09-29,2021-09-29,2021-10-04,"Yasna Provoste Campillay",,,yasnaprovoste.cl,,"lower_bound: 175000, upper_bound: 199999","lower_bound: 300000, upper_bound: 349999",CLP,"{""age"":""45-54"",""gender"":""unknown"",""percentage"":0.002691},{""age"":""45-54"",""gender"":""male"",""percentage"":0.112854},{""age"":""65+"",""gender"":""male"",""percentage"":0.031638},{""age"":""35-44"",""gender"":""unknown"",""percentage"":0.004352},{""age"":""55-64"",""gender"":""male"",""percentage"":0.069428},{""age"":""35-44"",""gender"":""male"",""percentage"":0.190421},{""age"":""55-64"",""gender"":""female"",""percentage"":0.133372},{""age"":""45-54"",""gender"":""female"",""percentage"":0.168481},{""age"":""35-44"",""gender"":""female"",""percentage"":0.231253},{""age"":""65+"",""gender"":""female"",""percentage"":0.053583},{""age"":""65+"",""gender"":""unknown"",""percentage"":0.000719},{""age"":""55-64"",""gender"":""unknown"",""percentage"":0.001208}","{""region"":""Los R\u00edos Region"",""percentage"":0.02632},{""region"":""Arica y Parinacota Region"",""percentage"":0.015203},{""region"":""Valpara\u00edso Region"",""percentage"":0.106342},{""region"":""Ays\u00e9n Region"",""percentage"":0.007548},{""region"":""Antofagasta Region"",""percentage"":0.037143},{""region"":""Araucan\u00eda Region"",""percentage"":0.060689},{""region"":""Atacama Region"",""percentage"":0.017425},{""region"":""B\u00edo B\u00edo Region"",""percentage"":0.124931},{""region"":""Coquimbo Region"",""percentage"":0.045496},{""region"":""O'Higgins Region"",""percentage"":0.053566},{""region"":""Los Lagos Region"",""percentage"":0.067624},{""region"":""Magallanes y la Ant\u00e1rtica Chilena Region"",""percentage"":0.016433},{""region"":""Maule Region"",""percentage"":0.060537},{""region"":""Santiago Metropolitan Region"",""percentage"":0.337134},{""region"":""Tarapac\u00e1 Region"",""percentage"":0.023611}","facebook,instagram","lower_bound: 1000001",es
571076374194992,669777673091551,"Yasna Provoste Campillay",2021-09-29,2021-09-29,2021-10-05,"Yasna Provoste Campillay",,,yasnaprovoste.cl,,"lower_bound: 1000000","lower_bound: 1000000",CLP,"{""age"":""65+"",""gender"":""unknown"",""percentage"":0.000481},{""age"":""45-54"",""gender"":""unknown"",""percentage"":0.001998},{""age"":""35-44"",""gender"":""unknown"",""percentage"":0.003584},{""age"":""35-44"",""gender"":""male"",""percentage"":0.160604},{""age"":""55-64"",""gender"":""female"",""percentage"":0.14503},{""age"":""45-54"",""gender"":""male"",""percentage"":0.104087},{""age"":""55-64"",""gender"":""male"",""percentage"":0.068834},{""age"":""35-44"",""gender"":""female"",""percentage"":0.241513},{""age"":""45-54"",""gender"":""female"",""percentage"":0.180801},{""age"":""65+"",""gender"":""female"",""percentage"":0.061794},{""age"":""65+"",""gender"":""male"",""percentage"":0.030436},{""age"":""55-64"",""gender"":""unknown"",""percentage"":0.000838}","{""region"":""Unknown"",""percentage"":1.0e-6},{""region"":""Los R\u00edos Region"",""percentage"":0.025967},{""region"":""Arica y Parinacota Region"",""percentage"":0.01538},{""region"":""Valpara\u00edso Region"",""percentage"":0.101388},{""region"":""Ays\u00e9n Region"",""percentage"":0.007163},{""region"":""Antofagasta Region"",""percentage"":0.038882},{""region"":""Araucan\u00eda Region"",""percentage"":0.062762},{""region"":""Atacama Region"",""percentage"":0.018853},{""region"":""B\u00edo B\u00edo Region"",""percentage"":0.129826},{""region"":""Coquimbo Region"",""percentage"":0.045473},{""region"":""O'Higgins Region"",""percentage"":0.057768},{""region"":""Los Lagos Region"",""percentage"":0.062002},{""region"":""Magallanes y la Ant\u00e1rtica Chilena Region"",""percentage"":0.012517},{""region"":""Maule Region"",""percentage"":0.071033},{""region"":""Santiago Metropolitan Region"",""percentage"":0.327623},{""region"":""Tarapac\u00e1 Region"",""percentage"":0.023363}","facebook,instagram","lower_bound: 1000001",es
442917440405026,669777673091551,"Yasna Provoste Campillay",2021-09-18,2021-09-18,2021-09-28,"Yasna Provoste Campillay","Por fin!! Feliz 18 de septiembre a todas y todos!!",,,,"lower_bound: 200000, upper_bound: 249999","lower_bound: 70000, upper_bound: 79999",CLP,"{""age"":""65+"",""gender"":""unknown"",""percentage"":0.000783},{""age"":""55-64"",""gender"":""male"",""percentage"":0.100007},{""age"":""65+"",""gender"":""male"",""percentage"":0.04556},{""age"":""65+"",""gender"":""female"",""percentage"":0.069548},{""age"":""45-54"",""gender"":""female"",""percentage"":0.154323},{""age"":""35-44"",""gender"":""female"",""percentage"":0.178766},{""age"":""35-44"",""gender"":""male"",""percentage"":0.166277},{""age"":""45-54"",""gender"":""male"",""percentage"":0.127834},{""age"":""35-44"",""gender"":""unknown"",""percentage"":0.002802},{""age"":""55-64"",""gender"":""female"",""percentage"":0.151235},{""age"":""45-54"",""gender"":""unknown"",""percentage"":0.001951},{""age"":""55-64"",""gender"":""unknown"",""percentage"":0.000915}","{""region"":""Los R\u00edos Region"",""percentage"":0.032792},{""region"":""Arica y Parinacota Region"",""percentage"":0.016933},{""region"":""Valpara\u00edso Region"",""percentage"":0.101727},{""region"":""Ays\u00e9n Region"",""percentage"":0.01143},{""region"":""Antofagasta Region"",""percentage"":0.039683},{""region"":""Araucan\u00eda Region"",""percentage"":0.070566},{""region"":""Atacama Region"",""percentage"":0.022929},{""region"":""B\u00edo B\u00edo Region"",""percentage"":0.144372},{""region"":""Coquimbo Region"",""percentage"":0.046979},{""region"":""O'Higgins Region"",""percentage"":0.062465},{""region"":""Los Lagos Region"",""percentage"":0.081697},{""region"":""Magallanes y la Ant\u00e1rtica Chilena Region"",""percentage"":0.019053},{""region"":""Maule Region"",""percentage"":0.073706},{""region"":""Santiago Metropolitan Region"",""percentage"":0.252606},{""region"":""Tarapac\u00e1 Region"",""percentage"":0.023061}","facebook,instagram","lower_bound: 1000001",es
