ad_archive_id,page_id,page_name,ad_creation_time,ad_delivery_start_time,ad_delivery_stop_time,byline,ad_creative_bodies,ad_creative_link_titles,ad_creative_link_captions,ad_creative_link_descriptions,impressions,spend,currency,demographic_distribution,delivery_by_region,publisher_platforms,estimated_audience_size,languages
984577312273915,103820310982935,"Sichel Presidente",2021-11-18,2021-11-18,2021-11-19,"Sebastián Sichel Ramirez","Queremos recuperar la esperanza, tendremos un mejor país juntos. Junto  a voluntarios llenamos la Plaza Italia de remolinos amarillos para demostrar que debería ser un espacio de encuentro y no de violencia. Para empezar un futuro de cambios sin violencia. Este domingo vota para demostrar que #ConSichelSePuede. #VotaSichel #SePuede",,,,"lower_bound: 0, upper_bound: 999","lower_bound: 0, upper_bound: 99",USD,,,"facebook,instagram","lower_bound: 1000001",es
431087118468983,103820310982935,"Sichel Presidente",2021-11-18,2021-11-18,2021-11-18,"Sebastián Sichel Ramirez","A ti, que estás a punto de votar por mí: no nos quedemos a punto. Piénsalo con la cabeza y con el corazón. Vota por ti, vota por la esperanza, vota por el futuro, vota 4.
#ConSichelSePuede #SichelPresidente #SePuede",,,,"lower_bound: 60000, upper_bound: 69999","lower_bound: 100, upper_bound: 199",USD,"{""age"":""55-64"",""gender"":""unknown"",""percentage"":0.000333},{""age"":""25-34"",""gender"":""male"",""percentage"":0.233947},{""age"":""55-64"",""gender"":""male"",""percentage"":0.048915},{""age"":""45-54"",""gender"":""male"",""percentage"":0.101518},{""age"":""35-44"",""gender"":""female"",""percentage"":0.074914},{""age"":""55-64"",""gender"":""female"",""percentage"":0.042279},{""age"":""35-44"",""gender"":""male"",""percentage"":0.141212},{""age"":""45-54"",""gender"":""female"",""percentage"":0.063108},{""age"":""25-34"",""gender"":""female"",""percentage"":0.121455},{""age"":""35-44"",""gender"":""unknown"",""percentage"":0.001769},{""age"":""18-24"",""gender"":""male"",""percentage"":0.081338},{""age"":""65+"",""gender"":""male"",""percentage"":0.015993},{""age"":""65+"",""gender"":""female"",""percentage"":0.014662},{""age"":""25-34"",""gender"":""unknown"",""percentage"":0.001723},{""age"":""45-54"",""gender"":""unknown"",""percentage"":0.000952},{""age"":""65+"",""gender"":""unknown"",""percentage"":0.000212},{""age"":""18-24"",""gender"":""unknown"",""percentage"":0.000635},{""age"":""18-24"",""gender"":""female"",""percentage"":0.055037}","{""region"":""Los R\u00edos Region"",""percentage"":0.029891},{""region"":""Arica y Parinacota Region"",""percentage"":0.013405},{""region"":""Valpara\u00edso Region"",""percentage"":0.088923},{""region"":""Ays\u00e9n Region"",""percentage"":0.0081},{""region"":""Antofagasta Region"",""percentage"":0.034535},{""region"":""Araucan\u00eda Region"",""percentage"":0.081679},{""region"":""Atacama Region"",""percentage"":0.0188},{""region"":""B\u00edo B\u00edo Region"",""percentage"":0.147774},{""region"":""Coquimbo Region"",""percentage"":0.04232},{""region"":""O'Higgins Region"",""percentage"":0.06091},{""region"":""Los Lagos Region"",""percentage"":0.072722},{""region"":""Magallanes y la Ant\u00e1rtica Chilena Region"",""percentage"":0.010911},{""region"":""Maule Region"",""percentage"":0.077306},{""region"":""Santiago Metropolitan Region"",""percentage"":0.290723},{""region"":""Tarapac\u00e1 Region"",""percentage"":0.022001}","facebook,instagram","lower_bound: 1000001",es
917490595864133,103820310982935,"Sichel Presidente",2021-11-18,2021-11-18,2021-11-18,"Sebastián Sichel Ramirez","Si quieres un país sin odio: vota. 
Si quieres un país que se preocupe por ti: vota. 
Si quieres detener la violencia: vota. 
Si quieres que tu pyme salga adelante: vota. 
Si quieres vivir sin discriminación: vota. Vota por la esperanza, vota por ti. Vota porque amas a Chile y sabes que nuestro futuro juntos puede ser mejor y #SePuede. Es tiempo de personas comunes haciendo cosas extraordinarias. #ConSichelSePuede",,,,"lower_bound: 15000, upper_bound: 19999","lower_bound: 0, upper_bound: 99",USD,"{""age"":""45-54"",""gender"":""male"",""percentage"":0.101041},{""age"":""18-24"",""gender"":""female"",""percentage"":0.052256},{""age"":""55-64"",""gender"":""unknown"",""percentage"":0.000196},{""age"":""18-24"",""gender"":""unknown"",""percentage"":0.00072},{""age"":""45-54"",""gender"":""unknown"",""percentage"":0.000786},{""age"":""25-34"",""gender"":""unknown"",""percentage"":0.001768},{""age"":""65+"",""gender"":""female"",""percentage"":0.011722},{""age"":""65+"",""gender"":""male"",""percentage"":0.013948},{""age"":""55-64"",""gender"":""male"",""percentage"":0.046166},{""age"":""25-34"",""gender"":""male"",""percentage"":0.251719},{""age"":""35-44"",""gender"":""unknown"",""percentage"":0.002488},{""age"":""45-54"",""gender"":""female"",""percentage"":0.056381},{""age"":""55-64"",""gender"":""female"",""percentage"":0.034772},{""age"":""35-44"",""gender"":""male"",""percentage"":0.147338},{""age"":""35-44"",""gender"":""female"",""percentage"":0.070591},{""age"":""25-34"",""gender"":""female"",""percentage"":0.116233},{""age"":""18-24"",""gender"":""male"",""percentage"":0.091743},{""age"":""65+"",""gender"":""unknown"",""percentage"":0.000131}","{""region"":""Los R\u00edos Region"",""percentage"":0.031072},{""region"":""Arica y Parinacota Region"",""percentage"":0.013752},{""region"":""Valpara\u00edso Region"",""percentage"":0.081993},{""region"":""Ays\u00e9n Region"",""percentage"":0.007525},{""region"":""Antofagasta Region"",""percentage"":0.038856},{""region"":""Araucan\u00eda Region"",""percentage"":0.079333},{""region"":""Atacama Region"",""percentage"":0.018876},{""region"":""B\u00edo B\u00edo Region"",""percentage"":0.158861},{""region"":""Coquimbo Region"",""percentage"":0.042359},{""region"":""O'Higgins Region"",""percentage"":0.062727},{""region"":""Los Lagos Region"",""percentage"":0.074144},{""region"":""Magallanes y la Ant\u00e1rtica Chilena Region"",""percentage"":0.010703},{""region"":""Maule Region"",""percentage"":0.080176},{""region"":""Santiago Metropolitan Region"",""percentage"":0.274001},{""region"":""Tarapac\u00e1 Region"",""percentage"":0.025623}","facebook,instagram","lower_bound: 1000001",es
1140270463173943,103820310982935,"Sichel Presidente",2021-11-18,2021-11-18,2021-11-18,"Sebastián Sichel Ramirez","Queremos recuperar la esperanza, tendremos un mejor país juntos. Junto  a voluntarios llenamos la Plaza Italia de remolinos amarillos para demostrar que debería ser un espacio de encuentro y no de violencia. Para empezar un futuro de cambios sin violencia. Este domingo vota para demostrar que #ConSichelSePuede. #VotaSichel #SePuede",,,,"lower_bound: 60000, upper_bound: 69999","lower_bound: 0, upper_bound: 99",USD,"{""age"":""65+"",""gender"":""unknown"",""percentage"":0.000202},{""age"":""35-44"",""gender"":""female"",""percentage"":0.089996},{""age"":""55-64"",""gender"":""male"",""percentage"":0.056065},{""age"":""25-34"",""gender"":""female"",""percentage"":0.12136},{""age"":""45-54"",""gender"":""male"",""percentage"":0.096254},{""age"":""25-34"",""gender"":""male"",""percentage"":0.186063},{""age"":""55-64"",""gender"":""female"",""percentage"":0.064859},{""age"":""35-44"",""gender"":""male"",""percentage"":0.116488},{""age"":""18-24"",""gender"":""female"",""percentage"":0.060236},{""age"":""25-34"",""gender"":""unknown"",""percentage"":0.001152},{""age"":""45-54"",""gender"":""female"",""percentage"":0.080813},{""age"":""18-24"",""gender"":""male"",""percentage"":0.078634},{""age"":""45-54"",""gender"":""unknown"",""percentage"":0.001245},{""age"":""35-44"",""gender"":""unknown"",""percentage"":0.001634},{""age"":""65+"",""gender"":""male"",""percentage"":0.019939},{""age"":""18-24"",""gender"":""unknown"",""percentage"":0.000934},{""age"":""55-64"",""gender"":""unknown"",""percentage"":0.00042},{""age"":""65+"",""gender"":""female"",""percentage"":0.023705}","{""region"":""Los R\u00edos Region"",""percentage"":0.026485},{""region"":""Arica y Parinacota Region"",""percentage"":0.017834},{""region"":""Valpara\u00edso Region"",""percentage"":0.096929},{""region"":""Ays\u00e9n Region"",""percentage"":0.008025},{""region"":""Antofagasta Region"",""percentage"":0.042176},{""region"":""Araucan\u00eda Region"",""percentage"":0.065297},{""region"":""Atacama Region"",""percentage"":0.018209},{""region"":""B\u00edo B\u00edo Region"",""percentage"":0.125839},{""region"":""Coquimbo Region"",""percentage"":0.037889},{""region"":""O'Higgins Region"",""percentage"":0.05857},{""region"":""Los Lagos Region"",""percentage"":0.06974},{""region"":""Magallanes y la Ant\u00e1rtica Chilena Region"",""percentage"":0.013454},{""region"":""Maule Region"",""percentage"":0.081895},{""region"":""Santiago Metropolitan Region"",""percentage"":0.309654},{""region"":""Tarapac\u00e1 Region"",""percentage"":0.028002}","facebook,instagram","lower_bound: 1000001",es
313938176977240,103820310982935,"Sichel Presidente",2021-11-18,2021-11-18,2021-11-18,"Sebastián Sichel Ramirez","A ti, que estás a punto de votar por mí: no nos quedemos a punto. Piénsalo con la cabeza y con el corazón. Vota por ti, vota por la esperanza, vota por el futuro, vota 4.
#ConSichelSePuede #SichelPresidente #SePuede",,,,"lower_bound: 25000, upper_bound: 29999","lower_bound: 0, upper_bound: 99",USD,"{""age"":""25-34"",""gender"":""female"",""percentage"":0.099997},{""age"":""65+"",""gender"":""male"",""percentage"":0.018219},{""age"":""65+"",""gender"":""unknown"",""percentage"":0.000243},{""age"":""18-24"",""gender"":""unknown"",""percentage"":0.0008},{""age"":""55-64"",""gender"":""unknown"",""percentage"":0.000243},{""age"":""35-44"",""gender"":""unknown"",""percentage"":0.002469},{""age"":""45-54"",""gender"":""unknown"",""percentage"":0.001912},{""age"":""65+"",""gender"":""female"",""percentage"":0.014812},{""age"":""55-64"",""gender"":""male"",""percentage"":0.056709},{""age"":""25-34"",""gender"":""male"",""percentage"":0.199124},{""age"":""55-64"",""gender"":""female"",""percentage"":0.046278},{""age"":""18-24"",""gender"":""male"",""percentage"":0.062028},{""age"":""35-44"",""gender"":""female"",""percentage"":0.090261},{""age"":""35-44"",""gender"":""male"",""percentage"":0.16359},{""age"":""45-54"",""gender"":""female"",""percentage"":0.077014},{""age"":""18-24"",""gender"":""female"",""percentage"":0.041619},{""age"":""45-54"",""gender"":""male"",""percentage"":0.123049},{""age"":""25-34"",""gender"":""unknown"",""percentage"":0.001634}","{""region"":""Los R\u00edos Region"",""percentage"":0.028923},{""region"":""Arica y Parinacota Region"",""percentage"":0.015456},{""region"":""Valpara\u00edso Region"",""percentage"":0.082653},{""region"":""Ays\u00e9n Region"",""percentage"":0.006141},{""region"":""Antofagasta Region"",""percentage"":0.038483},{""region"":""Araucan\u00eda Region"",""percentage"":0.08056},{""region"":""Atacama Region"",""percentage"":0.020899},{""region"":""B\u00edo B\u00edo Region"",""percentage"":0.148001},{""region"":""Coquimbo Region"",""percentage"":0.043054},{""region"":""O'Higgins Region"",""percentage"":0.056625},{""region"":""Los Lagos Region"",""percentage"":0.069186},{""region"":""Magallanes y la Ant\u00e1rtica Chilena Region"",""percentage"":0.011618},{""region"":""Maule Region"",""percentage"":0.072291},{""region"":""Santiago Metropolitan Region"",""percentage"":0.304096},{""region"":""Tarapac\u00e1 Region"",""percentage"":0.022015}","facebook,instagram","lower_bound: 1000001",es
322867772992818,103820310982935,"Sichel Presidente",2021-11-18,2021-11-18,2021-11-18,"Sebastián Sichel Ramirez","Si quieres un país sin odio: vota. 
Si quieres un país que se preocupe por ti: vota. 
Si quieres detener la violencia: vota. 
Si quieres que tu pyme salga adelante: vota. 
Si quieres vivir sin discriminación: vota. Vota por la esperanza, vota por ti. Vota porque amas a Chile y sabes que nuestro futuro juntos puede ser mejor y #SePuede. Es tiempo de personas comunes haciendo cosas extraordinarias. #ConSichelSePuede",,,,"lower_bound: 20000, upper_bound: 24999","lower_bound: 0, upper_bound: 99",USD,"{""age"":""45-54"",""gender"":""unknown"",""percentage"":0.001619},{""age"":""45-54"",""gender"":""male"",""percentage"":0.101508},{""age"":""55-64"",""gender"":""unknown"",""percentage"":0.000416},{""age"":""25-34"",""gender"":""female"",""percentage"":0.126307},{""age"":""18-24"",""gender"":""male"",""percentage"":0.065421},{""age"":""25-34"",""gender"":""male"",""percentage"":0.207181},{""age"":""35-44"",""gender"":""female"",""percentage"":0.099611},{""age"":""18-24"",""gender"":""female"",""percentage"":0.051448},{""age"":""35-44"",""gender"":""male"",""percentage"":0.153003},{""age"":""25-34"",""gender"":""unknown"",""percentage"":0.001666},{""age"":""45-54"",""gender"":""female"",""percentage"":0.0793},{""age"":""55-64"",""gender"":""male"",""percentage"":0.040761},{""age"":""55-64"",""gender"":""female"",""percentage"":0.044277},{""age"":""65+"",""gender"":""male"",""percentage"":0.010734},{""age"":""65+"",""gender"":""female"",""percentage"":0.013741},{""age"":""18-24"",""gender"":""unknown"",""percentage"":0.000601},{""age"":""35-44"",""gender"":""unknown"",""percentage"":0.002082},{""age"":""65+"",""gender"":""unknown"",""percentage"":0.000324}","{""region"":""Los R\u00edos Region"",""percentage"":0.031166},{""region"":""Arica y Parinacota Region"",""percentage"":0.016714},{""region"":""Valpara\u00edso Region"",""percentage"":0.088974},{""region"":""Ays\u00e9n Region"",""percentage"":0.006418},{""region"":""Antofagasta Region"",""percentage"":0.042894},{""region"":""Araucan\u00eda Region"",""percentage"":0.078539},{""region"":""Atacama Region"",""percentage"":0.020501},{""region"":""B\u00edo B\u00edo Region"",""percentage"":0.159895},{""region"":""Coquimbo Region"",""percentage"":0.043494},{""region"":""O'Higgins Region"",""percentage"":0.057161},{""region"":""Los Lagos Region"",""percentage"":0.073137},{""region"":""Magallanes y la Ant\u00e1rtica Chilena Region"",""percentage"":0.013806},{""region"":""Maule Region"",""percentage"":0.069028},{""region"":""Santiago Metropolitan Region"",""percentage"":0.274264},{""region"":""Tarapac\u00e1 Region"",""percentage"":0.02401}","facebook,instagram","lower_bound: 1000001",es
259197382934076,103820310982935,"Sichel Presidente",2021-11-18,2021-11-18,2021-11-18,"Sebastián Sichel Ramirez","Queremos recuperar la esperanza, tendremos un mejor país juntos. Junto  a voluntarios llenamos la Plaza Italia de remolinos amarillos para demostrar que debería ser un espacio de encuentro y no de violencia. Para empezar un futuro de cambios sin violencia. Este domingo vota para demostrar que #ConSichelSePuede. #VotaSichel #SePuede",,,,"lower_bound: 50000, upper_bound: 59999","lower_bound: 0, upper_bound: 99",USD,"{""age"":""55-64"",""gender"":""unknown"",""percentage"":0.000339},{""age"":""55-64"",""gender"":""male"",""percentage"":0.053928},{""age"":""25-34"",""gender"":""unknown"",""percentage"":0.00109},{""age"":""35-44"",""gender"":""unknown"",""percentage"":0.002269},{""age"":""65+"",""gender"":""male"",""percentage"":0.017845},{""age"":""18-24"",""gender"":""unknown"",""percentage"":0.000518},{""age"":""18-24"",""gender"":""female"",""percentage"":0.050463},{""age"":""35-44"",""gender"":""male"",""percentage"":0.131256},{""age"":""55-64"",""gender"":""female"",""percentage"":0.071309},{""age"":""45-54"",""gender"":""unknown"",""percentage"":0.00134},{""age"":""25-34"",""gender"":""female"",""percentage"":0.123754},{""age"":""35-44"",""gender"":""female"",""percentage"":0.118324},{""age"":""45-54"",""gender"":""female"",""percentage"":0.105069},{""age"":""65+"",""gender"":""female"",""percentage"":0.02399},{""age"":""18-24"",""gender"":""male"",""percentage"":0.05391},{""age"":""45-54"",""gender"":""male"",""percentage"":0.101265},{""age"":""25-34"",""gender"":""male"",""percentage"":0.143028},{""age"":""65+"",""gender"":""unknown"",""percentage"":0.000304}","{""region"":""Unknown"",""percentage"":1.8e-5},{""region"":""Los R\u00edos Region"",""percentage"":0.025693},{""region"":""Arica y Parinacota Region"",""percentage"":0.01572},{""region"":""Valpara\u00edso Region"",""percentage"":0.090943},{""region"":""Ays\u00e9n Region"",""percentage"":0.007462},{""region"":""Antofagasta Region"",""percentage"":0.040476},{""region"":""Araucan\u00eda Region"",""percentage"":0.066576},{""region"":""Atacama Region"",""percentage"":0.017983},{""region"":""B\u00edo B\u00edo Region"",""percentage"":0.145654},{""region"":""Coquimbo Region"",""percentage"":0.039769},{""region"":""O'Higgins Region"",""percentage"":0.062739},{""region"":""Los Lagos Region"",""percentage"":0.070201},{""region"":""Magallanes y la Ant\u00e1rtica Chilena Region"",""percentage"":0.011565},{""region"":""Maule Region"",""percentage"":0.076867},{""region"":""Santiago Metropolitan Region"",""percentage"":0.304428},{""region"":""Tarapac\u00e1 Region"",""percentage"":0.023907}","facebook,instagram","lower_bound: 1000001",es
327470948714987,103820310982935,"Sichel Presidente",2021-11-18,2021-11-18,2021-11-18,"Sebastián Sichel Ramirez","Si quieres un país sin odio: vota. 
Si quieres un país que se preocupe por ti: vota. 
Si quieres detener la violencia: vota. 
Si quieres que tu pyme salga adelante: vota. 
Si quieres vivir sin discriminación: vota. Vota por la esperanza, vota por ti. Vota porque amas a Chile y sabes que nuestro futuro juntos puede ser mejor y #SePuede. Es tiempo de personas comunes haciendo cosas extraordinarias. #ConSichelSePuede",,,,"lower_bound: 4000, upper_bound: 4999","lower_bound: 0, upper_bound: 99",USD,"{""age"":""45-54"",""gender"":""unknown"",""percentage"":0.003735},{""age"":""35-44"",""gender"":""male"",""percentage"":0.120269},{""age"":""55-64"",""gender"":""unknown"",""percentage"":0.000249},{""age"":""65+"",""gender"":""unknown"",""percentage"":0.000498},{""age"":""25-34"",""gender"":""unknown"",""percentage"":0.00249},{""age"":""35-44"",""gender"":""female"",""percentage"":0.170817},{""age"":""25-34"",""gender"":""female"",""percentage"":0.175299},{""age"":""18-24"",""gender"":""female"",""percentage"":0.040588},{""age"":""25-34"",""gender"":""male"",""percentage"":0.163845},{""age"":""55-64"",""gender"":""male"",""percentage"":0.022659},{""age"":""45-54"",""gender"":""female"",""percentage"":0.10757},{""age"":""45-54"",""gender"":""male"",""percentage"":0.087151},{""age"":""18-24"",""gender"":""male"",""percentage"":0.034363},{""age"":""55-64"",""gender"":""female"",""percentage"":0.04009},{""age"":""65+"",""gender"":""female"",""percentage"":0.018177},{""age"":""35-44"",""gender"":""unknown"",""percentage"":0.005727},{""age"":""65+"",""gender"":""male"",""percentage"":0.006225},{""age"":""18-24"",""gender"":""unknown"",""percentage"":0.000249}","{""region"":""Los R\u00edos Region"",""percentage"":0.029828},{""region"":""Arica y Parinacota Region"",""percentage"":0.011931},{""region"":""Valpara\u00edso Region"",""percentage"":0.101417},{""region"":""Ays\u00e9n Region"",""percentage"":0.007706},{""region"":""Antofagasta Region"",""percentage"":0.031071},{""region"":""Araucan\u00eda Region"",""percentage"":0.077803},{""region"":""Atacama Region"",""percentage"":0.018146},{""region"":""B\u00edo B\u00edo Region"",""percentage"":0.1653},{""region"":""Coquimbo Region"",""percentage"":0.039771},{""region"":""O'Higgins Region"",""percentage"":0.059408},{""region"":""Los Lagos Region"",""percentage"":0.067114},{""region"":""Magallanes y la Ant\u00e1rtica Chilena Region"",""percentage"":0.012926},{""region"":""Maule Region"",""percentage"":0.069351},{""region"":""Santiago Metropolitan Region"",""percentage"":0.289088},{""region"":""Tarapac\u00e1 Region"",""percentage"":0.01914}","facebook,instagram","lower_bound: 100001, upper_bound: 500000",es
444601810374362,103820310982935,"Sichel Presidente",2021-11-18,2021-11-18,2021-11-18,"Sebastián Sichel Ramirez","Queremos recuperar la esperanza, tendremos un mejor país juntos. Junto  a voluntarios llenamos la Plaza Italia de remolinos amarillos para demostrar que debería ser un espacio de encuentro y no de violencia. Para empezar un futuro de cambios sin violencia. Este domingo vota para demostrar que #ConSichelSePuede. #VotaSichel #SePuede",,,,"lower_bound: 0, upper_bound: 999","lower_bound: 0, upper_bound: 99",USD,,,"facebook,instagram","lower_bound: 100001, upper_bound: 500000",es
366125765309299,103820310982935,"Sichel Presidente",2021-11-18,2021-11-18,2021-11-18,"Sebastián Sichel Ramirez","A ti, que estás a punto de votar por mí: no nos quedemos a punto. Piénsalo con la cabeza y con el corazón. Vota por ti, vota por la esperanza, vota por el futuro, vota 4.
#ConSichelSePuede #SichelPresidente #SePuede",,,,"lower_bound: 1000, upper_bound: 1999","lower_bound: 0, upper_bound: 99",USD,"{""age"":""65+"",""gender"":""unknown"",""percentage"":0.001423},{""age"":""35-44"",""gender"":""female"",""percentage"":0.208541},{""age"":""65+"",""gender"":""female"",""percentage"":0.017794},{""age"":""55-64"",""gender"":""male"",""percentage"":0.024911},{""age"":""35-44"",""gender"":""male"",""percentage"":0.137367},{""age"":""45-54"",""gender"":""male"",""percentage"":0.079715},{""age"":""25-34"",""gender"":""female"",""percentage"":0.139502},{""age"":""18-24"",""gender"":""female"",""percentage"":0.041993},{""age"":""35-44"",""gender"":""unknown"",""percentage"":0.007829},{""age"":""18-24"",""gender"":""unknown"",""percentage"":0.000712},{""age"":""25-34"",""gender"":""male"",""percentage"":0.11032},{""age"":""18-24"",""gender"":""male"",""percentage"":0.041993},{""age"":""45-54"",""gender"":""female"",""percentage"":0.130249},{""age"":""65+"",""gender"":""male"",""percentage"":0.007829},{""age"":""55-64"",""gender"":""female"",""percentage"":0.04484},{""age"":""55-64"",""gender"":""unknown"",""percentage"":0.001423},{""age"":""45-54"",""gender"":""unknown"",""percentage"":0.002135},{""age"":""25-34"",""gender"":""unknown"",""percentage"":0.001423}","{""region"":""Los R\u00edos Region"",""percentage"":0.029851},{""region"":""Arica y Parinacota Region"",""percentage"":0.014215},{""region"":""Valpara\u00edso Region"",""percentage"":0.103767},{""region"":""Ays\u00e9n Region"",""percentage"":0.005686},{""region"":""Antofagasta Region"",""percentage"":0.029851},{""region"":""Araucan\u00eda Region"",""percentage"":0.088131},{""region"":""Atacama Region"",""percentage"":0.012082},{""region"":""B\u00edo B\u00edo Region"",""percentage"":0.160625},{""region"":""Coquimbo Region"",""percentage"":0.031983},{""region"":""O'Higgins Region"",""percentage"":0.059701},{""region"":""Los Lagos Region"",""percentage"":0.061123},{""region"":""Magallanes y la Ant\u00e1rtica Chilena Region"",""percentage"":0.010661},{""region"":""Maule Region"",""percentage"":0.069652},{""region"":""Santiago Metropolitan Region"",""percentage"":0.304904},{""region"":""Tarapac\u00e1 Region"",""percentage"":0.017768}","facebook,instagram","lower_bound: 100001, upper_bound: 500000",es
429235432208365,103820310982935,"Sichel Presidente",2021-11-18,2021-11-18,2021-11-18,"Sebastián Sichel Ramirez",,,"sichelpresidente.cl,sichelpresidente.cl,sichelpresidente.cl,sichelpresidente.cl,sichelpresidente.cl",,"lower_bound: 100000, upper_bound: 124999","lower_bound: 200, upper_bound: 299",USD,"{""age"":""13-17"",""gender"":""female"",""percentage"":8.0e-6},{""age"":""13-17"",""gender"":""male"",""percentage"":1.7e-5},{""age"":""55-64"",""gender"":""unknown"",""percentage"":0.001153},{""age"":""45-54"",""gender"":""unknown"",""percentage"":0.003741},{""age"":""55-64"",""gender"":""male"",""percentage"":0.117093},{""age"":""65+"",""gender"":""male"",""percentage"":0.039263},{""age"":""45-54"",""gender"":""male"",""percentage"":0.256037},{""age"":""65+"",""gender"":""female"",""percentage"":0.058601},{""age"":""45-54"",""gender"":""female"",""percentage"":0.348003},{""age"":""55-64"",""gender"":""female"",""percentage"":0.17552},{""age"":""65+"",""gender"":""unknown"",""percentage"":0.000564}","{""region"":""Unknown"",""percentage"":8.0e-6},{""region"":""Los R\u00edos Region"",""percentage"":0.029029},{""region"":""Arica y Parinacota Region"",""percentage"":0.014856},{""region"":""Valpara\u00edso Region"",""percentage"":0.107111},{""region"":""Ays\u00e9n Region"",""percentage"":0.010054},{""region"":""Antofagasta Region"",""percentage"":0.037049},{""region"":""Araucan\u00eda Region"",""percentage"":0.071071},{""region"":""Atacama Region"",""percentage"":0.019967},{""region"":""B\u00edo B\u00edo Region"",""percentage"":0.146986},{""region"":""Coquimbo Region"",""percentage"":0.048095},{""region"":""O'Higgins Region"",""percentage"":0.062301},{""region"":""Los Lagos Region"",""percentage"":0.081742},{""region"":""Magallanes y la Ant\u00e1rtica Chilena Region"",""percentage"":0.017741},{""region"":""Maule Region"",""percentage"":0.075048},{""region"":""Santiago Metropolitan Region"",""percentage"":0.257757},{""region"":""Tarapac\u00e1 Region"",""percentage"":0.021184}","facebook,instagram","lower_bound: 1000001",es
1079916396159461,103820310982935,"Sichel Presidente",2021-11-17,2021-11-17,2021-11-19,"Sebastián Sichel Ramirez","Si quieres un país sin odio: vota. 
Si quieres un país que se preocupe por ti: vota. 
Si quieres detener la violencia: vota. 
Si quieres que tu pyme salga adelante: vota. 
Si quieres vivir sin discriminación: vota. Vota por la esperanza, vota por ti. Vota porque amas a Chile y sabes que nuestro futuro juntos puede ser mejor y #SePuede. Es tiempo de personas comunes haciendo cosas extraordinarias. #ConSichelSePuede",,,,"lower_bound: 100000, upper_bound: 124999","lower_bound: 200, upper_bound: 299",USD,"{""age"":""45-54"",""gender"":""unknown"",""percentage"":0.000782},{""age"":""35-44"",""gender"":""unknown"",""percentage"":0.001616},{""age"":""55-64"",""gender"":""unknown"",""percentage"":0.000154},{""age"":""18-24"",""gender"":""unknown"",""percentage"":0.000659},{""age"":""25-34"",""gender"":""unknown"",""percentage"":0.001812},{""age"":""65+"",""gender"":""female"",""percentage"":0.010481},{""age"":""45-54"",""gender"":""female"",""percentage"":0.040916},{""age"":""55-64"",""gender"":""male"",""percentage"":0.036838},{""age"":""25-34"",""gender"":""female"",""percentage"":0.152357},{""age"":""25-34"",""gender"":""male"",""percentage"":0.278707},{""age"":""55-64"",""gender"":""female"",""percentage"":0.028983},{""age"":""35-44"",""gender"":""female"",""percentage"":0.072441},{""age"":""65+"",""gender"":""male"",""percentage"":0.014105},{""age"":""18-24"",""gender"":""female"",""percentage"":0.07169},{""age"":""18-24"",""gender"":""male"",""percentage"":0.11207},{""age"":""35-44"",""gender"":""male"",""percentage"":0.112234},{""age"":""45-54"",""gender"":""male"",""percentage"":0.063947},{""age"":""65+"",""gender"":""unknown"",""percentage"":0.000206}","{""region"":""Los R\u00edos Region"",""percentage"":0.030184},{""region"":""Arica y Parinacota Region"",""percentage"":0.015639},{""region"":""Valpara\u00edso Region"",""percentage"":0.090008},{""region"":""Ays\u00e9n Region"",""percentage"":0.009949},{""region"":""Antofagasta Region"",""percentage"":0.036837},{""region"":""Araucan\u00eda Region"",""percentage"":0.083141},{""region"":""Atacama Region"",""percentage"":0.020163},{""region"":""B\u00edo B\u00edo Region"",""percentage"":0.143774},{""region"":""Coquimbo Region"",""percentage"":0.045281},{""region"":""O'Higgins Region"",""percentage"":0.061954},{""region"":""Los Lagos Region"",""percentage"":0.072414},{""region"":""Magallanes y la Ant\u00e1rtica Chilena Region"",""percentage"":0.013981},{""region"":""Maule Region"",""percentage"":0.080305},{""region"":""Santiago Metropolitan Region"",""percentage"":0.268838},{""region"":""Tarapac\u00e1 Region"",""percentage"":0.027533}","facebook,instagram","lower_bound: 1000001",es
1201944483630996,103820310982935,"Sichel Presidente",2021-11-17,2021-11-17,2021-11-19,"Sebastián Sichel Ramirez","A ti, que estás a punto de votar por mí: no nos quedemos a punto. Piénsalo con la cabeza y con el corazón. Vota por ti, vota por la esperanza, vota por el futuro, vota 4.
#ConSichelSePuede #SichelPresidente #SePuede",,,,"lower_bound: 350000, upper_bound: 399999","lower_bound: 600, upper_bound: 699",USD,"{""age"":""55-64"",""gender"":""unknown"",""percentage"":0.000307},{""age"":""18-24"",""gender"":""male"",""percentage"":0.109153},{""age"":""45-54"",""gender"":""unknown"",""percentage"":0.000959},{""age"":""18-24"",""gender"":""unknown"",""percentage"":0.001323},{""age"":""25-34"",""gender"":""male"",""percentage"":0.213305},{""age"":""35-44"",""gender"":""male"",""percentage"":0.139087},{""age"":""18-24"",""gender"":""female"",""percentage"":0.071832},{""age"":""45-54"",""gender"":""male"",""percentage"":0.077249},{""age"":""35-44"",""gender"":""female"",""percentage"":0.083601},{""age"":""65+"",""gender"":""unknown"",""percentage"":0.0002},{""age"":""55-64"",""gender"":""male"",""percentage"":0.050393},{""age"":""55-64"",""gender"":""female"",""percentage"":0.038598},{""age"":""45-54"",""gender"":""female"",""percentage"":0.053317},{""age"":""25-34"",""gender"":""female"",""percentage"":0.122837},{""age"":""35-44"",""gender"":""unknown"",""percentage"":0.001948},{""age"":""65+"",""gender"":""male"",""percentage"":0.018732},{""age"":""65+"",""gender"":""female"",""percentage"":0.015668},{""age"":""25-34"",""gender"":""unknown"",""percentage"":0.00149}","{""region"":""Los R\u00edos Region"",""percentage"":0.028429},{""region"":""Arica y Parinacota Region"",""percentage"":0.013164},{""region"":""Valpara\u00edso Region"",""percentage"":0.094674},{""region"":""Ays\u00e9n Region"",""percentage"":0.009321},{""region"":""Antofagasta Region"",""percentage"":0.034088},{""region"":""Araucan\u00eda Region"",""percentage"":0.077063},{""region"":""Atacama Region"",""percentage"":0.019085},{""region"":""B\u00edo B\u00edo Region"",""percentage"":0.137589},{""region"":""Coquimbo Region"",""percentage"":0.042299},{""region"":""O'Higgins Region"",""percentage"":0.059664},{""region"":""Los Lagos Region"",""percentage"":0.069376},{""region"":""Magallanes y la Ant\u00e1rtica Chilena Region"",""percentage"":0.012554},{""region"":""Maule Region"",""percentage"":0.075135},{""region"":""Santiago Metropolitan Region"",""percentage"":0.305817},{""region"":""Tarapac\u00e1 Region"",""percentage"":0.021736},{""region"":""Unknown"",""percentage"":7.0e-6}","facebook,instagram","lower_bound: 1000001",es
425349802497933,103820310982935,"Sichel Presidente",2021-11-17,2021-11-17,2021-11-18,"Sebastián Sichel Ramirez","A ti, que estás a punto de votar por mí: no nos quedemos a punto. Piénsalo con la cabeza y con el corazón. Vota por ti, vota por la esperanza, vota por el futuro, vota 4.
#ConSichelSePuede #SichelPresidente #SePuede",,,,"lower_bound: 450000, upper_bound: 499999","lower_bound: 700, upper_bound: 799",USD,"{""age"":""18-24"",""gender"":""unknown"",""percentage"":0.000678},{""age"":""25-34"",""gender"":""female"",""percentage"":0.139622},{""age"":""45-54"",""gender"":""unknown"",""percentage"":0.001001},{""age"":""55-64"",""gender"":""unknown"",""percentage"":0.000432},{""age"":""65+"",""gender"":""female"",""percentage"":0.020791},{""age"":""45-54"",""gender"":""female"",""percentage"":0.059175},{""age"":""18-24"",""gender"":""female"",""percentage"":0.051612},{""age"":""18-24"",""gender"":""male"",""percentage"":0.068223},{""age"":""55-64"",""gender"":""male"",""percentage"":0.065299},{""age"":""65+"",""gender"":""unknown"",""percentage"":0.000278},{""age"":""65+"",""gender"":""male"",""percentage"":0.024513},{""age"":""55-64"",""gender"":""female"",""percentage"":0.052274},{""age"":""35-44"",""gender"":""female"",""percentage"":0.083349},{""age"":""45-54"",""gender"":""male"",""percentage"":0.088707},{""age"":""35-44"",""gender"":""male"",""percentage"":0.124259},{""age"":""25-34"",""gender"":""male"",""percentage"":0.215923},{""age"":""25-34"",""gender"":""unknown"",""percentage"":0.001783},{""age"":""35-44"",""gender"":""unknown"",""percentage"":0.00208}","{""region"":""Los R\u00edos Region"",""percentage"":0.028184},{""region"":""Arica y Parinacota Region"",""percentage"":0.013147},{""region"":""Valpara\u00edso Region"",""percentage"":0.092553},{""region"":""Ays\u00e9n Region"",""percentage"":0.009136},{""region"":""Antofagasta Region"",""percentage"":0.031711},{""region"":""Araucan\u00eda Region"",""percentage"":0.080708},{""region"":""Atacama Region"",""percentage"":0.018364},{""region"":""B\u00edo B\u00edo Region"",""percentage"":0.147164},{""region"":""Coquimbo Region"",""percentage"":0.041775},{""region"":""O'Higgins Region"",""percentage"":0.061481},{""region"":""Los Lagos Region"",""percentage"":0.068993},{""region"":""Magallanes y la Ant\u00e1rtica Chilena Region"",""percentage"":0.012239},{""region"":""Maule Region"",""percentage"":0.081197},{""region"":""Santiago Metropolitan Region"",""percentage"":0.291133},{""region"":""Tarapac\u00e1 Region"",""percentage"":0.022216}","facebook,instagram","lower_bound: 1000001",es
1334810106938410,103820310982935,"Sichel Presidente",2021-11-17,2021-11-17,2021-11-19,"Sebastián Sichel Ramirez","Si quieres un país sin odio: vota. 
Si quieres un país que se preocupe por ti: vota. 
Si quieres detener la violencia: vota. 
Si quieres que tu pyme salga adelante: vota. 
Si quieres vivir sin discriminación: vota. Vota por la esperanza, vota por ti. Vota porque amas a Chile y sabes que nuestro futuro juntos puede ser mejor y #SePuede. Es tiempo de personas comunes haciendo cosas extraordinarias. #ConSichelSePuede",,,,"lower_bound: 500000, upper_bound: 599999","lower_bound: 700, upper_bound: 799",USD,"{""age"":""18-24"",""gender"":""unknown"",""percentage"":0.000971},{""age"":""45-54"",""gender"":""female"",""percentage"":0.043723},{""age"":""25-34"",""gender"":""male"",""percentage"":0.268731},{""age"":""35-44"",""gender"":""male"",""percentage"":0.117081},{""age"":""55-64"",""gender"":""male"",""percentage"":0.045288},{""age"":""18-24"",""gender"":""female"",""percentage"":0.059654},{""age"":""45-54"",""gender"":""male"",""percentage"":0.066205},{""age"":""35-44"",""gender"":""female"",""percentage"":0.072973},{""age"":""65+"",""gender"":""female"",""percentage"":0.014644},{""age"":""25-34"",""gender"":""unknown"",""percentage"":0.002085},{""age"":""18-24"",""gender"":""male"",""percentage"":0.099801},{""age"":""65+"",""gender"":""male"",""percentage"":0.018203},{""age"":""55-64"",""gender"":""female"",""percentage"":0.03631},{""age"":""55-64"",""gender"":""unknown"",""percentage"":0.000399},{""age"":""65+"",""gender"":""unknown"",""percentage"":0.000255},{""age"":""35-44"",""gender"":""unknown"",""percentage"":0.002166},{""age"":""45-54"",""gender"":""unknown"",""percentage"":0.00098},{""age"":""25-34"",""gender"":""female"",""percentage"":0.150531}","{""region"":""Los R\u00edos Region"",""percentage"":0.028129},{""region"":""Arica y Parinacota Region"",""percentage"":0.014021},{""region"":""Valpara\u00edso Region"",""percentage"":0.090901},{""region"":""Ays\u00e9n Region"",""percentage"":0.008766},{""region"":""Antofagasta Region"",""percentage"":0.035148},{""region"":""Araucan\u00eda Region"",""percentage"":0.078611},{""region"":""Atacama Region"",""percentage"":0.018223},{""region"":""B\u00edo B\u00edo Region"",""percentage"":0.144075},{""region"":""Coquimbo Region"",""percentage"":0.043824},{""region"":""O'Higgins Region"",""percentage"":0.059616},{""region"":""Los Lagos Region"",""percentage"":0.068285},{""region"":""Magallanes y la Ant\u00e1rtica Chilena Region"",""percentage"":0.013809},{""region"":""Maule Region"",""percentage"":0.077146},{""region"":""Santiago Metropolitan Region"",""percentage"":0.295999},{""region"":""Tarapac\u00e1 Region"",""percentage"":0.023445},{""region"":""Unknown"",""percentage"":2.0e-6}","facebook,instagram","lower_bound: 1000001",es
323017549656576,103820310982935,"Sichel Presidente",2021-11-17,2021-11-17,2021-11-18,"Sebastián Sichel Ramirez","Si quieres un país sin odio: vota. 
Si quieres un país que se preocupe por ti: vota. 
Si quieres detener la violencia: vota. 
Si quieres que tu pyme salga adelante: vota. 
Si quieres vivir sin discriminación: vota. Vota por la esperanza, vota por ti. Vota porque amas a Chile y sabes que nuestro futuro juntos puede ser mejor y #SePuede. Es tiempo de personas comunes haciendo cosas extraordinarias. #ConSichelSePuede",,,,"lower_bound: 0, upper_bound: 999","lower_bound: 0, upper_bound: 99",USD,"{""age"":""35-44"",""gender"":""unknown"",""percentage"":0.009091},{""age"":""18-24"",""gender"":""unknown"",""percentage"":0.009091},{""age"":""35-44"",""gender"":""male"",""percentage"":0.218182},{""age"":""25-34"",""gender"":""female"",""percentage"":0.172727},{""age"":""35-44"",""gender"":""female"",""percentage"":0.145455},{""age"":""45-54"",""gender"":""male"",""percentage"":0.045455},{""age"":""18-24"",""gender"":""female"",""percentage"":0.018182},{""age"":""65+"",""gender"":""female"",""percentage"":0.009091},{""age"":""25-34"",""gender"":""male"",""percentage"":0.3},{""age"":""45-54"",""gender"":""female"",""percentage"":0.063636},{""age"":""55-64"",""gender"":""female"",""percentage"":0.009091}","{""region"":""Los R\u00edos Region"",""percentage"":0.018182},{""region"":""Arica y Parinacota Region"",""percentage"":0.009091},{""region"":""Valpara\u00edso Region"",""percentage"":0.063636},{""region"":""Antofagasta Region"",""percentage"":0.009091},{""region"":""Araucan\u00eda Region"",""percentage"":0.081818},{""region"":""Atacama Region"",""percentage"":0.009091},{""region"":""B\u00edo B\u00edo Region"",""percentage"":0.263636},{""region"":""Coquimbo Region"",""percentage"":0.027273},{""region"":""O'Higgins Region"",""percentage"":0.045455},{""region"":""Los Lagos Region"",""percentage"":0.027273},{""region"":""Magallanes y la Ant\u00e1rtica Chilena Region"",""percentage"":0.009091},{""region"":""Maule Region"",""percentage"":0.1},{""region"":""Santiago Metropolitan Region"",""percentage"":0.327273},{""region"":""Tarapac\u00e1 Region"",""percentage"":0.009091}","facebook,instagram","lower_bound: 1000001",es
662813064877247,103820310982935,"Sichel Presidente",2021-11-17,2021-11-17,2021-11-18,"Sebastián Sichel Ramirez","A ti, que estás a punto de votar por mí: no nos quedemos a punto. Piénsalo con la cabeza y con el corazón. Vota por ti, vota por la esperanza, vota por el futuro, vota 4.
#ConSichelSePuede #SichelPresidente #SePuede",,,,"lower_bound: 9000, upper_bound: 9999","lower_bound: 0, upper_bound: 99",USD,"{""age"":""55-64"",""gender"":""unknown"",""percentage"":0.000448},{""age"":""45-54"",""gender"":""female"",""percentage"":0.036539},{""age"":""45-54"",""gender"":""unknown"",""percentage"":0.001681},{""age"":""18-24"",""gender"":""unknown"",""percentage"":0.000448},{""age"":""18-24"",""gender"":""female"",""percentage"":0.021072},{""age"":""18-24"",""gender"":""male"",""percentage"":0.020511},{""age"":""25-34"",""gender"":""female"",""percentage"":0.223044},{""age"":""35-44"",""gender"":""female"",""percentage"":0.138534},{""age"":""25-34"",""gender"":""male"",""percentage"":0.297691},{""age"":""65+"",""gender"":""male"",""percentage"":0.002802},{""age"":""35-44"",""gender"":""male"",""percentage"":0.180229},{""age"":""45-54"",""gender"":""male"",""percentage"":0.043376},{""age"":""55-64"",""gender"":""female"",""percentage"":0.011096},{""age"":""35-44"",""gender"":""unknown"",""percentage"":0.007173},{""age"":""55-64"",""gender"":""male"",""percentage"":0.008742},{""age"":""25-34"",""gender"":""unknown"",""percentage"":0.00269},{""age"":""65+"",""gender"":""female"",""percentage"":0.003587},{""age"":""65+"",""gender"":""unknown"",""percentage"":0.000336}","{""region"":""Los R\u00edos Region"",""percentage"":0.023334},{""region"":""Arica y Parinacota Region"",""percentage"":0.005917},{""region"":""Valpara\u00edso Region"",""percentage"":0.074132},{""region"":""Ays\u00e9n Region"",""percentage"":0.003908},{""region"":""Antofagasta Region"",""percentage"":0.021212},{""region"":""Araucan\u00eda Region"",""percentage"":0.068215},{""region"":""Atacama Region"",""percentage"":0.013062},{""region"":""B\u00edo B\u00edo Region"",""percentage"":0.189461},{""region"":""Coquimbo Region"",""percentage"":0.019873},{""region"":""O'Higgins Region"",""percentage"":0.050352},{""region"":""Los Lagos Region"",""percentage"":0.046556},{""region"":""Magallanes y la Ant\u00e1rtica Chilena Region"",""percentage"":0.009378},{""region"":""Maule Region"",""percentage"":0.078151},{""region"":""Santiago Metropolitan Region"",""percentage"":0.384392},{""region"":""Tarapac\u00e1 Region"",""percentage"":0.012058}","facebook,instagram","lower_bound: 1000001",es
696005261375082,103820310982935,"Sichel Presidente",2021-11-17,2021-11-17,2021-11-18,"Sebastián Sichel Ramirez","Si quieres un país sin odio: vota. 
Si quieres un país que se preocupe por ti: vota. 
Si quieres detener la violencia: vota. 
Si quieres que tu pyme salga adelante: vota. 
Si quieres vivir sin discriminación: vota. Vota por la esperanza, vota por ti. Vota porque amas a Chile y sabes que nuestro futuro juntos puede ser mejor y #SePuede. Es tiempo de personas comunes haciendo cosas extraordinarias. #ConSichelSePuede",,,,"lower_bound: 0, upper_bound: 999","lower_bound: 0, upper_bound: 99",USD,"{""age"":""35-44"",""gender"":""unknown"",""percentage"":0.001193},{""age"":""65+"",""gender"":""female"",""percentage"":0.01074},{""age"":""18-24"",""gender"":""female"",""percentage"":0.083532},{""age"":""18-24"",""gender"":""male"",""percentage"":0.047733},{""age"":""35-44"",""gender"":""male"",""percentage"":0.069212},{""age"":""25-34"",""gender"":""female"",""percentage"":0.319809},{""age"":""25-34"",""gender"":""male"",""percentage"":0.138425},{""age"":""45-54"",""gender"":""female"",""percentage"":0.106205},{""age"":""35-44"",""gender"":""female"",""percentage"":0.145585},{""age"":""55-64"",""gender"":""female"",""percentage"":0.019093},{""age"":""45-54"",""gender"":""male"",""percentage"":0.048926},{""age"":""55-64"",""gender"":""male"",""percentage"":0.00716},{""age"":""25-34"",""gender"":""unknown"",""percentage"":0.001193},{""age"":""65+"",""gender"":""male"",""percentage"":0.001193}","{""region"":""Los R\u00edos Region"",""percentage"":0.030989},{""region"":""Arica y Parinacota Region"",""percentage"":0.014303},{""region"":""Valpara\u00edso Region"",""percentage"":0.061979},{""region"":""Ays\u00e9n Region"",""percentage"":0.009535},{""region"":""Antofagasta Region"",""percentage"":0.051251},{""region"":""Araucan\u00eda Region"",""percentage"":0.108462},{""region"":""Atacama Region"",""percentage"":0.030989},{""region"":""B\u00edo B\u00edo Region"",""percentage"":0.206198},{""region"":""Coquimbo Region"",""percentage"":0.077473},{""region"":""O'Higgins Region"",""percentage"":0.064362},{""region"":""Los Lagos Region"",""percentage"":0.108462},{""region"":""Magallanes y la Ant\u00e1rtica Chilena Region"",""percentage"":0.020262},{""region"":""Maule Region"",""percentage"":0.115614},{""region"":""Santiago Metropolitan Region"",""percentage"":0.067938},{""region"":""Tarapac\u00e1 Region"",""percentage"":0.032181}","facebook,instagram","lower_bound: 100001, upper_bound: 500000",es
1110338396376029,103820310982935,"Sichel Presidente",2021-11-17,2021-11-17,2021-11-18,"Sebastián Sichel Ramirez","A ti, que estás a punto de votar por mí: no nos quedemos a punto. Piénsalo con la cabeza y con el corazón. Vota por ti, vota por la esperanza, vota por el futuro, vota 4.
#ConSichelSePuede #SichelPresidente #SePuede",,,,"lower_bound: 10000, upper_bound: 14999","lower_bound: 0, upper_bound: 99",USD,"{""age"":""65+"",""gender"":""male"",""percentage"":0.001058},{""age"":""25-34"",""gender"":""male"",""percentage"":0.097861},{""age"":""45-54"",""gender"":""unknown"",""percentage"":0.000813},{""age"":""55-64"",""gender"":""unknown"",""percentage"":8.1e-5},{""age"":""25-34"",""gender"":""unknown"",""percentage"":0.00122},{""age"":""35-44"",""gender"":""unknown"",""percentage"":0.002359},{""age"":""55-64"",""gender"":""female"",""percentage"":0.01749},{""age"":""65+"",""gender"":""female"",""percentage"":0.00301},{""age"":""45-54"",""gender"":""female"",""percentage"":0.126901},{""age"":""55-64"",""gender"":""male"",""percentage"":0.004637},{""age"":""35-44"",""gender"":""female"",""percentage"":0.23249},{""age"":""18-24"",""gender"":""female"",""percentage"":0.084113},{""age"":""35-44"",""gender"":""male"",""percentage"":0.081428},{""age"":""25-34"",""gender"":""female"",""percentage"":0.279834},{""age"":""18-24"",""gender"":""male"",""percentage"":0.026031},{""age"":""45-54"",""gender"":""male"",""percentage"":0.040511},{""age"":""18-24"",""gender"":""unknown"",""percentage"":0.000163}","{""region"":""Los R\u00edos Region"",""percentage"":0.04029},{""region"":""Arica y Parinacota Region"",""percentage"":0.018514},{""region"":""Valpara\u00edso Region"",""percentage"":0.068428},{""region"":""Ays\u00e9n Region"",""percentage"":0.009706},{""region"":""Antofagasta Region"",""percentage"":0.050648},{""region"":""Araucan\u00eda Region"",""percentage"":0.12185},{""region"":""Atacama Region"",""percentage"":0.029117},{""region"":""B\u00edo B\u00edo Region"",""percentage"":0.218905},{""region"":""Coquimbo Region"",""percentage"":0.075769},{""region"":""O'Higgins Region"",""percentage"":0.065492},{""region"":""Los Lagos Region"",""percentage"":0.100237},{""region"":""Magallanes y la Ant\u00e1rtica Chilena Region"",""percentage"":0.01362},{""region"":""Maule Region"",""percentage"":0.094772},{""region"":""Santiago Metropolitan Region"",""percentage"":0.061088},{""region"":""Tarapac\u00e1 Region"",""percentage"":0.031563}","facebook,instagram","lower_bound: 100001, upper_bound: 500000",es
3101550690058443,103820310982935,"Sichel Presidente",2021-11-17,2021-11-17,2021-11-19,"Sebastián Sichel Ramirez",,,"sichelpresidente.cl,sichelpresidente.cl,sichelpresidente.cl,sichelpresidente.cl,sichelpresidente.cl",,"lower_bound: 125000, upper_bound: 149999","lower_bound: 100, upper_bound: 199",USD,"{""age"":""45-54"",""gender"":""male"",""percentage"":0.226822},{""age"":""65+"",""gender"":""male"",""percentage"":0.079345},{""age"":""55-64"",""gender"":""male"",""percentage"":0.255409},{""age"":""13-17"",""gender"":""male"",""percentage"":1.8e-5},{""age"":""65+"",""gender"":""unknown"",""percentage"":0.000979},{""age"":""45-54"",""gender"":""female"",""percentage"":0.15012},{""age"":""65+"",""gender"":""female"",""percentage"":0.064064},{""age"":""55-64"",""gender"":""female"",""percentage"":0.219737},{""age"":""45-54"",""gender"":""unknown"",""percentage"":0.001922},{""age"":""55-64"",""gender"":""unknown"",""percentage"":0.001575},{""age"":""13-17"",""gender"":""unknown"",""percentage"":9.0e-6}","{""region"":""Atacama Region"",""percentage"":0.019594},{""region"":""B\u00edo B\u00edo Region"",""percentage"":0.155659},{""region"":""Maule Region"",""percentage"":0.081105},{""region"":""Unknown"",""percentage"":1.8e-5},{""region"":""Los R\u00edos Region"",""percentage"":0.033426},{""region"":""Arica y Parinacota Region"",""percentage"":0.012595},{""region"":""Valpara\u00edso Region"",""percentage"":0.09899},{""region"":""Ays\u00e9n Region"",""percentage"":0.00978},{""region"":""Antofagasta Region"",""percentage"":0.035996},{""region"":""Araucan\u00eda Region"",""percentage"":0.073501},{""region"":""Coquimbo Region"",""percentage"":0.042864},{""region"":""O'Higgins Region"",""percentage"":0.058468},{""region"":""Los Lagos Region"",""percentage"":0.073554},{""region"":""Magallanes y la Ant\u00e1rtica Chilena Region"",""percentage"":0.015919},{""region"":""Santiago Metropolitan Region"",""percentage"":0.267858},{""region"":""Tarapac\u00e1 Region"",""percentage"":0.020673}","facebook,instagram","lower_bound: 1000001",es
924520671528774,103820310982935,"Sichel Presidente",2021-11-17,2021-11-17,2021-11-19,"Sebastián Sichel Ramirez","Si quieres un país sin odio: vota. 
Si quieres un país que se preocupe por ti: vota. 
Si quieres detener la violencia: vota. 
Si quieres que tu pyme salga adelante: vota. 
Si quieres vivir sin discriminación: vota. Vota por la esperanza, vota por ti. Vota porque amas a Chile y sabes que nuestro futuro juntos puede ser mejor y #SePuede. Es tiempo de personas comunes haciendo cosas extraordinarias. #ConSichelSePuede",,,,"lower_bound: 15000, upper_bound: 19999","lower_bound: 0, upper_bound: 99",USD,"{""age"":""25-34"",""gender"":""female"",""percentage"":0.18579},{""age"":""18-24"",""gender"":""female"",""percentage"":0.038088},{""age"":""55-64"",""gender"":""unknown"",""percentage"":0.000473},{""age"":""45-54"",""gender"":""unknown"",""percentage"":0.001656},{""age"":""65+"",""gender"":""unknown"",""percentage"":0.000473},{""age"":""35-44"",""gender"":""unknown"",""percentage"":0.004416},{""age"":""25-34"",""gender"":""unknown"",""percentage"":0.001971},{""age"":""55-64"",""gender"":""male"",""percentage"":0.024919},{""age"":""45-54"",""gender"":""male"",""percentage"":0.063323},{""age"":""35-44"",""gender"":""female"",""percentage"":0.176011},{""age"":""55-64"",""gender"":""female"",""percentage"":0.056226},{""age"":""45-54"",""gender"":""female"",""percentage"":0.095024},{""age"":""35-44"",""gender"":""male"",""percentage"":0.106222},{""age"":""65+"",""gender"":""male"",""percentage"":0.015298},{""age"":""18-24"",""gender"":""male"",""percentage"":0.035802},{""age"":""25-34"",""gender"":""male"",""percentage"":0.165129},{""age"":""65+"",""gender"":""female"",""percentage"":0.028941},{""age"":""18-24"",""gender"":""unknown"",""percentage"":0.000237}","{""region"":""Los R\u00edos Region"",""percentage"":0.037764},{""region"":""Arica y Parinacota Region"",""percentage"":0.01222},{""region"":""Valpara\u00edso Region"",""percentage"":0.100205},{""region"":""Ays\u00e9n Region"",""percentage"":0.008988},{""region"":""Antofagasta Region"",""percentage"":0.024756},{""region"":""Araucan\u00eda Region"",""percentage"":0.094844},{""region"":""Atacama Region"",""percentage"":0.017739},{""region"":""B\u00edo B\u00edo Region"",""percentage"":0.158704},{""region"":""Coquimbo Region"",""percentage"":0.033034},{""region"":""O'Higgins Region"",""percentage"":0.066462},{""region"":""Los Lagos Region"",""percentage"":0.072138},{""region"":""Magallanes y la Ant\u00e1rtica Chilena Region"",""percentage"":0.016714},{""region"":""Maule Region"",""percentage"":0.08223},{""region"":""Santiago Metropolitan Region"",""percentage"":0.254336},{""region"":""Tarapac\u00e1 Region"",""percentage"":0.019868}","facebook,instagram","lower_bound: 100001, upper_bound: 500000",es
689457891971781,103820310982935,"Sichel Presidente",2021-11-17,2021-11-17,2021-11-18,"Sebastián Sichel Ramirez","A ti, que estás a punto de votar por mí: no nos quedemos a punto. Piénsalo con la cabeza y con el corazón. Vota por ti, vota por la esperanza, vota por el futuro, vota 4.
#ConSichelSePuede #SichelPresidente #SePuede",,,,"lower_bound: 40000, upper_bound: 44999","lower_bound: 0, upper_bound: 99",USD,"{""age"":""25-34"",""gender"":""unknown"",""percentage"":0.001943},{""age"":""35-44"",""gender"":""male"",""percentage"":0.107194},{""age"":""55-64"",""gender"":""unknown"",""percentage"":0.000852},{""age"":""65+"",""gender"":""unknown"",""percentage"":0.000818},{""age"":""65+"",""gender"":""male"",""percentage"":0.014286},{""age"":""65+"",""gender"":""female"",""percentage"":0.031913},{""age"":""45-54"",""gender"":""female"",""percentage"":0.103478},{""age"":""18-24"",""gender"":""male"",""percentage"":0.039516},{""age"":""18-24"",""gender"":""female"",""percentage"":0.042141},{""age"":""45-54"",""gender"":""unknown"",""percentage"":0.003},{""age"":""45-54"",""gender"":""male"",""percentage"":0.057722},{""age"":""25-34"",""gender"":""female"",""percentage"":0.188203},{""age"":""55-64"",""gender"":""female"",""percentage"":0.054381},{""age"":""25-34"",""gender"":""male"",""percentage"":0.141834},{""age"":""55-64"",""gender"":""male"",""percentage"":0.027208},{""age"":""35-44"",""gender"":""female"",""percentage"":0.180191},{""age"":""35-44"",""gender"":""unknown"",""percentage"":0.005182},{""age"":""18-24"",""gender"":""unknown"",""percentage"":0.000136}","{""region"":""Los R\u00edos Region"",""percentage"":0.032795},{""region"":""Arica y Parinacota Region"",""percentage"":0.012077},{""region"":""Valpara\u00edso Region"",""percentage"":0.104337},{""region"":""Ays\u00e9n Region"",""percentage"":0.008267},{""region"":""Antofagasta Region"",""percentage"":0.023473},{""region"":""Araucan\u00eda Region"",""percentage"":0.083075},{""region"":""Atacama Region"",""percentage"":0.016159},{""region"":""B\u00edo B\u00edo Region"",""percentage"":0.159041},{""region"":""Coquimbo Region"",""percentage"":0.036707},{""region"":""O'Higgins Region"",""percentage"":0.061609},{""region"":""Los Lagos Region"",""percentage"":0.069434},{""region"":""Magallanes y la Ant\u00e1rtica Chilena Region"",""percentage"":0.014798},{""region"":""Maule Region"",""percentage"":0.073278},{""region"":""Santiago Metropolitan Region"",""percentage"":0.286681},{""region"":""Tarapac\u00e1 Region"",""percentage"":0.018268}","facebook,instagram","lower_bound: 100001, upper_bound: 500000",es
587296749226999,103820310982935,"Sichel Presidente",2021-11-17,2021-11-17,2021-11-18,"Sebastián Sichel Ramirez","El 21 de Noviembre, nos jugamos mucho más que una simple elección entre gobiernos de derechas o izquierdas. El domingo nos jugamos el país que queremos construir para los próximos 30 años.",,sichelpresidente.cl,,"lower_bound: 0, upper_bound: 999","lower_bound: 0, upper_bound: 99",USD,"{""age"":""45-54"",""gender"":""male"",""percentage"":0.150685},{""age"":""35-44"",""gender"":""male"",""percentage"":0.09589},{""age"":""25-34"",""gender"":""male"",""percentage"":0.232877},{""age"":""18-24"",""gender"":""male"",""percentage"":0.068493},{""age"":""25-34"",""gender"":""unknown"",""percentage"":0.013699},{""age"":""35-44"",""gender"":""unknown"",""percentage"":0.013699},{""age"":""35-44"",""gender"":""female"",""percentage"":0.123288},{""age"":""25-34"",""gender"":""female"",""percentage"":0.123288},{""age"":""18-24"",""gender"":""female"",""percentage"":0.041096},{""age"":""55-64"",""gender"":""male"",""percentage"":0.054795},{""age"":""45-54"",""gender"":""unknown"",""percentage"":0.013699},{""age"":""45-54"",""gender"":""female"",""percentage"":0.027397},{""age"":""55-64"",""gender"":""female"",""percentage"":0.027397},{""age"":""65+"",""gender"":""female"",""percentage"":0.013699}","{""region"":""Araucan\u00eda Region"",""percentage"":0.041096},{""region"":""B\u00edo B\u00edo Region"",""percentage"":0.123288},{""region"":""Magallanes y la Ant\u00e1rtica Chilena Region"",""percentage"":0.013699},{""region"":""Santiago Metropolitan Region"",""percentage"":0.383562},{""region"":""Los R\u00edos Region"",""percentage"":0.027397},{""region"":""Valpara\u00edso Region"",""percentage"":0.123288},{""region"":""Antofagasta Region"",""percentage"":0.068493},{""region"":""Coquimbo Region"",""percentage"":0.041096},{""region"":""O'Higgins Region"",""percentage"":0.041096},{""region"":""Los Lagos Region"",""percentage"":0.068493},{""region"":""Maule Region"",""percentage"":0.054795},{""region"":""Tarapac\u00e1 Region"",""percentage"":0.013699}","facebook,instagram","lower_bound: 1001, upper_bound: 5000",es
471775054253208,103820310982935,"Sichel Presidente",2021-11-17,2021-11-17,2021-11-18,"Sebastián Sichel Ramirez","A ti, que estás a punto de votar por mí: no nos quedemos a punto. Piénsalo con la cabeza y con el corazón. Vota por ti, vota por la esperanza, vota por el futuro, vota 4.
#ConSichelSePuede #SichelPresidente #SePuede",,,,"lower_bound: 10000, upper_bound: 14999","lower_bound: 0, upper_bound: 99",USD,"{""age"":""18-24"",""gender"":""unknown"",""percentage"":0.000274},{""age"":""45-54"",""gender"":""female"",""percentage"":0.108767},{""age"":""25-34"",""gender"":""unknown"",""percentage"":0.001712},{""age"":""65+"",""gender"":""male"",""percentage"":0.011233},{""age"":""35-44"",""gender"":""unknown"",""percentage"":0.00363},{""age"":""45-54"",""gender"":""male"",""percentage"":0.039658},{""age"":""25-34"",""gender"":""male"",""percentage"":0.117877},{""age"":""55-64"",""gender"":""female"",""percentage"":0.044589},{""age"":""18-24"",""gender"":""male"",""percentage"":0.021712},{""age"":""45-54"",""gender"":""unknown"",""percentage"":0.001644},{""age"":""35-44"",""gender"":""male"",""percentage"":0.089247},{""age"":""18-24"",""gender"":""female"",""percentage"":0.076986},{""age"":""35-44"",""gender"":""female"",""percentage"":0.201507},{""age"":""25-34"",""gender"":""female"",""percentage"":0.243356},{""age"":""55-64"",""gender"":""male"",""percentage"":0.02},{""age"":""65+"",""gender"":""female"",""percentage"":0.016986},{""age"":""65+"",""gender"":""unknown"",""percentage"":0.000274},{""age"":""55-64"",""gender"":""unknown"",""percentage"":0.000548}","{""region"":""Los R\u00edos Region"",""percentage"":0.028911},{""region"":""Arica y Parinacota Region"",""percentage"":0.016905},{""region"":""Valpara\u00edso Region"",""percentage"":0.075278},{""region"":""Ays\u00e9n Region"",""percentage"":0.007797},{""region"":""Antofagasta Region"",""percentage"":0.050162},{""region"":""Araucan\u00eda Region"",""percentage"":0.088456},{""region"":""Atacama Region"",""percentage"":0.022494},{""region"":""B\u00edo B\u00edo Region"",""percentage"":0.169185},{""region"":""Coquimbo Region"",""percentage"":0.053129},{""region"":""O'Higgins Region"",""percentage"":0.058718},{""region"":""Los Lagos Region"",""percentage"":0.07238},{""region"":""Magallanes y la Ant\u00e1rtica Chilena Region"",""percentage"":0.014697},{""region"":""Maule Region"",""percentage"":0.07928},{""region"":""Santiago Metropolitan Region"",""percentage"":0.233009},{""region"":""Tarapac\u00e1 Region"",""percentage"":0.0296}","facebook,instagram","lower_bound: 1000001",es
630683734732933,103820310982935,"Sichel Presidente",2021-11-17,2021-11-17,2021-11-18,"Sebastián Sichel Ramirez","A ti, que estás a punto de votar por mí: no nos quedemos a punto. Piénsalo con la cabeza y con el corazón. Vota por ti, vota por la esperanza, vota por el futuro, vota 4.
#ConSichelSePuede #SichelPresidente #SePuede",,,,"lower_bound: 8000, upper_bound: 8999","lower_bound: 0, upper_bound: 99",USD,"{""age"":""55-64"",""gender"":""unknown"",""percentage"":0.000365},{""age"":""35-44"",""gender"":""male"",""percentage"":0.078467},{""age"":""45-54"",""gender"":""unknown"",""percentage"":0.000852},{""age"":""65+"",""gender"":""male"",""percentage"":0.003893},{""age"":""18-24"",""gender"":""male"",""percentage"":0.018248},{""age"":""65+"",""gender"":""female"",""percentage"":0.008273},{""age"":""55-64"",""gender"":""female"",""percentage"":0.027737},{""age"":""18-24"",""gender"":""female"",""percentage"":0.049027},{""age"":""25-34"",""gender"":""female"",""percentage"":0.27871},{""age"":""18-24"",""gender"":""unknown"",""percentage"":0.000608},{""age"":""45-54"",""gender"":""female"",""percentage"":0.133333},{""age"":""35-44"",""gender"":""female"",""percentage"":0.246107},{""age"":""25-34"",""gender"":""male"",""percentage"":0.10073},{""age"":""45-54"",""gender"":""male"",""percentage"":0.041363},{""age"":""35-44"",""gender"":""unknown"",""percentage"":0.002555},{""age"":""55-64"",""gender"":""male"",""percentage"":0.008273},{""age"":""25-34"",""gender"":""unknown"",""percentage"":0.001217},{""age"":""65+"",""gender"":""unknown"",""percentage"":0.000243}","{""region"":""Los R\u00edos Region"",""percentage"":0.040176},{""region"":""Arica y Parinacota Region"",""percentage"":0.020211},{""region"":""Valpara\u00edso Region"",""percentage"":0.07876},{""region"":""Ays\u00e9n Region"",""percentage"":0.010044},{""region"":""Antofagasta Region"",""percentage"":0.050465},{""region"":""Araucan\u00eda Region"",""percentage"":0.101543},{""region"":""Atacama Region"",""percentage"":0.02609},{""region"":""B\u00edo B\u00edo Region"",""percentage"":0.198065},{""region"":""Coquimbo Region"",""percentage"":0.061489},{""region"":""O'Higgins Region"",""percentage"":0.074473},{""region"":""Los Lagos Region"",""percentage"":0.098114},{""region"":""Magallanes y la Ant\u00e1rtica Chilena Region"",""percentage"":0.017271},{""region"":""Maule Region"",""percentage"":0.094561},{""region"":""Santiago Metropolitan Region"",""percentage"":0.095419},{""region"":""Tarapac\u00e1 Region"",""percentage"":0.033317}","facebook,instagram","lower_bound: 100001, upper_bound: 500000",es
577623783353193,103820310982935,"Sichel Presidente",2021-11-17,2021-11-17,2021-11-18,"Sebastián Sichel Ramirez","Si quieres un país sin odio: vota. 
Si quieres un país que se preocupe por ti: vota. 
Si quieres detener la violencia: vota. 
Si quieres que tu pyme salga adelante: vota. 
Si quieres vivir sin discriminación: vota. Vota por la esperanza, vota por ti. Vota porque amas a Chile y sabes que nuestro futuro juntos puede ser mejor y #SePuede. Es tiempo de personas comunes haciendo cosas extraordinarias. #ConSichelSePuede",,,,"lower_bound: 3000, upper_bound: 3999","lower_bound: 0, upper_bound: 99",USD,"{""age"":""25-34"",""gender"":""unknown"",""percentage"":0.000927},{""age"":""45-54"",""gender"":""unknown"",""percentage"":0.002162},{""age"":""45-54"",""gender"":""male"",""percentage"":0.035527},{""age"":""55-64"",""gender"":""female"",""percentage"":0.012048},{""age"":""35-44"",""gender"":""male"",""percentage"":0.073216},{""age"":""25-34"",""gender"":""male"",""percentage"":0.1903},{""age"":""18-24"",""gender"":""female"",""percentage"":0.100093},{""age"":""18-24"",""gender"":""male"",""percentage"":0.051591},{""age"":""45-54"",""gender"":""female"",""percentage"":0.075378},{""age"":""25-34"",""gender"":""female"",""percentage"":0.326846},{""age"":""35-44"",""gender"":""female"",""percentage"":0.117702},{""age"":""55-64"",""gender"":""male"",""percentage"":0.006179},{""age"":""65+"",""gender"":""female"",""percentage"":0.004634},{""age"":""65+"",""gender"":""male"",""percentage"":0.002471},{""age"":""18-24"",""gender"":""unknown"",""percentage"":0.000309},{""age"":""35-44"",""gender"":""unknown"",""percentage"":0.000618}","{""region"":""Los R\u00edos Region"",""percentage"":0.041628},{""region"":""Arica y Parinacota Region"",""percentage"":0.015611},{""region"":""Valpara\u00edso Region"",""percentage"":0.066422},{""region"":""Ays\u00e9n Region"",""percentage"":0.008571},{""region"":""Antofagasta Region"",""percentage"":0.043465},{""region"":""Araucan\u00eda Region"",""percentage"":0.127028},{""region"":""Atacama Region"",""percentage"":0.025099},{""region"":""B\u00edo B\u00edo Region"",""percentage"":0.201102},{""region"":""Coquimbo Region"",""percentage"":0.07438},{""region"":""O'Higgins Region"",""percentage"":0.068564},{""region"":""Los Lagos Region"",""percentage"":0.099174},{""region"":""Magallanes y la Ant\u00e1rtica Chilena Region"",""percentage"":0.018059},{""region"":""Maule Region"",""percentage"":0.112642},{""region"":""Santiago Metropolitan Region"",""percentage"":0.062443},{""region"":""Tarapac\u00e1 Region"",""percentage"":0.035813}","facebook,instagram","lower_bound: 100001, upper_bound: 500000",es
5205496809477140,103820310982935,"Sichel Presidente",2021-11-17,2021-11-17,2021-11-18,"Sebastián Sichel Ramirez","Si quieres un país sin odio: vota. 
Si quieres un país que se preocupe por ti: vota. 
Si quieres detener la violencia: vota. 
Si quieres que tu pyme salga adelante: vota. 
Si quieres vivir sin discriminación: vota. Vota por la esperanza, vota por ti. Vota porque amas a Chile y sabes que nuestro futuro juntos puede ser mejor y #SePuede. Es tiempo de personas comunes haciendo cosas extraordinarias. #ConSichelSePuede",,,,"lower_bound: 8000, upper_bound: 8999","lower_bound: 0, upper_bound: 99",USD,"{""age"":""18-24"",""gender"":""unknown"",""percentage"":0.000593},{""age"":""18-24"",""gender"":""female"",""percentage"":0.073512},{""age"":""18-24"",""gender"":""male"",""percentage"":0.026441},{""age"":""25-34"",""gender"":""unknown"",""percentage"":0.001423},{""age"":""55-64"",""gender"":""female"",""percentage"":0.038179},{""age"":""35-44"",""gender"":""male"",""percentage"":0.096751},{""age"":""65+"",""gender"":""male"",""percentage"":0.012568},{""age"":""45-54"",""gender"":""male"",""percentage"":0.042566},{""age"":""35-44"",""gender"":""female"",""percentage"":0.210695},{""age"":""65+"",""gender"":""unknown"",""percentage"":0.000711},{""age"":""65+"",""gender"":""female"",""percentage"":0.020394},{""age"":""45-54"",""gender"":""female"",""percentage"":0.112046},{""age"":""25-34"",""gender"":""female"",""percentage"":0.217572},{""age"":""25-34"",""gender"":""male"",""percentage"":0.118686},{""age"":""55-64"",""gender"":""male"",""percentage"":0.021698},{""age"":""35-44"",""gender"":""unknown"",""percentage"":0.003557},{""age"":""55-64"",""gender"":""unknown"",""percentage"":0.000474},{""age"":""45-54"",""gender"":""unknown"",""percentage"":0.002134}","{""region"":""Los R\u00edos Region"",""percentage"":0.035259},{""region"":""Arica y Parinacota Region"",""percentage"":0.013443},{""region"":""Valpara\u00edso Region"",""percentage"":0.074057},{""region"":""Ays\u00e9n Region"",""percentage"":0.008373},{""region"":""Antofagasta Region"",""percentage"":0.046698},{""region"":""Araucan\u00eda Region"",""percentage"":0.115212},{""region"":""Atacama Region"",""percentage"":0.026769},{""region"":""B\u00edo B\u00edo Region"",""percentage"":0.176297},{""region"":""Coquimbo Region"",""percentage"":0.05283},{""region"":""O'Higgins Region"",""percentage"":0.060377},{""region"":""Los Lagos Region"",""percentage"":0.078656},{""region"":""Magallanes y la Ant\u00e1rtica Chilena Region"",""percentage"":0.01533},{""region"":""Maule Region"",""percentage"":0.091392},{""region"":""Santiago Metropolitan Region"",""percentage"":0.180778},{""region"":""Tarapac\u00e1 Region"",""percentage"":0.024528}","facebook,instagram","lower_bound: 1000001",es
1040075366556246,103820310982935,"Sichel Presidente",2021-11-17,2021-11-17,2021-11-19,"Sebastián Sichel Ramirez","El 21 de Noviembre, nos jugamos mucho más que una simple elección entre gobiernos de derechas o izquierdas. El domingo nos jugamos el país que queremos construir para los próximos 30 años.","21 Noviembre Vota Sichel",sichelpresidente.cl,,"lower_bound: 25000, upper_bound: 29999","lower_bound: 100, upper_bound: 199",USD,"{""age"":""55-64"",""gender"":""unknown"",""percentage"":0.001787},{""age"":""45-54"",""gender"":""unknown"",""percentage"":0.00435},{""age"":""25-34"",""gender"":""unknown"",""percentage"":0.005205},{""age"":""65+"",""gender"":""male"",""percentage"":0.016392},{""age"":""55-64"",""gender"":""male"",""percentage"":0.034026},{""age"":""35-44"",""gender"":""female"",""percentage"":0.123791},{""age"":""55-64"",""gender"":""female"",""percentage"":0.052826},{""age"":""25-34"",""gender"":""female"",""percentage"":0.217945},{""age"":""65+"",""gender"":""unknown"",""percentage"":0.001204},{""age"":""65+"",""gender"":""female"",""percentage"":0.025908},{""age"":""35-44"",""gender"":""male"",""percentage"":0.123519},{""age"":""45-54"",""gender"":""female"",""percentage"":0.086308},{""age"":""45-54"",""gender"":""male"",""percentage"":0.066576},{""age"":""25-34"",""gender"":""male"",""percentage"":0.233443},{""age"":""35-44"",""gender"":""unknown"",""percentage"":0.00672}","{""region"":""Santiago Metropolitan Region"",""percentage"":1}","facebook,instagram","lower_bound: 50001, upper_bound: 100000",es
286553706696171,103820310982935,"Sichel Presidente",2021-11-17,2021-11-17,2021-11-19,"Sebastián Sichel Ramirez",,,"sichelpresidente.cl,sichelpresidente.cl,sichelpresidente.cl,sichelpresidente.cl,sichelpresidente.cl",,"lower_bound: 70000, upper_bound: 79999","lower_bound: 100, upper_bound: 199",USD,"{""age"":""65+"",""gender"":""female"",""percentage"":0.260145},{""age"":""65+"",""gender"":""male"",""percentage"":0.21064},{""age"":""65+"",""gender"":""unknown"",""percentage"":0.00308},{""age"":""55-64"",""gender"":""female"",""percentage"":0.29687},{""age"":""55-64"",""gender"":""male"",""percentage"":0.22743},{""age"":""13-17"",""gender"":""male"",""percentage"":1.3e-5},{""age"":""55-64"",""gender"":""unknown"",""percentage"":0.001822}","{""region"":""Los R\u00edos Region"",""percentage"":0.028199},{""region"":""Arica y Parinacota Region"",""percentage"":0.016903},{""region"":""Valpara\u00edso Region"",""percentage"":0.109519},{""region"":""Antofagasta Region"",""percentage"":0.037163},{""region"":""Araucan\u00eda Region"",""percentage"":0.062045},{""region"":""B\u00edo B\u00edo Region"",""percentage"":0.132669},{""region"":""Coquimbo Region"",""percentage"":0.043464},{""region"":""O'Higgins Region"",""percentage"":0.052282},{""region"":""Los Lagos Region"",""percentage"":0.068825},{""region"":""Magallanes y la Ant\u00e1rtica Chilena Region"",""percentage"":0.017596},{""region"":""Maule Region"",""percentage"":0.065109},{""region"":""Santiago Metropolitan Region"",""percentage"":0.314476},{""region"":""Ays\u00e9n Region"",""percentage"":0.007992},{""region"":""Atacama Region"",""percentage"":0.020779},{""region"":""Tarapac\u00e1 Region"",""percentage"":0.022977}","facebook,instagram","lower_bound: 1000001",es
4555381634555625,103820310982935,"Sichel Presidente",2021-11-16,2021-11-16,2021-11-18,"Sebastián Sichel Ramirez","A ti, que estás a punto de votar por mí: no nos quedemos a punto. Piénsalo con la cabeza y con el corazón. Vota por ti, vota por la esperanza, vota por el futuro, vota 4.
#ConSichelSePuede #SichelPresidente #SePuede",,,,"lower_bound: 50000, upper_bound: 59999","lower_bound: 0, upper_bound: 99",USD,"{""age"":""35-44"",""gender"":""unknown"",""percentage"":0.001858},{""age"":""45-54"",""gender"":""unknown"",""percentage"":0.000706},{""age"":""55-64"",""gender"":""unknown"",""percentage"":0.000118},{""age"":""18-24"",""gender"":""male"",""percentage"":0.024603},{""age"":""55-64"",""gender"":""female"",""percentage"":0.018252},{""age"":""65+"",""gender"":""female"",""percentage"":0.003552},{""age"":""65+"",""gender"":""male"",""percentage"":0.000682},{""age"":""25-34"",""gender"":""female"",""percentage"":0.262825},{""age"":""25-34"",""gender"":""male"",""percentage"":0.130613},{""age"":""25-34"",""gender"":""unknown"",""percentage"":0.001035},{""age"":""45-54"",""gender"":""male"",""percentage"":0.042879},{""age"":""35-44"",""gender"":""female"",""percentage"":0.227308},{""age"":""35-44"",""gender"":""male"",""percentage"":0.096554},{""age"":""45-54"",""gender"":""female"",""percentage"":0.127179},{""age"":""18-24"",""gender"":""female"",""percentage"":0.057415},{""age"":""55-64"",""gender"":""male"",""percentage"":0.004187},{""age"":""18-24"",""gender"":""unknown"",""percentage"":0.000235}","{""region"":""Los R\u00edos Region"",""percentage"":0.043754},{""region"":""Arica y Parinacota Region"",""percentage"":0.016771},{""region"":""Valpara\u00edso Region"",""percentage"":0.073296},{""region"":""Ays\u00e9n Region"",""percentage"":0.010537},{""region"":""Antofagasta Region"",""percentage"":0.040777},{""region"":""Araucan\u00eda Region"",""percentage"":0.126401},{""region"":""Atacama Region"",""percentage"":0.024913},{""region"":""B\u00edo B\u00edo Region"",""percentage"":0.221796},{""region"":""Coquimbo Region"",""percentage"":0.060689},{""region"":""O'Higgins Region"",""percentage"":0.066132},{""region"":""Los Lagos Region"",""percentage"":0.097255},{""region"":""Magallanes y la Ant\u00e1rtica Chilena Region"",""percentage"":0.01612},{""region"":""Maule Region"",""percentage"":0.102954},{""region"":""Santiago Metropolitan Region"",""percentage"":0.065573},{""region"":""Tarapac\u00e1 Region"",""percentage"":0.033031}","facebook,instagram","lower_bound: 500001, upper_bound: 1000000",es
563803734680479,103820310982935,"Sichel Presidente",2021-11-16,2021-11-16,2021-11-18,"Sebastián Sichel Ramirez","A ti, que estás a punto de votar por mí: no nos quedemos a punto. Piénsalo con la cabeza y con el corazón. Vota por ti, vota por la esperanza, vota por el futuro, vota 4.
#ConSichelSePuede #SichelPresidente #SePuede",,,,"lower_bound: 125000, upper_bound: 149999","lower_bound: 200, upper_bound: 299",USD,"{""age"":""55-64"",""gender"":""unknown"",""percentage"":0.000877},{""age"":""35-44"",""gender"":""male"",""percentage"":0.101435},{""age"":""45-54"",""gender"":""male"",""percentage"":0.03923},{""age"":""18-24"",""gender"":""male"",""percentage"":0.024909},{""age"":""45-54"",""gender"":""unknown"",""percentage"":0.002653},{""age"":""35-44"",""gender"":""unknown"",""percentage"":0.005542},{""age"":""35-44"",""gender"":""female"",""percentage"":0.189843},{""age"":""65+"",""gender"":""female"",""percentage"":0.0212},{""age"":""55-64"",""gender"":""female"",""percentage"":0.041826},{""age"":""65+"",""gender"":""unknown"",""percentage"":0.000596},{""age"":""25-34"",""gender"":""male"",""percentage"":0.137192},{""age"":""45-54"",""gender"":""female"",""percentage"":0.093837},{""age"":""25-34"",""gender"":""female"",""percentage"":0.242798},{""age"":""55-64"",""gender"":""male"",""percentage"":0.017659},{""age"":""65+"",""gender"":""male"",""percentage"":0.012826},{""age"":""18-24"",""gender"":""female"",""percentage"":0.064735},{""age"":""25-34"",""gender"":""unknown"",""percentage"":0.002484},{""age"":""18-24"",""gender"":""unknown"",""percentage"":0.00036}","{""region"":""Los R\u00edos Region"",""percentage"":0.032581},{""region"":""Arica y Parinacota Region"",""percentage"":0.014207},{""region"":""Valpara\u00edso Region"",""percentage"":0.077141},{""region"":""Ays\u00e9n Region"",""percentage"":0.007403},{""region"":""Antofagasta Region"",""percentage"":0.044594},{""region"":""Araucan\u00eda Region"",""percentage"":0.098507},{""region"":""Atacama Region"",""percentage"":0.020258},{""region"":""B\u00edo B\u00edo Region"",""percentage"":0.177433},{""region"":""Coquimbo Region"",""percentage"":0.049425},{""region"":""O'Higgins Region"",""percentage"":0.052174},{""region"":""Los Lagos Region"",""percentage"":0.069428},{""region"":""Magallanes y la Ant\u00e1rtica Chilena Region"",""percentage"":0.016734},{""region"":""Maule Region"",""percentage"":0.074315},{""region"":""Santiago Metropolitan Region"",""percentage"":0.236976},{""region"":""Tarapac\u00e1 Region"",""percentage"":0.028824}","facebook,instagram","lower_bound: 1000001",es
575986843695111,103820310982935,"Sichel Presidente",2021-11-16,2021-11-16,2021-11-18,"Sebastián Sichel Ramirez","El 21 de Noviembre, nos jugamos mucho más que una simple elección entre gobiernos de derechas o izquierdas. El domingo nos jugamos el país que queremos construir para los próximos 30 años.","21 Noviembre Vota Sichel",sichelpresidente.cl,"Se Puede - Claro que se Puede","lower_bound: 1000000","lower_bound: 5000, upper_bound: 5999",USD,"{""age"":""45-54"",""gender"":""unknown"",""percentage"":0.002416},{""age"":""35-44"",""gender"":""unknown"",""percentage"":0.003943},{""age"":""25-34"",""gender"":""unknown"",""percentage"":0.002237},{""age"":""55-64"",""gender"":""female"",""percentage"":0.055569},{""age"":""55-64"",""gender"":""male"",""percentage"":0.040022},{""age"":""35-44"",""gender"":""female"",""percentage"":0.135708},{""age"":""25-34"",""gender"":""male"",""percentage"":0.230216},{""age"":""35-44"",""gender"":""male"",""percentage"":0.13525},{""age"":""45-54"",""gender"":""female"",""percentage"":0.101751},{""age"":""25-34"",""gender"":""female"",""percentage"":0.200731},{""age"":""45-54"",""gender"":""male"",""percentage"":0.091468},{""age"":""55-64"",""gender"":""unknown"",""percentage"":0.00069}","{""region"":""Unknown"",""percentage"":3.2e-5},{""region"":""Santiago Metropolitan Region"",""percentage"":0.999968}","facebook,instagram","lower_bound: 1000001",es
409852857249095,103820310982935,"Sichel Presidente",2021-11-14,2021-11-14,2021-11-16,"Sebastián Sichel Ramirez",,,,,"lower_bound: 45000, upper_bound: 49999","lower_bound: 0, upper_bound: 99",USD,"{""age"":""55-64"",""gender"":""male"",""percentage"":0.042228},{""age"":""55-64"",""gender"":""female"",""percentage"":0.051478},{""age"":""45-54"",""gender"":""male"",""percentage"":0.071441},{""age"":""25-34"",""gender"":""female"",""percentage"":0.234501},{""age"":""25-34"",""gender"":""male"",""percentage"":0.216861},{""age"":""35-44"",""gender"":""male"",""percentage"":0.124962},{""age"":""65+"",""gender"":""male"",""percentage"":0.017941},{""age"":""65+"",""gender"":""female"",""percentage"":0.021146},{""age"":""35-44"",""gender"":""female"",""percentage"":0.139375},{""age"":""45-54"",""gender"":""female"",""percentage"":0.075141},{""age"":""35-44"",""gender"":""unknown"",""percentage"":0.001807},{""age"":""25-34"",""gender"":""unknown"",""percentage"":0.001269},{""age"":""55-64"",""gender"":""unknown"",""percentage"":0.000323},{""age"":""45-54"",""gender"":""unknown"",""percentage"":0.00114},{""age"":""65+"",""gender"":""unknown"",""percentage"":0.000387}","{""region"":""Tarapac\u00e1 Region"",""percentage"":1}","facebook,instagram","lower_bound: 100001, upper_bound: 500000",
1078077169684485,103820310982935,"Sichel Presidente",2021-11-14,2021-11-14,2021-11-19,"Sebastián Sichel Ramirez","El 21 de Noviembre, nos jugamos mucho más que una simple elección entre gobiernos de derechas o izquierdas. El domingo nos jugamos el país que queremos construir para los próximos 30 años.","21 Noviembre Vota Sichel",sichelpresidente.cl,"Se Puede - Claro que se Puede","lower_bound: 400000, upper_bound: 449999","lower_bound: 500, upper_bound: 599",USD,"{""age"":""65+"",""gender"":""unknown"",""percentage"":0.00026},{""age"":""65+"",""gender"":""female"",""percentage"":0.03206},{""age"":""55-64"",""gender"":""unknown"",""percentage"":0.000465},{""age"":""45-54"",""gender"":""male"",""percentage"":0.105758},{""age"":""65+"",""gender"":""male"",""percentage"":0.021035},{""age"":""55-64"",""gender"":""male"",""percentage"":0.060459},{""age"":""35-44"",""gender"":""female"",""percentage"":0.155621},{""age"":""55-64"",""gender"":""female"",""percentage"":0.087921},{""age"":""25-34"",""gender"":""male"",""percentage"":0.134819},{""age"":""35-44"",""gender"":""male"",""percentage"":0.136803},{""age"":""45-54"",""gender"":""female"",""percentage"":0.121945},{""age"":""25-34"",""gender"":""female"",""percentage"":0.13836},{""age"":""45-54"",""gender"":""unknown"",""percentage"":0.001096},{""age"":""35-44"",""gender"":""unknown"",""percentage"":0.002123},{""age"":""25-34"",""gender"":""unknown"",""percentage"":0.001274}","{""region"":""Los R\u00edos Region"",""percentage"":0.121229},{""region"":""Araucan\u00eda Region"",""percentage"":0.301889},{""region"":""B\u00edo B\u00edo Region"",""percentage"":0.576883}","facebook,instagram","lower_bound: 1000001",es
885853225463812,103820310982935,"Sichel Presidente",2021-11-12,2021-11-14,2021-11-17,"Sebastián Sichel Ramirez","El 21 de Noviembre, nos jugamos mucho más que una simple elección entre gobiernos de derechas o izquierdas. El domingo nos jugamos el país que queremos construir para los próximos 30 años.","21 Noviembre Vota Sichel",sichelpresidente.cl,"Se Puede - Claro que se Puede","lower_bound: 100000, upper_bound: 124999","lower_bound: 100, upper_bound: 199",USD,"{""age"":""45-54"",""gender"":""unknown"",""percentage"":0.002754},{""age"":""55-64"",""gender"":""female"",""percentage"":0.124643},{""age"":""65+"",""gender"":""female"",""percentage"":0.056904},{""age"":""35-44"",""gender"":""female"",""percentage"":0.211129},{""age"":""35-44"",""gender"":""male"",""percentage"":0.199498},{""age"":""45-54"",""gender"":""male"",""percentage"":0.127964},{""age"":""45-54"",""gender"":""female"",""percentage"":0.142936},{""age"":""55-64"",""gender"":""male"",""percentage"":0.088076},{""age"":""65+"",""gender"":""male"",""percentage"":0.03933},{""age"":""35-44"",""gender"":""unknown"",""percentage"":0.004902},{""age"":""55-64"",""gender"":""unknown"",""percentage"":0.001107},{""age"":""65+"",""gender"":""unknown"",""percentage"":0.000748},{""age"":""13-17"",""gender"":""male"",""percentage"":9.0e-6}","{""region"":""Valpara\u00edso Region"",""percentage"":0.998921},{""region"":""Santiago Metropolitan Region"",""percentage"":0.00104},{""region"":""Unknown"",""percentage"":3.9e-5}","facebook,instagram","lower_bound: 500001, upper_bound: 1000000",es
621599188976963,103820310982935,"Sichel Presidente",2021-11-12,2021-11-14,2021-11-14,"Sebastián Sichel Ramirez","El 21 de Noviembre, nos jugamos mucho más que una simple elección entre gobiernos de derechas o izquierdas. El domingo nos jugamos el país que queremos construir para los próximos 30 años.","21 Noviembre Vota Sichel",sichelpresidente.cl,"Se Puede - Claro que se Puede","lower_bound: 25000, upper_bound: 29999","lower_bound: 100, upper_bound: 199",USD,"{""age"":""35-44"",""gender"":""unknown"",""percentage"":0.011185},{""age"":""18-24"",""gender"":""male"",""percentage"":0.054054},{""age"":""25-34"",""gender"":""male"",""percentage"":0.265962},{""age"":""45-54"",""gender"":""male"",""percentage"":0.081386},{""age"":""35-44"",""gender"":""male"",""percentage"":0.182617},{""age"":""25-34"",""gender"":""female"",""percentage"":0.150585},{""age"":""35-44"",""gender"":""female"",""percentage"":0.125734},{""age"":""25-34"",""gender"":""unknown"",""percentage"":0.005092},{""age"":""45-54"",""gender"":""female"",""percentage"":0.077251},{""age"":""18-24"",""gender"":""female"",""percentage"":0.039431},{""age"":""45-54"",""gender"":""unknown"",""percentage"":0.005875},{""age"":""18-24"",""gender"":""unknown"",""percentage"":0.000827}","{""region"":""Santiago Metropolitan Region"",""percentage"":1}","facebook,instagram","lower_bound: 100001, upper_bound: 500000",es
1066466840853562,103820310982935,"Sichel Presidente",2021-11-12,2021-11-14,2021-11-17,"Sebastián Sichel Ramirez","El 21 de Noviembre, nos jugamos mucho más que una simple elección entre gobiernos de derechas o izquierdas. El domingo nos jugamos el país que queremos construir para los próximos 30 años.","21 Noviembre Vota Sichel",sichelpresidente.cl,"Se puede - Claro que se Puede","lower_bound: 100000, upper_bound: 124999","lower_bound: 400, upper_bound: 499",USD,"{""age"":""18-24"",""gender"":""unknown"",""percentage"":0.000669},{""age"":""35-44"",""gender"":""female"",""percentage"":0.118418},{""age"":""25-34"",""gender"":""unknown"",""percentage"":0.005326},{""age"":""35-44"",""gender"":""unknown"",""percentage"":0.008557},{""age"":""25-34"",""gender"":""female"",""percentage"":0.212441},{""age"":""45-54"",""gender"":""male"",""percentage"":0.061765},{""age"":""25-34"",""gender"":""male"",""percentage"":0.275834},{""age"":""18-24"",""gender"":""male"",""percentage"":0.053599},{""age"":""35-44"",""gender"":""male"",""percentage"":0.160255},{""age"":""18-24"",""gender"":""female"",""percentage"":0.048248},{""age"":""45-54"",""gender"":""unknown"",""percentage"":0.004228},{""age"":""45-54"",""gender"":""female"",""percentage"":0.050646},{""age"":""13-17"",""gender"":""female"",""percentage"":1.3e-5}","{""region"":""Santiago Metropolitan Region"",""percentage"":1}","facebook,instagram","lower_bound: 100001, upper_bound: 500000",es
1812714022450364,103820310982935,"Sichel Presidente",2021-11-12,2021-11-14,2021-11-17,"Sebastián Sichel Ramirez","El 21 de Noviembre, nos jugamos mucho más que una simple elección entre gobiernos de derechas o izquierdas. El domingo nos jugamos el país que queremos construir para los próximos 30 años.","21 Noviembre Vota Sichel",sichelpresidente.cl,"Se Puede - Claro que se Puede","lower_bound: 50000, upper_bound: 59999","lower_bound: 200, upper_bound: 299",USD,"{""age"":""45-54"",""gender"":""unknown"",""percentage"":0.005301},{""age"":""35-44"",""gender"":""unknown"",""percentage"":0.010269},{""age"":""35-44"",""gender"":""female"",""percentage"":0.112673},{""age"":""25-34"",""gender"":""male"",""percentage"":0.275861},{""age"":""18-24"",""gender"":""female"",""percentage"":0.05775},{""age"":""45-54"",""gender"":""male"",""percentage"":0.062905},{""age"":""35-44"",""gender"":""male"",""percentage"":0.144853},{""age"":""25-34"",""gender"":""unknown"",""percentage"":0.00765},{""age"":""25-34"",""gender"":""female"",""percentage"":0.211355},{""age"":""18-24"",""gender"":""male"",""percentage"":0.059101},{""age"":""45-54"",""gender"":""female"",""percentage"":0.051285},{""age"":""18-24"",""gender"":""unknown"",""percentage"":0.000998}","{""region"":""Santiago Metropolitan Region"",""percentage"":1}","facebook,instagram","lower_bound: 100001, upper_bound: 500000",es
400359491813420,103820310982935,"Sichel Presidente",2021-11-14,2021-11-14,2021-11-18,"Sebastián Sichel Ramirez","El 21 de Noviembre, nos jugamos mucho más que una simple elección entre gobiernos de derechas o izquierdas. El domingo nos jugamos el país que queremos construir para los próximos 30 años.","21 Noviembre Vota Sichel",sichelpresidente.cl,"Se Puede - Claro que se Puede","lower_bound: 50000, upper_bound: 59999","lower_bound: 100, upper_bound: 199",USD,"{""age"":""55-64"",""gender"":""unknown"",""percentage"":0.001091},{""age"":""45-54"",""gender"":""unknown"",""percentage"":0.002848},{""age"":""55-64"",""gender"":""female"",""percentage"":0.054097},{""age"":""55-64"",""gender"":""male"",""percentage"":0.045367},{""age"":""35-44"",""gender"":""female"",""percentage"":0.136582},{""age"":""45-54"",""gender"":""female"",""percentage"":0.100351},{""age"":""25-34"",""gender"":""female"",""percentage"":0.205345},{""age"":""45-54"",""gender"":""male"",""percentage"":0.094045},{""age"":""35-44"",""gender"":""male"",""percentage"":0.142297},{""age"":""25-34"",""gender"":""male"",""percentage"":0.211374},{""age"":""25-34"",""gender"":""unknown"",""percentage"":0.002608},{""age"":""35-44"",""gender"":""unknown"",""percentage"":0.003939},{""age"":""13-17"",""gender"":""male"",""percentage"":1.8e-5},{""age"":""13-17"",""gender"":""unknown"",""percentage"":1.8e-5},{""age"":""13-17"",""gender"":""female"",""percentage"":1.8e-5}","{""region"":""Ays\u00e9n Region"",""percentage"":0.00639},{""region"":""Magallanes y la Ant\u00e1rtica Chilena Region"",""percentage"":0.993336},{""region"":""Unknown"",""percentage"":0.000275}","facebook,instagram","lower_bound: 50001, upper_bound: 100000",es
171171025229098,103820310982935,"Sichel Presidente",2021-11-10,2021-11-10,2021-11-11,"Sebastián Sichel Ramirez","La #LeyTamara es clave, por eso le pedimos al Congreso que  aprueben una ley esencial. Esta ley transforma en presiduo perpetuo efectivo a aquellos que cometen delitos contra niños, adultos mayores o personas con discapacidad. Vamos a garantizar la seguridad y que todos los que se esfuerzan día a día puedan vivir en paz.  #ConSichelSePuede",,,,"lower_bound: 60000, upper_bound: 69999","lower_bound: 400, upper_bound: 499",USD,"{""age"":""55-64"",""gender"":""female"",""percentage"":0.269753},{""age"":""45-54"",""gender"":""female"",""percentage"":0.200136},{""age"":""65+"",""gender"":""female"",""percentage"":0.193121},{""age"":""25-34"",""gender"":""female"",""percentage"":0.139584},{""age"":""35-44"",""gender"":""female"",""percentage"":0.197388},{""age"":""13-17"",""gender"":""female"",""percentage"":1.8e-5}","{""region"":""Unknown"",""percentage"":3.6e-5},{""region"":""Los R\u00edos Region"",""percentage"":0.018499},{""region"":""Arica y Parinacota Region"",""percentage"":0.008551},{""region"":""Valpara\u00edso Region"",""percentage"":0.096527},{""region"":""Ays\u00e9n Region"",""percentage"":0.003649},{""region"":""Antofagasta Region"",""percentage"":0.026451},{""region"":""Araucan\u00eda Region"",""percentage"":0.045549},{""region"":""Atacama Region"",""percentage"":0.009095},{""region"":""B\u00edo B\u00edo Region"",""percentage"":0.123668},{""region"":""Coquimbo Region"",""percentage"":0.03315},{""region"":""O'Higgins Region"",""percentage"":0.049017},{""region"":""Los Lagos Region"",""percentage"":0.030627},{""region"":""Magallanes y la Ant\u00e1rtica Chilena Region"",""percentage"":0.007752},{""region"":""Maule Region"",""percentage"":0.060527},{""region"":""Santiago Metropolitan Region"",""percentage"":0.470908},{""region"":""Tarapac\u00e1 Region"",""percentage"":0.015994}",instagram,"lower_bound: 1000001",es
4894070987291971,103820310982935,"Sichel Presidente",2021-11-07,2021-11-08,2021-11-11,"Sebastián Sichel Ramirez","Este 21 de Diciembre vota responsable, vota por las buenas ideas, vota informado, vota por el chile de los proximos 30 años. Vota.  #SePuede",,sichelpresidente.cl,,"lower_bound: 50000, upper_bound: 59999","lower_bound: 200, upper_bound: 299",USD,"{""age"":""35-44"",""gender"":""unknown"",""percentage"":0.004702},{""age"":""25-34"",""gender"":""unknown"",""percentage"":0.001248},{""age"":""45-54"",""gender"":""unknown"",""percentage"":0.004542},{""age"":""65+"",""gender"":""unknown"",""percentage"":0.001594},{""age"":""25-34"",""gender"":""male"",""percentage"":0.118392},{""age"":""35-44"",""gender"":""female"",""percentage"":0.098204},{""age"":""55-64"",""gender"":""female"",""percentage"":0.128832},{""age"":""25-34"",""gender"":""female"",""percentage"":0.072969},{""age"":""65+"",""gender"":""male"",""percentage"":0.041518},{""age"":""35-44"",""gender"":""male"",""percentage"":0.123307},{""age"":""65+"",""gender"":""female"",""percentage"":0.076051},{""age"":""45-54"",""gender"":""male"",""percentage"":0.107767},{""age"":""55-64"",""gender"":""unknown"",""percentage"":0.002178},{""age"":""45-54"",""gender"":""female"",""percentage"":0.131036},{""age"":""55-64"",""gender"":""male"",""percentage"":0.087659}","{""region"":""Santiago Metropolitan Region"",""percentage"":1}","facebook,instagram","lower_bound: 500001, upper_bound: 1000000",es
426988718871138,103820310982935,"Sichel Presidente",2021-11-07,2021-11-08,2021-11-10,"Sebastián Sichel Ramirez","Miremos a Chile con otros ojos, porque lo mejor está por venir y lo que viene es el cambio.
Un cambio con esperanza.
#El21SePuede",,sichelpresidente.cl,,"lower_bound: 40000, upper_bound: 44999","lower_bound: 300, upper_bound: 399",USD,"{""age"":""45-54"",""gender"":""unknown"",""percentage"":0.005269},{""age"":""25-34"",""gender"":""unknown"",""percentage"":0.007434},{""age"":""35-44"",""gender"":""male"",""percentage"":0.128911},{""age"":""45-54"",""gender"":""male"",""percentage"":0.053196},{""age"":""45-54"",""gender"":""female"",""percentage"":0.103901},{""age"":""25-34"",""gender"":""male"",""percentage"":0.207694},{""age"":""25-34"",""gender"":""female"",""percentage"":0.261287},{""age"":""35-44"",""gender"":""female"",""percentage"":0.220975},{""age"":""35-44"",""gender"":""unknown"",""percentage"":0.011332}","{""region"":""Santiago Metropolitan Region"",""percentage"":1}",instagram,"lower_bound: 500001, upper_bound: 1000000",es
3888142764744559,103820310982935,"Sichel Presidente",2021-11-04,2021-11-05,2021-11-07,"Sebastián Sichel Ramirez","#SePuede tener un Chile con más seguridad para que las familias vivan tranquilas en sus barrios. Con un Ministerio de Seguridad, aumentando la dotación de Carabineros y 5 nuevas escuelas, con una policía especializada en tráfico para perseguir al narco y armas controladas.",,,,"lower_bound: 25000, upper_bound: 29999","lower_bound: 100, upper_bound: 199",USD,"{""age"":""55-64"",""gender"":""female"",""percentage"":0.467119},{""age"":""35-44"",""gender"":""female"",""percentage"":0.21033},{""age"":""45-54"",""gender"":""female"",""percentage"":0.322462},{""age"":""13-17"",""gender"":""female"",""percentage"":8.9e-5}","{""region"":""Los R\u00edos Region"",""percentage"":0.019621},{""region"":""Arica y Parinacota Region"",""percentage"":0.008205},{""region"":""Valpara\u00edso Region"",""percentage"":0.101895},{""region"":""Ays\u00e9n Region"",""percentage"":0.003835},{""region"":""Antofagasta Region"",""percentage"":0.029967},{""region"":""Araucan\u00eda Region"",""percentage"":0.055295},{""region"":""Atacama Region"",""percentage"":0.011594},{""region"":""B\u00edo B\u00edo Region"",""percentage"":0.151438},{""region"":""Coquimbo Region"",""percentage"":0.039554},{""region"":""O'Higgins Region"",""percentage"":0.048874},{""region"":""Los Lagos Region"",""percentage"":0.035184},{""region"":""Magallanes y la Ant\u00e1rtica Chilena Region"",""percentage"":0.009231},{""region"":""Maule Region"",""percentage"":0.061717},{""region"":""Santiago Metropolitan Region"",""percentage"":0.406466},{""region"":""Tarapac\u00e1 Region"",""percentage"":0.017124}",instagram,"lower_bound: 1000001",es
1875963919243389,103820310982935,"Sichel Presidente",2021-11-01,2021-11-02,2021-11-02,"Sebastián Sichel Ramirez","Necesitamos una política que se ponga en los zapatos del otro. Que entienda que nos va mejor si estamos juntos, y que siempre es mejor encontrarnos. Aún cuando sea difícil.
#SePuede.",,,,"lower_bound: 1000, upper_bound: 1999","lower_bound: 0, upper_bound: 99",USD,"{""age"":""55-64"",""gender"":""male"",""percentage"":0.002921},{""age"":""45-54"",""gender"":""female"",""percentage"":0.116845},{""age"":""35-44"",""gender"":""male"",""percentage"":0.117819},{""age"":""35-44"",""gender"":""female"",""percentage"":0.185005},{""age"":""25-34"",""gender"":""male"",""percentage"":0.163583},{""age"":""18-24"",""gender"":""female"",""percentage"":0.119766},{""age"":""25-34"",""gender"":""female"",""percentage"":0.166504},{""age"":""18-24"",""gender"":""male"",""percentage"":0.074976},{""age"":""45-54"",""gender"":""male"",""percentage"":0.046738},{""age"":""18-24"",""gender"":""unknown"",""percentage"":0.000974},{""age"":""55-64"",""gender"":""female"",""percentage"":0.003895},{""age"":""55-64"",""gender"":""unknown"",""percentage"":0.000974}","{""region"":""Los R\u00edos Region"",""percentage"":0.05258},{""region"":""Arica y Parinacota Region"",""percentage"":0.008763},{""region"":""Valpara\u00edso Region"",""percentage"":0.058423},{""region"":""Ays\u00e9n Region"",""percentage"":0.004869},{""region"":""Antofagasta Region"",""percentage"":0.054528},{""region"":""Araucan\u00eda Region"",""percentage"":0.12074},{""region"":""Atacama Region"",""percentage"":0.025316},{""region"":""B\u00edo B\u00edo Region"",""percentage"":0.212269},{""region"":""Coquimbo Region"",""percentage"":0.08666},{""region"":""O'Higgins Region"",""percentage"":0.069133},{""region"":""Los Lagos Region"",""percentage"":0.099318},{""region"":""Magallanes y la Ant\u00e1rtica Chilena Region"",""percentage"":0.012658},{""region"":""Maule Region"",""percentage"":0.108082},{""region"":""Santiago Metropolitan Region"",""percentage"":0.04187},{""region"":""Tarapac\u00e1 Region"",""percentage"":0.044791}","facebook,instagram","lower_bound: 100001, upper_bound: 500000",es
417118453283233,103820310982935,"Sichel Presidente",2021-10-30,2021-10-30,2021-11-02,"Sebastián Sichel Ramirez","El 21 de noviembre, con la fuerza de millones que quieren cambios en paz y en orden, vamos a defender la libertad. #SePuede #SichelPresidente.",,,,"lower_bound: 15000, upper_bound: 19999","lower_bound: 0, upper_bound: 99",USD,"{""age"":""35-44"",""gender"":""unknown"",""percentage"":0.001555},{""age"":""65+"",""gender"":""female"",""percentage"":0.000222},{""age"":""18-24"",""gender"":""unknown"",""percentage"":0.000444},{""age"":""18-24"",""gender"":""female"",""percentage"":0.05607},{""age"":""55-64"",""gender"":""male"",""percentage"":0.004963},{""age"":""45-54"",""gender"":""unknown"",""percentage"":0.000444},{""age"":""25-34"",""gender"":""unknown"",""percentage"":0.001037},{""age"":""65+"",""gender"":""male"",""percentage"":7.4e-5},{""age"":""35-44"",""gender"":""male"",""percentage"":0.073698},{""age"":""45-54"",""gender"":""female"",""percentage"":0.193689},{""age"":""45-54"",""gender"":""male"",""percentage"":0.059477},{""age"":""55-64"",""gender"":""female"",""percentage"":0.017554},{""age"":""25-34"",""gender"":""male"",""percentage"":0.084809},{""age"":""18-24"",""gender"":""male"",""percentage"":0.01548},{""age"":""25-34"",""gender"":""female"",""percentage"":0.234279},{""age"":""35-44"",""gender"":""female"",""percentage"":0.256203}","{""region"":""Arica y Parinacota Region"",""percentage"":0.014835},{""region"":""Los R\u00edos Region"",""percentage"":0.034592},{""region"":""Valpara\u00edso Region"",""percentage"":0.052659},{""region"":""Ays\u00e9n Region"",""percentage"":0.009548},{""region"":""Antofagasta Region"",""percentage"":0.048546},{""region"":""Araucan\u00eda Region"",""percentage"":0.116848},{""region"":""Atacama Region"",""percentage"":0.027247},{""region"":""B\u00edo B\u00edo Region"",""percentage"":0.304054},{""region"":""Coquimbo Region"",""percentage"":0.066392},{""region"":""O'Higgins Region"",""percentage"":0.058167},{""region"":""Los Lagos Region"",""percentage"":0.079392},{""region"":""Magallanes y la Ant\u00e1rtica Chilena Region"",""percentage"":0.014835},{""region"":""Maule Region"",""percentage"":0.112588},{""region"":""Santiago Metropolitan Region"",""percentage"":0.025191},{""region"":""Tarapac\u00e1 Region"",""percentage"":0.035106}","facebook,instagram","lower_bound: 100001, upper_bound: 500000",es
186804993604143,103820310982935,"Sichel Presidente",2021-10-25,2021-10-25,2021-11-02,"Sebastián Sichel Ramirez","Aumentaremos la Red de Protección Social para apoyar a las familias cuando necesitan la ayuda. #SichelPresidente #SePuede",,,,"lower_bound: 90000, upper_bound: 99999","lower_bound: 200, upper_bound: 299",USD,"{""age"":""55-64"",""gender"":""unknown"",""percentage"":0.001802},{""age"":""25-34"",""gender"":""female"",""percentage"":0.133515},{""age"":""65+"",""gender"":""unknown"",""percentage"":0.001081},{""age"":""25-34"",""gender"":""unknown"",""percentage"":0.001982},{""age"":""55-64"",""gender"":""male"",""percentage"":0.046329},{""age"":""35-44"",""gender"":""male"",""percentage"":0.136922},{""age"":""45-54"",""gender"":""male"",""percentage"":0.080076},{""age"":""25-34"",""gender"":""male"",""percentage"":0.149684},{""age"":""55-64"",""gender"":""female"",""percentage"":0.067986},{""age"":""45-54"",""gender"":""unknown"",""percentage"":0.003899},{""age"":""35-44"",""gender"":""female"",""percentage"":0.155942},{""age"":""65+"",""gender"":""male"",""percentage"":0.032551},{""age"":""45-54"",""gender"":""female"",""percentage"":0.104043},{""age"":""18-24"",""gender"":""male"",""percentage"":0.020281},{""age"":""35-44"",""gender"":""unknown"",""percentage"":0.006307},{""age"":""65+"",""gender"":""female"",""percentage"":0.03799},{""age"":""18-24"",""gender"":""female"",""percentage"":0.019298},{""age"":""18-24"",""gender"":""unknown"",""percentage"":0.000311}","{""region"":""Los R\u00edos Region"",""percentage"":0.033127},{""region"":""Arica y Parinacota Region"",""percentage"":0.018849},{""region"":""Valpara\u00edso Region"",""percentage"":0.048879},{""region"":""Ays\u00e9n Region"",""percentage"":0.013267},{""region"":""Antofagasta Region"",""percentage"":0.0856},{""region"":""Araucan\u00eda Region"",""percentage"":0.117021},{""region"":""Atacama Region"",""percentage"":0.027777},{""region"":""B\u00edo B\u00edo Region"",""percentage"":0.279326},{""region"":""Coquimbo Region"",""percentage"":0.091927},{""region"":""O'Higgins Region"",""percentage"":0.037185},{""region"":""Los Lagos Region"",""percentage"":0.071239},{""region"":""Magallanes y la Ant\u00e1rtica Chilena Region"",""percentage"":0.026485},{""region"":""Maule Region"",""percentage"":0.075065},{""region"":""Santiago Metropolitan Region"",""percentage"":0.030063},{""region"":""Tarapac\u00e1 Region"",""percentage"":0.044191}","facebook,instagram","lower_bound: 500001, upper_bound: 1000000",es
280828303782362,103820310982935,"Sichel Presidente",2021-10-25,2021-10-25,2021-11-01,"Sebastián Sichel Ramirez","Aumentaremos la Red de Protección Social para apoyar a las familias cuando necesitan la ayuda. #SichelPresidente #SePuede","Red de Protección Social",,,"lower_bound: 100000, upper_bound: 124999","lower_bound: 200, upper_bound: 299",USD,"{""age"":""18-24"",""gender"":""unknown"",""percentage"":0.000226},{""age"":""35-44"",""gender"":""female"",""percentage"":0.140926},{""age"":""55-64"",""gender"":""unknown"",""percentage"":0.001967},{""age"":""45-54"",""gender"":""unknown"",""percentage"":0.003682},{""age"":""35-44"",""gender"":""unknown"",""percentage"":0.005052},{""age"":""65+"",""gender"":""female"",""percentage"":0.055022},{""age"":""25-34"",""gender"":""male"",""percentage"":0.119643},{""age"":""55-64"",""gender"":""male"",""percentage"":0.05703},{""age"":""25-34"",""gender"":""female"",""percentage"":0.136074},{""age"":""25-34"",""gender"":""unknown"",""percentage"":0.001795},{""age"":""55-64"",""gender"":""female"",""percentage"":0.096179},{""age"":""35-44"",""gender"":""male"",""percentage"":0.116186},{""age"":""45-54"",""gender"":""female"",""percentage"":0.110856},{""age"":""45-54"",""gender"":""male"",""percentage"":0.07923},{""age"":""18-24"",""gender"":""female"",""percentage"":0.0178},{""age"":""65+"",""gender"":""male"",""percentage"":0.041343},{""age"":""18-24"",""gender"":""male"",""percentage"":0.01574},{""age"":""65+"",""gender"":""unknown"",""percentage"":0.00125}","{""region"":""Los R\u00edos Region"",""percentage"":0.032508},{""region"":""Arica y Parinacota Region"",""percentage"":0.018214},{""region"":""Valpara\u00edso Region"",""percentage"":0.051111},{""region"":""Ays\u00e9n Region"",""percentage"":0.013154},{""region"":""Antofagasta Region"",""percentage"":0.086438},{""region"":""Araucan\u00eda Region"",""percentage"":0.113846},{""region"":""Atacama Region"",""percentage"":0.030173},{""region"":""B\u00edo B\u00edo Region"",""percentage"":0.27718},{""region"":""Coquimbo Region"",""percentage"":0.099646},{""region"":""O'Higgins Region"",""percentage"":0.035649},{""region"":""Los Lagos Region"",""percentage"":0.069459},{""region"":""Magallanes y la Ant\u00e1rtica Chilena Region"",""percentage"":0.028066},{""region"":""Maule Region"",""percentage"":0.070721},{""region"":""Santiago Metropolitan Region"",""percentage"":0.028925},{""region"":""Tarapac\u00e1 Region"",""percentage"":0.04491}","facebook,instagram","lower_bound: 500001, upper_bound: 1000000",es
2980358592224355,103820310982935,"Sichel Presidente",2021-10-25,2021-10-26,2021-11-02,"Sebastián Sichel Ramirez","Aumentaremos la Red de Protección Social para apoyar a las familias cuando necesitan la ayuda. #SichelPresidente #SePuede",,,,"lower_bound: 90000, upper_bound: 99999","lower_bound: 100, upper_bound: 199",USD,"{""age"":""65+"",""gender"":""male"",""percentage"":4.6e-5},{""age"":""45-54"",""gender"":""female"",""percentage"":0.144911},{""age"":""65+"",""gender"":""female"",""percentage"":0.000642},{""age"":""18-24"",""gender"":""unknown"",""percentage"":0.000428},{""age"":""35-44"",""gender"":""unknown"",""percentage"":0.001436},{""age"":""55-64"",""gender"":""male"",""percentage"":0.00379},{""age"":""25-34"",""gender"":""unknown"",""percentage"":0.000947},{""age"":""45-54"",""gender"":""male"",""percentage"":0.047372},{""age"":""25-34"",""gender"":""female"",""percentage"":0.256418},{""age"":""55-64"",""gender"":""unknown"",""percentage"":3.1e-5},{""age"":""35-44"",""gender"":""male"",""percentage"":0.085468},{""age"":""35-44"",""gender"":""female"",""percentage"":0.225963},{""age"":""25-34"",""gender"":""male"",""percentage"":0.116932},{""age"":""18-24"",""gender"":""male"",""percentage"":0.025733},{""age"":""18-24"",""gender"":""female"",""percentage"":0.076727},{""age"":""55-64"",""gender"":""female"",""percentage"":0.012515},{""age"":""45-54"",""gender"":""unknown"",""percentage"":0.000642}","{""region"":""Los R\u00edos Region"",""percentage"":0.038148},{""region"":""Arica y Parinacota Region"",""percentage"":0.01885},{""region"":""Valpara\u00edso Region"",""percentage"":0.064053},{""region"":""Ays\u00e9n Region"",""percentage"":0.009572},{""region"":""Antofagasta Region"",""percentage"":0.059345},{""region"":""Araucan\u00eda Region"",""percentage"":0.111989},{""region"":""Atacama Region"",""percentage"":0.028098},{""region"":""B\u00edo B\u00edo Region"",""percentage"":0.249699},{""region"":""Coquimbo Region"",""percentage"":0.067234},{""region"":""O'Higgins Region"",""percentage"":0.063529},{""region"":""Los Lagos Region"",""percentage"":0.086207},{""region"":""Magallanes y la Ant\u00e1rtica Chilena Region"",""percentage"":0.014805},{""region"":""Maule Region"",""percentage"":0.111603},{""region"":""Santiago Metropolitan Region"",""percentage"":0.036959},{""region"":""Tarapac\u00e1 Region"",""percentage"":0.039908}","facebook,instagram","lower_bound: 100001, upper_bound: 500000",es
405018974535347,103820310982935,"Sichel Presidente",2021-10-25,2021-10-25,2021-11-01,"Sebastián Sichel Ramirez","Aumentaremos la Red de Protección Social para apoyar a las familias cuando necesitan la ayuda. #SichelPresidente #SePuede","Red de Protección Social",,,"lower_bound: 200000, upper_bound: 249999","lower_bound: 300, upper_bound: 399",USD,"{""age"":""65+"",""gender"":""female"",""percentage"":0.000607},{""age"":""45-54"",""gender"":""male"",""percentage"":0.060976},{""age"":""55-64"",""gender"":""unknown"",""percentage"":3.0e-5},{""age"":""18-24"",""gender"":""unknown"",""percentage"":0.00033},{""age"":""25-34"",""gender"":""unknown"",""percentage"":0.001109},{""age"":""18-24"",""gender"":""female"",""percentage"":0.063545},{""age"":""55-64"",""gender"":""male"",""percentage"":0.005476},{""age"":""35-44"",""gender"":""male"",""percentage"":0.097059},{""age"":""45-54"",""gender"":""female"",""percentage"":0.145308},{""age"":""45-54"",""gender"":""unknown"",""percentage"":0.000899},{""age"":""25-34"",""gender"":""female"",""percentage"":0.241333},{""age"":""55-64"",""gender"":""female"",""percentage"":0.014158},{""age"":""35-44"",""gender"":""female"",""percentage"":0.204343},{""age"":""18-24"",""gender"":""male"",""percentage"":0.026825},{""age"":""25-34"",""gender"":""male"",""percentage"":0.136483},{""age"":""35-44"",""gender"":""unknown"",""percentage"":0.001483},{""age"":""65+"",""gender"":""male"",""percentage"":3.7e-5}","{""region"":""Los R\u00edos Region"",""percentage"":0.037736},{""region"":""Arica y Parinacota Region"",""percentage"":0.016825},{""region"":""Valpara\u00edso Region"",""percentage"":0.063086},{""region"":""Ays\u00e9n Region"",""percentage"":0.008879},{""region"":""Antofagasta Region"",""percentage"":0.056171},{""region"":""Araucan\u00eda Region"",""percentage"":0.109935},{""region"":""Atacama Region"",""percentage"":0.028932},{""region"":""B\u00edo B\u00edo Region"",""percentage"":0.260728},{""region"":""Coquimbo Region"",""percentage"":0.067759},{""region"":""O'Higgins Region"",""percentage"":0.060957},{""region"":""Los Lagos Region"",""percentage"":0.084592},{""region"":""Magallanes y la Ant\u00e1rtica Chilena Region"",""percentage"":0.014365},{""region"":""Maule Region"",""percentage"":0.116775},{""region"":""Santiago Metropolitan Region"",""percentage"":0.036615},{""region"":""Tarapac\u00e1 Region"",""percentage"":0.036645}","facebook,instagram","lower_bound: 100001, upper_bound: 500000",es
277805640919413,103820310982935,"Sichel Presidente",2021-10-25,2021-10-25,2021-11-02,"Sebastián Sichel Ramirez","Aumentaremos la Red de Protección Social para apoyar a las familias cuando necesitan la ayuda. #SichelPresidente #SePuede","Red de Protección Social",,,"lower_bound: 250000, upper_bound: 299999","lower_bound: 400, upper_bound: 499",USD,"{""age"":""18-24"",""gender"":""unknown"",""percentage"":0.000282},{""age"":""18-24"",""gender"":""female"",""percentage"":0.066867},{""age"":""65+"",""gender"":""female"",""percentage"":6.0e-5},{""age"":""55-64"",""gender"":""male"",""percentage"":0.002663},{""age"":""35-44"",""gender"":""male"",""percentage"":0.074052},{""age"":""35-44"",""gender"":""female"",""percentage"":0.245058},{""age"":""45-54"",""gender"":""female"",""percentage"":0.160165},{""age"":""25-34"",""gender"":""female"",""percentage"":0.275922},{""age"":""45-54"",""gender"":""male"",""percentage"":0.038317},{""age"":""65+"",""gender"":""male"",""percentage"":2.0e-5},{""age"":""25-34"",""gender"":""male"",""percentage"":0.101811},{""age"":""55-64"",""gender"":""female"",""percentage"":0.012081},{""age"":""35-44"",""gender"":""unknown"",""percentage"":0.001241},{""age"":""18-24"",""gender"":""male"",""percentage"":0.020058},{""age"":""25-34"",""gender"":""unknown"",""percentage"":0.000859},{""age"":""45-54"",""gender"":""unknown"",""percentage"":0.00053},{""age"":""55-64"",""gender"":""unknown"",""percentage"":1.3e-5}","{""region"":""Los R\u00edos Region"",""percentage"":0.038211},{""region"":""Arica y Parinacota Region"",""percentage"":0.016981},{""region"":""Valpara\u00edso Region"",""percentage"":0.075863},{""region"":""Ays\u00e9n Region"",""percentage"":0.008604},{""region"":""Antofagasta Region"",""percentage"":0.053842},{""region"":""Araucan\u00eda Region"",""percentage"":0.099906},{""region"":""Atacama Region"",""percentage"":0.025658},{""region"":""B\u00edo B\u00edo Region"",""percentage"":0.197125},{""region"":""Coquimbo Region"",""percentage"":0.063231},{""region"":""O'Higgins Region"",""percentage"":0.070784},{""region"":""Los Lagos Region"",""percentage"":0.095903},{""region"":""Magallanes y la Ant\u00e1rtica Chilena Region"",""percentage"":0.013052},{""region"":""Maule Region"",""percentage"":0.118888},{""region"":""Santiago Metropolitan Region"",""percentage"":0.087891},{""region"":""Tarapac\u00e1 Region"",""percentage"":0.034062}","facebook,instagram","lower_bound: 100001, upper_bound: 500000",es
400845688364430,103820310982935,"Sichel Presidente",2021-10-25,2021-10-26,2021-11-02,"Sebastián Sichel Ramirez","Aumentaremos la Red de Protección Social para apoyar a las familias cuando necesitan la ayuda. #SichelPresidente #SePuede",,www.instagram.com,,"lower_bound: 45000, upper_bound: 49999","lower_bound: 0, upper_bound: 99",USD,"{""age"":""55-64"",""gender"":""male"",""percentage"":0.002417},{""age"":""45-54"",""gender"":""unknown"",""percentage"":0.000648},{""age"":""18-24"",""gender"":""male"",""percentage"":0.03092},{""age"":""45-54"",""gender"":""female"",""percentage"":0.161705},{""age"":""35-44"",""gender"":""male"",""percentage"":0.067854},{""age"":""25-34"",""gender"":""male"",""percentage"":0.101928},{""age"":""18-24"",""gender"":""female"",""percentage"":0.096858},{""age"":""35-44"",""gender"":""female"",""percentage"":0.239816},{""age"":""45-54"",""gender"":""male"",""percentage"":0.03431},{""age"":""25-34"",""gender"":""female"",""percentage"":0.249808},{""age"":""18-24"",""gender"":""unknown"",""percentage"":0.000501},{""age"":""55-64"",""gender"":""female"",""percentage"":0.010788},{""age"":""35-44"",""gender"":""unknown"",""percentage"":0.001209},{""age"":""25-34"",""gender"":""unknown"",""percentage"":0.001061},{""age"":""65+"",""gender"":""female"",""percentage"":0.000147},{""age"":""55-64"",""gender"":""unknown"",""percentage"":2.9e-5}","{""region"":""Los R\u00edos Region"",""percentage"":0.039198},{""region"":""Arica y Parinacota Region"",""percentage"":0.017882},{""region"":""Valpara\u00edso Region"",""percentage"":0.07286},{""region"":""Ays\u00e9n Region"",""percentage"":0.00823},{""region"":""Antofagasta Region"",""percentage"":0.052403},{""region"":""Araucan\u00eda Region"",""percentage"":0.102703},{""region"":""Atacama Region"",""percentage"":0.026912},{""region"":""B\u00edo B\u00edo Region"",""percentage"":0.212334},{""region"":""Coquimbo Region"",""percentage"":0.061136},{""region"":""O'Higgins Region"",""percentage"":0.071528},{""region"":""Los Lagos Region"",""percentage"":0.090298},{""region"":""Magallanes y la Ant\u00e1rtica Chilena Region"",""percentage"":0.012198},{""region"":""Maule Region"",""percentage"":0.122657},{""region"":""Santiago Metropolitan Region"",""percentage"":0.07289},{""region"":""Tarapac\u00e1 Region"",""percentage"":0.036771}","facebook,instagram","lower_bound: 100001, upper_bound: 500000",es
556279249005996,103820310982935,"Sichel Presidente",2021-10-25,2021-10-25,2021-11-01,"Sebastián Sichel Ramirez","Aumentaremos la Red de Protección Social para apoyar a las familias cuando necesitan la ayuda. #SichelPresidente #SePuede","Red de Protección Social",,,"lower_bound: 100000, upper_bound: 124999","lower_bound: 400, upper_bound: 499",USD,"{""age"":""18-24"",""gender"":""unknown"",""percentage"":0.000376},{""age"":""45-54"",""gender"":""male"",""percentage"":0.088873},{""age"":""65+"",""gender"":""female"",""percentage"":0.014938},{""age"":""65+"",""gender"":""unknown"",""percentage"":0.001089},{""age"":""55-64"",""gender"":""male"",""percentage"":0.049416},{""age"":""18-24"",""gender"":""male"",""percentage"":0.016921},{""age"":""45-54"",""gender"":""female"",""percentage"":0.044605},{""age"":""25-34"",""gender"":""female"",""percentage"":0.140934},{""age"":""25-34"",""gender"":""male"",""percentage"":0.219097},{""age"":""65+"",""gender"":""male"",""percentage"":0.021693},{""age"":""35-44"",""gender"":""male"",""percentage"":0.212653},{""age"":""35-44"",""gender"":""female"",""percentage"":0.122911},{""age"":""35-44"",""gender"":""unknown"",""percentage"":0.010334},{""age"":""18-24"",""gender"":""female"",""percentage"":0.010775},{""age"":""45-54"",""gender"":""unknown"",""percentage"":0.005913},{""age"":""25-34"",""gender"":""unknown"",""percentage"":0.003384},{""age"":""55-64"",""gender"":""female"",""percentage"":0.033778},{""age"":""55-64"",""gender"":""unknown"",""percentage"":0.002308}","{""region"":""Los R\u00edos Region"",""percentage"":0.012445},{""region"":""Arica y Parinacota Region"",""percentage"":0.006987},{""region"":""Valpara\u00edso Region"",""percentage"":0.085367},{""region"":""Ays\u00e9n Region"",""percentage"":0.003468},{""region"":""Antofagasta Region"",""percentage"":0.02584},{""region"":""Araucan\u00eda Region"",""percentage"":0.032904},{""region"":""Atacama Region"",""percentage"":0.010159},{""region"":""B\u00edo B\u00edo Region"",""percentage"":0.092623},{""region"":""Coquimbo Region"",""percentage"":0.022604},{""region"":""O'Higgins Region"",""percentage"":0.039441},{""region"":""Los Lagos Region"",""percentage"":0.019329},{""region"":""Magallanes y la Ant\u00e1rtica Chilena Region"",""percentage"":0.010801},{""region"":""Maule Region"",""percentage"":0.044873},{""region"":""Santiago Metropolitan Region"",""percentage"":0.582606},{""region"":""Tarapac\u00e1 Region"",""percentage"":0.010557}","facebook,instagram","lower_bound: 500001, upper_bound: 1000000",es
868790810484429,103820310982935,"Sichel Presidente",2021-10-25,2021-10-26,2021-11-02,"Sebastián Sichel Ramirez","Aumentaremos la Red de Protección Social para apoyar a las familias cuando necesitan la ayuda. #SichelPresidente #SePuede",,,,"lower_bound: 100000, upper_bound: 124999","lower_bound: 400, upper_bound: 499",USD,"{""age"":""55-64"",""gender"":""unknown"",""percentage"":0.001917},{""age"":""45-54"",""gender"":""male"",""percentage"":0.07822},{""age"":""65+"",""gender"":""male"",""percentage"":0.018636},{""age"":""55-64"",""gender"":""male"",""percentage"":0.038298},{""age"":""35-44"",""gender"":""female"",""percentage"":0.129818},{""age"":""35-44"",""gender"":""male"",""percentage"":0.208673},{""age"":""55-64"",""gender"":""female"",""percentage"":0.033242},{""age"":""25-34"",""gender"":""male"",""percentage"":0.234918},{""age"":""45-54"",""gender"":""female"",""percentage"":0.04819},{""age"":""18-24"",""gender"":""unknown"",""percentage"":0.000293},{""age"":""65+"",""gender"":""female"",""percentage"":0.013202},{""age"":""25-34"",""gender"":""female"",""percentage"":0.149406},{""age"":""25-34"",""gender"":""unknown"",""percentage"":0.003419},{""age"":""35-44"",""gender"":""unknown"",""percentage"":0.010405},{""age"":""18-24"",""gender"":""male"",""percentage"":0.014789},{""age"":""18-24"",""gender"":""female"",""percentage"":0.010222},{""age"":""45-54"",""gender"":""unknown"",""percentage"":0.005349},{""age"":""65+"",""gender"":""unknown"",""percentage"":0.001001}","{""region"":""Los R\u00edos Region"",""percentage"":0.013391},{""region"":""Arica y Parinacota Region"",""percentage"":0.008187},{""region"":""Valpara\u00edso Region"",""percentage"":0.081638},{""region"":""Ays\u00e9n Region"",""percentage"":0.00381},{""region"":""Antofagasta Region"",""percentage"":0.028076},{""region"":""Araucan\u00eda Region"",""percentage"":0.0381},{""region"":""Atacama Region"",""percentage"":0.01053},{""region"":""B\u00edo B\u00edo Region"",""percentage"":0.108246},{""region"":""Coquimbo Region"",""percentage"":0.023501},{""region"":""O'Higgins Region"",""percentage"":0.041491},{""region"":""Los Lagos Region"",""percentage"":0.021356},{""region"":""Magallanes y la Ant\u00e1rtica Chilena Region"",""percentage"":0.012047},{""region"":""Maule Region"",""percentage"":0.049284},{""region"":""Santiago Metropolitan Region"",""percentage"":0.548396},{""region"":""Tarapac\u00e1 Region"",""percentage"":0.011948}","facebook,instagram","lower_bound: 500001, upper_bound: 1000000",es
384905956628484,103820310982935,"Sichel Presidente",2021-10-25,2021-10-26,2021-11-01,"Sebastián Sichel Ramirez","Para ser Presidente de Chile tienes que haber vivido lo que viven millones de chilenos. #SePuede #SichelPresidente. 🇨🇱",,www.instagram.com,,"lower_bound: 35000, upper_bound: 39999","lower_bound: 0, upper_bound: 99",USD,"{""age"":""25-34"",""gender"":""unknown"",""percentage"":0.002123},{""age"":""25-34"",""gender"":""female"",""percentage"":0.138753},{""age"":""65+"",""gender"":""unknown"",""percentage"":0.001062},{""age"":""45-54"",""gender"":""unknown"",""percentage"":0.003972},{""age"":""18-24"",""gender"":""unknown"",""percentage"":0.000171},{""age"":""18-24"",""gender"":""female"",""percentage"":0.01493},{""age"":""18-24"",""gender"":""male"",""percentage"":0.017567},{""age"":""65+"",""gender"":""male"",""percentage"":0.037154},{""age"":""35-44"",""gender"":""male"",""percentage"":0.142143},{""age"":""35-44"",""gender"":""unknown"",""percentage"":0.006335},{""age"":""45-54"",""gender"":""female"",""percentage"":0.100127},{""age"":""45-54"",""gender"":""male"",""percentage"":0.082423},{""age"":""35-44"",""gender"":""female"",""percentage"":0.152793},{""age"":""55-64"",""gender"":""female"",""percentage"":0.063007},{""age"":""65+"",""gender"":""female"",""percentage"":0.036263},{""age"":""25-34"",""gender"":""male"",""percentage"":0.149505},{""age"":""55-64"",""gender"":""male"",""percentage"":0.0502},{""age"":""55-64"",""gender"":""unknown"",""percentage"":0.001472}","{""region"":""Los R\u00edos Region"",""percentage"":0.033662},{""region"":""Arica y Parinacota Region"",""percentage"":0.019216},{""region"":""Valpara\u00edso Region"",""percentage"":0.054547},{""region"":""Ays\u00e9n Region"",""percentage"":0.012095},{""region"":""Antofagasta Region"",""percentage"":0.087663},{""region"":""Araucan\u00eda Region"",""percentage"":0.110047},{""region"":""Atacama Region"",""percentage"":0.028653},{""region"":""B\u00edo B\u00edo Region"",""percentage"":0.287997},{""region"":""Coquimbo Region"",""percentage"":0.094034},{""region"":""O'Higgins Region"",""percentage"":0.037409},{""region"":""Los Lagos Region"",""percentage"":0.069538},{""region"":""Magallanes y la Ant\u00e1rtica Chilena Region"",""percentage"":0.022895},{""region"":""Maule Region"",""percentage"":0.069776},{""region"":""Santiago Metropolitan Region"",""percentage"":0.030118},{""region"":""Tarapac\u00e1 Region"",""percentage"":0.042349}","facebook,instagram","lower_bound: 500001, upper_bound: 1000000",es
309425460858962,103820310982935,"Sichel Presidente",2021-10-25,2021-10-25,2021-11-01,"Sebastián Sichel Ramirez","Nos vamos a poner en los zapatos de las Pymes porque ellas mueven a Chile. Te invito a conocer nuestras propuestas. #PresidentedelasPymes #SichelPresidente #SePuede",,,,"lower_bound: 125000, upper_bound: 149999","lower_bound: 600, upper_bound: 699",USD,"{""age"":""55-64"",""gender"":""unknown"",""percentage"":0.001684},{""age"":""55-64"",""gender"":""female"",""percentage"":0.050193},{""age"":""18-24"",""gender"":""female"",""percentage"":0.012464},{""age"":""65+"",""gender"":""unknown"",""percentage"":0.000857},{""age"":""65+"",""gender"":""male"",""percentage"":0.017466},{""age"":""45-54"",""gender"":""unknown"",""percentage"":0.004328},{""age"":""45-54"",""gender"":""male"",""percentage"":0.069405},{""age"":""35-44"",""gender"":""female"",""percentage"":0.153061},{""age"":""25-34"",""gender"":""female"",""percentage"":0.162932},{""age"":""25-34"",""gender"":""unknown"",""percentage"":0.002848},{""age"":""25-34"",""gender"":""male"",""percentage"":0.193087},{""age"":""55-64"",""gender"":""male"",""percentage"":0.040598},{""age"":""35-44"",""gender"":""male"",""percentage"":0.182175},{""age"":""45-54"",""gender"":""female"",""percentage"":0.062688},{""age"":""18-24"",""gender"":""male"",""percentage"":0.014557},{""age"":""65+"",""gender"":""female"",""percentage"":0.022315},{""age"":""35-44"",""gender"":""unknown"",""percentage"":0.009044},{""age"":""18-24"",""gender"":""unknown"",""percentage"":0.000296}","{""region"":""Los R\u00edos Region"",""percentage"":0.012964},{""region"":""Arica y Parinacota Region"",""percentage"":0.007295},{""region"":""Valpara\u00edso Region"",""percentage"":0.080332},{""region"":""Antofagasta Region"",""percentage"":0.02666},{""region"":""Araucan\u00eda Region"",""percentage"":0.033965},{""region"":""Atacama Region"",""percentage"":0.010265},{""region"":""B\u00edo B\u00edo Region"",""percentage"":0.093085},{""region"":""Coquimbo Region"",""percentage"":0.023881},{""region"":""O'Higgins Region"",""percentage"":0.039714},{""region"":""Los Lagos Region"",""percentage"":0.018462},{""region"":""Magallanes y la Ant\u00e1rtica Chilena Region"",""percentage"":0.011037},{""region"":""Maule Region"",""percentage"":0.047511},{""region"":""Santiago Metropolitan Region"",""percentage"":0.580221},{""region"":""Tarapac\u00e1 Region"",""percentage"":0.011399},{""region"":""Ays\u00e9n Region"",""percentage"":0.003211}","facebook,instagram","lower_bound: 500001, upper_bound: 1000000",es
432215428425018,103820310982935,"Sichel Presidente",2021-10-25,2021-10-26,2021-11-01,"Sebastián Sichel Ramirez","Para ser Presidente de Chile tienes que haber vivido lo que viven millones de chilenos. #SePuede #SichelPresidente. 🇨🇱",,www.instagram.com,,"lower_bound: 60000, upper_bound: 69999","lower_bound: 100, upper_bound: 199",USD,"{""age"":""55-64"",""gender"":""unknown"",""percentage"":4.2e-5},{""age"":""35-44"",""gender"":""male"",""percentage"":0.079541},{""age"":""65+"",""gender"":""female"",""percentage"":4.2e-5},{""age"":""65+"",""gender"":""male"",""percentage"":2.1e-5},{""age"":""55-64"",""gender"":""male"",""percentage"":0.002897},{""age"":""25-34"",""gender"":""male"",""percentage"":0.074706},{""age"":""45-54"",""gender"":""female"",""percentage"":0.190131},{""age"":""35-44"",""gender"":""female"",""percentage"":0.288447},{""age"":""18-24"",""gender"":""female"",""percentage"":0.055951},{""age"":""45-54"",""gender"":""unknown"",""percentage"":0.001125},{""age"":""45-54"",""gender"":""male"",""percentage"":0.04274},{""age"":""25-34"",""gender"":""female"",""percentage"":0.230308},{""age"":""18-24"",""gender"":""male"",""percentage"":0.018255},{""age"":""55-64"",""gender"":""female"",""percentage"":0.013295},{""age"":""35-44"",""gender"":""unknown"",""percentage"":0.001396},{""age"":""18-24"",""gender"":""unknown"",""percentage"":0.000229},{""age"":""25-34"",""gender"":""unknown"",""percentage"":0.000875}","{""region"":""Los R\u00edos Region"",""percentage"":0.039336},{""region"":""Arica y Parinacota Region"",""percentage"":0.014988},{""region"":""Valpara\u00edso Region"",""percentage"":0.07477},{""region"":""Ays\u00e9n Region"",""percentage"":0.008827},{""region"":""Antofagasta Region"",""percentage"":0.04991},{""region"":""Araucan\u00eda Region"",""percentage"":0.102848},{""region"":""Atacama Region"",""percentage"":0.023303},{""region"":""B\u00edo B\u00edo Region"",""percentage"":0.218489},{""region"":""Coquimbo Region"",""percentage"":0.063385},{""region"":""O'Higgins Region"",""percentage"":0.07025},{""region"":""Los Lagos Region"",""percentage"":0.086581},{""region"":""Magallanes y la Ant\u00e1rtica Chilena Region"",""percentage"":0.013048},{""region"":""Maule Region"",""percentage"":0.122058},{""region"":""Santiago Metropolitan Region"",""percentage"":0.080739},{""region"":""Tarapac\u00e1 Region"",""percentage"":0.031469}","facebook,instagram","lower_bound: 100001, upper_bound: 500000",es
940668540140770,103820310982935,"Sichel Presidente",2021-10-25,2021-10-25,2021-11-01,"Sebastián Sichel Ramirez","Nos vamos a poner en los zapatos de las Pymes porque ellas mueven a Chile. Te invito a conocer nuestras propuestas. #PresidentedelasPymes #SichelPresidente #SePuede",,,,"lower_bound: 100000, upper_bound: 124999","lower_bound: 200, upper_bound: 299",USD,"{""age"":""25-34"",""gender"":""unknown"",""percentage"":0.001433},{""age"":""18-24"",""gender"":""female"",""percentage"":0.020488},{""age"":""18-24"",""gender"":""unknown"",""percentage"":0.000298},{""age"":""45-54"",""gender"":""unknown"",""percentage"":0.003207},{""age"":""25-34"",""gender"":""female"",""percentage"":0.163309},{""age"":""25-34"",""gender"":""male"",""percentage"":0.099546},{""age"":""35-44"",""gender"":""female"",""percentage"":0.17666},{""age"":""45-54"",""gender"":""female"",""percentage"":0.132165},{""age"":""35-44"",""gender"":""male"",""percentage"":0.094495},{""age"":""55-64"",""gender"":""unknown"",""percentage"":0.00139},{""age"":""65+"",""gender"":""female"",""percentage"":0.057747},{""age"":""55-64"",""gender"":""female"",""percentage"":0.106867},{""age"":""45-54"",""gender"":""male"",""percentage"":0.056867},{""age"":""55-64"",""gender"":""male"",""percentage"":0.039274},{""age"":""35-44"",""gender"":""unknown"",""percentage"":0.004327},{""age"":""18-24"",""gender"":""male"",""percentage"":0.014188},{""age"":""65+"",""gender"":""male"",""percentage"":0.026646},{""age"":""65+"",""gender"":""unknown"",""percentage"":0.001093}","{""region"":""Los R\u00edos Region"",""percentage"":0.032977},{""region"":""Arica y Parinacota Region"",""percentage"":0.017483},{""region"":""Valpara\u00edso Region"",""percentage"":0.048105},{""region"":""Ays\u00e9n Region"",""percentage"":0.013084},{""region"":""Antofagasta Region"",""percentage"":0.083282},{""region"":""Araucan\u00eda Region"",""percentage"":0.116625},{""region"":""Atacama Region"",""percentage"":0.028762},{""region"":""B\u00edo B\u00edo Region"",""percentage"":0.282089},{""region"":""Coquimbo Region"",""percentage"":0.099171},{""region"":""O'Higgins Region"",""percentage"":0.036079},{""region"":""Los Lagos Region"",""percentage"":0.074019},{""region"":""Magallanes y la Ant\u00e1rtica Chilena Region"",""percentage"":0.027211},{""region"":""Maule Region"",""percentage"":0.072849},{""region"":""Santiago Metropolitan Region"",""percentage"":0.02456},{""region"":""Tarapac\u00e1 Region"",""percentage"":0.043706}","facebook,instagram","lower_bound: 500001, upper_bound: 1000000",es
1216537832161669,103820310982935,"Sichel Presidente",2021-10-25,2021-10-25,2021-11-02,"Sebastián Sichel Ramirez","Nos vamos a poner en los zapatos de las Pymes porque ellas mueven a Chile. Te invito a conocer nuestras propuestas. #PresidentedelasPymes #SichelPresidente #SePuede",,,,"lower_bound: 80000, upper_bound: 89999","lower_bound: 300, upper_bound: 399",USD,"{""age"":""18-24"",""gender"":""unknown"",""percentage"":0.000313},{""age"":""25-34"",""gender"":""male"",""percentage"":0.182445},{""age"":""65+"",""gender"":""unknown"",""percentage"":0.000893},{""age"":""18-24"",""gender"":""male"",""percentage"":0.012001},{""age"":""45-54"",""gender"":""unknown"",""percentage"":0.004482},{""age"":""55-64"",""gender"":""female"",""percentage"":0.044342},{""age"":""65+"",""gender"":""male"",""percentage"":0.018046},{""age"":""35-44"",""gender"":""male"",""percentage"":0.174821},{""age"":""25-34"",""gender"":""female"",""percentage"":0.17701},{""age"":""18-24"",""gender"":""female"",""percentage"":0.012061},{""age"":""45-54"",""gender"":""male"",""percentage"":0.071784},{""age"":""35-44"",""gender"":""female"",""percentage"":0.168076},{""age"":""45-54"",""gender"":""female"",""percentage"":0.064235},{""age"":""65+"",""gender"":""female"",""percentage"":0.019684},{""age"":""35-44"",""gender"":""unknown"",""percentage"":0.008696},{""age"":""55-64"",""gender"":""male"",""percentage"":0.036614},{""age"":""25-34"",""gender"":""unknown"",""percentage"":0.002725},{""age"":""55-64"",""gender"":""unknown"",""percentage"":0.001772}","{""region"":""Los R\u00edos Region"",""percentage"":0.014437},{""region"":""Arica y Parinacota Region"",""percentage"":0.007331},{""region"":""Valpara\u00edso Region"",""percentage"":0.081512},{""region"":""Ays\u00e9n Region"",""percentage"":0.003643},{""region"":""Antofagasta Region"",""percentage"":0.02766},{""region"":""Araucan\u00eda Region"",""percentage"":0.03697},{""region"":""Atacama Region"",""percentage"":0.010135},{""region"":""B\u00edo B\u00edo Region"",""percentage"":0.099397},{""region"":""Coquimbo Region"",""percentage"":0.023777},{""region"":""O'Higgins Region"",""percentage"":0.042053},{""region"":""Los Lagos Region"",""percentage"":0.021469},{""region"":""Magallanes y la Ant\u00e1rtica Chilena Region"",""percentage"":0.011949},{""region"":""Maule Region"",""percentage"":0.046221},{""region"":""Santiago Metropolitan Region"",""percentage"":0.562502},{""region"":""Tarapac\u00e1 Region"",""percentage"":0.010944}","facebook,instagram","lower_bound: 500001, upper_bound: 1000000",es
1988125268045804,103820310982935,"Sichel Presidente",2021-10-25,2021-10-25,2021-11-02,"Sebastián Sichel Ramirez","Nos vamos a poner en los zapatos de las Pymes porque ellas mueven a Chile. Te invito a conocer nuestras propuestas. #PresidentedelasPymes #SichelPresidente #SePuede",,,,"lower_bound: 175000, upper_bound: 199999","lower_bound: 300, upper_bound: 399",USD,"{""age"":""65+"",""gender"":""male"",""percentage"":9.0e-6},{""age"":""45-54"",""gender"":""female"",""percentage"":0.195344},{""age"":""18-24"",""gender"":""unknown"",""percentage"":0.000291},{""age"":""55-64"",""gender"":""male"",""percentage"":0.001713},{""age"":""35-44"",""gender"":""unknown"",""percentage"":0.000865},{""age"":""25-34"",""gender"":""female"",""percentage"":0.27446},{""age"":""35-44"",""gender"":""female"",""percentage"":0.271839},{""age"":""45-54"",""gender"":""male"",""percentage"":0.023366},{""age"":""18-24"",""gender"":""female"",""percentage"":0.085017},{""age"":""65+"",""gender"":""female"",""percentage"":7.7e-5},{""age"":""25-34"",""gender"":""male"",""percentage"":0.063998},{""age"":""35-44"",""gender"":""male"",""percentage"":0.045429},{""age"":""55-64"",""gender"":""female"",""percentage"":0.017695},{""age"":""18-24"",""gender"":""male"",""percentage"":0.01886},{""age"":""45-54"",""gender"":""unknown"",""percentage"":0.000403},{""age"":""25-34"",""gender"":""unknown"",""percentage"":0.000608},{""age"":""55-64"",""gender"":""unknown"",""percentage"":2.6e-5}","{""region"":""Los R\u00edos Region"",""percentage"":0.039209},{""region"":""Arica y Parinacota Region"",""percentage"":0.016544},{""region"":""Valpara\u00edso Region"",""percentage"":0.074651},{""region"":""Ays\u00e9n Region"",""percentage"":0.008649},{""region"":""Antofagasta Region"",""percentage"":0.050127},{""region"":""Araucan\u00eda Region"",""percentage"":0.105829},{""region"":""Atacama Region"",""percentage"":0.024516},{""region"":""B\u00edo B\u00edo Region"",""percentage"":0.200457},{""region"":""Coquimbo Region"",""percentage"":0.061533},{""region"":""O'Higgins Region"",""percentage"":0.069633},{""region"":""Los Lagos Region"",""percentage"":0.094286},{""region"":""Magallanes y la Ant\u00e1rtica Chilena Region"",""percentage"":0.012639},{""region"":""Maule Region"",""percentage"":0.119752},{""region"":""Santiago Metropolitan Region"",""percentage"":0.08699},{""region"":""Tarapac\u00e1 Region"",""percentage"":0.035185}","facebook,instagram","lower_bound: 500001, upper_bound: 1000000",es
624741172019902,103820310982935,"Sichel Presidente",2021-10-25,2021-10-25,2021-11-01,"Sebastián Sichel Ramirez","Para ser Presidente de Chile tienes que haber vivido lo que viven millones de chilenos. #SePuede #SichelPresidente. 🇨🇱",,,,"lower_bound: 90000, upper_bound: 99999","lower_bound: 100, upper_bound: 199",USD,"{""age"":""65+"",""gender"":""male"",""percentage"":1.5e-5},{""age"":""45-54"",""gender"":""male"",""percentage"":0.043263},{""age"":""55-64"",""gender"":""unknown"",""percentage"":5.9e-5},{""age"":""65+"",""gender"":""female"",""percentage"":4.4e-5},{""age"":""25-34"",""gender"":""unknown"",""percentage"":0.001139},{""age"":""55-64"",""gender"":""male"",""percentage"":0.00321},{""age"":""45-54"",""gender"":""unknown"",""percentage"":0.00071},{""age"":""35-44"",""gender"":""unknown"",""percentage"":0.00108},{""age"":""25-34"",""gender"":""male"",""percentage"":0.138576},{""age"":""55-64"",""gender"":""female"",""percentage"":0.010768},{""age"":""18-24"",""gender"":""female"",""percentage"":0.08419},{""age"":""25-34"",""gender"":""female"",""percentage"":0.26776},{""age"":""35-44"",""gender"":""female"",""percentage"":0.186543},{""age"":""35-44"",""gender"":""male"",""percentage"":0.076691},{""age"":""18-24"",""gender"":""male"",""percentage"":0.040764},{""age"":""45-54"",""gender"":""female"",""percentage"":0.144759},{""age"":""18-24"",""gender"":""unknown"",""percentage"":0.000429}","{""region"":""Los R\u00edos Region"",""percentage"":0.037041},{""region"":""Arica y Parinacota Region"",""percentage"":0.018386},{""region"":""Valpara\u00edso Region"",""percentage"":0.065914},{""region"":""Ays\u00e9n Region"",""percentage"":0.007704},{""region"":""Antofagasta Region"",""percentage"":0.053587},{""region"":""Araucan\u00eda Region"",""percentage"":0.105318},{""region"":""Atacama Region"",""percentage"":0.025911},{""region"":""B\u00edo B\u00edo Region"",""percentage"":0.217204},{""region"":""Coquimbo Region"",""percentage"":0.06156},{""region"":""O'Higgins Region"",""percentage"":0.068068},{""region"":""Los Lagos Region"",""percentage"":0.092034},{""region"":""Magallanes y la Ant\u00e1rtica Chilena Region"",""percentage"":0.012477},{""region"":""Maule Region"",""percentage"":0.121939},{""region"":""Santiago Metropolitan Region"",""percentage"":0.074067},{""region"":""Tarapac\u00e1 Region"",""percentage"":0.038791}","facebook,instagram","lower_bound: 500001, upper_bound: 1000000",es
1016877099095357,103820310982935,"Sichel Presidente",2021-10-25,2021-10-25,2021-11-02,"Sebastián Sichel Ramirez","Para ser Presidente de Chile tienes que haber vivido lo que viven millones de chilenos. #SePuede #SichelPresidente. 🇨🇱",,,,"lower_bound: 60000, upper_bound: 69999","lower_bound: 100, upper_bound: 199",USD,"{""age"":""18-24"",""gender"":""female"",""percentage"":0.017138},{""age"":""65+"",""gender"":""male"",""percentage"":0.043555},{""age"":""45-54"",""gender"":""unknown"",""percentage"":0.004706},{""age"":""55-64"",""gender"":""male"",""percentage"":0.059582},{""age"":""45-54"",""gender"":""female"",""percentage"":0.098897},{""age"":""45-54"",""gender"":""male"",""percentage"":0.095012},{""age"":""65+"",""gender"":""female"",""percentage"":0.037938},{""age"":""35-44"",""gender"":""female"",""percentage"":0.128244},{""age"":""25-34"",""gender"":""male"",""percentage"":0.150665},{""age"":""25-34"",""gender"":""unknown"",""percentage"":0.002109},{""age"":""35-44"",""gender"":""male"",""percentage"":0.147113},{""age"":""25-34"",""gender"":""female"",""percentage"":0.117988},{""age"":""55-64"",""gender"":""female"",""percentage"":0.066753},{""age"":""55-64"",""gender"":""unknown"",""percentage"":0.002198},{""age"":""18-24"",""gender"":""male"",""percentage"":0.020046},{""age"":""65+"",""gender"":""unknown"",""percentage"":0.001154},{""age"":""35-44"",""gender"":""unknown"",""percentage"":0.006549},{""age"":""18-24"",""gender"":""unknown"",""percentage"":0.000355}","{""region"":""Los R\u00edos Region"",""percentage"":0.034007},{""region"":""Arica y Parinacota Region"",""percentage"":0.019081},{""region"":""Valpara\u00edso Region"",""percentage"":0.047591},{""region"":""Ays\u00e9n Region"",""percentage"":0.011842},{""region"":""Antofagasta Region"",""percentage"":0.087407},{""region"":""Araucan\u00eda Region"",""percentage"":0.114041},{""region"":""Atacama Region"",""percentage"":0.028063},{""region"":""B\u00edo B\u00edo Region"",""percentage"":0.291559},{""region"":""Coquimbo Region"",""percentage"":0.08991},{""region"":""O'Higgins Region"",""percentage"":0.032979},{""region"":""Los Lagos Region"",""percentage"":0.069153},{""region"":""Magallanes y la Ant\u00e1rtica Chilena Region"",""percentage"":0.025427},{""region"":""Maule Region"",""percentage"":0.072527},{""region"":""Santiago Metropolitan Region"",""percentage"":0.031862},{""region"":""Tarapac\u00e1 Region"",""percentage"":0.044553}","facebook,instagram","lower_bound: 500001, upper_bound: 1000000",es
992289704682145,103820310982935,"Sichel Presidente",2021-10-25,2021-10-25,2021-11-01,"Sebastián Sichel Ramirez","Para ser Presidente de Chile tienes que haber vivido lo que viven millones de chilenos. #SePuede #SichelPresidente. 🇨🇱",,,,"lower_bound: 90000, upper_bound: 99999","lower_bound: 300, upper_bound: 399",USD,"{""age"":""65+"",""gender"":""female"",""percentage"":0.008797},{""age"":""18-24"",""gender"":""female"",""percentage"":0.007963},{""age"":""55-64"",""gender"":""unknown"",""percentage"":0.001976},{""age"":""18-24"",""gender"":""unknown"",""percentage"":0.000395},{""age"":""55-64"",""gender"":""female"",""percentage"":0.017507},{""age"":""55-64"",""gender"":""male"",""percentage"":0.045056},{""age"":""25-34"",""gender"":""unknown"",""percentage"":0.004509},{""age"":""35-44"",""gender"":""female"",""percentage"":0.092937},{""age"":""25-34"",""gender"":""female"",""percentage"":0.12861},{""age"":""65+"",""gender"":""male"",""percentage"":0.022938},{""age"":""45-54"",""gender"":""female"",""percentage"":0.031325},{""age"":""25-34"",""gender"":""male"",""percentage"":0.281285},{""age"":""18-24"",""gender"":""male"",""percentage"":0.01761},{""age"":""35-44"",""gender"":""male"",""percentage"":0.230081},{""age"":""45-54"",""gender"":""male"",""percentage"":0.090405},{""age"":""35-44"",""gender"":""unknown"",""percentage"":0.011901},{""age"":""45-54"",""gender"":""unknown"",""percentage"":0.005606},{""age"":""65+"",""gender"":""unknown"",""percentage"":0.001098}","{""region"":""Los R\u00edos Region"",""percentage"":0.013056},{""region"":""Arica y Parinacota Region"",""percentage"":0.008588},{""region"":""Valpara\u00edso Region"",""percentage"":0.076897},{""region"":""Ays\u00e9n Region"",""percentage"":0.003409},{""region"":""Antofagasta Region"",""percentage"":0.027997},{""region"":""Araucan\u00eda Region"",""percentage"":0.033408},{""region"":""Atacama Region"",""percentage"":0.010444},{""region"":""B\u00edo B\u00edo Region"",""percentage"":0.098686},{""region"":""Coquimbo Region"",""percentage"":0.024095},{""region"":""O'Higgins Region"",""percentage"":0.039849},{""region"":""Los Lagos Region"",""percentage"":0.021121},{""region"":""Magallanes y la Ant\u00e1rtica Chilena Region"",""percentage"":0.010865},{""region"":""Maule Region"",""percentage"":0.045346},{""region"":""Santiago Metropolitan Region"",""percentage"":0.574634},{""region"":""Tarapac\u00e1 Region"",""percentage"":0.011605}","facebook,instagram","lower_bound: 500001, upper_bound: 1000000",es
586959369017745,103820310982935,"Sichel Presidente",2021-10-25,2021-10-25,2021-11-01,"Sebastián Sichel Ramirez","El 21 de noviembre, con la fuerza de millones que quieren cambios en paz y en orden, vamos a defender la libertad. #SePuede #SichelPresidente.",,,,"lower_bound: 125000, upper_bound: 149999","lower_bound: 400, upper_bound: 499",USD,"{""age"":""18-24"",""gender"":""unknown"",""percentage"":7.0e-5},{""age"":""55-64"",""gender"":""male"",""percentage"":0.038716},{""age"":""25-34"",""gender"":""unknown"",""percentage"":0.00117},{""age"":""55-64"",""gender"":""unknown"",""percentage"":0.001633},{""age"":""18-24"",""gender"":""male"",""percentage"":0.0038},{""age"":""45-54"",""gender"":""unknown"",""percentage"":0.002885},{""age"":""25-34"",""gender"":""female"",""percentage"":0.168509},{""age"":""25-34"",""gender"":""male"",""percentage"":0.073365},{""age"":""35-44"",""gender"":""male"",""percentage"":0.097716},{""age"":""65+"",""gender"":""male"",""percentage"":0.016728},{""age"":""45-54"",""gender"":""female"",""percentage"":0.153032},{""age"":""65+"",""gender"":""female"",""percentage"":0.037152},{""age"":""35-44"",""gender"":""female"",""percentage"":0.226675},{""age"":""45-54"",""gender"":""male"",""percentage"":0.06083},{""age"":""18-24"",""gender"":""female"",""percentage"":0.008538},{""age"":""35-44"",""gender"":""unknown"",""percentage"":0.004101},{""age"":""55-64"",""gender"":""female"",""percentage"":0.104435},{""age"":""65+"",""gender"":""unknown"",""percentage"":0.000649}","{""region"":""Los R\u00edos Region"",""percentage"":0.015751},{""region"":""Santiago Metropolitan Region"",""percentage"":0.57068},{""region"":""Arica y Parinacota Region"",""percentage"":0.005231},{""region"":""Valpara\u00edso Region"",""percentage"":0.089262},{""region"":""Ays\u00e9n Region"",""percentage"":0.003433},{""region"":""Antofagasta Region"",""percentage"":0.009644},{""region"":""Araucan\u00eda Region"",""percentage"":0.048712},{""region"":""Atacama Region"",""percentage"":0.006667},{""region"":""B\u00edo B\u00edo Region"",""percentage"":0.089273},{""region"":""Coquimbo Region"",""percentage"":0.019744},{""region"":""O'Higgins Region"",""percentage"":0.052028},{""region"":""Los Lagos Region"",""percentage"":0.018296},{""region"":""Magallanes y la Ant\u00e1rtica Chilena Region"",""percentage"":0.007729},{""region"":""Maule Region"",""percentage"":0.056172},{""region"":""Tarapac\u00e1 Region"",""percentage"":0.007379}","facebook,instagram","lower_bound: 500001, upper_bound: 1000000",es
466325404680068,103820310982935,"Sichel Presidente",2021-10-25,2021-10-25,2021-10-30,"Sebastián Sichel Ramirez","El 21 de noviembre, con la fuerza de millones que quieren cambios en paz y en orden, vamos a defender la libertad. #SePuede #SichelPresidente.",,,,"lower_bound: 200000, upper_bound: 249999","lower_bound: 400, upper_bound: 499",USD,"{""age"":""55-64"",""gender"":""unknown"",""percentage"":3.2e-5},{""age"":""25-34"",""gender"":""unknown"",""percentage"":0.001019},{""age"":""55-64"",""gender"":""male"",""percentage"":0.004171},{""age"":""35-44"",""gender"":""female"",""percentage"":0.231762},{""age"":""45-54"",""gender"":""female"",""percentage"":0.160059},{""age"":""25-34"",""gender"":""female"",""percentage"":0.257276},{""age"":""25-34"",""gender"":""male"",""percentage"":0.107964},{""age"":""35-44"",""gender"":""male"",""percentage"":0.079488},{""age"":""45-54"",""gender"":""male"",""percentage"":0.048752},{""age"":""65+"",""gender"":""male"",""percentage"":5.6e-5},{""age"":""18-24"",""gender"":""female"",""percentage"":0.068654},{""age"":""55-64"",""gender"":""female"",""percentage"":0.017848},{""age"":""18-24"",""gender"":""male"",""percentage"":0.019886},{""age"":""35-44"",""gender"":""unknown"",""percentage"":0.00117},{""age"":""18-24"",""gender"":""unknown"",""percentage"":0.000326},{""age"":""65+"",""gender"":""female"",""percentage"":0.000939},{""age"":""45-54"",""gender"":""unknown"",""percentage"":0.000597}","{""region"":""Los R\u00edos Region"",""percentage"":0.037948},{""region"":""Arica y Parinacota Region"",""percentage"":0.016388},{""region"":""Valpara\u00edso Region"",""percentage"":0.064593},{""region"":""Ays\u00e9n Region"",""percentage"":0.00967},{""region"":""Antofagasta Region"",""percentage"":0.051978},{""region"":""Araucan\u00eda Region"",""percentage"":0.112315},{""region"":""Atacama Region"",""percentage"":0.027876},{""region"":""B\u00edo B\u00edo Region"",""percentage"":0.251549},{""region"":""Coquimbo Region"",""percentage"":0.062783},{""region"":""O'Higgins Region"",""percentage"":0.063989},{""region"":""Los Lagos Region"",""percentage"":0.092814},{""region"":""Magallanes y la Ant\u00e1rtica Chilena Region"",""percentage"":0.01399},{""region"":""Maule Region"",""percentage"":0.11863},{""region"":""Santiago Metropolitan Region"",""percentage"":0.040289},{""region"":""Tarapac\u00e1 Region"",""percentage"":0.035188}","facebook,instagram","lower_bound: 100001, upper_bound: 500000",es
883622229212137,103820310982935,"Sichel Presidente",2021-10-25,2021-10-25,2021-11-01,"Sebastián Sichel Ramirez","El 21 de noviembre, con la fuerza de millones que quieren cambios en paz y en orden, vamos a defender la libertad. #SePuede #SichelPresidente.",,,,"lower_bound: 100000, upper_bound: 124999","lower_bound: 400, upper_bound: 499",USD,"{""age"":""35-44"",""gender"":""unknown"",""percentage"":0.015513},{""age"":""35-44"",""gender"":""male"",""percentage"":0.171131},{""age"":""65+"",""gender"":""unknown"",""percentage"":0.00196},{""age"":""45-54"",""gender"":""unknown"",""percentage"":0.008494},{""age"":""18-24"",""gender"":""male"",""percentage"":0.018203},{""age"":""45-54"",""gender"":""female"",""percentage"":0.065228},{""age"":""45-54"",""gender"":""male"",""percentage"":0.076183},{""age"":""18-24"",""gender"":""female"",""percentage"":0.010271},{""age"":""55-64"",""gender"":""unknown"",""percentage"":0.003236},{""age"":""65+"",""gender"":""female"",""percentage"":0.023445},{""age"":""25-34"",""gender"":""male"",""percentage"":0.212186},{""age"":""35-44"",""gender"":""female"",""percentage"":0.139923},{""age"":""25-34"",""gender"":""female"",""percentage"":0.148051},{""age"":""55-64"",""gender"":""female"",""percentage"":0.042999},{""age"":""55-64"",""gender"":""male"",""percentage"":0.037074},{""age"":""65+"",""gender"":""male"",""percentage"":0.019889},{""age"":""25-34"",""gender"":""unknown"",""percentage"":0.00588},{""age"":""18-24"",""gender"":""unknown"",""percentage"":0.000334}","{""region"":""Los R\u00edos Region"",""percentage"":0.010783},{""region"":""Arica y Parinacota Region"",""percentage"":0.005473},{""region"":""Valpara\u00edso Region"",""percentage"":0.088153},{""region"":""Ays\u00e9n Region"",""percentage"":0.00354},{""region"":""Antofagasta Region"",""percentage"":0.021035},{""region"":""Araucan\u00eda Region"",""percentage"":0.022481},{""region"":""Atacama Region"",""percentage"":0.004661},{""region"":""B\u00edo B\u00edo Region"",""percentage"":0.052559},{""region"":""Coquimbo Region"",""percentage"":0.012037},{""region"":""O'Higgins Region"",""percentage"":0.025446},{""region"":""Los Lagos Region"",""percentage"":0.021183},{""region"":""Magallanes y la Ant\u00e1rtica Chilena Region"",""percentage"":0.009308},{""region"":""Maule Region"",""percentage"":0.026183},{""region"":""Santiago Metropolitan Region"",""percentage"":0.68813},{""region"":""Tarapac\u00e1 Region"",""percentage"":0.009028}","facebook,instagram","lower_bound: 500001, upper_bound: 1000000",es
1278878812589695,103820310982935,"Sichel Presidente",2021-10-25,2021-10-25,2021-11-02,"Sebastián Sichel Ramirez","El 21 de noviembre, con la fuerza de millones que quieren cambios en paz y en orden, vamos a defender la libertad. #SePuede #SichelPresidente.",,,,"lower_bound: 400000, upper_bound: 449999","lower_bound: 800, upper_bound: 899",USD,"{""age"":""65+"",""gender"":""female"",""percentage"":5.6e-5},{""age"":""35-44"",""gender"":""male"",""percentage"":0.06674},{""age"":""35-44"",""gender"":""unknown"",""percentage"":0.001368},{""age"":""45-54"",""gender"":""unknown"",""percentage"":0.000644},{""age"":""55-64"",""gender"":""male"",""percentage"":0.003089},{""age"":""18-24"",""gender"":""female"",""percentage"":0.074532},{""age"":""45-54"",""gender"":""male"",""percentage"":0.038862},{""age"":""45-54"",""gender"":""female"",""percentage"":0.174506},{""age"":""25-34"",""gender"":""female"",""percentage"":0.259711},{""age"":""65+"",""gender"":""male"",""percentage"":1.4e-5},{""age"":""25-34"",""gender"":""unknown"",""percentage"":0.000959},{""age"":""18-24"",""gender"":""unknown"",""percentage"":0.000362},{""age"":""55-64"",""gender"":""female"",""percentage"":0.014214},{""age"":""35-44"",""gender"":""female"",""percentage"":0.24386},{""age"":""25-34"",""gender"":""male"",""percentage"":0.095634},{""age"":""18-24"",""gender"":""male"",""percentage"":0.0254},{""age"":""55-64"",""gender"":""unknown"",""percentage"":4.7e-5}","{""region"":""Coquimbo Region"",""percentage"":0.062647},{""region"":""Los Lagos Region"",""percentage"":0.093045},{""region"":""Santiago Metropolitan Region"",""percentage"":0.092534},{""region"":""Los R\u00edos Region"",""percentage"":0.037116},{""region"":""Arica y Parinacota Region"",""percentage"":0.018602},{""region"":""Valpara\u00edso Region"",""percentage"":0.073786},{""region"":""Ays\u00e9n Region"",""percentage"":0.008378},{""region"":""Antofagasta Region"",""percentage"":0.054494},{""region"":""Araucan\u00eda Region"",""percentage"":0.100911},{""region"":""Atacama Region"",""percentage"":0.025016},{""region"":""B\u00edo B\u00edo Region"",""percentage"":0.203435},{""region"":""O'Higgins Region"",""percentage"":0.067148},{""region"":""Magallanes y la Ant\u00e1rtica Chilena Region"",""percentage"":0.012658},{""region"":""Maule Region"",""percentage"":0.113935},{""region"":""Tarapac\u00e1 Region"",""percentage"":0.036295}","facebook,instagram","lower_bound: 500001, upper_bound: 1000000",es
203458301917801,103820310982935,"Sichel Presidente",2021-10-25,2021-10-25,2021-10-30,"Sebastián Sichel Ramirez","El 21 de noviembre, con la fuerza de millones que quieren cambios en paz y en orden, vamos a defender la libertad. #SePuede #SichelPresidente.",,,,"lower_bound: 100000, upper_bound: 124999","lower_bound: 400, upper_bound: 499",USD,"{""age"":""18-24"",""gender"":""unknown"",""percentage"":0.000211},{""age"":""45-54"",""gender"":""male"",""percentage"":0.066774},{""age"":""55-64"",""gender"":""unknown"",""percentage"":0.004086},{""age"":""35-44"",""gender"":""unknown"",""percentage"":0.010644},{""age"":""35-44"",""gender"":""female"",""percentage"":0.148535},{""age"":""18-24"",""gender"":""female"",""percentage"":0.007237},{""age"":""25-34"",""gender"":""male"",""percentage"":0.124729},{""age"":""25-34"",""gender"":""female"",""percentage"":0.114235},{""age"":""65+"",""gender"":""female"",""percentage"":0.080901},{""age"":""45-54"",""gender"":""unknown"",""percentage"":0.006845},{""age"":""55-64"",""gender"":""female"",""percentage"":0.101722},{""age"":""65+"",""gender"":""male"",""percentage"":0.048004},{""age"":""35-44"",""gender"":""male"",""percentage"":0.121894},{""age"":""18-24"",""gender"":""male"",""percentage"":0.010765},{""age"":""55-64"",""gender"":""male"",""percentage"":0.055602},{""age"":""25-34"",""gender"":""unknown"",""percentage"":0.003603},{""age"":""45-54"",""gender"":""female"",""percentage"":0.091108},{""age"":""65+"",""gender"":""unknown"",""percentage"":0.003106}","{""region"":""Los R\u00edos Region"",""percentage"":0.010739},{""region"":""Arica y Parinacota Region"",""percentage"":0.004523},{""region"":""Valpara\u00edso Region"",""percentage"":0.092004},{""region"":""Ays\u00e9n Region"",""percentage"":0.003759},{""region"":""Antofagasta Region"",""percentage"":0.013749},{""region"":""Araucan\u00eda Region"",""percentage"":0.025731},{""region"":""Atacama Region"",""percentage"":0.004718},{""region"":""B\u00edo B\u00edo Region"",""percentage"":0.04556},{""region"":""Coquimbo Region"",""percentage"":0.014468},{""region"":""O'Higgins Region"",""percentage"":0.026195},{""region"":""Los Lagos Region"",""percentage"":0.021028},{""region"":""Magallanes y la Ant\u00e1rtica Chilena Region"",""percentage"":0.007818},{""region"":""Maule Region"",""percentage"":0.023948},{""region"":""Santiago Metropolitan Region"",""percentage"":0.698438},{""region"":""Tarapac\u00e1 Region"",""percentage"":0.007324}","facebook,instagram","lower_bound: 500001, upper_bound: 1000000",es
667203467565043,103820310982935,"Sichel Presidente",2021-10-25,2021-10-25,2021-11-01,"Sebastián Sichel Ramirez","El 21 de noviembre, con la fuerza de millones que quieren cambios en paz y en orden, vamos a defender la libertad. #SePuede #SichelPresidente.",,,,"lower_bound: 250000, upper_bound: 299999","lower_bound: 1000, upper_bound: 1499",USD,"{""age"":""18-24"",""gender"":""unknown"",""percentage"":0.000324},{""age"":""25-34"",""gender"":""female"",""percentage"":0.167042},{""age"":""55-64"",""gender"":""unknown"",""percentage"":0.002121},{""age"":""45-54"",""gender"":""female"",""percentage"":0.062496},{""age"":""18-24"",""gender"":""female"",""percentage"":0.01107},{""age"":""45-54"",""gender"":""male"",""percentage"":0.071814},{""age"":""18-24"",""gender"":""male"",""percentage"":0.013372},{""age"":""65+"",""gender"":""male"",""percentage"":0.018518},{""age"":""65+"",""gender"":""female"",""percentage"":0.022776},{""age"":""65+"",""gender"":""unknown"",""percentage"":0.001109},{""age"":""35-44"",""gender"":""male"",""percentage"":0.178174},{""age"":""55-64"",""gender"":""male"",""percentage"":0.039139},{""age"":""35-44"",""gender"":""female"",""percentage"":0.153385},{""age"":""25-34"",""gender"":""male"",""percentage"":0.195578},{""age"":""55-64"",""gender"":""female"",""percentage"":0.045831},{""age"":""25-34"",""gender"":""unknown"",""percentage"":0.003019},{""age"":""35-44"",""gender"":""unknown"",""percentage"":0.009256},{""age"":""45-54"",""gender"":""unknown"",""percentage"":0.004975}","{""region"":""Los R\u00edos Region"",""percentage"":0.013077},{""region"":""Arica y Parinacota Region"",""percentage"":0.007737},{""region"":""Valpara\u00edso Region"",""percentage"":0.079348},{""region"":""Ays\u00e9n Region"",""percentage"":0.003357},{""region"":""Antofagasta Region"",""percentage"":0.027392},{""region"":""Araucan\u00eda Region"",""percentage"":0.034192},{""region"":""Atacama Region"",""percentage"":0.010435},{""region"":""B\u00edo B\u00edo Region"",""percentage"":0.091272},{""region"":""Coquimbo Region"",""percentage"":0.023308},{""region"":""O'Higgins Region"",""percentage"":0.040032},{""region"":""Los Lagos Region"",""percentage"":0.02049},{""region"":""Magallanes y la Ant\u00e1rtica Chilena Region"",""percentage"":0.010634},{""region"":""Maule Region"",""percentage"":0.042395},{""region"":""Santiago Metropolitan Region"",""percentage"":0.584946},{""region"":""Tarapac\u00e1 Region"",""percentage"":0.011384}","facebook,instagram","lower_bound: 500001, upper_bound: 1000000",es
247763627395646,103820310982935,"Sichel Presidente",2021-10-25,2021-10-25,2021-11-01,"Sebastián Sichel Ramirez","El 21 de noviembre, con la fuerza de millones que quieren cambios en paz y en orden, vamos a defender la libertad. #SePuede #SichelPresidente.",,,,"lower_bound: 300000, upper_bound: 349999","lower_bound: 1000, upper_bound: 1499",USD,"{""age"":""18-24"",""gender"":""unknown"",""percentage"":0.000272},{""age"":""65+"",""gender"":""female"",""percentage"":0.050683},{""age"":""45-54"",""gender"":""unknown"",""percentage"":0.003675},{""age"":""18-24"",""gender"":""female"",""percentage"":0.019582},{""age"":""45-54"",""gender"":""male"",""percentage"":0.067915},{""age"":""55-64"",""gender"":""female"",""percentage"":0.089278},{""age"":""25-34"",""gender"":""unknown"",""percentage"":0.001761},{""age"":""45-54"",""gender"":""female"",""percentage"":0.118742},{""age"":""55-64"",""gender"":""male"",""percentage"":0.04534},{""age"":""65+"",""gender"":""unknown"",""percentage"":0.00135},{""age"":""18-24"",""gender"":""male"",""percentage"":0.014249},{""age"":""25-34"",""gender"":""female"",""percentage"":0.150351},{""age"":""25-34"",""gender"":""male"",""percentage"":0.111668},{""age"":""35-44"",""gender"":""male"",""percentage"":0.109086},{""age"":""35-44"",""gender"":""female"",""percentage"":0.175374},{""age"":""65+"",""gender"":""male"",""percentage"":0.033621},{""age"":""35-44"",""gender"":""unknown"",""percentage"":0.005025},{""age"":""55-64"",""gender"":""unknown"",""percentage"":0.002028}","{""region"":""Los R\u00edos Region"",""percentage"":0.032175},{""region"":""B\u00edo B\u00edo Region"",""percentage"":0.262264},{""region"":""Coquimbo Region"",""percentage"":0.094329},{""region"":""Arica y Parinacota Region"",""percentage"":0.018979},{""region"":""Valpara\u00edso Region"",""percentage"":0.065812},{""region"":""Ays\u00e9n Region"",""percentage"":0.012114},{""region"":""Antofagasta Region"",""percentage"":0.078295},{""region"":""Araucan\u00eda Region"",""percentage"":0.107997},{""region"":""Atacama Region"",""percentage"":0.027424},{""region"":""O'Higgins Region"",""percentage"":0.039481},{""region"":""Los Lagos Region"",""percentage"":0.071918},{""region"":""Magallanes y la Ant\u00e1rtica Chilena Region"",""percentage"":0.025151},{""region"":""Maule Region"",""percentage"":0.07376},{""region"":""Santiago Metropolitan Region"",""percentage"":0.04806},{""region"":""Tarapac\u00e1 Region"",""percentage"":0.042242}","facebook,instagram","lower_bound: 500001, upper_bound: 1000000",es
596352248170950,103820310982935,"Sichel Presidente",2021-10-25,2021-10-25,2021-11-02,"Sebastián Sichel Ramirez","El 21 de noviembre, con la fuerza de millones que quieren cambios en paz y en orden, vamos a defender la libertad. #SePuede #SichelPresidente.",,,,"lower_bound: 200000, upper_bound: 249999","lower_bound: 400, upper_bound: 499",USD,"{""age"":""65+"",""gender"":""male"",""percentage"":1.6e-5},{""age"":""65+"",""gender"":""female"",""percentage"":4.1e-5},{""age"":""25-34"",""gender"":""female"",""percentage"":0.273668},{""age"":""45-54"",""gender"":""female"",""percentage"":0.172609},{""age"":""35-44"",""gender"":""female"",""percentage"":0.257146},{""age"":""45-54"",""gender"":""male"",""percentage"":0.032185},{""age"":""35-44"",""gender"":""male"",""percentage"":0.058909},{""age"":""55-64"",""gender"":""unknown"",""percentage"":2.5e-5},{""age"":""35-44"",""gender"":""unknown"",""percentage"":0.000876},{""age"":""18-24"",""gender"":""unknown"",""percentage"":0.000303},{""age"":""55-64"",""gender"":""male"",""percentage"":0.002325},{""age"":""45-54"",""gender"":""unknown"",""percentage"":0.000434},{""age"":""55-64"",""gender"":""female"",""percentage"":0.013075},{""age"":""18-24"",""gender"":""male"",""percentage"":0.023023},{""age"":""25-34"",""gender"":""male"",""percentage"":0.081621},{""age"":""25-34"",""gender"":""unknown"",""percentage"":0.000909},{""age"":""18-24"",""gender"":""female"",""percentage"":0.082833}","{""region"":""Los R\u00edos Region"",""percentage"":0.037442},{""region"":""Arica y Parinacota Region"",""percentage"":0.017381},{""region"":""Ays\u00e9n Region"",""percentage"":0.00886},{""region"":""Araucan\u00eda Region"",""percentage"":0.104276},{""region"":""O'Higgins Region"",""percentage"":0.069035},{""region"":""Magallanes y la Ant\u00e1rtica Chilena Region"",""percentage"":0.011648},{""region"":""Maule Region"",""percentage"":0.120921},{""region"":""Valpara\u00edso Region"",""percentage"":0.071748},{""region"":""Antofagasta Region"",""percentage"":0.049296},{""region"":""Atacama Region"",""percentage"":0.025298},{""region"":""B\u00edo B\u00edo Region"",""percentage"":0.204796},{""region"":""Coquimbo Region"",""percentage"":0.060977},{""region"":""Los Lagos Region"",""percentage"":0.097923},{""region"":""Santiago Metropolitan Region"",""percentage"":0.085762},{""region"":""Tarapac\u00e1 Region"",""percentage"":0.034637}","facebook,instagram","lower_bound: 500001, upper_bound: 1000000",es
611818373166335,103820310982935,"Sichel Presidente",2021-10-19,2021-10-19,2021-10-20,"Sebastián Sichel Ramirez","Cuesta ganase los porotos. Por eso vamos a devolver el IVA en alimentos y medicamentos. #SePuedeClaroQueSePuede","Cuesta Ganarse Los Porotos",sichelpresidente.cl,,"lower_bound: 0, upper_bound: 999","lower_bound: 0, upper_bound: 99",USD,,,"facebook,instagram","lower_bound: 10001, upper_bound: 50000",es
631324751608443,103820310982935,"Sichel Presidente",2021-10-19,2021-10-19,2021-10-20,"Sebastián Sichel Ramirez","Les presento a Eva. Como ella hay miles de emprendedores y miles de mujeres luchadoras. De eso se trata esta campaña, de acompañar mejor a quienes no hemos escuchado. #SePuede","Una emprendedora por naturaleza",,,"lower_bound: 0, upper_bound: 999","lower_bound: 0, upper_bound: 99",USD,,,"facebook,instagram","lower_bound: 10001, upper_bound: 50000",es
6207954935941522,103820310982935,"Sichel Presidente",2021-10-19,2021-10-19,2021-10-20,"Sebastián Sichel Ramirez","Gracias Elvira por compartir tu historia de vida y la importancia de la prevención del #CáncerdeMama junto a otras mujeres. Nuestro programa de Salud acelerará el tratamiento, la detección, cobertura y priorización de pacientes oncológicos. #SichelContigo",,,,"lower_bound: 0, upper_bound: 999","lower_bound: 0, upper_bound: 99",USD,"{""age"":""55-64"",""gender"":""female"",""percentage"":0.027778},{""age"":""18-24"",""gender"":""female"",""percentage"":0.037037},{""age"":""45-54"",""gender"":""female"",""percentage"":0.314815},{""age"":""35-44"",""gender"":""female"",""percentage"":0.342593},{""age"":""25-34"",""gender"":""female"",""percentage"":0.277778}","{""region"":""Arica y Parinacota Region"",""percentage"":0.046296},{""region"":""Valpara\u00edso Region"",""percentage"":0.018519},{""region"":""Ays\u00e9n Region"",""percentage"":0.009259},{""region"":""Antofagasta Region"",""percentage"":0.083333},{""region"":""Araucan\u00eda Region"",""percentage"":0.166667},{""region"":""Atacama Region"",""percentage"":0.046296},{""region"":""B\u00edo B\u00edo Region"",""percentage"":0.305556},{""region"":""Coquimbo Region"",""percentage"":0.092593},{""region"":""O'Higgins Region"",""percentage"":0.055556},{""region"":""Los Lagos Region"",""percentage"":0.009259},{""region"":""Maule Region"",""percentage"":0.027778},{""region"":""Santiago Metropolitan Region"",""percentage"":0.12963},{""region"":""Tarapac\u00e1 Region"",""percentage"":0.009259}","facebook,instagram","lower_bound: 10001, upper_bound: 50000",es
362683038936741,103820310982935,"Sichel Presidente",2021-10-19,2021-10-19,2021-10-20,"Sebastián Sichel Ramirez","35 compromisos por un Chile mejor y 6 pilares claves para dar certezas a los cambios que queremos liderar #SePuede",,,,"lower_bound: 0, upper_bound: 999","lower_bound: 0, upper_bound: 99",USD,,,"facebook,instagram","lower_bound: 10001, upper_bound: 50000",es
1590772377937885,103820310982935,"Sichel Presidente",2021-10-19,2021-10-19,2021-10-20,"Sebastián Sichel Ramirez","Les presento a Eva. Como ella hay miles de emprendedores y miles de mujeres luchadoras. De eso se trata esta campaña, de acompañar mejor a quienes no hemos escuchado. #SePuede","Una emprendedora por naturaleza",,,"lower_bound: 20000, upper_bound: 24999","lower_bound: 0, upper_bound: 99",USD,"{""age"":""55-64"",""gender"":""female"",""percentage"":0.028314},{""age"":""35-44"",""gender"":""female"",""percentage"":0.247464},{""age"":""45-54"",""gender"":""female"",""percentage"":0.24199},{""age"":""25-34"",""gender"":""female"",""percentage"":0.340475},{""age"":""18-24"",""gender"":""female"",""percentage"":0.141758}","{""region"":""Los R\u00edos Region"",""percentage"":0.016635},{""region"":""Arica y Parinacota Region"",""percentage"":0.019423},{""region"":""Valpara\u00edso Region"",""percentage"":0.068998},{""region"":""Ays\u00e9n Region"",""percentage"":0.002599},{""region"":""Antofagasta Region"",""percentage"":0.04173},{""region"":""Araucan\u00eda Region"",""percentage"":0.0612},{""region"":""Atacama Region"",""percentage"":0.017391},{""region"":""B\u00edo B\u00edo Region"",""percentage"":0.103828},{""region"":""Coquimbo Region"",""percentage"":0.042817},{""region"":""O'Higgins Region"",""percentage"":0.050473},{""region"":""Los Lagos Region"",""percentage"":0.047164},{""region"":""Magallanes y la Ant\u00e1rtica Chilena Region"",""percentage"":0.005293},{""region"":""Maule Region"",""percentage"":0.069282},{""region"":""Santiago Metropolitan Region"",""percentage"":0.423913},{""region"":""Tarapac\u00e1 Region"",""percentage"":0.029253}","facebook,instagram","lower_bound: 500001, upper_bound: 1000000",es
401311124951985,103820310982935,"Sichel Presidente",2021-10-19,2021-10-19,2021-10-20,"Sebastián Sichel Ramirez","La discapacidad no puede tener políticas públicas olvidadas, se necesita una mayor y real integración. En esta campaña decimos #SePuede!",,,,"lower_bound: 6000, upper_bound: 6999","lower_bound: 0, upper_bound: 99",USD,"{""age"":""35-44"",""gender"":""female"",""percentage"":0.261787},{""age"":""18-24"",""gender"":""female"",""percentage"":0.267835},{""age"":""25-34"",""gender"":""female"",""percentage"":0.305986},{""age"":""45-54"",""gender"":""female"",""percentage"":0.154001},{""age"":""55-64"",""gender"":""female"",""percentage"":0.010391}","{""region"":""Los R\u00edos Region"",""percentage"":0.015209},{""region"":""Arica y Parinacota Region"",""percentage"":0.018061},{""region"":""Valpara\u00edso Region"",""percentage"":0.073511},{""region"":""Ays\u00e9n Region"",""percentage"":0.003961},{""region"":""Antofagasta Region"",""percentage"":0.041825},{""region"":""Araucan\u00eda Region"",""percentage"":0.059094},{""region"":""Atacama Region"",""percentage"":0.022338},{""region"":""B\u00edo B\u00edo Region"",""percentage"":0.115177},{""region"":""Coquimbo Region"",""percentage"":0.043093},{""region"":""O'Higgins Region"",""percentage"":0.053074},{""region"":""Los Lagos Region"",""percentage"":0.05339},{""region"":""Magallanes y la Ant\u00e1rtica Chilena Region"",""percentage"":0.006179},{""region"":""Maule Region"",""percentage"":0.088878},{""region"":""Santiago Metropolitan Region"",""percentage"":0.375634},{""region"":""Tarapac\u00e1 Region"",""percentage"":0.030577}","facebook,instagram","lower_bound: 500001, upper_bound: 1000000",es
603006384176979,103820310982935,"Sichel Presidente",2021-10-19,2021-10-19,2021-10-20,"Sebastián Sichel Ramirez","Cuesta ganase los porotos. Por eso vamos a devolver el IVA en alimentos y medicamentos. #SePuedeClaroQueSePuede","Cuesta Ganarse Los Porotos",sichelpresidente.cl,,"lower_bound: 10000, upper_bound: 14999","lower_bound: 0, upper_bound: 99",USD,"{""age"":""55-64"",""gender"":""female"",""percentage"":0.015035},{""age"":""45-54"",""gender"":""female"",""percentage"":0.160567},{""age"":""18-24"",""gender"":""female"",""percentage"":0.180142},{""age"":""25-34"",""gender"":""female"",""percentage"":0.386761},{""age"":""35-44"",""gender"":""female"",""percentage"":0.257494}","{""region"":""Los R\u00edos Region"",""percentage"":0.021277},{""region"":""Arica y Parinacota Region"",""percentage"":0.016144},{""region"":""Valpara\u00edso Region"",""percentage"":0.078481},{""region"":""Ays\u00e9n Region"",""percentage"":0.002613},{""region"":""Antofagasta Region"",""percentage"":0.043206},{""region"":""Araucan\u00eda Region"",""percentage"":0.079041},{""region"":""Atacama Region"",""percentage"":0.018384},{""region"":""B\u00edo B\u00edo Region"",""percentage"":0.124767},{""region"":""Coquimbo Region"",""percentage"":0.052538},{""region"":""O'Higgins Region"",""percentage"":0.06523},{""region"":""Los Lagos Region"",""percentage"":0.067189},{""region"":""Magallanes y la Ant\u00e1rtica Chilena Region"",""percentage"":0.010265},{""region"":""Maule Region"",""percentage"":0.083053},{""region"":""Santiago Metropolitan Region"",""percentage"":0.31159},{""region"":""Tarapac\u00e1 Region"",""percentage"":0.026222}","facebook,instagram","lower_bound: 500001, upper_bound: 1000000",es
971190433832918,103820310982935,"Sichel Presidente",2021-10-19,2021-10-19,2021-10-20,"Sebastián Sichel Ramirez","En esta campaña las mujeres están al centro de nuestras propuestas y programa.","Mujeres al centro",,,"lower_bound: 15000, upper_bound: 19999","lower_bound: 0, upper_bound: 99",USD,"{""age"":""35-44"",""gender"":""female"",""percentage"":0.31243},{""age"":""55-64"",""gender"":""female"",""percentage"":0.041092},{""age"":""45-54"",""gender"":""female"",""percentage"":0.361998},{""age"":""25-34"",""gender"":""female"",""percentage"":0.208304},{""age"":""18-24"",""gender"":""female"",""percentage"":0.076176}","{""region"":""Los R\u00edos Region"",""percentage"":0.023598},{""region"":""Arica y Parinacota Region"",""percentage"":0.014388},{""region"":""Valpara\u00edso Region"",""percentage"":0.072974},{""region"":""Ays\u00e9n Region"",""percentage"":0.004796},{""region"":""Antofagasta Region"",""percentage"":0.031827},{""region"":""Araucan\u00eda Region"",""percentage"":0.070086},{""region"":""Atacama Region"",""percentage"":0.016132},{""region"":""B\u00edo B\u00edo Region"",""percentage"":0.124366},{""region"":""Coquimbo Region"",""percentage"":0.044362},{""region"":""O'Higgins Region"",""percentage"":0.054771},{""region"":""Los Lagos Region"",""percentage"":0.065181},{""region"":""Magallanes y la Ant\u00e1rtica Chilena Region"",""percentage"":0.006758},{""region"":""Maule Region"",""percentage"":0.087253},{""region"":""Santiago Metropolitan Region"",""percentage"":0.362418},{""region"":""Tarapac\u00e1 Region"",""percentage"":0.021091}","facebook,instagram","lower_bound: 500001, upper_bound: 1000000",es
211308094431260,103820310982935,"Sichel Presidente",2021-10-19,2021-10-19,2021-10-20,"Sebastián Sichel Ramirez","35 compromisos por un Chile mejor y 6 pilares claves para dar certezas a los cambios que queremos liderar #SePuede",,,,"lower_bound: 8000, upper_bound: 8999","lower_bound: 0, upper_bound: 99",USD,"{""age"":""35-44"",""gender"":""female"",""percentage"":0.249437},{""age"":""18-24"",""gender"":""female"",""percentage"":0.189183},{""age"":""25-34"",""gender"":""female"",""percentage"":0.286799},{""age"":""45-54"",""gender"":""female"",""percentage"":0.247064},{""age"":""55-64"",""gender"":""female"",""percentage"":0.027517}","{""region"":""Los R\u00edos Region"",""percentage"":0.015169},{""region"":""Arica y Parinacota Region"",""percentage"":0.019873},{""region"":""Valpara\u00edso Region"",""percentage"":0.065028},{""region"":""Ays\u00e9n Region"",""percentage"":0.002234},{""region"":""Antofagasta Region"",""percentage"":0.044567},{""region"":""Araucan\u00eda Region"",""percentage"":0.064323},{""region"":""Atacama Region"",""percentage"":0.019755},{""region"":""B\u00edo B\u00edo Region"",""percentage"":0.128763},{""region"":""Coquimbo Region"",""percentage"":0.043627},{""region"":""O'Higgins Region"",""percentage"":0.050564},{""region"":""Los Lagos Region"",""percentage"":0.059501},{""region"":""Magallanes y la Ant\u00e1rtica Chilena Region"",""percentage"":0.005527},{""region"":""Maule Region"",""percentage"":0.075494},{""region"":""Santiago Metropolitan Region"",""percentage"":0.377117},{""region"":""Tarapac\u00e1 Region"",""percentage"":0.028457}","facebook,instagram","lower_bound: 500001, upper_bound: 1000000",es
414690736719100,103820310982935,"Sichel Presidente",2021-10-19,2021-10-19,2021-10-20,"Sebastián Sichel Ramirez","Por un Chile donde ninguna mujer más aplace sus proyectos por culpa de un papá ausente que no paga la pensión de alimentos. Por un Chile donde ningún niño o niña tenga que perseguir lo que es un derecho. #SePuede","Un Chile para las mujeres",,,"lower_bound: 4000, upper_bound: 4999","lower_bound: 0, upper_bound: 99",USD,"{""age"":""45-54"",""gender"":""female"",""percentage"":0.134174},{""age"":""35-44"",""gender"":""female"",""percentage"":0.247248},{""age"":""25-34"",""gender"":""female"",""percentage"":0.427752},{""age"":""18-24"",""gender"":""female"",""percentage"":0.174083},{""age"":""55-64"",""gender"":""female"",""percentage"":0.016743}","{""region"":""Los R\u00edos Region"",""percentage"":0.014021},{""region"":""Arica y Parinacota Region"",""percentage"":0.023971},{""region"":""Valpara\u00edso Region"",""percentage"":0.061058},{""region"":""Ays\u00e9n Region"",""percentage"":0.002261},{""region"":""Antofagasta Region"",""percentage"":0.046133},{""region"":""Araucan\u00eda Region"",""percentage"":0.059701},{""region"":""Atacama Region"",""percentage"":0.016735},{""region"":""B\u00edo B\u00edo Region"",""percentage"":0.100407},{""region"":""Coquimbo Region"",""percentage"":0.041836},{""region"":""O'Higgins Region"",""percentage"":0.05156},{""region"":""Los Lagos Region"",""percentage"":0.052465},{""region"":""Magallanes y la Ant\u00e1rtica Chilena Region"",""percentage"":0.005654},{""region"":""Maule Region"",""percentage"":0.069652},{""region"":""Santiago Metropolitan Region"",""percentage"":0.422207},{""region"":""Tarapac\u00e1 Region"",""percentage"":0.032338}","facebook,instagram","lower_bound: 500001, upper_bound: 1000000",es
1029690370931030,103820310982935,"Sichel Presidente",2021-10-19,2021-10-19,2021-10-20,"Sebastián Sichel Ramirez","Gracias Elvira por compartir tu historia de vida y la importancia de la prevención del #CáncerdeMama junto a otras mujeres. Nuestro programa de Salud acelerará el tratamiento, la detección, cobertura y priorización de pacientes oncológicos. #SichelContigo",,,,"lower_bound: 30000, upper_bound: 34999","lower_bound: 100, upper_bound: 199",USD,"{""age"":""55-64"",""gender"":""female"",""percentage"":0.018464},{""age"":""18-24"",""gender"":""female"",""percentage"":0.194126},{""age"":""35-44"",""gender"":""female"",""percentage"":0.252933},{""age"":""25-34"",""gender"":""female"",""percentage"":0.365993},{""age"":""45-54"",""gender"":""female"",""percentage"":0.168484}","{""region"":""Los R\u00edos Region"",""percentage"":0.020884},{""region"":""Arica y Parinacota Region"",""percentage"":0.018702},{""region"":""Valpara\u00edso Region"",""percentage"":0.071344},{""region"":""Ays\u00e9n Region"",""percentage"":0.004121},{""region"":""Antofagasta Region"",""percentage"":0.04156},{""region"":""Araucan\u00eda Region"",""percentage"":0.073665},{""region"":""Atacama Region"",""percentage"":0.021057},{""region"":""B\u00edo B\u00edo Region"",""percentage"":0.11713},{""region"":""Coquimbo Region"",""percentage"":0.042356},{""region"":""O'Higgins Region"",""percentage"":0.053751},{""region"":""Los Lagos Region"",""percentage"":0.064418},{""region"":""Magallanes y la Ant\u00e1rtica Chilena Region"",""percentage"":0.007204},{""region"":""Maule Region"",""percentage"":0.071725},{""region"":""Santiago Metropolitan Region"",""percentage"":0.364376},{""region"":""Tarapac\u00e1 Region"",""percentage"":0.027707}","facebook,instagram","lower_bound: 500001, upper_bound: 1000000",es
253423203399584,103820310982935,"Sichel Presidente",2021-10-19,2021-10-19,2021-10-20,"Sebastián Sichel Ramirez","Gracias Elvira por compartir tu historia de vida y la importancia de la prevención del #CáncerdeMama junto a otras mujeres. Nuestro programa de Salud acelerará el tratamiento, la detección, cobertura y priorización de pacientes oncológicos. #SichelContigo",,,,"lower_bound: 15000, upper_bound: 19999","lower_bound: 0, upper_bound: 99",USD,"{""age"":""25-34"",""gender"":""female"",""percentage"":0.402371},{""age"":""45-54"",""gender"":""female"",""percentage"":0.170728},{""age"":""35-44"",""gender"":""female"",""percentage"":0.306553},{""age"":""18-24"",""gender"":""female"",""percentage"":0.105696},{""age"":""55-64"",""gender"":""female"",""percentage"":0.014653}","{""region"":""Los R\u00edos Region"",""percentage"":0.025846},{""region"":""Arica y Parinacota Region"",""percentage"":0.020601},{""region"":""Valpara\u00edso Region"",""percentage"":0.07689},{""region"":""Ays\u00e9n Region"",""percentage"":0.00465},{""region"":""Antofagasta Region"",""percentage"":0.058289},{""region"":""Araucan\u00eda Region"",""percentage"":0.100032},{""region"":""Atacama Region"",""percentage"":0.026279},{""region"":""B\u00edo B\u00edo Region"",""percentage"":0.166432},{""region"":""Coquimbo Region"",""percentage"":0.065643},{""region"":""O'Higgins Region"",""percentage"":0.075917},{""region"":""Los Lagos Region"",""percentage"":0.091922},{""region"":""Magallanes y la Ant\u00e1rtica Chilena Region"",""percentage"":0.007949},{""region"":""Maule Region"",""percentage"":0.103169},{""region"":""Santiago Metropolitan Region"",""percentage"":0.141019},{""region"":""Tarapac\u00e1 Region"",""percentage"":0.035363}","facebook,instagram","lower_bound: 500001, upper_bound: 1000000",es
310206950442902,103820310982935,"Sichel Presidente",2021-10-18,2021-10-18,2021-10-20,"Sebastián Sichel Ramirez","La discapacidad no puede tener políticas públicas olvidadas, se necesita una mayor y real integración. En esta campaña decimos #SePuede!",,,,"lower_bound: 1000, upper_bound: 1999","lower_bound: 0, upper_bound: 99",USD,"{""age"":""25-34"",""gender"":""female"",""percentage"":0.391433},{""age"":""35-44"",""gender"":""female"",""percentage"":0.288035},{""age"":""18-24"",""gender"":""female"",""percentage"":0.129985},{""age"":""45-54"",""gender"":""female"",""percentage"":0.172083},{""age"":""55-64"",""gender"":""female"",""percentage"":0.018464}","{""region"":""Los R\u00edos Region"",""percentage"":0.016393},{""region"":""Arica y Parinacota Region"",""percentage"":0.0231},{""region"":""Valpara\u00edso Region"",""percentage"":0.093145},{""region"":""Ays\u00e9n Region"",""percentage"":0.005216},{""region"":""Antofagasta Region"",""percentage"":0.052906},{""region"":""Araucan\u00eda Region"",""percentage"":0.075261},{""region"":""Atacama Region"",""percentage"":0.019374},{""region"":""B\u00edo B\u00edo Region"",""percentage"":0.171386},{""region"":""Coquimbo Region"",""percentage"":0.063338},{""region"":""O'Higgins Region"",""percentage"":0.061848},{""region"":""Los Lagos Region"",""percentage"":0.087928},{""region"":""Magallanes y la Ant\u00e1rtica Chilena Region"",""percentage"":0.008197},{""region"":""Maule Region"",""percentage"":0.102086},{""region"":""Santiago Metropolitan Region"",""percentage"":0.171386},{""region"":""Tarapac\u00e1 Region"",""percentage"":0.048435}","facebook,instagram","lower_bound: 500001, upper_bound: 1000000",es
189775926534636,103820310982935,"Sichel Presidente",2021-10-18,2021-10-18,2021-10-20,"Sebastián Sichel Ramirez","Cuesta ganase los porotos. Por eso vamos a devolver el IVA en alimentos y medicamentos. #SePuedeClaroQueSePuede","Cuesta Ganarse Los Porotos",sichelpresidente.cl,,"lower_bound: 1000, upper_bound: 1999","lower_bound: 0, upper_bound: 99",USD,"{""age"":""35-44"",""gender"":""female"",""percentage"":0.32615},{""age"":""45-54"",""gender"":""female"",""percentage"":0.266162},{""age"":""55-64"",""gender"":""female"",""percentage"":0.023296},{""age"":""25-34"",""gender"":""female"",""percentage"":0.33081},{""age"":""18-24"",""gender"":""female"",""percentage"":0.053582}","{""region"":""Los R\u00edos Region"",""percentage"":0.034767},{""region"":""Arica y Parinacota Region"",""percentage"":0.01591},{""region"":""Valpara\u00edso Region"",""percentage"":0.061285},{""region"":""Ays\u00e9n Region"",""percentage"":0.005893},{""region"":""Antofagasta Region"",""percentage"":0.047731},{""region"":""Araucan\u00eda Region"",""percentage"":0.108427},{""region"":""Atacama Region"",""percentage"":0.020035},{""region"":""B\u00edo B\u00edo Region"",""percentage"":0.208603},{""region"":""Coquimbo Region"",""percentage"":0.051856},{""region"":""O'Higgins Region"",""percentage"":0.079552},{""region"":""Los Lagos Region"",""percentage"":0.098409},{""region"":""Magallanes y la Ant\u00e1rtica Chilena Region"",""percentage"":0.011786},{""region"":""Maule Region"",""percentage"":0.119034},{""region"":""Santiago Metropolitan Region"",""percentage"":0.110194},{""region"":""Tarapac\u00e1 Region"",""percentage"":0.026517}","facebook,instagram","lower_bound: 500001, upper_bound: 1000000",es
306906497539401,103820310982935,"Sichel Presidente",2021-10-18,2021-10-18,2021-10-20,"Sebastián Sichel Ramirez","Por un Chile donde ninguna mujer más aplace sus proyectos por culpa de un papá ausente que no paga la pensión de alimentos. Por un Chile donde ningún niño o niña tenga que perseguir lo que es un derecho. #SePuede","Un Chile para las mujeres",,,"lower_bound: 3000, upper_bound: 3999","lower_bound: 0, upper_bound: 99",USD,"{""age"":""55-64"",""gender"":""female"",""percentage"":0.009689},{""age"":""18-24"",""gender"":""female"",""percentage"":0.097181},{""age"":""45-54"",""gender"":""female"",""percentage"":0.125954},{""age"":""25-34"",""gender"":""female"",""percentage"":0.479742},{""age"":""35-44"",""gender"":""female"",""percentage"":0.287434}","{""region"":""Los R\u00edos Region"",""percentage"":0.020469},{""region"":""Arica y Parinacota Region"",""percentage"":0.025808},{""region"":""Valpara\u00edso Region"",""percentage"":0.066746},{""region"":""Ays\u00e9n Region"",""percentage"":0.00445},{""region"":""Antofagasta Region"",""percentage"":0.064669},{""region"":""Araucan\u00eda Region"",""percentage"":0.093147},{""region"":""Atacama Region"",""percentage"":0.029071},{""region"":""B\u00edo B\u00edo Region"",""percentage"":0.162266},{""region"":""Coquimbo Region"",""percentage"":0.062889},{""region"":""O'Higgins Region"",""percentage"":0.068526},{""region"":""Los Lagos Region"",""percentage"":0.077425},{""region"":""Magallanes y la Ant\u00e1rtica Chilena Region"",""percentage"":0.007713},{""region"":""Maule Region"",""percentage"":0.097301},{""region"":""Santiago Metropolitan Region"",""percentage"":0.181549},{""region"":""Tarapac\u00e1 Region"",""percentage"":0.037971}","facebook,instagram","lower_bound: 500001, upper_bound: 1000000",es
917529659179601,103820310982935,"Sichel Presidente",2021-10-18,2021-10-18,2021-10-20,"Sebastián Sichel Ramirez","Les presento a Eva. Como ella hay miles de emprendedores y miles de mujeres luchadoras. De eso se trata esta campaña, de acompañar mejor a quienes no hemos escuchado. #SePuede","Una emprendedora por naturaleza",,,"lower_bound: 10000, upper_bound: 14999","lower_bound: 0, upper_bound: 99",USD,"{""age"":""18-24"",""gender"":""female"",""percentage"":0.079579},{""age"":""25-34"",""gender"":""female"",""percentage"":0.403227},{""age"":""35-44"",""gender"":""female"",""percentage"":0.26692},{""age"":""55-64"",""gender"":""female"",""percentage"":0.024604},{""age"":""45-54"",""gender"":""female"",""percentage"":0.22567}","{""region"":""Los R\u00edos Region"",""percentage"":0.023652},{""region"":""Arica y Parinacota Region"",""percentage"":0.021993},{""region"":""Valpara\u00edso Region"",""percentage"":0.086242},{""region"":""Ays\u00e9n Region"",""percentage"":0.004615},{""region"":""Antofagasta Region"",""percentage"":0.06086},{""region"":""Araucan\u00eda Region"",""percentage"":0.097923},{""region"":""Atacama Region"",""percentage"":0.027329},{""region"":""B\u00edo B\u00edo Region"",""percentage"":0.172195},{""region"":""Coquimbo Region"",""percentage"":0.061869},{""region"":""O'Higgins Region"",""percentage"":0.067494},{""region"":""Los Lagos Region"",""percentage"":0.074127},{""region"":""Magallanes y la Ant\u00e1rtica Chilena Region"",""percentage"":0.008653},{""region"":""Maule Region"",""percentage"":0.10499},{""region"":""Santiago Metropolitan Region"",""percentage"":0.15287},{""region"":""Tarapac\u00e1 Region"",""percentage"":0.035189}","facebook,instagram","lower_bound: 500001, upper_bound: 1000000",es
576387333481462,103820310982935,"Sichel Presidente",2021-10-18,2021-10-18,2021-10-20,"Sebastián Sichel Ramirez","En esta campaña las mujeres están al centro de nuestras propuestas y programa.","Mujeres al centro",,,"lower_bound: 15000, upper_bound: 19999","lower_bound: 0, upper_bound: 99",USD,"{""age"":""55-64"",""gender"":""female"",""percentage"":0.03177},{""age"":""18-24"",""gender"":""female"",""percentage"":0.059647},{""age"":""35-44"",""gender"":""female"",""percentage"":0.325987},{""age"":""45-54"",""gender"":""female"",""percentage"":0.280153},{""age"":""25-34"",""gender"":""female"",""percentage"":0.302442}","{""region"":""Los R\u00edos Region"",""percentage"":0.029666},{""region"":""Arica y Parinacota Region"",""percentage"":0.020198},{""region"":""Valpara\u00edso Region"",""percentage"":0.074923},{""region"":""Ays\u00e9n Region"",""percentage"":0.006375},{""region"":""Antofagasta Region"",""percentage"":0.050748},{""region"":""Araucan\u00eda Region"",""percentage"":0.09834},{""region"":""Atacama Region"",""percentage"":0.027836},{""region"":""B\u00edo B\u00edo Region"",""percentage"":0.195859},{""region"":""Coquimbo Region"",""percentage"":0.064256},{""region"":""O'Higgins Region"",""percentage"":0.071136},{""region"":""Los Lagos Region"",""percentage"":0.091397},{""region"":""Magallanes y la Ant\u00e1rtica Chilena Region"",""percentage"":0.009152},{""region"":""Maule Region"",""percentage"":0.094237},{""region"":""Santiago Metropolitan Region"",""percentage"":0.135328},{""region"":""Tarapac\u00e1 Region"",""percentage"":0.03055}","facebook,instagram","lower_bound: 500001, upper_bound: 1000000",es
1026640064794028,103820310982935,"Sichel Presidente",2021-10-18,2021-10-19,2021-10-20,"Sebastián Sichel Ramirez","35 compromisos por un Chile mejor y 6 pilares claves para dar certezas a los cambios que queremos liderar #SePuede",,,,"lower_bound: 9000, upper_bound: 9999","lower_bound: 0, upper_bound: 99",USD,"{""age"":""55-64"",""gender"":""female"",""percentage"":0.021654},{""age"":""45-54"",""gender"":""female"",""percentage"":0.190078},{""age"":""25-34"",""gender"":""female"",""percentage"":0.38577},{""age"":""35-44"",""gender"":""female"",""percentage"":0.291247},{""age"":""18-24"",""gender"":""female"",""percentage"":0.111251}","{""region"":""Los R\u00edos Region"",""percentage"":0.020603},{""region"":""Arica y Parinacota Region"",""percentage"":0.024632},{""region"":""Valpara\u00edso Region"",""percentage"":0.078844},{""region"":""Ays\u00e9n Region"",""percentage"":0.004259},{""region"":""Antofagasta Region"",""percentage"":0.062615},{""region"":""Araucan\u00eda Region"",""percentage"":0.097721},{""region"":""Atacama Region"",""percentage"":0.030041},{""region"":""B\u00edo B\u00edo Region"",""percentage"":0.175645},{""region"":""Coquimbo Region"",""percentage"":0.056169},{""region"":""O'Higgins Region"",""percentage"":0.068025},{""region"":""Los Lagos Region"",""percentage"":0.084945},{""region"":""Magallanes y la Ant\u00e1rtica Chilena Region"",""percentage"":0.009553},{""region"":""Maule Region"",""percentage"":0.102095},{""region"":""Santiago Metropolitan Region"",""percentage"":0.144797},{""region"":""Tarapac\u00e1 Region"",""percentage"":0.040055}","facebook,instagram","lower_bound: 500001, upper_bound: 1000000",es
1852298368307461,103820310982935,"Sichel Presidente",2021-10-18,2021-10-19,2021-10-19,"Sebastián Sichel Ramirez","35 compromisos por un Chile mejor y 6 pilares claves para dar certezas a los cambios que queremos liderar #SePuede",,,,"lower_bound: 0, upper_bound: 999","lower_bound: 0, upper_bound: 99",USD,,,facebook,"lower_bound: 10001, upper_bound: 50000",es
303864917906250,103820310982935,"Sichel Presidente",2021-10-18,2021-10-19,2021-10-19,"Sebastián Sichel Ramirez","Cuesta ganase los porotos. Por eso vamos a devolver el IVA en alimentos y medicamentos. #SePuedeClaroQueSePuede","Cuesta Ganarse Los Porotos",sichelpresidente.cl,,"lower_bound: 0, upper_bound: 999","lower_bound: 0, upper_bound: 99",USD,,,facebook,"lower_bound: 10001, upper_bound: 50000",es
4467997316618093,103820310982935,"Sichel Presidente",2021-10-18,2021-10-18,2021-10-19,"Sebastián Sichel Ramirez","Les presento a Eva. Como ella hay miles de emprendedores y miles de mujeres luchadoras. De eso se trata esta campaña, de acompañar mejor a quienes no hemos escuchado. #SePuede","Una emprendedora por naturaleza",,,"lower_bound: 0, upper_bound: 999","lower_bound: 0, upper_bound: 99",USD,,,facebook,"lower_bound: 10001, upper_bound: 50000",es
1932668136914376,103820310982935,"Sichel Presidente",2021-10-18,2021-10-19,2021-10-20,"Sebastián Sichel Ramirez","En democracia el Estado debe garantizar la seguridad.","El Estado debe garantizar la seguridad",,,"lower_bound: 2000, upper_bound: 2999","lower_bound: 0, upper_bound: 99",USD,"{""age"":""45-54"",""gender"":""unknown"",""percentage"":0.002317},{""age"":""55-64"",""gender"":""male"",""percentage"":0.018072},{""age"":""45-54"",""gender"":""female"",""percentage"":0.310009},{""age"":""45-54"",""gender"":""male"",""percentage"":0.138091},{""age"":""25-34"",""gender"":""female"",""percentage"":0.107044},{""age"":""35-44"",""gender"":""female"",""percentage"":0.179333},{""age"":""25-34"",""gender"":""male"",""percentage"":0.092678},{""age"":""35-44"",""gender"":""male"",""percentage"":0.090825},{""age"":""55-64"",""gender"":""female"",""percentage"":0.038462},{""age"":""35-44"",""gender"":""unknown"",""percentage"":0.003244},{""age"":""18-24"",""gender"":""male"",""percentage"":0.010195},{""age"":""18-24"",""gender"":""female"",""percentage"":0.009268},{""age"":""55-64"",""gender"":""unknown"",""percentage"":0.000463}","{""region"":""Los R\u00edos Region"",""percentage"":0.021385},{""region"":""Arica y Parinacota Region"",""percentage"":0.036262},{""region"":""Valpara\u00edso Region"",""percentage"":0.086471},{""region"":""Ays\u00e9n Region"",""percentage"":0.003719},{""region"":""Antofagasta Region"",""percentage"":0.076244},{""region"":""Araucan\u00eda Region"",""percentage"":0.076709},{""region"":""Atacama Region"",""percentage"":0.023245},{""region"":""B\u00edo B\u00edo Region"",""percentage"":0.169689},{""region"":""Coquimbo Region"",""percentage"":0.058577},{""region"":""O'Higgins Region"",""percentage"":0.064156},{""region"":""Los Lagos Region"",""percentage"":0.065086},{""region"":""Magallanes y la Ant\u00e1rtica Chilena Region"",""percentage"":0.016272},{""region"":""Maule Region"",""percentage"":0.073919},{""region"":""Santiago Metropolitan Region"",""percentage"":0.170153},{""region"":""Tarapac\u00e1 Region"",""percentage"":0.058113}","facebook,instagram","lower_bound: 1000001",es
1574603326210076,103820310982935,"Sichel Presidente",2021-10-18,2021-10-19,2021-10-20,"Sebastián Sichel Ramirez","Necesitamos construir puentes entre los chilenos para salir adelante. Nuestra sociedad no requiere Zanjas e Indultos. 
Ante la intolerancia de los extremos, sentido común. 
#18deoctubre #EstallidoSocial",,,,"lower_bound: 150000, upper_bound: 174999","lower_bound: 500, upper_bound: 599",USD,"{""age"":""45-54"",""gender"":""unknown"",""percentage"":0.00191},{""age"":""55-64"",""gender"":""female"",""percentage"":0.019129},{""age"":""35-44"",""gender"":""female"",""percentage"":0.105399},{""age"":""45-54"",""gender"":""female"",""percentage"":0.148821},{""age"":""25-34"",""gender"":""female"",""percentage"":0.078284},{""age"":""45-54"",""gender"":""male"",""percentage"":0.211958},{""age"":""25-34"",""gender"":""male"",""percentage"":0.164023},{""age"":""35-44"",""gender"":""male"",""percentage"":0.199536},{""age"":""55-64"",""gender"":""male"",""percentage"":0.020777},{""age"":""18-24"",""gender"":""female"",""percentage"":0.016893},{""age"":""18-24"",""gender"":""male"",""percentage"":0.030193},{""age"":""25-34"",""gender"":""unknown"",""percentage"":0.000792},{""age"":""35-44"",""gender"":""unknown"",""percentage"":0.00196},{""age"":""55-64"",""gender"":""unknown"",""percentage"":0.000184},{""age"":""18-24"",""gender"":""unknown"",""percentage"":0.000141}","{""region"":""Los R\u00edos Region"",""percentage"":0.016127},{""region"":""Arica y Parinacota Region"",""percentage"":0.019746},{""region"":""Valpara\u00edso Region"",""percentage"":0.087451},{""region"":""Ays\u00e9n Region"",""percentage"":0.003296},{""region"":""Antofagasta Region"",""percentage"":0.043947},{""region"":""Araucan\u00eda Region"",""percentage"":0.049955},{""region"":""Atacama Region"",""percentage"":0.018748},{""region"":""B\u00edo B\u00edo Region"",""percentage"":0.093381},{""region"":""Coquimbo Region"",""percentage"":0.040595},{""region"":""O'Higgins Region"",""percentage"":0.052119},{""region"":""Los Lagos Region"",""percentage"":0.04727},{""region"":""Magallanes y la Ant\u00e1rtica Chilena Region"",""percentage"":0.007083},{""region"":""Maule Region"",""percentage"":0.061865},{""region"":""Santiago Metropolitan Region"",""percentage"":0.433114},{""region"":""Tarapac\u00e1 Region"",""percentage"":0.025304}","facebook,instagram","lower_bound: 1000001",es
947858829421142,103820310982935,"Sichel Presidente",2021-10-18,2021-10-19,2021-10-21,"Sebastián Sichel Ramirez","Durante los últimos años nos hemos acostumbrado a un Congreso que tiene como hábito el destituir. Aquí se debe investigar y que quienes correspondan decidan.","Nos acostumbramos a un Congreso con el hábito de destituir",sichelpresidente.cl,,"lower_bound: 175000, upper_bound: 199999","lower_bound: 500, upper_bound: 599",USD,"{""age"":""25-34"",""gender"":""unknown"",""percentage"":0.001227},{""age"":""35-44"",""gender"":""unknown"",""percentage"":0.003335},{""age"":""18-24"",""gender"":""female"",""percentage"":0.015471},{""age"":""18-24"",""gender"":""male"",""percentage"":0.037307},{""age"":""55-64"",""gender"":""male"",""percentage"":0.022644},{""age"":""25-34"",""gender"":""female"",""percentage"":0.070465},{""age"":""55-64"",""gender"":""female"",""percentage"":0.008298},{""age"":""45-54"",""gender"":""female"",""percentage"":0.08153},{""age"":""35-44"",""gender"":""female"",""percentage"":0.083637},{""age"":""25-34"",""gender"":""male"",""percentage"":0.203354},{""age"":""45-54"",""gender"":""male"",""percentage"":0.232638},{""age"":""35-44"",""gender"":""male"",""percentage"":0.236835},{""age"":""45-54"",""gender"":""unknown"",""percentage"":0.002832},{""age"":""18-24"",""gender"":""unknown"",""percentage"":0.000257},{""age"":""55-64"",""gender"":""unknown"",""percentage"":0.000168}","{""region"":""Los R\u00edos Region"",""percentage"":0.01951},{""region"":""Arica y Parinacota Region"",""percentage"":0.018201},{""region"":""Valpara\u00edso Region"",""percentage"":0.094448},{""region"":""Ays\u00e9n Region"",""percentage"":0.004724},{""region"":""Antofagasta Region"",""percentage"":0.04325},{""region"":""Araucan\u00eda Region"",""percentage"":0.054739},{""region"":""Atacama Region"",""percentage"":0.018451},{""region"":""B\u00edo B\u00edo Region"",""percentage"":0.106187},{""region"":""Coquimbo Region"",""percentage"":0.041471},{""region"":""O'Higgins Region"",""percentage"":0.058374},{""region"":""Los Lagos Region"",""percentage"":0.055548},{""region"":""Magallanes y la Ant\u00e1rtica Chilena Region"",""percentage"":0.00949},{""region"":""Maule Region"",""percentage"":0.062212},{""region"":""Santiago Metropolitan Region"",""percentage"":0.389978},{""region"":""Tarapac\u00e1 Region"",""percentage"":0.023419}","facebook,instagram","lower_bound: 1000001",es
279539260699507,103820310982935,"Sichel Presidente",2021-10-18,2021-10-19,2021-10-20,"Sebastián Sichel Ramirez","En democracia el Estado debe garantizar la seguridad.","El Estado debe garantizar la seguridad",,,"lower_bound: 30000, upper_bound: 34999","lower_bound: 100, upper_bound: 199",USD,"{""age"":""55-64"",""gender"":""unknown"",""percentage"":0.000193},{""age"":""35-44"",""gender"":""unknown"",""percentage"":0.001609},{""age"":""45-54"",""gender"":""unknown"",""percentage"":0.001931},{""age"":""18-24"",""gender"":""unknown"",""percentage"":0.000161},{""age"":""55-64"",""gender"":""female"",""percentage"":0.02285},{""age"":""18-24"",""gender"":""female"",""percentage"":0.021756},{""age"":""55-64"",""gender"":""male"",""percentage"":0.017765},{""age"":""18-24"",""gender"":""male"",""percentage"":0.033084},{""age"":""25-34"",""gender"":""male"",""percentage"":0.160756},{""age"":""35-44"",""gender"":""female"",""percentage"":0.135814},{""age"":""45-54"",""gender"":""female"",""percentage"":0.188465},{""age"":""25-34"",""gender"":""female"",""percentage"":0.098384},{""age"":""45-54"",""gender"":""male"",""percentage"":0.16259},{""age"":""35-44"",""gender"":""male"",""percentage"":0.153836},{""age"":""25-34"",""gender"":""unknown"",""percentage"":0.000805}","{""region"":""Los R\u00edos Region"",""percentage"":0.02038},{""region"":""Arica y Parinacota Region"",""percentage"":0.020412},{""region"":""Valpara\u00edso Region"",""percentage"":0.084346},{""region"":""Ays\u00e9n Region"",""percentage"":0.003998},{""region"":""Antofagasta Region"",""percentage"":0.0457},{""region"":""Araucan\u00eda Region"",""percentage"":0.063252},{""region"":""Atacama Region"",""percentage"":0.021387},{""region"":""B\u00edo B\u00edo Region"",""percentage"":0.114997},{""region"":""Coquimbo Region"",""percentage"":0.045895},{""region"":""O'Higgins Region"",""percentage"":0.055288},{""region"":""Los Lagos Region"",""percentage"":0.057531},{""region"":""Magallanes y la Ant\u00e1rtica Chilena Region"",""percentage"":0.008191},{""region"":""Maule Region"",""percentage"":0.064812},{""region"":""Santiago Metropolitan Region"",""percentage"":0.365663},{""region"":""Tarapac\u00e1 Region"",""percentage"":0.028148}","facebook,instagram","lower_bound: 1000001",es
1245993609212001,103820310982935,"Sichel Presidente",2021-10-18,2021-10-19,2021-10-21,"Sebastián Sichel Ramirez","A  Yasna Provoste y Gabriel Boric si es verdad que no creen en la violencia, retiren el proyecto de indulto ahora. Ese proyecto le dice a Chile que es más importante quien agrede a Carabineros o saquea pymes, que chilenos que se quedaron sin metro o que no pueden circular.",,,,"lower_bound: 175000, upper_bound: 199999","lower_bound: 600, upper_bound: 699",USD,"{""age"":""18-24"",""gender"":""unknown"",""percentage"":0.000139},{""age"":""45-54"",""gender"":""male"",""percentage"":0.196909},{""age"":""35-44"",""gender"":""male"",""percentage"":0.207811},{""age"":""45-54"",""gender"":""female"",""percentage"":0.135206},{""age"":""25-34"",""gender"":""male"",""percentage"":0.188849},{""age"":""25-34"",""gender"":""female"",""percentage"":0.078274},{""age"":""35-44"",""gender"":""female"",""percentage"":0.105899},{""age"":""18-24"",""gender"":""male"",""percentage"":0.033863},{""age"":""55-64"",""gender"":""male"",""percentage"":0.017883},{""age"":""55-64"",""gender"":""female"",""percentage"":0.015457},{""age"":""18-24"",""gender"":""female"",""percentage"":0.015057},{""age"":""35-44"",""gender"":""unknown"",""percentage"":0.001828},{""age"":""45-54"",""gender"":""unknown"",""percentage"":0.001747},{""age"":""25-34"",""gender"":""unknown"",""percentage"":0.000899},{""age"":""55-64"",""gender"":""unknown"",""percentage"":0.00018}","{""region"":""Los R\u00edos Region"",""percentage"":0.021994},{""region"":""Arica y Parinacota Region"",""percentage"":0.020968},{""region"":""Valpara\u00edso Region"",""percentage"":0.080746},{""region"":""Ays\u00e9n Region"",""percentage"":0.004255},{""region"":""Antofagasta Region"",""percentage"":0.047327},{""region"":""Araucan\u00eda Region"",""percentage"":0.061779},{""region"":""Atacama Region"",""percentage"":0.019855},{""region"":""B\u00edo B\u00edo Region"",""percentage"":0.111963},{""region"":""Coquimbo Region"",""percentage"":0.040133},{""region"":""O'Higgins Region"",""percentage"":0.057727},{""region"":""Los Lagos Region"",""percentage"":0.061634},{""region"":""Magallanes y la Ant\u00e1rtica Chilena Region"",""percentage"":0.008336},{""region"":""Maule Region"",""percentage"":0.067651},{""region"":""Santiago Metropolitan Region"",""percentage"":0.366463},{""region"":""Tarapac\u00e1 Region"",""percentage"":0.029171}","facebook,instagram","lower_bound: 1000001",es
1217861922028053,103820310982935,"Sichel Presidente",2021-10-18,2021-10-19,2021-10-21,"Sebastián Sichel Ramirez","#SePuede tener montañas con libre acceso para todos a lo largo de Chile. Vamos a potenciar la práctica del deporte de alta montaña, senderismo y la actividad turística. #SichelContigo",,,,"lower_bound: 350000, upper_bound: 399999","lower_bound: 1000, upper_bound: 1499",USD,"{""age"":""55-64"",""gender"":""unknown"",""percentage"":0.000136},{""age"":""18-24"",""gender"":""unknown"",""percentage"":0.000109},{""age"":""45-54"",""gender"":""unknown"",""percentage"":0.001892},{""age"":""35-44"",""gender"":""unknown"",""percentage"":0.001886},{""age"":""25-34"",""gender"":""unknown"",""percentage"":0.000914},{""age"":""25-34"",""gender"":""male"",""percentage"":0.213953},{""age"":""25-34"",""gender"":""female"",""percentage"":0.067036},{""age"":""35-44"",""gender"":""male"",""percentage"":0.219442},{""age"":""45-54"",""gender"":""female"",""percentage"":0.107016},{""age"":""18-24"",""gender"":""male"",""percentage"":0.03704},{""age"":""45-54"",""gender"":""male"",""percentage"":0.218767},{""age"":""55-64"",""gender"":""male"",""percentage"":0.02063},{""age"":""18-24"",""gender"":""female"",""percentage"":0.017657},{""age"":""35-44"",""gender"":""female"",""percentage"":0.079312},{""age"":""55-64"",""gender"":""female"",""percentage"":0.014209}","{""region"":""Los R\u00edos Region"",""percentage"":0.017572},{""region"":""Arica y Parinacota Region"",""percentage"":0.018878},{""region"":""Valpara\u00edso Region"",""percentage"":0.085883},{""region"":""Ays\u00e9n Region"",""percentage"":0.004398},{""region"":""Antofagasta Region"",""percentage"":0.041367},{""region"":""Araucan\u00eda Region"",""percentage"":0.059237},{""region"":""Atacama Region"",""percentage"":0.019522},{""region"":""B\u00edo B\u00edo Region"",""percentage"":0.107631},{""region"":""Coquimbo Region"",""percentage"":0.042457},{""region"":""O'Higgins Region"",""percentage"":0.058417},{""region"":""Los Lagos Region"",""percentage"":0.053767},{""region"":""Magallanes y la Ant\u00e1rtica Chilena Region"",""percentage"":0.007465},{""region"":""Maule Region"",""percentage"":0.071561},{""region"":""Santiago Metropolitan Region"",""percentage"":0.385669},{""region"":""Tarapac\u00e1 Region"",""percentage"":0.026176}","facebook,instagram","lower_bound: 1000001",es
869726767063009,103820310982935,"Sichel Presidente",2021-10-18,2021-10-19,2021-10-20,"Sebastián Sichel Ramirez","Necesitamos construir puentes entre los chilenos para salir adelante. Nuestra sociedad no requiere Zanjas e Indultos. 
Ante la intolerancia de los extremos, sentido común. 
#18deoctubre #EstallidoSocial",,,,"lower_bound: 50000, upper_bound: 59999","lower_bound: 200, upper_bound: 299",USD,"{""age"":""55-64"",""gender"":""unknown"",""percentage"":0.000135},{""age"":""18-24"",""gender"":""unknown"",""percentage"":3.9e-5},{""age"":""35-44"",""gender"":""unknown"",""percentage"":0.001761},{""age"":""45-54"",""gender"":""unknown"",""percentage"":0.001955},{""age"":""25-34"",""gender"":""male"",""percentage"":0.055181},{""age"":""55-64"",""gender"":""male"",""percentage"":0.014536},{""age"":""45-54"",""gender"":""male"",""percentage"":0.140382},{""age"":""35-44"",""gender"":""male"",""percentage"":0.086382},{""age"":""25-34"",""gender"":""female"",""percentage"":0.122208},{""age"":""18-24"",""gender"":""male"",""percentage"":0.005013},{""age"":""45-54"",""gender"":""female"",""percentage"":0.309236},{""age"":""35-44"",""gender"":""female"",""percentage"":0.216467},{""age"":""55-64"",""gender"":""female"",""percentage"":0.031897},{""age"":""18-24"",""gender"":""female"",""percentage"":0.014284},{""age"":""25-34"",""gender"":""unknown"",""percentage"":0.000523}","{""region"":""Los R\u00edos Region"",""percentage"":0.022688},{""region"":""Arica y Parinacota Region"",""percentage"":0.031237},{""region"":""Valpara\u00edso Region"",""percentage"":0.095896},{""region"":""Ays\u00e9n Region"",""percentage"":0.004023},{""region"":""Antofagasta Region"",""percentage"":0.0846},{""region"":""Araucan\u00eda Region"",""percentage"":0.074504},{""region"":""Atacama Region"",""percentage"":0.027852},{""region"":""B\u00edo B\u00edo Region"",""percentage"":0.169452},{""region"":""Coquimbo Region"",""percentage"":0.063615},{""region"":""O'Higgins Region"",""percentage"":0.05994},{""region"":""Los Lagos Region"",""percentage"":0.061506},{""region"":""Magallanes y la Ant\u00e1rtica Chilena Region"",""percentage"":0.012282},{""region"":""Maule Region"",""percentage"":0.085606},{""region"":""Santiago Metropolitan Region"",""percentage"":0.159046},{""region"":""Tarapac\u00e1 Region"",""percentage"":0.047754}","facebook,instagram","lower_bound: 1000001",es
919138452353187,103820310982935,"Sichel Presidente",2021-10-18,2021-10-19,2021-10-20,"Sebastián Sichel Ramirez","#SePuede tener montañas con libre acceso para todos a lo largo de Chile. Vamos a potenciar la práctica del deporte de alta montaña, senderismo y la actividad turística. #SichelContigo",,,,"lower_bound: 90000, upper_bound: 99999","lower_bound: 300, upper_bound: 399",USD,"{""age"":""18-24"",""gender"":""unknown"",""percentage"":9.3e-5},{""age"":""25-34"",""gender"":""unknown"",""percentage"":0.001025},{""age"":""18-24"",""gender"":""male"",""percentage"":0.006662},{""age"":""55-64"",""gender"":""male"",""percentage"":0.013126},{""age"":""55-64"",""gender"":""female"",""percentage"":0.031086},{""age"":""45-54"",""gender"":""female"",""percentage"":0.30201},{""age"":""18-24"",""gender"":""female"",""percentage"":0.01103},{""age"":""35-44"",""gender"":""male"",""percentage"":0.096497},{""age"":""25-34"",""gender"":""female"",""percentage"":0.122924},{""age"":""45-54"",""gender"":""male"",""percentage"":0.125649},{""age"":""25-34"",""gender"":""male"",""percentage"":0.06958},{""age"":""35-44"",""gender"":""female"",""percentage"":0.215519},{""age"":""35-44"",""gender"":""unknown"",""percentage"":0.002527},{""age"":""45-54"",""gender"":""unknown"",""percentage"":0.00212},{""age"":""55-64"",""gender"":""unknown"",""percentage"":0.000151}","{""region"":""Los R\u00edos Region"",""percentage"":0.024459},{""region"":""Arica y Parinacota Region"",""percentage"":0.028432},{""region"":""Valpara\u00edso Region"",""percentage"":0.097754},{""region"":""Ays\u00e9n Region"",""percentage"":0.005124},{""region"":""Antofagasta Region"",""percentage"":0.076981},{""region"":""Araucan\u00eda Region"",""percentage"":0.076958},{""region"":""Atacama Region"",""percentage"":0.029226},{""region"":""B\u00edo B\u00edo Region"",""percentage"":0.173825},{""region"":""Coquimbo Region"",""percentage"":0.060306},{""region"":""O'Higgins Region"",""percentage"":0.062045},{""region"":""Los Lagos Region"",""percentage"":0.06801},{""region"":""Magallanes y la Ant\u00e1rtica Chilena Region"",""percentage"":0.01216},{""region"":""Maule Region"",""percentage"":0.087229},{""region"":""Santiago Metropolitan Region"",""percentage"":0.153754},{""region"":""Tarapac\u00e1 Region"",""percentage"":0.043736}","facebook,instagram","lower_bound: 1000001",es
1550743215275368,103820310982935,"Sichel Presidente",2021-10-18,2021-10-19,2021-10-21,"Sebastián Sichel Ramirez","A  Yasna Provoste y Gabriel Boric si es verdad que no creen en la violencia, retiren el proyecto de indulto ahora. Ese proyecto le dice a Chile que es más importante quien agrede a Carabineros o saquea pymes, que chilenos que se quedaron sin metro o que no pueden circular.",,,,"lower_bound: 30000, upper_bound: 34999","lower_bound: 100, upper_bound: 199",USD,"{""age"":""55-64"",""gender"":""male"",""percentage"":0.013889},{""age"":""18-24"",""gender"":""male"",""percentage"":0.005504},{""age"":""35-44"",""gender"":""unknown"",""percentage"":0.002331},{""age"":""55-64"",""gender"":""female"",""percentage"":0.030239},{""age"":""45-54"",""gender"":""female"",""percentage"":0.271214},{""age"":""35-44"",""gender"":""male"",""percentage"":0.100916},{""age"":""45-54"",""gender"":""male"",""percentage"":0.143005},{""age"":""35-44"",""gender"":""female"",""percentage"":0.225597},{""age"":""25-34"",""gender"":""female"",""percentage"":0.1229},{""age"":""18-24"",""gender"":""female"",""percentage"":0.011688},{""age"":""25-34"",""gender"":""male"",""percentage"":0.069058},{""age"":""18-24"",""gender"":""unknown"",""percentage"":3.2e-5},{""age"":""45-54"",""gender"":""unknown"",""percentage"":0.00259},{""age"":""25-34"",""gender"":""unknown"",""percentage"":0.000939},{""age"":""55-64"",""gender"":""unknown"",""percentage"":9.7e-5}","{""region"":""Los R\u00edos Region"",""percentage"":0.029461},{""region"":""Arica y Parinacota Region"",""percentage"":0.02719},{""region"":""Valpara\u00edso Region"",""percentage"":0.088158},{""region"":""Ays\u00e9n Region"",""percentage"":0.004798},{""region"":""Antofagasta Region"",""percentage"":0.069733},{""region"":""Araucan\u00eda Region"",""percentage"":0.079873},{""region"":""Atacama Region"",""percentage"":0.028789},{""region"":""B\u00edo B\u00edo Region"",""percentage"":0.190615},{""region"":""Coquimbo Region"",""percentage"":0.054827},{""region"":""O'Higgins Region"",""percentage"":0.06308},{""region"":""Los Lagos Region"",""percentage"":0.068166},{""region"":""Magallanes y la Ant\u00e1rtica Chilena Region"",""percentage"":0.0111},{""region"":""Maule Region"",""percentage"":0.080417},{""region"":""Santiago Metropolitan Region"",""percentage"":0.163905},{""region"":""Tarapac\u00e1 Region"",""percentage"":0.039889}","facebook,instagram","lower_bound: 1000001",es
4226116520847628,103820310982935,"Sichel Presidente",2021-10-18,2021-10-19,2021-10-21,"Sebastián Sichel Ramirez","Durante los últimos años nos hemos acostumbrado a un Congreso que tiene como hábito el destituir. Aquí se debe investigar y que quienes correspondan decidan.","Nos acostumbramos a un Congreso con el hábito de destituir",sichelpresidente.cl,,"lower_bound: 50000, upper_bound: 59999","lower_bound: 100, upper_bound: 199",USD,"{""age"":""25-34"",""gender"":""unknown"",""percentage"":0.001022},{""age"":""45-54"",""gender"":""unknown"",""percentage"":0.00353},{""age"":""55-64"",""gender"":""male"",""percentage"":0.015993},{""age"":""45-54"",""gender"":""female"",""percentage"":0.19718},{""age"":""35-44"",""gender"":""male"",""percentage"":0.140096},{""age"":""45-54"",""gender"":""male"",""percentage"":0.173605},{""age"":""35-44"",""gender"":""female"",""percentage"":0.193514},{""age"":""25-34"",""gender"":""female"",""percentage"":0.134945},{""age"":""55-64"",""gender"":""female"",""percentage"":0.01769},{""age"":""25-34"",""gender"":""male"",""percentage"":0.095551},{""age"":""18-24"",""gender"":""female"",""percentage"":0.015086},{""age"":""18-24"",""gender"":""male"",""percentage"":0.007389},{""age"":""35-44"",""gender"":""unknown"",""percentage"":0.004051},{""age"":""18-24"",""gender"":""unknown"",""percentage"":0.000154},{""age"":""55-64"",""gender"":""unknown"",""percentage"":0.000193}","{""region"":""Los R\u00edos Region"",""percentage"":0.026474},{""region"":""Arica y Parinacota Region"",""percentage"":0.02701},{""region"":""Valpara\u00edso Region"",""percentage"":0.101823},{""region"":""Ays\u00e9n Region"",""percentage"":0.005203},{""region"":""Antofagasta Region"",""percentage"":0.081623},{""region"":""Araucan\u00eda Region"",""percentage"":0.086769},{""region"":""Atacama Region"",""percentage"":0.029325},{""region"":""B\u00edo B\u00edo Region"",""percentage"":0.172064},{""region"":""Coquimbo Region"",""percentage"":0.062073},{""region"":""O'Higgins Region"",""percentage"":0.058764},{""region"":""Los Lagos Region"",""percentage"":0.06938},{""region"":""Magallanes y la Ant\u00e1rtica Chilena Region"",""percentage"":0.015494},{""region"":""Maule Region"",""percentage"":0.083058},{""region"":""Santiago Metropolitan Region"",""percentage"":0.136121},{""region"":""Tarapac\u00e1 Region"",""percentage"":0.044819}","facebook,instagram","lower_bound: 1000001",es
868058937231041,103820310982935,"Sichel Presidente",2021-10-12,2021-10-12,2021-10-13,"Sebastián Sichel Ramirez","Hay que meterse con todo en los lugares donde el Estado ha fallado: en La Araucanía y los barrios donde está el narcotráfico.",,,,"lower_bound: 0, upper_bound: 999","lower_bound: 0, upper_bound: 99",USD,"{""age"":""35-44"",""gender"":""male"",""percentage"":0.177305},{""age"":""25-34"",""gender"":""male"",""percentage"":0.131206},{""age"":""45-54"",""gender"":""female"",""percentage"":0.219858},{""age"":""25-34"",""gender"":""female"",""percentage"":0.085106},{""age"":""35-44"",""gender"":""female"",""percentage"":0.134752},{""age"":""25-34"",""gender"":""unknown"",""percentage"":0.003546},{""age"":""45-54"",""gender"":""male"",""percentage"":0.191489},{""age"":""18-24"",""gender"":""male"",""percentage"":0.035461},{""age"":""18-24"",""gender"":""female"",""percentage"":0.010638},{""age"":""55-64"",""gender"":""female"",""percentage"":0.007092},{""age"":""55-64"",""gender"":""male"",""percentage"":0.003546}","{""region"":""Los R\u00edos Region"",""percentage"":0.010638},{""region"":""Arica y Parinacota Region"",""percentage"":0.039007},{""region"":""Valpara\u00edso Region"",""percentage"":0.042553},{""region"":""Ays\u00e9n Region"",""percentage"":0.003546},{""region"":""Antofagasta Region"",""percentage"":0.070922},{""region"":""Araucan\u00eda Region"",""percentage"":0.148936},{""region"":""Atacama Region"",""percentage"":0.053191},{""region"":""B\u00edo B\u00edo Region"",""percentage"":0.20922},{""region"":""Coquimbo Region"",""percentage"":0.070922},{""region"":""O'Higgins Region"",""percentage"":0.099291},{""region"":""Los Lagos Region"",""percentage"":0.092199},{""region"":""Magallanes y la Ant\u00e1rtica Chilena Region"",""percentage"":0.003546},{""region"":""Maule Region"",""percentage"":0.010638},{""region"":""Santiago Metropolitan Region"",""percentage"":0.138298},{""region"":""Tarapac\u00e1 Region"",""percentage"":0.007092}",facebook,"lower_bound: 50001, upper_bound: 100000",es
551757942788129,103820310982935,"Sichel Presidente",2021-10-12,2021-10-12,2021-10-13,"Sebastián Sichel Ramirez","Lo que proponemos: avanzar hacia el retiro del 100% de sus fondos para resguardarlos y administrarlos en los instrumentos -públicos o privados- que cada persona escoja con el fin de asegurar mejores pensiones en el futuro.",,,,"lower_bound: 0, upper_bound: 999","lower_bound: 0, upper_bound: 99",USD,"{""age"":""18-24"",""gender"":""male"",""percentage"":0.015625},{""age"":""55-64"",""gender"":""male"",""percentage"":0.015625},{""age"":""45-54"",""gender"":""female"",""percentage"":0.101563},{""age"":""25-34"",""gender"":""female"",""percentage"":0.117188},{""age"":""35-44"",""gender"":""female"",""percentage"":0.09375},{""age"":""25-34"",""gender"":""male"",""percentage"":0.148438},{""age"":""35-44"",""gender"":""male"",""percentage"":0.21875},{""age"":""45-54"",""gender"":""male"",""percentage"":0.289063}","{""region"":""Los R\u00edos Region"",""percentage"":0.007813},{""region"":""Arica y Parinacota Region"",""percentage"":0.054688},{""region"":""Valpara\u00edso Region"",""percentage"":0.015625},{""region"":""Ays\u00e9n Region"",""percentage"":0.039063},{""region"":""Antofagasta Region"",""percentage"":0.09375},{""region"":""Araucan\u00eda Region"",""percentage"":0.09375},{""region"":""Atacama Region"",""percentage"":0.03125},{""region"":""B\u00edo B\u00edo Region"",""percentage"":0.109375},{""region"":""Coquimbo Region"",""percentage"":0.109375},{""region"":""O'Higgins Region"",""percentage"":0.109375},{""region"":""Los Lagos Region"",""percentage"":0.148438},{""region"":""Magallanes y la Ant\u00e1rtica Chilena Region"",""percentage"":0.015625},{""region"":""Maule Region"",""percentage"":0.007813},{""region"":""Santiago Metropolitan Region"",""percentage"":0.15625},{""region"":""Tarapac\u00e1 Region"",""percentage"":0.007813}",facebook,"lower_bound: 50001, upper_bound: 100000",es
1552359438448802,103820310982935,"Sichel Presidente",2021-10-12,2021-10-12,2021-10-13,"Sebastián Sichel Ramirez","Por un Chile donde ninguna mujer más aplace sus proyectos por culpa de un papá ausente que no paga la pensión de alimentos. Por un Chile donde ningún niño o niña tenga que perseguir lo que es un derecho. #SePuede","Un Chile para las mujeres",,,"lower_bound: 0, upper_bound: 999","lower_bound: 0, upper_bound: 99",USD,,,facebook,"lower_bound: 50001, upper_bound: 100000",es
2171444866394742,103820310982935,"Sichel Presidente",2021-10-12,2021-10-12,2021-10-13,"Sebastián Sichel Ramirez","Los vecinos de la zona cero en Plaza Italia, piden no más violencia y si más justicia. Los escuchamos y ya estamos trabajando en un plan de recuperación. #SePuede",,,,"lower_bound: 0, upper_bound: 999","lower_bound: 0, upper_bound: 99",USD,"{""age"":""55-64"",""gender"":""female"",""percentage"":0.015038},{""age"":""45-54"",""gender"":""unknown"",""percentage"":0.007519},{""age"":""35-44"",""gender"":""female"",""percentage"":0.112782},{""age"":""25-34"",""gender"":""male"",""percentage"":0.278195},{""age"":""25-34"",""gender"":""female"",""percentage"":0.112782},{""age"":""35-44"",""gender"":""male"",""percentage"":0.233083},{""age"":""55-64"",""gender"":""male"",""percentage"":0.007519},{""age"":""18-24"",""gender"":""male"",""percentage"":0.022556},{""age"":""45-54"",""gender"":""female"",""percentage"":0.075188},{""age"":""45-54"",""gender"":""male"",""percentage"":0.135338}","{""region"":""Los R\u00edos Region"",""percentage"":0.007519},{""region"":""Arica y Parinacota Region"",""percentage"":0.037594},{""region"":""Valpara\u00edso Region"",""percentage"":0.030075},{""region"":""Ays\u00e9n Region"",""percentage"":0.015038},{""region"":""Antofagasta Region"",""percentage"":0.067669},{""region"":""Araucan\u00eda Region"",""percentage"":0.135338},{""region"":""Atacama Region"",""percentage"":0.075188},{""region"":""B\u00edo B\u00edo Region"",""percentage"":0.165414},{""region"":""Coquimbo Region"",""percentage"":0.090226},{""region"":""O'Higgins Region"",""percentage"":0.105263},{""region"":""Los Lagos Region"",""percentage"":0.090226},{""region"":""Maule Region"",""percentage"":0.030075},{""region"":""Santiago Metropolitan Region"",""percentage"":0.12782},{""region"":""Tarapac\u00e1 Region"",""percentage"":0.015038},{""region"":""Magallanes y la Ant\u00e1rtica Chilena Region"",""percentage"":0.007519}",facebook,"lower_bound: 50001, upper_bound: 100000",es
574447187105888,103820310982935,"Sichel Presidente",2021-10-12,2021-10-12,2021-10-13,"Sebastián Sichel Ramirez","En esta campaña las mujeres están al centro de nuestras propuestas y programa.","Mujeres al centro",,,"lower_bound: 0, upper_bound: 999","lower_bound: 0, upper_bound: 99",USD,,,facebook,"lower_bound: 50001, upper_bound: 100000",es
599399094546463,103820310982935,"Sichel Presidente",2021-10-12,2021-10-12,2021-10-13,"Sebastián Sichel Ramirez","Acompáñennos en esta nueva etapa! #SePuede #SichelPresidente",,,,"lower_bound: 0, upper_bound: 999","lower_bound: 0, upper_bound: 99",USD,,,facebook,"lower_bound: 50001, upper_bound: 100000",es
266097035406205,103820310982935,"Sichel Presidente",2021-10-12,2021-10-12,2021-10-12,"Sebastián Sichel Ramirez","Necesitamos recuperar el Estado de derecho en La Araucanía. De esto y más conversamos hoy en @laterceracom junto a tres candidatos presidenciales más.",,,,"lower_bound: 0, upper_bound: 999","lower_bound: 0, upper_bound: 99",USD,,,facebook,"lower_bound: 50001, upper_bound: 100000",es
624804445208673,103820310982935,"Sichel Presidente",2021-10-12,2021-10-12,2021-10-13,"Sebastián Sichel Ramirez","Desde Curicó junto al consejo ciudadano de independientes!! cariños a todos!",,,,"lower_bound: 0, upper_bound: 999","lower_bound: 0, upper_bound: 99",USD,,,facebook,"lower_bound: 50001, upper_bound: 100000",es
297949645189667,103820310982935,"Sichel Presidente",2021-10-12,2021-10-12,2021-10-13,"Sebastián Sichel Ramirez","Les presento a Eva. Como ella hay miles de emprendedores y miles de mujeres luchadoras. De eso se trata esta campaña, de acompañar mejor a quienes no hemos escuchado. #SePuede","Una emprendedora por naturaleza",,,"lower_bound: 0, upper_bound: 999","lower_bound: 0, upper_bound: 99",USD,"{""age"":""18-24"",""gender"":""female"",""percentage"":0.04797},{""age"":""45-54"",""gender"":""male"",""percentage"":0.140221},{""age"":""55-64"",""gender"":""male"",""percentage"":0.02214},{""age"":""35-44"",""gender"":""unknown"",""percentage"":0.00369},{""age"":""35-44"",""gender"":""female"",""percentage"":0.147601},{""age"":""45-54"",""gender"":""female"",""percentage"":0.180812},{""age"":""35-44"",""gender"":""male"",""percentage"":0.158672},{""age"":""25-34"",""gender"":""male"",""percentage"":0.154982},{""age"":""25-34"",""gender"":""female"",""percentage"":0.118081},{""age"":""18-24"",""gender"":""male"",""percentage"":0.01845},{""age"":""55-64"",""gender"":""female"",""percentage"":0.00738}","{""region"":""Los R\u00edos Region"",""percentage"":0.01107},{""region"":""Arica y Parinacota Region"",""percentage"":0.02583},{""region"":""Valpara\u00edso Region"",""percentage"":0.0369},{""region"":""Ays\u00e9n Region"",""percentage"":0.01107},{""region"":""Antofagasta Region"",""percentage"":0.062731},{""region"":""Araucan\u00eda Region"",""percentage"":0.140221},{""region"":""Atacama Region"",""percentage"":0.0369},{""region"":""B\u00edo B\u00edo Region"",""percentage"":0.143911},{""region"":""Coquimbo Region"",""percentage"":0.092251},{""region"":""O'Higgins Region"",""percentage"":0.114391},{""region"":""Los Lagos Region"",""percentage"":0.081181},{""region"":""Maule Region"",""percentage"":0.01845},{""region"":""Santiago Metropolitan Region"",""percentage"":0.214022},{""region"":""Tarapac\u00e1 Region"",""percentage"":0.01107}",facebook,"lower_bound: 50001, upper_bound: 100000",es
608873430271901,103820310982935,"Sichel Presidente",2021-10-12,2021-10-12,2021-10-13,"Sebastián Sichel Ramirez","La familia Mella Guzmán representa el esfuerzo de miles de familias chilenas. Y nos transmiten lo importante: compartir y agradecer en familia. #SePuede #YoTeEscucho",,,,"lower_bound: 0, upper_bound: 999","lower_bound: 0, upper_bound: 99",USD,,,facebook,"lower_bound: 50001, upper_bound: 100000",es
1315262658910146,103820310982935,"Sichel Presidente",2021-10-12,2021-10-12,2021-10-13,"Sebastián Sichel Ramirez","Nuestro programa de gobierno necesita gente con experiencia, gente diversa y que represente a los chilenos. #SePuede","Un gabinete diverso",,,"lower_bound: 0, upper_bound: 999","lower_bound: 0, upper_bound: 99",USD,"{""age"":""25-34"",""gender"":""female"",""percentage"":0.036082},{""age"":""35-44"",""gender"":""male"",""percentage"":0.340206},{""age"":""45-54"",""gender"":""male"",""percentage"":0.190722},{""age"":""45-54"",""gender"":""female"",""percentage"":0.025773},{""age"":""35-44"",""gender"":""female"",""percentage"":0.041237},{""age"":""25-34"",""gender"":""male"",""percentage"":0.309278},{""age"":""18-24"",""gender"":""male"",""percentage"":0.025773},{""age"":""25-34"",""gender"":""unknown"",""percentage"":0.005155},{""age"":""18-24"",""gender"":""female"",""percentage"":0.005155},{""age"":""55-64"",""gender"":""male"",""percentage"":0.020619}","{""region"":""Los R\u00edos Region"",""percentage"":0.005155},{""region"":""Arica y Parinacota Region"",""percentage"":0.015464},{""region"":""Valpara\u00edso Region"",""percentage"":0.030928},{""region"":""Ays\u00e9n Region"",""percentage"":0.010309},{""region"":""Antofagasta Region"",""percentage"":0.06701},{""region"":""Araucan\u00eda Region"",""percentage"":0.139175},{""region"":""Atacama Region"",""percentage"":0.020619},{""region"":""B\u00edo B\u00edo Region"",""percentage"":0.190722},{""region"":""Coquimbo Region"",""percentage"":0.07732},{""region"":""O'Higgins Region"",""percentage"":0.14433},{""region"":""Los Lagos Region"",""percentage"":0.154639},{""region"":""Magallanes y la Ant\u00e1rtica Chilena Region"",""percentage"":0.010309},{""region"":""Santiago Metropolitan Region"",""percentage"":0.097938},{""region"":""Tarapac\u00e1 Region"",""percentage"":0.030928},{""region"":""Maule Region"",""percentage"":0.005155}",facebook,"lower_bound: 50001, upper_bound: 100000",es
697741744533906,103820310982935,"Sichel Presidente",2021-10-12,2021-10-12,2021-10-13,"Sebastián Sichel Ramirez","35 compromisos por un Chile mejor y 6 pilares claves para dar certezas a los cambios que queremos liderar #SePuede",,,,"lower_bound: 0, upper_bound: 999","lower_bound: 0, upper_bound: 99",USD,,,facebook,"lower_bound: 50001, upper_bound: 100000",es
276585420997231,103820310982935,"Sichel Presidente",2021-10-12,2021-10-12,2021-10-12,"Sebastián Sichel Ramirez","Cuesta ganase los porotos. Por eso vamos a devolver el IVA en alimentos y medicamentos. #SePuedeClaroQueSePuede","Cuesta Ganarse Los Porotos",sichelpresidente.cl,,"lower_bound: 150000, upper_bound: 174999","lower_bound: 800, upper_bound: 899",USD,"{""age"":""25-34"",""gender"":""unknown"",""percentage"":0.001415},{""age"":""55-64"",""gender"":""unknown"",""percentage"":0.00025},{""age"":""45-54"",""gender"":""unknown"",""percentage"":0.003388},{""age"":""18-24"",""gender"":""male"",""percentage"":0.007867},{""age"":""18-24"",""gender"":""unknown"",""percentage"":0.000133},{""age"":""45-54"",""gender"":""male"",""percentage"":0.104988},{""age"":""35-44"",""gender"":""unknown"",""percentage"":0.004287},{""age"":""55-64"",""gender"":""female"",""percentage"":0.02182},{""age"":""25-34"",""gender"":""male"",""percentage"":0.122762},{""age"":""35-44"",""gender"":""male"",""percentage"":0.136556},{""age"":""25-34"",""gender"":""female"",""percentage"":0.14161},{""age"":""18-24"",""gender"":""female"",""percentage"":0.01128},{""age"":""45-54"",""gender"":""female"",""percentage"":0.234218},{""age"":""35-44"",""gender"":""female"",""percentage"":0.200826},{""age"":""55-64"",""gender"":""male"",""percentage"":0.0086}","{""region"":""Los R\u00edos Region"",""percentage"":0.035869},{""region"":""Arica y Parinacota Region"",""percentage"":0.022686},{""region"":""Valpara\u00edso Region"",""percentage"":0.057605},{""region"":""Ays\u00e9n Region"",""percentage"":0.010856},{""region"":""Antofagasta Region"",""percentage"":0.077224},{""region"":""Araucan\u00eda Region"",""percentage"":0.114512},{""region"":""Atacama Region"",""percentage"":0.033491},{""region"":""B\u00edo B\u00edo Region"",""percentage"":0.276286},{""region"":""Coquimbo Region"",""percentage"":0.059184},{""region"":""O'Higgins Region"",""percentage"":0.043783},{""region"":""Los Lagos Region"",""percentage"":0.08192},{""region"":""Magallanes y la Ant\u00e1rtica Chilena Region"",""percentage"":0.021887},{""region"":""Maule Region"",""percentage"":0.090566},{""region"":""Santiago Metropolitan Region"",""percentage"":0.041683},{""region"":""Tarapac\u00e1 Region"",""percentage"":0.032449}","facebook,instagram","lower_bound: 500001, upper_bound: 1000000",es
3084978605120080,103820310982935,"Sichel Presidente",2021-10-12,2021-10-12,2021-10-13,"Sebastián Sichel Ramirez","Cuántas veces alguien les dijo que no? Gracias a quienes participaron por historias. El compromiso de este proyecto es abrir puertas. Nunca más un NO por respuesta, un sí #SePuede.","Cuántas veces",,,"lower_bound: 0, upper_bound: 999","lower_bound: 0, upper_bound: 99",USD,"{""age"":""55-64"",""gender"":""male"",""percentage"":0.010811},{""age"":""35-44"",""gender"":""male"",""percentage"":0.202703},{""age"":""45-54"",""gender"":""male"",""percentage"":0.175676},{""age"":""25-34"",""gender"":""female"",""percentage"":0.110811},{""age"":""25-34"",""gender"":""male"",""percentage"":0.118919},{""age"":""35-44"",""gender"":""female"",""percentage"":0.186486},{""age"":""45-54"",""gender"":""female"",""percentage"":0.137838},{""age"":""35-44"",""gender"":""unknown"",""percentage"":0.008108},{""age"":""18-24"",""gender"":""male"",""percentage"":0.02973},{""age"":""18-24"",""gender"":""female"",""percentage"":0.016216},{""age"":""55-64"",""gender"":""female"",""percentage"":0.002703}","{""region"":""Arica y Parinacota Region"",""percentage"":0.048649},{""region"":""Valpara\u00edso Region"",""percentage"":0.02973},{""region"":""Ays\u00e9n Region"",""percentage"":0.013514},{""region"":""Antofagasta Region"",""percentage"":0.081081},{""region"":""Araucan\u00eda Region"",""percentage"":0.1},{""region"":""Atacama Region"",""percentage"":0.051351},{""region"":""B\u00edo B\u00edo Region"",""percentage"":0.151351},{""region"":""Coquimbo Region"",""percentage"":0.1},{""region"":""O'Higgins Region"",""percentage"":0.148649},{""region"":""Los Lagos Region"",""percentage"":0.108108},{""region"":""Magallanes y la Ant\u00e1rtica Chilena Region"",""percentage"":0.005405},{""region"":""Maule Region"",""percentage"":0.018919},{""region"":""Santiago Metropolitan Region"",""percentage"":0.12973},{""region"":""Tarapac\u00e1 Region"",""percentage"":0.013514}",facebook,"lower_bound: 50001, upper_bound: 100000",es
375869970898711,103820310982935,"Sichel Presidente",2021-10-12,2021-10-12,2021-10-12,"Sebastián Sichel Ramirez","Con estos bototos hemos recorrido Chile y lo seguiremos haciendo. Nos vemos esta noche a las 22:30 en el #DebatePresidencial. #SichelSePuede","Un Presidente con Bototos",sichelpresidente.cl,,"lower_bound: 0, upper_bound: 999","lower_bound: 0, upper_bound: 99",USD,"{""age"":""55-64"",""gender"":""male"",""percentage"":0.014423},{""age"":""35-44"",""gender"":""unknown"",""percentage"":0.004808},{""age"":""18-24"",""gender"":""male"",""percentage"":0.024038},{""age"":""35-44"",""gender"":""female"",""percentage"":0.163462},{""age"":""25-34"",""gender"":""male"",""percentage"":0.115385},{""age"":""25-34"",""gender"":""female"",""percentage"":0.072115},{""age"":""45-54"",""gender"":""male"",""percentage"":0.192308},{""age"":""45-54"",""gender"":""female"",""percentage"":0.269231},{""age"":""35-44"",""gender"":""male"",""percentage"":0.105769},{""age"":""55-64"",""gender"":""female"",""percentage"":0.038462}","{""region"":""Los R\u00edos Region"",""percentage"":0.024038},{""region"":""Arica y Parinacota Region"",""percentage"":0.033654},{""region"":""Valpara\u00edso Region"",""percentage"":0.033654},{""region"":""Ays\u00e9n Region"",""percentage"":0.014423},{""region"":""Antofagasta Region"",""percentage"":0.072115},{""region"":""Araucan\u00eda Region"",""percentage"":0.153846},{""region"":""Atacama Region"",""percentage"":0.024038},{""region"":""B\u00edo B\u00edo Region"",""percentage"":0.269231},{""region"":""Coquimbo Region"",""percentage"":0.076923},{""region"":""O'Higgins Region"",""percentage"":0.072115},{""region"":""Los Lagos Region"",""percentage"":0.019231},{""region"":""Maule Region"",""percentage"":0.033654},{""region"":""Santiago Metropolitan Region"",""percentage"":0.173077}","facebook,instagram","lower_bound: 10001, upper_bound: 50000",es
203212165244808,103820310982935,"Sichel Presidente",2021-10-12,2021-10-12,2021-10-12,"Sebastián Sichel Ramirez","Cuesta ganase los porotos. Por eso vamos a devolver el IVA en alimentos y medicamentos. #SePuedeClaroQueSePuede","Cuesta Ganarse Los Porotos",sichelpresidente.cl,,"lower_bound: 1000, upper_bound: 1999","lower_bound: 0, upper_bound: 99",USD,"{""age"":""25-34"",""gender"":""female"",""percentage"":0.129103},{""age"":""55-64"",""gender"":""female"",""percentage"":0.014223},{""age"":""25-34"",""gender"":""male"",""percentage"":0.143326},{""age"":""35-44"",""gender"":""female"",""percentage"":0.185996},{""age"":""45-54"",""gender"":""male"",""percentage"":0.11488},{""age"":""45-54"",""gender"":""female"",""percentage"":0.19256},{""age"":""35-44"",""gender"":""male"",""percentage"":0.161926},{""age"":""18-24"",""gender"":""male"",""percentage"":0.019694},{""age"":""18-24"",""gender"":""female"",""percentage"":0.021882},{""age"":""45-54"",""gender"":""unknown"",""percentage"":0.002188},{""age"":""35-44"",""gender"":""unknown"",""percentage"":0.006565},{""age"":""55-64"",""gender"":""male"",""percentage"":0.00547},{""age"":""25-34"",""gender"":""unknown"",""percentage"":0.002188}","{""region"":""Los R\u00edos Region"",""percentage"":0.012035},{""region"":""Arica y Parinacota Region"",""percentage"":0.022976},{""region"":""Valpara\u00edso Region"",""percentage"":0.030635},{""region"":""Ays\u00e9n Region"",""percentage"":0.014223},{""region"":""Antofagasta Region"",""percentage"":0.070022},{""region"":""Araucan\u00eda Region"",""percentage"":0.16302},{""region"":""Atacama Region"",""percentage"":0.052516},{""region"":""B\u00edo B\u00edo Region"",""percentage"":0.286652},{""region"":""Coquimbo Region"",""percentage"":0.100656},{""region"":""O'Higgins Region"",""percentage"":0.087527},{""region"":""Los Lagos Region"",""percentage"":0.021882},{""region"":""Magallanes y la Ant\u00e1rtica Chilena Region"",""percentage"":0.002188},{""region"":""Maule Region"",""percentage"":0.027352},{""region"":""Santiago Metropolitan Region"",""percentage"":0.103939},{""region"":""Tarapac\u00e1 Region"",""percentage"":0.004376}","facebook,instagram","lower_bound: 10001, upper_bound: 50000",es
953788322161640,103820310982935,"Sichel Presidente",2021-10-12,2021-10-12,2021-10-13,"Sebastián Sichel Ramirez","Resumen de la visita a Los Lagos! Gracias a Los Muermos, Puerto Montt, Puerto Varas, Llanquihue, Puyehue, Puerto Octay, Fresia y Osorno. La regionalización #SePuede",,,,"lower_bound: 0, upper_bound: 999","lower_bound: 0, upper_bound: 99",USD,,,facebook,"lower_bound: 50001, upper_bound: 100000",es
964712690774811,103820310982935,"Sichel Presidente",2021-10-12,2021-10-12,2021-10-13,"Sebastián Sichel Ramirez","La discapacidad no puede tener políticas públicas olvidadas, se necesita una mayor y real integración. En esta campaña decimos #SePuede!",,,,"lower_bound: 0, upper_bound: 999","lower_bound: 0, upper_bound: 99",USD,,,facebook,"lower_bound: 50001, upper_bound: 100000",es
408309370681877,103820310982935,"Sichel Presidente",2021-10-11,2021-10-12,2021-10-12,"Sebastián Sichel Ramirez","Esta es la elección más importante de todos los tiempos, donde la seguridad, el respeto y la solidaridad son valores que tenemos que recuperar. #SichelSePuede #DebatePresidencial","Esta es la elección más importante de todos los tiempos",sichelpresidente.cl,,"lower_bound: 4000, upper_bound: 4999","lower_bound: 0, upper_bound: 99",USD,"{""age"":""18-24"",""gender"":""unknown"",""percentage"":0.000631},{""age"":""25-34"",""gender"":""unknown"",""percentage"":0.001894},{""age"":""35-44"",""gender"":""unknown"",""percentage"":0.00221},{""age"":""55-64"",""gender"":""female"",""percentage"":0.020518},{""age"":""25-34"",""gender"":""male"",""percentage"":0.137626},{""age"":""18-24"",""gender"":""male"",""percentage"":0.012942},{""age"":""55-64"",""gender"":""male"",""percentage"":0.018308},{""age"":""45-54"",""gender"":""female"",""percentage"":0.186553},{""age"":""25-34"",""gender"":""female"",""percentage"":0.081755},{""age"":""35-44"",""gender"":""female"",""percentage"":0.140783},{""age"":""35-44"",""gender"":""male"",""percentage"":0.197285},{""age"":""45-54"",""gender"":""male"",""percentage"":0.181503},{""age"":""18-24"",""gender"":""female"",""percentage"":0.01452},{""age"":""45-54"",""gender"":""unknown"",""percentage"":0.002841},{""age"":""55-64"",""gender"":""unknown"",""percentage"":0.000631}","{""region"":""Unknown"",""percentage"":0.000315},{""region"":""Los R\u00edos Region"",""percentage"":0.007237},{""region"":""Arica y Parinacota Region"",""percentage"":0.02297},{""region"":""Valpara\u00edso Region"",""percentage"":0.029578},{""region"":""Ays\u00e9n Region"",""percentage"":0.016677},{""region"":""Antofagasta Region"",""percentage"":0.084644},{""region"":""Araucan\u00eda Region"",""percentage"":0.164884},{""region"":""Atacama Region"",""percentage"":0.038389},{""region"":""B\u00edo B\u00edo Region"",""percentage"":0.34141},{""region"":""Coquimbo Region"",""percentage"":0.088106},{""region"":""O'Higgins Region"",""percentage"":0.066709},{""region"":""Los Lagos Region"",""percentage"":0.013531},{""region"":""Magallanes y la Ant\u00e1rtica Chilena Region"",""percentage"":0.003461},{""region"":""Maule Region"",""percentage"":0.015104},{""region"":""Santiago Metropolitan Region"",""percentage"":0.099119},{""region"":""Tarapac\u00e1 Region"",""percentage"":0.007867}","facebook,instagram","lower_bound: 10001, upper_bound: 50000",es
596875254988059,103820310982935,"Sichel Presidente",2021-10-11,2021-10-12,2021-10-12,"Sebastián Sichel Ramirez","Esta es la elección más importante de todos los tiempos, donde la seguridad, el respeto y la solidaridad son valores que tenemos que recuperar. #SichelSePuede #DebatePresidencial","Esta es la elección más importante de todos los tiempos",sichelpresidente.cl,,"lower_bound: 250000, upper_bound: 299999","lower_bound: 1500, upper_bound: 1999",USD,"{""age"":""55-64"",""gender"":""unknown"",""percentage"":0.000369},{""age"":""35-44"",""gender"":""female"",""percentage"":0.158104},{""age"":""35-44"",""gender"":""male"",""percentage"":0.154619},{""age"":""25-34"",""gender"":""female"",""percentage"":0.093921},{""age"":""45-54"",""gender"":""female"",""percentage"":0.235114},{""age"":""25-34"",""gender"":""male"",""percentage"":0.114982},{""age"":""45-54"",""gender"":""male"",""percentage"":0.174052},{""age"":""55-64"",""gender"":""female"",""percentage"":0.025977},{""age"":""18-24"",""gender"":""female"",""percentage"":0.008432},{""age"":""55-64"",""gender"":""male"",""percentage"":0.016999},{""age"":""18-24"",""gender"":""male"",""percentage"":0.007594},{""age"":""25-34"",""gender"":""unknown"",""percentage"":0.001004},{""age"":""35-44"",""gender"":""unknown"",""percentage"":0.004151},{""age"":""45-54"",""gender"":""unknown"",""percentage"":0.004489},{""age"":""18-24"",""gender"":""unknown"",""percentage"":0.000192}","{""region"":""Los R\u00edos Region"",""percentage"":0.03407},{""region"":""Arica y Parinacota Region"",""percentage"":0.022414},{""region"":""Valpara\u00edso Region"",""percentage"":0.055693},{""region"":""Ays\u00e9n Region"",""percentage"":0.010743},{""region"":""Antofagasta Region"",""percentage"":0.086787},{""region"":""Araucan\u00eda Region"",""percentage"":0.105603},{""region"":""Atacama Region"",""percentage"":0.031743},{""region"":""B\u00edo B\u00edo Region"",""percentage"":0.290422},{""region"":""Coquimbo Region"",""percentage"":0.05631},{""region"":""O'Higgins Region"",""percentage"":0.039368},{""region"":""Los Lagos Region"",""percentage"":0.075105},{""region"":""Magallanes y la Ant\u00e1rtica Chilena Region"",""percentage"":0.02472},{""region"":""Maule Region"",""percentage"":0.07844},{""region"":""Santiago Metropolitan Region"",""percentage"":0.055076},{""region"":""Tarapac\u00e1 Region"",""percentage"":0.033506}","facebook,instagram","lower_bound: 500001, upper_bound: 1000000",es
636273850743471,103820310982935,"Sichel Presidente",2021-10-11,2021-10-12,2021-10-12,"Sebastián Sichel Ramirez","Esta es la elección más importante de todos los tiempos, donde la seguridad, el respeto y la solidaridad son valores que tenemos que recuperar. #SichelSePuede #DebatePresidencial","Esta es la elección más importante de todos los tiempos",sichelpresidente.cl,,"lower_bound: 2000, upper_bound: 2999","lower_bound: 0, upper_bound: 99",USD,"{""age"":""55-64"",""gender"":""male"",""percentage"":0.019124},{""age"":""18-24"",""gender"":""female"",""percentage"":0.014806},{""age"":""25-34"",""gender"":""female"",""percentage"":0.076496},{""age"":""25-34"",""gender"":""male"",""percentage"":0.162862},{""age"":""35-44"",""gender"":""male"",""percentage"":0.199877},{""age"":""35-44"",""gender"":""female"",""percentage"":0.136952},{""age"":""45-54"",""gender"":""female"",""percentage"":0.160395},{""age"":""45-54"",""gender"":""male"",""percentage"":0.172733},{""age"":""18-24"",""gender"":""male"",""percentage"":0.025293},{""age"":""35-44"",""gender"":""unknown"",""percentage"":0.001234},{""age"":""55-64"",""gender"":""female"",""percentage"":0.021592},{""age"":""55-64"",""gender"":""unknown"",""percentage"":0.000617},{""age"":""45-54"",""gender"":""unknown"",""percentage"":0.005552},{""age"":""25-34"",""gender"":""unknown"",""percentage"":0.001851},{""age"":""18-24"",""gender"":""unknown"",""percentage"":0.000617}","{""region"":""Unknown"",""percentage"":0.000618},{""region"":""Los R\u00edos Region"",""percentage"":0.006794},{""region"":""Arica y Parinacota Region"",""percentage"":0.027177},{""region"":""Valpara\u00edso Region"",""percentage"":0.033972},{""region"":""Ays\u00e9n Region"",""percentage"":0.023471},{""region"":""Antofagasta Region"",""percentage"":0.082149},{""region"":""Araucan\u00eda Region"",""percentage"":0.159358},{""region"":""Atacama Region"",""percentage"":0.045707},{""region"":""B\u00edo B\u00edo Region"",""percentage"":0.292773},{""region"":""Coquimbo Region"",""percentage"":0.097591},{""region"":""O'Higgins Region"",""percentage"":0.06609},{""region"":""Los Lagos Region"",""percentage"":0.01853},{""region"":""Magallanes y la Ant\u00e1rtica Chilena Region"",""percentage"":0.003088},{""region"":""Maule Region"",""percentage"":0.017295},{""region"":""Santiago Metropolitan Region"",""percentage"":0.11365},{""region"":""Tarapac\u00e1 Region"",""percentage"":0.011736}","facebook,instagram","lower_bound: 10001, upper_bound: 50000",es
477809289967484,103820310982935,"Sichel Presidente",2021-10-11,2021-10-11,2021-10-12,"Sebastián Sichel Ramirez","Esta noche estaremos debatiendo sobre cómo podemos tener un mejor país juntos. Abrimos las conversación en el #DebatePresidencialcon el hashtag #SichelSePuede",,sichelpresidente.cl,,"lower_bound: 80000, upper_bound: 89999","lower_bound: 400, upper_bound: 499",USD,"{""age"":""25-34"",""gender"":""unknown"",""percentage"":0.000869},{""age"":""18-24"",""gender"":""unknown"",""percentage"":0.000149},{""age"":""55-64"",""gender"":""unknown"",""percentage"":0.000475},{""age"":""45-54"",""gender"":""unknown"",""percentage"":0.004971},{""age"":""45-54"",""gender"":""female"",""percentage"":0.253464},{""age"":""55-64"",""gender"":""female"",""percentage"":0.029},{""age"":""18-24"",""gender"":""male"",""percentage"":0.008354},{""age"":""35-44"",""gender"":""female"",""percentage"":0.187761},{""age"":""35-44"",""gender"":""male"",""percentage"":0.109046},{""age"":""45-54"",""gender"":""male"",""percentage"":0.141524},{""age"":""25-34"",""gender"":""male"",""percentage"":0.080331},{""age"":""55-64"",""gender"":""male"",""percentage"":0.014942},{""age"":""25-34"",""gender"":""female"",""percentage"":0.149579},{""age"":""18-24"",""gender"":""female"",""percentage"":0.016096},{""age"":""35-44"",""gender"":""unknown"",""percentage"":0.003437}","{""region"":""Los R\u00edos Region"",""percentage"":0.029987},{""region"":""Arica y Parinacota Region"",""percentage"":0.029074},{""region"":""Valpara\u00edso Region"",""percentage"":0.055709},{""region"":""Ays\u00e9n Region"",""percentage"":0.014094},{""region"":""Antofagasta Region"",""percentage"":0.098945},{""region"":""Araucan\u00eda Region"",""percentage"":0.114075},{""region"":""Atacama Region"",""percentage"":0.034281},{""region"":""B\u00edo B\u00edo Region"",""percentage"":0.26389},{""region"":""Coquimbo Region"",""percentage"":0.054754},{""region"":""O'Higgins Region"",""percentage"":0.04201},{""region"":""Los Lagos Region"",""percentage"":0.077531},{""region"":""Magallanes y la Ant\u00e1rtica Chilena Region"",""percentage"":0.028202},{""region"":""Maule Region"",""percentage"":0.077681},{""region"":""Santiago Metropolitan Region"",""percentage"":0.03439},{""region"":""Tarapac\u00e1 Region"",""percentage"":0.045376}","facebook,instagram","lower_bound: 500001, upper_bound: 1000000",es
629022074754141,103820310982935,"Sichel Presidente",2021-10-11,2021-10-11,2021-10-13,"Sebastián Sichel Ramirez","Con estos bototos hemos recorrido Chile y lo seguiremos haciendo. Nos vemos esta noche a las 22:30 en el #DebatePresidencial. #SichelSePuede","Un Presidente con Bototos",sichelpresidente.cl,,"lower_bound: 25000, upper_bound: 29999","lower_bound: 100, upper_bound: 199",USD,"{""age"":""18-24"",""gender"":""unknown"",""percentage"":4.3e-5},{""age"":""18-24"",""gender"":""male"",""percentage"":0.01069},{""age"":""55-64"",""gender"":""male"",""percentage"":0.017988},{""age"":""45-54"",""gender"":""unknown"",""percentage"":0.005882},{""age"":""25-34"",""gender"":""unknown"",""percentage"":0.001202},{""age"":""55-64"",""gender"":""female"",""percentage"":0.034474},{""age"":""35-44"",""gender"":""male"",""percentage"":0.13781},{""age"":""35-44"",""gender"":""unknown"",""percentage"":0.00395},{""age"":""25-34"",""gender"":""male"",""percentage"":0.087537},{""age"":""18-24"",""gender"":""female"",""percentage"":0.011849},{""age"":""45-54"",""gender"":""male"",""percentage"":0.163611},{""age"":""35-44"",""gender"":""female"",""percentage"":0.152921},{""age"":""45-54"",""gender"":""female"",""percentage"":0.286481},{""age"":""25-34"",""gender"":""female"",""percentage"":0.085219},{""age"":""55-64"",""gender"":""unknown"",""percentage"":0.000343}","{""region"":""Los R\u00edos Region"",""percentage"":0.03418},{""region"":""Arica y Parinacota Region"",""percentage"":0.023153},{""region"":""Valpara\u00edso Region"",""percentage"":0.044724},{""region"":""Ays\u00e9n Region"",""percentage"":0.011115},{""region"":""Antofagasta Region"",""percentage"":0.078816},{""region"":""Araucan\u00eda Region"",""percentage"":0.130525},{""region"":""Atacama Region"",""percentage"":0.032774},{""region"":""B\u00edo B\u00edo Region"",""percentage"":0.288727},{""region"":""Coquimbo Region"",""percentage"":0.063175},{""region"":""O'Higgins Region"",""percentage"":0.044855},{""region"":""Los Lagos Region"",""percentage"":0.073588},{""region"":""Magallanes y la Ant\u00e1rtica Chilena Region"",""percentage"":0.017222},{""region"":""Maule Region"",""percentage"":0.085098},{""region"":""Santiago Metropolitan Region"",""percentage"":0.036508},{""region"":""Tarapac\u00e1 Region"",""percentage"":0.035542}","facebook,instagram","lower_bound: 500001, upper_bound: 1000000",es
323014729627261,103820310982935,"Sichel Presidente",2021-10-11,2021-10-11,2021-10-12,"Sebastián Sichel Ramirez","Esta noche estaremos debatiendo sobre cómo podemos tener un mejor país juntos. Abrimos las conversación en el #DebatePresidencialcon el hashtag #SichelSePuede",,sichelpresidente.cl,,"lower_bound: 1000, upper_bound: 1999","lower_bound: 0, upper_bound: 99",USD,"{""age"":""45-54"",""gender"":""unknown"",""percentage"":0.004753},{""age"":""55-64"",""gender"":""unknown"",""percentage"":0.000951},{""age"":""18-24"",""gender"":""unknown"",""percentage"":0.000951},{""age"":""25-34"",""gender"":""unknown"",""percentage"":0.000951},{""age"":""35-44"",""gender"":""unknown"",""percentage"":0.005703},{""age"":""18-24"",""gender"":""male"",""percentage"":0.030418},{""age"":""45-54"",""gender"":""female"",""percentage"":0.179658},{""age"":""25-34"",""gender"":""female"",""percentage"":0.129278},{""age"":""45-54"",""gender"":""male"",""percentage"":0.156844},{""age"":""35-44"",""gender"":""male"",""percentage"":0.13308},{""age"":""35-44"",""gender"":""female"",""percentage"":0.180608},{""age"":""55-64"",""gender"":""male"",""percentage"":0.009506},{""age"":""55-64"",""gender"":""female"",""percentage"":0.012357},{""age"":""25-34"",""gender"":""male"",""percentage"":0.123574},{""age"":""18-24"",""gender"":""female"",""percentage"":0.031369}","{""region"":""Los R\u00edos Region"",""percentage"":0.00754},{""region"":""Arica y Parinacota Region"",""percentage"":0.024505},{""region"":""Valpara\u00edso Region"",""percentage"":0.032988},{""region"":""Ays\u00e9n Region"",""percentage"":0.01885},{""region"":""Antofagasta Region"",""percentage"":0.090481},{""region"":""Araucan\u00eda Region"",""percentage"":0.146089},{""region"":""Atacama Region"",""percentage"":0.050895},{""region"":""B\u00edo B\u00edo Region"",""percentage"":0.29689},{""region"":""Coquimbo Region"",""percentage"":0.098963},{""region"":""O'Higgins Region"",""percentage"":0.073516},{""region"":""Los Lagos Region"",""percentage"":0.021678},{""region"":""Magallanes y la Ant\u00e1rtica Chilena Region"",""percentage"":0.001885},{""region"":""Maule Region"",""percentage"":0.013195},{""region"":""Santiago Metropolitan Region"",""percentage"":0.115928},{""region"":""Tarapac\u00e1 Region"",""percentage"":0.006598}","facebook,instagram","lower_bound: 10001, upper_bound: 50000",es
546862459708639,103820310982935,"Sichel Presidente",2021-10-11,2021-10-11,2021-10-19,"Sebastián Sichel Ramirez","Por un Chile donde ninguna mujer más aplace sus proyectos por culpa de un papá ausente que no paga la pensión de alimentos. Por un Chile donde ningún niño o niña tenga que perseguir lo que es un derecho. #SePuede","Un Chile para las mujeres",,,"lower_bound: 80000, upper_bound: 89999","lower_bound: 300, upper_bound: 399",USD,"{""age"":""25-34"",""gender"":""female"",""percentage"":0.204666},{""age"":""45-54"",""gender"":""female"",""percentage"":0.391222},{""age"":""35-44"",""gender"":""female"",""percentage"":0.295793},{""age"":""18-24"",""gender"":""female"",""percentage"":0.063247},{""age"":""55-64"",""gender"":""female"",""percentage"":0.045072}","{""region"":""Los R\u00edos Region"",""percentage"":0.026},{""region"":""Arica y Parinacota Region"",""percentage"":0.024536},{""region"":""Valpara\u00edso Region"",""percentage"":0.096305},{""region"":""Ays\u00e9n Region"",""percentage"":0.003916},{""region"":""Antofagasta Region"",""percentage"":0.064107},{""region"":""Araucan\u00eda Region"",""percentage"":0.061246},{""region"":""Atacama Region"",""percentage"":0.024025},{""region"":""B\u00edo B\u00edo Region"",""percentage"":0.121948},{""region"":""Coquimbo Region"",""percentage"":0.034803},{""region"":""O'Higgins Region"",""percentage"":0.060395},{""region"":""Los Lagos Region"",""percentage"":0.055883},{""region"":""Magallanes y la Ant\u00e1rtica Chilena Region"",""percentage"":0.009041},{""region"":""Maule Region"",""percentage"":0.074749},{""region"":""Santiago Metropolitan Region"",""percentage"":0.303559},{""region"":""Tarapac\u00e1 Region"",""percentage"":0.039486}","facebook,instagram","lower_bound: 500001, upper_bound: 1000000",es
976146059898402,103820310982935,"Sichel Presidente",2021-10-11,2021-10-11,2021-10-19,"Sebastián Sichel Ramirez","En esta campaña las mujeres están al centro de nuestras propuestas y programa.","Mujeres al centro",,,"lower_bound: 350000, upper_bound: 399999","lower_bound: 1000, upper_bound: 1499",USD,"{""age"":""25-34"",""gender"":""female"",""percentage"":0.205024},{""age"":""55-64"",""gender"":""female"",""percentage"":0.045535},{""age"":""45-54"",""gender"":""female"",""percentage"":0.387943},{""age"":""35-44"",""gender"":""female"",""percentage"":0.312797},{""age"":""18-24"",""gender"":""female"",""percentage"":0.048702}","{""region"":""Los R\u00edos Region"",""percentage"":0.025735},{""region"":""Arica y Parinacota Region"",""percentage"":0.020711},{""region"":""Valpara\u00edso Region"",""percentage"":0.098152},{""region"":""Ays\u00e9n Region"",""percentage"":0.00435},{""region"":""Antofagasta Region"",""percentage"":0.051315},{""region"":""Araucan\u00eda Region"",""percentage"":0.066715},{""region"":""Atacama Region"",""percentage"":0.022028},{""region"":""B\u00edo B\u00edo Region"",""percentage"":0.134782},{""region"":""Coquimbo Region"",""percentage"":0.03805},{""region"":""O'Higgins Region"",""percentage"":0.059947},{""region"":""Los Lagos Region"",""percentage"":0.060625},{""region"":""Magallanes y la Ant\u00e1rtica Chilena Region"",""percentage"":0.009697},{""region"":""Maule Region"",""percentage"":0.071399},{""region"":""Santiago Metropolitan Region"",""percentage"":0.303991},{""region"":""Tarapac\u00e1 Region"",""percentage"":0.032503}","facebook,instagram","lower_bound: 500001, upper_bound: 1000000",es
1208577519649643,103820310982935,"Sichel Presidente",2021-10-11,2021-10-11,2021-10-19,"Sebastián Sichel Ramirez","35 compromisos por un Chile mejor y 6 pilares claves para dar certezas a los cambios que queremos liderar #SePuede",,,,"lower_bound: 175000, upper_bound: 199999","lower_bound: 600, upper_bound: 699",USD,"{""age"":""35-44"",""gender"":""female"",""percentage"":0.290913},{""age"":""45-54"",""gender"":""female"",""percentage"":0.324299},{""age"":""25-34"",""gender"":""female"",""percentage"":0.263094},{""age"":""55-64"",""gender"":""female"",""percentage"":0.036561},{""age"":""18-24"",""gender"":""female"",""percentage"":0.085134}","{""region"":""Los R\u00edos Region"",""percentage"":0.02712},{""region"":""Arica y Parinacota Region"",""percentage"":0.024231},{""region"":""Valpara\u00edso Region"",""percentage"":0.093993},{""region"":""Ays\u00e9n Region"",""percentage"":0.00424},{""region"":""Antofagasta Region"",""percentage"":0.063178},{""region"":""Araucan\u00eda Region"",""percentage"":0.066984},{""region"":""Atacama Region"",""percentage"":0.025336},{""region"":""B\u00edo B\u00edo Region"",""percentage"":0.137315},{""region"":""Coquimbo Region"",""percentage"":0.046024},{""region"":""O'Higgins Region"",""percentage"":0.063755},{""region"":""Los Lagos Region"",""percentage"":0.068607},{""region"":""Magallanes y la Ant\u00e1rtica Chilena Region"",""percentage"":0.009575},{""region"":""Maule Region"",""percentage"":0.084698},{""region"":""Santiago Metropolitan Region"",""percentage"":0.243441},{""region"":""Tarapac\u00e1 Region"",""percentage"":0.041504}","facebook,instagram","lower_bound: 500001, upper_bound: 1000000",es
191726793077732,103820310982935,"Sichel Presidente",2021-10-11,2021-10-11,2021-10-19,"Sebastián Sichel Ramirez","La discapacidad no puede tener políticas públicas olvidadas, se necesita una mayor y real integración. En esta campaña decimos #SePuede!",,,,"lower_bound: 80000, upper_bound: 89999","lower_bound: 300, upper_bound: 399",USD,"{""age"":""45-54"",""gender"":""female"",""percentage"":0.335464},{""age"":""55-64"",""gender"":""female"",""percentage"":0.032179},{""age"":""35-44"",""gender"":""female"",""percentage"":0.322232},{""age"":""25-34"",""gender"":""female"",""percentage"":0.236268},{""age"":""18-24"",""gender"":""female"",""percentage"":0.073857}","{""region"":""Los R\u00edos Region"",""percentage"":0.024605},{""region"":""Arica y Parinacota Region"",""percentage"":0.023373},{""region"":""Valpara\u00edso Region"",""percentage"":0.104144},{""region"":""Ays\u00e9n Region"",""percentage"":0.003569},{""region"":""Antofagasta Region"",""percentage"":0.056837},{""region"":""Araucan\u00eda Region"",""percentage"":0.061638},{""region"":""Atacama Region"",""percentage"":0.022901},{""region"":""B\u00edo B\u00edo Region"",""percentage"":0.11775},{""region"":""Coquimbo Region"",""percentage"":0.043176},{""region"":""O'Higgins Region"",""percentage"":0.062435},{""region"":""Los Lagos Region"",""percentage"":0.058051},{""region"":""Magallanes y la Ant\u00e1rtica Chilena Region"",""percentage"":0.008171},{""region"":""Maule Region"",""percentage"":0.073814},{""region"":""Santiago Metropolitan Region"",""percentage"":0.299839},{""region"":""Tarapac\u00e1 Region"",""percentage"":0.039697}","facebook,instagram","lower_bound: 500001, upper_bound: 1000000",es
1709970942544785,103820310982935,"Sichel Presidente",2021-10-11,2021-10-11,2021-10-19,"Sebastián Sichel Ramirez","Les presento a Eva. Como ella hay miles de emprendedores y miles de mujeres luchadoras. De eso se trata esta campaña, de acompañar mejor a quienes no hemos escuchado. #SePuede","Una emprendedora por naturaleza",,,"lower_bound: 300000, upper_bound: 349999","lower_bound: 1000, upper_bound: 1499",USD,"{""age"":""55-64"",""gender"":""female"",""percentage"":0.036945},{""age"":""18-24"",""gender"":""female"",""percentage"":0.068564},{""age"":""35-44"",""gender"":""female"",""percentage"":0.294774},{""age"":""45-54"",""gender"":""female"",""percentage"":0.338135},{""age"":""25-34"",""gender"":""female"",""percentage"":0.261582}","{""region"":""Los R\u00edos Region"",""percentage"":0.026877},{""region"":""Arica y Parinacota Region"",""percentage"":0.02332},{""region"":""Valpara\u00edso Region"",""percentage"":0.098554},{""region"":""Ays\u00e9n Region"",""percentage"":0.00397},{""region"":""Antofagasta Region"",""percentage"":0.056281},{""region"":""Araucan\u00eda Region"",""percentage"":0.065824},{""region"":""Atacama Region"",""percentage"":0.022681},{""region"":""B\u00edo B\u00edo Region"",""percentage"":0.123566},{""region"":""Coquimbo Region"",""percentage"":0.041062},{""region"":""O'Higgins Region"",""percentage"":0.058244},{""region"":""Los Lagos Region"",""percentage"":0.061977},{""region"":""Magallanes y la Ant\u00e1rtica Chilena Region"",""percentage"":0.008529},{""region"":""Maule Region"",""percentage"":0.076798},{""region"":""Santiago Metropolitan Region"",""percentage"":0.294909},{""region"":""Tarapac\u00e1 Region"",""percentage"":0.037408}","facebook,instagram","lower_bound: 500001, upper_bound: 1000000",es
3013502485603844,103820310982935,"Sichel Presidente",2021-10-11,2021-10-11,2021-10-19,"Sebastián Sichel Ramirez","Por un Chile donde ninguna mujer más aplace sus proyectos por culpa de un papá ausente que no paga la pensión de alimentos. Por un Chile donde ningún niño o niña tenga que perseguir lo que es un derecho. #SePuede","Un Chile para las mujeres",,,"lower_bound: 10000, upper_bound: 14999","lower_bound: 0, upper_bound: 99",USD,"{""age"":""25-34"",""gender"":""female"",""percentage"":0.163814},{""age"":""18-24"",""gender"":""female"",""percentage"":0.035497},{""age"":""35-44"",""gender"":""female"",""percentage"":0.290982},{""age"":""45-54"",""gender"":""female"",""percentage"":0.446984},{""age"":""55-64"",""gender"":""female"",""percentage"":0.062723}","{""region"":""Los R\u00edos Region"",""percentage"":0.02594},{""region"":""Arica y Parinacota Region"",""percentage"":0.029792},{""region"":""Valpara\u00edso Region"",""percentage"":0.079973},{""region"":""Ays\u00e9n Region"",""percentage"":0.004531},{""region"":""Antofagasta Region"",""percentage"":0.093113},{""region"":""Araucan\u00eda Region"",""percentage"":0.082691},{""region"":""Atacama Region"",""percentage"":0.034889},{""region"":""B\u00edo B\u00edo Region"",""percentage"":0.196534},{""region"":""Coquimbo Region"",""percentage"":0.050408},{""region"":""O'Higgins Region"",""percentage"":0.068532},{""region"":""Los Lagos Region"",""percentage"":0.070231},{""region"":""Magallanes y la Ant\u00e1rtica Chilena Region"",""percentage"":0.010648},{""region"":""Maule Region"",""percentage"":0.087789},{""region"":""Santiago Metropolitan Region"",""percentage"":0.114182},{""region"":""Tarapac\u00e1 Region"",""percentage"":0.050748}","facebook,instagram","lower_bound: 500001, upper_bound: 1000000",es
608188430377292,103820310982935,"Sichel Presidente",2021-10-11,2021-10-11,2021-10-19,"Sebastián Sichel Ramirez","35 compromisos por un Chile mejor y 6 pilares claves para dar certezas a los cambios que queremos liderar #SePuede",,,,"lower_bound: 25000, upper_bound: 29999","lower_bound: 100, upper_bound: 199",USD,"{""age"":""55-64"",""gender"":""female"",""percentage"":0.055805},{""age"":""25-34"",""gender"":""female"",""percentage"":0.226093},{""age"":""35-44"",""gender"":""female"",""percentage"":0.270821},{""age"":""45-54"",""gender"":""female"",""percentage"":0.39042},{""age"":""18-24"",""gender"":""female"",""percentage"":0.056861}","{""region"":""Los R\u00edos Region"",""percentage"":0.027223},{""region"":""Arica y Parinacota Region"",""percentage"":0.022616},{""region"":""Valpara\u00edso Region"",""percentage"":0.074423},{""region"":""Ays\u00e9n Region"",""percentage"":0.005361},{""region"":""Antofagasta Region"",""percentage"":0.09662},{""region"":""Araucan\u00eda Region"",""percentage"":0.095322},{""region"":""Atacama Region"",""percentage"":0.037609},{""region"":""B\u00edo B\u00edo Region"",""percentage"":0.215312},{""region"":""Coquimbo Region"",""percentage"":0.051305},{""region"":""O'Higgins Region"",""percentage"":0.060309},{""region"":""Los Lagos Region"",""percentage"":0.078946},{""region"":""Magallanes y la Ant\u00e1rtica Chilena Region"",""percentage"":0.013067},{""region"":""Maule Region"",""percentage"":0.081082},{""region"":""Santiago Metropolitan Region"",""percentage"":0.091846},{""region"":""Tarapac\u00e1 Region"",""percentage"":0.048959}","facebook,instagram","lower_bound: 500001, upper_bound: 1000000",es
408535157432647,103820310982935,"Sichel Presidente",2021-10-11,2021-10-11,2021-10-19,"Sebastián Sichel Ramirez","La discapacidad no puede tener políticas públicas olvidadas, se necesita una mayor y real integración. En esta campaña decimos #SePuede!",,,,"lower_bound: 9000, upper_bound: 9999","lower_bound: 0, upper_bound: 99",USD,"{""age"":""35-44"",""gender"":""female"",""percentage"":0.295243},{""age"":""25-34"",""gender"":""female"",""percentage"":0.210484},{""age"":""45-54"",""gender"":""female"",""percentage"":0.40857},{""age"":""18-24"",""gender"":""female"",""percentage"":0.044468},{""age"":""55-64"",""gender"":""female"",""percentage"":0.041234}","{""region"":""Los R\u00edos Region"",""percentage"":0.022685},{""region"":""Arica y Parinacota Region"",""percentage"":0.025073},{""region"":""Valpara\u00edso Region"",""percentage"":0.077341},{""region"":""Ays\u00e9n Region"",""percentage"":0.005174},{""region"":""Antofagasta Region"",""percentage"":0.0922},{""region"":""Araucan\u00eda Region"",""percentage"":0.087689},{""region"":""Atacama Region"",""percentage"":0.034757},{""region"":""B\u00edo B\u00edo Region"",""percentage"":0.219156},{""region"":""Coquimbo Region"",""percentage"":0.050411},{""region"":""O'Higgins Region"",""percentage"":0.065402},{""region"":""Los Lagos Region"",""percentage"":0.071372},{""region"":""Magallanes y la Ant\u00e1rtica Chilena Region"",""percentage"":0.013531},{""region"":""Maule Region"",""percentage"":0.082383},{""region"":""Santiago Metropolitan Region"",""percentage"":0.112231},{""region"":""Tarapac\u00e1 Region"",""percentage"":0.040594}","facebook,instagram","lower_bound: 500001, upper_bound: 1000000",es
1002971597150353,103820310982935,"Sichel Presidente",2021-10-11,2021-10-11,2021-10-19,"Sebastián Sichel Ramirez","Les presento a Eva. Como ella hay miles de emprendedores y miles de mujeres luchadoras. De eso se trata esta campaña, de acompañar mejor a quienes no hemos escuchado. #SePuede","Una emprendedora por naturaleza",,,"lower_bound: 70000, upper_bound: 79999","lower_bound: 200, upper_bound: 299",USD,"{""age"":""55-64"",""gender"":""female"",""percentage"":0.052296},{""age"":""18-24"",""gender"":""female"",""percentage"":0.032793},{""age"":""25-34"",""gender"":""female"",""percentage"":0.221143},{""age"":""35-44"",""gender"":""female"",""percentage"":0.298319},{""age"":""45-54"",""gender"":""female"",""percentage"":0.395448}","{""region"":""Los R\u00edos Region"",""percentage"":0.030559},{""region"":""Arica y Parinacota Region"",""percentage"":0.024914},{""region"":""Valpara\u00edso Region"",""percentage"":0.082269},{""region"":""Ays\u00e9n Region"",""percentage"":0.005742},{""region"":""Antofagasta Region"",""percentage"":0.087319},{""region"":""Araucan\u00eda Region"",""percentage"":0.088928},{""region"":""Atacama Region"",""percentage"":0.035787},{""region"":""B\u00edo B\u00edo Region"",""percentage"":0.212758},{""region"":""Coquimbo Region"",""percentage"":0.051983},{""region"":""O'Higgins Region"",""percentage"":0.063371},{""region"":""Los Lagos Region"",""percentage"":0.074597},{""region"":""Magallanes y la Ant\u00e1rtica Chilena Region"",""percentage"":0.013671},{""region"":""Maule Region"",""percentage"":0.083459},{""region"":""Santiago Metropolitan Region"",""percentage"":0.09935},{""region"":""Tarapac\u00e1 Region"",""percentage"":0.045292}","facebook,instagram","lower_bound: 500001, upper_bound: 1000000",es
1278102142634064,103820310982935,"Sichel Presidente",2021-10-11,2021-10-11,2021-10-19,"Sebastián Sichel Ramirez","Cuesta ganase los porotos. Por eso vamos a devolver el IVA en alimentos y medicamentos. #SePuedeClaroQueSePuede","Cuesta Ganarse Los Porotos",sichelpresidente.cl,,"lower_bound: 10000, upper_bound: 14999","lower_bound: 0, upper_bound: 99",USD,"{""age"":""18-24"",""gender"":""female"",""percentage"":0.022609},{""age"":""45-54"",""gender"":""female"",""percentage"":0.515303},{""age"":""25-34"",""gender"":""female"",""percentage"":0.137677},{""age"":""55-64"",""gender"":""female"",""percentage"":0.065373},{""age"":""35-44"",""gender"":""female"",""percentage"":0.259038}","{""region"":""Los R\u00edos Region"",""percentage"":0.0342},{""region"":""Arica y Parinacota Region"",""percentage"":0.022764},{""region"":""Valpara\u00edso Region"",""percentage"":0.073039},{""region"":""Ays\u00e9n Region"",""percentage"":0.005502},{""region"":""Antofagasta Region"",""percentage"":0.0725},{""region"":""Araucan\u00eda Region"",""percentage"":0.105081},{""region"":""Atacama Region"",""percentage"":0.026972},{""region"":""B\u00edo B\u00edo Region"",""percentage"":0.22969},{""region"":""Coquimbo Region"",""percentage"":0.054914},{""region"":""O'Higgins Region"",""percentage"":0.062358},{""region"":""Los Lagos Region"",""percentage"":0.088251},{""region"":""Magallanes y la Ant\u00e1rtica Chilena Region"",""percentage"":0.012299},{""region"":""Maule Region"",""percentage"":0.087712},{""region"":""Santiago Metropolitan Region"",""percentage"":0.092675},{""region"":""Tarapac\u00e1 Region"",""percentage"":0.032042}","facebook,instagram","lower_bound: 500001, upper_bound: 1000000",es
3055223911434110,103820310982935,"Sichel Presidente",2021-10-11,2021-10-11,2021-10-19,"Sebastián Sichel Ramirez","En esta campaña las mujeres están al centro de nuestras propuestas y programa.","Mujeres al centro",,,"lower_bound: 100000, upper_bound: 124999","lower_bound: 400, upper_bound: 499",USD,"{""age"":""25-34"",""gender"":""female"",""percentage"":0.170381},{""age"":""45-54"",""gender"":""female"",""percentage"":0.439915},{""age"":""35-44"",""gender"":""female"",""percentage"":0.313607},{""age"":""18-24"",""gender"":""female"",""percentage"":0.02249},{""age"":""55-64"",""gender"":""female"",""percentage"":0.053606}","{""region"":""Los R\u00edos Region"",""percentage"":0.03166},{""region"":""Arica y Parinacota Region"",""percentage"":0.022865},{""region"":""Valpara\u00edso Region"",""percentage"":0.091644},{""region"":""Ays\u00e9n Region"",""percentage"":0.00601},{""region"":""Antofagasta Region"",""percentage"":0.068901},{""region"":""Araucan\u00eda Region"",""percentage"":0.092939},{""region"":""Atacama Region"",""percentage"":0.030579},{""region"":""B\u00edo B\u00edo Region"",""percentage"":0.197541},{""region"":""Coquimbo Region"",""percentage"":0.053107},{""region"":""O'Higgins Region"",""percentage"":0.068503},{""region"":""Los Lagos Region"",""percentage"":0.076982},{""region"":""Magallanes y la Ant\u00e1rtica Chilena Region"",""percentage"":0.013846},{""region"":""Maule Region"",""percentage"":0.084491},{""region"":""Santiago Metropolitan Region"",""percentage"":0.123681},{""region"":""Tarapac\u00e1 Region"",""percentage"":0.037251}","facebook,instagram","lower_bound: 500001, upper_bound: 1000000",es
610264810356694,103820310982935,"Sichel Presidente",2021-10-11,2021-10-11,2021-10-13,"Sebastián Sichel Ramirez","La discapacidad no puede tener políticas públicas olvidadas, se necesita una mayor y real integración. En esta campaña decimos #SePuede!",,,,"lower_bound: 0, upper_bound: 999","lower_bound: 0, upper_bound: 99",USD,,,facebook,"lower_bound: 10001, upper_bound: 50000",es
395615512126772,103820310982935,"Sichel Presidente",2021-10-11,2021-10-11,2021-10-13,"Sebastián Sichel Ramirez","Por un Chile donde ninguna mujer más aplace sus proyectos por culpa de un papá ausente que no paga la pensión de alimentos. Por un Chile donde ningún niño o niña tenga que perseguir lo que es un derecho. #SePuede","Un Chile para las mujeres",,,"lower_bound: 0, upper_bound: 999","lower_bound: 0, upper_bound: 99",USD,,,facebook,"lower_bound: 10001, upper_bound: 50000",es
562767681682431,103820310982935,"Sichel Presidente",2021-10-11,2021-10-11,2021-10-18,"Sebastián Sichel Ramirez","35 compromisos por un Chile mejor y 6 pilares claves para dar certezas a los cambios que queremos liderar #SePuede",,,,"lower_bound: 0, upper_bound: 999","lower_bound: 0, upper_bound: 99",USD,"{""age"":""55-64"",""gender"":""female"",""percentage"":0.061224},{""age"":""45-54"",""gender"":""female"",""percentage"":0.37551},{""age"":""25-34"",""gender"":""female"",""percentage"":0.2},{""age"":""35-44"",""gender"":""female"",""percentage"":0.330612},{""age"":""18-24"",""gender"":""female"",""percentage"":0.032653}","{""region"":""Los R\u00edos Region"",""percentage"":0.008163},{""region"":""Tarapac\u00e1 Region"",""percentage"":0.020408},{""region"":""Arica y Parinacota Region"",""percentage"":0.032653},{""region"":""Valpara\u00edso Region"",""percentage"":0.032653},{""region"":""Antofagasta Region"",""percentage"":0.093878},{""region"":""Araucan\u00eda Region"",""percentage"":0.122449},{""region"":""Atacama Region"",""percentage"":0.065306},{""region"":""B\u00edo B\u00edo Region"",""percentage"":0.318367},{""region"":""Los Lagos Region"",""percentage"":0.016327},{""region"":""Santiago Metropolitan Region"",""percentage"":0.138776},{""region"":""Maule Region"",""percentage"":0.02449},{""region"":""Coquimbo Region"",""percentage"":0.069388},{""region"":""O'Higgins Region"",""percentage"":0.057143}",facebook,"lower_bound: 10001, upper_bound: 50000",es
894253831212555,103820310982935,"Sichel Presidente",2021-10-11,2021-10-11,2021-10-19,"Sebastián Sichel Ramirez","Cuesta ganase los porotos. Por eso vamos a devolver el IVA en alimentos y medicamentos. #SePuedeClaroQueSePuede","Cuesta Ganarse Los Porotos",sichelpresidente.cl,,"lower_bound: 0, upper_bound: 999","lower_bound: 0, upper_bound: 99",USD,"{""age"":""55-64"",""gender"":""female"",""percentage"":0.049822},{""age"":""25-34"",""gender"":""female"",""percentage"":0.192171},{""age"":""35-44"",""gender"":""female"",""percentage"":0.348754},{""age"":""18-24"",""gender"":""female"",""percentage"":0.024911},{""age"":""45-54"",""gender"":""female"",""percentage"":0.384342}","{""region"":""Los R\u00edos Region"",""percentage"":0.010676},{""region"":""Tarapac\u00e1 Region"",""percentage"":0.014235},{""region"":""Los Lagos Region"",""percentage"":0.010676},{""region"":""Magallanes y la Ant\u00e1rtica Chilena Region"",""percentage"":0.003559},{""region"":""Arica y Parinacota Region"",""percentage"":0.02847},{""region"":""Valpara\u00edso Region"",""percentage"":0.014235},{""region"":""Ays\u00e9n Region"",""percentage"":0.017794},{""region"":""Antofagasta Region"",""percentage"":0.106762},{""region"":""Araucan\u00eda Region"",""percentage"":0.128114},{""region"":""Atacama Region"",""percentage"":0.042705},{""region"":""B\u00edo B\u00edo Region"",""percentage"":0.309609},{""region"":""Coquimbo Region"",""percentage"":0.099644},{""region"":""O'Higgins Region"",""percentage"":0.060498},{""region"":""Maule Region"",""percentage"":0.014235},{""region"":""Santiago Metropolitan Region"",""percentage"":0.13879}",facebook,"lower_bound: 10001, upper_bound: 50000",es
1023470478408165,103820310982935,"Sichel Presidente",2021-10-11,2021-10-11,2021-10-13,"Sebastián Sichel Ramirez","En esta campaña las mujeres están al centro de nuestras propuestas y programa.","Mujeres al centro",,,"lower_bound: 0, upper_bound: 999","lower_bound: 0, upper_bound: 99",USD,"{""age"":""25-34"",""gender"":""female"",""percentage"":0.179856},{""age"":""55-64"",""gender"":""female"",""percentage"":0.057554},{""age"":""35-44"",""gender"":""female"",""percentage"":0.273381},{""age"":""45-54"",""gender"":""female"",""percentage"":0.489209}","{""region"":""Los R\u00edos Region"",""percentage"":0.007194},{""region"":""Valpara\u00edso Region"",""percentage"":0.021583},{""region"":""Ays\u00e9n Region"",""percentage"":0.014388},{""region"":""O'Higgins Region"",""percentage"":0.100719},{""region"":""Maule Region"",""percentage"":0.021583},{""region"":""Arica y Parinacota Region"",""percentage"":0.007194},{""region"":""Antofagasta Region"",""percentage"":0.100719},{""region"":""Araucan\u00eda Region"",""percentage"":0.115108},{""region"":""Atacama Region"",""percentage"":0.057554},{""region"":""B\u00edo B\u00edo Region"",""percentage"":0.359712},{""region"":""Coquimbo Region"",""percentage"":0.086331},{""region"":""Los Lagos Region"",""percentage"":0.014388},{""region"":""Santiago Metropolitan Region"",""percentage"":0.079137},{""region"":""Tarapac\u00e1 Region"",""percentage"":0.014388}",facebook,"lower_bound: 10001, upper_bound: 50000",es
378145200644071,103820310982935,"Sichel Presidente",2021-10-11,2021-10-11,2021-10-19,"Sebastián Sichel Ramirez","Les presento a Eva. Como ella hay miles de emprendedores y miles de mujeres luchadoras. De eso se trata esta campaña, de acompañar mejor a quienes no hemos escuchado. #SePuede","Una emprendedora por naturaleza",,,"lower_bound: 0, upper_bound: 999","lower_bound: 0, upper_bound: 99",USD,"{""age"":""18-24"",""gender"":""female"",""percentage"":0.03639},{""age"":""35-44"",""gender"":""female"",""percentage"":0.304221},{""age"":""25-34"",""gender"":""female"",""percentage"":0.224163},{""age"":""45-54"",""gender"":""female"",""percentage"":0.378457},{""age"":""55-64"",""gender"":""female"",""percentage"":0.056769}","{""region"":""Tarapac\u00e1 Region"",""percentage"":0.015988},{""region"":""Magallanes y la Ant\u00e1rtica Chilena Region"",""percentage"":0.001453},{""region"":""Los R\u00edos Region"",""percentage"":0.010174},{""region"":""Arica y Parinacota Region"",""percentage"":0.024709},{""region"":""Valpara\u00edso Region"",""percentage"":0.03343},{""region"":""Ays\u00e9n Region"",""percentage"":0.005814},{""region"":""Antofagasta Region"",""percentage"":0.12064},{""region"":""Araucan\u00eda Region"",""percentage"":0.125},{""region"":""Atacama Region"",""percentage"":0.042151},{""region"":""B\u00edo B\u00edo Region"",""percentage"":0.281977},{""region"":""Coquimbo Region"",""percentage"":0.079942},{""region"":""O'Higgins Region"",""percentage"":0.072674},{""region"":""Los Lagos Region"",""percentage"":0.013081},{""region"":""Maule Region"",""percentage"":0.030523},{""region"":""Santiago Metropolitan Region"",""percentage"":0.142442}",facebook,"lower_bound: 10001, upper_bound: 50000",es
894642314804217,103820310982935,"Sichel Presidente",2021-10-11,2021-10-11,2021-10-19,"Sebastián Sichel Ramirez","Cuesta ganase los porotos. Por eso vamos a devolver el IVA en alimentos y medicamentos. #SePuedeClaroQueSePuede","Cuesta Ganarse Los Porotos",sichelpresidente.cl,,"lower_bound: 40000, upper_bound: 44999","lower_bound: 100, upper_bound: 199",USD,"{""age"":""35-44"",""gender"":""female"",""percentage"":0.314232},{""age"":""25-34"",""gender"":""female"",""percentage"":0.204556},{""age"":""45-54"",""gender"":""female"",""percentage"":0.388507},{""age"":""18-24"",""gender"":""female"",""percentage"":0.051042},{""age"":""55-64"",""gender"":""female"",""percentage"":0.041664}","{""region"":""Los R\u00edos Region"",""percentage"":0.034439},{""region"":""Arica y Parinacota Region"",""percentage"":0.021537},{""region"":""Valpara\u00edso Region"",""percentage"":0.097497},{""region"":""Ays\u00e9n Region"",""percentage"":0.005659},{""region"":""Antofagasta Region"",""percentage"":0.047018},{""region"":""Araucan\u00eda Region"",""percentage"":0.077545},{""region"":""Atacama Region"",""percentage"":0.020631},{""region"":""B\u00edo B\u00edo Region"",""percentage"":0.125404},{""region"":""Coquimbo Region"",""percentage"":0.04663},{""region"":""O'Higgins Region"",""percentage"":0.065354},{""region"":""Los Lagos Region"",""percentage"":0.079776},{""region"":""Magallanes y la Ant\u00e1rtica Chilena Region"",""percentage"":0.008763},{""region"":""Maule Region"",""percentage"":0.093746},{""region"":""Santiago Metropolitan Region"",""percentage"":0.240849},{""region"":""Tarapac\u00e1 Region"",""percentage"":0.035151}","facebook,instagram","lower_bound: 500001, upper_bound: 1000000",es
561827951749876,103820310982935,"Sichel Presidente",2021-10-11,2021-10-11,2021-10-13,"Sebastián Sichel Ramirez","Cuesta ganase los porotos. Por eso vamos a devolver el IVA en alimentos y medicamentos. #SePuedeClaroQueSePuede","Cuesta Ganarse Los Porotos",sichelpresidente.cl,,"lower_bound: 10000, upper_bound: 14999","lower_bound: 0, upper_bound: 99",USD,"{""age"":""55-64"",""gender"":""unknown"",""percentage"":0.000103},{""age"":""18-24"",""gender"":""unknown"",""percentage"":0.000412},{""age"":""25-34"",""gender"":""unknown"",""percentage"":0.000721},{""age"":""45-54"",""gender"":""unknown"",""percentage"":0.003607},{""age"":""18-24"",""gender"":""female"",""percentage"":0.008244},{""age"":""45-54"",""gender"":""female"",""percentage"":0.095631},{""age"":""45-54"",""gender"":""male"",""percentage"":0.301422},{""age"":""25-34"",""gender"":""male"",""percentage"":0.149629},{""age"":""25-34"",""gender"":""female"",""percentage"":0.045136},{""age"":""35-44"",""gender"":""male"",""percentage"":0.25608},{""age"":""18-24"",""gender"":""male"",""percentage"":0.026999},{""age"":""35-44"",""gender"":""female"",""percentage"":0.074815},{""age"":""55-64"",""gender"":""male"",""percentage"":0.025763},{""age"":""55-64"",""gender"":""female"",""percentage"":0.00742},{""age"":""35-44"",""gender"":""unknown"",""percentage"":0.004019}","{""region"":""Los R\u00edos Region"",""percentage"":0.033972},{""region"":""Arica y Parinacota Region"",""percentage"":0.016059},{""region"":""Valpara\u00edso Region"",""percentage"":0.087091},{""region"":""Ays\u00e9n Region"",""percentage"":0.006074},{""region"":""Antofagasta Region"",""percentage"":0.038501},{""region"":""Araucan\u00eda Region"",""percentage"":0.081532},{""region"":""Atacama Region"",""percentage"":0.016368},{""region"":""B\u00edo B\u00edo Region"",""percentage"":0.13321},{""region"":""Coquimbo Region"",""percentage"":0.055075},{""region"":""O'Higgins Region"",""percentage"":0.065884},{""region"":""Los Lagos Region"",""percentage"":0.083797},{""region"":""Magallanes y la Ant\u00e1rtica Chilena Region"",""percentage"":0.010397},{""region"":""Maule Region"",""percentage"":0.101194},{""region"":""Santiago Metropolitan Region"",""percentage"":0.247684},{""region"":""Tarapac\u00e1 Region"",""percentage"":0.023162}","facebook,instagram","lower_bound: 1000001",es
1492423204454981,103820310982935,"Sichel Presidente",2021-10-11,2021-10-11,2021-10-13,"Sebastián Sichel Ramirez","Cuesta ganase los porotos. Por eso vamos a devolver el IVA en alimentos y medicamentos. #SePuedeClaroQueSePuede","Cuesta Ganarse Los Porotos",sichelpresidente.cl,,"lower_bound: 2000, upper_bound: 2999","lower_bound: 0, upper_bound: 99",USD,"{""age"":""25-34"",""gender"":""unknown"",""percentage"":0.000538},{""age"":""55-64"",""gender"":""female"",""percentage"":0.002152},{""age"":""18-24"",""gender"":""male"",""percentage"":0.017751},{""age"":""18-24"",""gender"":""unknown"",""percentage"":0.000538},{""age"":""25-34"",""gender"":""female"",""percentage"":0.023131},{""age"":""45-54"",""gender"":""unknown"",""percentage"":0.00269},{""age"":""45-54"",""gender"":""female"",""percentage"":0.083916},{""age"":""55-64"",""gender"":""male"",""percentage"":0.017214},{""age"":""45-54"",""gender"":""male"",""percentage"":0.344271},{""age"":""25-34"",""gender"":""male"",""percentage"":0.14255},{""age"":""35-44"",""gender"":""male"",""percentage"":0.303389},{""age"":""35-44"",""gender"":""female"",""percentage"":0.054868},{""age"":""18-24"",""gender"":""female"",""percentage"":0.005379},{""age"":""35-44"",""gender"":""unknown"",""percentage"":0.001614}","{""region"":""Ays\u00e9n Region"",""percentage"":0.00857},{""region"":""Los R\u00edos Region"",""percentage"":0.046063},{""region"":""Arica y Parinacota Region"",""percentage"":0.018747},{""region"":""Valpara\u00edso Region"",""percentage"":0.063203},{""region"":""Antofagasta Region"",""percentage"":0.045528},{""region"":""Araucan\u00eda Region"",""percentage"":0.113551},{""region"":""Atacama Region"",""percentage"":0.023567},{""region"":""B\u00edo B\u00edo Region"",""percentage"":0.164435},{""region"":""Coquimbo Region"",""percentage"":0.062667},{""region"":""O'Higgins Region"",""percentage"":0.065881},{""region"":""Los Lagos Region"",""percentage"":0.137118},{""region"":""Magallanes y la Ant\u00e1rtica Chilena Region"",""percentage"":0.012855},{""region"":""Maule Region"",""percentage"":0.111409},{""region"":""Santiago Metropolitan Region"",""percentage"":0.098554},{""region"":""Tarapac\u00e1 Region"",""percentage"":0.027852}","facebook,instagram","lower_bound: 500001, upper_bound: 1000000",es
192300899594726,103820310982935,"Sichel Presidente",2021-10-11,2021-10-11,2021-10-13,"Sebastián Sichel Ramirez","Cuesta ganase los porotos. Por eso vamos a devolver el IVA en alimentos y medicamentos. #SePuedeClaroQueSePuede","Cuesta Ganarse Los Porotos",sichelpresidente.cl,,"lower_bound: 0, upper_bound: 999","lower_bound: 0, upper_bound: 99",USD,"{""age"":""55-64"",""gender"":""female"",""percentage"":0.015152},{""age"":""18-24"",""gender"":""female"",""percentage"":0.007576},{""age"":""25-34"",""gender"":""female"",""percentage"":0.068182},{""age"":""45-54"",""gender"":""unknown"",""percentage"":0.007576},{""age"":""55-64"",""gender"":""male"",""percentage"":0.015152},{""age"":""25-34"",""gender"":""male"",""percentage"":0.121212},{""age"":""35-44"",""gender"":""male"",""percentage"":0.234848},{""age"":""35-44"",""gender"":""female"",""percentage"":0.083333},{""age"":""45-54"",""gender"":""male"",""percentage"":0.287879},{""age"":""45-54"",""gender"":""female"",""percentage"":0.136364},{""age"":""18-24"",""gender"":""male"",""percentage"":0.022727}","{""region"":""Arica y Parinacota Region"",""percentage"":0.030303},{""region"":""Valpara\u00edso Region"",""percentage"":0.030303},{""region"":""Antofagasta Region"",""percentage"":0.037879},{""region"":""Maule Region"",""percentage"":0.022727},{""region"":""Magallanes y la Ant\u00e1rtica Chilena Region"",""percentage"":0.007576},{""region"":""Ays\u00e9n Region"",""percentage"":0.007576},{""region"":""Araucan\u00eda Region"",""percentage"":0.151515},{""region"":""Atacama Region"",""percentage"":0.022727},{""region"":""B\u00edo B\u00edo Region"",""percentage"":0.166667},{""region"":""Coquimbo Region"",""percentage"":0.083333},{""region"":""O'Higgins Region"",""percentage"":0.143939},{""region"":""Los Lagos Region"",""percentage"":0.189394},{""region"":""Santiago Metropolitan Region"",""percentage"":0.106061}",facebook,"lower_bound: 50001, upper_bound: 100000",es
267408785295563,103820310982935,"Sichel Presidente",2021-10-11,2021-10-12,2021-10-12,"Sebastián Sichel Ramirez","Con estos bototos hemos recorrido Chile y lo seguiremos haciendo. Nos vemos esta noche a las 22:30 en el #DebatePresidencial. #SichelSePuede","Un Presidente con Bototos",sichelpresidente.cl,,"lower_bound: 0, upper_bound: 999","lower_bound: 0, upper_bound: 99",USD,"{""age"":""18-24"",""gender"":""male"",""percentage"":0.006993},{""age"":""25-34"",""gender"":""male"",""percentage"":0.153846},{""age"":""45-54"",""gender"":""female"",""percentage"":0.146853},{""age"":""35-44"",""gender"":""female"",""percentage"":0.160839},{""age"":""45-54"",""gender"":""male"",""percentage"":0.188811},{""age"":""25-34"",""gender"":""female"",""percentage"":0.111888},{""age"":""35-44"",""gender"":""male"",""percentage"":0.160839},{""age"":""55-64"",""gender"":""female"",""percentage"":0.034965},{""age"":""25-34"",""gender"":""unknown"",""percentage"":0.006993},{""age"":""18-24"",""gender"":""female"",""percentage"":0.020979},{""age"":""55-64"",""gender"":""male"",""percentage"":0.006993}","{""region"":""Los R\u00edos Region"",""percentage"":0.027972},{""region"":""Arica y Parinacota Region"",""percentage"":0.006993},{""region"":""Valpara\u00edso Region"",""percentage"":0.048951},{""region"":""Ays\u00e9n Region"",""percentage"":0.020979},{""region"":""Antofagasta Region"",""percentage"":0.076923},{""region"":""Araucan\u00eda Region"",""percentage"":0.118881},{""region"":""Atacama Region"",""percentage"":0.027972},{""region"":""B\u00edo B\u00edo Region"",""percentage"":0.307692},{""region"":""Coquimbo Region"",""percentage"":0.097902},{""region"":""O'Higgins Region"",""percentage"":0.118881},{""region"":""Los Lagos Region"",""percentage"":0.006993},{""region"":""Maule Region"",""percentage"":0.027972},{""region"":""Santiago Metropolitan Region"",""percentage"":0.104895},{""region"":""Tarapac\u00e1 Region"",""percentage"":0.006993}","facebook,instagram","lower_bound: 10001, upper_bound: 50000",es
628007888190119,103820310982935,"Sichel Presidente",2021-10-11,2021-10-11,2021-10-12,"Sebastián Sichel Ramirez","Cuesta ganase los porotos. Por eso vamos a devolver el IVA en alimentos y medicamentos. #SePuedeClaroQueSePuede","Cuesta Ganarse Los Porotos",sichelpresidente.cl,,"lower_bound: 3000, upper_bound: 3999","lower_bound: 0, upper_bound: 99",USD,"{""age"":""25-34"",""gender"":""unknown"",""percentage"":0.001033},{""age"":""35-44"",""gender"":""unknown"",""percentage"":0.005165},{""age"":""55-64"",""gender"":""male"",""percentage"":0.010675},{""age"":""18-24"",""gender"":""male"",""percentage"":0.027204},{""age"":""35-44"",""gender"":""male"",""percentage"":0.198347},{""age"":""25-34"",""gender"":""male"",""percentage"":0.153237},{""age"":""35-44"",""gender"":""female"",""percentage"":0.158747},{""age"":""45-54"",""gender"":""female"",""percentage"":0.163223},{""age"":""25-34"",""gender"":""female"",""percentage"":0.08781},{""age"":""45-54"",""gender"":""male"",""percentage"":0.154959},{""age"":""55-64"",""gender"":""female"",""percentage"":0.020317},{""age"":""18-24"",""gender"":""female"",""percentage"":0.014807},{""age"":""45-54"",""gender"":""unknown"",""percentage"":0.004477}","{""region"":""Los R\u00edos Region"",""percentage"":0.00554},{""region"":""Arica y Parinacota Region"",""percentage"":0.023199},{""region"":""Valpara\u00edso Region"",""percentage"":0.030471},{""region"":""Ays\u00e9n Region"",""percentage"":0.020429},{""region"":""Antofagasta Region"",""percentage"":0.086219},{""region"":""Araucan\u00eda Region"",""percentage"":0.147507},{""region"":""Atacama Region"",""percentage"":0.041551},{""region"":""B\u00edo B\u00edo Region"",""percentage"":0.304017},{""region"":""Coquimbo Region"",""percentage"":0.088989},{""region"":""O'Higgins Region"",""percentage"":0.079294},{""region"":""Los Lagos Region"",""percentage"":0.01662},{""region"":""Magallanes y la Ant\u00e1rtica Chilena Region"",""percentage"":0.003809},{""region"":""Maule Region"",""percentage"":0.021122},{""region"":""Santiago Metropolitan Region"",""percentage"":0.121884},{""region"":""Tarapac\u00e1 Region"",""percentage"":0.009349}","facebook,instagram","lower_bound: 10001, upper_bound: 50000",es
2962767310655535,103820310982935,"Sichel Presidente",2021-10-11,2021-10-11,2021-10-12,"Sebastián Sichel Ramirez","Cuesta ganase los porotos. Por eso vamos a devolver el IVA en alimentos y medicamentos. #SePuedeClaroQueSePuede","Cuesta Ganarse Los Porotos",sichelpresidente.cl,,"lower_bound: 200000, upper_bound: 249999","lower_bound: 1000, upper_bound: 1499",USD,"{""age"":""18-24"",""gender"":""unknown"",""percentage"":0.000172},{""age"":""45-54"",""gender"":""male"",""percentage"":0.133362},{""age"":""45-54"",""gender"":""female"",""percentage"":0.212784},{""age"":""25-34"",""gender"":""male"",""percentage"":0.133628},{""age"":""25-34"",""gender"":""female"",""percentage"":0.115436},{""age"":""35-44"",""gender"":""female"",""percentage"":0.179256},{""age"":""55-64"",""gender"":""female"",""percentage"":0.021554},{""age"":""18-24"",""gender"":""male"",""percentage"":0.010155},{""age"":""18-24"",""gender"":""female"",""percentage"":0.010298},{""age"":""35-44"",""gender"":""male"",""percentage"":0.161674},{""age"":""45-54"",""gender"":""unknown"",""percentage"":0.004158},{""age"":""35-44"",""gender"":""unknown"",""percentage"":0.004576},{""age"":""55-64"",""gender"":""male"",""percentage"":0.011227},{""age"":""25-34"",""gender"":""unknown"",""percentage"":0.001401},{""age"":""55-64"",""gender"":""unknown"",""percentage"":0.000319}","{""region"":""Los R\u00edos Region"",""percentage"":0.036379},{""region"":""Arica y Parinacota Region"",""percentage"":0.0241},{""region"":""Valpara\u00edso Region"",""percentage"":0.05269},{""region"":""Ays\u00e9n Region"",""percentage"":0.011414},{""region"":""Antofagasta Region"",""percentage"":0.082981},{""region"":""Araucan\u00eda Region"",""percentage"":0.121141},{""region"":""Atacama Region"",""percentage"":0.033002},{""region"":""B\u00edo B\u00edo Region"",""percentage"":0.277984},{""region"":""Coquimbo Region"",""percentage"":0.059144},{""region"":""O'Higgins Region"",""percentage"":0.041706},{""region"":""Los Lagos Region"",""percentage"":0.075553},{""region"":""Magallanes y la Ant\u00e1rtica Chilena Region"",""percentage"":0.023368},{""region"":""Maule Region"",""percentage"":0.088535},{""region"":""Santiago Metropolitan Region"",""percentage"":0.037388},{""region"":""Tarapac\u00e1 Region"",""percentage"":0.034614}","facebook,instagram","lower_bound: 500001, upper_bound: 1000000",es
205648018207513,103820310982935,"Sichel Presidente",2021-10-09,2021-10-09,2021-10-13,"Sebastián Sichel Ramirez","La riqueza de Chile son millones de chilenos que se sacan la cresta todos los días trabajando. #SePuedeClaroqueSePuede 💪🏻",,,,"lower_bound: 25000, upper_bound: 29999","lower_bound: 0, upper_bound: 99",USD,"{""age"":""45-54"",""gender"":""male"",""percentage"":0.188032},{""age"":""25-34"",""gender"":""male"",""percentage"":0.191951},{""age"":""25-34"",""gender"":""female"",""percentage"":0.101854},{""age"":""18-24"",""gender"":""male"",""percentage"":0.019481},{""age"":""35-44"",""gender"":""male"",""percentage"":0.233929},{""age"":""35-44"",""gender"":""female"",""percentage"":0.112631},{""age"":""45-54"",""gender"":""female"",""percentage"":0.114741},{""age"":""18-24"",""gender"":""female"",""percentage"":0.015713},{""age"":""55-64"",""gender"":""male"",""percentage"":0.010362},{""age"":""45-54"",""gender"":""unknown"",""percentage"":0.00049},{""age"":""25-34"",""gender"":""unknown"",""percentage"":0.000565},{""age"":""55-64"",""gender"":""female"",""percentage"":0.00942},{""age"":""18-24"",""gender"":""unknown"",""percentage"":0.000301},{""age"":""35-44"",""gender"":""unknown"",""percentage"":0.00049},{""age"":""55-64"",""gender"":""unknown"",""percentage"":3.8e-5}","{""region"":""Los R\u00edos Region"",""percentage"":0.027804},{""region"":""Arica y Parinacota Region"",""percentage"":0.023032},{""region"":""Valpara\u00edso Region"",""percentage"":0.076573},{""region"":""Ays\u00e9n Region"",""percentage"":0.00774},{""region"":""Antofagasta Region"",""percentage"":0.05929},{""region"":""Araucan\u00eda Region"",""percentage"":0.078264},{""region"":""Atacama Region"",""percentage"":0.018523},{""region"":""B\u00edo B\u00edo Region"",""percentage"":0.136277},{""region"":""Coquimbo Region"",""percentage"":0.041067},{""region"":""O'Higgins Region"",""percentage"":0.059666},{""region"":""Los Lagos Region"",""percentage"":0.069284},{""region"":""Magallanes y la Ant\u00e1rtica Chilena Region"",""percentage"":0.010783},{""region"":""Maule Region"",""percentage"":0.090663},{""region"":""Santiago Metropolitan Region"",""percentage"":0.264625},{""region"":""Tarapac\u00e1 Region"",""percentage"":0.036408}","facebook,instagram","lower_bound: 1000001",es
197675299137299,103820310982935,"Sichel Presidente",2021-10-09,2021-10-09,2021-10-13,"Sebastián Sichel Ramirez","Les presento a Eva. Como ella hay miles de emprendedores y miles de mujeres luchadoras. De eso se trata esta campaña, de acompañar mejor a quienes no hemos escuchado. #SePuede","Una emprendedora por naturaleza",,,"lower_bound: 45000, upper_bound: 49999","lower_bound: 100, upper_bound: 199",USD,"{""age"":""25-34"",""gender"":""unknown"",""percentage"":0.001057},{""age"":""55-64"",""gender"":""male"",""percentage"":0.009266},{""age"":""45-54"",""gender"":""female"",""percentage"":0.114533},{""age"":""35-44"",""gender"":""male"",""percentage"":0.167228},{""age"":""35-44"",""gender"":""female"",""percentage"":0.110281},{""age"":""18-24"",""gender"":""male"",""percentage"":0.061641},{""age"":""45-54"",""gender"":""male"",""percentage"":0.132696},{""age"":""25-34"",""gender"":""male"",""percentage"":0.20815},{""age"":""25-34"",""gender"":""female"",""percentage"":0.121857},{""age"":""18-24"",""gender"":""female"",""percentage"":0.060068},{""age"":""55-64"",""gender"":""female"",""percentage"":0.010372},{""age"":""18-24"",""gender"":""unknown"",""percentage"":0.00032},{""age"":""45-54"",""gender"":""unknown"",""percentage"":0.000909},{""age"":""35-44"",""gender"":""unknown"",""percentage"":0.001573},{""age"":""55-64"",""gender"":""unknown"",""percentage"":4.9e-5}","{""region"":""Los R\u00edos Region"",""percentage"":0.033594},{""region"":""Arica y Parinacota Region"",""percentage"":0.026402},{""region"":""Valpara\u00edso Region"",""percentage"":0.083522},{""region"":""Ays\u00e9n Region"",""percentage"":0.006948},{""region"":""Antofagasta Region"",""percentage"":0.066603},{""region"":""Araucan\u00eda Region"",""percentage"":0.088106},{""region"":""Atacama Region"",""percentage"":0.02533},{""region"":""B\u00edo B\u00edo Region"",""percentage"":0.158317},{""region"":""Coquimbo Region"",""percentage"":0.044565},{""region"":""O'Higgins Region"",""percentage"":0.06085},{""region"":""Los Lagos Region"",""percentage"":0.080938},{""region"":""Magallanes y la Ant\u00e1rtica Chilena Region"",""percentage"":0.012848},{""region"":""Maule Region"",""percentage"":0.095785},{""region"":""Santiago Metropolitan Region"",""percentage"":0.17292},{""region"":""Tarapac\u00e1 Region"",""percentage"":0.043273}","facebook,instagram","lower_bound: 1000001",es
559459601827365,103820310982935,"Sichel Presidente",2021-10-09,2021-10-09,2021-10-13,"Sebastián Sichel Ramirez","Les presento a Eva. Como ella hay miles de emprendedores y miles de mujeres luchadoras. De eso se trata esta campaña, de acompañar mejor a quienes no hemos escuchado. #SePuede","Una emprendedora por naturaleza",,,"lower_bound: 60000, upper_bound: 69999","lower_bound: 100, upper_bound: 199",USD,"{""age"":""55-64"",""gender"":""unknown"",""percentage"":3.8e-5},{""age"":""18-24"",""gender"":""unknown"",""percentage"":0.00038},{""age"":""35-44"",""gender"":""unknown"",""percentage"":0.001198},{""age"":""55-64"",""gender"":""male"",""percentage"":0.007188},{""age"":""55-64"",""gender"":""female"",""percentage"":0.013293},{""age"":""45-54"",""gender"":""male"",""percentage"":0.095767},{""age"":""45-54"",""gender"":""female"",""percentage"":0.135131},{""age"":""18-24"",""gender"":""female"",""percentage"":0.053113},{""age"":""25-34"",""gender"":""female"",""percentage"":0.205511},{""age"":""25-34"",""gender"":""male"",""percentage"":0.214582},{""age"":""18-24"",""gender"":""male"",""percentage"":0.032898},{""age"":""35-44"",""gender"":""female"",""percentage"":0.12239},{""age"":""35-44"",""gender"":""male"",""percentage"":0.116571},{""age"":""25-34"",""gender"":""unknown"",""percentage"":0.001293},{""age"":""45-54"",""gender"":""unknown"",""percentage"":0.000647}","{""region"":""Los R\u00edos Region"",""percentage"":0.036484},{""region"":""Arica y Parinacota Region"",""percentage"":0.030076},{""region"":""Valpara\u00edso Region"",""percentage"":0.083233},{""region"":""Ays\u00e9n Region"",""percentage"":0.007316},{""region"":""Antofagasta Region"",""percentage"":0.086711},{""region"":""Araucan\u00eda Region"",""percentage"":0.09707},{""region"":""Atacama Region"",""percentage"":0.02949},{""region"":""B\u00edo B\u00edo Region"",""percentage"":0.169622},{""region"":""Coquimbo Region"",""percentage"":0.047316},{""region"":""O'Higgins Region"",""percentage"":0.063516},{""region"":""Los Lagos Region"",""percentage"":0.093875},{""region"":""Magallanes y la Ant\u00e1rtica Chilena Region"",""percentage"":0.013346},{""region"":""Maule Region"",""percentage"":0.096314},{""region"":""Santiago Metropolitan Region"",""percentage"":0.095331},{""region"":""Tarapac\u00e1 Region"",""percentage"":0.050302}","facebook,instagram","lower_bound: 500001, upper_bound: 1000000",es
930009694274963,103820310982935,"Sichel Presidente",2021-10-09,2021-10-10,2021-10-14,"Sebastián Sichel Ramirez","Desde Curicó junto al consejo ciudadano de independientes!! cariños a todos!",,,,"lower_bound: 150000, upper_bound: 174999","lower_bound: 400, upper_bound: 499",USD,"{""age"":""55-64"",""gender"":""unknown"",""percentage"":8.6e-5},{""age"":""25-34"",""gender"":""unknown"",""percentage"":0.000974},{""age"":""18-24"",""gender"":""unknown"",""percentage"":0.000304},{""age"":""18-24"",""gender"":""male"",""percentage"":0.033121},{""age"":""18-24"",""gender"":""female"",""percentage"":0.03323},{""age"":""35-44"",""gender"":""male"",""percentage"":0.188886},{""age"":""25-34"",""gender"":""male"",""percentage"":0.170771},{""age"":""35-44"",""gender"":""female"",""percentage"":0.167561},{""age"":""45-54"",""gender"":""female"",""percentage"":0.11684},{""age"":""25-34"",""gender"":""female"",""percentage"":0.15109},{""age"":""45-54"",""gender"":""male"",""percentage"":0.117845},{""age"":""55-64"",""gender"":""female"",""percentage"":0.007994},{""age"":""55-64"",""gender"":""male"",""percentage"":0.007449},{""age"":""45-54"",""gender"":""unknown"",""percentage"":0.001231},{""age"":""35-44"",""gender"":""unknown"",""percentage"":0.002618}","{""region"":""Los R\u00edos Region"",""percentage"":0.032782},{""region"":""Arica y Parinacota Region"",""percentage"":0.02407},{""region"":""Valpara\u00edso Region"",""percentage"":0.097901},{""region"":""Ays\u00e9n Region"",""percentage"":0.007894},{""region"":""Antofagasta Region"",""percentage"":0.061134},{""region"":""Araucan\u00eda Region"",""percentage"":0.076594},{""region"":""Atacama Region"",""percentage"":0.024117},{""region"":""B\u00edo B\u00edo Region"",""percentage"":0.15248},{""region"":""Coquimbo Region"",""percentage"":0.04463},{""region"":""O'Higgins Region"",""percentage"":0.065003},{""region"":""Los Lagos Region"",""percentage"":0.077567},{""region"":""Magallanes y la Ant\u00e1rtica Chilena Region"",""percentage"":0.014495},{""region"":""Maule Region"",""percentage"":0.09007},{""region"":""Santiago Metropolitan Region"",""percentage"":0.193747},{""region"":""Tarapac\u00e1 Region"",""percentage"":0.037507},{""region"":""Unknown"",""percentage"":8.0e-6}","facebook,instagram","lower_bound: 1000001",es
1267435410395470,103820310982935,"Sichel Presidente",2021-10-09,2021-10-09,2021-10-14,"Sebastián Sichel Ramirez","La riqueza de Chile son millones de chilenos que se sacan la cresta todos los días trabajando. #SePuedeClaroqueSePuede 💪🏻",,,,"lower_bound: 15000, upper_bound: 19999","lower_bound: 0, upper_bound: 99",USD,"{""age"":""55-64"",""gender"":""unknown"",""percentage"":6.1e-5},{""age"":""18-24"",""gender"":""unknown"",""percentage"":6.1e-5},{""age"":""55-64"",""gender"":""male"",""percentage"":0.006618},{""age"":""45-54"",""gender"":""female"",""percentage"":0.141071},{""age"":""45-54"",""gender"":""male"",""percentage"":0.173796},{""age"":""35-44"",""gender"":""male"",""percentage"":0.264554},{""age"":""55-64"",""gender"":""female"",""percentage"":0.007905},{""age"":""18-24"",""gender"":""female"",""percentage"":0.004474},{""age"":""25-34"",""gender"":""male"",""percentage"":0.126302},{""age"":""35-44"",""gender"":""female"",""percentage"":0.185562},{""age"":""35-44"",""gender"":""unknown"",""percentage"":0.001164},{""age"":""25-34"",""gender"":""female"",""percentage"":0.082424},{""age"":""18-24"",""gender"":""male"",""percentage"":0.00478},{""age"":""25-34"",""gender"":""unknown"",""percentage"":0.000429},{""age"":""45-54"",""gender"":""unknown"",""percentage"":0.000797}","{""region"":""Arica y Parinacota Region"",""percentage"":0.029464},{""region"":""Valpara\u00edso Region"",""percentage"":0.073446},{""region"":""Antofagasta Region"",""percentage"":0.07454},{""region"":""Atacama Region"",""percentage"":0.02515},{""region"":""B\u00edo B\u00edo Region"",""percentage"":0.159225},{""region"":""Los Lagos Region"",""percentage"":0.092582},{""region"":""Maule Region"",""percentage"":0.106251},{""region"":""Santiago Metropolitan Region"",""percentage"":0.123079},{""region"":""Tarapac\u00e1 Region"",""percentage"":0.045744},{""region"":""Los R\u00edos Region"",""percentage"":0.036146},{""region"":""Ays\u00e9n Region"",""percentage"":0.007837},{""region"":""Araucan\u00eda Region"",""percentage"":0.097442},{""region"":""Coquimbo Region"",""percentage"":0.046352},{""region"":""O'Higgins Region"",""percentage"":0.070287},{""region"":""Magallanes y la Ant\u00e1rtica Chilena Region"",""percentage"":0.012454}","facebook,instagram","lower_bound: 500001, upper_bound: 1000000",es
292760792409912,103820310982935,"Sichel Presidente",2021-10-09,2021-10-09,2021-10-13,"Sebastián Sichel Ramirez","La riqueza de Chile son millones de chilenos que se sacan la cresta todos los días trabajando. #SePuedeClaroqueSePuede 💪🏻",,,,"lower_bound: 0, upper_bound: 999","lower_bound: 0, upper_bound: 99",USD,"{""age"":""25-34"",""gender"":""unknown"",""percentage"":0.003752},{""age"":""55-64"",""gender"":""female"",""percentage"":0.005629},{""age"":""55-64"",""gender"":""male"",""percentage"":0.007505},{""age"":""18-24"",""gender"":""male"",""percentage"":0.041276},{""age"":""35-44"",""gender"":""female"",""percentage"":0.118199},{""age"":""35-44"",""gender"":""male"",""percentage"":0.238274},{""age"":""25-34"",""gender"":""female"",""percentage"":0.118199},{""age"":""25-34"",""gender"":""male"",""percentage"":0.249531},{""age"":""18-24"",""gender"":""female"",""percentage"":0.02439},{""age"":""45-54"",""gender"":""male"",""percentage"":0.125704},{""age"":""35-44"",""gender"":""unknown"",""percentage"":0.005629},{""age"":""45-54"",""gender"":""female"",""percentage"":0.056285},{""age"":""45-54"",""gender"":""unknown"",""percentage"":0.005629}","{""region"":""Los R\u00edos Region"",""percentage"":0.003752},{""region"":""Atacama Region"",""percentage"":0.022514},{""region"":""Magallanes y la Ant\u00e1rtica Chilena Region"",""percentage"":0.001876},{""region"":""Valpara\u00edso Region"",""percentage"":0.030019},{""region"":""Ays\u00e9n Region"",""percentage"":0.009381},{""region"":""Antofagasta Region"",""percentage"":0.108818},{""region"":""Araucan\u00eda Region"",""percentage"":0.120075},{""region"":""B\u00edo B\u00edo Region"",""percentage"":0.170732},{""region"":""Coquimbo Region"",""percentage"":0.095685},{""region"":""O'Higgins Region"",""percentage"":0.101313},{""region"":""Los Lagos Region"",""percentage"":0.123827},{""region"":""Maule Region"",""percentage"":0.018762},{""region"":""Santiago Metropolitan Region"",""percentage"":0.155722},{""region"":""Tarapac\u00e1 Region"",""percentage"":0.009381},{""region"":""Arica y Parinacota Region"",""percentage"":0.028143}",facebook,"lower_bound: 100001, upper_bound: 500000",es
414805226826656,103820310982935,"Sichel Presidente",2021-10-09,2021-10-10,2021-10-13,"Sebastián Sichel Ramirez","Las personas esperan que los políticos nos pongamos de acuerdo, por el bien de quienes trabajan con mucho esfuerzo todos los días. #SichelPresidente",,,,"lower_bound: 9000, upper_bound: 9999","lower_bound: 0, upper_bound: 99",USD,"{""age"":""35-44"",""gender"":""unknown"",""percentage"":0.002179},{""age"":""45-54"",""gender"":""unknown"",""percentage"":0.00098},{""age"":""25-34"",""gender"":""unknown"",""percentage"":0.000545},{""age"":""18-24"",""gender"":""unknown"",""percentage"":0.000109},{""age"":""35-44"",""gender"":""female"",""percentage"":0.103813},{""age"":""45-54"",""gender"":""female"",""percentage"":0.05719},{""age"":""25-34"",""gender"":""female"",""percentage"":0.078867},{""age"":""35-44"",""gender"":""male"",""percentage"":0.294553},{""age"":""45-54"",""gender"":""male"",""percentage"":0.165359},{""age"":""25-34"",""gender"":""male"",""percentage"":0.233224},{""age"":""18-24"",""gender"":""male"",""percentage"":0.032789},{""age"":""18-24"",""gender"":""female"",""percentage"":0.022767},{""age"":""55-64"",""gender"":""male"",""percentage"":0.005447},{""age"":""55-64"",""gender"":""female"",""percentage"":0.002179}","{""region"":""Los R\u00edos Region"",""percentage"":0.038592},{""region"":""Arica y Parinacota Region"",""percentage"":0.035421},{""region"":""Valpara\u00edso Region"",""percentage"":0.082103},{""region"":""Ays\u00e9n Region"",""percentage"":0.009293},{""region"":""Antofagasta Region"",""percentage"":0.08582},{""region"":""Araucan\u00eda Region"",""percentage"":0.08593},{""region"":""Atacama Region"",""percentage"":0.028862},{""region"":""B\u00edo B\u00edo Region"",""percentage"":0.157429},{""region"":""Coquimbo Region"",""percentage"":0.046135},{""region"":""O'Higgins Region"",""percentage"":0.060238},{""region"":""Los Lagos Region"",""percentage"":0.104406},{""region"":""Magallanes y la Ant\u00e1rtica Chilena Region"",""percentage"":0.014978},{""region"":""Maule Region"",""percentage"":0.091177},{""region"":""Santiago Metropolitan Region"",""percentage"":0.107139},{""region"":""Tarapac\u00e1 Region"",""percentage"":0.052476}","facebook,instagram","lower_bound: 500001, upper_bound: 1000000",es
556577942073524,103820310982935,"Sichel Presidente",2021-10-09,2021-10-10,2021-10-13,"Sebastián Sichel Ramirez","Desde Curicó junto al consejo ciudadano de independientes!! cariños a todos!",,,,"lower_bound: 15000, upper_bound: 19999","lower_bound: 0, upper_bound: 99",USD,"{""age"":""55-64"",""gender"":""unknown"",""percentage"":6.5e-5},{""age"":""55-64"",""gender"":""female"",""percentage"":0.008126},{""age"":""25-34"",""gender"":""unknown"",""percentage"":0.002015},{""age"":""18-24"",""gender"":""male"",""percentage"":0.037704},{""age"":""45-54"",""gender"":""male"",""percentage"":0.096405},{""age"":""45-54"",""gender"":""female"",""percentage"":0.09933},{""age"":""18-24"",""gender"":""female"",""percentage"":0.033283},{""age"":""35-44"",""gender"":""male"",""percentage"":0.169278},{""age"":""25-34"",""gender"":""male"",""percentage"":0.203861},{""age"":""35-44"",""gender"":""female"",""percentage"":0.158357},{""age"":""25-34"",""gender"":""female"",""percentage"":0.178184},{""age"":""55-64"",""gender"":""male"",""percentage"":0.006371},{""age"":""45-54"",""gender"":""unknown"",""percentage"":0.002535},{""age"":""35-44"",""gender"":""unknown"",""percentage"":0.00429},{""age"":""18-24"",""gender"":""unknown"",""percentage"":0.000195}","{""region"":""Los R\u00edos Region"",""percentage"":0.006801},{""region"":""Arica y Parinacota Region"",""percentage"":0.026364},{""region"":""Valpara\u00edso Region"",""percentage"":0.025716},{""region"":""Ays\u00e9n Region"",""percentage"":0.014639},{""region"":""Antofagasta Region"",""percentage"":0.096321},{""region"":""Araucan\u00eda Region"",""percentage"":0.121259},{""region"":""Atacama Region"",""percentage"":0.046638},{""region"":""B\u00edo B\u00edo Region"",""percentage"":0.20171},{""region"":""Coquimbo Region"",""percentage"":0.090944},{""region"":""O'Higgins Region"",""percentage"":0.122943},{""region"":""Los Lagos Region"",""percentage"":0.105001},{""region"":""Magallanes y la Ant\u00e1rtica Chilena Region"",""percentage"":0.004923},{""region"":""Maule Region"",""percentage"":0.018785},{""region"":""Santiago Metropolitan Region"",""percentage"":0.111025},{""region"":""Tarapac\u00e1 Region"",""percentage"":0.006931}",facebook,"lower_bound: 100001, upper_bound: 500000",es
592236208467177,103820310982935,"Sichel Presidente",2021-10-09,2021-10-10,2021-10-13,"Sebastián Sichel Ramirez","Cambian Chile los que defienden la libertad, los que defienden la justicia, los que entienden que Chile los une. #SePuede",,,,"lower_bound: 0, upper_bound: 999","lower_bound: 0, upper_bound: 99",USD,"{""age"":""18-24"",""gender"":""female"",""percentage"":0.014134},{""age"":""55-64"",""gender"":""female"",""percentage"":0.003534},{""age"":""35-44"",""gender"":""unknown"",""percentage"":0.003534},{""age"":""18-24"",""gender"":""male"",""percentage"":0.042403},{""age"":""45-54"",""gender"":""male"",""percentage"":0.116608},{""age"":""35-44"",""gender"":""female"",""percentage"":0.137809},{""age"":""25-34"",""gender"":""male"",""percentage"":0.229682},{""age"":""35-44"",""gender"":""male"",""percentage"":0.254417},{""age"":""55-64"",""gender"":""male"",""percentage"":0.010601},{""age"":""25-34"",""gender"":""female"",""percentage"":0.127208},{""age"":""45-54"",""gender"":""female"",""percentage"":0.060071}","{""region"":""Magallanes y la Ant\u00e1rtica Chilena Region"",""percentage"":0.007067},{""region"":""Tarapac\u00e1 Region"",""percentage"":0.010601},{""region"":""Los R\u00edos Region"",""percentage"":0.003534},{""region"":""Arica y Parinacota Region"",""percentage"":0.021201},{""region"":""Valpara\u00edso Region"",""percentage"":0.038869},{""region"":""Ays\u00e9n Region"",""percentage"":0.017668},{""region"":""Antofagasta Region"",""percentage"":0.095406},{""region"":""Araucan\u00eda Region"",""percentage"":0.106007},{""region"":""Atacama Region"",""percentage"":0.038869},{""region"":""B\u00edo B\u00edo Region"",""percentage"":0.162544},{""region"":""Coquimbo Region"",""percentage"":0.095406},{""region"":""O'Higgins Region"",""percentage"":0.109541},{""region"":""Los Lagos Region"",""percentage"":0.123675},{""region"":""Maule Region"",""percentage"":0.021201},{""region"":""Santiago Metropolitan Region"",""percentage"":0.14841}",facebook,"lower_bound: 100001, upper_bound: 500000",es
231912288920622,103820310982935,"Sichel Presidente",2021-10-09,2021-10-10,2021-10-13,"Sebastián Sichel Ramirez","Desde Curicó junto al consejo ciudadano de independientes!! cariños a todos!",,,,"lower_bound: 70000, upper_bound: 79999","lower_bound: 200, upper_bound: 299",USD,"{""age"":""18-24"",""gender"":""unknown"",""percentage"":0.000265},{""age"":""25-34"",""gender"":""unknown"",""percentage"":0.000878},{""age"":""35-44"",""gender"":""unknown"",""percentage"":0.002519},{""age"":""45-54"",""gender"":""unknown"",""percentage"":0.001376},{""age"":""18-24"",""gender"":""female"",""percentage"":0.029022},{""age"":""45-54"",""gender"":""male"",""percentage"":0.13399},{""age"":""35-44"",""gender"":""female"",""percentage"":0.184476},{""age"":""25-34"",""gender"":""female"",""percentage"":0.117747},{""age"":""25-34"",""gender"":""male"",""percentage"":0.142211},{""age"":""45-54"",""gender"":""female"",""percentage"":0.145907},{""age"":""18-24"",""gender"":""male"",""percentage"":0.021879},{""age"":""35-44"",""gender"":""male"",""percentage"":0.20241},{""age"":""55-64"",""gender"":""male"",""percentage"":0.007044},{""age"":""55-64"",""gender"":""female"",""percentage"":0.010227},{""age"":""55-64"",""gender"":""unknown"",""percentage"":5.0e-5}","{""region"":""Los R\u00edos Region"",""percentage"":0.035748},{""region"":""Arica y Parinacota Region"",""percentage"":0.02596},{""region"":""Valpara\u00edso Region"",""percentage"":0.086467},{""region"":""Ays\u00e9n Region"",""percentage"":0.008736},{""region"":""Antofagasta Region"",""percentage"":0.072994},{""region"":""Araucan\u00eda Region"",""percentage"":0.095943},{""region"":""Atacama Region"",""percentage"":0.02624},{""region"":""B\u00edo B\u00edo Region"",""percentage"":0.1819},{""region"":""Coquimbo Region"",""percentage"":0.047412},{""region"":""O'Higgins Region"",""percentage"":0.059997},{""region"":""Los Lagos Region"",""percentage"":0.09086},{""region"":""Magallanes y la Ant\u00e1rtica Chilena Region"",""percentage"":0.016073},{""region"":""Maule Region"",""percentage"":0.101849},{""region"":""Santiago Metropolitan Region"",""percentage"":0.10537},{""region"":""Tarapac\u00e1 Region"",""percentage"":0.044451}","facebook,instagram","lower_bound: 500001, upper_bound: 1000000",es
248320620575991,103820310982935,"Sichel Presidente",2021-10-09,2021-10-10,2021-10-13,"Sebastián Sichel Ramirez","Tenemos una propuesta de gobierno donde el Estado se pone al servicio de las personas y termina con el compra huevos. #SePuede","Volvimos con la pizarra!",,,"lower_bound: 0, upper_bound: 999","lower_bound: 0, upper_bound: 99",USD,"{""age"":""25-34"",""gender"":""unknown"",""percentage"":0.00277},{""age"":""45-54"",""gender"":""unknown"",""percentage"":0.00554},{""age"":""35-44"",""gender"":""male"",""percentage"":0.149584},{""age"":""55-64"",""gender"":""female"",""percentage"":0.00831},{""age"":""18-24"",""gender"":""male"",""percentage"":0.024931},{""age"":""45-54"",""gender"":""male"",""percentage"":0.074792},{""age"":""25-34"",""gender"":""male"",""percentage"":0.243767},{""age"":""18-24"",""gender"":""female"",""percentage"":0.041551},{""age"":""25-34"",""gender"":""female"",""percentage"":0.202216},{""age"":""35-44"",""gender"":""female"",""percentage"":0.132964},{""age"":""55-64"",""gender"":""male"",""percentage"":0.01662},{""age"":""45-54"",""gender"":""female"",""percentage"":0.096953}","{""region"":""Los R\u00edos Region"",""percentage"":0.01662},{""region"":""Arica y Parinacota Region"",""percentage"":0.022161},{""region"":""Valpara\u00edso Region"",""percentage"":0.027701},{""region"":""Ays\u00e9n Region"",""percentage"":0.00831},{""region"":""Antofagasta Region"",""percentage"":0.141274},{""region"":""Araucan\u00eda Region"",""percentage"":0.110803},{""region"":""Atacama Region"",""percentage"":0.027701},{""region"":""B\u00edo B\u00edo Region"",""percentage"":0.185596},{""region"":""Coquimbo Region"",""percentage"":0.080332},{""region"":""O'Higgins Region"",""percentage"":0.102493},{""region"":""Los Lagos Region"",""percentage"":0.121884},{""region"":""Magallanes y la Ant\u00e1rtica Chilena Region"",""percentage"":0.00277},{""region"":""Maule Region"",""percentage"":0.01662},{""region"":""Santiago Metropolitan Region"",""percentage"":0.130194},{""region"":""Tarapac\u00e1 Region"",""percentage"":0.00554}",facebook,"lower_bound: 100001, upper_bound: 500000",es
933574064034763,103820310982935,"Sichel Presidente",2021-10-09,2021-10-10,2021-10-13,"Sebastián Sichel Ramirez","Tenemos una propuesta de gobierno donde el Estado se pone al servicio de las personas y termina con el compra huevos. #SePuede","Volvimos con la pizarra!",,,"lower_bound: 10000, upper_bound: 14999","lower_bound: 0, upper_bound: 99",USD,"{""age"":""25-34"",""gender"":""unknown"",""percentage"":0.000213},{""age"":""55-64"",""gender"":""unknown"",""percentage"":0.000107},{""age"":""55-64"",""gender"":""male"",""percentage"":0.002344},{""age"":""45-54"",""gender"":""female"",""percentage"":0.063506},{""age"":""35-44"",""gender"":""unknown"",""percentage"":0.001598},{""age"":""25-34"",""gender"":""male"",""percentage"":0.283431},{""age"":""35-44"",""gender"":""male"",""percentage"":0.239212},{""age"":""35-44"",""gender"":""female"",""percentage"":0.114651},{""age"":""18-24"",""gender"":""female"",""percentage"":0.024614},{""age"":""45-54"",""gender"":""male"",""percentage"":0.113799},{""age"":""25-34"",""gender"":""female"",""percentage"":0.100053},{""age"":""18-24"",""gender"":""male"",""percentage"":0.052424},{""age"":""55-64"",""gender"":""female"",""percentage"":0.003197},{""age"":""45-54"",""gender"":""unknown"",""percentage"":0.000852}","{""region"":""Los R\u00edos Region"",""percentage"":0.035887},{""region"":""Arica y Parinacota Region"",""percentage"":0.02631},{""region"":""Valpara\u00edso Region"",""percentage"":0.087771},{""region"":""Ays\u00e9n Region"",""percentage"":0.007367},{""region"":""Antofagasta Region"",""percentage"":0.080194},{""region"":""Araucan\u00eda Region"",""percentage"":0.10282},{""region"":""Atacama Region"",""percentage"":0.027468},{""region"":""B\u00edo B\u00edo Region"",""percentage"":0.161966},{""region"":""Coquimbo Region"",""percentage"":0.045254},{""region"":""O'Higgins Region"",""percentage"":0.060303},{""region"":""Los Lagos Region"",""percentage"":0.090823},{""region"":""Magallanes y la Ant\u00e1rtica Chilena Region"",""percentage"":0.016839},{""region"":""Maule Region"",""percentage"":0.100821},{""region"":""Santiago Metropolitan Region"",""percentage"":0.108819},{""region"":""Tarapac\u00e1 Region"",""percentage"":0.047358}","facebook,instagram","lower_bound: 500001, upper_bound: 1000000",es
1314668395629303,103820310982935,"Sichel Presidente",2021-10-09,2021-10-09,2021-10-14,"Sebastián Sichel Ramirez","Les presento a Eva. Como ella hay miles de emprendedores y miles de mujeres luchadoras. De eso se trata esta campaña, de acompañar mejor a quienes no hemos escuchado. #SePuede","Una emprendedora por naturaleza",,,"lower_bound: 10000, upper_bound: 14999","lower_bound: 0, upper_bound: 99",USD,"{""age"":""18-24"",""gender"":""unknown"",""percentage"":0.000513},{""age"":""25-34"",""gender"":""unknown"",""percentage"":0.002307},{""age"":""55-64"",""gender"":""male"",""percentage"":0.008115},{""age"":""45-54"",""gender"":""female"",""percentage"":0.085512},{""age"":""45-54"",""gender"":""male"",""percentage"":0.12028},{""age"":""25-34"",""gender"":""male"",""percentage"":0.209978},{""age"":""25-34"",""gender"":""female"",""percentage"":0.163677},{""age"":""35-44"",""gender"":""male"",""percentage"":0.173842},{""age"":""18-24"",""gender"":""male"",""percentage"":0.04818},{""age"":""35-44"",""gender"":""female"",""percentage"":0.125064},{""age"":""18-24"",""gender"":""female"",""percentage"":0.047753},{""age"":""55-64"",""gender"":""female"",""percentage"":0.008286},{""age"":""35-44"",""gender"":""unknown"",""percentage"":0.003844},{""age"":""55-64"",""gender"":""unknown"",""percentage"":0.000342},{""age"":""45-54"",""gender"":""unknown"",""percentage"":0.002307}","{""region"":""Los R\u00edos Region"",""percentage"":0.009913},{""region"":""Arica y Parinacota Region"",""percentage"":0.024526},{""region"":""Valpara\u00edso Region"",""percentage"":0.029739},{""region"":""Ays\u00e9n Region"",""percentage"":0.015126},{""region"":""Antofagasta Region"",""percentage"":0.088276},{""region"":""Araucan\u00eda Region"",""percentage"":0.119125},{""region"":""Atacama Region"",""percentage"":0.044779},{""region"":""B\u00edo B\u00edo Region"",""percentage"":0.18578},{""region"":""Coquimbo Region"",""percentage"":0.083234},{""region"":""O'Higgins Region"",""percentage"":0.125278},{""region"":""Los Lagos Region"",""percentage"":0.108016},{""region"":""Magallanes y la Ant\u00e1rtica Chilena Region"",""percentage"":0.004444},{""region"":""Maule Region"",""percentage"":0.022133},{""region"":""Santiago Metropolitan Region"",""percentage"":0.130576},{""region"":""Tarapac\u00e1 Region"",""percentage"":0.009058}",facebook,"lower_bound: 100001, upper_bound: 500000",es
2906880526245511,103820310982935,"Sichel Presidente",2021-10-09,2021-10-10,2021-10-13,"Sebastián Sichel Ramirez","Tenemos una propuesta de gobierno donde el Estado se pone al servicio de las personas y termina con el compra huevos. #SePuede","Volvimos con la pizarra!",,,"lower_bound: 9000, upper_bound: 9999","lower_bound: 0, upper_bound: 99",USD,"{""age"":""55-64"",""gender"":""male"",""percentage"":0.002818},{""age"":""55-64"",""gender"":""unknown"",""percentage"":0.000225},{""age"":""18-24"",""gender"":""female"",""percentage"":0.055011},{""age"":""55-64"",""gender"":""female"",""percentage"":0.005862},{""age"":""35-44"",""gender"":""female"",""percentage"":0.136625},{""age"":""18-24"",""gender"":""male"",""percentage"":0.049938},{""age"":""25-34"",""gender"":""male"",""percentage"":0.209334},{""age"":""35-44"",""gender"":""male"",""percentage"":0.175854},{""age"":""25-34"",""gender"":""female"",""percentage"":0.167174},{""age"":""45-54"",""gender"":""female"",""percentage"":0.103709},{""age"":""45-54"",""gender"":""male"",""percentage"":0.089618},{""age"":""25-34"",""gender"":""unknown"",""percentage"":0.000902},{""age"":""18-24"",""gender"":""unknown"",""percentage"":0.000338},{""age"":""45-54"",""gender"":""unknown"",""percentage"":0.000902},{""age"":""35-44"",""gender"":""unknown"",""percentage"":0.001691}","{""region"":""Los R\u00edos Region"",""percentage"":0.031028},{""region"":""Arica y Parinacota Region"",""percentage"":0.029448},{""region"":""Valpara\u00edso Region"",""percentage"":0.082139},{""region"":""Ays\u00e9n Region"",""percentage"":0.00598},{""region"":""Antofagasta Region"",""percentage"":0.063184},{""region"":""Araucan\u00eda Region"",""percentage"":0.090601},{""region"":""Atacama Region"",""percentage"":0.024597},{""region"":""B\u00edo B\u00edo Region"",""percentage"":0.146564},{""region"":""Coquimbo Region"",""percentage"":0.044003},{""region"":""O'Higgins Region"",""percentage"":0.061379},{""region"":""Los Lagos Region"",""percentage"":0.075482},{""region"":""Magallanes y la Ant\u00e1rtica Chilena Region"",""percentage"":0.014329},{""region"":""Maule Region"",""percentage"":0.106285},{""region"":""Santiago Metropolitan Region"",""percentage"":0.180977},{""region"":""Tarapac\u00e1 Region"",""percentage"":0.044003}","facebook,instagram","lower_bound: 1000001",es
6647051178668773,103820310982935,"Sichel Presidente",2021-10-09,2021-10-10,2021-10-14,"Sebastián Sichel Ramirez","#SePuede frenar el populismo, sin odio y sin violencia, poniendo a las personas al centro. La invitación es a mejorar la calidad de vida de los que más quieres, evitando un país en que el odio le gane a la esperanza.","La política no se trata de dañar",,,"lower_bound: 1000, upper_bound: 1999","lower_bound: 0, upper_bound: 99",USD,"{""age"":""45-54"",""gender"":""unknown"",""percentage"":0.003236},{""age"":""55-64"",""gender"":""male"",""percentage"":0.008091},{""age"":""18-24"",""gender"":""male"",""percentage"":0.064186},{""age"":""25-34"",""gender"":""female"",""percentage"":0.156958},{""age"":""45-54"",""gender"":""male"",""percentage"":0.118662},{""age"":""45-54"",""gender"":""female"",""percentage"":0.083603},{""age"":""25-34"",""gender"":""male"",""percentage"":0.242179},{""age"":""35-44"",""gender"":""female"",""percentage"":0.108954},{""age"":""18-24"",""gender"":""female"",""percentage"":0.043689},{""age"":""35-44"",""gender"":""male"",""percentage"":0.156958},{""age"":""55-64"",""gender"":""female"",""percentage"":0.006472},{""age"":""25-34"",""gender"":""unknown"",""percentage"":0.002697},{""age"":""35-44"",""gender"":""unknown"",""percentage"":0.002697},{""age"":""18-24"",""gender"":""unknown"",""percentage"":0.001618}","{""region"":""Los R\u00edos Region"",""percentage"":0.009194},{""region"":""Arica y Parinacota Region"",""percentage"":0.024878},{""region"":""Valpara\u00edso Region"",""percentage"":0.032991},{""region"":""Ays\u00e9n Region"",""percentage"":0.014602},{""region"":""Antofagasta Region"",""percentage"":0.070308},{""region"":""Araucan\u00eda Region"",""percentage"":0.117902},{""region"":""Atacama Region"",""percentage"":0.041103},{""region"":""B\u00edo B\u00edo Region"",""percentage"":0.199567},{""region"":""Coquimbo Region"",""percentage"":0.090319},{""region"":""O'Higgins Region"",""percentage"":0.120606},{""region"":""Los Lagos Region"",""percentage"":0.107085},{""region"":""Magallanes y la Ant\u00e1rtica Chilena Region"",""percentage"":0.002163},{""region"":""Maule Region"",""percentage"":0.027582},{""region"":""Santiago Metropolitan Region"",""percentage"":0.134667},{""region"":""Tarapac\u00e1 Region"",""percentage"":0.007031}",facebook,"lower_bound: 100001, upper_bound: 500000",es
287459889659082,103820310982935,"Sichel Presidente",2021-10-09,2021-10-10,2021-10-13,"Sebastián Sichel Ramirez","Cambian Chile los que defienden la libertad, los que defienden la justicia, los que entienden que Chile los une. #SePuede",,,,"lower_bound: 0, upper_bound: 999","lower_bound: 0, upper_bound: 99",USD,"{""age"":""35-44"",""gender"":""unknown"",""percentage"":0.001093},{""age"":""18-24"",""gender"":""unknown"",""percentage"":0.001093},{""age"":""55-64"",""gender"":""female"",""percentage"":0.002186},{""age"":""55-64"",""gender"":""male"",""percentage"":0.00765},{""age"":""18-24"",""gender"":""male"",""percentage"":0.071038},{""age"":""25-34"",""gender"":""female"",""percentage"":0.061202},{""age"":""35-44"",""gender"":""male"",""percentage"":0.240437},{""age"":""25-34"",""gender"":""male"",""percentage"":0.191257},{""age"":""45-54"",""gender"":""male"",""percentage"":0.147541},{""age"":""18-24"",""gender"":""female"",""percentage"":0.060109},{""age"":""35-44"",""gender"":""female"",""percentage"":0.13224},{""age"":""45-54"",""gender"":""female"",""percentage"":0.08306},{""age"":""25-34"",""gender"":""unknown"",""percentage"":0.001093}","{""region"":""Los R\u00edos Region"",""percentage"":0.040437},{""region"":""Arica y Parinacota Region"",""percentage"":0.037158},{""region"":""Valpara\u00edso Region"",""percentage"":0.064481},{""region"":""Ays\u00e9n Region"",""percentage"":0.006557},{""region"":""Antofagasta Region"",""percentage"":0.069945},{""region"":""Araucan\u00eda Region"",""percentage"":0.112568},{""region"":""Atacama Region"",""percentage"":0.021858},{""region"":""B\u00edo B\u00edo Region"",""percentage"":0.143169},{""region"":""Coquimbo Region"",""percentage"":0.036066},{""region"":""O'Higgins Region"",""percentage"":0.068852},{""region"":""Los Lagos Region"",""percentage"":0.086339},{""region"":""Magallanes y la Ant\u00e1rtica Chilena Region"",""percentage"":0.010929},{""region"":""Maule Region"",""percentage"":0.119126},{""region"":""Santiago Metropolitan Region"",""percentage"":0.121311},{""region"":""Tarapac\u00e1 Region"",""percentage"":0.061202}","facebook,instagram","lower_bound: 500001, upper_bound: 1000000",es
554063989234966,103820310982935,"Sichel Presidente",2021-10-09,2021-10-10,2021-10-13,"Sebastián Sichel Ramirez","Las personas esperan que los políticos nos pongamos de acuerdo, por el bien de quienes trabajan con mucho esfuerzo todos los días. #SichelPresidente",,,,"lower_bound: 0, upper_bound: 999","lower_bound: 0, upper_bound: 99",USD,"{""age"":""55-64"",""gender"":""male"",""percentage"":0.018841},{""age"":""35-44"",""gender"":""unknown"",""percentage"":0.002899},{""age"":""18-24"",""gender"":""female"",""percentage"":0.018841},{""age"":""45-54"",""gender"":""unknown"",""percentage"":0.005797},{""age"":""35-44"",""gender"":""male"",""percentage"":0.189855},{""age"":""25-34"",""gender"":""male"",""percentage"":0.365217},{""age"":""45-54"",""gender"":""male"",""percentage"":0.172464},{""age"":""18-24"",""gender"":""male"",""percentage"":0.033333},{""age"":""55-64"",""gender"":""female"",""percentage"":0.004348},{""age"":""25-34"",""gender"":""female"",""percentage"":0.105797},{""age"":""35-44"",""gender"":""female"",""percentage"":0.042029},{""age"":""25-34"",""gender"":""unknown"",""percentage"":0.004348},{""age"":""45-54"",""gender"":""female"",""percentage"":0.036232}","{""region"":""Los R\u00edos Region"",""percentage"":0.011594},{""region"":""Arica y Parinacota Region"",""percentage"":0.023188},{""region"":""Valpara\u00edso Region"",""percentage"":0.034783},{""region"":""Ays\u00e9n Region"",""percentage"":0.004348},{""region"":""Antofagasta Region"",""percentage"":0.081159},{""region"":""Araucan\u00eda Region"",""percentage"":0.104348},{""region"":""Atacama Region"",""percentage"":0.057971},{""region"":""B\u00edo B\u00edo Region"",""percentage"":0.173913},{""region"":""Coquimbo Region"",""percentage"":0.091304},{""region"":""O'Higgins Region"",""percentage"":0.094203},{""region"":""Los Lagos Region"",""percentage"":0.131884},{""region"":""Magallanes y la Ant\u00e1rtica Chilena Region"",""percentage"":0.001449},{""region"":""Maule Region"",""percentage"":0.014493},{""region"":""Santiago Metropolitan Region"",""percentage"":0.156522},{""region"":""Tarapac\u00e1 Region"",""percentage"":0.018841}",facebook,"lower_bound: 100001, upper_bound: 500000",es
580319326426653,103820310982935,"Sichel Presidente",2021-10-09,2021-10-09,2021-10-14,"Sebastián Sichel Ramirez","Las personas esperan que los políticos nos pongamos de acuerdo, por el bien de quienes trabajan con mucho esfuerzo todos los días. #SichelPresidente",,,,"lower_bound: 15000, upper_bound: 19999","lower_bound: 0, upper_bound: 99",USD,"{""age"":""18-24"",""gender"":""female"",""percentage"":0.043619},{""age"":""55-64"",""gender"":""male"",""percentage"":0.00997},{""age"":""25-34"",""gender"":""male"",""percentage"":0.178714},{""age"":""25-34"",""gender"":""female"",""percentage"":0.077455},{""age"":""45-54"",""gender"":""male"",""percentage"":0.172483},{""age"":""35-44"",""gender"":""female"",""percentage"":0.108986},{""age"":""35-44"",""gender"":""male"",""percentage"":0.25405},{""age"":""45-54"",""gender"":""female"",""percentage"":0.095401},{""age"":""18-24"",""gender"":""male"",""percentage"":0.0501},{""age"":""18-24"",""gender"":""unknown"",""percentage"":0.000187},{""age"":""35-44"",""gender"":""unknown"",""percentage"":0.000748},{""age"":""25-34"",""gender"":""unknown"",""percentage"":0.000249},{""age"":""45-54"",""gender"":""unknown"",""percentage"":0.000499},{""age"":""55-64"",""gender"":""female"",""percentage"":0.00754}","{""region"":""Los R\u00edos Region"",""percentage"":0.027136},{""region"":""Arica y Parinacota Region"",""percentage"":0.026126},{""region"":""Valpara\u00edso Region"",""percentage"":0.084879},{""region"":""Antofagasta Region"",""percentage"":0.059952},{""region"":""Araucan\u00eda Region"",""percentage"":0.071374},{""region"":""Atacama Region"",""percentage"":0.021583},{""region"":""B\u00edo B\u00edo Region"",""percentage"":0.129686},{""region"":""Coquimbo Region"",""percentage"":0.039442},{""region"":""O'Higgins Region"",""percentage"":0.059321},{""region"":""Los Lagos Region"",""percentage"":0.069544},{""region"":""Magallanes y la Ant\u00e1rtica Chilena Region"",""percentage"":0.011612},{""region"":""Maule Region"",""percentage"":0.082923},{""region"":""Santiago Metropolitan Region"",""percentage"":0.270605},{""region"":""Tarapac\u00e1 Region"",""percentage"":0.039379},{""region"":""Ays\u00e9n Region"",""percentage"":0.006437}","facebook,instagram","lower_bound: 1000001",es
844888802731124,103820310982935,"Sichel Presidente",2021-10-09,2021-10-10,2021-10-14,"Sebastián Sichel Ramirez","#SePuede frenar el populismo, sin odio y sin violencia, poniendo a las personas al centro. La invitación es a mejorar la calidad de vida de los que más quieres, evitando un país en que el odio le gane a la esperanza.","La política no se trata de dañar",,,"lower_bound: 25000, upper_bound: 29999","lower_bound: 0, upper_bound: 99",USD,"{""age"":""18-24"",""gender"":""unknown"",""percentage"":4.4e-5},{""age"":""45-54"",""gender"":""unknown"",""percentage"":0.000926},{""age"":""25-34"",""gender"":""unknown"",""percentage"":0.000706},{""age"":""35-44"",""gender"":""unknown"",""percentage"":0.002471},{""age"":""18-24"",""gender"":""male"",""percentage"":0.018044},{""age"":""25-34"",""gender"":""female"",""percentage"":0.127983},{""age"":""45-54"",""gender"":""female"",""percentage"":0.149733},{""age"":""18-24"",""gender"":""female"",""percentage"":0.028367},{""age"":""35-44"",""gender"":""male"",""percentage"":0.20285},{""age"":""35-44"",""gender"":""female"",""percentage"":0.259629},{""age"":""45-54"",""gender"":""male"",""percentage"":0.101116},{""age"":""25-34"",""gender"":""male"",""percentage"":0.09869},{""age"":""55-64"",""gender"":""female"",""percentage"":0.005603},{""age"":""55-64"",""gender"":""male"",""percentage"":0.00375},{""age"":""55-64"",""gender"":""unknown"",""percentage"":8.8e-5}","{""region"":""Los R\u00edos Region"",""percentage"":0.036531},{""region"":""Arica y Parinacota Region"",""percentage"":0.025663},{""region"":""Valpara\u00edso Region"",""percentage"":0.082446},{""region"":""Ays\u00e9n Region"",""percentage"":0.008598},{""region"":""Antofagasta Region"",""percentage"":0.07328},{""region"":""Araucan\u00eda Region"",""percentage"":0.092877},{""region"":""Atacama Region"",""percentage"":0.027104},{""region"":""B\u00edo B\u00edo Region"",""percentage"":0.176981},{""region"":""Coquimbo Region"",""percentage"":0.051501},{""region"":""O'Higgins Region"",""percentage"":0.065686},{""region"":""Los Lagos Region"",""percentage"":0.09602},{""region"":""Magallanes y la Ant\u00e1rtica Chilena Region"",""percentage"":0.015189},{""region"":""Maule Region"",""percentage"":0.101039},{""region"":""Santiago Metropolitan Region"",""percentage"":0.104181},{""region"":""Tarapac\u00e1 Region"",""percentage"":0.042903}","facebook,instagram","lower_bound: 500001, upper_bound: 1000000",es
1238765299935119,103820310982935,"Sichel Presidente",2021-10-09,2021-10-10,2021-10-13,"Sebastián Sichel Ramirez","Cambian Chile los que defienden la libertad, los que defienden la justicia, los que entienden que Chile los une. #SePuede",,,,"lower_bound: 4000, upper_bound: 4999","lower_bound: 0, upper_bound: 99",USD,"{""age"":""18-24"",""gender"":""unknown"",""percentage"":0.000247},{""age"":""25-34"",""gender"":""unknown"",""percentage"":0.001235},{""age"":""18-24"",""gender"":""female"",""percentage"":0.026667},{""age"":""55-64"",""gender"":""female"",""percentage"":0.005185},{""age"":""45-54"",""gender"":""unknown"",""percentage"":0.001235},{""age"":""18-24"",""gender"":""male"",""percentage"":0.040741},{""age"":""25-34"",""gender"":""female"",""percentage"":0.084444},{""age"":""45-54"",""gender"":""male"",""percentage"":0.180988},{""age"":""45-54"",""gender"":""female"",""percentage"":0.066173},{""age"":""35-44"",""gender"":""male"",""percentage"":0.29679},{""age"":""25-34"",""gender"":""male"",""percentage"":0.189136},{""age"":""35-44"",""gender"":""female"",""percentage"":0.095556},{""age"":""55-64"",""gender"":""male"",""percentage"":0.010617},{""age"":""35-44"",""gender"":""unknown"",""percentage"":0.000988}","{""region"":""Los R\u00edos Region"",""percentage"":0.03589},{""region"":""Arica y Parinacota Region"",""percentage"":0.026303},{""region"":""Valpara\u00edso Region"",""percentage"":0.071288},{""region"":""Ays\u00e9n Region"",""percentage"":0.006637},{""region"":""Antofagasta Region"",""percentage"":0.053835},{""region"":""Araucan\u00eda Region"",""percentage"":0.092675},{""region"":""Atacama Region"",""percentage"":0.016716},{""region"":""B\u00edo B\u00edo Region"",""percentage"":0.135202},{""region"":""Coquimbo Region"",""percentage"":0.041298},{""region"":""O'Higgins Region"",""percentage"":0.060472},{""region"":""Los Lagos Region"",""percentage"":0.081858},{""region"":""Magallanes y la Ant\u00e1rtica Chilena Region"",""percentage"":0.014503},{""region"":""Maule Region"",""percentage"":0.097837},{""region"":""Santiago Metropolitan Region"",""percentage"":0.230826},{""region"":""Tarapac\u00e1 Region"",""percentage"":0.034661}","facebook,instagram","lower_bound: 1000001",es
1569198443427555,103820310982935,"Sichel Presidente",2021-10-09,2021-10-10,2021-10-13,"Sebastián Sichel Ramirez","#SePuede frenar el populismo, sin odio y sin violencia, poniendo a las personas al centro. La invitación es a mejorar la calidad de vida de los que más quieres, evitando un país en que el odio le gane a la esperanza.","La política no se trata de dañar",,,"lower_bound: 30000, upper_bound: 34999","lower_bound: 0, upper_bound: 99",USD,"{""age"":""35-44"",""gender"":""unknown"",""percentage"":0.001495},{""age"":""55-64"",""gender"":""male"",""percentage"":0.007145},{""age"":""45-54"",""gender"":""male"",""percentage"":0.099794},{""age"":""25-34"",""gender"":""female"",""percentage"":0.155224},{""age"":""45-54"",""gender"":""female"",""percentage"":0.133158},{""age"":""35-44"",""gender"":""male"",""percentage"":0.16732},{""age"":""18-24"",""gender"":""male"",""percentage"":0.036422},{""age"":""25-34"",""gender"":""male"",""percentage"":0.189585},{""age"":""35-44"",""gender"":""female"",""percentage"":0.148445},{""age"":""18-24"",""gender"":""female"",""percentage"":0.049548},{""age"":""55-64"",""gender"":""female"",""percentage"":0.010169},{""age"":""25-34"",""gender"":""unknown"",""percentage"":0.000698},{""age"":""18-24"",""gender"":""unknown"",""percentage"":0.000233},{""age"":""55-64"",""gender"":""unknown"",""percentage"":0.0001},{""age"":""45-54"",""gender"":""unknown"",""percentage"":0.000665}","{""region"":""Los R\u00edos Region"",""percentage"":0.034599},{""region"":""Arica y Parinacota Region"",""percentage"":0.026929},{""region"":""Valpara\u00edso Region"",""percentage"":0.093013},{""region"":""Ays\u00e9n Region"",""percentage"":0.006833},{""region"":""Antofagasta Region"",""percentage"":0.063706},{""region"":""Araucan\u00eda Region"",""percentage"":0.072716},{""region"":""Atacama Region"",""percentage"":0.025456},{""region"":""B\u00edo B\u00edo Region"",""percentage"":0.145163},{""region"":""Coquimbo Region"",""percentage"":0.044648},{""region"":""O'Higgins Region"",""percentage"":0.068998},{""region"":""Los Lagos Region"",""percentage"":0.073051},{""region"":""Magallanes y la Ant\u00e1rtica Chilena Region"",""percentage"":0.012326},{""region"":""Maule Region"",""percentage"":0.097434},{""region"":""Santiago Metropolitan Region"",""percentage"":0.191988},{""region"":""Tarapac\u00e1 Region"",""percentage"":0.04314}","facebook,instagram","lower_bound: 1000001",es
242981181007539,103820310982935,"Sichel Presidente",2021-10-09,2021-10-10,2021-10-13,"Sebastián Sichel Ramirez","Tenemos una propuesta de gobierno donde el Estado se pone al servicio de las personas y termina con el compra huevos. #SePuede","Volvimos con la pizarra!",,,"lower_bound: 1000, upper_bound: 1999","lower_bound: 0, upper_bound: 99",USD,"{""age"":""25-34"",""gender"":""unknown"",""percentage"":0.000949},{""age"":""45-54"",""gender"":""male"",""percentage"":0.310247},{""age"":""35-44"",""gender"":""unknown"",""percentage"":0.005693},{""age"":""35-44"",""gender"":""male"",""percentage"":0.273245},{""age"":""25-34"",""gender"":""male"",""percentage"":0.136622},{""age"":""35-44"",""gender"":""female"",""percentage"":0.057875},{""age"":""25-34"",""gender"":""female"",""percentage"":0.035104},{""age"":""45-54"",""gender"":""female"",""percentage"":0.107211},{""age"":""18-24"",""gender"":""male"",""percentage"":0.017078},{""age"":""45-54"",""gender"":""unknown"",""percentage"":0.005693},{""age"":""55-64"",""gender"":""male"",""percentage"":0.037002},{""age"":""55-64"",""gender"":""female"",""percentage"":0.012334},{""age"":""18-24"",""gender"":""female"",""percentage"":0.000949}","{""region"":""Los R\u00edos Region"",""percentage"":0.007554},{""region"":""Arica y Parinacota Region"",""percentage"":0.036827},{""region"":""Valpara\u00edso Region"",""percentage"":0.017941},{""region"":""Ays\u00e9n Region"",""percentage"":0.014164},{""region"":""Antofagasta Region"",""percentage"":0.071766},{""region"":""Araucan\u00eda Region"",""percentage"":0.169972},{""region"":""Atacama Region"",""percentage"":0.041549},{""region"":""B\u00edo B\u00edo Region"",""percentage"":0.179415},{""region"":""Coquimbo Region"",""percentage"":0.078376},{""region"":""O'Higgins Region"",""percentage"":0.121813},{""region"":""Los Lagos Region"",""percentage"":0.135977},{""region"":""Maule Region"",""percentage"":0.023607},{""region"":""Santiago Metropolitan Region"",""percentage"":0.091596},{""region"":""Tarapac\u00e1 Region"",""percentage"":0.009443}",facebook,"lower_bound: 50001, upper_bound: 100000",es
4407770339301999,103820310982935,"Sichel Presidente",2021-10-09,2021-10-10,2021-10-13,"Sebastián Sichel Ramirez","#SePuede frenar el populismo, sin odio y sin violencia, poniendo a las personas al centro. La invitación es a mejorar la calidad de vida de los que más quieres, evitando un país en que el odio le gane a la esperanza.","La política no se trata de dañar",,,"lower_bound: 0, upper_bound: 999","lower_bound: 0, upper_bound: 99",USD,"{""age"":""55-64"",""gender"":""female"",""percentage"":0.009524},{""age"":""18-24"",""gender"":""male"",""percentage"":0.019048},{""age"":""35-44"",""gender"":""male"",""percentage"":0.180952},{""age"":""35-44"",""gender"":""female"",""percentage"":0.114286},{""age"":""45-54"",""gender"":""male"",""percentage"":0.32381},{""age"":""25-34"",""gender"":""male"",""percentage"":0.2},{""age"":""55-64"",""gender"":""male"",""percentage"":0.028571},{""age"":""18-24"",""gender"":""female"",""percentage"":0.019048},{""age"":""45-54"",""gender"":""female"",""percentage"":0.057143},{""age"":""25-34"",""gender"":""female"",""percentage"":0.047619}","{""region"":""Arica y Parinacota Region"",""percentage"":0.085714},{""region"":""Ays\u00e9n Region"",""percentage"":0.019048},{""region"":""Antofagasta Region"",""percentage"":0.038095},{""region"":""Araucan\u00eda Region"",""percentage"":0.095238},{""region"":""Atacama Region"",""percentage"":0.019048},{""region"":""B\u00edo B\u00edo Region"",""percentage"":0.180952},{""region"":""Coquimbo Region"",""percentage"":0.057143},{""region"":""O'Higgins Region"",""percentage"":0.12381},{""region"":""Los Lagos Region"",""percentage"":0.066667},{""region"":""Maule Region"",""percentage"":0.038095},{""region"":""Santiago Metropolitan Region"",""percentage"":0.266667},{""region"":""Tarapac\u00e1 Region"",""percentage"":0.009524}",facebook,"lower_bound: 50001, upper_bound: 100000",es
161374322851590,103820310982935,"Sichel Presidente",2021-10-09,2021-10-09,2021-10-13,"Sebastián Sichel Ramirez","La riqueza de Chile son millones de chilenos que se sacan la cresta todos los días trabajando. #SePuedeClaroqueSePuede 💪🏻",,,,"lower_bound: 0, upper_bound: 999","lower_bound: 0, upper_bound: 99",USD,"{""age"":""25-34"",""gender"":""unknown"",""percentage"":0.0025},{""age"":""18-24"",""gender"":""female"",""percentage"":0.015},{""age"":""55-64"",""gender"":""female"",""percentage"":0.015},{""age"":""55-64"",""gender"":""male"",""percentage"":0.0175},{""age"":""35-44"",""gender"":""male"",""percentage"":0.2825},{""age"":""45-54"",""gender"":""male"",""percentage"":0.2},{""age"":""25-34"",""gender"":""male"",""percentage"":0.1475},{""age"":""45-54"",""gender"":""female"",""percentage"":0.13},{""age"":""25-34"",""gender"":""female"",""percentage"":0.0625},{""age"":""35-44"",""gender"":""female"",""percentage"":0.1},{""age"":""18-24"",""gender"":""male"",""percentage"":0.02},{""age"":""45-54"",""gender"":""unknown"",""percentage"":0.0025},{""age"":""35-44"",""gender"":""unknown"",""percentage"":0.005}","{""region"":""Los R\u00edos Region"",""percentage"":0.007481},{""region"":""Arica y Parinacota Region"",""percentage"":0.037406},{""region"":""Valpara\u00edso Region"",""percentage"":0.034913},{""region"":""Ays\u00e9n Region"",""percentage"":0.017456},{""region"":""Antofagasta Region"",""percentage"":0.107232},{""region"":""Araucan\u00eda Region"",""percentage"":0.129676},{""region"":""Atacama Region"",""percentage"":0.037406},{""region"":""B\u00edo B\u00edo Region"",""percentage"":0.174564},{""region"":""Coquimbo Region"",""percentage"":0.062344},{""region"":""O'Higgins Region"",""percentage"":0.124688},{""region"":""Los Lagos Region"",""percentage"":0.112219},{""region"":""Magallanes y la Ant\u00e1rtica Chilena Region"",""percentage"":0.002494},{""region"":""Santiago Metropolitan Region"",""percentage"":0.13217},{""region"":""Tarapac\u00e1 Region"",""percentage"":0.012469},{""region"":""Maule Region"",""percentage"":0.007481}",facebook,"lower_bound: 50001, upper_bound: 100000",es
1290348151394287,103820310982935,"Sichel Presidente",2021-10-09,2021-10-10,2021-10-13,"Sebastián Sichel Ramirez","Las personas esperan que los políticos nos pongamos de acuerdo, por el bien de quienes trabajan con mucho esfuerzo todos los días. #SichelPresidente",,,,"lower_bound: 5000, upper_bound: 5999","lower_bound: 0, upper_bound: 99",USD,"{""age"":""55-64"",""gender"":""female"",""percentage"":0.005435},{""age"":""55-64"",""gender"":""male"",""percentage"":0.014874},{""age"":""45-54"",""gender"":""unknown"",""percentage"":0.004577},{""age"":""35-44"",""gender"":""female"",""percentage"":0.090675},{""age"":""45-54"",""gender"":""female"",""percentage"":0.08524},{""age"":""25-34"",""gender"":""unknown"",""percentage"":0.001716},{""age"":""35-44"",""gender"":""male"",""percentage"":0.263158},{""age"":""45-54"",""gender"":""male"",""percentage"":0.204805},{""age"":""18-24"",""gender"":""female"",""percentage"":0.013158},{""age"":""25-34"",""gender"":""male"",""percentage"":0.200229},{""age"":""18-24"",""gender"":""male"",""percentage"":0.031178},{""age"":""25-34"",""gender"":""female"",""percentage"":0.081236},{""age"":""35-44"",""gender"":""unknown"",""percentage"":0.003432},{""age"":""18-24"",""gender"":""unknown"",""percentage"":0.000286}","{""region"":""Los R\u00edos Region"",""percentage"":0.009855},{""region"":""Arica y Parinacota Region"",""percentage"":0.03913},{""region"":""Valpara\u00edso Region"",""percentage"":0.028406},{""region"":""Ays\u00e9n Region"",""percentage"":0.014493},{""region"":""Antofagasta Region"",""percentage"":0.084058},{""region"":""Araucan\u00eda Region"",""percentage"":0.133623},{""region"":""Atacama Region"",""percentage"":0.042319},{""region"":""B\u00edo B\u00edo Region"",""percentage"":0.197971},{""region"":""Coquimbo Region"",""percentage"":0.084638},{""region"":""O'Higgins Region"",""percentage"":0.115362},{""region"":""Los Lagos Region"",""percentage"":0.093913},{""region"":""Magallanes y la Ant\u00e1rtica Chilena Region"",""percentage"":0.006377},{""region"":""Maule Region"",""percentage"":0.017101},{""region"":""Santiago Metropolitan Region"",""percentage"":0.122319},{""region"":""Tarapac\u00e1 Region"",""percentage"":0.010435}",facebook,"lower_bound: 50001, upper_bound: 100000",es
2092619304238447,103820310982935,"Sichel Presidente",2021-10-09,2021-10-10,2021-10-13,"Sebastián Sichel Ramirez","Cambian Chile los que defienden la libertad, los que defienden la justicia, los que entienden que Chile los une. #SePuede",,,,"lower_bound: 0, upper_bound: 999","lower_bound: 0, upper_bound: 99",USD,,,facebook,"lower_bound: 50001, upper_bound: 100000",es
269314075195646,103820310982935,"Sichel Presidente",2021-10-08,2021-10-08,2021-10-13,"Sebastián Sichel Ramirez","La familia Mella Guzmán representa el esfuerzo de miles de familias chilenas. Y nos transmiten lo importante: compartir y agradecer en familia. #SePuede #YoTeEscucho",,,,"lower_bound: 0, upper_bound: 999","lower_bound: 0, upper_bound: 99",USD,"{""age"":""25-34"",""gender"":""female"",""percentage"":0.033451},{""age"":""55-64"",""gender"":""female"",""percentage"":0.015845},{""age"":""35-44"",""gender"":""unknown"",""percentage"":0.003521},{""age"":""45-54"",""gender"":""male"",""percentage"":0.371479},{""age"":""45-54"",""gender"":""female"",""percentage"":0.09507},{""age"":""25-34"",""gender"":""male"",""percentage"":0.116197},{""age"":""35-44"",""gender"":""male"",""percentage"":0.228873},{""age"":""55-64"",""gender"":""male"",""percentage"":0.02993},{""age"":""18-24"",""gender"":""male"",""percentage"":0.022887},{""age"":""35-44"",""gender"":""female"",""percentage"":0.070423},{""age"":""45-54"",""gender"":""unknown"",""percentage"":0.005282},{""age"":""18-24"",""gender"":""female"",""percentage"":0.007042}","{""region"":""Arica y Parinacota Region"",""percentage"":0.033451},{""region"":""Tarapac\u00e1 Region"",""percentage"":0.008803},{""region"":""Magallanes y la Ant\u00e1rtica Chilena Region"",""percentage"":0.001761},{""region"":""Los R\u00edos Region"",""percentage"":0.007042},{""region"":""Valpara\u00edso Region"",""percentage"":0.026408},{""region"":""Ays\u00e9n Region"",""percentage"":0.015845},{""region"":""Antofagasta Region"",""percentage"":0.072183},{""region"":""Araucan\u00eda Region"",""percentage"":0.142606},{""region"":""Atacama Region"",""percentage"":0.049296},{""region"":""B\u00edo B\u00edo Region"",""percentage"":0.216549},{""region"":""Coquimbo Region"",""percentage"":0.084507},{""region"":""O'Higgins Region"",""percentage"":0.098592},{""region"":""Los Lagos Region"",""percentage"":0.121479},{""region"":""Maule Region"",""percentage"":0.019366},{""region"":""Santiago Metropolitan Region"",""percentage"":0.102113}",facebook,"lower_bound: 50001, upper_bound: 100000",es
274783784514229,103820310982935,"Sichel Presidente",2021-10-08,2021-10-08,2021-10-12,"Sebastián Sichel Ramirez","Juntos nos va mejor! No dejemos que lo importante se nos pase de largo. Estoy convencido que #SePuede un Chile mejor, claro que #SePuede.",,,,"lower_bound: 0, upper_bound: 999","lower_bound: 0, upper_bound: 99",USD,,,facebook,"lower_bound: 50001, upper_bound: 100000",es
397057768559086,103820310982935,"Sichel Presidente",2021-10-08,2021-10-08,2021-10-13,"Sebastián Sichel Ramirez","Resumen de la visita a Los Lagos! Gracias a Los Muermos, Puerto Montt, Puerto Varas, Llanquihue, Puyehue, Puerto Octay, Fresia y Osorno. La regionalización #SePuede",,,,"lower_bound: 0, upper_bound: 999","lower_bound: 0, upper_bound: 99",USD,"{""age"":""25-34"",""gender"":""female"",""percentage"":0.067093},{""age"":""18-24"",""gender"":""male"",""percentage"":0.022364},{""age"":""45-54"",""gender"":""male"",""percentage"":0.239617},{""age"":""25-34"",""gender"":""male"",""percentage"":0.13099},{""age"":""35-44"",""gender"":""male"",""percentage"":0.15655},{""age"":""55-64"",""gender"":""male"",""percentage"":0.035144},{""age"":""35-44"",""gender"":""female"",""percentage"":0.095847},{""age"":""45-54"",""gender"":""unknown"",""percentage"":0.009585},{""age"":""35-44"",""gender"":""unknown"",""percentage"":0.003195},{""age"":""18-24"",""gender"":""female"",""percentage"":0.025559},{""age"":""55-64"",""gender"":""unknown"",""percentage"":0.003195},{""age"":""45-54"",""gender"":""female"",""percentage"":0.188498},{""age"":""55-64"",""gender"":""female"",""percentage"":0.022364}","{""region"":""Los R\u00edos Region"",""percentage"":0.003195},{""region"":""Valpara\u00edso Region"",""percentage"":0.025559},{""region"":""Ays\u00e9n Region"",""percentage"":0.015974},{""region"":""Magallanes y la Ant\u00e1rtica Chilena Region"",""percentage"":0.00639},{""region"":""Tarapac\u00e1 Region"",""percentage"":0.015974},{""region"":""Arica y Parinacota Region"",""percentage"":0.035144},{""region"":""Antofagasta Region"",""percentage"":0.070288},{""region"":""Araucan\u00eda Region"",""percentage"":0.108626},{""region"":""Atacama Region"",""percentage"":0.038339},{""region"":""B\u00edo B\u00edo Region"",""percentage"":0.201278},{""region"":""Coquimbo Region"",""percentage"":0.079872},{""region"":""O'Higgins Region"",""percentage"":0.14377},{""region"":""Los Lagos Region"",""percentage"":0.076677},{""region"":""Maule Region"",""percentage"":0.019169},{""region"":""Santiago Metropolitan Region"",""percentage"":0.159744}",facebook,"lower_bound: 50001, upper_bound: 100000",es
264625862205737,103820310982935,"Sichel Presidente",2021-10-08,2021-10-08,2021-10-13,"Sebastián Sichel Ramirez","Les presento a Eva. Como ella hay miles de emprendedores y miles de mujeres luchadoras. De eso se trata esta campaña, de acompañar mejor a quienes no hemos escuchado. #SePuede","Una emprendedora por naturaleza",,,"lower_bound: 0, upper_bound: 999","lower_bound: 0, upper_bound: 99",USD,"{""age"":""45-54"",""gender"":""unknown"",""percentage"":0.009132},{""age"":""35-44"",""gender"":""unknown"",""percentage"":0.004566},{""age"":""55-64"",""gender"":""male"",""percentage"":0.022831},{""age"":""18-24"",""gender"":""male"",""percentage"":0.013699},{""age"":""25-34"",""gender"":""male"",""percentage"":0.141553},{""age"":""45-54"",""gender"":""female"",""percentage"":0.121005},{""age"":""35-44"",""gender"":""male"",""percentage"":0.262557},{""age"":""25-34"",""gender"":""female"",""percentage"":0.084475},{""age"":""45-54"",""gender"":""male"",""percentage"":0.1621},{""age"":""35-44"",""gender"":""female"",""percentage"":0.143836},{""age"":""18-24"",""gender"":""female"",""percentage"":0.025114},{""age"":""55-64"",""gender"":""female"",""percentage"":0.009132}","{""region"":""Arica y Parinacota Region"",""percentage"":0.020548},{""region"":""Ays\u00e9n Region"",""percentage"":0.015982},{""region"":""Tarapac\u00e1 Region"",""percentage"":0.009132},{""region"":""Los R\u00edos Region"",""percentage"":0.006849},{""region"":""Valpara\u00edso Region"",""percentage"":0.022831},{""region"":""Antofagasta Region"",""percentage"":0.084475},{""region"":""Araucan\u00eda Region"",""percentage"":0.10274},{""region"":""Atacama Region"",""percentage"":0.03653},{""region"":""B\u00edo B\u00edo Region"",""percentage"":0.182648},{""region"":""Coquimbo Region"",""percentage"":0.09589},{""region"":""O'Higgins Region"",""percentage"":0.127854},{""region"":""Los Lagos Region"",""percentage"":0.10274},{""region"":""Magallanes y la Ant\u00e1rtica Chilena Region"",""percentage"":0.004566},{""region"":""Maule Region"",""percentage"":0.025114},{""region"":""Santiago Metropolitan Region"",""percentage"":0.1621}",facebook,"lower_bound: 50001, upper_bound: 100000",es
557986125275096,103820310982935,"Sichel Presidente",2021-10-08,2021-10-08,2021-10-13,"Sebastián Sichel Ramirez","Los vecinos de la zona cero en Plaza Italia, piden no más violencia y si más justicia. Los escuchamos y ya estamos trabajando en un plan de recuperación. #SePuede",,,,"lower_bound: 0, upper_bound: 999","lower_bound: 0, upper_bound: 99",USD,"{""age"":""45-54"",""gender"":""unknown"",""percentage"":0.00655},{""age"":""18-24"",""gender"":""female"",""percentage"":0.00655},{""age"":""55-64"",""gender"":""male"",""percentage"":0.030568},{""age"":""18-24"",""gender"":""unknown"",""percentage"":0.002183},{""age"":""25-34"",""gender"":""female"",""percentage"":0.039301},{""age"":""18-24"",""gender"":""male"",""percentage"":0.072052},{""age"":""25-34"",""gender"":""male"",""percentage"":0.189956},{""age"":""35-44"",""gender"":""male"",""percentage"":0.30131},{""age"":""45-54"",""gender"":""male"",""percentage"":0.257642},{""age"":""25-34"",""gender"":""unknown"",""percentage"":0.00655},{""age"":""35-44"",""gender"":""unknown"",""percentage"":0.00655},{""age"":""35-44"",""gender"":""female"",""percentage"":0.032751},{""age"":""45-54"",""gender"":""female"",""percentage"":0.043668},{""age"":""55-64"",""gender"":""female"",""percentage"":0.004367}","{""region"":""Los R\u00edos Region"",""percentage"":0.008715},{""region"":""Magallanes y la Ant\u00e1rtica Chilena Region"",""percentage"":0.004357},{""region"":""Arica y Parinacota Region"",""percentage"":0.039216},{""region"":""Valpara\u00edso Region"",""percentage"":0.045752},{""region"":""Ays\u00e9n Region"",""percentage"":0.015251},{""region"":""Antofagasta Region"",""percentage"":0.087146},{""region"":""Araucan\u00eda Region"",""percentage"":0.093682},{""region"":""Atacama Region"",""percentage"":0.056645},{""region"":""B\u00edo B\u00edo Region"",""percentage"":0.213508},{""region"":""Coquimbo Region"",""percentage"":0.054466},{""region"":""O'Higgins Region"",""percentage"":0.108932},{""region"":""Los Lagos Region"",""percentage"":0.076253},{""region"":""Maule Region"",""percentage"":0.021786},{""region"":""Santiago Metropolitan Region"",""percentage"":0.165577},{""region"":""Tarapac\u00e1 Region"",""percentage"":0.008715}",facebook,"lower_bound: 50001, upper_bound: 100000",es
920506115226115,103820310982935,"Sichel Presidente",2021-10-08,2021-10-08,2021-10-13,"Sebastián Sichel Ramirez","Lo que proponemos: avanzar hacia el retiro del 100% de sus fondos para resguardarlos y administrarlos en los instrumentos -públicos o privados- que cada persona escoja con el fin de asegurar mejores pensiones en el futuro.",,,,"lower_bound: 1000, upper_bound: 1999","lower_bound: 0, upper_bound: 99",USD,"{""age"":""35-44"",""gender"":""unknown"",""percentage"":0.003171},{""age"":""55-64"",""gender"":""female"",""percentage"":0.003171},{""age"":""18-24"",""gender"":""male"",""percentage"":0.029598},{""age"":""45-54"",""gender"":""unknown"",""percentage"":0.004228},{""age"":""35-44"",""gender"":""male"",""percentage"":0.320296},{""age"":""35-44"",""gender"":""female"",""percentage"":0.030655},{""age"":""25-34"",""gender"":""male"",""percentage"":0.197674},{""age"":""45-54"",""gender"":""female"",""percentage"":0.021142},{""age"":""45-54"",""gender"":""male"",""percentage"":0.334038},{""age"":""25-34"",""gender"":""female"",""percentage"":0.021142},{""age"":""18-24"",""gender"":""female"",""percentage"":0.003171},{""age"":""55-64"",""gender"":""male"",""percentage"":0.031712}","{""region"":""Magallanes y la Ant\u00e1rtica Chilena Region"",""percentage"":0.007447},{""region"":""Tarapac\u00e1 Region"",""percentage"":0.006383},{""region"":""Los R\u00edos Region"",""percentage"":0.014894},{""region"":""Arica y Parinacota Region"",""percentage"":0.038298},{""region"":""Valpara\u00edso Region"",""percentage"":0.031915},{""region"":""Ays\u00e9n Region"",""percentage"":0.012766},{""region"":""Antofagasta Region"",""percentage"":0.078723},{""region"":""Araucan\u00eda Region"",""percentage"":0.115957},{""region"":""Atacama Region"",""percentage"":0.044681},{""region"":""B\u00edo B\u00edo Region"",""percentage"":0.17234},{""region"":""Coquimbo Region"",""percentage"":0.085106},{""region"":""O'Higgins Region"",""percentage"":0.112766},{""region"":""Los Lagos Region"",""percentage"":0.109574},{""region"":""Maule Region"",""percentage"":0.021277},{""region"":""Santiago Metropolitan Region"",""percentage"":0.147872}",facebook,"lower_bound: 50001, upper_bound: 100000",es
1544876622556599,103820310982935,"Sichel Presidente",2021-10-08,2021-10-08,2021-10-13,"Sebastián Sichel Ramirez","Nuestro programa de gobierno necesita gente con experiencia, gente diversa y que represente a los chilenos. #SePuede","Un gabinete diverso",,,"lower_bound: 0, upper_bound: 999","lower_bound: 0, upper_bound: 99",USD,"{""age"":""25-34"",""gender"":""unknown"",""percentage"":0.003654},{""age"":""55-64"",""gender"":""unknown"",""percentage"":0.001218},{""age"":""55-64"",""gender"":""female"",""percentage"":0.001218},{""age"":""18-24"",""gender"":""female"",""percentage"":0.003654},{""age"":""18-24"",""gender"":""male"",""percentage"":0.040195},{""age"":""25-34"",""gender"":""female"",""percentage"":0.013398},{""age"":""55-64"",""gender"":""male"",""percentage"":0.021924},{""age"":""45-54"",""gender"":""male"",""percentage"":0.242387},{""age"":""45-54"",""gender"":""female"",""percentage"":0.015834},{""age"":""35-44"",""gender"":""male"",""percentage"":0.338611},{""age"":""25-34"",""gender"":""male"",""percentage"":0.298417},{""age"":""35-44"",""gender"":""female"",""percentage"":0.010962},{""age"":""45-54"",""gender"":""unknown"",""percentage"":0.003654},{""age"":""35-44"",""gender"":""unknown"",""percentage"":0.004872}","{""region"":""Los R\u00edos Region"",""percentage"":0.010962},{""region"":""Tarapac\u00e1 Region"",""percentage"":0.002436},{""region"":""Arica y Parinacota Region"",""percentage"":0.030451},{""region"":""Valpara\u00edso Region"",""percentage"":0.034105},{""region"":""Ays\u00e9n Region"",""percentage"":0.014616},{""region"":""Antofagasta Region"",""percentage"":0.054811},{""region"":""Araucan\u00eda Region"",""percentage"":0.114495},{""region"":""Atacama Region"",""percentage"":0.043849},{""region"":""B\u00edo B\u00edo Region"",""percentage"":0.204629},{""region"":""Coquimbo Region"",""percentage"":0.070646},{""region"":""O'Higgins Region"",""percentage"":0.130329},{""region"":""Los Lagos Region"",""percentage"":0.11084},{""region"":""Magallanes y la Ant\u00e1rtica Chilena Region"",""percentage"":0.004872},{""region"":""Maule Region"",""percentage"":0.030451},{""region"":""Santiago Metropolitan Region"",""percentage"":0.142509}",facebook,"lower_bound: 50001, upper_bound: 100000",es
389557806157359,103820310982935,"Sichel Presidente",2021-10-08,2021-10-08,2021-10-13,"Sebastián Sichel Ramirez","Hay que meterse con todo en los lugares donde el Estado ha fallado: en La Araucanía y los barrios donde está el narcotráfico.",,,,"lower_bound: 0, upper_bound: 999","lower_bound: 0, upper_bound: 99",USD,"{""age"":""18-24"",""gender"":""female"",""percentage"":0.005988},{""age"":""55-64"",""gender"":""male"",""percentage"":0.011976},{""age"":""45-54"",""gender"":""unknown"",""percentage"":0.011976},{""age"":""45-54"",""gender"":""female"",""percentage"":0.125749},{""age"":""35-44"",""gender"":""male"",""percentage"":0.191617},{""age"":""25-34"",""gender"":""male"",""percentage"":0.155689},{""age"":""45-54"",""gender"":""male"",""percentage"":0.239521},{""age"":""18-24"",""gender"":""male"",""percentage"":0.035928},{""age"":""55-64"",""gender"":""female"",""percentage"":0.023952},{""age"":""35-44"",""gender"":""female"",""percentage"":0.131737},{""age"":""25-34"",""gender"":""female"",""percentage"":0.065868}","{""region"":""Arica y Parinacota Region"",""percentage"":0.05988},{""region"":""Valpara\u00edso Region"",""percentage"":0.017964},{""region"":""Ays\u00e9n Region"",""percentage"":0.005988},{""region"":""Antofagasta Region"",""percentage"":0.065868},{""region"":""Araucan\u00eda Region"",""percentage"":0.131737},{""region"":""Atacama Region"",""percentage"":0.077844},{""region"":""B\u00edo B\u00edo Region"",""percentage"":0.191617},{""region"":""Coquimbo Region"",""percentage"":0.083832},{""region"":""O'Higgins Region"",""percentage"":0.08982},{""region"":""Los Lagos Region"",""percentage"":0.095808},{""region"":""Magallanes y la Ant\u00e1rtica Chilena Region"",""percentage"":0.005988},{""region"":""Maule Region"",""percentage"":0.035928},{""region"":""Santiago Metropolitan Region"",""percentage"":0.131737},{""region"":""Tarapac\u00e1 Region"",""percentage"":0.005988}",facebook,"lower_bound: 50001, upper_bound: 100000",es
861849357848801,103820310982935,"Sichel Presidente",2021-10-08,2021-10-08,2021-10-12,"Sebastián Sichel Ramirez","Necesitamos recuperar el Estado de derecho en La Araucanía. De esto y más conversamos hoy en @laterceracom junto a tres candidatos presidenciales más.",,,,"lower_bound: 0, upper_bound: 999","lower_bound: 0, upper_bound: 99",USD,,,facebook,"lower_bound: 50001, upper_bound: 100000",es
1310979026031525,103820310982935,"Sichel Presidente",2021-10-08,2021-10-08,2021-10-13,"Sebastián Sichel Ramirez","35 compromisos por un Chile mejor y 6 pilares claves para dar certezas a los cambios que queremos liderar #SePuede",,,,"lower_bound: 0, upper_bound: 999","lower_bound: 0, upper_bound: 99",USD,"{""age"":""55-64"",""gender"":""male"",""percentage"":0.006977},{""age"":""35-44"",""gender"":""unknown"",""percentage"":0.002326},{""age"":""18-24"",""gender"":""female"",""percentage"":0.011628},{""age"":""25-34"",""gender"":""female"",""percentage"":0.02093},{""age"":""35-44"",""gender"":""female"",""percentage"":0.02093},{""age"":""35-44"",""gender"":""male"",""percentage"":0.337209},{""age"":""25-34"",""gender"":""male"",""percentage"":0.253488},{""age"":""45-54"",""gender"":""male"",""percentage"":0.255814},{""age"":""45-54"",""gender"":""female"",""percentage"":0.053488},{""age"":""18-24"",""gender"":""male"",""percentage"":0.034884},{""age"":""55-64"",""gender"":""female"",""percentage"":0.002326}","{""region"":""Los R\u00edos Region"",""percentage"":0.006977},{""region"":""Maule Region"",""percentage"":0.009302},{""region"":""Magallanes y la Ant\u00e1rtica Chilena Region"",""percentage"":0.002326},{""region"":""Arica y Parinacota Region"",""percentage"":0.013953},{""region"":""Valpara\u00edso Region"",""percentage"":0.037209},{""region"":""Ays\u00e9n Region"",""percentage"":0.013953},{""region"":""Antofagasta Region"",""percentage"":0.097674},{""region"":""Araucan\u00eda Region"",""percentage"":0.130233},{""region"":""Atacama Region"",""percentage"":0.04186},{""region"":""B\u00edo B\u00edo Region"",""percentage"":0.218605},{""region"":""Coquimbo Region"",""percentage"":0.076744},{""region"":""O'Higgins Region"",""percentage"":0.118605},{""region"":""Los Lagos Region"",""percentage"":0.090698},{""region"":""Santiago Metropolitan Region"",""percentage"":0.132558},{""region"":""Tarapac\u00e1 Region"",""percentage"":0.009302}",facebook,"lower_bound: 50001, upper_bound: 100000",es
4102432413219272,103820310982935,"Sichel Presidente",2021-10-08,2021-10-08,2021-10-13,"Sebastián Sichel Ramirez","Cuántas veces alguien les dijo que no? Gracias a quienes participaron por historias. El compromiso de este proyecto es abrir puertas. Nunca más un NO por respuesta, un sí #SePuede.","Cuántas veces",,,"lower_bound: 1000, upper_bound: 1999","lower_bound: 0, upper_bound: 99",USD,"{""age"":""18-24"",""gender"":""female"",""percentage"":0.004673},{""age"":""35-44"",""gender"":""female"",""percentage"":0.032043},{""age"":""18-24"",""gender"":""male"",""percentage"":0.025367},{""age"":""35-44"",""gender"":""male"",""percentage"":0.324433},{""age"":""25-34"",""gender"":""male"",""percentage"":0.216288},{""age"":""45-54"",""gender"":""male"",""percentage"":0.293725},{""age"":""55-64"",""gender"":""male"",""percentage"":0.021362},{""age"":""25-34"",""gender"":""female"",""percentage"":0.020027},{""age"":""35-44"",""gender"":""unknown"",""percentage"":0.006676},{""age"":""18-24"",""gender"":""unknown"",""percentage"":0.000668},{""age"":""45-54"",""gender"":""female"",""percentage"":0.041389},{""age"":""45-54"",""gender"":""unknown"",""percentage"":0.008678},{""age"":""55-64"",""gender"":""female"",""percentage"":0.004673}","{""region"":""Los R\u00edos Region"",""percentage"":0.010027},{""region"":""Arica y Parinacota Region"",""percentage"":0.036765},{""region"":""Valpara\u00edso Region"",""percentage"":0.029412},{""region"":""Ays\u00e9n Region"",""percentage"":0.019385},{""region"":""Antofagasta Region"",""percentage"":0.102941},{""region"":""Araucan\u00eda Region"",""percentage"":0.104947},{""region"":""Atacama Region"",""percentage"":0.049465},{""region"":""B\u00edo B\u00edo Region"",""percentage"":0.215909},{""region"":""Coquimbo Region"",""percentage"":0.07754},{""region"":""O'Higgins Region"",""percentage"":0.111631},{""region"":""Los Lagos Region"",""percentage"":0.09492},{""region"":""Magallanes y la Ant\u00e1rtica Chilena Region"",""percentage"":0.005348},{""region"":""Maule Region"",""percentage"":0.020053},{""region"":""Santiago Metropolitan Region"",""percentage"":0.113636},{""region"":""Tarapac\u00e1 Region"",""percentage"":0.008021}",facebook,"lower_bound: 50001, upper_bound: 100000",es
425939252291037,103820310982935,"Sichel Presidente",2021-10-08,2021-10-08,2021-10-13,"Sebastián Sichel Ramirez","La discapacidad no puede tener políticas públicas olvidadas, se necesita una mayor y real integración. En esta campaña decimos #SePuede!",,,,"lower_bound: 0, upper_bound: 999","lower_bound: 0, upper_bound: 99",USD,,,facebook,"lower_bound: 50001, upper_bound: 100000",es
405131527685551,103820310982935,"Sichel Presidente",2021-10-08,2021-10-08,2021-10-13,"Sebastián Sichel Ramirez","Acompáñennos en esta nueva etapa! #SePuede #SichelPresidente",,,,"lower_bound: 0, upper_bound: 999","lower_bound: 0, upper_bound: 99",USD,"{""age"":""18-24"",""gender"":""female"",""percentage"":0.00738},{""age"":""35-44"",""gender"":""unknown"",""percentage"":0.00738},{""age"":""25-34"",""gender"":""female"",""percentage"":0.03321},{""age"":""18-24"",""gender"":""male"",""percentage"":0.070111},{""age"":""55-64"",""gender"":""female"",""percentage"":0.001845},{""age"":""25-34"",""gender"":""male"",""percentage"":0.304428},{""age"":""35-44"",""gender"":""male"",""percentage"":0.274908},{""age"":""45-54"",""gender"":""male"",""percentage"":0.204797},{""age"":""45-54"",""gender"":""female"",""percentage"":0.027675},{""age"":""55-64"",""gender"":""male"",""percentage"":0.02214},{""age"":""35-44"",""gender"":""female"",""percentage"":0.042435},{""age"":""25-34"",""gender"":""unknown"",""percentage"":0.001845},{""age"":""45-54"",""gender"":""unknown"",""percentage"":0.001845}","{""region"":""Magallanes y la Ant\u00e1rtica Chilena Region"",""percentage"":0.005535},{""region"":""Los R\u00edos Region"",""percentage"":0.01476},{""region"":""Arica y Parinacota Region"",""percentage"":0.03321},{""region"":""Valpara\u00edso Region"",""percentage"":0.031365},{""region"":""Ays\u00e9n Region"",""percentage"":0.020295},{""region"":""Antofagasta Region"",""percentage"":0.086716},{""region"":""Araucan\u00eda Region"",""percentage"":0.099631},{""region"":""Atacama Region"",""percentage"":0.042435},{""region"":""B\u00edo B\u00edo Region"",""percentage"":0.182657},{""region"":""Coquimbo Region"",""percentage"":0.095941},{""region"":""O'Higgins Region"",""percentage"":0.107011},{""region"":""Los Lagos Region"",""percentage"":0.097786},{""region"":""Maule Region"",""percentage"":0.020295},{""region"":""Santiago Metropolitan Region"",""percentage"":0.147601},{""region"":""Tarapac\u00e1 Region"",""percentage"":0.01476}",facebook,"lower_bound: 50001, upper_bound: 100000",es
607212463788041,103820310982935,"Sichel Presidente",2021-10-08,2021-10-08,2021-10-12,"Sebastián Sichel Ramirez","Desde Curicó junto al consejo ciudadano de independientes!! cariños a todos!",,,,"lower_bound: 0, upper_bound: 999","lower_bound: 0, upper_bound: 99",USD,,,facebook,"lower_bound: 50001, upper_bound: 100000",es
387164123016955,103820310982935,"Sichel Presidente",2021-10-08,2021-10-08,2021-10-13,"Sebastián Sichel Ramirez","En esta campaña las mujeres están al centro de nuestras propuestas y programa.","Mujeres al centro",,,"lower_bound: 0, upper_bound: 999","lower_bound: 0, upper_bound: 99",USD,,,facebook,"lower_bound: 50001, upper_bound: 100000",es
548607829701015,103820310982935,"Sichel Presidente",2021-10-08,2021-10-08,2021-10-13,"Sebastián Sichel Ramirez","Por un Chile donde ninguna mujer más aplace sus proyectos por culpa de un papá ausente que no paga la pensión de alimentos. Por un Chile donde ningún niño o niña tenga que perseguir lo que es un derecho. #SePuede","Un Chile para las mujeres",,,"lower_bound: 0, upper_bound: 999","lower_bound: 0, upper_bound: 99",USD,,,facebook,"lower_bound: 50001, upper_bound: 100000",es
186627333512907,103820310982935,"Sichel Presidente",2021-10-08,2021-10-08,2021-10-13,"Sebastián Sichel Ramirez","No existen balas locas, existen balas asesinas y como Estado hay que hacerse cargo.",,,,"lower_bound: 20000, upper_bound: 24999","lower_bound: 0, upper_bound: 99",USD,"{""age"":""18-24"",""gender"":""unknown"",""percentage"":0.000193},{""age"":""35-44"",""gender"":""female"",""percentage"":0.168718},{""age"":""55-64"",""gender"":""male"",""percentage"":0.010118},{""age"":""25-34"",""gender"":""male"",""percentage"":0.126571},{""age"":""25-34"",""gender"":""female"",""percentage"":0.095121},{""age"":""45-54"",""gender"":""male"",""percentage"":0.145711},{""age"":""35-44"",""gender"":""male"",""percentage"":0.177225},{""age"":""45-54"",""gender"":""female"",""percentage"":0.232261},{""age"":""18-24"",""gender"":""male"",""percentage"":0.008765},{""age"":""55-64"",""gender"":""female"",""percentage"":0.019656},{""age"":""18-24"",""gender"":""female"",""percentage"":0.013018},{""age"":""25-34"",""gender"":""unknown"",""percentage"":0.000516},{""age"":""45-54"",""gender"":""unknown"",""percentage"":0.001096},{""age"":""35-44"",""gender"":""unknown"",""percentage"":0.000902},{""age"":""55-64"",""gender"":""unknown"",""percentage"":0.000129}","{""region"":""Los R\u00edos Region"",""percentage"":0.03583},{""region"":""Arica y Parinacota Region"",""percentage"":0.026938},{""region"":""Valpara\u00edso Region"",""percentage"":0.087563},{""region"":""Ays\u00e9n Region"",""percentage"":0.00688},{""region"":""Antofagasta Region"",""percentage"":0.091912},{""region"":""Araucan\u00eda Region"",""percentage"":0.095807},{""region"":""Atacama Region"",""percentage"":0.028885},{""region"":""B\u00edo B\u00edo Region"",""percentage"":0.191549},{""region"":""Coquimbo Region"",""percentage"":0.06134},{""region"":""O'Higgins Region"",""percentage"":0.063612},{""region"":""Los Lagos Region"",""percentage"":0.088797},{""region"":""Magallanes y la Ant\u00e1rtica Chilena Region"",""percentage"":0.013891},{""region"":""Maule Region"",""percentage"":0.099637},{""region"":""Santiago Metropolitan Region"",""percentage"":0.054784},{""region"":""Tarapac\u00e1 Region"",""percentage"":0.052577}","facebook,instagram","lower_bound: 500001, upper_bound: 1000000",es
1679012868958764,103820310982935,"Sichel Presidente",2021-10-08,2021-10-08,2021-10-13,"Sebastián Sichel Ramirez","No existen balas locas, existen balas asesinas y como Estado hay que hacerse cargo.",,,,"lower_bound: 20000, upper_bound: 24999","lower_bound: 0, upper_bound: 99",USD,"{""age"":""18-24"",""gender"":""unknown"",""percentage"":6.1e-5},{""age"":""35-44"",""gender"":""unknown"",""percentage"":0.00098},{""age"":""55-64"",""gender"":""male"",""percentage"":0.010049},{""age"":""18-24"",""gender"":""male"",""percentage"":0.007843},{""age"":""35-44"",""gender"":""female"",""percentage"":0.184375},{""age"":""45-54"",""gender"":""female"",""percentage"":0.216789},{""age"":""35-44"",""gender"":""male"",""percentage"":0.179289},{""age"":""45-54"",""gender"":""male"",""percentage"":0.137316},{""age"":""18-24"",""gender"":""female"",""percentage"":0.014583},{""age"":""25-34"",""gender"":""female"",""percentage"":0.105453},{""age"":""25-34"",""gender"":""male"",""percentage"":0.121262},{""age"":""55-64"",""gender"":""female"",""percentage"":0.020527},{""age"":""45-54"",""gender"":""unknown"",""percentage"":0.00098},{""age"":""25-34"",""gender"":""unknown"",""percentage"":0.00049}","{""region"":""Los R\u00edos Region"",""percentage"":0.035826},{""region"":""Arica y Parinacota Region"",""percentage"":0.025385},{""region"":""Valpara\u00edso Region"",""percentage"":0.087283},{""region"":""Ays\u00e9n Region"",""percentage"":0.005565},{""region"":""Antofagasta Region"",""percentage"":0.089409},{""region"":""Araucan\u00eda Region"",""percentage"":0.095536},{""region"":""Atacama Region"",""percentage"":0.029636},{""region"":""B\u00edo B\u00edo Region"",""percentage"":0.181631},{""region"":""Coquimbo Region"",""percentage"":0.063961},{""region"":""O'Higgins Region"",""percentage"":0.06121},{""region"":""Los Lagos Region"",""percentage"":0.089659},{""region"":""Magallanes y la Ant\u00e1rtica Chilena Region"",""percentage"":0.015068},{""region"":""Maule Region"",""percentage"":0.115043},{""region"":""Santiago Metropolitan Region"",""percentage"":0.055833},{""region"":""Tarapac\u00e1 Region"",""percentage"":0.048956}","facebook,instagram","lower_bound: 500001, upper_bound: 1000000",es
547991886262356,103820310982935,"Sichel Presidente",2021-10-08,2021-10-08,2021-10-13,"Sebastián Sichel Ramirez","La familia Mella Guzmán representa el esfuerzo de miles de familias chilenas. Y nos transmiten lo importante: compartir y agradecer en familia. #SePuede #YoTeEscucho",,,,"lower_bound: 10000, upper_bound: 14999","lower_bound: 0, upper_bound: 99",USD,"{""age"":""25-34"",""gender"":""unknown"",""percentage"":0.000297},{""age"":""35-44"",""gender"":""unknown"",""percentage"":0.000693},{""age"":""35-44"",""gender"":""male"",""percentage"":0.11497},{""age"":""35-44"",""gender"":""female"",""percentage"":0.215098},{""age"":""55-64"",""gender"":""female"",""percentage"":0.025428},{""age"":""25-34"",""gender"":""female"",""percentage"":0.134263},{""age"":""45-54"",""gender"":""female"",""percentage"":0.281785},{""age"":""25-34"",""gender"":""male"",""percentage"":0.080241},{""age"":""45-54"",""gender"":""male"",""percentage"":0.106263},{""age"":""55-64"",""gender"":""male"",""percentage"":0.009597},{""age"":""18-24"",""gender"":""male"",""percentage"":0.009597},{""age"":""18-24"",""gender"":""female"",""percentage"":0.020976},{""age"":""45-54"",""gender"":""unknown"",""percentage"":0.000792}","{""region"":""Los R\u00edos Region"",""percentage"":0.043275},{""region"":""Arica y Parinacota Region"",""percentage"":0.026025},{""region"":""Valpara\u00edso Region"",""percentage"":0.071094},{""region"":""Ays\u00e9n Region"",""percentage"":0.007179},{""region"":""Antofagasta Region"",""percentage"":0.090637},{""region"":""Araucan\u00eda Region"",""percentage"":0.107089},{""region"":""Atacama Region"",""percentage"":0.032306},{""region"":""B\u00edo B\u00edo Region"",""percentage"":0.191245},{""region"":""Coquimbo Region"",""percentage"":0.060524},{""region"":""O'Higgins Region"",""percentage"":0.057035},{""region"":""Los Lagos Region"",""percentage"":0.096819},{""region"":""Magallanes y la Ant\u00e1rtica Chilena Region"",""percentage"":0.01396},{""region"":""Maule Region"",""percentage"":0.101007},{""region"":""Santiago Metropolitan Region"",""percentage"":0.047961},{""region"":""Tarapac\u00e1 Region"",""percentage"":0.053844}","facebook,instagram","lower_bound: 500001, upper_bound: 1000000",es
1320929701693373,103820310982935,"Sichel Presidente",2021-10-08,2021-10-08,2021-10-13,"Sebastián Sichel Ramirez","Les presento a Eva. Como ella hay miles de emprendedores y miles de mujeres luchadoras. De eso se trata esta campaña, de acompañar mejor a quienes no hemos escuchado. #SePuede","Una emprendedora por naturaleza",,,"lower_bound: 10000, upper_bound: 14999","lower_bound: 0, upper_bound: 99",USD,"{""age"":""18-24"",""gender"":""unknown"",""percentage"":8.5e-5},{""age"":""35-44"",""gender"":""unknown"",""percentage"":0.002551},{""age"":""55-64"",""gender"":""unknown"",""percentage"":0.00034},{""age"":""25-34"",""gender"":""unknown"",""percentage"":0.000935},{""age"":""55-64"",""gender"":""male"",""percentage"":0.008673},{""age"":""55-64"",""gender"":""female"",""percentage"":0.017601},{""age"":""45-54"",""gender"":""unknown"",""percentage"":0.001786},{""age"":""18-24"",""gender"":""female"",""percentage"":0.01488},{""age"":""45-54"",""gender"":""female"",""percentage"":0.208911},{""age"":""18-24"",""gender"":""male"",""percentage"":0.009268},{""age"":""35-44"",""gender"":""male"",""percentage"":0.17337},{""age"":""45-54"",""gender"":""male"",""percentage"":0.126605},{""age"":""35-44"",""gender"":""female"",""percentage"":0.200493},{""age"":""25-34"",""gender"":""female"",""percentage"":0.121928},{""age"":""25-34"",""gender"":""male"",""percentage"":0.112575}","{""region"":""Los R\u00edos Region"",""percentage"":0.034268},{""region"":""Arica y Parinacota Region"",""percentage"":0.027089},{""region"":""Valpara\u00edso Region"",""percentage"":0.093403},{""region"":""Ays\u00e9n Region"",""percentage"":0.006324},{""region"":""Antofagasta Region"",""percentage"":0.099043},{""region"":""Araucan\u00eda Region"",""percentage"":0.095625},{""region"":""Atacama Region"",""percentage"":0.037173},{""region"":""B\u00edo B\u00edo Region"",""percentage"":0.174756},{""region"":""Coquimbo Region"",""percentage"":0.062212},{""region"":""O'Higgins Region"",""percentage"":0.059392},{""region"":""Los Lagos Region"",""percentage"":0.095454},{""region"":""Magallanes y la Ant\u00e1rtica Chilena Region"",""percentage"":0.017006},{""region"":""Maule Region"",""percentage"":0.084601},{""region"":""Santiago Metropolitan Region"",""percentage"":0.063493},{""region"":""Tarapac\u00e1 Region"",""percentage"":0.050162}","facebook,instagram","lower_bound: 500001, upper_bound: 1000000",es
397221771905837,103820310982935,"Sichel Presidente",2021-10-08,2021-10-08,2021-10-13,"Sebastián Sichel Ramirez","Nuestro programa de gobierno necesita gente con experiencia, gente diversa y que represente a los chilenos. #SePuede","Un gabinete diverso",,,"lower_bound: 30000, upper_bound: 34999","lower_bound: 0, upper_bound: 99",USD,"{""age"":""18-24"",""gender"":""unknown"",""percentage"":0.000231},{""age"":""55-64"",""gender"":""male"",""percentage"":0.018026},{""age"":""45-54"",""gender"":""female"",""percentage"":0.119824},{""age"":""25-34"",""gender"":""male"",""percentage"":0.150368},{""age"":""35-44"",""gender"":""female"",""percentage"":0.112237},{""age"":""35-44"",""gender"":""male"",""percentage"":0.27},{""age"":""45-54"",""gender"":""male"",""percentage"":0.222702},{""age"":""25-34"",""gender"":""female"",""percentage"":0.067789},{""age"":""45-54"",""gender"":""unknown"",""percentage"":0.004892},{""age"":""18-24"",""gender"":""female"",""percentage"":0.006817},{""age"":""35-44"",""gender"":""unknown"",""percentage"":0.005007},{""age"":""18-24"",""gender"":""male"",""percentage"":0.010053},{""age"":""55-64"",""gender"":""unknown"",""percentage"":0.000424},{""age"":""55-64"",""gender"":""female"",""percentage"":0.010823},{""age"":""25-34"",""gender"":""unknown"",""percentage"":0.000809}","{""region"":""Los R\u00edos Region"",""percentage"":0.03788},{""region"":""Arica y Parinacota Region"",""percentage"":0.029201},{""region"":""Valpara\u00edso Region"",""percentage"":0.094044},{""region"":""Ays\u00e9n Region"",""percentage"":0.008023},{""region"":""Antofagasta Region"",""percentage"":0.09065},{""region"":""Araucan\u00eda Region"",""percentage"":0.099175},{""region"":""Atacama Region"",""percentage"":0.034987},{""region"":""B\u00edo B\u00edo Region"",""percentage"":0.175359},{""region"":""Coquimbo Region"",""percentage"":0.066926},{""region"":""O'Higgins Region"",""percentage"":0.054235},{""region"":""Los Lagos Region"",""percentage"":0.09551},{""region"":""Magallanes y la Ant\u00e1rtica Chilena Region"",""percentage"":0.022412},{""region"":""Maule Region"",""percentage"":0.087216},{""region"":""Santiago Metropolitan Region"",""percentage"":0.055701},{""region"":""Tarapac\u00e1 Region"",""percentage"":0.048681}","facebook,instagram","lower_bound: 500001, upper_bound: 1000000",es
1608638982861448,103820310982935,"Sichel Presidente",2021-10-08,2021-10-08,2021-10-13,"Sebastián Sichel Ramirez","Resumen de la visita a Los Lagos! Gracias a Los Muermos, Puerto Montt, Puerto Varas, Llanquihue, Puyehue, Puerto Octay, Fresia y Osorno. La regionalización #SePuede",,,,"lower_bound: 7000, upper_bound: 7999","lower_bound: 0, upper_bound: 99",USD,"{""age"":""55-64"",""gender"":""unknown"",""percentage"":0.000155},{""age"":""55-64"",""gender"":""male"",""percentage"":0.01159},{""age"":""18-24"",""gender"":""male"",""percentage"":0.015299},{""age"":""25-34"",""gender"":""unknown"",""percentage"":0.000309},{""age"":""18-24"",""gender"":""female"",""percentage"":0.022562},{""age"":""45-54"",""gender"":""male"",""percentage"":0.149127},{""age"":""55-64"",""gender"":""female"",""percentage"":0.023489},{""age"":""35-44"",""gender"":""female"",""percentage"":0.173389},{""age"":""45-54"",""gender"":""female"",""percentage"":0.236903},{""age"":""25-34"",""gender"":""female"",""percentage"":0.129501},{""age"":""35-44"",""gender"":""male"",""percentage"":0.123474},{""age"":""25-34"",""gender"":""male"",""percentage"":0.111575},{""age"":""35-44"",""gender"":""unknown"",""percentage"":0.001545},{""age"":""18-24"",""gender"":""unknown"",""percentage"":0.000155},{""age"":""45-54"",""gender"":""unknown"",""percentage"":0.000927}","{""region"":""Los R\u00edos Region"",""percentage"":0.033287},{""region"":""Arica y Parinacota Region"",""percentage"":0.036229},{""region"":""Valpara\u00edso Region"",""percentage"":0.069825},{""region"":""Ays\u00e9n Region"",""percentage"":0.007586},{""region"":""Antofagasta Region"",""percentage"":0.113175},{""region"":""Araucan\u00eda Region"",""percentage"":0.092274},{""region"":""Atacama Region"",""percentage"":0.037003},{""region"":""B\u00edo B\u00edo Region"",""percentage"":0.177117},{""region"":""Coquimbo Region"",""percentage"":0.056046},{""region"":""O'Higgins Region"",""percentage"":0.055891},{""region"":""Los Lagos Region"",""percentage"":0.095061},{""region"":""Magallanes y la Ant\u00e1rtica Chilena Region"",""percentage"":0.01316},{""region"":""Maule Region"",""percentage"":0.095371},{""region"":""Santiago Metropolitan Region"",""percentage"":0.053104},{""region"":""Tarapac\u00e1 Region"",""percentage"":0.064871}","facebook,instagram","lower_bound: 500001, upper_bound: 1000000",es
643640273273644,103820310982935,"Sichel Presidente",2021-10-08,2021-10-08,2021-10-13,"Sebastián Sichel Ramirez","Un Estado que entienda el emprender como un derecho, #SePuede",,,,"lower_bound: 40000, upper_bound: 44999","lower_bound: 100, upper_bound: 199",USD,"{""age"":""55-64"",""gender"":""unknown"",""percentage"":0.000267},{""age"":""18-24"",""gender"":""unknown"",""percentage"":0.000133},{""age"":""45-54"",""gender"":""unknown"",""percentage"":0.002799},{""age"":""35-44"",""gender"":""unknown"",""percentage"":0.002879},{""age"":""18-24"",""gender"":""male"",""percentage"":0.013384},{""age"":""45-54"",""gender"":""female"",""percentage"":0.131252},{""age"":""25-34"",""gender"":""male"",""percentage"":0.155194},{""age"":""25-34"",""gender"":""female"",""percentage"":0.130452},{""age"":""55-64"",""gender"":""female"",""percentage"":0.009945},{""age"":""45-54"",""gender"":""male"",""percentage"":0.155593},{""age"":""35-44"",""gender"":""male"",""percentage"":0.211182},{""age"":""18-24"",""gender"":""female"",""percentage"":0.018823},{""age"":""35-44"",""gender"":""female"",""percentage"":0.15514},{""age"":""55-64"",""gender"":""male"",""percentage"":0.012371},{""age"":""25-34"",""gender"":""unknown"",""percentage"":0.000587}","{""region"":""Los R\u00edos Region"",""percentage"":0.040057},{""region"":""Arica y Parinacota Region"",""percentage"":0.029042},{""region"":""Valpara\u00edso Region"",""percentage"":0.085863},{""region"":""Ays\u00e9n Region"",""percentage"":0.008409},{""region"":""Antofagasta Region"",""percentage"":0.098329},{""region"":""Araucan\u00eda Region"",""percentage"":0.102144},{""region"":""Atacama Region"",""percentage"":0.034012},{""region"":""B\u00edo B\u00edo Region"",""percentage"":0.180861},{""region"":""Coquimbo Region"",""percentage"":0.063242},{""region"":""O'Higgins Region"",""percentage"":0.055827},{""region"":""Los Lagos Region"",""percentage"":0.096314},{""region"":""Magallanes y la Ant\u00e1rtica Chilena Region"",""percentage"":0.019424},{""region"":""Maule Region"",""percentage"":0.087878},{""region"":""Santiago Metropolitan Region"",""percentage"":0.047364},{""region"":""Tarapac\u00e1 Region"",""percentage"":0.051233}","facebook,instagram","lower_bound: 500001, upper_bound: 1000000",es
859061214806437,103820310982935,"Sichel Presidente",2021-10-08,2021-10-08,2021-10-14,"Sebastián Sichel Ramirez","Un Estado que entienda el emprender como un derecho, #SePuede",,,,"lower_bound: 35000, upper_bound: 39999","lower_bound: 100, upper_bound: 199",USD,"{""age"":""18-24"",""gender"":""unknown"",""percentage"":9.2e-5},{""age"":""55-64"",""gender"":""unknown"",""percentage"":0.000305},{""age"":""45-54"",""gender"":""unknown"",""percentage"":0.002779},{""age"":""55-64"",""gender"":""female"",""percentage"":0.010413},{""age"":""45-54"",""gender"":""male"",""percentage"":0.180566},{""age"":""25-34"",""gender"":""female"",""percentage"":0.11314},{""age"":""45-54"",""gender"":""female"",""percentage"":0.128653},{""age"":""18-24"",""gender"":""male"",""percentage"":0.012001},{""age"":""35-44"",""gender"":""female"",""percentage"":0.153144},{""age"":""25-34"",""gender"":""male"",""percentage"":0.147769},{""age"":""35-44"",""gender"":""male"",""percentage"":0.21944},{""age"":""55-64"",""gender"":""male"",""percentage"":0.013253},{""age"":""18-24"",""gender"":""female"",""percentage"":0.014475},{""age"":""25-34"",""gender"":""unknown"",""percentage"":0.000855},{""age"":""35-44"",""gender"":""unknown"",""percentage"":0.003115}","{""region"":""Los R\u00edos Region"",""percentage"":0.045429},{""region"":""Arica y Parinacota Region"",""percentage"":0.027732},{""region"":""Valpara\u00edso Region"",""percentage"":0.084037},{""region"":""Ays\u00e9n Region"",""percentage"":0.008563},{""region"":""Antofagasta Region"",""percentage"":0.093321},{""region"":""Araucan\u00eda Region"",""percentage"":0.108494},{""region"":""Atacama Region"",""percentage"":0.031728},{""region"":""B\u00edo B\u00edo Region"",""percentage"":0.183066},{""region"":""Coquimbo Region"",""percentage"":0.063426},{""region"":""O'Higgins Region"",""percentage"":0.057447},{""region"":""Los Lagos Region"",""percentage"":0.096626},{""region"":""Magallanes y la Ant\u00e1rtica Chilena Region"",""percentage"":0.02007},{""region"":""Maule Region"",""percentage"":0.088724},{""region"":""Santiago Metropolitan Region"",""percentage"":0.042965},{""region"":""Tarapac\u00e1 Region"",""percentage"":0.048373}","facebook,instagram","lower_bound: 500001, upper_bound: 1000000",es
232066895635565,103820310982935,"Sichel Presidente",2021-10-08,2021-10-08,2021-10-13,"Sebastián Sichel Ramirez","Acompáñennos en esta nueva etapa! #SePuede #SichelPresidente",,,,"lower_bound: 100000, upper_bound: 124999","lower_bound: 500, upper_bound: 599",USD,"{""age"":""55-64"",""gender"":""unknown"",""percentage"":0.000101},{""age"":""18-24"",""gender"":""unknown"",""percentage"":0.00019},{""age"":""45-54"",""gender"":""unknown"",""percentage"":0.001559},{""age"":""35-44"",""gender"":""unknown"",""percentage"":0.003257},{""age"":""25-34"",""gender"":""unknown"",""percentage"":0.001115},{""age"":""18-24"",""gender"":""male"",""percentage"":0.018894},{""age"":""35-44"",""gender"":""male"",""percentage"":0.21543},{""age"":""55-64"",""gender"":""female"",""percentage"":0.007198},{""age"":""25-34"",""gender"":""female"",""percentage"":0.159824},{""age"":""18-24"",""gender"":""female"",""percentage"":0.025623},{""age"":""45-54"",""gender"":""male"",""percentage"":0.102164},{""age"":""25-34"",""gender"":""male"",""percentage"":0.176906},{""age"":""35-44"",""gender"":""female"",""percentage"":0.170506},{""age"":""45-54"",""gender"":""female"",""percentage"":0.112708},{""age"":""55-64"",""gender"":""male"",""percentage"":0.004524}","{""region"":""Los R\u00edos Region"",""percentage"":0.037756},{""region"":""Arica y Parinacota Region"",""percentage"":0.02779},{""region"":""Valpara\u00edso Region"",""percentage"":0.087031},{""region"":""Ays\u00e9n Region"",""percentage"":0.006986},{""region"":""Antofagasta Region"",""percentage"":0.102647},{""region"":""Araucan\u00eda Region"",""percentage"":0.095519},{""region"":""Atacama Region"",""percentage"":0.035483},{""region"":""B\u00edo B\u00edo Region"",""percentage"":0.172199},{""region"":""Coquimbo Region"",""percentage"":0.061064},{""region"":""O'Higgins Region"",""percentage"":0.059574},{""region"":""Los Lagos Region"",""percentage"":0.092912},{""region"":""Magallanes y la Ant\u00e1rtica Chilena Region"",""percentage"":0.019199},{""region"":""Maule Region"",""percentage"":0.09394},{""region"":""Santiago Metropolitan Region"",""percentage"":0.051034},{""region"":""Tarapac\u00e1 Region"",""percentage"":0.056865}","facebook,instagram","lower_bound: 500001, upper_bound: 1000000",es
176858627945670,103820310982935,"Sichel Presidente",2021-10-08,2021-10-08,2021-10-13,"Sebastián Sichel Ramirez","La discapacidad no puede tener políticas públicas olvidadas, se necesita una mayor y real integración. En esta campaña decimos #SePuede!",,,,"lower_bound: 6000, upper_bound: 6999","lower_bound: 0, upper_bound: 99",USD,"{""age"":""25-34"",""gender"":""unknown"",""percentage"":0.000573},{""age"":""45-54"",""gender"":""unknown"",""percentage"":0.000764},{""age"":""35-44"",""gender"":""unknown"",""percentage"":0.001528},{""age"":""55-64"",""gender"":""female"",""percentage"":0.01089},{""age"":""35-44"",""gender"":""male"",""percentage"":0.136225},{""age"":""45-54"",""gender"":""female"",""percentage"":0.192205},{""age"":""25-34"",""gender"":""female"",""percentage"":0.165648},{""age"":""25-34"",""gender"":""male"",""percentage"":0.117692},{""age"":""35-44"",""gender"":""female"",""percentage"":0.256974},{""age"":""18-24"",""gender"":""female"",""percentage"":0.026939},{""age"":""55-64"",""gender"":""male"",""percentage"":0.002866},{""age"":""45-54"",""gender"":""male"",""percentage"":0.075659},{""age"":""18-24"",""gender"":""male"",""percentage"":0.012037}","{""region"":""Ays\u00e9n Region"",""percentage"":0.003752},{""region"":""Los R\u00edos Region"",""percentage"":0.033583},{""region"":""Arica y Parinacota Region"",""percentage"":0.021013},{""region"":""Valpara\u00edso Region"",""percentage"":0.123265},{""region"":""Antofagasta Region"",""percentage"":0.073171},{""region"":""Araucan\u00eda Region"",""percentage"":0.087242},{""region"":""Atacama Region"",""percentage"":0.034522},{""region"":""B\u00edo B\u00edo Region"",""percentage"":0.183302},{""region"":""Coquimbo Region"",""percentage"":0.062664},{""region"":""O'Higgins Region"",""percentage"":0.073546},{""region"":""Los Lagos Region"",""percentage"":0.076173},{""region"":""Magallanes y la Ant\u00e1rtica Chilena Region"",""percentage"":0.01257},{""region"":""Maule Region"",""percentage"":0.108818},{""region"":""Santiago Metropolitan Region"",""percentage"":0.057223},{""region"":""Tarapac\u00e1 Region"",""percentage"":0.049156}","facebook,instagram","lower_bound: 500001, upper_bound: 1000000",es
287352706332879,103820310982935,"Sichel Presidente",2021-10-08,2021-10-08,2021-10-13,"Sebastián Sichel Ramirez","En esta campaña las mujeres están al centro de nuestras propuestas y programa.","Mujeres al centro",,,"lower_bound: 3000, upper_bound: 3999","lower_bound: 0, upper_bound: 99",USD,"{""age"":""55-64"",""gender"":""male"",""percentage"":0.005784},{""age"":""45-54"",""gender"":""unknown"",""percentage"":0.004423},{""age"":""25-34"",""gender"":""unknown"",""percentage"":0.001701},{""age"":""18-24"",""gender"":""male"",""percentage"":0.009527},{""age"":""45-54"",""gender"":""female"",""percentage"":0.232392},{""age"":""45-54"",""gender"":""male"",""percentage"":0.112623},{""age"":""25-34"",""gender"":""female"",""percentage"":0.122491},{""age"":""35-44"",""gender"":""male"",""percentage"":0.174209},{""age"":""35-44"",""gender"":""female"",""percentage"":0.194284},{""age"":""25-34"",""gender"":""male"",""percentage"":0.100715},{""age"":""18-24"",""gender"":""female"",""percentage"":0.018374},{""age"":""55-64"",""gender"":""female"",""percentage"":0.020075},{""age"":""35-44"",""gender"":""unknown"",""percentage"":0.003403}","{""region"":""Los R\u00edos Region"",""percentage"":0.041991},{""region"":""Arica y Parinacota Region"",""percentage"":0.029462},{""region"":""Valpara\u00edso Region"",""percentage"":0.108703},{""region"":""Ays\u00e9n Region"",""percentage"":0.006773},{""region"":""Antofagasta Region"",""percentage"":0.077548},{""region"":""Araucan\u00eda Region"",""percentage"":0.087369},{""region"":""Atacama Region"",""percentage"":0.030816},{""region"":""B\u00edo B\u00edo Region"",""percentage"":0.174738},{""region"":""Coquimbo Region"",""percentage"":0.054182},{""region"":""O'Higgins Region"",""percentage"":0.060278},{""region"":""Los Lagos Region"",""percentage"":0.086014},{""region"":""Magallanes y la Ant\u00e1rtica Chilena Region"",""percentage"":0.017609},{""region"":""Maule Region"",""percentage"":0.09956},{""region"":""Santiago Metropolitan Region"",""percentage"":0.072469},{""region"":""Tarapac\u00e1 Region"",""percentage"":0.052489}","facebook,instagram","lower_bound: 500001, upper_bound: 1000000",es
4381471118555189,103820310982935,"Sichel Presidente",2021-10-08,2021-10-08,2021-10-13,"Sebastián Sichel Ramirez","Cerrando un día movido con esta reflexión, qué queremos para nuestro país en 20 años? Yo no lo concibo sin una participación clave del emprendimiento. #SePuede",,,,"lower_bound: 1000, upper_bound: 1999","lower_bound: 0, upper_bound: 99",USD,"{""age"":""55-64"",""gender"":""female"",""percentage"":0.019344},{""age"":""35-44"",""gender"":""unknown"",""percentage"":0.002523},{""age"":""55-64"",""gender"":""male"",""percentage"":0.02439},{""age"":""25-34"",""gender"":""male"",""percentage"":0.131203},{""age"":""45-54"",""gender"":""female"",""percentage"":0.117746},{""age"":""18-24"",""gender"":""male"",""percentage"":0.013457},{""age"":""35-44"",""gender"":""female"",""percentage"":0.089151},{""age"":""18-24"",""gender"":""female"",""percentage"":0.009251},{""age"":""25-34"",""gender"":""female"",""percentage"":0.046257},{""age"":""45-54"",""gender"":""male"",""percentage"":0.291001},{""age"":""35-44"",""gender"":""male"",""percentage"":0.248108},{""age"":""45-54"",""gender"":""unknown"",""percentage"":0.007569}","{""region"":""Arica y Parinacota Region"",""percentage"":0.024106},{""region"":""Ays\u00e9n Region"",""percentage"":0.007481},{""region"":""Atacama Region"",""percentage"":0.038238},{""region"":""Magallanes y la Ant\u00e1rtica Chilena Region"",""percentage"":0.027431},{""region"":""Los R\u00edos Region"",""percentage"":0.044888},{""region"":""Valpara\u00edso Region"",""percentage"":0.0798},{""region"":""Antofagasta Region"",""percentage"":0.074813},{""region"":""Araucan\u00eda Region"",""percentage"":0.120532},{""region"":""B\u00edo B\u00edo Region"",""percentage"":0.183707},{""region"":""Coquimbo Region"",""percentage"":0.056525},{""region"":""O'Higgins Region"",""percentage"":0.049875},{""region"":""Los Lagos Region"",""percentage"":0.12552},{""region"":""Maule Region"",""percentage"":0.091438},{""region"":""Santiago Metropolitan Region"",""percentage"":0.036575},{""region"":""Tarapac\u00e1 Region"",""percentage"":0.039069}","facebook,instagram","lower_bound: 500001, upper_bound: 1000000",es
150048604005911,103820310982935,"Sichel Presidente",2021-10-08,2021-10-08,2021-10-13,"Sebastián Sichel Ramirez","Cerrando un día movido con esta reflexión, qué queremos para nuestro país en 20 años? Yo no lo concibo sin una participación clave del emprendimiento. #SePuede",,,,"lower_bound: 0, upper_bound: 999","lower_bound: 0, upper_bound: 99",USD,"{""age"":""45-54"",""gender"":""unknown"",""percentage"":0.014118},{""age"":""35-44"",""gender"":""female"",""percentage"":0.047059},{""age"":""55-64"",""gender"":""male"",""percentage"":0.014118},{""age"":""18-24"",""gender"":""female"",""percentage"":0.011765},{""age"":""25-34"",""gender"":""unknown"",""percentage"":0.002353},{""age"":""55-64"",""gender"":""female"",""percentage"":0.009412},{""age"":""35-44"",""gender"":""unknown"",""percentage"":0.007059},{""age"":""45-54"",""gender"":""female"",""percentage"":0.117647},{""age"":""35-44"",""gender"":""male"",""percentage"":0.305882},{""age"":""18-24"",""gender"":""male"",""percentage"":0.018824},{""age"":""25-34"",""gender"":""male"",""percentage"":0.089412},{""age"":""45-54"",""gender"":""male"",""percentage"":0.329412},{""age"":""25-34"",""gender"":""female"",""percentage"":0.032941}","{""region"":""Atacama Region"",""percentage"":0.030588},{""region"":""Magallanes y la Ant\u00e1rtica Chilena Region"",""percentage"":0.025882},{""region"":""Santiago Metropolitan Region"",""percentage"":0.044706},{""region"":""Tarapac\u00e1 Region"",""percentage"":0.04},{""region"":""Ays\u00e9n Region"",""percentage"":0.004706},{""region"":""Los R\u00edos Region"",""percentage"":0.072941},{""region"":""Arica y Parinacota Region"",""percentage"":0.028235},{""region"":""Valpara\u00edso Region"",""percentage"":0.072941},{""region"":""Antofagasta Region"",""percentage"":0.068235},{""region"":""Araucan\u00eda Region"",""percentage"":0.143529},{""region"":""B\u00edo B\u00edo Region"",""percentage"":0.171765},{""region"":""Coquimbo Region"",""percentage"":0.070588},{""region"":""O'Higgins Region"",""percentage"":0.037647},{""region"":""Los Lagos Region"",""percentage"":0.117647},{""region"":""Maule Region"",""percentage"":0.070588}","facebook,instagram","lower_bound: 500001, upper_bound: 1000000",es
232792568734891,103820310982935,"Sichel Presidente",2021-10-08,2021-10-08,2021-10-13,"Sebastián Sichel Ramirez","En nuestro paso por Llanquihue conocimos a este grupo de emprendedoras, “Aprendo a vivir”, que hace 11 años trabajan juntas en el rubro textil local. #SePuede",,,,"lower_bound: 0, upper_bound: 999","lower_bound: 0, upper_bound: 99",USD,"{""age"":""35-44"",""gender"":""male"",""percentage"":0.116197},{""age"":""55-64"",""gender"":""male"",""percentage"":0.010563},{""age"":""18-24"",""gender"":""male"",""percentage"":0.007042},{""age"":""18-24"",""gender"":""female"",""percentage"":0.021127},{""age"":""35-44"",""gender"":""female"",""percentage"":0.228873},{""age"":""25-34"",""gender"":""male"",""percentage"":0.116197},{""age"":""45-54"",""gender"":""female"",""percentage"":0.246479},{""age"":""25-34"",""gender"":""female"",""percentage"":0.105634},{""age"":""45-54"",""gender"":""male"",""percentage"":0.112676},{""age"":""55-64"",""gender"":""female"",""percentage"":0.035211}","{""region"":""Magallanes y la Ant\u00e1rtica Chilena Region"",""percentage"":0.007042},{""region"":""Los R\u00edos Region"",""percentage"":0.024648},{""region"":""Arica y Parinacota Region"",""percentage"":0.042254},{""region"":""Valpara\u00edso Region"",""percentage"":0.109155},{""region"":""Antofagasta Region"",""percentage"":0.066901},{""region"":""Araucan\u00eda Region"",""percentage"":0.088028},{""region"":""Atacama Region"",""percentage"":0.03169},{""region"":""B\u00edo B\u00edo Region"",""percentage"":0.21831},{""region"":""Coquimbo Region"",""percentage"":0.077465},{""region"":""O'Higgins Region"",""percentage"":0.049296},{""region"":""Los Lagos Region"",""percentage"":0.070423},{""region"":""Maule Region"",""percentage"":0.098592},{""region"":""Santiago Metropolitan Region"",""percentage"":0.059859},{""region"":""Tarapac\u00e1 Region"",""percentage"":0.056338}","facebook,instagram","lower_bound: 500001, upper_bound: 1000000",es
478490519816328,103820310982935,"Sichel Presidente",2021-10-08,2021-10-08,2021-10-13,"Sebastián Sichel Ramirez","En nuestro paso por Llanquihue conocimos a este grupo de emprendedoras, “Aprendo a vivir”, que hace 11 años trabajan juntas en el rubro textil local. #SePuede",,,,"lower_bound: 0, upper_bound: 999","lower_bound: 0, upper_bound: 99",USD,"{""age"":""18-24"",""gender"":""female"",""percentage"":0.007194},{""age"":""18-24"",""gender"":""male"",""percentage"":0.007194},{""age"":""55-64"",""gender"":""male"",""percentage"":0.010791},{""age"":""25-34"",""gender"":""unknown"",""percentage"":0.003597},{""age"":""25-34"",""gender"":""female"",""percentage"":0.129496},{""age"":""35-44"",""gender"":""female"",""percentage"":0.23741},{""age"":""45-54"",""gender"":""female"",""percentage"":0.215827},{""age"":""45-54"",""gender"":""male"",""percentage"":0.125899},{""age"":""55-64"",""gender"":""female"",""percentage"":0.032374},{""age"":""45-54"",""gender"":""unknown"",""percentage"":0.003597},{""age"":""35-44"",""gender"":""male"",""percentage"":0.104317},{""age"":""25-34"",""gender"":""male"",""percentage"":0.122302}","{""region"":""Arica y Parinacota Region"",""percentage"":0.02518},{""region"":""Valpara\u00edso Region"",""percentage"":0.104317},{""region"":""Antofagasta Region"",""percentage"":0.086331},{""region"":""Araucan\u00eda Region"",""percentage"":0.118705},{""region"":""B\u00edo B\u00edo Region"",""percentage"":0.183453},{""region"":""Coquimbo Region"",""percentage"":0.064748},{""region"":""O'Higgins Region"",""percentage"":0.046763},{""region"":""Los Lagos Region"",""percentage"":0.089928},{""region"":""Maule Region"",""percentage"":0.097122},{""region"":""Santiago Metropolitan Region"",""percentage"":0.064748},{""region"":""Tarapac\u00e1 Region"",""percentage"":0.053957},{""region"":""Los R\u00edos Region"",""percentage"":0.02518},{""region"":""Atacama Region"",""percentage"":0.02518},{""region"":""Magallanes y la Ant\u00e1rtica Chilena Region"",""percentage"":0.014388}","facebook,instagram","lower_bound: 500001, upper_bound: 1000000",es
1019519842204076,103820310982935,"Sichel Presidente",2021-10-08,2021-10-08,2021-10-13,"Sebastián Sichel Ramirez","Juntos nos va mejor! No dejemos que lo importante se nos pase de largo. Estoy convencido que #SePuede un Chile mejor, claro que #SePuede.",,,,"lower_bound: 0, upper_bound: 999","lower_bound: 0, upper_bound: 99",USD,"{""age"":""55-64"",""gender"":""male"",""percentage"":0.007874},{""age"":""25-34"",""gender"":""unknown"",""percentage"":0.00315},{""age"":""35-44"",""gender"":""female"",""percentage"":0.233071},{""age"":""35-44"",""gender"":""male"",""percentage"":0.174803},{""age"":""25-34"",""gender"":""female"",""percentage"":0.138583},{""age"":""25-34"",""gender"":""male"",""percentage"":0.159055},{""age"":""18-24"",""gender"":""male"",""percentage"":0.011024},{""age"":""45-54"",""gender"":""female"",""percentage"":0.162205},{""age"":""45-54"",""gender"":""male"",""percentage"":0.088189},{""age"":""55-64"",""gender"":""female"",""percentage"":0.012598},{""age"":""18-24"",""gender"":""female"",""percentage"":0.009449}","{""region"":""Ays\u00e9n Region"",""percentage"":0.00315},{""region"":""Los R\u00edos Region"",""percentage"":0.029921},{""region"":""Arica y Parinacota Region"",""percentage"":0.022047},{""region"":""Valpara\u00edso Region"",""percentage"":0.138583},{""region"":""Antofagasta Region"",""percentage"":0.088189},{""region"":""Araucan\u00eda Region"",""percentage"":0.077165},{""region"":""Atacama Region"",""percentage"":0.028346},{""region"":""B\u00edo B\u00edo Region"",""percentage"":0.144882},{""region"":""Coquimbo Region"",""percentage"":0.061417},{""region"":""O'Higgins Region"",""percentage"":0.061417},{""region"":""Los Lagos Region"",""percentage"":0.083465},{""region"":""Magallanes y la Ant\u00e1rtica Chilena Region"",""percentage"":0.014173},{""region"":""Maule Region"",""percentage"":0.085039},{""region"":""Santiago Metropolitan Region"",""percentage"":0.113386},{""region"":""Tarapac\u00e1 Region"",""percentage"":0.048819}","facebook,instagram","lower_bound: 500001, upper_bound: 1000000",es
579138906660409,103820310982935,"Sichel Presidente",2021-10-08,2021-10-08,2021-10-13,"Sebastián Sichel Ramirez","Desde Curicó junto al consejo ciudadano de independientes!! cariños a todos!",,,,"lower_bound: 0, upper_bound: 999","lower_bound: 0, upper_bound: 99",USD,"{""age"":""18-24"",""gender"":""female"",""percentage"":0.010914},{""age"":""35-44"",""gender"":""unknown"",""percentage"":0.001364},{""age"":""45-54"",""gender"":""unknown"",""percentage"":0.004093},{""age"":""18-24"",""gender"":""male"",""percentage"":0.008186},{""age"":""45-54"",""gender"":""male"",""percentage"":0.132333},{""age"":""55-64"",""gender"":""male"",""percentage"":0.006821},{""age"":""25-34"",""gender"":""unknown"",""percentage"":0.001364},{""age"":""35-44"",""gender"":""male"",""percentage"":0.193724},{""age"":""25-34"",""gender"":""female"",""percentage"":0.091405},{""age"":""45-54"",""gender"":""female"",""percentage"":0.204638},{""age"":""35-44"",""gender"":""female"",""percentage"":0.180082},{""age"":""55-64"",""gender"":""female"",""percentage"":0.024557},{""age"":""25-34"",""gender"":""male"",""percentage"":0.140518}","{""region"":""Ays\u00e9n Region"",""percentage"":0.001362},{""region"":""Magallanes y la Ant\u00e1rtica Chilena Region"",""percentage"":0.012262},{""region"":""Los R\u00edos Region"",""percentage"":0.036785},{""region"":""Arica y Parinacota Region"",""percentage"":0.027248},{""region"":""Valpara\u00edso Region"",""percentage"":0.089918},{""region"":""Antofagasta Region"",""percentage"":0.098093},{""region"":""Araucan\u00eda Region"",""percentage"":0.095368},{""region"":""Atacama Region"",""percentage"":0.03951},{""region"":""B\u00edo B\u00edo Region"",""percentage"":0.160763},{""region"":""Coquimbo Region"",""percentage"":0.055858},{""region"":""Los Lagos Region"",""percentage"":0.09673},{""region"":""Maule Region"",""percentage"":0.122616},{""region"":""Santiago Metropolitan Region"",""percentage"":0.046322},{""region"":""Tarapac\u00e1 Region"",""percentage"":0.049046},{""region"":""O'Higgins Region"",""percentage"":0.06812}","facebook,instagram","lower_bound: 500001, upper_bound: 1000000",es
572137714070222,103820310982935,"Sichel Presidente",2021-10-08,2021-10-08,2021-10-13,"Sebastián Sichel Ramirez","Hay que meterse con todo en los lugares donde el Estado ha fallado: en La Araucanía y los barrios donde está el narcotráfico.",,,,"lower_bound: 5000, upper_bound: 5999","lower_bound: 0, upper_bound: 99",USD,"{""age"":""45-54"",""gender"":""unknown"",""percentage"":0.001268},{""age"":""25-34"",""gender"":""unknown"",""percentage"":0.000845},{""age"":""18-24"",""gender"":""male"",""percentage"":0.028107},{""age"":""18-24"",""gender"":""female"",""percentage"":0.020076},{""age"":""25-34"",""gender"":""female"",""percentage"":0.065934},{""age"":""45-54"",""gender"":""female"",""percentage"":0.142857},{""age"":""35-44"",""gender"":""female"",""percentage"":0.106509},{""age"":""25-34"",""gender"":""male"",""percentage"":0.184911},{""age"":""45-54"",""gender"":""male"",""percentage"":0.20541},{""age"":""35-44"",""gender"":""male"",""percentage"":0.221471},{""age"":""55-64"",""gender"":""male"",""percentage"":0.010144},{""age"":""55-64"",""gender"":""female"",""percentage"":0.011412},{""age"":""35-44"",""gender"":""unknown"",""percentage"":0.001057}","{""region"":""Arica y Parinacota Region"",""percentage"":0.03123},{""region"":""Valpara\u00edso Region"",""percentage"":0.08224},{""region"":""Ays\u00e9n Region"",""percentage"":0.006038},{""region"":""Atacama Region"",""percentage"":0.029773},{""region"":""Coquimbo Region"",""percentage"":0.052051},{""region"":""O'Higgins Region"",""percentage"":0.062669},{""region"":""Santiago Metropolitan Region"",""percentage"":0.06725},{""region"":""Los R\u00edos Region"",""percentage"":0.033521},{""region"":""Antofagasta Region"",""percentage"":0.094941},{""region"":""Araucan\u00eda Region"",""percentage"":0.09848},{""region"":""B\u00edo B\u00edo Region"",""percentage"":0.177806},{""region"":""Los Lagos Region"",""percentage"":0.091609},{""region"":""Magallanes y la Ant\u00e1rtica Chilena Region"",""percentage"":0.01395},{""region"":""Maule Region"",""percentage"":0.099521},{""region"":""Tarapac\u00e1 Region"",""percentage"":0.058922}","facebook,instagram","lower_bound: 500001, upper_bound: 1000000",es
599815947818340,103820310982935,"Sichel Presidente",2021-10-08,2021-10-08,2021-10-13,"Sebastián Sichel Ramirez","La familia Mella Guzmán representa el esfuerzo de miles de familias chilenas. Y nos transmiten lo importante: compartir y agradecer en familia. #SePuede #YoTeEscucho",,,,"lower_bound: 5000, upper_bound: 5999","lower_bound: 0, upper_bound: 99",USD,"{""age"":""55-64"",""gender"":""unknown"",""percentage"":0.000215},{""age"":""35-44"",""gender"":""unknown"",""percentage"":0.000644},{""age"":""45-54"",""gender"":""unknown"",""percentage"":0.001504},{""age"":""25-34"",""gender"":""unknown"",""percentage"":0.000644},{""age"":""55-64"",""gender"":""female"",""percentage"":0.03652},{""age"":""45-54"",""gender"":""male"",""percentage"":0.138561},{""age"":""35-44"",""gender"":""female"",""percentage"":0.198281},{""age"":""35-44"",""gender"":""male"",""percentage"":0.10913},{""age"":""55-64"",""gender"":""male"",""percentage"":0.010311},{""age"":""25-34"",""gender"":""female"",""percentage"":0.104189},{""age"":""45-54"",""gender"":""female"",""percentage"":0.306337},{""age"":""18-24"",""gender"":""female"",""percentage"":0.014393},{""age"":""25-34"",""gender"":""male"",""percentage"":0.070677},{""age"":""18-24"",""gender"":""male"",""percentage"":0.008593}","{""region"":""Los R\u00edos Region"",""percentage"":0.038055},{""region"":""Arica y Parinacota Region"",""percentage"":0.024947},{""region"":""Valpara\u00edso Region"",""percentage"":0.071882},{""region"":""Ays\u00e9n Region"",""percentage"":0.006131},{""region"":""Antofagasta Region"",""percentage"":0.095772},{""region"":""Araucan\u00eda Region"",""percentage"":0.101268},{""region"":""Atacama Region"",""percentage"":0.031712},{""region"":""B\u00edo B\u00edo Region"",""percentage"":0.183721},{""region"":""Coquimbo Region"",""percentage"":0.055391},{""region"":""O'Higgins Region"",""percentage"":0.056448},{""region"":""Los Lagos Region"",""percentage"":0.107188},{""region"":""Magallanes y la Ant\u00e1rtica Chilena Region"",""percentage"":0.014799},{""region"":""Maule Region"",""percentage"":0.109514},{""region"":""Santiago Metropolitan Region"",""percentage"":0.04334},{""region"":""Tarapac\u00e1 Region"",""percentage"":0.059831}","facebook,instagram","lower_bound: 500001, upper_bound: 1000000",es
684596315845487,103820310982935,"Sichel Presidente",2021-10-08,2021-10-08,2021-10-13,"Sebastián Sichel Ramirez","Lo que proponemos: avanzar hacia el retiro del 100% de sus fondos para resguardarlos y administrarlos en los instrumentos -públicos o privados- que cada persona escoja con el fin de asegurar mejores pensiones en el futuro.",,,,"lower_bound: 45000, upper_bound: 49999","lower_bound: 100, upper_bound: 199",USD,"{""age"":""55-64"",""gender"":""unknown"",""percentage"":5.2e-5},{""age"":""18-24"",""gender"":""unknown"",""percentage"":7.8e-5},{""age"":""45-54"",""gender"":""unknown"",""percentage"":0.001351},{""age"":""18-24"",""gender"":""male"",""percentage"":0.009871},{""age"":""55-64"",""gender"":""male"",""percentage"":0.008858},{""age"":""45-54"",""gender"":""female"",""percentage"":0.175815},{""age"":""55-64"",""gender"":""female"",""percentage"":0.013093},{""age"":""45-54"",""gender"":""male"",""percentage"":0.130069},{""age"":""35-44"",""gender"":""female"",""percentage"":0.191453},{""age"":""35-44"",""gender"":""male"",""percentage"":0.198493},{""age"":""25-34"",""gender"":""female"",""percentage"":0.124224},{""age"":""25-34"",""gender"":""male"",""percentage"":0.129186},{""age"":""18-24"",""gender"":""female"",""percentage"":0.015716},{""age"":""35-44"",""gender"":""unknown"",""percentage"":0.001195},{""age"":""25-34"",""gender"":""unknown"",""percentage"":0.000546}","{""region"":""Los R\u00edos Region"",""percentage"":0.035436},{""region"":""Arica y Parinacota Region"",""percentage"":0.030144},{""region"":""Valpara\u00edso Region"",""percentage"":0.09614},{""region"":""Ays\u00e9n Region"",""percentage"":0.006771},{""region"":""Antofagasta Region"",""percentage"":0.095232},{""region"":""Araucan\u00eda Region"",""percentage"":0.091315},{""region"":""Atacama Region"",""percentage"":0.029755},{""region"":""B\u00edo B\u00edo Region"",""percentage"":0.177285},{""region"":""Coquimbo Region"",""percentage"":0.060522},{""region"":""O'Higgins Region"",""percentage"":0.064309},{""region"":""Los Lagos Region"",""percentage"":0.085115},{""region"":""Magallanes y la Ant\u00e1rtica Chilena Region"",""percentage"":0.015487},{""region"":""Maule Region"",""percentage"":0.100187},{""region"":""Santiago Metropolitan Region"",""percentage"":0.059303},{""region"":""Tarapac\u00e1 Region"",""percentage"":0.052999}","facebook,instagram","lower_bound: 500001, upper_bound: 1000000",es
262220035818453,103820310982935,"Sichel Presidente",2021-10-08,2021-10-08,2021-10-13,"Sebastián Sichel Ramirez","Nuestro programa de gobierno necesita gente con experiencia, gente diversa y que represente a los chilenos. #SePuede","Un gabinete diverso",,,"lower_bound: 15000, upper_bound: 19999","lower_bound: 0, upper_bound: 99",USD,"{""age"":""18-24"",""gender"":""unknown"",""percentage"":0.000526},{""age"":""35-44"",""gender"":""unknown"",""percentage"":0.004866},{""age"":""55-64"",""gender"":""unknown"",""percentage"":0.000132},{""age"":""18-24"",""gender"":""male"",""percentage"":0.010324},{""age"":""25-34"",""gender"":""unknown"",""percentage"":0.000986},{""age"":""18-24"",""gender"":""female"",""percentage"":0.004998},{""age"":""45-54"",""gender"":""female"",""percentage"":0.100809},{""age"":""45-54"",""gender"":""unknown"",""percentage"":0.004998},{""age"":""25-34"",""gender"":""male"",""percentage"":0.159466},{""age"":""45-54"",""gender"":""male"",""percentage"":0.261524},{""age"":""35-44"",""gender"":""male"",""percentage"":0.293154},{""age"":""25-34"",""gender"":""female"",""percentage"":0.045374},{""age"":""55-64"",""gender"":""female"",""percentage"":0.010521},{""age"":""35-44"",""gender"":""female"",""percentage"":0.081739},{""age"":""55-64"",""gender"":""male"",""percentage"":0.020583}","{""region"":""Los R\u00edos Region"",""percentage"":0.042215},{""region"":""Arica y Parinacota Region"",""percentage"":0.032229},{""region"":""Valpara\u00edso Region"",""percentage"":0.089748},{""region"":""Ays\u00e9n Region"",""percentage"":0.008495},{""region"":""Antofagasta Region"",""percentage"":0.087997},{""region"":""Araucan\u00eda Region"",""percentage"":0.100318},{""region"":""Atacama Region"",""percentage"":0.03372},{""region"":""B\u00edo B\u00edo Region"",""percentage"":0.169574},{""region"":""Coquimbo Region"",""percentage"":0.067376},{""region"":""O'Higgins Region"",""percentage"":0.055379},{""region"":""Los Lagos Region"",""percentage"":0.101615},{""region"":""Magallanes y la Ant\u00e1rtica Chilena Region"",""percentage"":0.021464},{""region"":""Maule Region"",""percentage"":0.085079},{""region"":""Santiago Metropolitan Region"",""percentage"":0.052526},{""region"":""Tarapac\u00e1 Region"",""percentage"":0.052266}","facebook,instagram","lower_bound: 500001, upper_bound: 1000000",es
4952636488099368,103820310982935,"Sichel Presidente",2021-10-08,2021-10-08,2021-10-13,"Sebastián Sichel Ramirez","Resumen de la visita a Los Lagos! Gracias a Los Muermos, Puerto Montt, Puerto Varas, Llanquihue, Puyehue, Puerto Octay, Fresia y Osorno. La regionalización #SePuede",,,,"lower_bound: 2000, upper_bound: 2999","lower_bound: 0, upper_bound: 99",USD,"{""age"":""25-34"",""gender"":""unknown"",""percentage"":0.000401},{""age"":""35-44"",""gender"":""unknown"",""percentage"":0.000401},{""age"":""18-24"",""gender"":""male"",""percentage"":0.010425},{""age"":""18-24"",""gender"":""female"",""percentage"":0.024058},{""age"":""35-44"",""gender"":""male"",""percentage"":0.11668},{""age"":""55-64"",""gender"":""male"",""percentage"":0.013633},{""age"":""25-34"",""gender"":""male"",""percentage"":0.087811},{""age"":""55-64"",""gender"":""female"",""percentage"":0.029671},{""age"":""25-34"",""gender"":""female"",""percentage"":0.123496},{""age"":""45-54"",""gender"":""female"",""percentage"":0.268244},{""age"":""45-54"",""gender"":""male"",""percentage"":0.162791},{""age"":""35-44"",""gender"":""female"",""percentage"":0.160385},{""age"":""45-54"",""gender"":""unknown"",""percentage"":0.002005}","{""region"":""Los R\u00edos Region"",""percentage"":0.034032},{""region"":""Arica y Parinacota Region"",""percentage"":0.032054},{""region"":""Valpara\u00edso Region"",""percentage"":0.068856},{""region"":""Ays\u00e9n Region"",""percentage"":0.007123},{""region"":""Antofagasta Region"",""percentage"":0.096557},{""region"":""Araucan\u00eda Region"",""percentage"":0.101702},{""region"":""Atacama Region"",""percentage"":0.033241},{""region"":""B\u00edo B\u00edo Region"",""percentage"":0.189553},{""region"":""Coquimbo Region"",""percentage"":0.062525},{""region"":""O'Higgins Region"",""percentage"":0.06015},{""region"":""Los Lagos Region"",""percentage"":0.087851},{""region"":""Magallanes y la Ant\u00e1rtica Chilena Region"",""percentage"":0.011872},{""region"":""Maule Region"",""percentage"":0.10368},{""region"":""Santiago Metropolitan Region"",""percentage"":0.045509},{""region"":""Tarapac\u00e1 Region"",""percentage"":0.065295}","facebook,instagram","lower_bound: 500001, upper_bound: 1000000",es
230260289141642,103820310982935,"Sichel Presidente",2021-10-08,2021-10-08,2021-10-13,"Sebastián Sichel Ramirez","La discapacidad no puede tener políticas públicas olvidadas, se necesita una mayor y real integración. En esta campaña decimos #SePuede!",,,,"lower_bound: 6000, upper_bound: 6999","lower_bound: 0, upper_bound: 99",USD,"{""age"":""18-24"",""gender"":""male"",""percentage"":0.012953},{""age"":""45-54"",""gender"":""unknown"",""percentage"":0.001225},{""age"":""45-54"",""gender"":""female"",""percentage"":0.185717},{""age"":""35-44"",""gender"":""female"",""percentage"":0.248206},{""age"":""25-34"",""gender"":""male"",""percentage"":0.115176},{""age"":""25-34"",""gender"":""female"",""percentage"":0.161036},{""age"":""35-44"",""gender"":""male"",""percentage"":0.147733},{""age"":""45-54"",""gender"":""male"",""percentage"":0.084194},{""age"":""18-24"",""gender"":""female"",""percentage"":0.02398},{""age"":""55-64"",""gender"":""male"",""percentage"":0.003851},{""age"":""55-64"",""gender"":""female"",""percentage"":0.013478},{""age"":""35-44"",""gender"":""unknown"",""percentage"":0.001925},{""age"":""25-34"",""gender"":""unknown"",""percentage"":0.000525}","{""region"":""Los R\u00edos Region"",""percentage"":0.033581},{""region"":""Arica y Parinacota Region"",""percentage"":0.026657},{""region"":""Valpara\u00edso Region"",""percentage"":0.10161},{""region"":""Ays\u00e9n Region"",""percentage"":0.004154},{""region"":""Antofagasta Region"",""percentage"":0.080665},{""region"":""Araucan\u00eda Region"",""percentage"":0.084819},{""region"":""Atacama Region"",""percentage"":0.034101},{""region"":""B\u00edo B\u00edo Region"",""percentage"":0.188852},{""region"":""Coquimbo Region"",""percentage"":0.065605},{""region"":""O'Higgins Region"",""percentage"":0.06924},{""region"":""Los Lagos Region"",""percentage"":0.091051},{""region"":""Magallanes y la Ant\u00e1rtica Chilena Region"",""percentage"":0.014021},{""region"":""Maule Region"",""percentage"":0.104726},{""region"":""Santiago Metropolitan Region"",""percentage"":0.054007},{""region"":""Tarapac\u00e1 Region"",""percentage"":0.04691}","facebook,instagram","lower_bound: 500001, upper_bound: 1000000",es
3148921675335873,103820310982935,"Sichel Presidente",2021-10-08,2021-10-08,2021-10-13,"Sebastián Sichel Ramirez","Les presento a Eva. Como ella hay miles de emprendedores y miles de mujeres luchadoras. De eso se trata esta campaña, de acompañar mejor a quienes no hemos escuchado. #SePuede","Una emprendedora por naturaleza",,,"lower_bound: 10000, upper_bound: 14999","lower_bound: 0, upper_bound: 99",USD,"{""age"":""18-24"",""gender"":""unknown"",""percentage"":0.000199},{""age"":""18-24"",""gender"":""male"",""percentage"":0.00997},{""age"":""35-44"",""gender"":""female"",""percentage"":0.217846},{""age"":""18-24"",""gender"":""female"",""percentage"":0.016451},{""age"":""35-44"",""gender"":""male"",""percentage"":0.158824},{""age"":""55-64"",""gender"":""female"",""percentage"":0.017846},{""age"":""45-54"",""gender"":""unknown"",""percentage"":0.002891},{""age"":""45-54"",""gender"":""male"",""percentage"":0.122134},{""age"":""25-34"",""gender"":""male"",""percentage"":0.10329},{""age"":""25-34"",""gender"":""female"",""percentage"":0.126321},{""age"":""45-54"",""gender"":""female"",""percentage"":0.212263},{""age"":""55-64"",""gender"":""male"",""percentage"":0.008574},{""age"":""35-44"",""gender"":""unknown"",""percentage"":0.002094},{""age"":""55-64"",""gender"":""unknown"",""percentage"":0.000499},{""age"":""25-34"",""gender"":""unknown"",""percentage"":0.000798}","{""region"":""Los R\u00edos Region"",""percentage"":0.039073},{""region"":""Arica y Parinacota Region"",""percentage"":0.024642},{""region"":""Valpara\u00edso Region"",""percentage"":0.089338},{""region"":""Ays\u00e9n Region"",""percentage"":0.007952},{""region"":""Antofagasta Region"",""percentage"":0.09945},{""region"":""Araucan\u00eda Region"",""percentage"":0.089731},{""region"":""Atacama Region"",""percentage"":0.033379},{""region"":""B\u00edo B\u00edo Region"",""percentage"":0.174455},{""region"":""Coquimbo Region"",""percentage"":0.063322},{""region"":""O'Higgins Region"",""percentage"":0.054977},{""region"":""Los Lagos Region"",""percentage"":0.10053},{""region"":""Magallanes y la Ant\u00e1rtica Chilena Region"",""percentage"":0.018653},{""region"":""Maule Region"",""percentage"":0.087964},{""region"":""Santiago Metropolitan Region"",""percentage"":0.063813},{""region"":""Tarapac\u00e1 Region"",""percentage"":0.052719}","facebook,instagram","lower_bound: 500001, upper_bound: 1000000",es
266384942035388,103820310982935,"Sichel Presidente",2021-10-08,2021-10-08,2021-10-13,"Sebastián Sichel Ramirez","Necesitamos recuperar el Estado de derecho en La Araucanía. De esto y más conversamos hoy en @laterceracom junto a tres candidatos presidenciales más.",,,,"lower_bound: 1000, upper_bound: 1999","lower_bound: 0, upper_bound: 99",USD,"{""age"":""35-44"",""gender"":""unknown"",""percentage"":0.001163},{""age"":""45-54"",""gender"":""unknown"",""percentage"":0.002326},{""age"":""55-64"",""gender"":""male"",""percentage"":0.013953},{""age"":""18-24"",""gender"":""male"",""percentage"":0.012791},{""age"":""35-44"",""gender"":""female"",""percentage"":0.1},{""age"":""55-64"",""gender"":""female"",""percentage"":0.026744},{""age"":""25-34"",""gender"":""female"",""percentage"":0.055814},{""age"":""45-54"",""gender"":""male"",""percentage"":0.215116},{""age"":""45-54"",""gender"":""female"",""percentage"":0.148837},{""age"":""35-44"",""gender"":""male"",""percentage"":0.237209},{""age"":""25-34"",""gender"":""male"",""percentage"":0.176744},{""age"":""25-34"",""gender"":""unknown"",""percentage"":0.001163},{""age"":""18-24"",""gender"":""female"",""percentage"":0.00814}","{""region"":""Los R\u00edos Region"",""percentage"":0.04186},{""region"":""Arica y Parinacota Region"",""percentage"":0.037209},{""region"":""Valpara\u00edso Region"",""percentage"":0.093023},{""region"":""Ays\u00e9n Region"",""percentage"":0.009302},{""region"":""Antofagasta Region"",""percentage"":0.084884},{""region"":""Araucan\u00eda Region"",""percentage"":0.081395},{""region"":""Atacama Region"",""percentage"":0.037209},{""region"":""B\u00edo B\u00edo Region"",""percentage"":0.166279},{""region"":""Coquimbo Region"",""percentage"":0.062791},{""region"":""O'Higgins Region"",""percentage"":0.05814},{""region"":""Los Lagos Region"",""percentage"":0.1},{""region"":""Magallanes y la Ant\u00e1rtica Chilena Region"",""percentage"":0.018605},{""region"":""Maule Region"",""percentage"":0.094186},{""region"":""Santiago Metropolitan Region"",""percentage"":0.055814},{""region"":""Tarapac\u00e1 Region"",""percentage"":0.059302}","facebook,instagram","lower_bound: 500001, upper_bound: 1000000",es
578021606766232,103820310982935,"Sichel Presidente",2021-10-08,2021-10-08,2021-10-13,"Sebastián Sichel Ramirez","Por un Chile donde ninguna mujer más aplace sus proyectos por culpa de un papá ausente que no paga la pensión de alimentos. Por un Chile donde ningún niño o niña tenga que perseguir lo que es un derecho. #SePuede","Un Chile para las mujeres",,,"lower_bound: 2000, upper_bound: 2999","lower_bound: 0, upper_bound: 99",USD,"{""age"":""55-64"",""gender"":""male"",""percentage"":0.00388},{""age"":""45-54"",""gender"":""unknown"",""percentage"":0.002772},{""age"":""55-64"",""gender"":""female"",""percentage"":0.016075},{""age"":""18-24"",""gender"":""female"",""percentage"":0.036585},{""age"":""25-34"",""gender"":""female"",""percentage"":0.105876},{""age"":""35-44"",""gender"":""male"",""percentage"":0.195676},{""age"":""35-44"",""gender"":""female"",""percentage"":0.161308},{""age"":""45-54"",""gender"":""male"",""percentage"":0.118625},{""age"":""25-34"",""gender"":""male"",""percentage"":0.161863},{""age"":""18-24"",""gender"":""male"",""percentage"":0.021619},{""age"":""45-54"",""gender"":""female"",""percentage"":0.17184},{""age"":""35-44"",""gender"":""unknown"",""percentage"":0.00388}","{""region"":""Los R\u00edos Region"",""percentage"":0.024739},{""region"":""Arica y Parinacota Region"",""percentage"":0.032985},{""region"":""Valpara\u00edso Region"",""percentage"":0.107202},{""region"":""Ays\u00e9n Region"",""percentage"":0.004398},{""region"":""Antofagasta Region"",""percentage"":0.123694},{""region"":""Araucan\u00eda Region"",""percentage"":0.070368},{""region"":""Atacama Region"",""percentage"":0.035734},{""region"":""B\u00edo B\u00edo Region"",""percentage"":0.153381},{""region"":""Coquimbo Region"",""percentage"":0.059373},{""region"":""O'Higgins Region"",""percentage"":0.052776},{""region"":""Los Lagos Region"",""percentage"":0.074217},{""region"":""Magallanes y la Ant\u00e1rtica Chilena Region"",""percentage"":0.023639},{""region"":""Maule Region"",""percentage"":0.072018},{""region"":""Santiago Metropolitan Region"",""percentage"":0.103353},{""region"":""Tarapac\u00e1 Region"",""percentage"":0.062122}","facebook,instagram","lower_bound: 500001, upper_bound: 1000000",es
579847019894499,103820310982935,"Sichel Presidente",2021-10-08,2021-10-08,2021-10-13,"Sebastián Sichel Ramirez","Resumen de la visita a Los Lagos! Gracias a Los Muermos, Puerto Montt, Puerto Varas, Llanquihue, Puyehue, Puerto Octay, Fresia y Osorno. La regionalización #SePuede",,,,"lower_bound: 5000, upper_bound: 5999","lower_bound: 0, upper_bound: 99",USD,"{""age"":""45-54"",""gender"":""unknown"",""percentage"":0.002846},{""age"":""35-44"",""gender"":""unknown"",""percentage"":0.000407},{""age"":""35-44"",""gender"":""male"",""percentage"":0.060569},{""age"":""55-64"",""gender"":""male"",""percentage"":0.024797},{""age"":""45-54"",""gender"":""male"",""percentage"":0.158943},{""age"":""55-64"",""gender"":""female"",""percentage"":0.063618},{""age"":""25-34"",""gender"":""male"",""percentage"":0.077846},{""age"":""35-44"",""gender"":""female"",""percentage"":0.126016},{""age"":""25-34"",""gender"":""female"",""percentage"":0.09065},{""age"":""18-24"",""gender"":""male"",""percentage"":0.025},{""age"":""45-54"",""gender"":""female"",""percentage"":0.344106},{""age"":""18-24"",""gender"":""female"",""percentage"":0.025},{""age"":""25-34"",""gender"":""unknown"",""percentage"":0.000203}","{""region"":""Los R\u00edos Region"",""percentage"":0.033994},{""region"":""Arica y Parinacota Region"",""percentage"":0.027924},{""region"":""Valpara\u00edso Region"",""percentage"":0.094901},{""region"":""Ays\u00e9n Region"",""percentage"":0.00688},{""region"":""Antofagasta Region"",""percentage"":0.079522},{""region"":""Araucan\u00eda Region"",""percentage"":0.085391},{""region"":""Atacama Region"",""percentage"":0.028733},{""region"":""B\u00edo B\u00edo Region"",""percentage"":0.154189},{""region"":""Coquimbo Region"",""percentage"":0.071631},{""region"":""O'Higgins Region"",""percentage"":0.070417},{""region"":""Los Lagos Region"",""percentage"":0.074464},{""region"":""Magallanes y la Ant\u00e1rtica Chilena Region"",""percentage"":0.022663},{""region"":""Maule Region"",""percentage"":0.089235},{""region"":""Santiago Metropolitan Region"",""percentage"":0.121611},{""region"":""Tarapac\u00e1 Region"",""percentage"":0.038446}","facebook,instagram","lower_bound: 1000001",es
264361168920107,103820310982935,"Sichel Presidente",2021-10-08,2021-10-08,2021-10-13,"Sebastián Sichel Ramirez","Cerrando un día movido con esta reflexión, qué queremos para nuestro país en 20 años? Yo no lo concibo sin una participación clave del emprendimiento. #SePuede",,,,"lower_bound: 3000, upper_bound: 3999","lower_bound: 0, upper_bound: 99",USD,"{""age"":""25-34"",""gender"":""unknown"",""percentage"":0.000971},{""age"":""55-64"",""gender"":""unknown"",""percentage"":0.000647},{""age"":""25-34"",""gender"":""female"",""percentage"":0.026214},{""age"":""35-44"",""gender"":""female"",""percentage"":0.050162},{""age"":""45-54"",""gender"":""female"",""percentage"":0.114563},{""age"":""25-34"",""gender"":""male"",""percentage"":0.137864},{""age"":""55-64"",""gender"":""male"",""percentage"":0.055987},{""age"":""35-44"",""gender"":""male"",""percentage"":0.220712},{""age"":""55-64"",""gender"":""female"",""percentage"":0.01877},{""age"":""45-54"",""gender"":""male"",""percentage"":0.338188},{""age"":""45-54"",""gender"":""unknown"",""percentage"":0.006796},{""age"":""18-24"",""gender"":""male"",""percentage"":0.019741},{""age"":""35-44"",""gender"":""unknown"",""percentage"":0.004531},{""age"":""18-24"",""gender"":""female"",""percentage"":0.004854}","{""region"":""Los R\u00edos Region"",""percentage"":0.05149},{""region"":""Arica y Parinacota Region"",""percentage"":0.017811},{""region"":""Valpara\u00edso Region"",""percentage"":0.089054},{""region"":""Ays\u00e9n Region"",""percentage"":0.010363},{""region"":""Antofagasta Region"",""percentage"":0.052137},{""region"":""Araucan\u00eda Region"",""percentage"":0.124676},{""region"":""Atacama Region"",""percentage"":0.025259},{""region"":""B\u00edo B\u00edo Region"",""percentage"":0.168718},{""region"":""Coquimbo Region"",""percentage"":0.049547},{""region"":""O'Higgins Region"",""percentage"":0.051813},{""region"":""Los Lagos Region"",""percentage"":0.096826},{""region"":""Magallanes y la Ant\u00e1rtica Chilena Region"",""percentage"":0.024611},{""region"":""Maule Region"",""percentage"":0.079339},{""region"":""Santiago Metropolitan Region"",""percentage"":0.120466},{""region"":""Tarapac\u00e1 Region"",""percentage"":0.037889}","facebook,instagram","lower_bound: 1000001",es
579206936864995,103820310982935,"Sichel Presidente",2021-10-08,2021-10-08,2021-10-13,"Sebastián Sichel Ramirez","Acompáñennos en esta nueva etapa! #SePuede #SichelPresidente",,,,"lower_bound: 70000, upper_bound: 79999","lower_bound: 300, upper_bound: 399",USD,"{""age"":""25-34"",""gender"":""unknown"",""percentage"":0.001493},{""age"":""25-34"",""gender"":""female"",""percentage"":0.160917},{""age"":""55-64"",""gender"":""female"",""percentage"":0.015148},{""age"":""45-54"",""gender"":""male"",""percentage"":0.111921},{""age"":""18-24"",""gender"":""male"",""percentage"":0.027517},{""age"":""35-44"",""gender"":""female"",""percentage"":0.162958},{""age"":""35-44"",""gender"":""male"",""percentage"":0.161775},{""age"":""25-34"",""gender"":""male"",""percentage"":0.168791},{""age"":""45-54"",""gender"":""female"",""percentage"":0.14546},{""age"":""45-54"",""gender"":""unknown"",""percentage"":0.002968},{""age"":""18-24"",""gender"":""female"",""percentage"":0.028426},{""age"":""35-44"",""gender"":""unknown"",""percentage"":0.003843},{""age"":""55-64"",""gender"":""male"",""percentage"":0.008252},{""age"":""18-24"",""gender"":""unknown"",""percentage"":0.000343},{""age"":""55-64"",""gender"":""unknown"",""percentage"":0.000189}","{""region"":""Los R\u00edos Region"",""percentage"":0.035191},{""region"":""Arica y Parinacota Region"",""percentage"":0.025683},{""region"":""Valpara\u00edso Region"",""percentage"":0.08028},{""region"":""Ays\u00e9n Region"",""percentage"":0.009134},{""region"":""Antofagasta Region"",""percentage"":0.102153},{""region"":""Araucan\u00eda Region"",""percentage"":0.09302},{""region"":""Atacama Region"",""percentage"":0.035684},{""region"":""B\u00edo B\u00edo Region"",""percentage"":0.167058},{""region"":""Coquimbo Region"",""percentage"":0.064377},{""region"":""O'Higgins Region"",""percentage"":0.060057},{""region"":""Los Lagos Region"",""percentage"":0.102238},{""region"":""Magallanes y la Ant\u00e1rtica Chilena Region"",""percentage"":0.02473},{""region"":""Maule Region"",""percentage"":0.0854},{""region"":""Santiago Metropolitan Region"",""percentage"":0.067235},{""region"":""Tarapac\u00e1 Region"",""percentage"":0.04776}","facebook,instagram","lower_bound: 1000001",es
295360248772742,103820310982935,"Sichel Presidente",2021-10-08,2021-10-08,2021-10-13,"Sebastián Sichel Ramirez","Les presento a Eva. Como ella hay miles de emprendedores y miles de mujeres luchadoras. De eso se trata esta campaña, de acompañar mejor a quienes no hemos escuchado. #SePuede","Una emprendedora por naturaleza",,,"lower_bound: 40000, upper_bound: 44999","lower_bound: 100, upper_bound: 199",USD,"{""age"":""18-24"",""gender"":""unknown"",""percentage"":0.000116},{""age"":""45-54"",""gender"":""unknown"",""percentage"":0.003847},{""age"":""55-64"",""gender"":""unknown"",""percentage"":0.000405},{""age"":""35-44"",""gender"":""unknown"",""percentage"":0.002517},{""age"":""25-34"",""gender"":""unknown"",""percentage"":0.000723},{""age"":""18-24"",""gender"":""female"",""percentage"":0.026237},{""age"":""55-64"",""gender"":""female"",""percentage"":0.030027},{""age"":""35-44"",""gender"":""male"",""percentage"":0.118748},{""age"":""45-54"",""gender"":""female"",""percentage"":0.244612},{""age"":""45-54"",""gender"":""male"",""percentage"":0.122422},{""age"":""35-44"",""gender"":""female"",""percentage"":0.17076},{""age"":""25-34"",""gender"":""female"",""percentage"":0.13732},{""age"":""25-34"",""gender"":""male"",""percentage"":0.111632},{""age"":""18-24"",""gender"":""male"",""percentage"":0.017819},{""age"":""55-64"",""gender"":""male"",""percentage"":0.012815}","{""region"":""Los R\u00edos Region"",""percentage"":0.033478},{""region"":""Arica y Parinacota Region"",""percentage"":0.023559},{""region"":""Valpara\u00edso Region"",""percentage"":0.111624},{""region"":""Ays\u00e9n Region"",""percentage"":0.007584},{""region"":""Antofagasta Region"",""percentage"":0.075464},{""region"":""Araucan\u00eda Region"",""percentage"":0.078895},{""region"":""Atacama Region"",""percentage"":0.028028},{""region"":""B\u00edo B\u00edo Region"",""percentage"":0.155281},{""region"":""Coquimbo Region"",""percentage"":0.063641},{""region"":""O'Higgins Region"",""percentage"":0.066323},{""region"":""Los Lagos Region"",""percentage"":0.078664},{""region"":""Magallanes y la Ant\u00e1rtica Chilena Region"",""percentage"":0.017157},{""region"":""Maule Region"",""percentage"":0.073589},{""region"":""Santiago Metropolitan Region"",""percentage"":0.154647},{""region"":""Tarapac\u00e1 Region"",""percentage"":0.032066}","facebook,instagram","lower_bound: 1000001",es
907923299840869,103820310982935,"Sichel Presidente",2021-10-08,2021-10-08,2021-10-13,"Sebastián Sichel Ramirez","Lo que proponemos: avanzar hacia el retiro del 100% de sus fondos para resguardarlos y administrarlos en los instrumentos -públicos o privados- que cada persona escoja con el fin de asegurar mejores pensiones en el futuro.",,,,"lower_bound: 35000, upper_bound: 39999","lower_bound: 100, upper_bound: 199",USD,"{""age"":""18-24"",""gender"":""unknown"",""percentage"":0.000192},{""age"":""35-44"",""gender"":""unknown"",""percentage"":0.002301},{""age"":""55-64"",""gender"":""unknown"",""percentage"":0.000447},{""age"":""25-34"",""gender"":""unknown"",""percentage"":0.000735},{""age"":""25-34"",""gender"":""female"",""percentage"":0.107329},{""age"":""25-34"",""gender"":""male"",""percentage"":0.109023},{""age"":""45-54"",""gender"":""female"",""percentage"":0.213987},{""age"":""35-44"",""gender"":""female"",""percentage"":0.140378},{""age"":""18-24"",""gender"":""female"",""percentage"":0.014703},{""age"":""45-54"",""gender"":""male"",""percentage"":0.194106},{""age"":""35-44"",""gender"":""male"",""percentage"":0.144725},{""age"":""55-64"",""gender"":""female"",""percentage"":0.027232},{""age"":""55-64"",""gender"":""male"",""percentage"":0.027072},{""age"":""18-24"",""gender"":""male"",""percentage"":0.015022},{""age"":""45-54"",""gender"":""unknown"",""percentage"":0.002749}","{""region"":""Los R\u00edos Region"",""percentage"":0.039348},{""region"":""Arica y Parinacota Region"",""percentage"":0.025541},{""region"":""Valpara\u00edso Region"",""percentage"":0.084309},{""region"":""Ays\u00e9n Region"",""percentage"":0.00845},{""region"":""Antofagasta Region"",""percentage"":0.086158},{""region"":""Araucan\u00eda Region"",""percentage"":0.097414},{""region"":""Atacama Region"",""percentage"":0.032046},{""region"":""B\u00edo B\u00edo Region"",""percentage"":0.179044},{""region"":""Coquimbo Region"",""percentage"":0.066739},{""region"":""O'Higgins Region"",""percentage"":0.057205},{""region"":""Los Lagos Region"",""percentage"":0.096681},{""region"":""Magallanes y la Ant\u00e1rtica Chilena Region"",""percentage"":0.020981},{""region"":""Maule Region"",""percentage"":0.085265},{""region"":""Santiago Metropolitan Region"",""percentage"":0.083288},{""region"":""Tarapac\u00e1 Region"",""percentage"":0.037531}","facebook,instagram","lower_bound: 1000001",es
1175472202861810,103820310982935,"Sichel Presidente",2021-10-08,2021-10-08,2021-10-13,"Sebastián Sichel Ramirez","La familia Mella Guzmán representa el esfuerzo de miles de familias chilenas. Y nos transmiten lo importante: compartir y agradecer en familia. #SePuede #YoTeEscucho",,,,"lower_bound: 15000, upper_bound: 19999","lower_bound: 0, upper_bound: 99",USD,"{""age"":""18-24"",""gender"":""unknown"",""percentage"":6.9e-5},{""age"":""55-64"",""gender"":""unknown"",""percentage"":0.000208},{""age"":""25-34"",""gender"":""unknown"",""percentage"":0.000139},{""age"":""55-64"",""gender"":""male"",""percentage"":0.01996},{""age"":""45-54"",""gender"":""unknown"",""percentage"":0.001386},{""age"":""45-54"",""gender"":""male"",""percentage"":0.114838},{""age"":""25-34"",""gender"":""male"",""percentage"":0.051355},{""age"":""35-44"",""gender"":""male"",""percentage"":0.058632},{""age"":""25-34"",""gender"":""female"",""percentage"":0.111304},{""age"":""35-44"",""gender"":""female"",""percentage"":0.156213},{""age"":""55-64"",""gender"":""female"",""percentage"":0.068127},{""age"":""45-54"",""gender"":""female"",""percentage"":0.38582},{""age"":""18-24"",""gender"":""female"",""percentage"":0.020098},{""age"":""18-24"",""gender"":""male"",""percentage"":0.011643},{""age"":""35-44"",""gender"":""unknown"",""percentage"":0.000208}","{""region"":""Los R\u00edos Region"",""percentage"":0.040769},{""region"":""Arica y Parinacota Region"",""percentage"":0.026831},{""region"":""Valpara\u00edso Region"",""percentage"":0.077985},{""region"":""Ays\u00e9n Region"",""percentage"":0.009687},{""region"":""Antofagasta Region"",""percentage"":0.072688},{""region"":""Araucan\u00eda Region"",""percentage"":0.099798},{""region"":""Atacama Region"",""percentage"":0.02718},{""region"":""B\u00edo B\u00edo Region"",""percentage"":0.186006},{""region"":""Coquimbo Region"",""percentage"":0.060213},{""region"":""O'Higgins Region"",""percentage"":0.061816},{""region"":""Los Lagos Region"",""percentage"":0.10391},{""region"":""Magallanes y la Ant\u00e1rtica Chilena Region"",""percentage"":0.017283},{""region"":""Maule Region"",""percentage"":0.097707},{""region"":""Santiago Metropolitan Region"",""percentage"":0.081748},{""region"":""Tarapac\u00e1 Region"",""percentage"":0.036379}","facebook,instagram","lower_bound: 1000001",es
382400683588197,103820310982935,"Sichel Presidente",2021-10-08,2021-10-08,2021-10-13,"Sebastián Sichel Ramirez","Los vecinos de la zona cero en Plaza Italia, piden no más violencia y si más justicia. Los escuchamos y ya estamos trabajando en un plan de recuperación. #SePuede",,,,"lower_bound: 80000, upper_bound: 89999","lower_bound: 300, upper_bound: 399",USD,"{""age"":""25-34"",""gender"":""unknown"",""percentage"":0.000881},{""age"":""35-44"",""gender"":""unknown"",""percentage"":0.001933},{""age"":""18-24"",""gender"":""male"",""percentage"":0.019669},{""age"":""45-54"",""gender"":""unknown"",""percentage"":0.002189},{""age"":""25-34"",""gender"":""male"",""percentage"":0.130306},{""age"":""25-34"",""gender"":""female"",""percentage"":0.142415},{""age"":""45-54"",""gender"":""female"",""percentage"":0.207546},{""age"":""35-44"",""gender"":""female"",""percentage"":0.191587},{""age"":""35-44"",""gender"":""male"",""percentage"":0.131983},{""age"":""45-54"",""gender"":""male"",""percentage"":0.11581},{""age"":""55-64"",""gender"":""female"",""percentage"":0.021332},{""age"":""18-24"",""gender"":""female"",""percentage"":0.023904},{""age"":""55-64"",""gender"":""male"",""percentage"":0.01009},{""age"":""55-64"",""gender"":""unknown"",""percentage"":0.000171},{""age"":""18-24"",""gender"":""unknown"",""percentage"":0.000185}","{""region"":""Los R\u00edos Region"",""percentage"":0.036496},{""region"":""Arica y Parinacota Region"",""percentage"":0.027841},{""region"":""Valpara\u00edso Region"",""percentage"":0.080849},{""region"":""Ays\u00e9n Region"",""percentage"":0.007843},{""region"":""Antofagasta Region"",""percentage"":0.100007},{""region"":""Araucan\u00eda Region"",""percentage"":0.104573},{""region"":""Atacama Region"",""percentage"":0.032757},{""region"":""B\u00edo B\u00edo Region"",""percentage"":0.178125},{""region"":""Coquimbo Region"",""percentage"":0.063343},{""region"":""O'Higgins Region"",""percentage"":0.059604},{""region"":""Los Lagos Region"",""percentage"":0.102878},{""region"":""Magallanes y la Ant\u00e1rtica Chilena Region"",""percentage"":0.01941},{""region"":""Maule Region"",""percentage"":0.085092},{""region"":""Santiago Metropolitan Region"",""percentage"":0.059071},{""region"":""Tarapac\u00e1 Region"",""percentage"":0.042112}","facebook,instagram","lower_bound: 1000001",es
431284128422162,103820310982935,"Sichel Presidente",2021-10-08,2021-10-08,2021-10-13,"Sebastián Sichel Ramirez","La discapacidad no puede tener políticas públicas olvidadas, se necesita una mayor y real integración. En esta campaña decimos #SePuede!",,,,"lower_bound: 3000, upper_bound: 3999","lower_bound: 0, upper_bound: 99",USD,"{""age"":""55-64"",""gender"":""male"",""percentage"":0.012188},{""age"":""55-64"",""gender"":""female"",""percentage"":0.0296},{""age"":""35-44"",""gender"":""female"",""percentage"":0.200813},{""age"":""35-44"",""gender"":""male"",""percentage"":0.087928},{""age"":""45-54"",""gender"":""female"",""percentage"":0.244051},{""age"":""25-34"",""gender"":""male"",""percentage"":0.10534},{""age"":""25-34"",""gender"":""female"",""percentage"":0.174405},{""age"":""18-24"",""gender"":""female"",""percentage"":0.028149},{""age"":""45-54"",""gender"":""male"",""percentage"":0.088508},{""age"":""18-24"",""gender"":""male"",""percentage"":0.023796},{""age"":""25-34"",""gender"":""unknown"",""percentage"":0.000871},{""age"":""35-44"",""gender"":""unknown"",""percentage"":0.002612},{""age"":""18-24"",""gender"":""unknown"",""percentage"":0.00029},{""age"":""45-54"",""gender"":""unknown"",""percentage"":0.001451}","{""region"":""Los R\u00edos Region"",""percentage"":0.02894},{""region"":""Arica y Parinacota Region"",""percentage"":0.023782},{""region"":""Valpara\u00edso Region"",""percentage"":0.095415},{""region"":""Ays\u00e9n Region"",""percentage"":0.008883},{""region"":""Antofagasta Region"",""percentage"":0.086819},{""region"":""Araucan\u00eda Region"",""percentage"":0.082235},{""region"":""Atacama Region"",""percentage"":0.029513},{""region"":""B\u00edo B\u00edo Region"",""percentage"":0.17765},{""region"":""Coquimbo Region"",""percentage"":0.059885},{""region"":""O'Higgins Region"",""percentage"":0.06447},{""region"":""Los Lagos Region"",""percentage"":0.082235},{""region"":""Magallanes y la Ant\u00e1rtica Chilena Region"",""percentage"":0.02149},{""region"":""Maule Region"",""percentage"":0.094269},{""region"":""Santiago Metropolitan Region"",""percentage"":0.109742},{""region"":""Tarapac\u00e1 Region"",""percentage"":0.03467}","facebook,instagram","lower_bound: 1000001",es
846829586003503,103820310982935,"Sichel Presidente",2021-10-08,2021-10-08,2021-10-13,"Sebastián Sichel Ramirez","Necesitamos recuperar el Estado de derecho en La Araucanía. De esto y más conversamos hoy en @laterceracom junto a tres candidatos presidenciales más.",,,,"lower_bound: 0, upper_bound: 999","lower_bound: 0, upper_bound: 99",USD,"{""age"":""35-44"",""gender"":""unknown"",""percentage"":0.002591},{""age"":""45-54"",""gender"":""unknown"",""percentage"":0.005181},{""age"":""18-24"",""gender"":""male"",""percentage"":0.025907},{""age"":""55-64"",""gender"":""female"",""percentage"":0.034974},{""age"":""35-44"",""gender"":""male"",""percentage"":0.165803},{""age"":""45-54"",""gender"":""female"",""percentage"":0.170984},{""age"":""35-44"",""gender"":""female"",""percentage"":0.089378},{""age"":""25-34"",""gender"":""male"",""percentage"":0.151554},{""age"":""45-54"",""gender"":""male"",""percentage"":0.262953},{""age"":""25-34"",""gender"":""female"",""percentage"":0.054404},{""age"":""18-24"",""gender"":""female"",""percentage"":0.009067},{""age"":""55-64"",""gender"":""male"",""percentage"":0.027202}","{""region"":""Los R\u00edos Region"",""percentage"":0.029793},{""region"":""Arica y Parinacota Region"",""percentage"":0.042746},{""region"":""Valpara\u00edso Region"",""percentage"":0.082902},{""region"":""Ays\u00e9n Region"",""percentage"":0.015544},{""region"":""Antofagasta Region"",""percentage"":0.09715},{""region"":""Araucan\u00eda Region"",""percentage"":0.076425},{""region"":""Atacama Region"",""percentage"":0.027202},{""region"":""B\u00edo B\u00edo Region"",""percentage"":0.173575},{""region"":""Coquimbo Region"",""percentage"":0.062176},{""region"":""O'Higgins Region"",""percentage"":0.045337},{""region"":""Los Lagos Region"",""percentage"":0.085492},{""region"":""Magallanes y la Ant\u00e1rtica Chilena Region"",""percentage"":0.023316},{""region"":""Maule Region"",""percentage"":0.064767},{""region"":""Santiago Metropolitan Region"",""percentage"":0.124352},{""region"":""Tarapac\u00e1 Region"",""percentage"":0.049223}","facebook,instagram","lower_bound: 1000001",es
2903136226666285,103820310982935,"Sichel Presidente",2021-10-08,2021-10-08,2021-10-14,"Sebastián Sichel Ramirez","Nuestro programa de gobierno necesita gente con experiencia, gente diversa y que represente a los chilenos. #SePuede","Un gabinete diverso",,,"lower_bound: 60000, upper_bound: 69999","lower_bound: 100, upper_bound: 199",USD,"{""age"":""18-24"",""gender"":""unknown"",""percentage"":0.000358},{""age"":""35-44"",""gender"":""unknown"",""percentage"":0.004794},{""age"":""18-24"",""gender"":""female"",""percentage"":0.007699},{""age"":""25-34"",""gender"":""unknown"",""percentage"":0.001412},{""age"":""55-64"",""gender"":""male"",""percentage"":0.026379},{""age"":""45-54"",""gender"":""male"",""percentage"":0.246205},{""age"":""25-34"",""gender"":""male"",""percentage"":0.190005},{""age"":""35-44"",""gender"":""male"",""percentage"":0.231663},{""age"":""25-34"",""gender"":""female"",""percentage"":0.060338},{""age"":""45-54"",""gender"":""female"",""percentage"":0.107387},{""age"":""18-24"",""gender"":""male"",""percentage"":0.024449},{""age"":""55-64"",""gender"":""female"",""percentage"":0.011479},{""age"":""35-44"",""gender"":""female"",""percentage"":0.082082},{""age"":""45-54"",""gender"":""unknown"",""percentage"":0.005272},{""age"":""55-64"",""gender"":""unknown"",""percentage"":0.000477}","{""region"":""Los R\u00edos Region"",""percentage"":0.037127},{""region"":""Arica y Parinacota Region"",""percentage"":0.025557},{""region"":""Valpara\u00edso Region"",""percentage"":0.112109},{""region"":""Ays\u00e9n Region"",""percentage"":0.009527},{""region"":""Antofagasta Region"",""percentage"":0.062625},{""region"":""Araucan\u00eda Region"",""percentage"":0.091797},{""region"":""Atacama Region"",""percentage"":0.029663},{""region"":""B\u00edo B\u00edo Region"",""percentage"":0.157565},{""region"":""Coquimbo Region"",""percentage"":0.061839},{""region"":""O'Higgins Region"",""percentage"":0.061427},{""region"":""Los Lagos Region"",""percentage"":0.088575},{""region"":""Magallanes y la Ant\u00e1rtica Chilena Region"",""percentage"":0.020803},{""region"":""Maule Region"",""percentage"":0.077358},{""region"":""Santiago Metropolitan Region"",""percentage"":0.129022},{""region"":""Tarapac\u00e1 Region"",""percentage"":0.035006}","facebook,instagram","lower_bound: 1000001",es
1759973170867709,103820310982935,"Sichel Presidente",2021-10-08,2021-10-08,2021-10-13,"Sebastián Sichel Ramirez","Hay que meterse con todo en los lugares donde el Estado ha fallado: en La Araucanía y los barrios donde está el narcotráfico.",,,,"lower_bound: 10000, upper_bound: 14999","lower_bound: 0, upper_bound: 99",USD,"{""age"":""55-64"",""gender"":""unknown"",""percentage"":0.000323},{""age"":""45-54"",""gender"":""unknown"",""percentage"":0.00194},{""age"":""18-24"",""gender"":""male"",""percentage"":0.049543},{""age"":""45-54"",""gender"":""female"",""percentage"":0.192112},{""age"":""35-44"",""gender"":""male"",""percentage"":0.164309},{""age"":""18-24"",""gender"":""female"",""percentage"":0.02853},{""age"":""35-44"",""gender"":""female"",""percentage"":0.114119},{""age"":""45-54"",""gender"":""male"",""percentage"":0.195021},{""age"":""25-34"",""gender"":""female"",""percentage"":0.068617},{""age"":""25-34"",""gender"":""male"",""percentage"":0.136426},{""age"":""55-64"",""gender"":""female"",""percentage"":0.026913},{""age"":""55-64"",""gender"":""male"",""percentage"":0.01972},{""age"":""35-44"",""gender"":""unknown"",""percentage"":0.001778},{""age"":""25-34"",""gender"":""unknown"",""percentage"":0.000485},{""age"":""18-24"",""gender"":""unknown"",""percentage"":0.000162}","{""region"":""Los R\u00edos Region"",""percentage"":0.034736},{""region"":""Arica y Parinacota Region"",""percentage"":0.027563},{""region"":""Valpara\u00edso Region"",""percentage"":0.100822},{""region"":""Ays\u00e9n Region"",""percentage"":0.007173},{""region"":""Antofagasta Region"",""percentage"":0.075113},{""region"":""Araucan\u00eda Region"",""percentage"":0.084139},{""region"":""Atacama Region"",""percentage"":0.030625},{""region"":""B\u00edo B\u00edo Region"",""percentage"":0.15216},{""region"":""Coquimbo Region"",""percentage"":0.064555},{""region"":""O'Higgins Region"",""percentage"":0.069068},{""region"":""Los Lagos Region"",""percentage"":0.080593},{""region"":""Magallanes y la Ant\u00e1rtica Chilena Region"",""percentage"":0.014829},{""region"":""Maule Region"",""percentage"":0.089458},{""region"":""Santiago Metropolitan Region"",""percentage"":0.12766},{""region"":""Tarapac\u00e1 Region"",""percentage"":0.041505}","facebook,instagram","lower_bound: 1000001",es
2864617507182781,103820310982935,"Sichel Presidente",2021-10-08,2021-10-08,2021-10-13,"Sebastián Sichel Ramirez","En esta campaña las mujeres están al centro de nuestras propuestas y programa.","Mujeres al centro",,,"lower_bound: 6000, upper_bound: 6999","lower_bound: 0, upper_bound: 99",USD,"{""age"":""18-24"",""gender"":""unknown"",""percentage"":0.000663},{""age"":""25-34"",""gender"":""unknown"",""percentage"":0.001657},{""age"":""45-54"",""gender"":""unknown"",""percentage"":0.006131},{""age"":""25-34"",""gender"":""male"",""percentage"":0.06628},{""age"":""45-54"",""gender"":""male"",""percentage"":0.107042},{""age"":""35-44"",""gender"":""male"",""percentage"":0.08401},{""age"":""55-64"",""gender"":""male"",""percentage"":0.012593},{""age"":""25-34"",""gender"":""female"",""percentage"":0.107042},{""age"":""35-44"",""gender"":""female"",""percentage"":0.187075},{""age"":""55-64"",""gender"":""female"",""percentage"":0.048882},{""age"":""45-54"",""gender"":""female"",""percentage"":0.339188},{""age"":""18-24"",""gender"":""female"",""percentage"":0.022867},{""age"":""35-44"",""gender"":""unknown"",""percentage"":0.003977},{""age"":""55-64"",""gender"":""unknown"",""percentage"":0.000497},{""age"":""18-24"",""gender"":""male"",""percentage"":0.012096}","{""region"":""Los R\u00edos Region"",""percentage"":0.044811},{""region"":""Arica y Parinacota Region"",""percentage"":0.019157},{""region"":""Valpara\u00edso Region"",""percentage"":0.112944},{""region"":""Ays\u00e9n Region"",""percentage"":0.008329},{""region"":""Antofagasta Region"",""percentage"":0.051974},{""region"":""Araucan\u00eda Region"",""percentage"":0.092121},{""region"":""Atacama Region"",""percentage"":0.023155},{""region"":""B\u00edo B\u00edo Region"",""percentage"":0.156089},{""region"":""Coquimbo Region"",""percentage"":0.059137},{""region"":""O'Higgins Region"",""percentage"":0.071797},{""region"":""Los Lagos Region"",""percentage"":0.088956},{""region"":""Magallanes y la Ant\u00e1rtica Chilena Region"",""percentage"":0.017325},{""region"":""Maule Region"",""percentage"":0.08096},{""region"":""Santiago Metropolitan Region"",""percentage"":0.146427},{""region"":""Tarapac\u00e1 Region"",""percentage"":0.02682}","facebook,instagram","lower_bound: 1000001",es
234117475262672,103820310982935,"Sichel Presidente",2021-10-08,2021-10-08,2021-10-13,"Sebastián Sichel Ramirez","Desde Curicó junto al consejo ciudadano de independientes!! cariños a todos!",,,,"lower_bound: 2000, upper_bound: 2999","lower_bound: 0, upper_bound: 99",USD,"{""age"":""25-34"",""gender"":""unknown"",""percentage"":0.000912},{""age"":""35-44"",""gender"":""unknown"",""percentage"":0.001823},{""age"":""55-64"",""gender"":""female"",""percentage"":0.029626},{""age"":""18-24"",""gender"":""female"",""percentage"":0.018687},{""age"":""25-34"",""gender"":""male"",""percentage"":0.118961},{""age"":""35-44"",""gender"":""male"",""percentage"":0.138104},{""age"":""45-54"",""gender"":""male"",""percentage"":0.214676},{""age"":""25-34"",""gender"":""female"",""percentage"":0.082498},{""age"":""45-54"",""gender"":""female"",""percentage"":0.223336},{""age"":""35-44"",""gender"":""female"",""percentage"":0.106655},{""age"":""18-24"",""gender"":""male"",""percentage"":0.030538},{""age"":""45-54"",""gender"":""unknown"",""percentage"":0.004102},{""age"":""55-64"",""gender"":""male"",""percentage"":0.030082}","{""region"":""Los R\u00edos Region"",""percentage"":0.034878},{""region"":""Arica y Parinacota Region"",""percentage"":0.02157},{""region"":""Valpara\u00edso Region"",""percentage"":0.096833},{""region"":""Ays\u00e9n Region"",""percentage"":0.005507},{""region"":""Antofagasta Region"",""percentage"":0.075723},{""region"":""Araucan\u00eda Region"",""percentage"":0.087196},{""region"":""Atacama Region"",""percentage"":0.024323},{""region"":""B\u00edo B\u00edo Region"",""percentage"":0.157412},{""region"":""Coquimbo Region"",""percentage"":0.060119},{""region"":""O'Higgins Region"",""percentage"":0.072051},{""region"":""Los Lagos Region"",""percentage"":0.088573},{""region"":""Magallanes y la Ant\u00e1rtica Chilena Region"",""percentage"":0.019734},{""region"":""Maule Region"",""percentage"":0.087196},{""region"":""Santiago Metropolitan Region"",""percentage"":0.131253},{""region"":""Tarapac\u00e1 Region"",""percentage"":0.037632}","facebook,instagram","lower_bound: 1000001",es
938039446792630,103820310982935,"Sichel Presidente",2021-10-08,2021-10-08,2021-10-13,"Sebastián Sichel Ramirez","Por un Chile donde ninguna mujer más aplace sus proyectos por culpa de un papá ausente que no paga la pensión de alimentos. Por un Chile donde ningún niño o niña tenga que perseguir lo que es un derecho. #SePuede","Un Chile para las mujeres",,,"lower_bound: 2000, upper_bound: 2999","lower_bound: 0, upper_bound: 99",USD,"{""age"":""35-44"",""gender"":""male"",""percentage"":0.147199},{""age"":""25-34"",""gender"":""male"",""percentage"":0.171037},{""age"":""18-24"",""gender"":""male"",""percentage"":0.040524},{""age"":""25-34"",""gender"":""female"",""percentage"":0.094756},{""age"":""45-54"",""gender"":""male"",""percentage"":0.151967},{""age"":""35-44"",""gender"":""female"",""percentage"":0.130513},{""age"":""45-54"",""gender"":""female"",""percentage"":0.194875},{""age"":""55-64"",""gender"":""male"",""percentage"":0.005959},{""age"":""55-64"",""gender"":""female"",""percentage"":0.023242},{""age"":""18-24"",""gender"":""female"",""percentage"":0.02801},{""age"":""55-64"",""gender"":""unknown"",""percentage"":0.001192},{""age"":""18-24"",""gender"":""unknown"",""percentage"":0.000596},{""age"":""35-44"",""gender"":""unknown"",""percentage"":0.004768},{""age"":""45-54"",""gender"":""unknown"",""percentage"":0.003576},{""age"":""25-34"",""gender"":""unknown"",""percentage"":0.001788}","{""region"":""Los R\u00edos Region"",""percentage"":0.028857},{""region"":""Arica y Parinacota Region"",""percentage"":0.03298},{""region"":""Valpara\u00edso Region"",""percentage"":0.088928},{""region"":""Ays\u00e9n Region"",""percentage"":0.008834},{""region"":""Antofagasta Region"",""percentage"":0.123675},{""region"":""Araucan\u00eda Region"",""percentage"":0.067138},{""region"":""Atacama Region"",""percentage"":0.034158},{""region"":""B\u00edo B\u00edo Region"",""percentage"":0.144287},{""region"":""Coquimbo Region"",""percentage"":0.060071},{""region"":""O'Higgins Region"",""percentage"":0.064782},{""region"":""Los Lagos Region"",""percentage"":0.081861},{""region"":""Magallanes y la Ant\u00e1rtica Chilena Region"",""percentage"":0.015901},{""region"":""Maule Region"",""percentage"":0.071849},{""region"":""Santiago Metropolitan Region"",""percentage"":0.116608},{""region"":""Tarapac\u00e1 Region"",""percentage"":0.060071}","facebook,instagram","lower_bound: 1000001",es
588943382530836,103820310982935,"Sichel Presidente",2021-10-07,2021-10-07,2021-10-12,"Sebastián Sichel Ramirez","En esta campaña las mujeres están al centro de nuestras propuestas y programa.","Mujeres al centro",,,"lower_bound: 250000, upper_bound: 299999","lower_bound: 1500, upper_bound: 1999",USD,"{""age"":""45-54"",""gender"":""female"",""percentage"":0.279246},{""age"":""25-34"",""gender"":""female"",""percentage"":0.300649},{""age"":""18-24"",""gender"":""female"",""percentage"":0.038868},{""age"":""35-44"",""gender"":""female"",""percentage"":0.359415},{""age"":""55-64"",""gender"":""female"",""percentage"":0.021822}","{""region"":""Los R\u00edos Region"",""percentage"":0.007172},{""region"":""Arica y Parinacota Region"",""percentage"":0.02478},{""region"":""Valpara\u00edso Region"",""percentage"":0.022132},{""region"":""Ays\u00e9n Region"",""percentage"":0.017307},{""region"":""Antofagasta Region"",""percentage"":0.087897},{""region"":""Araucan\u00eda Region"",""percentage"":0.127821},{""region"":""Atacama Region"",""percentage"":0.044919},{""region"":""B\u00edo B\u00edo Region"",""percentage"":0.213082},{""region"":""Coquimbo Region"",""percentage"":0.102726},{""region"":""O'Higgins Region"",""percentage"":0.125329},{""region"":""Los Lagos Region"",""percentage"":0.111759},{""region"":""Magallanes y la Ant\u00e1rtica Chilena Region"",""percentage"":0.002714},{""region"":""Maule Region"",""percentage"":0.014068},{""region"":""Santiago Metropolitan Region"",""percentage"":0.091175},{""region"":""Tarapac\u00e1 Region"",""percentage"":0.007119}",facebook,"lower_bound: 100001, upper_bound: 500000",es
4247191441995514,103820310982935,"Sichel Presidente",2021-10-07,2021-10-07,2021-10-12,"Sebastián Sichel Ramirez","Por un Chile donde ninguna mujer más aplace sus proyectos por culpa de un papá ausente que no paga la pensión de alimentos. Por un Chile donde ningún niño o niña tenga que perseguir lo que es un derecho. #SePuede","Un Chile para las mujeres",,,"lower_bound: 100000, upper_bound: 124999","lower_bound: 400, upper_bound: 499",USD,"{""age"":""35-44"",""gender"":""female"",""percentage"":0.345593},{""age"":""45-54"",""gender"":""female"",""percentage"":0.257881},{""age"":""25-34"",""gender"":""female"",""percentage"":0.314718},{""age"":""55-64"",""gender"":""female"",""percentage"":0.022768},{""age"":""18-24"",""gender"":""female"",""percentage"":0.05904}","{""region"":""Los R\u00edos Region"",""percentage"":0.007603},{""region"":""Arica y Parinacota Region"",""percentage"":0.029574},{""region"":""Valpara\u00edso Region"",""percentage"":0.024375},{""region"":""Ays\u00e9n Region"",""percentage"":0.01761},{""region"":""Antofagasta Region"",""percentage"":0.092718},{""region"":""Araucan\u00eda Region"",""percentage"":0.12833},{""region"":""Atacama Region"",""percentage"":0.047715},{""region"":""B\u00edo B\u00edo Region"",""percentage"":0.195751},{""region"":""Coquimbo Region"",""percentage"":0.102725},{""region"":""O'Higgins Region"",""percentage"":0.123969},{""region"":""Los Lagos Region"",""percentage"":0.114158},{""region"":""Magallanes y la Ant\u00e1rtica Chilena Region"",""percentage"":0.003466},{""region"":""Maule Region"",""percentage"":0.01543},{""region"":""Santiago Metropolitan Region"",""percentage"":0.087659},{""region"":""Tarapac\u00e1 Region"",""percentage"":0.008917}",facebook,"lower_bound: 100001, upper_bound: 500000",es
273124421210115,103820310982935,"Sichel Presidente",2021-10-07,2021-10-07,2021-10-11,"Sebastián Sichel Ramirez","35 compromisos por un Chile mejor y 6 pilares claves para dar certezas a los cambios que queremos liderar #SePuede",,,,"lower_bound: 45000, upper_bound: 49999","lower_bound: 400, upper_bound: 499",USD,"{""age"":""25-34"",""gender"":""female"",""percentage"":0.327169},{""age"":""35-44"",""gender"":""female"",""percentage"":0.354015},{""age"":""45-54"",""gender"":""female"",""percentage"":0.248339},{""age"":""18-24"",""gender"":""female"",""percentage"":0.050779},{""age"":""55-64"",""gender"":""female"",""percentage"":0.019698}","{""region"":""Los R\u00edos Region"",""percentage"":0.007012},{""region"":""Arica y Parinacota Region"",""percentage"":0.029858},{""region"":""Valpara\u00edso Region"",""percentage"":0.022461},{""region"":""Ays\u00e9n Region"",""percentage"":0.013022},{""region"":""Antofagasta Region"",""percentage"":0.094082},{""region"":""Araucan\u00eda Region"",""percentage"":0.120319},{""region"":""Atacama Region"",""percentage"":0.047773},{""region"":""B\u00edo B\u00edo Region"",""percentage"":0.207929},{""region"":""Coquimbo Region"",""percentage"":0.110341},{""region"":""O'Higgins Region"",""percentage"":0.123786},{""region"":""Los Lagos Region"",""percentage"":0.105949},{""region"":""Magallanes y la Ant\u00e1rtica Chilena Region"",""percentage"":0.002581},{""region"":""Maule Region"",""percentage"":0.014987},{""region"":""Santiago Metropolitan Region"",""percentage"":0.09154},{""region"":""Tarapac\u00e1 Region"",""percentage"":0.00836}",facebook,"lower_bound: 100001, upper_bound: 500000",es
403525201219281,103820310982935,"Sichel Presidente",2021-10-07,2021-10-07,2021-10-12,"Sebastián Sichel Ramirez","La discapacidad no puede tener políticas públicas olvidadas, se necesita una mayor y real integración. En esta campaña decimos #SePuede!",,,,"lower_bound: 25000, upper_bound: 29999","lower_bound: 100, upper_bound: 199",USD,"{""age"":""18-24"",""gender"":""female"",""percentage"":0.049185},{""age"":""45-54"",""gender"":""female"",""percentage"":0.285258},{""age"":""25-34"",""gender"":""female"",""percentage"":0.287296},{""age"":""35-44"",""gender"":""female"",""percentage"":0.351834},{""age"":""55-64"",""gender"":""female"",""percentage"":0.026427}","{""region"":""Los R\u00edos Region"",""percentage"":0.007497},{""region"":""Arica y Parinacota Region"",""percentage"":0.035944},{""region"":""Valpara\u00edso Region"",""percentage"":0.024096},{""region"":""Ays\u00e9n Region"",""percentage"":0.01593},{""region"":""Antofagasta Region"",""percentage"":0.101606},{""region"":""Araucan\u00eda Region"",""percentage"":0.122691},{""region"":""Atacama Region"",""percentage"":0.047256},{""region"":""B\u00edo B\u00edo Region"",""percentage"":0.187617},{""region"":""Coquimbo Region"",""percentage"":0.106894},{""region"":""O'Higgins Region"",""percentage"":0.127845},{""region"":""Los Lagos Region"",""percentage"":0.107162},{""region"":""Magallanes y la Ant\u00e1rtica Chilena Region"",""percentage"":0.003614},{""region"":""Maule Region"",""percentage"":0.015194},{""region"":""Santiago Metropolitan Region"",""percentage"":0.086948},{""region"":""Tarapac\u00e1 Region"",""percentage"":0.009705}",facebook,"lower_bound: 100001, upper_bound: 500000",es
190540889823143,103820310982935,"Sichel Presidente",2021-10-03,2021-10-03,2021-10-13,"Sebastián Sichel Ramirez","Desde Curicó junto al consejo ciudadano de independientes!! cariños a todos!",,,,"lower_bound: 10000, upper_bound: 14999","lower_bound: 0, upper_bound: 99",USD,"{""age"":""45-54"",""gender"":""unknown"",""percentage"":0.000747},{""age"":""35-44"",""gender"":""male"",""percentage"":0.11546},{""age"":""45-54"",""gender"":""female"",""percentage"":0.278001},{""age"":""25-34"",""gender"":""female"",""percentage"":0.087623},{""age"":""25-34"",""gender"":""male"",""percentage"":0.083419},{""age"":""45-54"",""gender"":""male"",""percentage"":0.193928},{""age"":""35-44"",""gender"":""female"",""percentage"":0.133769},{""age"":""18-24"",""gender"":""female"",""percentage"":0.021952},{""age"":""18-24"",""gender"":""male"",""percentage"":0.018216},{""age"":""35-44"",""gender"":""unknown"",""percentage"":0.000841},{""age"":""55-64"",""gender"":""male"",""percentage"":0.023447},{""age"":""55-64"",""gender"":""female"",""percentage"":0.041663},{""age"":""25-34"",""gender"":""unknown"",""percentage"":0.000747},{""age"":""18-24"",""gender"":""unknown"",""percentage"":0.000187}","{""region"":""Los R\u00edos Region"",""percentage"":0.028553},{""region"":""Arica y Parinacota Region"",""percentage"":0.0265},{""region"":""Valpara\u00edso Region"",""percentage"":0.089297},{""region"":""Ays\u00e9n Region"",""percentage"":0.004386},{""region"":""Antofagasta Region"",""percentage"":0.048708},{""region"":""Araucan\u00eda Region"",""percentage"":0.065223},{""region"":""Atacama Region"",""percentage"":0.020062},{""region"":""B\u00edo B\u00edo Region"",""percentage"":0.123635},{""region"":""Coquimbo Region"",""percentage"":0.054213},{""region"":""O'Higgins Region"",""percentage"":0.065317},{""region"":""Los Lagos Region"",""percentage"":0.059438},{""region"":""Magallanes y la Ant\u00e1rtica Chilena Region"",""percentage"":0.009051},{""region"":""Maule Region"",""percentage"":0.090324},{""region"":""Santiago Metropolitan Region"",""percentage"":0.283848},{""region"":""Tarapac\u00e1 Region"",""percentage"":0.031445}","facebook,instagram","lower_bound: 1000001",es
233788388799433,103820310982935,"Sichel Presidente",2021-10-03,2021-10-03,2021-10-13,"Sebastián Sichel Ramirez","Por un Chile donde ninguna mujer más aplace sus proyectos por culpa de un papá ausente que no paga la pensión de alimentos. Por un Chile donde ningún niño o niña tenga que perseguir lo que es un derecho. #SePuede","Un Chile para las mujeres",,,"lower_bound: 6000, upper_bound: 6999","lower_bound: 0, upper_bound: 99",USD,"{""age"":""18-24"",""gender"":""unknown"",""percentage"":0.000218},{""age"":""25-34"",""gender"":""unknown"",""percentage"":0.001092},{""age"":""45-54"",""gender"":""unknown"",""percentage"":0.001311},{""age"":""18-24"",""gender"":""female"",""percentage"":0.061381},{""age"":""45-54"",""gender"":""female"",""percentage"":0.165793},{""age"":""55-64"",""gender"":""male"",""percentage"":0.010703},{""age"":""25-34"",""gender"":""male"",""percentage"":0.164264},{""age"":""18-24"",""gender"":""male"",""percentage"":0.057449},{""age"":""45-54"",""gender"":""male"",""percentage"":0.111402},{""age"":""35-44"",""gender"":""female"",""percentage"":0.139581},{""age"":""35-44"",""gender"":""male"",""percentage"":0.140891},{""age"":""25-34"",""gender"":""female"",""percentage"":0.122761},{""age"":""55-64"",""gender"":""female"",""percentage"":0.020315},{""age"":""35-44"",""gender"":""unknown"",""percentage"":0.00284}","{""region"":""Ays\u00e9n Region"",""percentage"":0.003295},{""region"":""Los R\u00edos Region"",""percentage"":0.023062},{""region"":""Arica y Parinacota Region"",""percentage"":0.021964},{""region"":""Valpara\u00edso Region"",""percentage"":0.101032},{""region"":""Antofagasta Region"",""percentage"":0.064353},{""region"":""Araucan\u00eda Region"",""percentage"":0.052712},{""region"":""Atacama Region"",""percentage"":0.021964},{""region"":""B\u00edo B\u00edo Region"",""percentage"":0.107182},{""region"":""Coquimbo Region"",""percentage"":0.050297},{""region"":""O'Higgins Region"",""percentage"":0.058423},{""region"":""Los Lagos Region"",""percentage"":0.061059},{""region"":""Magallanes y la Ant\u00e1rtica Chilena Region"",""percentage"":0.010542},{""region"":""Maule Region"",""percentage"":0.074896},{""region"":""Santiago Metropolitan Region"",""percentage"":0.314298},{""region"":""Tarapac\u00e1 Region"",""percentage"":0.034922}","facebook,instagram","lower_bound: 1000001",es
236763205097383,103820310982935,"Sichel Presidente",2021-10-03,2021-10-03,2021-10-13,"Sebastián Sichel Ramirez","Nuestro programa de gobierno necesita gente con experiencia, gente diversa y que represente a los chilenos. #SePuede","Un gabinete diverso",,,"lower_bound: 500000, upper_bound: 599999","lower_bound: 1500, upper_bound: 1999",USD,"{""age"":""55-64"",""gender"":""unknown"",""percentage"":0.000118},{""age"":""55-64"",""gender"":""female"",""percentage"":0.008053},{""age"":""55-64"",""gender"":""male"",""percentage"":0.012818},{""age"":""35-44"",""gender"":""male"",""percentage"":0.255232},{""age"":""25-34"",""gender"":""male"",""percentage"":0.183386},{""age"":""35-44"",""gender"":""female"",""percentage"":0.112618},{""age"":""45-54"",""gender"":""male"",""percentage"":0.200029},{""age"":""25-34"",""gender"":""female"",""percentage"":0.077754},{""age"":""25-34"",""gender"":""unknown"",""percentage"":0.00107},{""age"":""45-54"",""gender"":""female"",""percentage"":0.103923},{""age"":""18-24"",""gender"":""female"",""percentage"":0.013249},{""age"":""18-24"",""gender"":""male"",""percentage"":0.025459},{""age"":""35-44"",""gender"":""unknown"",""percentage"":0.003493},{""age"":""45-54"",""gender"":""unknown"",""percentage"":0.002567},{""age"":""18-24"",""gender"":""unknown"",""percentage"":0.000231}","{""region"":""Los R\u00edos Region"",""percentage"":0.025754},{""region"":""Arica y Parinacota Region"",""percentage"":0.021032},{""region"":""Valpara\u00edso Region"",""percentage"":0.112546},{""region"":""Ays\u00e9n Region"",""percentage"":0.005551},{""region"":""Antofagasta Region"",""percentage"":0.052072},{""region"":""Araucan\u00eda Region"",""percentage"":0.068289},{""region"":""Atacama Region"",""percentage"":0.021694},{""region"":""B\u00edo B\u00edo Region"",""percentage"":0.123602},{""region"":""Coquimbo Region"",""percentage"":0.048001},{""region"":""O'Higgins Region"",""percentage"":0.061426},{""region"":""Los Lagos Region"",""percentage"":0.06189},{""region"":""Magallanes y la Ant\u00e1rtica Chilena Region"",""percentage"":0.012936},{""region"":""Maule Region"",""percentage"":0.079649},{""region"":""Santiago Metropolitan Region"",""percentage"":0.272803},{""region"":""Tarapac\u00e1 Region"",""percentage"":0.032757}","facebook,instagram","lower_bound: 1000001",es
287482796302033,103820310982935,"Sichel Presidente",2021-10-03,2021-10-03,2021-10-13,"Sebastián Sichel Ramirez","Cerrando un día movido con esta reflexión, qué queremos para nuestro país en 20 años? Yo no lo concibo sin una participación clave del emprendimiento. #SePuede",,,,"lower_bound: 35000, upper_bound: 39999","lower_bound: 100, upper_bound: 199",USD,"{""age"":""35-44"",""gender"":""unknown"",""percentage"":0.0011},{""age"":""55-64"",""gender"":""female"",""percentage"":0.020734},{""age"":""45-54"",""gender"":""male"",""percentage"":0.200773},{""age"":""35-44"",""gender"":""female"",""percentage"":0.138805},{""age"":""25-34"",""gender"":""female"",""percentage"":0.104937},{""age"":""35-44"",""gender"":""male"",""percentage"":0.149738},{""age"":""25-34"",""gender"":""male"",""percentage"":0.112537},{""age"":""18-24"",""gender"":""female"",""percentage"":0.033301},{""age"":""18-24"",""gender"":""male"",""percentage"":0.030601},{""age"":""45-54"",""gender"":""female"",""percentage"":0.18774},{""age"":""55-64"",""gender"":""male"",""percentage"":0.018134},{""age"":""45-54"",""gender"":""unknown"",""percentage"":0.000833},{""age"":""25-34"",""gender"":""unknown"",""percentage"":0.000567},{""age"":""55-64"",""gender"":""unknown"",""percentage"":0.0001},{""age"":""18-24"",""gender"":""unknown"",""percentage"":0.0001}","{""region"":""Los R\u00edos Region"",""percentage"":0.032508},{""region"":""Arica y Parinacota Region"",""percentage"":0.021839},{""region"":""Valpara\u00edso Region"",""percentage"":0.087692},{""region"":""Ays\u00e9n Region"",""percentage"":0.007023},{""region"":""Antofagasta Region"",""percentage"":0.059766},{""region"":""Araucan\u00eda Region"",""percentage"":0.085819},{""region"":""Atacama Region"",""percentage"":0.025117},{""region"":""B\u00edo B\u00edo Region"",""percentage"":0.154548},{""region"":""Coquimbo Region"",""percentage"":0.05},{""region"":""O'Higgins Region"",""percentage"":0.063813},{""region"":""Los Lagos Region"",""percentage"":0.072876},{""region"":""Magallanes y la Ant\u00e1rtica Chilena Region"",""percentage"":0.010268},{""region"":""Maule Region"",""percentage"":0.095652},{""region"":""Santiago Metropolitan Region"",""percentage"":0.192475},{""region"":""Tarapac\u00e1 Region"",""percentage"":0.040602}","facebook,instagram","lower_bound: 1000001",es
546095033129913,103820310982935,"Sichel Presidente",2021-10-03,2021-10-03,2021-10-13,"Sebastián Sichel Ramirez","En esta campaña las mujeres están al centro de nuestras propuestas y programa.","Mujeres al centro",,,"lower_bound: 125000, upper_bound: 149999","lower_bound: 300, upper_bound: 399",USD,"{""age"":""35-44"",""gender"":""unknown"",""percentage"":0.002045},{""age"":""25-34"",""gender"":""unknown"",""percentage"":0.000824},{""age"":""18-24"",""gender"":""male"",""percentage"":0.017519},{""age"":""25-34"",""gender"":""male"",""percentage"":0.071178},{""age"":""25-34"",""gender"":""female"",""percentage"":0.115109},{""age"":""45-54"",""gender"":""male"",""percentage"":0.12831},{""age"":""35-44"",""gender"":""male"",""percentage"":0.114087},{""age"":""45-54"",""gender"":""female"",""percentage"":0.279261},{""age"":""35-44"",""gender"":""female"",""percentage"":0.206396},{""age"":""18-24"",""gender"":""female"",""percentage"":0.026929},{""age"":""55-64"",""gender"":""female"",""percentage"":0.026224},{""age"":""45-54"",""gender"":""unknown"",""percentage"":0.001926},{""age"":""55-64"",""gender"":""male"",""percentage"":0.009896},{""age"":""18-24"",""gender"":""unknown"",""percentage"":0.000268},{""age"":""55-64"",""gender"":""unknown"",""percentage"":3.0e-5}","{""region"":""Los R\u00edos Region"",""percentage"":0.033975},{""region"":""Arica y Parinacota Region"",""percentage"":0.017919},{""region"":""Valpara\u00edso Region"",""percentage"":0.096994},{""region"":""Ays\u00e9n Region"",""percentage"":0.007849},{""region"":""Antofagasta Region"",""percentage"":0.044881},{""region"":""Araucan\u00eda Region"",""percentage"":0.079952},{""region"":""Atacama Region"",""percentage"":0.019552},{""region"":""B\u00edo B\u00edo Region"",""percentage"":0.158788},{""region"":""Coquimbo Region"",""percentage"":0.054035},{""region"":""O'Higgins Region"",""percentage"":0.060519},{""region"":""Los Lagos Region"",""percentage"":0.080271},{""region"":""Magallanes y la Ant\u00e1rtica Chilena Region"",""percentage"":0.012341},{""region"":""Maule Region"",""percentage"":0.091635},{""region"":""Santiago Metropolitan Region"",""percentage"":0.211787},{""region"":""Tarapac\u00e1 Region"",""percentage"":0.029503}","facebook,instagram","lower_bound: 1000001",es
637718943864851,103820310982935,"Sichel Presidente",2021-10-03,2021-10-03,2021-10-13,"Sebastián Sichel Ramirez","Hay que meterse con todo en los lugares donde el Estado ha fallado: en La Araucanía y los barrios donde está el narcotráfico.",,,,"lower_bound: 35000, upper_bound: 39999","lower_bound: 100, upper_bound: 199",USD,"{""age"":""55-64"",""gender"":""unknown"",""percentage"":3.0e-5},{""age"":""18-24"",""gender"":""unknown"",""percentage"":0.0003},{""age"":""55-64"",""gender"":""male"",""percentage"":0.014542},{""age"":""45-54"",""gender"":""unknown"",""percentage"":0.000961},{""age"":""18-24"",""gender"":""female"",""percentage"":0.030946},{""age"":""55-64"",""gender"":""female"",""percentage"":0.010906},{""age"":""45-54"",""gender"":""female"",""percentage"":0.102452},{""age"":""35-44"",""gender"":""male"",""percentage"":0.198684},{""age"":""25-34"",""gender"":""female"",""percentage"":0.068952},{""age"":""25-34"",""gender"":""male"",""percentage"":0.215178},{""age"":""45-54"",""gender"":""male"",""percentage"":0.190963},{""age"":""35-44"",""gender"":""female"",""percentage"":0.080489},{""age"":""18-24"",""gender"":""male"",""percentage"":0.083824},{""age"":""25-34"",""gender"":""unknown"",""percentage"":0.000481},{""age"":""35-44"",""gender"":""unknown"",""percentage"":0.001292}","{""region"":""Los R\u00edos Region"",""percentage"":0.023711},{""region"":""Arica y Parinacota Region"",""percentage"":0.022388},{""region"":""Valpara\u00edso Region"",""percentage"":0.09917},{""region"":""Ays\u00e9n Region"",""percentage"":0.003854},{""region"":""Antofagasta Region"",""percentage"":0.042039},{""region"":""Araucan\u00eda Region"",""percentage"":0.058602},{""region"":""Atacama Region"",""percentage"":0.018593},{""region"":""B\u00edo B\u00edo Region"",""percentage"":0.109467},{""region"":""Coquimbo Region"",""percentage"":0.04504},{""region"":""O'Higgins Region"",""percentage"":0.064898},{""region"":""Los Lagos Region"",""percentage"":0.051689},{""region"":""Magallanes y la Ant\u00e1rtica Chilena Region"",""percentage"":0.007649},{""region"":""Maule Region"",""percentage"":0.075988},{""region"":""Santiago Metropolitan Region"",""percentage"":0.34667},{""region"":""Tarapac\u00e1 Region"",""percentage"":0.030242}","facebook,instagram","lower_bound: 1000001",es
648056059496763,103820310982935,"Sichel Presidente",2021-10-03,2021-10-03,2021-10-13,"Sebastián Sichel Ramirez","Los vecinos de la zona cero en Plaza Italia, piden no más violencia y si más justicia. Los escuchamos y ya estamos trabajando en un plan de recuperación. #SePuede",,,,"lower_bound: 400000, upper_bound: 449999","lower_bound: 1500, upper_bound: 1999",USD,"{""age"":""18-24"",""gender"":""unknown"",""percentage"":0.000222},{""age"":""25-34"",""gender"":""unknown"",""percentage"":0.000743},{""age"":""45-54"",""gender"":""unknown"",""percentage"":0.001277},{""age"":""35-44"",""gender"":""unknown"",""percentage"":0.001557},{""age"":""55-64"",""gender"":""male"",""percentage"":0.007876},{""age"":""55-64"",""gender"":""female"",""percentage"":0.013276},{""age"":""45-54"",""gender"":""female"",""percentage"":0.161137},{""age"":""35-44"",""gender"":""male"",""percentage"":0.153372},{""age"":""45-54"",""gender"":""male"",""percentage"":0.110021},{""age"":""25-34"",""gender"":""female"",""percentage"":0.140283},{""age"":""18-24"",""gender"":""female"",""percentage"":0.046634},{""age"":""25-34"",""gender"":""male"",""percentage"":0.1593},{""age"":""18-24"",""gender"":""male"",""percentage"":0.036545},{""age"":""35-44"",""gender"":""female"",""percentage"":0.167714},{""age"":""55-64"",""gender"":""unknown"",""percentage"":4.3e-5}","{""region"":""Los R\u00edos Region"",""percentage"":0.029237},{""region"":""Arica y Parinacota Region"",""percentage"":0.025746},{""region"":""Valpara\u00edso Region"",""percentage"":0.108432},{""region"":""Ays\u00e9n Region"",""percentage"":0.005004},{""region"":""Antofagasta Region"",""percentage"":0.05835},{""region"":""Araucan\u00eda Region"",""percentage"":0.068301},{""region"":""Atacama Region"",""percentage"":0.023689},{""region"":""B\u00edo B\u00edo Region"",""percentage"":0.139361},{""region"":""Coquimbo Region"",""percentage"":0.050926},{""region"":""O'Higgins Region"",""percentage"":0.065269},{""region"":""Los Lagos Region"",""percentage"":0.067212},{""region"":""Magallanes y la Ant\u00e1rtica Chilena Region"",""percentage"":0.010682},{""region"":""Maule Region"",""percentage"":0.080644},{""region"":""Santiago Metropolitan Region"",""percentage"":0.229242},{""region"":""Tarapac\u00e1 Region"",""percentage"":0.037905}","facebook,instagram","lower_bound: 1000001",es
929157738007225,103820310982935,"Sichel Presidente",2021-10-03,2021-10-03,2021-10-13,"Sebastián Sichel Ramirez","Necesitamos recuperar el Estado de derecho en La Araucanía. De esto y más conversamos hoy en @laterceracom junto a tres candidatos presidenciales más.",,,,"lower_bound: 15000, upper_bound: 19999","lower_bound: 0, upper_bound: 99",USD,"{""age"":""25-34"",""gender"":""unknown"",""percentage"":0.000342},{""age"":""45-54"",""gender"":""unknown"",""percentage"":0.001796},{""age"":""18-24"",""gender"":""female"",""percentage"":0.021977},{""age"":""25-34"",""gender"":""female"",""percentage"":0.073371},{""age"":""35-44"",""gender"":""female"",""percentage"":0.089704},{""age"":""55-64"",""gender"":""female"",""percentage"":0.01907},{""age"":""45-54"",""gender"":""male"",""percentage"":0.272447},{""age"":""45-54"",""gender"":""female"",""percentage"":0.154609},{""age"":""25-34"",""gender"":""male"",""percentage"":0.139131},{""age"":""55-64"",""gender"":""male"",""percentage"":0.031555},{""age"":""35-44"",""gender"":""male"",""percentage"":0.163674},{""age"":""18-24"",""gender"":""male"",""percentage"":0.030956},{""age"":""35-44"",""gender"":""unknown"",""percentage"":0.001283},{""age"":""18-24"",""gender"":""unknown"",""percentage"":8.6e-5}","{""region"":""Los R\u00edos Region"",""percentage"":0.027227},{""region"":""Arica y Parinacota Region"",""percentage"":0.02447},{""region"":""Valpara\u00edso Region"",""percentage"":0.082716},{""region"":""Ays\u00e9n Region"",""percentage"":0.003963},{""region"":""Antofagasta Region"",""percentage"":0.059797},{""region"":""Araucan\u00eda Region"",""percentage"":0.068499},{""region"":""Atacama Region"",""percentage"":0.020679},{""region"":""B\u00edo B\u00edo Region"",""percentage"":0.125969},{""region"":""Coquimbo Region"",""percentage"":0.048079},{""region"":""O'Higgins Region"",""percentage"":0.064191},{""region"":""Los Lagos Region"",""percentage"":0.064363},{""region"":""Magallanes y la Ant\u00e1rtica Chilena Region"",""percentage"":0.009133},{""region"":""Maule Region"",""percentage"":0.080217},{""region"":""Santiago Metropolitan Region"",""percentage"":0.285714},{""region"":""Tarapac\u00e1 Region"",""percentage"":0.034982}","facebook,instagram","lower_bound: 1000001",es
564689801411598,103820310982935,"Sichel Presidente",2021-10-03,2021-10-03,2021-10-13,"Sebastián Sichel Ramirez","La familia Mella Guzmán representa el esfuerzo de miles de familias chilenas. Y nos transmiten lo importante: compartir y agradecer en familia. #SePuede #YoTeEscucho",,,,"lower_bound: 350000, upper_bound: 399999","lower_bound: 1000, upper_bound: 1499",USD,"{""age"":""45-54"",""gender"":""unknown"",""percentage"":0.000609},{""age"":""25-34"",""gender"":""unknown"",""percentage"":0.000438},{""age"":""45-54"",""gender"":""female"",""percentage"":0.23534},{""age"":""25-34"",""gender"":""male"",""percentage"":0.100402},{""age"":""18-24"",""gender"":""male"",""percentage"":0.02529},{""age"":""45-54"",""gender"":""male"",""percentage"":0.129918},{""age"":""25-34"",""gender"":""female"",""percentage"":0.141804},{""age"":""35-44"",""gender"":""male"",""percentage"":0.110325},{""age"":""18-24"",""gender"":""female"",""percentage"":0.03763},{""age"":""35-44"",""gender"":""female"",""percentage"":0.179247},{""age"":""55-64"",""gender"":""female"",""percentage"":0.02572},{""age"":""55-64"",""gender"":""male"",""percentage"":0.012428},{""age"":""18-24"",""gender"":""unknown"",""percentage"":0.000163},{""age"":""35-44"",""gender"":""unknown"",""percentage"":0.000637},{""age"":""55-64"",""gender"":""unknown"",""percentage"":4.8e-5}","{""region"":""Los R\u00edos Region"",""percentage"":0.028247},{""region"":""Arica y Parinacota Region"",""percentage"":0.023255},{""region"":""Valpara\u00edso Region"",""percentage"":0.093707},{""region"":""Ays\u00e9n Region"",""percentage"":0.005812},{""region"":""Antofagasta Region"",""percentage"":0.054883},{""region"":""Araucan\u00eda Region"",""percentage"":0.070036},{""region"":""Atacama Region"",""percentage"":0.022391},{""region"":""B\u00edo B\u00edo Region"",""percentage"":0.140244},{""region"":""Coquimbo Region"",""percentage"":0.048392},{""region"":""O'Higgins Region"",""percentage"":0.07052},{""region"":""Los Lagos Region"",""percentage"":0.061858},{""region"":""Magallanes y la Ant\u00e1rtica Chilena Region"",""percentage"":0.009177},{""region"":""Maule Region"",""percentage"":0.091109},{""region"":""Santiago Metropolitan Region"",""percentage"":0.244419},{""region"":""Tarapac\u00e1 Region"",""percentage"":0.035949}","facebook,instagram","lower_bound: 1000001",es
2946736182232250,103820310982935,"Sichel Presidente",2021-10-03,2021-10-03,2021-10-13,"Sebastián Sichel Ramirez","Lo que proponemos: avanzar hacia el retiro del 100% de sus fondos para resguardarlos y administrarlos en los instrumentos -públicos o privados- que cada persona escoja con el fin de asegurar mejores pensiones en el futuro.",,,,"lower_bound: 450000, upper_bound: 499999","lower_bound: 1500, upper_bound: 1999",USD,"{""age"":""35-44"",""gender"":""unknown"",""percentage"":0.002475},{""age"":""45-54"",""gender"":""unknown"",""percentage"":0.001471},{""age"":""25-34"",""gender"":""unknown"",""percentage"":0.001048},{""age"":""55-64"",""gender"":""male"",""percentage"":0.008945},{""age"":""25-34"",""gender"":""female"",""percentage"":0.134134},{""age"":""25-34"",""gender"":""male"",""percentage"":0.179538},{""age"":""35-44"",""gender"":""male"",""percentage"":0.195456},{""age"":""35-44"",""gender"":""female"",""percentage"":0.147949},{""age"":""45-54"",""gender"":""male"",""percentage"":0.138376},{""age"":""55-64"",""gender"":""female"",""percentage"":0.008844},{""age"":""45-54"",""gender"":""female"",""percentage"":0.118308},{""age"":""18-24"",""gender"":""female"",""percentage"":0.030999},{""age"":""18-24"",""gender"":""male"",""percentage"":0.032167},{""age"":""18-24"",""gender"":""unknown"",""percentage"":0.000243},{""age"":""55-64"",""gender"":""unknown"",""percentage"":4.7e-5}","{""region"":""Los R\u00edos Region"",""percentage"":0.028181},{""region"":""Arica y Parinacota Region"",""percentage"":0.02091},{""region"":""Valpara\u00edso Region"",""percentage"":0.108998},{""region"":""Ays\u00e9n Region"",""percentage"":0.005854},{""region"":""Antofagasta Region"",""percentage"":0.054225},{""region"":""Araucan\u00eda Region"",""percentage"":0.06974},{""region"":""Atacama Region"",""percentage"":0.022097},{""region"":""B\u00edo B\u00edo Region"",""percentage"":0.1345},{""region"":""Coquimbo Region"",""percentage"":0.052298},{""region"":""O'Higgins Region"",""percentage"":0.066425},{""region"":""Los Lagos Region"",""percentage"":0.060322},{""region"":""Magallanes y la Ant\u00e1rtica Chilena Region"",""percentage"":0.011409},{""region"":""Maule Region"",""percentage"":0.085405},{""region"":""Santiago Metropolitan Region"",""percentage"":0.247374},{""region"":""Tarapac\u00e1 Region"",""percentage"":0.032262}","facebook,instagram","lower_bound: 1000001",es
3076641599246132,103820310982935,"Sichel Presidente",2021-10-03,2021-10-03,2021-10-13,"Sebastián Sichel Ramirez","Acompáñennos en esta nueva etapa! #SePuede #SichelPresidente",,,,"lower_bound: 450000, upper_bound: 499999","lower_bound: 1500, upper_bound: 1999",USD,"{""age"":""25-34"",""gender"":""unknown"",""percentage"":0.001015},{""age"":""45-54"",""gender"":""unknown"",""percentage"":0.001407},{""age"":""35-44"",""gender"":""unknown"",""percentage"":0.002397},{""age"":""55-64"",""gender"":""female"",""percentage"":0.010655},{""age"":""55-64"",""gender"":""male"",""percentage"":0.00755},{""age"":""45-54"",""gender"":""female"",""percentage"":0.128171},{""age"":""35-44"",""gender"":""male"",""percentage"":0.17262},{""age"":""35-44"",""gender"":""female"",""percentage"":0.152876},{""age"":""18-24"",""gender"":""male"",""percentage"":0.043316},{""age"":""45-54"",""gender"":""male"",""percentage"":0.11706},{""age"":""25-34"",""gender"":""male"",""percentage"":0.160237},{""age"":""25-34"",""gender"":""female"",""percentage"":0.149112},{""age"":""18-24"",""gender"":""female"",""percentage"":0.053202},{""age"":""18-24"",""gender"":""unknown"",""percentage"":0.000328},{""age"":""55-64"",""gender"":""unknown"",""percentage"":5.3e-5}","{""region"":""Los R\u00edos Region"",""percentage"":0.028935},{""region"":""Arica y Parinacota Region"",""percentage"":0.021803},{""region"":""Valpara\u00edso Region"",""percentage"":0.10906},{""region"":""Ays\u00e9n Region"",""percentage"":0.006126},{""region"":""Antofagasta Region"",""percentage"":0.060903},{""region"":""Araucan\u00eda Region"",""percentage"":0.072674},{""region"":""Atacama Region"",""percentage"":0.025001},{""region"":""B\u00edo B\u00edo Region"",""percentage"":0.134218},{""region"":""Coquimbo Region"",""percentage"":0.054172},{""region"":""O'Higgins Region"",""percentage"":0.066595},{""region"":""Los Lagos Region"",""percentage"":0.068564},{""region"":""Magallanes y la Ant\u00e1rtica Chilena Region"",""percentage"":0.013186},{""region"":""Maule Region"",""percentage"":0.090278},{""region"":""Santiago Metropolitan Region"",""percentage"":0.209123},{""region"":""Tarapac\u00e1 Region"",""percentage"":0.039361}","facebook,instagram","lower_bound: 1000001",es
3246515448913830,103820310982935,"Sichel Presidente",2021-10-03,2021-10-03,2021-10-13,"Sebastián Sichel Ramirez","La discapacidad no puede tener políticas públicas olvidadas, se necesita una mayor y real integración. En esta campaña decimos #SePuede!",,,,"lower_bound: 60000, upper_bound: 69999","lower_bound: 200, upper_bound: 299",USD,"{""age"":""35-44"",""gender"":""unknown"",""percentage"":0.001455},{""age"":""55-64"",""gender"":""female"",""percentage"":0.010357},{""age"":""55-64"",""gender"":""male"",""percentage"":0.006166},{""age"":""18-24"",""gender"":""unknown"",""percentage"":0.000217},{""age"":""18-24"",""gender"":""female"",""percentage"":0.056798},{""age"":""18-24"",""gender"":""male"",""percentage"":0.048547},{""age"":""45-54"",""gender"":""female"",""percentage"":0.143124},{""age"":""25-34"",""gender"":""male"",""percentage"":0.17352},{""age"":""35-44"",""gender"":""male"",""percentage"":0.127079},{""age"":""45-54"",""gender"":""male"",""percentage"":0.085219},{""age"":""35-44"",""gender"":""female"",""percentage"":0.18138},{""age"":""25-34"",""gender"":""female"",""percentage"":0.164619},{""age"":""25-34"",""gender"":""unknown"",""percentage"":0.000955},{""age"":""45-54"",""gender"":""unknown"",""percentage"":0.000565}","{""region"":""Los R\u00edos Region"",""percentage"":0.019616},{""region"":""Arica y Parinacota Region"",""percentage"":0.017054},{""region"":""Valpara\u00edso Region"",""percentage"":0.106463},{""region"":""Ays\u00e9n Region"",""percentage"":0.00405},{""region"":""Antofagasta Region"",""percentage"":0.048973},{""region"":""Araucan\u00eda Region"",""percentage"":0.049849},{""region"":""Atacama Region"",""percentage"":0.021805},{""region"":""B\u00edo B\u00edo Region"",""percentage"":0.107119},{""region"":""Coquimbo Region"",""percentage"":0.050068},{""region"":""O'Higgins Region"",""percentage"":0.061758},{""region"":""Los Lagos Region"",""percentage"":0.04801},{""region"":""Magallanes y la Ant\u00e1rtica Chilena Region"",""percentage"":0.009129},{""region"":""Maule Region"",""percentage"":0.075923},{""region"":""Santiago Metropolitan Region"",""percentage"":0.346907},{""region"":""Tarapac\u00e1 Region"",""percentage"":0.033276}","facebook,instagram","lower_bound: 1000001",es
249771583761786,103820310982935,"Sichel Presidente",2021-10-03,2021-10-03,2021-10-13,"Sebastián Sichel Ramirez","Resumen de la visita a Los Lagos! Gracias a Los Muermos, Puerto Montt, Puerto Varas, Llanquihue, Puyehue, Puerto Octay, Fresia y Osorno. La regionalización #SePuede",,,,"lower_bound: 70000, upper_bound: 79999","lower_bound: 200, upper_bound: 299",USD,"{""age"":""55-64"",""gender"":""unknown"",""percentage"":1.7e-5},{""age"":""35-44"",""gender"":""unknown"",""percentage"":0.000602},{""age"":""18-24"",""gender"":""unknown"",""percentage"":0.000155},{""age"":""45-54"",""gender"":""male"",""percentage"":0.184987},{""age"":""35-44"",""gender"":""female"",""percentage"":0.124759},{""age"":""45-54"",""gender"":""female"",""percentage"":0.23814},{""age"":""25-34"",""gender"":""male"",""percentage"":0.114208},{""age"":""25-34"",""gender"":""female"",""percentage"":0.092502},{""age"":""55-64"",""gender"":""female"",""percentage"":0.028608},{""age"":""35-44"",""gender"":""male"",""percentage"":0.121316},{""age"":""18-24"",""gender"":""female"",""percentage"":0.036922},{""age"":""18-24"",""gender"":""male"",""percentage"":0.038591},{""age"":""55-64"",""gender"":""male"",""percentage"":0.017884},{""age"":""45-54"",""gender"":""unknown"",""percentage"":0.000895},{""age"":""25-34"",""gender"":""unknown"",""percentage"":0.000413}","{""region"":""Los R\u00edos Region"",""percentage"":0.024625},{""region"":""Arica y Parinacota Region"",""percentage"":0.027611},{""region"":""Valpara\u00edso Region"",""percentage"":0.095085},{""region"":""Ays\u00e9n Region"",""percentage"":0.004324},{""region"":""Antofagasta Region"",""percentage"":0.049834},{""region"":""Araucan\u00eda Region"",""percentage"":0.064832},{""region"":""Atacama Region"",""percentage"":0.021244},{""region"":""B\u00edo B\u00edo Region"",""percentage"":0.127021},{""region"":""Coquimbo Region"",""percentage"":0.051412},{""region"":""O'Higgins Region"",""percentage"":0.065518},{""region"":""Los Lagos Region"",""percentage"":0.055943},{""region"":""Magallanes y la Ant\u00e1rtica Chilena Region"",""percentage"":0.009301},{""region"":""Maule Region"",""percentage"":0.082404},{""region"":""Santiago Metropolitan Region"",""percentage"":0.286251},{""region"":""Tarapac\u00e1 Region"",""percentage"":0.034595}","facebook,instagram","lower_bound: 1000001",es
881117089458602,103820310982935,"Sichel Presidente",2021-10-03,2021-10-03,2021-10-08,"Sebastián Sichel Ramirez","35 compromisos por un Chile mejor y 6 pilares claves para dar certezas a los cambios que queremos liderar #SePuede",,,,"lower_bound: 150000, upper_bound: 174999","lower_bound: 700, upper_bound: 799",USD,"{""age"":""55-64"",""gender"":""unknown"",""percentage"":2.2e-5},{""age"":""45-54"",""gender"":""unknown"",""percentage"":0.000581},{""age"":""55-64"",""gender"":""male"",""percentage"":0.007437},{""age"":""18-24"",""gender"":""male"",""percentage"":0.029992},{""age"":""18-24"",""gender"":""female"",""percentage"":0.039508},{""age"":""25-34"",""gender"":""female"",""percentage"":0.16724},{""age"":""35-44"",""gender"":""female"",""percentage"":0.182337},{""age"":""55-64"",""gender"":""female"",""percentage"":0.01567},{""age"":""35-44"",""gender"":""male"",""percentage"":0.139379},{""age"":""45-54"",""gender"":""male"",""percentage"":0.105073},{""age"":""25-34"",""gender"":""male"",""percentage"":0.131541},{""age"":""45-54"",""gender"":""female"",""percentage"":0.179595},{""age"":""35-44"",""gender"":""unknown"",""percentage"":0.000984},{""age"":""25-34"",""gender"":""unknown"",""percentage"":0.000477},{""age"":""18-24"",""gender"":""unknown"",""percentage"":0.000164}","{""region"":""Los R\u00edos Region"",""percentage"":0.029605},{""region"":""Arica y Parinacota Region"",""percentage"":0.018625},{""region"":""Valpara\u00edso Region"",""percentage"":0.097643},{""region"":""Ays\u00e9n Region"",""percentage"":0.005329},{""region"":""Antofagasta Region"",""percentage"":0.067896},{""region"":""Araucan\u00eda Region"",""percentage"":0.07973},{""region"":""Atacama Region"",""percentage"":0.027926},{""region"":""B\u00edo B\u00edo Region"",""percentage"":0.141548},{""region"":""Coquimbo Region"",""percentage"":0.058392},{""region"":""O'Higgins Region"",""percentage"":0.066037},{""region"":""Los Lagos Region"",""percentage"":0.075106},{""region"":""Magallanes y la Ant\u00e1rtica Chilena Region"",""percentage"":0.011767},{""region"":""Maule Region"",""percentage"":0.091295},{""region"":""Santiago Metropolitan Region"",""percentage"":0.18585},{""region"":""Tarapac\u00e1 Region"",""percentage"":0.043253}","facebook,instagram","lower_bound: 1000001",es
981407515768591,103820310982935,"Sichel Presidente",2021-10-03,2021-10-03,2021-10-13,"Sebastián Sichel Ramirez","Les presento a Eva. Como ella hay miles de emprendedores y miles de mujeres luchadoras. De eso se trata esta campaña, de acompañar mejor a quienes no hemos escuchado. #SePuede","Una emprendedora por naturaleza",,,"lower_bound: 300000, upper_bound: 349999","lower_bound: 1000, upper_bound: 1499",USD,"{""age"":""55-64"",""gender"":""unknown"",""percentage"":0.000101},{""age"":""18-24"",""gender"":""unknown"",""percentage"":0.000177},{""age"":""55-64"",""gender"":""male"",""percentage"":0.008523},{""age"":""35-44"",""gender"":""male"",""percentage"":0.141477},{""age"":""55-64"",""gender"":""female"",""percentage"":0.018169},{""age"":""45-54"",""gender"":""unknown"",""percentage"":0.001777},{""age"":""18-24"",""gender"":""male"",""percentage"":0.022277},{""age"":""45-54"",""gender"":""male"",""percentage"":0.116014},{""age"":""45-54"",""gender"":""female"",""percentage"":0.204166},{""age"":""18-24"",""gender"":""female"",""percentage"":0.031433},{""age"":""25-34"",""gender"":""female"",""percentage"":0.137944},{""age"":""25-34"",""gender"":""male"",""percentage"":0.121594},{""age"":""35-44"",""gender"":""female"",""percentage"":0.193583},{""age"":""35-44"",""gender"":""unknown"",""percentage"":0.002094},{""age"":""25-34"",""gender"":""unknown"",""percentage"":0.000671}","{""region"":""Los R\u00edos Region"",""percentage"":0.026458},{""region"":""Arica y Parinacota Region"",""percentage"":0.022626},{""region"":""Valpara\u00edso Region"",""percentage"":0.102268},{""region"":""Ays\u00e9n Region"",""percentage"":0.00428},{""region"":""Antofagasta Region"",""percentage"":0.054278},{""region"":""Araucan\u00eda Region"",""percentage"":0.065083},{""region"":""Atacama Region"",""percentage"":0.021615},{""region"":""B\u00edo B\u00edo Region"",""percentage"":0.128977},{""region"":""Coquimbo Region"",""percentage"":0.048625},{""region"":""O'Higgins Region"",""percentage"":0.061894},{""region"":""Los Lagos Region"",""percentage"":0.056036},{""region"":""Magallanes y la Ant\u00e1rtica Chilena Region"",""percentage"":0.009916},{""region"":""Maule Region"",""percentage"":0.07902},{""region"":""Santiago Metropolitan Region"",""percentage"":0.285439},{""region"":""Tarapac\u00e1 Region"",""percentage"":0.033485}","facebook,instagram","lower_bound: 1000001",es
3108293022828550,103820310982935,"Sichel Presidente",2021-10-03,2021-10-03,2021-10-08,"Sebastián Sichel Ramirez","Cuántas veces alguien les dijo que no? Gracias a quienes participaron por historias. El compromiso de este proyecto es abrir puertas. Nunca más un NO por respuesta, un sí #SePuede.","Cuántas veces",,,"lower_bound: 150000, upper_bound: 174999","lower_bound: 700, upper_bound: 799",USD,"{""age"":""55-64"",""gender"":""unknown"",""percentage"":3.9e-5},{""age"":""18-24"",""gender"":""unknown"",""percentage"":0.000258},{""age"":""55-64"",""gender"":""male"",""percentage"":0.007387},{""age"":""18-24"",""gender"":""male"",""percentage"":0.021919},{""age"":""35-44"",""gender"":""unknown"",""percentage"":0.002035},{""age"":""18-24"",""gender"":""female"",""percentage"":0.033783},{""age"":""35-44"",""gender"":""male"",""percentage"":0.123644},{""age"":""45-54"",""gender"":""male"",""percentage"":0.103055},{""age"":""55-64"",""gender"":""female"",""percentage"":0.015573},{""age"":""25-34"",""gender"":""female"",""percentage"":0.151621},{""age"":""45-54"",""gender"":""female"",""percentage"":0.194012},{""age"":""35-44"",""gender"":""female"",""percentage"":0.207308},{""age"":""25-34"",""gender"":""male"",""percentage"":0.137096},{""age"":""45-54"",""gender"":""unknown"",""percentage"":0.001471},{""age"":""25-34"",""gender"":""unknown"",""percentage"":0.000798}","{""region"":""Los R\u00edos Region"",""percentage"":0.030213},{""region"":""Arica y Parinacota Region"",""percentage"":0.015971},{""region"":""Valpara\u00edso Region"",""percentage"":0.106373},{""region"":""Ays\u00e9n Region"",""percentage"":0.005216},{""region"":""Antofagasta Region"",""percentage"":0.065263},{""region"":""Araucan\u00eda Region"",""percentage"":0.073391},{""region"":""Atacama Region"",""percentage"":0.025858},{""region"":""B\u00edo B\u00edo Region"",""percentage"":0.148233},{""region"":""Coquimbo Region"",""percentage"":0.053972},{""region"":""O'Higgins Region"",""percentage"":0.065397},{""region"":""Los Lagos Region"",""percentage"":0.073248},{""region"":""Magallanes y la Ant\u00e1rtica Chilena Region"",""percentage"":0.012941},{""region"":""Maule Region"",""percentage"":0.089771},{""region"":""Santiago Metropolitan Region"",""percentage"":0.195379},{""region"":""Tarapac\u00e1 Region"",""percentage"":0.038774}","facebook,instagram","lower_bound: 1000001",es
1525952881137012,103820310982935,"Sichel Presidente",2021-09-30,2021-10-01,2021-10-13,"Sebastián Sichel Ramirez","Necesitamos recuperar el Estado de derecho en La Araucanía. De esto y más conversamos hoy en @laterceracom junto a tres candidatos presidenciales más.",,,,"lower_bound: 0, upper_bound: 999","lower_bound: 0, upper_bound: 99",USD,"{""age"":""55-64"",""gender"":""male"",""percentage"":0.023256},{""age"":""55-64"",""gender"":""female"",""percentage"":0.007752},{""age"":""35-44"",""gender"":""male"",""percentage"":0.193798},{""age"":""18-24"",""gender"":""male"",""percentage"":0.124031},{""age"":""45-54"",""gender"":""male"",""percentage"":0.155039},{""age"":""25-34"",""gender"":""male"",""percentage"":0.341085},{""age"":""45-54"",""gender"":""female"",""percentage"":0.062016},{""age"":""18-24"",""gender"":""female"",""percentage"":0.007752},{""age"":""25-34"",""gender"":""female"",""percentage"":0.062016},{""age"":""35-44"",""gender"":""female"",""percentage"":0.023256}","{""region"":""Los R\u00edos Region"",""percentage"":0.007752},{""region"":""Magallanes y la Ant\u00e1rtica Chilena Region"",""percentage"":0.007752},{""region"":""Arica y Parinacota Region"",""percentage"":0.007752},{""region"":""Valpara\u00edso Region"",""percentage"":0.031008},{""region"":""Antofagasta Region"",""percentage"":0.077519},{""region"":""Araucan\u00eda Region"",""percentage"":0.100775},{""region"":""Atacama Region"",""percentage"":0.015504},{""region"":""B\u00edo B\u00edo Region"",""percentage"":0.209302},{""region"":""O'Higgins Region"",""percentage"":0.139535},{""region"":""Los Lagos Region"",""percentage"":0.046512},{""region"":""Maule Region"",""percentage"":0.03876},{""region"":""Santiago Metropolitan Region"",""percentage"":0.186047},{""region"":""Tarapac\u00e1 Region"",""percentage"":0.023256},{""region"":""Coquimbo Region"",""percentage"":0.108527}",facebook,"lower_bound: 100001, upper_bound: 500000",es
595668701454236,103820310982935,"Sichel Presidente",2021-09-30,2021-09-30,2021-10-13,"Sebastián Sichel Ramirez","Necesitamos recuperar el Estado de derecho en La Araucanía. De esto y más conversamos hoy en @laterceracom junto a tres candidatos presidenciales más.",,,,"lower_bound: 0, upper_bound: 999","lower_bound: 0, upper_bound: 99",USD,"{""age"":""18-24"",""gender"":""female"",""percentage"":0.012539},{""age"":""25-34"",""gender"":""unknown"",""percentage"":0.003135},{""age"":""45-54"",""gender"":""female"",""percentage"":0.053292},{""age"":""55-64"",""gender"":""male"",""percentage"":0.00627},{""age"":""35-44"",""gender"":""unknown"",""percentage"":0.009404},{""age"":""25-34"",""gender"":""male"",""percentage"":0.282132},{""age"":""25-34"",""gender"":""female"",""percentage"":0.065831},{""age"":""35-44"",""gender"":""female"",""percentage"":0.065831},{""age"":""45-54"",""gender"":""male"",""percentage"":0.181818},{""age"":""35-44"",""gender"":""male"",""percentage"":0.210031},{""age"":""18-24"",""gender"":""male"",""percentage"":0.109718}","{""region"":""Los R\u00edos Region"",""percentage"":0.009404},{""region"":""Ays\u00e9n Region"",""percentage"":0.031348},{""region"":""Araucan\u00eda Region"",""percentage"":0.131661},{""region"":""Atacama Region"",""percentage"":0.053292},{""region"":""Coquimbo Region"",""percentage"":0.094044},{""region"":""O'Higgins Region"",""percentage"":0.100313},{""region"":""Los Lagos Region"",""percentage"":0.106583},{""region"":""Maule Region"",""percentage"":0.037618},{""region"":""Tarapac\u00e1 Region"",""percentage"":0.018809},{""region"":""Valpara\u00edso Region"",""percentage"":0.031348},{""region"":""Arica y Parinacota Region"",""percentage"":0.018809},{""region"":""Antofagasta Region"",""percentage"":0.07837},{""region"":""B\u00edo B\u00edo Region"",""percentage"":0.163009},{""region"":""Magallanes y la Ant\u00e1rtica Chilena Region"",""percentage"":0.009404},{""region"":""Santiago Metropolitan Region"",""percentage"":0.115987}",facebook,"lower_bound: 100001, upper_bound: 500000",es
915979742612925,103820310982935,"Sichel Presidente",2021-09-30,2021-10-01,2021-10-13,"Sebastián Sichel Ramirez","Desde Curicó junto al consejo ciudadano de independientes!! cariños a todos!",,,,"lower_bound: 2000, upper_bound: 2999","lower_bound: 0, upper_bound: 99",USD,"{""age"":""45-54"",""gender"":""unknown"",""percentage"":0.002452},{""age"":""18-24"",""gender"":""unknown"",""percentage"":0.001226},{""age"":""18-24"",""gender"":""female"",""percentage"":0.013489},{""age"":""18-24"",""gender"":""male"",""percentage"":0.015328},{""age"":""25-34"",""gender"":""female"",""percentage"":0.092581},{""age"":""55-64"",""gender"":""female"",""percentage"":0.014102},{""age"":""55-64"",""gender"":""male"",""percentage"":0.023912},{""age"":""45-54"",""gender"":""female"",""percentage"":0.185162},{""age"":""35-44"",""gender"":""male"",""percentage"":0.194359},{""age"":""45-54"",""gender"":""male"",""percentage"":0.168608},{""age"":""35-44"",""gender"":""female"",""percentage"":0.172287},{""age"":""25-34"",""gender"":""male"",""percentage"":0.112201},{""age"":""35-44"",""gender"":""unknown"",""percentage"":0.002452},{""age"":""25-34"",""gender"":""unknown"",""percentage"":0.001839}","{""region"":""Los R\u00edos Region"",""percentage"":0.007417},{""region"":""Valpara\u00edso Region"",""percentage"":0.015451},{""region"":""Ays\u00e9n Region"",""percentage"":0.011125},{""region"":""Magallanes y la Ant\u00e1rtica Chilena Region"",""percentage"":0.004326},{""region"":""Tarapac\u00e1 Region"",""percentage"":0.011125},{""region"":""Arica y Parinacota Region"",""percentage"":0.020396},{""region"":""Antofagasta Region"",""percentage"":0.092707},{""region"":""Araucan\u00eda Region"",""percentage"":0.123609},{""region"":""Atacama Region"",""percentage"":0.043881},{""region"":""B\u00edo B\u00edo Region"",""percentage"":0.186032},{""region"":""Coquimbo Region"",""percentage"":0.10754},{""region"":""O'Higgins Region"",""percentage"":0.131644},{""region"":""Los Lagos Region"",""percentage"":0.128554},{""region"":""Maule Region"",""percentage"":0.021014},{""region"":""Santiago Metropolitan Region"",""percentage"":0.095179}",facebook,"lower_bound: 100001, upper_bound: 500000",es
375157074092339,103820310982935,"Sichel Presidente",2021-09-30,2021-10-01,2021-10-13,"Sebastián Sichel Ramirez","Lo que proponemos: avanzar hacia el retiro del 100% de sus fondos para resguardarlos y administrarlos en los instrumentos -públicos o privados- que cada persona escoja con el fin de asegurar mejores pensiones en el futuro.",,,,"lower_bound: 125000, upper_bound: 149999","lower_bound: 500, upper_bound: 599",USD,"{""age"":""35-44"",""gender"":""unknown"",""percentage"":0.002121},{""age"":""45-54"",""gender"":""female"",""percentage"":0.149323},{""age"":""18-24"",""gender"":""male"",""percentage"":0.017598},{""age"":""25-34"",""gender"":""male"",""percentage"":0.15535},{""age"":""25-34"",""gender"":""female"",""percentage"":0.136105},{""age"":""45-54"",""gender"":""male"",""percentage"":0.131681},{""age"":""35-44"",""gender"":""female"",""percentage"":0.173888},{""age"":""35-44"",""gender"":""male"",""percentage"":0.194677},{""age"":""25-34"",""gender"":""unknown"",""percentage"":0.001052},{""age"":""55-64"",""gender"":""male"",""percentage"":0.006898},{""age"":""18-24"",""gender"":""female"",""percentage"":0.019952},{""age"":""55-64"",""gender"":""female"",""percentage"":0.009648},{""age"":""45-54"",""gender"":""unknown"",""percentage"":0.001483},{""age"":""18-24"",""gender"":""unknown"",""percentage"":0.000224}","{""region"":""Los R\u00edos Region"",""percentage"":0.035497},{""region"":""Arica y Parinacota Region"",""percentage"":0.024636},{""region"":""Valpara\u00edso Region"",""percentage"":0.092657},{""region"":""Ays\u00e9n Region"",""percentage"":0.00712},{""region"":""Antofagasta Region"",""percentage"":0.078477},{""region"":""Araucan\u00eda Region"",""percentage"":0.089579},{""region"":""Atacama Region"",""percentage"":0.028782},{""region"":""B\u00edo B\u00edo Region"",""percentage"":0.180529},{""region"":""Coquimbo Region"",""percentage"":0.058694},{""region"":""O'Higgins Region"",""percentage"":0.066934},{""region"":""Los Lagos Region"",""percentage"":0.089165},{""region"":""Magallanes y la Ant\u00e1rtica Chilena Region"",""percentage"":0.014878},{""region"":""Maule Region"",""percentage"":0.099863},{""region"":""Santiago Metropolitan Region"",""percentage"":0.08776},{""region"":""Tarapac\u00e1 Region"",""percentage"":0.045428}","facebook,instagram","lower_bound: 500001, upper_bound: 1000000",es
1528619624158123,103820310982935,"Sichel Presidente",2021-09-30,2021-10-01,2021-10-13,"Sebastián Sichel Ramirez","Hay que meterse con todo en los lugares donde el Estado ha fallado: en La Araucanía y los barrios donde está el narcotráfico.",,,,"lower_bound: 3000, upper_bound: 3999","lower_bound: 0, upper_bound: 99",USD,"{""age"":""25-34"",""gender"":""unknown"",""percentage"":0.000357},{""age"":""35-44"",""gender"":""unknown"",""percentage"":0.001783},{""age"":""55-64"",""gender"":""female"",""percentage"":0.0082},{""age"":""55-64"",""gender"":""unknown"",""percentage"":0.000357},{""age"":""55-64"",""gender"":""male"",""percentage"":0.011408},{""age"":""45-54"",""gender"":""unknown"",""percentage"":0.001426},{""age"":""25-34"",""gender"":""female"",""percentage"":0.089127},{""age"":""35-44"",""gender"":""male"",""percentage"":0.208913},{""age"":""45-54"",""gender"":""female"",""percentage"":0.111943},{""age"":""25-34"",""gender"":""male"",""percentage"":0.223886},{""age"":""35-44"",""gender"":""female"",""percentage"":0.11123},{""age"":""45-54"",""gender"":""male"",""percentage"":0.156506},{""age"":""18-24"",""gender"":""female"",""percentage"":0.02139},{""age"":""18-24"",""gender"":""male"",""percentage"":0.053476}","{""region"":""Arica y Parinacota Region"",""percentage"":0.036891},{""region"":""Valpara\u00edso Region"",""percentage"":0.030086},{""region"":""Antofagasta Region"",""percentage"":0.082736},{""region"":""Araucan\u00eda Region"",""percentage"":0.113539},{""region"":""Atacama Region"",""percentage"":0.050501},{""region"":""B\u00edo B\u00edo Region"",""percentage"":0.169054},{""region"":""Coquimbo Region"",""percentage"":0.099928},{""region"":""O'Higgins Region"",""percentage"":0.136461},{""region"":""Los Lagos Region"",""percentage"":0.090974},{""region"":""Magallanes y la Ant\u00e1rtica Chilena Region"",""percentage"":0.005372},{""region"":""Maule Region"",""percentage"":0.017908},{""region"":""Santiago Metropolitan Region"",""percentage"":0.140759},{""region"":""Tarapac\u00e1 Region"",""percentage"":0.008238},{""region"":""Los R\u00edos Region"",""percentage"":0.010387},{""region"":""Ays\u00e9n Region"",""percentage"":0.007163}",facebook,"lower_bound: 100001, upper_bound: 500000",es
4320060808089878,103820310982935,"Sichel Presidente",2021-09-30,2021-10-01,2021-10-13,"Sebastián Sichel Ramirez","Lo que proponemos: avanzar hacia el retiro del 100% de sus fondos para resguardarlos y administrarlos en los instrumentos -públicos o privados- que cada persona escoja con el fin de asegurar mejores pensiones en el futuro.",,,,"lower_bound: 50000, upper_bound: 59999","lower_bound: 200, upper_bound: 299",USD,"{""age"":""18-24"",""gender"":""unknown"",""percentage"":9.2e-5},{""age"":""25-34"",""gender"":""unknown"",""percentage"":0.001043},{""age"":""45-54"",""gender"":""unknown"",""percentage"":0.002792},{""age"":""35-44"",""gender"":""unknown"",""percentage"":0.003773},{""age"":""55-64"",""gender"":""male"",""percentage"":0.011351},{""age"":""18-24"",""gender"":""female"",""percentage"":0.012732},{""age"":""45-54"",""gender"":""male"",""percentage"":0.146398},{""age"":""35-44"",""gender"":""male"",""percentage"":0.217266},{""age"":""25-34"",""gender"":""female"",""percentage"":0.12704},{""age"":""35-44"",""gender"":""female"",""percentage"":0.160357},{""age"":""45-54"",""gender"":""female"",""percentage"":0.112713},{""age"":""18-24"",""gender"":""male"",""percentage"":0.019941},{""age"":""25-34"",""gender"":""male"",""percentage"":0.176218},{""age"":""55-64"",""gender"":""female"",""percentage"":0.00813},{""age"":""55-64"",""gender"":""unknown"",""percentage"":0.000153}","{""region"":""Los R\u00edos Region"",""percentage"":0.006827},{""region"":""Arica y Parinacota Region"",""percentage"":0.026933},{""region"":""Valpara\u00edso Region"",""percentage"":0.021954},{""region"":""Ays\u00e9n Region"",""percentage"":0.012621},{""region"":""Antofagasta Region"",""percentage"":0.098775},{""region"":""Araucan\u00eda Region"",""percentage"":0.121575},{""region"":""Atacama Region"",""percentage"":0.046976},{""region"":""B\u00edo B\u00edo Region"",""percentage"":0.197676},{""region"":""Coquimbo Region"",""percentage"":0.104381},{""region"":""O'Higgins Region"",""percentage"":0.128089},{""region"":""Los Lagos Region"",""percentage"":0.109236},{""region"":""Magallanes y la Ant\u00e1rtica Chilena Region"",""percentage"":0.003539},{""region"":""Maule Region"",""percentage"":0.016222},{""region"":""Santiago Metropolitan Region"",""percentage"":0.096427},{""region"":""Tarapac\u00e1 Region"",""percentage"":0.008769}",facebook,"lower_bound: 100001, upper_bound: 500000",es
877713642879008,103820310982935,"Sichel Presidente",2021-09-30,2021-10-01,2021-10-13,"Sebastián Sichel Ramirez","Hay que meterse con todo en los lugares donde el Estado ha fallado: en La Araucanía y los barrios donde está el narcotráfico.",,,,"lower_bound: 7000, upper_bound: 7999","lower_bound: 0, upper_bound: 99",USD,"{""age"":""18-24"",""gender"":""unknown"",""percentage"":0.000137},{""age"":""35-44"",""gender"":""unknown"",""percentage"":0.000683},{""age"":""25-34"",""gender"":""unknown"",""percentage"":0.000956},{""age"":""45-54"",""gender"":""unknown"",""percentage"":0.000683},{""age"":""18-24"",""gender"":""female"",""percentage"":0.021585},{""age"":""55-64"",""gender"":""male"",""percentage"":0.010929},{""age"":""45-54"",""gender"":""female"",""percentage"":0.177459},{""age"":""25-34"",""gender"":""female"",""percentage"":0.079098},{""age"":""45-54"",""gender"":""male"",""percentage"":0.184016},{""age"":""35-44"",""gender"":""female"",""percentage"":0.130191},{""age"":""25-34"",""gender"":""male"",""percentage"":0.129918},{""age"":""35-44"",""gender"":""male"",""percentage"":0.214891},{""age"":""18-24"",""gender"":""male"",""percentage"":0.035656},{""age"":""55-64"",""gender"":""female"",""percentage"":0.013798}","{""region"":""Los R\u00edos Region"",""percentage"":0.032496},{""region"":""Arica y Parinacota Region"",""percentage"":0.028946},{""region"":""Valpara\u00edso Region"",""percentage"":0.082059},{""region"":""Ays\u00e9n Region"",""percentage"":0.005871},{""region"":""Antofagasta Region"",""percentage"":0.074823},{""region"":""Araucan\u00eda Region"",""percentage"":0.095849},{""region"":""Atacama Region"",""percentage"":0.027444},{""region"":""B\u00edo B\u00edo Region"",""percentage"":0.173266},{""region"":""Coquimbo Region"",""percentage"":0.052703},{""region"":""O'Higgins Region"",""percentage"":0.069771},{""region"":""Los Lagos Region"",""percentage"":0.083561},{""region"":""Magallanes y la Ant\u00e1rtica Chilena Region"",""percentage"":0.010513},{""region"":""Maule Region"",""percentage"":0.107591},{""region"":""Santiago Metropolitan Region"",""percentage"":0.111141},{""region"":""Tarapac\u00e1 Region"",""percentage"":0.043965}","facebook,instagram","lower_bound: 500001, upper_bound: 1000000",es
957813681480811,103820310982935,"Sichel Presidente",2021-09-30,2021-10-01,2021-10-13,"Sebastián Sichel Ramirez","Desde Curicó junto al consejo ciudadano de independientes!! cariños a todos!",,,,"lower_bound: 10000, upper_bound: 14999","lower_bound: 0, upper_bound: 99",USD,"{""age"":""45-54"",""gender"":""unknown"",""percentage"":0.000836},{""age"":""55-64"",""gender"":""male"",""percentage"":0.010621},{""age"":""35-44"",""gender"":""unknown"",""percentage"":0.001254},{""age"":""45-54"",""gender"":""male"",""percentage"":0.162415},{""age"":""25-34"",""gender"":""male"",""percentage"":0.113741},{""age"":""18-24"",""gender"":""female"",""percentage"":0.019988},{""age"":""25-34"",""gender"":""female"",""percentage"":0.126035},{""age"":""35-44"",""gender"":""female"",""percentage"":0.173957},{""age"":""55-64"",""gender"":""female"",""percentage"":0.019319},{""age"":""45-54"",""gender"":""female"",""percentage"":0.211424},{""age"":""35-44"",""gender"":""male"",""percentage"":0.1441},{""age"":""18-24"",""gender"":""male"",""percentage"":0.015723},{""age"":""25-34"",""gender"":""unknown"",""percentage"":0.000418},{""age"":""18-24"",""gender"":""unknown"",""percentage"":0.000167}","{""region"":""Los R\u00edos Region"",""percentage"":0.040359},{""region"":""Arica y Parinacota Region"",""percentage"":0.027128},{""region"":""Valpara\u00edso Region"",""percentage"":0.077557},{""region"":""Ays\u00e9n Region"",""percentage"":0.005492},{""region"":""Antofagasta Region"",""percentage"":0.080136},{""region"":""Araucan\u00eda Region"",""percentage"":0.095448},{""region"":""Atacama Region"",""percentage"":0.027128},{""region"":""B\u00edo B\u00edo Region"",""percentage"":0.186985},{""region"":""Coquimbo Region"",""percentage"":0.056753},{""region"":""O'Higgins Region"",""percentage"":0.068653},{""region"":""Los Lagos Region"",""percentage"":0.094283},{""region"":""Magallanes y la Ant\u00e1rtica Chilena Region"",""percentage"":0.014313},{""region"":""Maule Region"",""percentage"":0.103354},{""region"":""Santiago Metropolitan Region"",""percentage"":0.072148},{""region"":""Tarapac\u00e1 Region"",""percentage"":0.050262}","facebook,instagram","lower_bound: 500001, upper_bound: 1000000",es
382783256786721,103820310982935,"Sichel Presidente",2021-09-30,2021-10-01,2021-10-04,"Sebastián Sichel Ramirez","Lo que proponemos: avanzar hacia el retiro del 100% de sus fondos para resguardarlos y administrarlos en los instrumentos -públicos o privados- que cada persona escoja con el fin de asegurar mejores pensiones en el futuro.",,,,"lower_bound: 125000, upper_bound: 149999","lower_bound: 400, upper_bound: 499",USD,"{""age"":""55-64"",""gender"":""unknown"",""percentage"":4.3e-5},{""age"":""25-34"",""gender"":""unknown"",""percentage"":0.000853},{""age"":""45-54"",""gender"":""unknown"",""percentage"":0.001567},{""age"":""45-54"",""gender"":""male"",""percentage"":0.166401},{""age"":""18-24"",""gender"":""female"",""percentage"":0.034526},{""age"":""18-24"",""gender"":""male"",""percentage"":0.042604},{""age"":""35-44"",""gender"":""male"",""percentage"":0.185425},{""age"":""35-44"",""gender"":""female"",""percentage"":0.130825},{""age"":""25-34"",""gender"":""female"",""percentage"":0.125976},{""age"":""25-34"",""gender"":""male"",""percentage"":0.183117},{""age"":""45-54"",""gender"":""female"",""percentage"":0.106634},{""age"":""55-64"",""gender"":""male"",""percentage"":0.011316},{""age"":""55-64"",""gender"":""female"",""percentage"":0.008388},{""age"":""35-44"",""gender"":""unknown"",""percentage"":0.00205},{""age"":""18-24"",""gender"":""unknown"",""percentage"":0.000276}","{""region"":""Los R\u00edos Region"",""percentage"":0.028131},{""region"":""Arica y Parinacota Region"",""percentage"":0.017546},{""region"":""Valpara\u00edso Region"",""percentage"":0.109694},{""region"":""Ays\u00e9n Region"",""percentage"":0.006901},{""region"":""Antofagasta Region"",""percentage"":0.057348},{""region"":""Araucan\u00eda Region"",""percentage"":0.072065},{""region"":""Atacama Region"",""percentage"":0.024232},{""region"":""B\u00edo B\u00edo Region"",""percentage"":0.13754},{""region"":""Coquimbo Region"",""percentage"":0.055114},{""region"":""O'Higgins Region"",""percentage"":0.070055},{""region"":""Los Lagos Region"",""percentage"":0.073661},{""region"":""Magallanes y la Ant\u00e1rtica Chilena Region"",""percentage"":0.013423},{""region"":""Maule Region"",""percentage"":0.087851},{""region"":""Santiago Metropolitan Region"",""percentage"":0.209717},{""region"":""Tarapac\u00e1 Region"",""percentage"":0.036723}","facebook,instagram","lower_bound: 1000001",es
545615756522607,103820310982935,"Sichel Presidente",2021-09-30,2021-10-01,2021-10-04,"Sebastián Sichel Ramirez","Desde Curicó junto al consejo ciudadano de independientes!! cariños a todos!",,,,"lower_bound: 3000, upper_bound: 3999","lower_bound: 0, upper_bound: 99",USD,"{""age"":""18-24"",""gender"":""female"",""percentage"":0.012906},{""age"":""35-44"",""gender"":""female"",""percentage"":0.078171},{""age"":""25-34"",""gender"":""female"",""percentage"":0.043879},{""age"":""45-54"",""gender"":""female"",""percentage"":0.149705},{""age"":""35-44"",""gender"":""male"",""percentage"":0.191003},{""age"":""45-54"",""gender"":""male"",""percentage"":0.331858},{""age"":""25-34"",""gender"":""male"",""percentage"":0.119469},{""age"":""18-24"",""gender"":""male"",""percentage"":0.023599},{""age"":""45-54"",""gender"":""unknown"",""percentage"":0.00295},{""age"":""55-64"",""gender"":""female"",""percentage"":0.016962},{""age"":""55-64"",""gender"":""male"",""percentage"":0.028024},{""age"":""35-44"",""gender"":""unknown"",""percentage"":0.001475}","{""region"":""Los R\u00edos Region"",""percentage"":0.051301},{""region"":""Arica y Parinacota Region"",""percentage"":0.018322},{""region"":""Valpara\u00edso Region"",""percentage"":0.069623},{""region"":""Ays\u00e9n Region"",""percentage"":0.008794},{""region"":""Antofagasta Region"",""percentage"":0.056064},{""region"":""Araucan\u00eda Region"",""percentage"":0.080982},{""region"":""Atacama Region"",""percentage"":0.018322},{""region"":""B\u00edo B\u00edo Region"",""percentage"":0.168926},{""region"":""Coquimbo Region"",""percentage"":0.05753},{""region"":""O'Higgins Region"",""percentage"":0.063393},{""region"":""Los Lagos Region"",""percentage"":0.13155},{""region"":""Magallanes y la Ant\u00e1rtica Chilena Region"",""percentage"":0.023452},{""region"":""Maule Region"",""percentage"":0.087578},{""region"":""Santiago Metropolitan Region"",""percentage"":0.138146},{""region"":""Tarapac\u00e1 Region"",""percentage"":0.026017}","facebook,instagram","lower_bound: 1000001",es
898373017437350,103820310982935,"Sichel Presidente",2021-09-30,2021-09-30,2021-10-14,"Sebastián Sichel Ramirez","Desde Curicó junto al consejo ciudadano de independientes!! cariños a todos!",,,,"lower_bound: 400000, upper_bound: 449999","lower_bound: 1000, upper_bound: 1499",USD,"{""age"":""55-64"",""gender"":""unknown"",""percentage"":5.9e-5},{""age"":""35-44"",""gender"":""unknown"",""percentage"":0.003239},{""age"":""55-64"",""gender"":""male"",""percentage"":0.005993},{""age"":""55-64"",""gender"":""female"",""percentage"":0.00427},{""age"":""35-44"",""gender"":""female"",""percentage"":0.141765},{""age"":""18-24"",""gender"":""female"",""percentage"":0.024105},{""age"":""35-44"",""gender"":""male"",""percentage"":0.228517},{""age"":""25-34"",""gender"":""male"",""percentage"":0.203546},{""age"":""18-24"",""gender"":""male"",""percentage"":0.03275},{""age"":""25-34"",""gender"":""female"",""percentage"":0.13454},{""age"":""45-54"",""gender"":""male"",""percentage"":0.129137},{""age"":""45-54"",""gender"":""female"",""percentage"":0.088846},{""age"":""45-54"",""gender"":""unknown"",""percentage"":0.001701},{""age"":""25-34"",""gender"":""unknown"",""percentage"":0.001275},{""age"":""18-24"",""gender"":""unknown"",""percentage"":0.000258}","{""region"":""Los R\u00edos Region"",""percentage"":0.034187},{""region"":""Arica y Parinacota Region"",""percentage"":0.024426},{""region"":""Valpara\u00edso Region"",""percentage"":0.098332},{""region"":""Ays\u00e9n Region"",""percentage"":0.008773},{""region"":""Antofagasta Region"",""percentage"":0.063397},{""region"":""Araucan\u00eda Region"",""percentage"":0.081094},{""region"":""Atacama Region"",""percentage"":0.024771},{""region"":""B\u00edo B\u00edo Region"",""percentage"":0.164967},{""region"":""Coquimbo Region"",""percentage"":0.046047},{""region"":""O'Higgins Region"",""percentage"":0.064302},{""region"":""Los Lagos Region"",""percentage"":0.082918},{""region"":""Magallanes y la Ant\u00e1rtica Chilena Region"",""percentage"":0.016844},{""region"":""Maule Region"",""percentage"":0.089408},{""region"":""Santiago Metropolitan Region"",""percentage"":0.163654},{""region"":""Tarapac\u00e1 Region"",""percentage"":0.036881}","facebook,instagram","lower_bound: 1000001",es
895922007986247,103820310982935,"Sichel Presidente",2021-09-30,2021-10-01,2021-10-13,"Sebastián Sichel Ramirez","Desde Curicó junto al consejo ciudadano de independientes!! cariños a todos!",,,,"lower_bound: 80000, upper_bound: 89999","lower_bound: 200, upper_bound: 299",USD,"{""age"":""55-64"",""gender"":""unknown"",""percentage"":0.000195},{""age"":""25-34"",""gender"":""unknown"",""percentage"":0.001892},{""age"":""35-44"",""gender"":""unknown"",""percentage"":0.004408},{""age"":""55-64"",""gender"":""female"",""percentage"":0.00626},{""age"":""45-54"",""gender"":""unknown"",""percentage"":0.003257},{""age"":""18-24"",""gender"":""female"",""percentage"":0.025919},{""age"":""55-64"",""gender"":""male"",""percentage"":0.008152},{""age"":""35-44"",""gender"":""female"",""percentage"":0.144356},{""age"":""45-54"",""gender"":""female"",""percentage"":0.078009},{""age"":""45-54"",""gender"":""male"",""percentage"":0.112801},{""age"":""35-44"",""gender"":""male"",""percentage"":0.182464},{""age"":""25-34"",""gender"":""female"",""percentage"":0.167291},{""age"":""18-24"",""gender"":""male"",""percentage"":0.035338},{""age"":""25-34"",""gender"":""male"",""percentage"":0.229386},{""age"":""18-24"",""gender"":""unknown"",""percentage"":0.000273}","{""region"":""Los R\u00edos Region"",""percentage"":0.00811},{""region"":""Arica y Parinacota Region"",""percentage"":0.026498},{""region"":""Valpara\u00edso Region"",""percentage"":0.02769},{""region"":""Ays\u00e9n Region"",""percentage"":0.016083},{""region"":""Antofagasta Region"",""percentage"":0.08909},{""region"":""Araucan\u00eda Region"",""percentage"":0.124538},{""region"":""Atacama Region"",""percentage"":0.0469},{""region"":""B\u00edo B\u00edo Region"",""percentage"":0.196725},{""region"":""Coquimbo Region"",""percentage"":0.091337},{""region"":""O'Higgins Region"",""percentage"":0.124069},{""region"":""Los Lagos Region"",""percentage"":0.110605},{""region"":""Magallanes y la Ant\u00e1rtica Chilena Region"",""percentage"":0.004104},{""region"":""Maule Region"",""percentage"":0.01831},{""region"":""Santiago Metropolitan Region"",""percentage"":0.10783},{""region"":""Tarapac\u00e1 Region"",""percentage"":0.00811}",facebook,"lower_bound: 100001, upper_bound: 500000",es
1542753386062537,103820310982935,"Sichel Presidente",2021-09-30,2021-09-30,2021-10-14,"Sebastián Sichel Ramirez","Desde Curicó junto al consejo ciudadano de independientes!! cariños a todos!",,,,"lower_bound: 200000, upper_bound: 249999","lower_bound: 600, upper_bound: 699",USD,"{""age"":""45-54"",""gender"":""unknown"",""percentage"":0.001428},{""age"":""18-24"",""gender"":""unknown"",""percentage"":0.000183},{""age"":""18-24"",""gender"":""female"",""percentage"":0.020506},{""age"":""55-64"",""gender"":""female"",""percentage"":0.007512},{""age"":""55-64"",""gender"":""male"",""percentage"":0.007617},{""age"":""45-54"",""gender"":""female"",""percentage"":0.117547},{""age"":""45-54"",""gender"":""male"",""percentage"":0.138131},{""age"":""18-24"",""gender"":""male"",""percentage"":0.020165},{""age"":""35-44"",""gender"":""female"",""percentage"":0.167066},{""age"":""35-44"",""gender"":""male"",""percentage"":0.215963},{""age"":""25-34"",""gender"":""male"",""percentage"":0.169627},{""age"":""25-34"",""gender"":""female"",""percentage"":0.130868},{""age"":""35-44"",""gender"":""unknown"",""percentage"":0.002482},{""age"":""25-34"",""gender"":""unknown"",""percentage"":0.000891},{""age"":""55-64"",""gender"":""unknown"",""percentage"":1.3e-5}","{""region"":""Los R\u00edos Region"",""percentage"":0.038659},{""region"":""Arica y Parinacota Region"",""percentage"":0.028046},{""region"":""Valpara\u00edso Region"",""percentage"":0.090326},{""region"":""Ays\u00e9n Region"",""percentage"":0.009738},{""region"":""Antofagasta Region"",""percentage"":0.077866},{""region"":""Araucan\u00eda Region"",""percentage"":0.09791},{""region"":""Atacama Region"",""percentage"":0.028882},{""region"":""B\u00edo B\u00edo Region"",""percentage"":0.180325},{""region"":""Coquimbo Region"",""percentage"":0.049454},{""region"":""O'Higgins Region"",""percentage"":0.064545},{""region"":""Los Lagos Region"",""percentage"":0.095136},{""region"":""Magallanes y la Ant\u00e1rtica Chilena Region"",""percentage"":0.017734},{""region"":""Maule Region"",""percentage"":0.097381},{""region"":""Santiago Metropolitan Region"",""percentage"":0.081234},{""region"":""Tarapac\u00e1 Region"",""percentage"":0.042764}","facebook,instagram","lower_bound: 500001, upper_bound: 1000000",es
559626135307033,103820310982935,"Sichel Presidente",2021-09-30,2021-10-01,2021-10-13,"Sebastián Sichel Ramirez","Lo que proponemos: avanzar hacia el retiro del 100% de sus fondos para resguardarlos y administrarlos en los instrumentos -públicos o privados- que cada persona escoja con el fin de asegurar mejores pensiones en el futuro.",,,,"lower_bound: 800000, upper_bound: 899999","lower_bound: 2500, upper_bound: 2999",USD,"{""age"":""35-44"",""gender"":""female"",""percentage"":0.186293},{""age"":""45-54"",""gender"":""female"",""percentage"":0.16263},{""age"":""35-44"",""gender"":""male"",""percentage"":0.169122},{""age"":""18-24"",""gender"":""female"",""percentage"":0.027825},{""age"":""25-34"",""gender"":""male"",""percentage"":0.14524},{""age"":""25-34"",""gender"":""female"",""percentage"":0.150207},{""age"":""45-54"",""gender"":""male"",""percentage"":0.115193},{""age"":""35-44"",""gender"":""unknown"",""percentage"":0.001769},{""age"":""55-64"",""gender"":""male"",""percentage"":0.006225},{""age"":""55-64"",""gender"":""female"",""percentage"":0.011645},{""age"":""45-54"",""gender"":""unknown"",""percentage"":0.001042},{""age"":""25-34"",""gender"":""unknown"",""percentage"":0.000822},{""age"":""18-24"",""gender"":""male"",""percentage"":0.021727},{""age"":""18-24"",""gender"":""unknown"",""percentage"":0.000213},{""age"":""55-64"",""gender"":""unknown"",""percentage"":4.6e-5}","{""region"":""Los R\u00edos Region"",""percentage"":0.037935},{""region"":""Arica y Parinacota Region"",""percentage"":0.027397},{""region"":""Valpara\u00edso Region"",""percentage"":0.088938},{""region"":""Ays\u00e9n Region"",""percentage"":0.008917},{""region"":""Antofagasta Region"",""percentage"":0.073841},{""region"":""Araucan\u00eda Region"",""percentage"":0.097105},{""region"":""Atacama Region"",""percentage"":0.028082},{""region"":""B\u00edo B\u00edo Region"",""percentage"":0.188618},{""region"":""Coquimbo Region"",""percentage"":0.048892},{""region"":""O'Higgins Region"",""percentage"":0.067859},{""region"":""Los Lagos Region"",""percentage"":0.094361},{""region"":""Magallanes y la Ant\u00e1rtica Chilena Region"",""percentage"":0.015444},{""region"":""Maule Region"",""percentage"":0.102563},{""region"":""Santiago Metropolitan Region"",""percentage"":0.075889},{""region"":""Tarapac\u00e1 Region"",""percentage"":0.044159}","facebook,instagram","lower_bound: 500001, upper_bound: 1000000",es
833548127342833,103820310982935,"Sichel Presidente",2021-09-30,2021-10-01,2021-10-14,"Sebastián Sichel Ramirez","Lo que proponemos: avanzar hacia el retiro del 100% de sus fondos para resguardarlos y administrarlos en los instrumentos -públicos o privados- que cada persona escoja con el fin de asegurar mejores pensiones en el futuro.",,,,"lower_bound: 800000, upper_bound: 899999","lower_bound: 2500, upper_bound: 2999",USD,"{""age"":""55-64"",""gender"":""unknown"",""percentage"":6.2e-5},{""age"":""45-54"",""gender"":""unknown"",""percentage"":0.001301},{""age"":""55-64"",""gender"":""male"",""percentage"":0.00453},{""age"":""18-24"",""gender"":""male"",""percentage"":0.029288},{""age"":""45-54"",""gender"":""male"",""percentage"":0.107734},{""age"":""25-34"",""gender"":""female"",""percentage"":0.135395},{""age"":""25-34"",""gender"":""male"",""percentage"":0.183097},{""age"":""18-24"",""gender"":""female"",""percentage"":0.031356},{""age"":""55-64"",""gender"":""female"",""percentage"":0.007558},{""age"":""35-44"",""gender"":""female"",""percentage"":0.174066},{""age"":""35-44"",""gender"":""male"",""percentage"":0.185731},{""age"":""45-54"",""gender"":""female"",""percentage"":0.136448},{""age"":""35-44"",""gender"":""unknown"",""percentage"":0.002113},{""age"":""25-34"",""gender"":""unknown"",""percentage"":0.001052},{""age"":""18-24"",""gender"":""unknown"",""percentage"":0.000268}","{""region"":""Los R\u00edos Region"",""percentage"":0.034104},{""region"":""Arica y Parinacota Region"",""percentage"":0.023926},{""region"":""Valpara\u00edso Region"",""percentage"":0.094903},{""region"":""Ays\u00e9n Region"",""percentage"":0.00859},{""region"":""Antofagasta Region"",""percentage"":0.064956},{""region"":""Araucan\u00eda Region"",""percentage"":0.085312},{""region"":""Atacama Region"",""percentage"":0.024024},{""region"":""B\u00edo B\u00edo Region"",""percentage"":0.17171},{""region"":""Coquimbo Region"",""percentage"":0.04351},{""region"":""O'Higgins Region"",""percentage"":0.066979},{""region"":""Los Lagos Region"",""percentage"":0.084627},{""region"":""Magallanes y la Ant\u00e1rtica Chilena Region"",""percentage"":0.014354},{""region"":""Maule Region"",""percentage"":0.097804},{""region"":""Santiago Metropolitan Region"",""percentage"":0.143528},{""region"":""Tarapac\u00e1 Region"",""percentage"":0.041672}","facebook,instagram","lower_bound: 1000001",es
398136401870604,103820310982935,"Sichel Presidente",2021-09-30,2021-10-01,2021-10-13,"Sebastián Sichel Ramirez","Lo que proponemos: avanzar hacia el retiro del 100% de sus fondos para resguardarlos y administrarlos en los instrumentos -públicos o privados- que cada persona escoja con el fin de asegurar mejores pensiones en el futuro.",,,,"lower_bound: 175000, upper_bound: 199999","lower_bound: 600, upper_bound: 699",USD,"{""age"":""18-24"",""gender"":""unknown"",""percentage"":0.000288},{""age"":""35-44"",""gender"":""unknown"",""percentage"":0.003668},{""age"":""18-24"",""gender"":""female"",""percentage"":0.039087},{""age"":""45-54"",""gender"":""male"",""percentage"":0.096465},{""age"":""35-44"",""gender"":""male"",""percentage"":0.145777},{""age"":""45-54"",""gender"":""female"",""percentage"":0.129439},{""age"":""35-44"",""gender"":""female"",""percentage"":0.17796},{""age"":""18-24"",""gender"":""male"",""percentage"":0.036079},{""age"":""25-34"",""gender"":""male"",""percentage"":0.173992},{""age"":""55-64"",""gender"":""female"",""percentage"":0.011003},{""age"":""25-34"",""gender"":""female"",""percentage"":0.174831},{""age"":""55-64"",""gender"":""male"",""percentage"":0.007192},{""age"":""45-54"",""gender"":""unknown"",""percentage"":0.002637},{""age"":""25-34"",""gender"":""unknown"",""percentage"":0.001522},{""age"":""55-64"",""gender"":""unknown"",""percentage"":6.0e-5}","{""region"":""Los R\u00edos Region"",""percentage"":0.009016},{""region"":""Arica y Parinacota Region"",""percentage"":0.025334},{""region"":""Valpara\u00edso Region"",""percentage"":0.026339},{""region"":""Ays\u00e9n Region"",""percentage"":0.015822},{""region"":""Antofagasta Region"",""percentage"":0.08815},{""region"":""Araucan\u00eda Region"",""percentage"":0.126436},{""region"":""Atacama Region"",""percentage"":0.045635},{""region"":""B\u00edo B\u00edo Region"",""percentage"":0.195219},{""region"":""Coquimbo Region"",""percentage"":0.088009},{""region"":""O'Higgins Region"",""percentage"":0.125514},{""region"":""Los Lagos Region"",""percentage"":0.107671},{""region"":""Magallanes y la Ant\u00e1rtica Chilena Region"",""percentage"":0.003639},{""region"":""Maule Region"",""percentage"":0.019946},{""region"":""Santiago Metropolitan Region"",""percentage"":0.11417},{""region"":""Tarapac\u00e1 Region"",""percentage"":0.009099}",facebook,"lower_bound: 100001, upper_bound: 500000",es
607768653554805,103820310982935,"Sichel Presidente",2021-09-30,2021-10-01,2021-10-13,"Sebastián Sichel Ramirez","Hay que meterse con todo en los lugares donde el Estado ha fallado: en La Araucanía y los barrios donde está el narcotráfico.",,,,"lower_bound: 150000, upper_bound: 174999","lower_bound: 500, upper_bound: 599",USD,"{""age"":""25-34"",""gender"":""unknown"",""percentage"":0.00112},{""age"":""35-44"",""gender"":""unknown"",""percentage"":0.003102},{""age"":""35-44"",""gender"":""female"",""percentage"":0.105934},{""age"":""25-34"",""gender"":""male"",""percentage"":0.209477},{""age"":""18-24"",""gender"":""male"",""percentage"":0.029901},{""age"":""45-54"",""gender"":""male"",""percentage"":0.178271},{""age"":""25-34"",""gender"":""female"",""percentage"":0.097573},{""age"":""35-44"",""gender"":""male"",""percentage"":0.241068},{""age"":""18-24"",""gender"":""female"",""percentage"":0.023304},{""age"":""55-64"",""gender"":""male"",""percentage"":0.010594},{""age"":""45-54"",""gender"":""female"",""percentage"":0.091385},{""age"":""55-64"",""gender"":""female"",""percentage"":0.006213},{""age"":""45-54"",""gender"":""unknown"",""percentage"":0.001723},{""age"":""55-64"",""gender"":""unknown"",""percentage"":8.4e-5},{""age"":""18-24"",""gender"":""unknown"",""percentage"":0.000251}","{""region"":""Los R\u00edos Region"",""percentage"":0.03755},{""region"":""Arica y Parinacota Region"",""percentage"":0.026462},{""region"":""Valpara\u00edso Region"",""percentage"":0.088728},{""region"":""Ays\u00e9n Region"",""percentage"":0.009265},{""region"":""Antofagasta Region"",""percentage"":0.073801},{""region"":""Araucan\u00eda Region"",""percentage"":0.098694},{""region"":""Atacama Region"",""percentage"":0.028766},{""region"":""B\u00edo B\u00edo Region"",""percentage"":0.175051},{""region"":""Coquimbo Region"",""percentage"":0.048891},{""region"":""O'Higgins Region"",""percentage"":0.06532},{""region"":""Los Lagos Region"",""percentage"":0.096323},{""region"":""Magallanes y la Ant\u00e1rtica Chilena Region"",""percentage"":0.017172},{""region"":""Maule Region"",""percentage"":0.1032},{""region"":""Santiago Metropolitan Region"",""percentage"":0.086543},{""region"":""Tarapac\u00e1 Region"",""percentage"":0.044233}","facebook,instagram","lower_bound: 500001, upper_bound: 1000000",es
988482795333062,103820310982935,"Sichel Presidente",2021-09-30,2021-10-01,2021-10-14,"Sebastián Sichel Ramirez","Hay que meterse con todo en los lugares donde el Estado ha fallado: en La Araucanía y los barrios donde está el narcotráfico.",,,,"lower_bound: 50000, upper_bound: 59999","lower_bound: 100, upper_bound: 199",USD,"{""age"":""55-64"",""gender"":""unknown"",""percentage"":0.000184},{""age"":""55-64"",""gender"":""female"",""percentage"":0.006256},{""age"":""45-54"",""gender"":""unknown"",""percentage"":0.003522},{""age"":""25-34"",""gender"":""unknown"",""percentage"":0.002287},{""age"":""18-24"",""gender"":""female"",""percentage"":0.024733},{""age"":""25-34"",""gender"":""female"",""percentage"":0.118383},{""age"":""25-34"",""gender"":""male"",""percentage"":0.235557},{""age"":""45-54"",""gender"":""male"",""percentage"":0.147979},{""age"":""35-44"",""gender"":""male"",""percentage"":0.210692},{""age"":""18-24"",""gender"":""male"",""percentage"":0.050728},{""age"":""45-54"",""gender"":""female"",""percentage"":0.081533},{""age"":""35-44"",""gender"":""female"",""percentage"":0.102665},{""age"":""55-64"",""gender"":""male"",""percentage"":0.009883},{""age"":""35-44"",""gender"":""unknown"",""percentage"":0.005204},{""age"":""18-24"",""gender"":""unknown"",""percentage"":0.000394}","{""region"":""Los R\u00edos Region"",""percentage"":0.009241},{""region"":""Arica y Parinacota Region"",""percentage"":0.025432},{""region"":""Valpara\u00edso Region"",""percentage"":0.029907},{""region"":""Ays\u00e9n Region"",""percentage"":0.015691},{""region"":""Antofagasta Region"",""percentage"":0.089801},{""region"":""Araucan\u00eda Region"",""percentage"":0.126132},{""region"":""Atacama Region"",""percentage"":0.044677},{""region"":""B\u00edo B\u00edo Region"",""percentage"":0.191475},{""region"":""Coquimbo Region"",""percentage"":0.084957},{""region"":""O'Higgins Region"",""percentage"":0.124631},{""region"":""Los Lagos Region"",""percentage"":0.106387},{""region"":""Magallanes y la Ant\u00e1rtica Chilena Region"",""percentage"":0.003501},{""region"":""Maule Region"",""percentage"":0.021298},{""region"":""Santiago Metropolitan Region"",""percentage"":0.11826},{""region"":""Tarapac\u00e1 Region"",""percentage"":0.008609}",facebook,"lower_bound: 100001, upper_bound: 500000",es
1070234630181856,103820310982935,"Sichel Presidente",2021-09-30,2021-10-01,2021-10-14,"Sebastián Sichel Ramirez","Hay que meterse con todo en los lugares donde el Estado ha fallado: en La Araucanía y los barrios donde está el narcotráfico.",,,,"lower_bound: 250000, upper_bound: 299999","lower_bound: 700, upper_bound: 799",USD,"{""age"":""55-64"",""gender"":""male"",""percentage"":0.010617},{""age"":""25-34"",""gender"":""male"",""percentage"":0.259007},{""age"":""25-34"",""gender"":""female"",""percentage"":0.07511},{""age"":""35-44"",""gender"":""male"",""percentage"":0.274224},{""age"":""45-54"",""gender"":""male"",""percentage"":0.191996},{""age"":""18-24"",""gender"":""male"",""percentage"":0.050339},{""age"":""35-44"",""gender"":""female"",""percentage"":0.048535},{""age"":""18-24"",""gender"":""female"",""percentage"":0.020875},{""age"":""45-54"",""gender"":""female"",""percentage"":0.056394},{""age"":""55-64"",""gender"":""female"",""percentage"":0.006665},{""age"":""45-54"",""gender"":""unknown"",""percentage"":0.001768},{""age"":""25-34"",""gender"":""unknown"",""percentage"":0.00146},{""age"":""35-44"",""gender"":""unknown"",""percentage"":0.002508},{""age"":""18-24"",""gender"":""unknown"",""percentage"":0.000391},{""age"":""55-64"",""gender"":""unknown"",""percentage"":0.00011}","{""region"":""Unknown"",""percentage"":5.0e-6},{""region"":""Los R\u00edos Region"",""percentage"":0.03351},{""region"":""Arica y Parinacota Region"",""percentage"":0.023497},{""region"":""Valpara\u00edso Region"",""percentage"":0.093216},{""region"":""Ays\u00e9n Region"",""percentage"":0.008815},{""region"":""Antofagasta Region"",""percentage"":0.063087},{""region"":""Araucan\u00eda Region"",""percentage"":0.083281},{""region"":""Atacama Region"",""percentage"":0.025774},{""region"":""B\u00edo B\u00edo Region"",""percentage"":0.168239},{""region"":""Coquimbo Region"",""percentage"":0.045274},{""region"":""O'Higgins Region"",""percentage"":0.067062},{""region"":""Los Lagos Region"",""percentage"":0.079368},{""region"":""Magallanes y la Ant\u00e1rtica Chilena Region"",""percentage"":0.01489},{""region"":""Maule Region"",""percentage"":0.099182},{""region"":""Santiago Metropolitan Region"",""percentage"":0.153849},{""region"":""Tarapac\u00e1 Region"",""percentage"":0.04095}","facebook,instagram","lower_bound: 1000001",es
2988696798040483,103820310982935,"Sichel Presidente",2021-09-30,2021-10-01,2021-10-04,"Sebastián Sichel Ramirez","Hay que meterse con todo en los lugares donde el Estado ha fallado: en La Araucanía y los barrios donde está el narcotráfico.",,,,"lower_bound: 3000, upper_bound: 3999","lower_bound: 0, upper_bound: 99",USD,"{""age"":""18-24"",""gender"":""unknown"",""percentage"":0.000369},{""age"":""35-44"",""gender"":""unknown"",""percentage"":0.000369},{""age"":""55-64"",""gender"":""male"",""percentage"":0.024381},{""age"":""25-34"",""gender"":""male"",""percentage"":0.126339},{""age"":""35-44"",""gender"":""female"",""percentage"":0.077577},{""age"":""45-54"",""gender"":""female"",""percentage"":0.148134},{""age"":""25-34"",""gender"":""female"",""percentage"":0.067233},{""age"":""45-54"",""gender"":""male"",""percentage"":0.271888},{""age"":""18-24"",""gender"":""male"",""percentage"":0.048024},{""age"":""35-44"",""gender"":""male"",""percentage"":0.18212},{""age"":""18-24"",""gender"":""female"",""percentage"":0.0314},{""age"":""55-64"",""gender"":""female"",""percentage"":0.019579},{""age"":""45-54"",""gender"":""unknown"",""percentage"":0.002586}","{""region"":""Los R\u00edos Region"",""percentage"":0.039571},{""region"":""Arica y Parinacota Region"",""percentage"":0.032914},{""region"":""Valpara\u00edso Region"",""percentage"":0.071746},{""region"":""Ays\u00e9n Region"",""percentage"":0.008876},{""region"":""Antofagasta Region"",""percentage"":0.068047},{""region"":""Araucan\u00eda Region"",""percentage"":0.086169},{""region"":""Atacama Region"",""percentage"":0.022559},{""region"":""B\u00edo B\u00edo Region"",""percentage"":0.147189},{""region"":""Coquimbo Region"",""percentage"":0.063979},{""region"":""O'Higgins Region"",""percentage"":0.070636},{""region"":""Los Lagos Region"",""percentage"":0.091346},{""region"":""Magallanes y la Ant\u00e1rtica Chilena Region"",""percentage"":0.017012},{""region"":""Maule Region"",""percentage"":0.097263},{""region"":""Santiago Metropolitan Region"",""percentage"":0.140902},{""region"":""Tarapac\u00e1 Region"",""percentage"":0.04179}","facebook,instagram","lower_bound: 1000001",es
562452538164374,103820310982935,"Sichel Presidente",2021-09-29,2021-09-29,2021-09-30,"Sebastián Sichel Ramirez","En nuestro paso por Llanquihue conocimos a este grupo de emprendedoras, “Aprendo a vivir”, que hace 11 años trabajan juntas en el rubro textil local. #SePuede",,,,"lower_bound: 0, upper_bound: 999","lower_bound: 0, upper_bound: 99",USD,"{""age"":""35-44"",""gender"":""unknown"",""percentage"":0.006135},{""age"":""18-24"",""gender"":""male"",""percentage"":0.006135},{""age"":""55-64"",""gender"":""male"",""percentage"":0.01227},{""age"":""45-54"",""gender"":""male"",""percentage"":0.177914},{""age"":""25-34"",""gender"":""male"",""percentage"":0.122699},{""age"":""55-64"",""gender"":""female"",""percentage"":0.018405},{""age"":""35-44"",""gender"":""female"",""percentage"":0.171779},{""age"":""25-34"",""gender"":""female"",""percentage"":0.153374},{""age"":""35-44"",""gender"":""male"",""percentage"":0.153374},{""age"":""45-54"",""gender"":""female"",""percentage"":0.153374},{""age"":""18-24"",""gender"":""female"",""percentage"":0.02454}","{""region"":""Ays\u00e9n Region"",""percentage"":0.01227},{""region"":""Tarapac\u00e1 Region"",""percentage"":0.006135},{""region"":""Los R\u00edos Region"",""percentage"":0.01227},{""region"":""Arica y Parinacota Region"",""percentage"":0.03681},{""region"":""Valpara\u00edso Region"",""percentage"":0.018405},{""region"":""Antofagasta Region"",""percentage"":0.09816},{""region"":""Araucan\u00eda Region"",""percentage"":0.128834},{""region"":""Atacama Region"",""percentage"":0.030675},{""region"":""B\u00edo B\u00edo Region"",""percentage"":0.251534},{""region"":""Coquimbo Region"",""percentage"":0.104294},{""region"":""O'Higgins Region"",""percentage"":0.141104},{""region"":""Los Lagos Region"",""percentage"":0.092025},{""region"":""Maule Region"",""percentage"":0.01227},{""region"":""Santiago Metropolitan Region"",""percentage"":0.055215}",facebook,"lower_bound: 100001, upper_bound: 500000",es
449754346442284,103820310982935,"Sichel Presidente",2021-09-29,2021-09-29,2021-10-13,"Sebastián Sichel Ramirez","Cuántas veces alguien les dijo que no? Gracias a quienes participaron por historias. El compromiso de este proyecto es abrir puertas. Nunca más un NO por respuesta, un sí #SePuede.","Cuántas veces",,,"lower_bound: 35000, upper_bound: 39999","lower_bound: 100, upper_bound: 199",USD,"{""age"":""35-44"",""gender"":""unknown"",""percentage"":0.00378},{""age"":""45-54"",""gender"":""male"",""percentage"":0.136771},{""age"":""35-44"",""gender"":""male"",""percentage"":0.180946},{""age"":""35-44"",""gender"":""female"",""percentage"":0.179204},{""age"":""45-54"",""gender"":""female"",""percentage"":0.150363},{""age"":""25-34"",""gender"":""female"",""percentage"":0.130739},{""age"":""25-34"",""gender"":""unknown"",""percentage"":0.001104},{""age"":""25-34"",""gender"":""male"",""percentage"":0.152317},{""age"":""18-24"",""gender"":""male"",""percentage"":0.022002},{""age"":""55-64"",""gender"":""female"",""percentage"":0.014017},{""age"":""18-24"",""gender"":""female"",""percentage"":0.015121},{""age"":""55-64"",""gender"":""male"",""percentage"":0.010322},{""age"":""45-54"",""gender"":""unknown"",""percentage"":0.003186},{""age"":""55-64"",""gender"":""unknown"",""percentage"":0.000127}","{""region"":""Los R\u00edos Region"",""percentage"":0.007574},{""region"":""Arica y Parinacota Region"",""percentage"":0.025725},{""region"":""Valpara\u00edso Region"",""percentage"":0.02162},{""region"":""Ays\u00e9n Region"",""percentage"":0.011381},{""region"":""Antofagasta Region"",""percentage"":0.100783},{""region"":""Araucan\u00eda Region"",""percentage"":0.116564},{""region"":""Atacama Region"",""percentage"":0.051322},{""region"":""B\u00edo B\u00edo Region"",""percentage"":0.198011},{""region"":""Coquimbo Region"",""percentage"":0.106706},{""region"":""O'Higgins Region"",""percentage"":0.124011},{""region"":""Los Lagos Region"",""percentage"":0.101798},{""region"":""Magallanes y la Ant\u00e1rtica Chilena Region"",""percentage"":0.002962},{""region"":""Maule Region"",""percentage"":0.017686},{""region"":""Santiago Metropolitan Region"",""percentage"":0.103448},{""region"":""Tarapac\u00e1 Region"",""percentage"":0.010408}",facebook,"lower_bound: 100001, upper_bound: 500000",es
283644763599149,103820310982935,"Sichel Presidente",2021-09-29,2021-09-29,2021-09-30,"Sebastián Sichel Ramirez","Mientras hay familias sufriendo por balas asesinas, la discusión sigue en la farándula política.",,,,"lower_bound: 5000, upper_bound: 5999","lower_bound: 0, upper_bound: 99",USD,"{""age"":""25-34"",""gender"":""unknown"",""percentage"":0.000183},{""age"":""55-64"",""gender"":""unknown"",""percentage"":0.000183},{""age"":""55-64"",""gender"":""female"",""percentage"":0.011918},{""age"":""18-24"",""gender"":""female"",""percentage"":0.018519},{""age"":""45-54"",""gender"":""unknown"",""percentage"":0.003117},{""age"":""45-54"",""gender"":""female"",""percentage"":0.13018},{""age"":""35-44"",""gender"":""male"",""percentage"":0.210488},{""age"":""25-34"",""gender"":""female"",""percentage"":0.119362},{""age"":""45-54"",""gender"":""male"",""percentage"":0.16575},{""age"":""35-44"",""gender"":""unknown"",""percentage"":0.003117},{""age"":""55-64"",""gender"":""male"",""percentage"":0.014301},{""age"":""18-24"",""gender"":""male"",""percentage"":0.016135},{""age"":""25-34"",""gender"":""male"",""percentage"":0.145765},{""age"":""35-44"",""gender"":""female"",""percentage"":0.160983}","{""region"":""Los R\u00edos Region"",""percentage"":0.006859},{""region"":""Arica y Parinacota Region"",""percentage"":0.031702},{""region"":""Valpara\u00edso Region"",""percentage"":0.019837},{""region"":""Ays\u00e9n Region"",""percentage"":0.008528},{""region"":""Antofagasta Region"",""percentage"":0.099555},{""region"":""Araucan\u00eda Region"",""percentage"":0.120504},{""region"":""Atacama Region"",""percentage"":0.050612},{""region"":""B\u00edo B\u00edo Region"",""percentage"":0.186504},{""region"":""Coquimbo Region"",""percentage"":0.107527},{""region"":""O'Higgins Region"",""percentage"":0.119207},{""region"":""Los Lagos Region"",""percentage"":0.106229},{""region"":""Magallanes y la Ant\u00e1rtica Chilena Region"",""percentage"":0.002781},{""region"":""Maule Region"",""percentage"":0.020578},{""region"":""Santiago Metropolitan Region"",""percentage"":0.110308},{""region"":""Tarapac\u00e1 Region"",""percentage"":0.00927}",facebook,"lower_bound: 100001, upper_bound: 500000",es
389956986170244,103820310982935,"Sichel Presidente",2021-09-29,2021-09-29,2021-10-13,"Sebastián Sichel Ramirez","Acompáñennos en esta nueva etapa! #SePuede #SichelPresidente",,,,"lower_bound: 10000, upper_bound: 14999","lower_bound: 0, upper_bound: 99",USD,"{""age"":""45-54"",""gender"":""unknown"",""percentage"":0.002661},{""age"":""35-44"",""gender"":""unknown"",""percentage"":0.0033},{""age"":""25-34"",""gender"":""unknown"",""percentage"":0.000745},{""age"":""18-24"",""gender"":""unknown"",""percentage"":0.000106},{""age"":""18-24"",""gender"":""male"",""percentage"":0.037684},{""age"":""55-64"",""gender"":""female"",""percentage"":0.007877},{""age"":""35-44"",""gender"":""male"",""percentage"":0.221844},{""age"":""35-44"",""gender"":""female"",""percentage"":0.13977},{""age"":""45-54"",""gender"":""male"",""percentage"":0.14786},{""age"":""45-54"",""gender"":""female"",""percentage"":0.092932},{""age"":""25-34"",""gender"":""male"",""percentage"":0.203215},{""age"":""25-34"",""gender"":""female"",""percentage"":0.107728},{""age"":""55-64"",""gender"":""male"",""percentage"":0.012455},{""age"":""18-24"",""gender"":""female"",""percentage"":0.021822}","{""region"":""Los R\u00edos Region"",""percentage"":0.008913},{""region"":""Arica y Parinacota Region"",""percentage"":0.025881},{""region"":""Valpara\u00edso Region"",""percentage"":0.024699},{""region"":""Ays\u00e9n Region"",""percentage"":0.00988},{""region"":""Antofagasta Region"",""percentage"":0.095683},{""region"":""Araucan\u00eda Region"",""percentage"":0.115872},{""region"":""Atacama Region"",""percentage"":0.052405},{""region"":""B\u00edo B\u00edo Region"",""percentage"":0.181379},{""region"":""Coquimbo Region"",""percentage"":0.108033},{""region"":""O'Higgins Region"",""percentage"":0.12951},{""region"":""Los Lagos Region"",""percentage"":0.09622},{""region"":""Maule Region"",""percentage"":0.019867},{""region"":""Santiago Metropolitan Region"",""percentage"":0.114798},{""region"":""Tarapac\u00e1 Region"",""percentage"":0.012887},{""region"":""Magallanes y la Ant\u00e1rtica Chilena Region"",""percentage"":0.003973}",facebook,"lower_bound: 100001, upper_bound: 500000",es
445449356909554,103820310982935,"Sichel Presidente",2021-09-29,2021-09-29,2021-10-13,"Sebastián Sichel Ramirez","En esta campaña las mujeres están al centro de nuestras propuestas y programa.","Mujeres al centro",,,"lower_bound: 20000, upper_bound: 24999","lower_bound: 0, upper_bound: 99",USD,"{""age"":""25-34"",""gender"":""unknown"",""percentage"":0.000865},{""age"":""55-64"",""gender"":""unknown"",""percentage"":0.000133},{""age"":""18-24"",""gender"":""female"",""percentage"":0.012515},{""age"":""18-24"",""gender"":""male"",""percentage"":0.00892},{""age"":""25-34"",""gender"":""female"",""percentage"":0.123552},{""age"":""35-44"",""gender"":""male"",""percentage"":0.137199},{""age"":""45-54"",""gender"":""male"",""percentage"":0.132872},{""age"":""25-34"",""gender"":""male"",""percentage"":0.088004},{""age"":""35-44"",""gender"":""female"",""percentage"":0.22953},{""age"":""45-54"",""gender"":""female"",""percentage"":0.226135},{""age"":""45-54"",""gender"":""unknown"",""percentage"":0.003528},{""age"":""55-64"",""gender"":""male"",""percentage"":0.012648},{""age"":""35-44"",""gender"":""unknown"",""percentage"":0.003262},{""age"":""55-64"",""gender"":""female"",""percentage"":0.020836}","{""region"":""Ays\u00e9n Region"",""percentage"":0.012856},{""region"":""Magallanes y la Ant\u00e1rtica Chilena Region"",""percentage"":0.002398},{""region"":""Los R\u00edos Region"",""percentage"":0.006927},{""region"":""Arica y Parinacota Region"",""percentage"":0.02671},{""region"":""Valpara\u00edso Region"",""percentage"":0.017718},{""region"":""Antofagasta Region"",""percentage"":0.083061},{""region"":""Araucan\u00eda Region"",""percentage"":0.12669},{""region"":""Atacama Region"",""percentage"":0.04949},{""region"":""B\u00edo B\u00edo Region"",""percentage"":0.212283},{""region"":""Coquimbo Region"",""percentage"":0.106841},{""region"":""O'Higgins Region"",""percentage"":0.12296},{""region"":""Los Lagos Region"",""percentage"":0.113502},{""region"":""Maule Region"",""percentage"":0.016785},{""region"":""Santiago Metropolitan Region"",""percentage"":0.093186},{""region"":""Tarapac\u00e1 Region"",""percentage"":0.008593}",facebook,"lower_bound: 100001, upper_bound: 500000",es
865825487412547,103820310982935,"Sichel Presidente",2021-09-29,2021-09-29,2021-10-13,"Sebastián Sichel Ramirez","Nuestro programa de gobierno necesita gente con experiencia, gente diversa y que represente a los chilenos. #SePuede","Un gabinete diverso",,,"lower_bound: 35000, upper_bound: 39999","lower_bound: 100, upper_bound: 199",USD,"{""age"":""55-64"",""gender"":""unknown"",""percentage"":0.000216},{""age"":""18-24"",""gender"":""unknown"",""percentage"":4.3e-5},{""age"":""35-44"",""gender"":""unknown"",""percentage"":0.005616},{""age"":""25-34"",""gender"":""female"",""percentage"":0.05612},{""age"":""45-54"",""gender"":""unknown"",""percentage"":0.004839},{""age"":""18-24"",""gender"":""male"",""percentage"":0.017022},{""age"":""45-54"",""gender"":""male"",""percentage"":0.216832},{""age"":""25-34"",""gender"":""male"",""percentage"":0.211647},{""age"":""35-44"",""gender"":""male"",""percentage"":0.296064},{""age"":""55-64"",""gender"":""male"",""percentage"":0.014862},{""age"":""45-54"",""gender"":""female"",""percentage"":0.071975},{""age"":""25-34"",""gender"":""unknown"",""percentage"":0.00121},{""age"":""35-44"",""gender"":""female"",""percentage"":0.093921},{""age"":""18-24"",""gender"":""female"",""percentage"":0.003499},{""age"":""55-64"",""gender"":""female"",""percentage"":0.006135}","{""region"":""Los R\u00edos Region"",""percentage"":0.006465},{""region"":""Arica y Parinacota Region"",""percentage"":0.030729},{""region"":""Valpara\u00edso Region"",""percentage"":0.023316},{""region"":""Ays\u00e9n Region"",""percentage"":0.013059},{""region"":""Antofagasta Region"",""percentage"":0.101495},{""region"":""Araucan\u00eda Region"",""percentage"":0.120588},{""region"":""Atacama Region"",""percentage"":0.048356},{""region"":""B\u00edo B\u00edo Region"",""percentage"":0.186485},{""region"":""Coquimbo Region"",""percentage"":0.108262},{""region"":""O'Higgins Region"",""percentage"":0.126751},{""region"":""Los Lagos Region"",""percentage"":0.106021},{""region"":""Magallanes y la Ant\u00e1rtica Chilena Region"",""percentage"":0.003879},{""region"":""Maule Region"",""percentage"":0.015343},{""region"":""Santiago Metropolitan Region"",""percentage"":0.100849},{""region"":""Tarapac\u00e1 Region"",""percentage"":0.008404}",facebook,"lower_bound: 100001, upper_bound: 500000",es
872703636713315,103820310982935,"Sichel Presidente",2021-09-29,2021-09-29,2021-09-30,"Sebastián Sichel Ramirez","No existen balas locas, existen balas asesinas y como Estado hay que hacerse cargo.",,,,"lower_bound: 1000, upper_bound: 1999","lower_bound: 0, upper_bound: 99",USD,"{""age"":""35-44"",""gender"":""unknown"",""percentage"":0.003155},{""age"":""45-54"",""gender"":""unknown"",""percentage"":0.001893},{""age"":""55-64"",""gender"":""male"",""percentage"":0.010726},{""age"":""18-24"",""gender"":""male"",""percentage"":0.026498},{""age"":""35-44"",""gender"":""female"",""percentage"":0.17918},{""age"":""35-44"",""gender"":""male"",""percentage"":0.174763},{""age"":""18-24"",""gender"":""female"",""percentage"":0.026498},{""age"":""45-54"",""gender"":""female"",""percentage"":0.13817},{""age"":""25-34"",""gender"":""male"",""percentage"":0.159621},{""age"":""25-34"",""gender"":""female"",""percentage"":0.130599},{""age"":""45-54"",""gender"":""male"",""percentage"":0.134385},{""age"":""55-64"",""gender"":""female"",""percentage"":0.013249},{""age"":""25-34"",""gender"":""unknown"",""percentage"":0.001262}","{""region"":""Magallanes y la Ant\u00e1rtica Chilena Region"",""percentage"":0.001264},{""region"":""Los R\u00edos Region"",""percentage"":0.010746},{""region"":""Arica y Parinacota Region"",""percentage"":0.027813},{""region"":""Valpara\u00edso Region"",""percentage"":0.021492},{""region"":""Ays\u00e9n Region"",""percentage"":0.00885},{""region"":""Antofagasta Region"",""percentage"":0.121997},{""region"":""Araucan\u00eda Region"",""percentage"":0.099241},{""region"":""Atacama Region"",""percentage"":0.048673},{""region"":""B\u00edo B\u00edo Region"",""percentage"":0.175727},{""region"":""Coquimbo Region"",""percentage"":0.128319},{""region"":""O'Higgins Region"",""percentage"":0.125158},{""region"":""Los Lagos Region"",""percentage"":0.091656},{""region"":""Maule Region"",""percentage"":0.014539},{""region"":""Santiago Metropolitan Region"",""percentage"":0.116308},{""region"":""Tarapac\u00e1 Region"",""percentage"":0.008217}",facebook,"lower_bound: 100001, upper_bound: 500000",es
888721198737310,103820310982935,"Sichel Presidente",2021-09-29,2021-09-29,2021-10-13,"Sebastián Sichel Ramirez","35 compromisos por un Chile mejor y 6 pilares claves para dar certezas a los cambios que queremos liderar #SePuede",,,,"lower_bound: 15000, upper_bound: 19999","lower_bound: 0, upper_bound: 99",USD,"{""age"":""25-34"",""gender"":""unknown"",""percentage"":0.001062},{""age"":""55-64"",""gender"":""male"",""percentage"":0.009799},{""age"":""45-54"",""gender"":""unknown"",""percentage"":0.002368},{""age"":""55-64"",""gender"":""female"",""percentage"":0.012739},{""age"":""35-44"",""gender"":""unknown"",""percentage"":0.00294},{""age"":""18-24"",""gender"":""male"",""percentage"":0.029397},{""age"":""35-44"",""gender"":""male"",""percentage"":0.193369},{""age"":""45-54"",""gender"":""male"",""percentage"":0.127797},{""age"":""25-34"",""gender"":""male"",""percentage"":0.180222},{""age"":""35-44"",""gender"":""female"",""percentage"":0.17075},{""age"":""45-54"",""gender"":""female"",""percentage"":0.133268},{""age"":""25-34"",""gender"":""female"",""percentage"":0.120692},{""age"":""18-24"",""gender"":""female"",""percentage"":0.015597}","{""region"":""Los R\u00edos Region"",""percentage"":0.00772},{""region"":""Arica y Parinacota Region"",""percentage"":0.024055},{""region"":""Valpara\u00edso Region"",""percentage"":0.024299},{""region"":""Ays\u00e9n Region"",""percentage"":0.009752},{""region"":""Antofagasta Region"",""percentage"":0.097765},{""region"":""Araucan\u00eda Region"",""percentage"":0.11475},{""region"":""Atacama Region"",""percentage"":0.052255},{""region"":""B\u00edo B\u00edo Region"",""percentage"":0.182852},{""region"":""Coquimbo Region"",""percentage"":0.109143},{""region"":""O'Higgins Region"",""percentage"":0.125396},{""region"":""Los Lagos Region"",""percentage"":0.111012},{""region"":""Magallanes y la Ant\u00e1rtica Chilena Region"",""percentage"":0.002844},{""region"":""Maule Region"",""percentage"":0.018041},{""region"":""Santiago Metropolitan Region"",""percentage"":0.109793},{""region"":""Tarapac\u00e1 Region"",""percentage"":0.010321}",facebook,"lower_bound: 100001, upper_bound: 500000",es
986974365205016,103820310982935,"Sichel Presidente",2021-09-29,2021-09-29,2021-10-13,"Sebastián Sichel Ramirez","Juntos nos va mejor! No dejemos que lo importante se nos pase de largo. Estoy convencido que #SePuede un Chile mejor, claro que #SePuede.",,,,"lower_bound: 0, upper_bound: 999","lower_bound: 0, upper_bound: 99",USD,"{""age"":""35-44"",""gender"":""unknown"",""percentage"":0.002387},{""age"":""55-64"",""gender"":""female"",""percentage"":0.011933},{""age"":""55-64"",""gender"":""male"",""percentage"":0.02148},{""age"":""45-54"",""gender"":""female"",""percentage"":0.119332},{""age"":""35-44"",""gender"":""female"",""percentage"":0.176611},{""age"":""35-44"",""gender"":""male"",""percentage"":0.193317},{""age"":""25-34"",""gender"":""female"",""percentage"":0.116945},{""age"":""18-24"",""gender"":""male"",""percentage"":0.016706},{""age"":""45-54"",""gender"":""male"",""percentage"":0.140811},{""age"":""25-34"",""gender"":""male"",""percentage"":0.178998},{""age"":""18-24"",""gender"":""female"",""percentage"":0.02148}","{""region"":""Tarapac\u00e1 Region"",""percentage"":0.009547},{""region"":""Los R\u00edos Region"",""percentage"":0.011933},{""region"":""Arica y Parinacota Region"",""percentage"":0.023866},{""region"":""Valpara\u00edso Region"",""percentage"":0.02864},{""region"":""Ays\u00e9n Region"",""percentage"":0.009547},{""region"":""Antofagasta Region"",""percentage"":0.097852},{""region"":""Araucan\u00eda Region"",""percentage"":0.095465},{""region"":""Atacama Region"",""percentage"":0.045346},{""region"":""B\u00edo B\u00edo Region"",""percentage"":0.167064},{""region"":""Coquimbo Region"",""percentage"":0.140811},{""region"":""O'Higgins Region"",""percentage"":0.152745},{""region"":""Los Lagos Region"",""percentage"":0.097852},{""region"":""Maule Region"",""percentage"":0.023866},{""region"":""Santiago Metropolitan Region"",""percentage"":0.095465}",facebook,"lower_bound: 100001, upper_bound: 500000",es
1004053610407476,103820310982935,"Sichel Presidente",2021-09-29,2021-09-29,2021-10-13,"Sebastián Sichel Ramirez","Por un Chile donde ninguna mujer más aplace sus proyectos por culpa de un papá ausente que no paga la pensión de alimentos. Por un Chile donde ningún niño o niña tenga que perseguir lo que es un derecho. #SePuede","Un Chile para las mujeres",,,"lower_bound: 1000, upper_bound: 1999","lower_bound: 0, upper_bound: 99",USD,"{""age"":""18-24"",""gender"":""female"",""percentage"":0.023038},{""age"":""45-54"",""gender"":""male"",""percentage"":0.117747},{""age"":""25-34"",""gender"":""male"",""percentage"":0.169795},{""age"":""45-54"",""gender"":""female"",""percentage"":0.148464},{""age"":""35-44"",""gender"":""male"",""percentage"":0.174061},{""age"":""35-44"",""gender"":""female"",""percentage"":0.162116},{""age"":""25-34"",""gender"":""female"",""percentage"":0.145904},{""age"":""18-24"",""gender"":""male"",""percentage"":0.034983},{""age"":""55-64"",""gender"":""female"",""percentage"":0.010239},{""age"":""25-34"",""gender"":""unknown"",""percentage"":0.00256},{""age"":""45-54"",""gender"":""unknown"",""percentage"":0.001706},{""age"":""35-44"",""gender"":""unknown"",""percentage"":0.00256},{""age"":""55-64"",""gender"":""male"",""percentage"":0.006826}","{""region"":""Los R\u00edos Region"",""percentage"":0.005973},{""region"":""Valpara\u00edso Region"",""percentage"":0.024744},{""region"":""Ays\u00e9n Region"",""percentage"":0.005973},{""region"":""Antofagasta Region"",""percentage"":0.119454},{""region"":""Araucan\u00eda Region"",""percentage"":0.112628},{""region"":""Atacama Region"",""percentage"":0.053754},{""region"":""B\u00edo B\u00edo Region"",""percentage"":0.168942},{""region"":""Coquimbo Region"",""percentage"":0.114334},{""region"":""O'Higgins Region"",""percentage"":0.120307},{""region"":""Los Lagos Region"",""percentage"":0.083618},{""region"":""Magallanes y la Ant\u00e1rtica Chilena Region"",""percentage"":0.004266},{""region"":""Maule Region"",""percentage"":0.019625},{""region"":""Santiago Metropolitan Region"",""percentage"":0.127133},{""region"":""Tarapac\u00e1 Region"",""percentage"":0.016212},{""region"":""Arica y Parinacota Region"",""percentage"":0.023038}",facebook,"lower_bound: 100001, upper_bound: 500000",es
1270313546724314,103820310982935,"Sichel Presidente",2021-09-29,2021-09-29,2021-10-13,"Sebastián Sichel Ramirez","Resumen de la visita a Los Lagos! Gracias a Los Muermos, Puerto Montt, Puerto Varas, Llanquihue, Puyehue, Puerto Octay, Fresia y Osorno. La regionalización #SePuede",,,,"lower_bound: 9000, upper_bound: 9999","lower_bound: 0, upper_bound: 99",USD,"{""age"":""55-64"",""gender"":""unknown"",""percentage"":0.000152},{""age"":""18-24"",""gender"":""male"",""percentage"":0.02497},{""age"":""25-34"",""gender"":""female"",""percentage"":0.092113},{""age"":""45-54"",""gender"":""male"",""percentage"":0.189403},{""age"":""45-54"",""gender"":""female"",""percentage"":0.18377},{""age"":""25-34"",""gender"":""male"",""percentage"":0.139921},{""age"":""35-44"",""gender"":""male"",""percentage"":0.16078},{""age"":""35-44"",""gender"":""female"",""percentage"":0.146163},{""age"":""55-64"",""gender"":""male"",""percentage"":0.018118},{""age"":""55-64"",""gender"":""female"",""percentage"":0.02299},{""age"":""18-24"",""gender"":""female"",""percentage"":0.016139},{""age"":""45-54"",""gender"":""unknown"",""percentage"":0.002893},{""age"":""35-44"",""gender"":""unknown"",""percentage"":0.001827},{""age"":""25-34"",""gender"":""unknown"",""percentage"":0.000761}","{""region"":""Los R\u00edos Region"",""percentage"":0.007464},{""region"":""Magallanes y la Ant\u00e1rtica Chilena Region"",""percentage"":0.002894},{""region"":""Arica y Parinacota Region"",""percentage"":0.027723},{""region"":""Valpara\u00edso Region"",""percentage"":0.025286},{""region"":""Ays\u00e9n Region"",""percentage"":0.011577},{""region"":""Antofagasta Region"",""percentage"":0.104189},{""region"":""Araucan\u00eda Region"",""percentage"":0.116832},{""region"":""Atacama Region"",""percentage"":0.053008},{""region"":""B\u00edo B\u00edo Region"",""percentage"":0.176847},{""region"":""Coquimbo Region"",""percentage"":0.10099},{""region"":""O'Higgins Region"",""percentage"":0.129322},{""region"":""Los Lagos Region"",""percentage"":0.082864},{""region"":""Maule Region"",""percentage"":0.021173},{""region"":""Santiago Metropolitan Region"",""percentage"":0.127799},{""region"":""Tarapac\u00e1 Region"",""percentage"":0.012034}",facebook,"lower_bound: 100001, upper_bound: 500000",es
3718281271731384,103820310982935,"Sichel Presidente",2021-09-29,2021-09-29,2021-10-08,"Sebastián Sichel Ramirez","Gracias por el cariño, la compañía y por escuchar nuestras ideas para un Chile donde #SePuede vivir mejor.",,,,"lower_bound: 1000, upper_bound: 1999","lower_bound: 0, upper_bound: 99",USD,"{""age"":""35-44"",""gender"":""unknown"",""percentage"":0.000923},{""age"":""45-54"",""gender"":""unknown"",""percentage"":0.001845},{""age"":""18-24"",""gender"":""female"",""percentage"":0.01107},{""age"":""35-44"",""gender"":""male"",""percentage"":0.243542},{""age"":""25-34"",""gender"":""female"",""percentage"":0.074723},{""age"":""45-54"",""gender"":""female"",""percentage"":0.109779},{""age"":""25-34"",""gender"":""male"",""percentage"":0.182657},{""age"":""45-54"",""gender"":""male"",""percentage"":0.190037},{""age"":""18-24"",""gender"":""male"",""percentage"":0.02583},{""age"":""35-44"",""gender"":""female"",""percentage"":0.119004},{""age"":""55-64"",""gender"":""male"",""percentage"":0.027675},{""age"":""55-64"",""gender"":""female"",""percentage"":0.012915}","{""region"":""Magallanes y la Ant\u00e1rtica Chilena Region"",""percentage"":0.002768},{""region"":""Los R\u00edos Region"",""percentage"":0.005535},{""region"":""Arica y Parinacota Region"",""percentage"":0.027675},{""region"":""Valpara\u00edso Region"",""percentage"":0.030443},{""region"":""Ays\u00e9n Region"",""percentage"":0.01107},{""region"":""Antofagasta Region"",""percentage"":0.090406},{""region"":""Araucan\u00eda Region"",""percentage"":0.127306},{""region"":""Atacama Region"",""percentage"":0.04797},{""region"":""B\u00edo B\u00edo Region"",""percentage"":0.215867},{""region"":""Coquimbo Region"",""percentage"":0.099631},{""region"":""O'Higgins Region"",""percentage"":0.119926},{""region"":""Los Lagos Region"",""percentage"":0.098708},{""region"":""Maule Region"",""percentage"":0.015683},{""region"":""Santiago Metropolitan Region"",""percentage"":0.091328},{""region"":""Tarapac\u00e1 Region"",""percentage"":0.015683}",facebook,"lower_bound: 100001, upper_bound: 500000",es
4310335882337328,103820310982935,"Sichel Presidente",2021-09-29,2021-09-29,2021-10-13,"Sebastián Sichel Ramirez","La familia Mella Guzmán representa el esfuerzo de miles de familias chilenas. Y nos transmiten lo importante: compartir y agradecer en familia. #SePuede #YoTeEscucho",,,,"lower_bound: 25000, upper_bound: 29999","lower_bound: 0, upper_bound: 99",USD,"{""age"":""25-34"",""gender"":""unknown"",""percentage"":0.000169},{""age"":""18-24"",""gender"":""unknown"",""percentage"":0.000112},{""age"":""45-54"",""gender"":""unknown"",""percentage"":0.001742},{""age"":""55-64"",""gender"":""male"",""percentage"":0.010788},{""age"":""18-24"",""gender"":""female"",""percentage"":0.018822},{""age"":""35-44"",""gender"":""male"",""percentage"":0.150916},{""age"":""35-44"",""gender"":""female"",""percentage"":0.192044},{""age"":""25-34"",""gender"":""female"",""percentage"":0.144511},{""age"":""45-54"",""gender"":""male"",""percentage"":0.129116},{""age"":""45-54"",""gender"":""female"",""percentage"":0.175076},{""age"":""25-34"",""gender"":""male"",""percentage"":0.136251},{""age"":""55-64"",""gender"":""female"",""percentage"":0.018822},{""age"":""18-24"",""gender"":""male"",""percentage"":0.020171},{""age"":""35-44"",""gender"":""unknown"",""percentage"":0.001461}","{""region"":""Los R\u00edos Region"",""percentage"":0.007384},{""region"":""Arica y Parinacota Region"",""percentage"":0.027093},{""region"":""Valpara\u00edso Region"",""percentage"":0.022322},{""region"":""Ays\u00e9n Region"",""percentage"":0.013121},{""region"":""Antofagasta Region"",""percentage"":0.090594},{""region"":""Araucan\u00eda Region"",""percentage"":0.121265},{""region"":""Atacama Region"",""percentage"":0.048165},{""region"":""B\u00edo B\u00edo Region"",""percentage"":0.20192},{""region"":""Coquimbo Region"",""percentage"":0.108656},{""region"":""O'Higgins Region"",""percentage"":0.120186},{""region"":""Los Lagos Region"",""percentage"":0.100591},{""region"":""Magallanes y la Ant\u00e1rtica Chilena Region"",""percentage"":0.003465},{""region"":""Maule Region"",""percentage"":0.019652},{""region"":""Santiago Metropolitan Region"",""percentage"":0.105362},{""region"":""Tarapac\u00e1 Region"",""percentage"":0.010224}",facebook,"lower_bound: 100001, upper_bound: 500000",es
165894675632702,103820310982935,"Sichel Presidente",2021-09-29,2021-09-29,2021-10-13,"Sebastián Sichel Ramirez","Les presento a Eva. Como ella hay miles de emprendedores y miles de mujeres luchadoras. De eso se trata esta campaña, de acompañar mejor a quienes no hemos escuchado. #SePuede","Una emprendedora por naturaleza",,,"lower_bound: 25000, upper_bound: 29999","lower_bound: 100, upper_bound: 199",USD,"{""age"":""18-24"",""gender"":""unknown"",""percentage"":0.000108},{""age"":""25-34"",""gender"":""unknown"",""percentage"":0.000863},{""age"":""35-44"",""gender"":""unknown"",""percentage"":0.003343},{""age"":""55-64"",""gender"":""male"",""percentage"":0.008574},{""age"":""55-64"",""gender"":""female"",""percentage"":0.019575},{""age"":""25-34"",""gender"":""male"",""percentage"":0.113244},{""age"":""25-34"",""gender"":""female"",""percentage"":0.148026},{""age"":""18-24"",""gender"":""female"",""percentage"":0.019737},{""age"":""35-44"",""gender"":""male"",""percentage"":0.147056},{""age"":""45-54"",""gender"":""male"",""percentage"":0.107798},{""age"":""35-44"",""gender"":""female"",""percentage"":0.220718},{""age"":""45-54"",""gender"":""female"",""percentage"":0.191652},{""age"":""18-24"",""gender"":""male"",""percentage"":0.016501},{""age"":""45-54"",""gender"":""unknown"",""percentage"":0.002642},{""age"":""55-64"",""gender"":""unknown"",""percentage"":0.000162}","{""region"":""Los R\u00edos Region"",""percentage"":0.006846},{""region"":""Arica y Parinacota Region"",""percentage"":0.026476},{""region"":""Valpara\u00edso Region"",""percentage"":0.023053},{""region"":""Ays\u00e9n Region"",""percentage"":0.010911},{""region"":""Antofagasta Region"",""percentage"":0.10184},{""region"":""Araucan\u00eda Region"",""percentage"":0.119277},{""region"":""Atacama Region"",""percentage"":0.050706},{""region"":""B\u00edo B\u00edo Region"",""percentage"":0.189452},{""region"":""Coquimbo Region"",""percentage"":0.107028},{""region"":""O'Higgins Region"",""percentage"":0.119758},{""region"":""Los Lagos Region"",""percentage"":0.10291},{""region"":""Magallanes y la Ant\u00e1rtica Chilena Region"",""percentage"":0.003049},{""region"":""Maule Region"",""percentage"":0.015404},{""region"":""Santiago Metropolitan Region"",""percentage"":0.113661},{""region"":""Tarapac\u00e1 Region"",""percentage"":0.009628}",facebook,"lower_bound: 100001, upper_bound: 500000",es
281706403590679,103820310982935,"Sichel Presidente",2021-09-29,2021-09-29,2021-10-13,"Sebastián Sichel Ramirez","Los vecinos de la zona cero en Plaza Italia, piden no más violencia y si más justicia. Los escuchamos y ya estamos trabajando en un plan de recuperación. #SePuede",,,,"lower_bound: 10000, upper_bound: 14999","lower_bound: 0, upper_bound: 99",USD,"{""age"":""55-64"",""gender"":""unknown"",""percentage"":9.9e-5},{""age"":""25-34"",""gender"":""unknown"",""percentage"":0.001288},{""age"":""55-64"",""gender"":""male"",""percentage"":0.011392},{""age"":""25-34"",""gender"":""male"",""percentage"":0.193363},{""age"":""35-44"",""gender"":""male"",""percentage"":0.194651},{""age"":""45-54"",""gender"":""male"",""percentage"":0.13264},{""age"":""18-24"",""gender"":""male"",""percentage"":0.032095},{""age"":""45-54"",""gender"":""unknown"",""percentage"":0.002873},{""age"":""35-44"",""gender"":""unknown"",""percentage"":0.00416},{""age"":""45-54"",""gender"":""female"",""percentage"":0.115106},{""age"":""35-44"",""gender"":""female"",""percentage"":0.160971},{""age"":""18-24"",""gender"":""female"",""percentage"":0.017732},{""age"":""25-34"",""gender"":""female"",""percentage"":0.123229},{""age"":""55-64"",""gender"":""female"",""percentage"":0.010401}","{""region"":""Los R\u00edos Region"",""percentage"":0.007088},{""region"":""Arica y Parinacota Region"",""percentage"":0.025103},{""region"":""Valpara\u00edso Region"",""percentage"":0.022938},{""region"":""Ays\u00e9n Region"",""percentage"":0.010041},{""region"":""Antofagasta Region"",""percentage"":0.093719},{""region"":""Araucan\u00eda Region"",""percentage"":0.116657},{""region"":""Atacama Region"",""percentage"":0.053455},{""region"":""B\u00edo B\u00edo Region"",""percentage"":0.185273},{""region"":""Coquimbo Region"",""percentage"":0.110455},{""region"":""O'Higgins Region"",""percentage"":0.129356},{""region"":""Los Lagos Region"",""percentage"":0.102382},{""region"":""Magallanes y la Ant\u00e1rtica Chilena Region"",""percentage"":0.003642},{""region"":""Maule Region"",""percentage"":0.017129},{""region"":""Santiago Metropolitan Region"",""percentage"":0.112621},{""region"":""Tarapac\u00e1 Region"",""percentage"":0.01014}",facebook,"lower_bound: 100001, upper_bound: 500000",es
282751743524797,103820310982935,"Sichel Presidente",2021-09-29,2021-09-29,2021-10-13,"Sebastián Sichel Ramirez","Necesitamos recuperar el Estado de derecho en La Araucanía. De esto y más conversamos hoy en @laterceracom junto a tres candidatos presidenciales más.",,,,"lower_bound: 1000, upper_bound: 1999","lower_bound: 0, upper_bound: 99",USD,"{""age"":""35-44"",""gender"":""unknown"",""percentage"":0.00222},{""age"":""18-24"",""gender"":""male"",""percentage"":0.013319},{""age"":""35-44"",""gender"":""male"",""percentage"":0.241953},{""age"":""35-44"",""gender"":""female"",""percentage"":0.071032},{""age"":""25-34"",""gender"":""male"",""percentage"":0.133185},{""age"":""45-54"",""gender"":""female"",""percentage"":0.110988},{""age"":""55-64"",""gender"":""male"",""percentage"":0.049945},{""age"":""45-54"",""gender"":""male"",""percentage"":0.305216},{""age"":""55-64"",""gender"":""female"",""percentage"":0.011099},{""age"":""25-34"",""gender"":""female"",""percentage"":0.047725},{""age"":""45-54"",""gender"":""unknown"",""percentage"":0.00444},{""age"":""18-24"",""gender"":""female"",""percentage"":0.008879}","{""region"":""Tarapac\u00e1 Region"",""percentage"":0.008919},{""region"":""Los R\u00edos Region"",""percentage"":0.011148},{""region"":""Arica y Parinacota Region"",""percentage"":0.040134},{""region"":""Valpara\u00edso Region"",""percentage"":0.015608},{""region"":""Ays\u00e9n Region"",""percentage"":0.012263},{""region"":""Antofagasta Region"",""percentage"":0.095875},{""region"":""Araucan\u00eda Region"",""percentage"":0.128205},{""region"":""Atacama Region"",""percentage"":0.040134},{""region"":""B\u00edo B\u00edo Region"",""percentage"":0.19621},{""region"":""Coquimbo Region"",""percentage"":0.105909},{""region"":""O'Higgins Region"",""percentage"":0.114827},{""region"":""Los Lagos Region"",""percentage"":0.110368},{""region"":""Magallanes y la Ant\u00e1rtica Chilena Region"",""percentage"":0.00223},{""region"":""Maule Region"",""percentage"":0.026756},{""region"":""Santiago Metropolitan Region"",""percentage"":0.091416}",facebook,"lower_bound: 100001, upper_bound: 500000",es
296036435275192,103820310982935,"Sichel Presidente",2021-09-29,2021-09-29,2021-09-30,"Sebastián Sichel Ramirez","Cerrando un día movido con esta reflexión, qué queremos para nuestro país en 20 años? Yo no lo concibo sin una participación clave del emprendimiento. #SePuede",,,,"lower_bound: 0, upper_bound: 999","lower_bound: 0, upper_bound: 99",USD,,,facebook,"lower_bound: 100001, upper_bound: 500000",es
400804704781740,103820310982935,"Sichel Presidente",2021-09-29,2021-09-29,2021-09-30,"Sebastián Sichel Ramirez","Un Estado que entienda el emprender como un derecho, #SePuede",,,,"lower_bound: 0, upper_bound: 999","lower_bound: 0, upper_bound: 99",USD,"{""age"":""55-64"",""gender"":""female"",""percentage"":0.006579},{""age"":""18-24"",""gender"":""female"",""percentage"":0.013158},{""age"":""35-44"",""gender"":""female"",""percentage"":0.085526},{""age"":""45-54"",""gender"":""female"",""percentage"":0.125},{""age"":""25-34"",""gender"":""female"",""percentage"":0.059211},{""age"":""25-34"",""gender"":""male"",""percentage"":0.131579},{""age"":""35-44"",""gender"":""male"",""percentage"":0.289474},{""age"":""45-54"",""gender"":""male"",""percentage"":0.230263},{""age"":""55-64"",""gender"":""male"",""percentage"":0.039474},{""age"":""18-24"",""gender"":""male"",""percentage"":0.019737}","{""region"":""Los R\u00edos Region"",""percentage"":0.019737},{""region"":""Arica y Parinacota Region"",""percentage"":0.032895},{""region"":""Valpara\u00edso Region"",""percentage"":0.013158},{""region"":""Ays\u00e9n Region"",""percentage"":0.006579},{""region"":""Antofagasta Region"",""percentage"":0.078947},{""region"":""Araucan\u00eda Region"",""percentage"":0.125},{""region"":""Atacama Region"",""percentage"":0.046053},{""region"":""B\u00edo B\u00edo Region"",""percentage"":0.230263},{""region"":""Coquimbo Region"",""percentage"":0.072368},{""region"":""O'Higgins Region"",""percentage"":0.072368},{""region"":""Los Lagos Region"",""percentage"":0.177632},{""region"":""Magallanes y la Ant\u00e1rtica Chilena Region"",""percentage"":0.006579},{""region"":""Maule Region"",""percentage"":0.032895},{""region"":""Santiago Metropolitan Region"",""percentage"":0.085526}",facebook,"lower_bound: 100001, upper_bound: 500000",es
1222842864793025,103820310982935,"Sichel Presidente",2021-09-29,2021-09-29,2021-10-13,"Sebastián Sichel Ramirez","La discapacidad no puede tener políticas públicas olvidadas, se necesita una mayor y real integración. En esta campaña decimos #SePuede!",,,,"lower_bound: 4000, upper_bound: 4999","lower_bound: 0, upper_bound: 99",USD,"{""age"":""45-54"",""gender"":""unknown"",""percentage"":0.000913},{""age"":""25-34"",""gender"":""unknown"",""percentage"":0.000304},{""age"":""55-64"",""gender"":""male"",""percentage"":0.006697},{""age"":""25-34"",""gender"":""male"",""percentage"":0.143379},{""age"":""35-44"",""gender"":""unknown"",""percentage"":0.003957},{""age"":""25-34"",""gender"":""female"",""percentage"":0.151598},{""age"":""55-64"",""gender"":""female"",""percentage"":0.013699},{""age"":""45-54"",""gender"":""female"",""percentage"":0.164384},{""age"":""45-54"",""gender"":""male"",""percentage"":0.088889},{""age"":""18-24"",""gender"":""female"",""percentage"":0.0207},{""age"":""18-24"",""gender"":""male"",""percentage"":0.028615},{""age"":""35-44"",""gender"":""female"",""percentage"":0.219787},{""age"":""35-44"",""gender"":""male"",""percentage"":0.157078}","{""region"":""Los R\u00edos Region"",""percentage"":0.00913},{""region"":""Arica y Parinacota Region"",""percentage"":0.023128},{""region"":""Valpara\u00edso Region"",""percentage"":0.026476},{""region"":""Ays\u00e9n Region"",""percentage"":0.00913},{""region"":""Antofagasta Region"",""percentage"":0.104687},{""region"":""Araucan\u00eda Region"",""percentage"":0.104687},{""region"":""Atacama Region"",""percentage"":0.052648},{""region"":""B\u00edo B\u00edo Region"",""percentage"":0.184114},{""region"":""Coquimbo Region"",""percentage"":0.117468},{""region"":""O'Higgins Region"",""percentage"":0.129641},{""region"":""Los Lagos Region"",""percentage"":0.085819},{""region"":""Maule Region"",""percentage"":0.020694},{""region"":""Santiago Metropolitan Region"",""percentage"":0.117468},{""region"":""Tarapac\u00e1 Region"",""percentage"":0.01126},{""region"":""Magallanes y la Ant\u00e1rtica Chilena Region"",""percentage"":0.003652}",facebook,"lower_bound: 100001, upper_bound: 500000",es
145733664437637,103820310982935,"Sichel Presidente",2021-09-29,2021-09-29,2021-09-30,"Sebastián Sichel Ramirez","No existen balas locas, existen balas asesinas y como Estado hay que hacerse cargo.",,,,"lower_bound: 2000, upper_bound: 2999","lower_bound: 0, upper_bound: 99",USD,"{""age"":""25-34"",""gender"":""unknown"",""percentage"":0.00041},{""age"":""45-54"",""gender"":""unknown"",""percentage"":0.001641},{""age"":""18-24"",""gender"":""male"",""percentage"":0.008617},{""age"":""25-34"",""gender"":""male"",""percentage"":0.191219},{""age"":""25-34"",""gender"":""female"",""percentage"":0.111613},{""age"":""35-44"",""gender"":""female"",""percentage"":0.171522},{""age"":""45-54"",""gender"":""female"",""percentage"":0.092327},{""age"":""18-24"",""gender"":""female"",""percentage"":0.019286},{""age"":""35-44"",""gender"":""male"",""percentage"":0.250718},{""age"":""45-54"",""gender"":""male"",""percentage"":0.142388},{""age"":""35-44"",""gender"":""unknown"",""percentage"":0.003283},{""age"":""55-64"",""gender"":""female"",""percentage"":0.003283},{""age"":""55-64"",""gender"":""male"",""percentage"":0.003693}","{""region"":""Los R\u00edos Region"",""percentage"":0.012821},{""region"":""Arica y Parinacota Region"",""percentage"":0.026882},{""region"":""Valpara\u00edso Region"",""percentage"":0.020678},{""region"":""Ays\u00e9n Region"",""percentage"":0.015302},{""region"":""Antofagasta Region"",""percentage"":0.06617},{""region"":""Araucan\u00eda Region"",""percentage"":0.137717},{""region"":""Atacama Region"",""percentage"":0.044251},{""region"":""B\u00edo B\u00edo Region"",""percentage"":0.193962},{""region"":""Coquimbo Region"",""percentage"":0.08354},{""region"":""O'Higgins Region"",""percentage"":0.121588},{""region"":""Los Lagos Region"",""percentage"":0.112903},{""region"":""Magallanes y la Ant\u00e1rtica Chilena Region"",""percentage"":0.002895},{""region"":""Maule Region"",""percentage"":0.027709},{""region"":""Santiago Metropolitan Region"",""percentage"":0.119107},{""region"":""Tarapac\u00e1 Region"",""percentage"":0.014475}",facebook,"lower_bound: 100001, upper_bound: 500000",es
164920929151869,103820310982935,"Sichel Presidente",2021-09-29,2021-09-29,2021-09-30,"Sebastián Sichel Ramirez","35 compromisos por un Chile mejor y 6 pilares claves para dar certezas a los cambios que queremos liderar #SePuede",,,,"lower_bound: 0, upper_bound: 999","lower_bound: 0, upper_bound: 99",USD,"{""age"":""45-54"",""gender"":""female"",""percentage"":0.002475},{""age"":""45-54"",""gender"":""unknown"",""percentage"":0.002475},{""age"":""25-34"",""gender"":""unknown"",""percentage"":0.002475},{""age"":""55-64"",""gender"":""male"",""percentage"":0.002475},{""age"":""18-24"",""gender"":""female"",""percentage"":0.022277},{""age"":""25-34"",""gender"":""female"",""percentage"":0.032178},{""age"":""18-24"",""gender"":""male"",""percentage"":0.101485},{""age"":""35-44"",""gender"":""male"",""percentage"":0.173267},{""age"":""25-34"",""gender"":""male"",""percentage"":0.596535},{""age"":""45-54"",""gender"":""male"",""percentage"":0.049505},{""age"":""35-44"",""gender"":""female"",""percentage"":0.014851}","{""region"":""Los R\u00edos Region"",""percentage"":0.009901},{""region"":""Arica y Parinacota Region"",""percentage"":0.019802},{""region"":""Valpara\u00edso Region"",""percentage"":0.024752},{""region"":""Ays\u00e9n Region"",""percentage"":0.012376},{""region"":""Antofagasta Region"",""percentage"":0.076733},{""region"":""Araucan\u00eda Region"",""percentage"":0.121287},{""region"":""Atacama Region"",""percentage"":0.032178},{""region"":""B\u00edo B\u00edo Region"",""percentage"":0.225248},{""region"":""Coquimbo Region"",""percentage"":0.079208},{""region"":""O'Higgins Region"",""percentage"":0.128713},{""region"":""Los Lagos Region"",""percentage"":0.116337},{""region"":""Magallanes y la Ant\u00e1rtica Chilena Region"",""percentage"":0.007426},{""region"":""Maule Region"",""percentage"":0.019802},{""region"":""Santiago Metropolitan Region"",""percentage"":0.121287},{""region"":""Tarapac\u00e1 Region"",""percentage"":0.00495}",facebook,"lower_bound: 100001, upper_bound: 500000",es
429936855373780,103820310982935,"Sichel Presidente",2021-09-29,2021-09-29,2021-09-30,"Sebastián Sichel Ramirez","Mientras hay familias sufriendo por balas asesinas, la discusión sigue en la farándula política.",,,,"lower_bound: 1000, upper_bound: 1999","lower_bound: 0, upper_bound: 99",USD,"{""age"":""35-44"",""gender"":""unknown"",""percentage"":0.003115},{""age"":""18-24"",""gender"":""female"",""percentage"":0.003115},{""age"":""18-24"",""gender"":""male"",""percentage"":0.016615},{""age"":""55-64"",""gender"":""female"",""percentage"":0.005192},{""age"":""35-44"",""gender"":""male"",""percentage"":0.190031},{""age"":""55-64"",""gender"":""male"",""percentage"":0.014538},{""age"":""25-34"",""gender"":""male"",""percentage"":0.454829},{""age"":""45-54"",""gender"":""male"",""percentage"":0.145379},{""age"":""35-44"",""gender"":""female"",""percentage"":0.03946},{""age"":""25-34"",""gender"":""female"",""percentage"":0.086189},{""age"":""45-54"",""gender"":""female"",""percentage"":0.032191},{""age"":""45-54"",""gender"":""unknown"",""percentage"":0.002077},{""age"":""25-34"",""gender"":""unknown"",""percentage"":0.007269}","{""region"":""Los R\u00edos Region"",""percentage"":0.011423},{""region"":""Arica y Parinacota Region"",""percentage"":0.023884},{""region"":""Valpara\u00edso Region"",""percentage"":0.036345},{""region"":""Ays\u00e9n Region"",""percentage"":0.015576},{""region"":""Antofagasta Region"",""percentage"":0.07892},{""region"":""Araucan\u00eda Region"",""percentage"":0.127726},{""region"":""Atacama Region"",""percentage"":0.057113},{""region"":""B\u00edo B\u00edo Region"",""percentage"":0.182762},{""region"":""Coquimbo Region"",""percentage"":0.07892},{""region"":""O'Higgins Region"",""percentage"":0.123572},{""region"":""Los Lagos Region"",""percentage"":0.109034},{""region"":""Magallanes y la Ant\u00e1rtica Chilena Region"",""percentage"":0.010384},{""region"":""Maule Region"",""percentage"":0.021807},{""region"":""Santiago Metropolitan Region"",""percentage"":0.114226},{""region"":""Tarapac\u00e1 Region"",""percentage"":0.008307}",facebook,"lower_bound: 100001, upper_bound: 500000",es
669136824061488,103820310982935,"Sichel Presidente",2021-09-29,2021-09-29,2021-10-12,"Sebastián Sichel Ramirez","Nuestro programa de gobierno necesita gente con experiencia, gente diversa y que represente a los chilenos. #SePuede","Un gabinete diverso",,,"lower_bound: 2000, upper_bound: 2999","lower_bound: 0, upper_bound: 99",USD,"{""age"":""35-44"",""gender"":""unknown"",""percentage"":0.002812},{""age"":""25-34"",""gender"":""unknown"",""percentage"":0.002009},{""age"":""18-24"",""gender"":""male"",""percentage"":0.029329},{""age"":""55-64"",""gender"":""male"",""percentage"":0.004821},{""age"":""25-34"",""gender"":""female"",""percentage"":0.252712},{""age"":""35-44"",""gender"":""male"",""percentage"":0.137003},{""age"":""25-34"",""gender"":""male"",""percentage"":0.196464},{""age"":""35-44"",""gender"":""female"",""percentage"":0.166734},{""age"":""45-54"",""gender"":""female"",""percentage"":0.08638},{""age"":""45-54"",""gender"":""male"",""percentage"":0.071515},{""age"":""18-24"",""gender"":""female"",""percentage"":0.039775},{""age"":""45-54"",""gender"":""unknown"",""percentage"":0.003214},{""age"":""55-64"",""gender"":""female"",""percentage"":0.007232}","{""region"":""Magallanes y la Ant\u00e1rtica Chilena Region"",""percentage"":0.004421},{""region"":""Los R\u00edos Region"",""percentage"":0.012862},{""region"":""Arica y Parinacota Region"",""percentage"":0.0209},{""region"":""Valpara\u00edso Region"",""percentage"":0.030949},{""region"":""Ays\u00e9n Region"",""percentage"":0.012862},{""region"":""Antofagasta Region"",""percentage"":0.075161},{""region"":""Araucan\u00eda Region"",""percentage"":0.12701},{""region"":""Atacama Region"",""percentage"":0.041399},{""region"":""B\u00edo B\u00edo Region"",""percentage"":0.197347},{""region"":""Coquimbo Region"",""percentage"":0.080386},{""region"":""O'Higgins Region"",""percentage"":0.118167},{""region"":""Los Lagos Region"",""percentage"":0.124196},{""region"":""Maule Region"",""percentage"":0.026125},{""region"":""Santiago Metropolitan Region"",""percentage"":0.121383},{""region"":""Tarapac\u00e1 Region"",""percentage"":0.006833}",facebook,"lower_bound: 100001, upper_bound: 500000",es
399573165104251,103820310982935,"Sichel Presidente",2021-09-29,2021-09-29,2021-10-13,"Sebastián Sichel Ramirez","La discapacidad no puede tener políticas públicas olvidadas, se necesita una mayor y real integración. En esta campaña decimos #SePuede!",,,,"lower_bound: 15000, upper_bound: 19999","lower_bound: 0, upper_bound: 99",USD,"{""age"":""45-54"",""gender"":""unknown"",""percentage"":0.002432},{""age"":""25-34"",""gender"":""female"",""percentage"":0.168659},{""age"":""35-44"",""gender"":""female"",""percentage"":0.059764},{""age"":""18-24"",""gender"":""female"",""percentage"":0.044684},{""age"":""25-34"",""gender"":""male"",""percentage"":0.332175},{""age"":""45-54"",""gender"":""male"",""percentage"":0.098263},{""age"":""18-24"",""gender"":""male"",""percentage"":0.075122},{""age"":""35-44"",""gender"":""male"",""percentage"":0.171577},{""age"":""55-64"",""gender"":""male"",""percentage"":0.00681},{""age"":""45-54"",""gender"":""female"",""percentage"":0.030785},{""age"":""25-34"",""gender"":""unknown"",""percentage"":0.004378},{""age"":""35-44"",""gender"":""unknown"",""percentage"":0.003127},{""age"":""55-64"",""gender"":""female"",""percentage"":0.001459},{""age"":""18-24"",""gender"":""unknown"",""percentage"":0.000764}","{""region"":""Magallanes y la Ant\u00e1rtica Chilena Region"",""percentage"":0.005097},{""region"":""Los R\u00edos Region"",""percentage"":0.009229},{""region"":""Arica y Parinacota Region"",""percentage"":0.026517},{""region"":""Valpara\u00edso Region"",""percentage"":0.031063},{""region"":""Ays\u00e9n Region"",""percentage"":0.016048},{""region"":""Antofagasta Region"",""percentage"":0.088987},{""region"":""Araucan\u00eda Region"",""percentage"":0.116055},{""region"":""Atacama Region"",""percentage"":0.045595},{""region"":""B\u00edo B\u00edo Region"",""percentage"":0.203389},{""region"":""Coquimbo Region"",""percentage"":0.079964},{""region"":""O'Higgins Region"",""percentage"":0.125077},{""region"":""Los Lagos Region"",""percentage"":0.098078},{""region"":""Maule Region"",""percentage"":0.020318},{""region"":""Santiago Metropolitan Region"",""percentage"":0.125077},{""region"":""Tarapac\u00e1 Region"",""percentage"":0.009505}",facebook,"lower_bound: 100001, upper_bound: 500000",es
1291565971302027,103820310982935,"Sichel Presidente",2021-09-29,2021-09-29,2021-09-30,"Sebastián Sichel Ramirez","Un Estado que entienda el emprender como un derecho, #SePuede",,,,"lower_bound: 0, upper_bound: 999","lower_bound: 0, upper_bound: 99",USD,"{""age"":""18-24"",""gender"":""unknown"",""percentage"":0.001297},{""age"":""35-44"",""gender"":""unknown"",""percentage"":0.001297},{""age"":""35-44"",""gender"":""female"",""percentage"":0.02594},{""age"":""45-54"",""gender"":""unknown"",""percentage"":0.007782},{""age"":""45-54"",""gender"":""female"",""percentage"":0.038911},{""age"":""55-64"",""gender"":""female"",""percentage"":0.006485},{""age"":""55-64"",""gender"":""male"",""percentage"":0.028534},{""age"":""45-54"",""gender"":""male"",""percentage"":0.232166},{""age"":""25-34"",""gender"":""male"",""percentage"":0.181582},{""age"":""18-24"",""gender"":""male"",""percentage"":0.223087},{""age"":""35-44"",""gender"":""male"",""percentage"":0.188067},{""age"":""18-24"",""gender"":""female"",""percentage"":0.029831},{""age"":""25-34"",""gender"":""female"",""percentage"":0.035019}","{""region"":""Los R\u00edos Region"",""percentage"":0.015564},{""region"":""Arica y Parinacota Region"",""percentage"":0.02594},{""region"":""Valpara\u00edso Region"",""percentage"":0.033722},{""region"":""Ays\u00e9n Region"",""percentage"":0.003891},{""region"":""Antofagasta Region"",""percentage"":0.079118},{""region"":""Araucan\u00eda Region"",""percentage"":0.110246},{""region"":""Atacama Region"",""percentage"":0.032425},{""region"":""B\u00edo B\u00edo Region"",""percentage"":0.185473},{""region"":""Coquimbo Region"",""percentage"":0.084306},{""region"":""O'Higgins Region"",""percentage"":0.105058},{""region"":""Los Lagos Region"",""percentage"":0.107652},{""region"":""Magallanes y la Ant\u00e1rtica Chilena Region"",""percentage"":0.002594},{""region"":""Maule Region"",""percentage"":0.029831},{""region"":""Santiago Metropolitan Region"",""percentage"":0.162127},{""region"":""Tarapac\u00e1 Region"",""percentage"":0.022049}",facebook,"lower_bound: 100001, upper_bound: 500000",es
4348330398595192,103820310982935,"Sichel Presidente",2021-09-29,2021-09-29,2021-09-30,"Sebastián Sichel Ramirez","Les presento a Eva. Como ella hay miles de emprendedores y miles de mujeres luchadoras. De eso se trata esta campaña, de acompañar mejor a quienes no hemos escuchado. #SePuede","Una emprendedora por naturaleza",,,"lower_bound: 5000, upper_bound: 5999","lower_bound: 0, upper_bound: 99",USD,"{""age"":""55-64"",""gender"":""unknown"",""percentage"":0.000202},{""age"":""25-34"",""gender"":""unknown"",""percentage"":0.002015},{""age"":""18-24"",""gender"":""male"",""percentage"":0.01713},{""age"":""45-54"",""gender"":""male"",""percentage"":0.182789},{""age"":""35-44"",""gender"":""male"",""percentage"":0.182789},{""age"":""55-64"",""gender"":""male"",""percentage"":0.017936},{""age"":""45-54"",""gender"":""female"",""percentage"":0.159613},{""age"":""35-44"",""gender"":""female"",""percentage"":0.146312},{""age"":""25-34"",""gender"":""female"",""percentage"":0.104796},{""age"":""25-34"",""gender"":""male"",""percentage"":0.138855},{""age"":""18-24"",""gender"":""female"",""percentage"":0.023378},{""age"":""55-64"",""gender"":""female"",""percentage"":0.018541},{""age"":""45-54"",""gender"":""unknown"",""percentage"":0.002418},{""age"":""35-44"",""gender"":""unknown"",""percentage"":0.002821},{""age"":""18-24"",""gender"":""unknown"",""percentage"":0.000403}","{""region"":""Los R\u00edos Region"",""percentage"":0.010026},{""region"":""Arica y Parinacota Region"",""percentage"":0.028474},{""region"":""Valpara\u00edso Region"",""percentage"":0.024263},{""region"":""Ays\u00e9n Region"",""percentage"":0.013435},{""region"":""Antofagasta Region"",""percentage"":0.080409},{""region"":""Araucan\u00eda Region"",""percentage"":0.135151},{""region"":""Atacama Region"",""percentage"":0.038901},{""region"":""B\u00edo B\u00edo Region"",""percentage"":0.187688},{""region"":""Coquimbo Region"",""percentage"":0.077201},{""region"":""O'Higgins Region"",""percentage"":0.117104},{""region"":""Los Lagos Region"",""percentage"":0.112091},{""region"":""Magallanes y la Ant\u00e1rtica Chilena Region"",""percentage"":0.00381},{""region"":""Maule Region"",""percentage"":0.028474},{""region"":""Santiago Metropolitan Region"",""percentage"":0.133748},{""region"":""Tarapac\u00e1 Region"",""percentage"":0.009224}",facebook,"lower_bound: 100001, upper_bound: 500000",es
188962376646482,103820310982935,"Sichel Presidente",2021-09-29,2021-09-29,2021-10-13,"Sebastián Sichel Ramirez","Los vecinos de la zona cero en Plaza Italia, piden no más violencia y si más justicia. Los escuchamos y ya estamos trabajando en un plan de recuperación. #SePuede",,,,"lower_bound: 2000, upper_bound: 2999","lower_bound: 0, upper_bound: 99",USD,"{""age"":""25-34"",""gender"":""unknown"",""percentage"":0.000555},{""age"":""18-24"",""gender"":""female"",""percentage"":0.0899},{""age"":""55-64"",""gender"":""female"",""percentage"":0.00333},{""age"":""35-44"",""gender"":""male"",""percentage"":0.216426},{""age"":""55-64"",""gender"":""male"",""percentage"":0.010544},{""age"":""35-44"",""gender"":""unknown"",""percentage"":0.003885},{""age"":""45-54"",""gender"":""unknown"",""percentage"":0.00111},{""age"":""45-54"",""gender"":""male"",""percentage"":0.150943},{""age"":""35-44"",""gender"":""female"",""percentage"":0.09323},{""age"":""25-34"",""gender"":""female"",""percentage"":0.056604},{""age"":""25-34"",""gender"":""male"",""percentage"":0.144284},{""age"":""18-24"",""gender"":""male"",""percentage"":0.186459},{""age"":""45-54"",""gender"":""female"",""percentage"":0.04273}","{""region"":""Magallanes y la Ant\u00e1rtica Chilena Region"",""percentage"":0.007722},{""region"":""Los R\u00edos Region"",""percentage"":0.01048},{""region"":""Arica y Parinacota Region"",""percentage"":0.032543},{""region"":""Valpara\u00edso Region"",""percentage"":0.030888},{""region"":""Ays\u00e9n Region"",""percentage"":0.012135},{""region"":""Antofagasta Region"",""percentage"":0.099283},{""region"":""Araucan\u00eda Region"",""percentage"":0.11914},{""region"":""Atacama Region"",""percentage"":0.041919},{""region"":""B\u00edo B\u00edo Region"",""percentage"":0.159956},{""region"":""Coquimbo Region"",""percentage"":0.078323},{""region"":""O'Higgins Region"",""percentage"":0.109763},{""region"":""Los Lagos Region"",""percentage"":0.114727},{""region"":""Maule Region"",""percentage"":0.023166},{""region"":""Santiago Metropolitan Region"",""percentage"":0.139548},{""region"":""Tarapac\u00e1 Region"",""percentage"":0.020408}",facebook,"lower_bound: 100001, upper_bound: 500000",es
263138899012834,103820310982935,"Sichel Presidente",2021-09-29,2021-09-29,2021-09-30,"Sebastián Sichel Ramirez","Junto a los vecinos de la Junta n31 de la Plaza Zañartu. La seguridad sigue siendo la principal preocupación de los chilenos, por eso hoy presentamos nuestras medidas para mejorar y potenciad la labor preventiva de Carabineros mediante el crecimiento de su dotación.",,,,"lower_bound: 0, upper_bound: 999","lower_bound: 0, upper_bound: 99",USD,,,facebook,"lower_bound: 100001, upper_bound: 500000",es
380691406937884,103820310982935,"Sichel Presidente",2021-09-29,2021-09-29,2021-10-13,"Sebastián Sichel Ramirez","Juntos nos va mejor! No dejemos que lo importante se nos pase de largo. Estoy convencido que #SePuede un Chile mejor, claro que #SePuede.",,,,"lower_bound: 15000, upper_bound: 19999","lower_bound: 0, upper_bound: 99",USD,"{""age"":""45-54"",""gender"":""unknown"",""percentage"":0.002254},{""age"":""18-24"",""gender"":""unknown"",""percentage"":0.000361},{""age"":""25-34"",""gender"":""unknown"",""percentage"":0.000541},{""age"":""35-44"",""gender"":""unknown"",""percentage"":0.002615},{""age"":""45-54"",""gender"":""female"",""percentage"":0.139856},{""age"":""55-64"",""gender"":""female"",""percentage"":0.013436},{""age"":""45-54"",""gender"":""male"",""percentage"":0.138954},{""age"":""25-34"",""gender"":""female"",""percentage"":0.128043},{""age"":""35-44"",""gender"":""male"",""percentage"":0.188368},{""age"":""35-44"",""gender"":""female"",""percentage"":0.190171},{""age"":""18-24"",""gender"":""female"",""percentage"":0.032101},{""age"":""25-34"",""gender"":""male"",""percentage"":0.119026},{""age"":""18-24"",""gender"":""male"",""percentage"":0.031109},{""age"":""55-64"",""gender"":""male"",""percentage"":0.013165}","{""region"":""Los R\u00edos Region"",""percentage"":0.010626},{""region"":""Arica y Parinacota Region"",""percentage"":0.028186},{""region"":""Valpara\u00edso Region"",""percentage"":0.028366},{""region"":""Ays\u00e9n Region"",""percentage"":0.01828},{""region"":""Antofagasta Region"",""percentage"":0.078703},{""region"":""Araucan\u00eda Region"",""percentage"":0.130392},{""region"":""Atacama Region"",""percentage"":0.044484},{""region"":""B\u00edo B\u00edo Region"",""percentage"":0.185412},{""region"":""Coquimbo Region"",""percentage"":0.077983},{""region"":""O'Higgins Region"",""percentage"":0.114813},{""region"":""Los Lagos Region"",""percentage"":0.114453},{""region"":""Magallanes y la Ant\u00e1rtica Chilena Region"",""percentage"":0.003872},{""region"":""Maule Region"",""percentage"":0.027015},{""region"":""Santiago Metropolitan Region"",""percentage"":0.12715},{""region"":""Tarapac\u00e1 Region"",""percentage"":0.010266}",facebook,"lower_bound: 100001, upper_bound: 500000",es
437464601135816,103820310982935,"Sichel Presidente",2021-09-29,2021-09-29,2021-10-13,"Sebastián Sichel Ramirez","En esta campaña las mujeres están al centro de nuestras propuestas y programa.","Mujeres al centro",,,"lower_bound: 15000, upper_bound: 19999","lower_bound: 0, upper_bound: 99",USD,"{""age"":""55-64"",""gender"":""unknown"",""percentage"":0.000154},{""age"":""18-24"",""gender"":""unknown"",""percentage"":0.000461},{""age"":""18-24"",""gender"":""male"",""percentage"":0.029032},{""age"":""55-64"",""gender"":""female"",""percentage"":0.013518},{""age"":""35-44"",""gender"":""male"",""percentage"":0.143548},{""age"":""25-34"",""gender"":""female"",""percentage"":0.206912},{""age"":""25-34"",""gender"":""male"",""percentage"":0.222427},{""age"":""45-54"",""gender"":""female"",""percentage"":0.108833},{""age"":""35-44"",""gender"":""female"",""percentage"":0.135714},{""age"":""45-54"",""gender"":""male"",""percentage"":0.083103},{""age"":""18-24"",""gender"":""female"",""percentage"":0.040707},{""age"":""35-44"",""gender"":""unknown"",""percentage"":0.003303},{""age"":""55-64"",""gender"":""male"",""percentage"":0.008295},{""age"":""45-54"",""gender"":""unknown"",""percentage"":0.002458},{""age"":""25-34"",""gender"":""unknown"",""percentage"":0.001536}","{""region"":""Magallanes y la Ant\u00e1rtica Chilena Region"",""percentage"":0.00427},{""region"":""Los R\u00edos Region"",""percentage"":0.008844},{""region"":""Arica y Parinacota Region"",""percentage"":0.026914},{""region"":""Valpara\u00edso Region"",""percentage"":0.03004},{""region"":""Ays\u00e9n Region"",""percentage"":0.017002},{""region"":""Antofagasta Region"",""percentage"":0.081122},{""region"":""Araucan\u00eda Region"",""percentage"":0.12885},{""region"":""Atacama Region"",""percentage"":0.048872},{""region"":""B\u00edo B\u00edo Region"",""percentage"":0.191293},{""region"":""Coquimbo Region"",""percentage"":0.085697},{""region"":""O'Higgins Region"",""percentage"":0.123742},{""region"":""Los Lagos Region"",""percentage"":0.112229},{""region"":""Maule Region"",""percentage"":0.021653},{""region"":""Santiago Metropolitan Region"",""percentage"":0.109103},{""region"":""Tarapac\u00e1 Region"",""percentage"":0.010369}",facebook,"lower_bound: 100001, upper_bound: 500000",es
578930646857402,103820310982935,"Sichel Presidente",2021-09-29,2021-09-29,2021-09-30,"Sebastián Sichel Ramirez","En nuestro paso por Llanquihue conocimos a este grupo de emprendedoras, “Aprendo a vivir”, que hace 11 años trabajan juntas en el rubro textil local. #SePuede",,,,"lower_bound: 0, upper_bound: 999","lower_bound: 0, upper_bound: 99",USD,"{""age"":""35-44"",""gender"":""unknown"",""percentage"":0.00625},{""age"":""35-44"",""gender"":""female"",""percentage"":0.015625},{""age"":""45-54"",""gender"":""female"",""percentage"":0.01875},{""age"":""55-64"",""gender"":""female"",""percentage"":0.003125},{""age"":""18-24"",""gender"":""female"",""percentage"":0.0125},{""age"":""25-34"",""gender"":""female"",""percentage"":0.025},{""age"":""45-54"",""gender"":""unknown"",""percentage"":0.0125},{""age"":""25-34"",""gender"":""male"",""percentage"":0.203125},{""age"":""35-44"",""gender"":""male"",""percentage"":0.3875},{""age"":""18-24"",""gender"":""male"",""percentage"":0.140625},{""age"":""45-54"",""gender"":""male"",""percentage"":0.175}","{""region"":""Los R\u00edos Region"",""percentage"":0.009375},{""region"":""Magallanes y la Ant\u00e1rtica Chilena Region"",""percentage"":0.00625},{""region"":""Tarapac\u00e1 Region"",""percentage"":0.009375},{""region"":""Arica y Parinacota Region"",""percentage"":0.0375},{""region"":""Valpara\u00edso Region"",""percentage"":0.021875},{""region"":""Ays\u00e9n Region"",""percentage"":0.0125},{""region"":""Antofagasta Region"",""percentage"":0.0875},{""region"":""Araucan\u00eda Region"",""percentage"":0.1375},{""region"":""Atacama Region"",""percentage"":0.05625},{""region"":""B\u00edo B\u00edo Region"",""percentage"":0.178125},{""region"":""Coquimbo Region"",""percentage"":0.0875},{""region"":""O'Higgins Region"",""percentage"":0.09375},{""region"":""Los Lagos Region"",""percentage"":0.09375},{""region"":""Maule Region"",""percentage"":0.025},{""region"":""Santiago Metropolitan Region"",""percentage"":0.14375}",facebook,"lower_bound: 100001, upper_bound: 500000",es
584146432632055,103820310982935,"Sichel Presidente",2021-09-29,2021-09-29,2021-10-11,"Sebastián Sichel Ramirez","Necesitamos recuperar el Estado de derecho en La Araucanía. De esto y más conversamos hoy en @laterceracom junto a tres candidatos presidenciales más.",,,,"lower_bound: 0, upper_bound: 999","lower_bound: 0, upper_bound: 99",USD,"{""age"":""18-24"",""gender"":""female"",""percentage"":0.020408},{""age"":""55-64"",""gender"":""unknown"",""percentage"":0.010204},{""age"":""55-64"",""gender"":""male"",""percentage"":0.010204},{""age"":""18-24"",""gender"":""male"",""percentage"":0.142857},{""age"":""18-24"",""gender"":""unknown"",""percentage"":0.010204},{""age"":""35-44"",""gender"":""male"",""percentage"":0.285714},{""age"":""45-54"",""gender"":""female"",""percentage"":0.071429},{""age"":""45-54"",""gender"":""male"",""percentage"":0.153061},{""age"":""25-34"",""gender"":""female"",""percentage"":0.020408},{""age"":""25-34"",""gender"":""male"",""percentage"":0.27551}","{""region"":""Maule Region"",""percentage"":0.020408},{""region"":""Los R\u00edos Region"",""percentage"":0.030612},{""region"":""Arica y Parinacota Region"",""percentage"":0.020408},{""region"":""O'Higgins Region"",""percentage"":0.091837},{""region"":""Los Lagos Region"",""percentage"":0.132653},{""region"":""Araucan\u00eda Region"",""percentage"":0.142857},{""region"":""Atacama Region"",""percentage"":0.05102},{""region"":""B\u00edo B\u00edo Region"",""percentage"":0.193878},{""region"":""Coquimbo Region"",""percentage"":0.091837},{""region"":""Santiago Metropolitan Region"",""percentage"":0.122449},{""region"":""Valpara\u00edso Region"",""percentage"":0.05102},{""region"":""Ays\u00e9n Region"",""percentage"":0.020408},{""region"":""Antofagasta Region"",""percentage"":0.030612}",facebook,"lower_bound: 100001, upper_bound: 500000",es
917026918892411,103820310982935,"Sichel Presidente",2021-09-29,2021-09-29,2021-09-30,"Sebastián Sichel Ramirez","Tenemos que dejar de ver la pensión de alimento como un favor. Este es un derecho de todos los niños y niñas, que de no tener un padre o madre presente, necesita de un Estado que sí lo sea. #SePuede",,,,"lower_bound: 0, upper_bound: 999","lower_bound: 0, upper_bound: 99",USD,,,facebook,"lower_bound: 100001, upper_bound: 500000",es
1054965111906695,103820310982935,"Sichel Presidente",2021-09-29,2021-09-29,2021-09-30,"Sebastián Sichel Ramirez","Necesitamos recuperar el Estado de derecho en La Araucanía. De esto y más conversamos hoy en @laterceracom junto a tres candidatos presidenciales más.",,,,"lower_bound: 0, upper_bound: 999","lower_bound: 0, upper_bound: 99",USD,,,facebook,"lower_bound: 100001, upper_bound: 500000",es
1323340518120323,103820310982935,"Sichel Presidente",2021-09-29,2021-09-29,2021-09-30,"Sebastián Sichel Ramirez","Cerrando un día movido con esta reflexión, qué queremos para nuestro país en 20 años? Yo no lo concibo sin una participación clave del emprendimiento. #SePuede",,,,"lower_bound: 0, upper_bound: 999","lower_bound: 0, upper_bound: 99",USD,,,facebook,"lower_bound: 100001, upper_bound: 500000",es
1820836228113948,103820310982935,"Sichel Presidente",2021-09-29,2021-09-29,2021-09-30,"Sebastián Sichel Ramirez","Resumen de la visita a Los Lagos! Gracias a Los Muermos, Puerto Montt, Puerto Varas, Llanquihue, Puyehue, Puerto Octay, Fresia y Osorno. La regionalización #SePuede",,,,"lower_bound: 0, upper_bound: 999","lower_bound: 0, upper_bound: 99",USD,"{""age"":""55-64"",""gender"":""female"",""percentage"":0.003311},{""age"":""25-34"",""gender"":""unknown"",""percentage"":0.006623},{""age"":""35-44"",""gender"":""unknown"",""percentage"":0.006623},{""age"":""18-24"",""gender"":""male"",""percentage"":0.112583},{""age"":""35-44"",""gender"":""male"",""percentage"":0.264901},{""age"":""45-54"",""gender"":""male"",""percentage"":0.208609},{""age"":""25-34"",""gender"":""male"",""percentage"":0.238411},{""age"":""18-24"",""gender"":""female"",""percentage"":0.013245},{""age"":""45-54"",""gender"":""female"",""percentage"":0.046358},{""age"":""35-44"",""gender"":""female"",""percentage"":0.046358},{""age"":""55-64"",""gender"":""male"",""percentage"":0.013245},{""age"":""25-34"",""gender"":""female"",""percentage"":0.039735}","{""region"":""Atacama Region"",""percentage"":0.019868},{""region"":""Magallanes y la Ant\u00e1rtica Chilena Region"",""percentage"":0.006623},{""region"":""Tarapac\u00e1 Region"",""percentage"":0.019868},{""region"":""Los R\u00edos Region"",""percentage"":0.016556},{""region"":""Arica y Parinacota Region"",""percentage"":0.033113},{""region"":""Valpara\u00edso Region"",""percentage"":0.023179},{""region"":""Ays\u00e9n Region"",""percentage"":0.013245},{""region"":""Antofagasta Region"",""percentage"":0.086093},{""region"":""Araucan\u00eda Region"",""percentage"":0.178808},{""region"":""B\u00edo B\u00edo Region"",""percentage"":0.188742},{""region"":""Coquimbo Region"",""percentage"":0.05298},{""region"":""O'Higgins Region"",""percentage"":0.076159},{""region"":""Los Lagos Region"",""percentage"":0.099338},{""region"":""Maule Region"",""percentage"":0.029801},{""region"":""Santiago Metropolitan Region"",""percentage"":0.155629}",facebook,"lower_bound: 100001, upper_bound: 500000",es
3399806640245955,103820310982935,"Sichel Presidente",2021-09-29,2021-09-29,2021-09-30,"Sebastián Sichel Ramirez","Necesitamos recuperar el Estado de derecho en La Araucanía. De esto y más conversamos hoy en @laterceracom junto a tres candidatos presidenciales más.",,,,"lower_bound: 0, upper_bound: 999","lower_bound: 0, upper_bound: 99",USD,"{""age"":""18-24"",""gender"":""female"",""percentage"":0.028846},{""age"":""45-54"",""gender"":""female"",""percentage"":0.009615},{""age"":""25-34"",""gender"":""female"",""percentage"":0.067308},{""age"":""35-44"",""gender"":""female"",""percentage"":0.048077},{""age"":""45-54"",""gender"":""male"",""percentage"":0.144231},{""age"":""35-44"",""gender"":""male"",""percentage"":0.201923},{""age"":""18-24"",""gender"":""male"",""percentage"":0.048077},{""age"":""25-34"",""gender"":""male"",""percentage"":0.451923}","{""region"":""Arica y Parinacota Region"",""percentage"":0.019231},{""region"":""Magallanes y la Ant\u00e1rtica Chilena Region"",""percentage"":0.009615},{""region"":""Los R\u00edos Region"",""percentage"":0.019231},{""region"":""Valpara\u00edso Region"",""percentage"":0.028846},{""region"":""Ays\u00e9n Region"",""percentage"":0.038462},{""region"":""Antofagasta Region"",""percentage"":0.067308},{""region"":""Araucan\u00eda Region"",""percentage"":0.105769},{""region"":""Atacama Region"",""percentage"":0.019231},{""region"":""B\u00edo B\u00edo Region"",""percentage"":0.173077},{""region"":""Coquimbo Region"",""percentage"":0.096154},{""region"":""O'Higgins Region"",""percentage"":0.144231},{""region"":""Los Lagos Region"",""percentage"":0.134615},{""region"":""Santiago Metropolitan Region"",""percentage"":0.125},{""region"":""Tarapac\u00e1 Region"",""percentage"":0.019231}",facebook,"lower_bound: 100001, upper_bound: 500000",es
4488467894567028,103820310982935,"Sichel Presidente",2021-09-29,2021-09-29,2021-09-30,"Sebastián Sichel Ramirez","Acompáñennos en esta nueva etapa! #SePuede #SichelPresidente",,,,"lower_bound: 0, upper_bound: 999","lower_bound: 0, upper_bound: 99",USD,,,facebook,"lower_bound: 100001, upper_bound: 500000",es
895111698106010,103820310982935,"Sichel Presidente",2021-09-29,2021-09-29,2021-10-12,"Sebastián Sichel Ramirez","La familia Mella Guzmán representa el esfuerzo de miles de familias chilenas. Y nos transmiten lo importante: compartir y agradecer en familia. #SePuede #YoTeEscucho",,,,"lower_bound: 1000, upper_bound: 1999","lower_bound: 0, upper_bound: 99",USD,"{""age"":""25-34"",""gender"":""unknown"",""percentage"":0.000911},{""age"":""45-54"",""gender"":""unknown"",""percentage"":0.001821},{""age"":""18-24"",""gender"":""unknown"",""percentage"":0.000911},{""age"":""18-24"",""gender"":""male"",""percentage"":0.030055},{""age"":""55-64"",""gender"":""male"",""percentage"":0.007286},{""age"":""18-24"",""gender"":""female"",""percentage"":0.061931},{""age"":""25-34"",""gender"":""female"",""percentage"":0.269581},{""age"":""35-44"",""gender"":""male"",""percentage"":0.099271},{""age"":""45-54"",""gender"":""female"",""percentage"":0.091075},{""age"":""25-34"",""gender"":""male"",""percentage"":0.221311},{""age"":""45-54"",""gender"":""male"",""percentage"":0.076503},{""age"":""35-44"",""gender"":""female"",""percentage"":0.12204},{""age"":""35-44"",""gender"":""unknown"",""percentage"":0.005464},{""age"":""55-64"",""gender"":""female"",""percentage"":0.01184}","{""region"":""Magallanes y la Ant\u00e1rtica Chilena Region"",""percentage"":0.00275},{""region"":""Los R\u00edos Region"",""percentage"":0.013749},{""region"":""Arica y Parinacota Region"",""percentage"":0.026581},{""region"":""Valpara\u00edso Region"",""percentage"":0.027498},{""region"":""Ays\u00e9n Region"",""percentage"":0.014665},{""region"":""Antofagasta Region"",""percentage"":0.073327},{""region"":""Araucan\u00eda Region"",""percentage"":0.135655},{""region"":""Atacama Region"",""percentage"":0.043996},{""region"":""B\u00edo B\u00edo Region"",""percentage"":0.169569},{""region"":""Coquimbo Region"",""percentage"":0.082493},{""region"":""O'Higgins Region"",""percentage"":0.129239},{""region"":""Los Lagos Region"",""percentage"":0.116407},{""region"":""Maule Region"",""percentage"":0.03758},{""region"":""Santiago Metropolitan Region"",""percentage"":0.111824},{""region"":""Tarapac\u00e1 Region"",""percentage"":0.014665}",facebook,"lower_bound: 100001, upper_bound: 500000",es
1288193961637122,103820310982935,"Sichel Presidente",2021-09-29,2021-09-29,2021-10-13,"Sebastián Sichel Ramirez","Propuestas para un país que pone a las familias al centro.",,,,"lower_bound: 3000, upper_bound: 3999","lower_bound: 0, upper_bound: 99",USD,"{""age"":""18-24"",""gender"":""unknown"",""percentage"":0.000373},{""age"":""25-34"",""gender"":""unknown"",""percentage"":0.001867},{""age"":""55-64"",""gender"":""female"",""percentage"":0.010829},{""age"":""55-64"",""gender"":""male"",""percentage"":0.005975},{""age"":""18-24"",""gender"":""male"",""percentage"":0.040329},{""age"":""35-44"",""gender"":""female"",""percentage"":0.178491},{""age"":""25-34"",""gender"":""male"",""percentage"":0.184839},{""age"":""45-54"",""gender"":""male"",""percentage"":0.080284},{""age"":""35-44"",""gender"":""male"",""percentage"":0.101195},{""age"":""25-34"",""gender"":""female"",""percentage"":0.224421},{""age"":""45-54"",""gender"":""female"",""percentage"":0.097834},{""age"":""18-24"",""gender"":""female"",""percentage"":0.068708},{""age"":""35-44"",""gender"":""unknown"",""percentage"":0.003734},{""age"":""45-54"",""gender"":""unknown"",""percentage"":0.00112}","{""region"":""Arica y Parinacota Region"",""percentage"":0.037023},{""region"":""Valpara\u00edso Region"",""percentage"":0.026926},{""region"":""Ays\u00e9n Region"",""percentage"":0.016455},{""region"":""Antofagasta Region"",""percentage"":0.104338},{""region"":""Araucan\u00eda Region"",""percentage"":0.13089},{""region"":""Atacama Region"",""percentage"":0.047494},{""region"":""B\u00edo B\u00edo Region"",""percentage"":0.172401},{""region"":""Coquimbo Region"",""percentage"":0.088257},{""region"":""O'Higgins Region"",""percentage"":0.106956},{""region"":""Los Lagos Region"",""percentage"":0.119297},{""region"":""Maule Region"",""percentage"":0.019073},{""region"":""Santiago Metropolitan Region"",""percentage"":0.109574},{""region"":""Los R\u00edos Region"",""percentage"":0.010097},{""region"":""Magallanes y la Ant\u00e1rtica Chilena Region"",""percentage"":0.002244},{""region"":""Tarapac\u00e1 Region"",""percentage"":0.008975}",facebook,"lower_bound: 100001, upper_bound: 500000",es
4429082843803993,103820310982935,"Sichel Presidente",2021-09-29,2021-09-29,2021-09-30,"Sebastián Sichel Ramirez","Junto a mi familia, a mis amigos y a cientos de personas que creen que la política no es contra alguien; es junto a muchos. Gracias por el cariño, la energía y la esperanza. A ganar!

#SePuede.",,,,"lower_bound: 0, upper_bound: 999","lower_bound: 0, upper_bound: 99",USD,,,facebook,"lower_bound: 100001, upper_bound: 500000",es
619160362411490,103820310982935,"Sichel Presidente",2021-09-28,2021-09-29,2021-09-29,"Sebastián Sichel Ramirez","Por un Chile donde ninguna mujer más aplace sus proyectos por culpa de un papá ausente que no paga la pensión de alimentos. Por un Chile donde ningún niño o niña tenga que perseguir lo que es un derecho. #SePuede","Un Chile para las mujeres",,,"lower_bound: 0, upper_bound: 999","lower_bound: 0, upper_bound: 99",USD,"{""age"":""55-64"",""gender"":""male"",""percentage"":0.015345},{""age"":""18-24"",""gender"":""female"",""percentage"":0.012788},{""age"":""18-24"",""gender"":""male"",""percentage"":0.02046},{""age"":""25-34"",""gender"":""female"",""percentage"":0.086957},{""age"":""35-44"",""gender"":""female"",""percentage"":0.202046},{""age"":""25-34"",""gender"":""male"",""percentage"":0.117647},{""age"":""35-44"",""gender"":""male"",""percentage"":0.207161},{""age"":""45-54"",""gender"":""male"",""percentage"":0.14578},{""age"":""35-44"",""gender"":""unknown"",""percentage"":0.005115},{""age"":""45-54"",""gender"":""female"",""percentage"":0.163683},{""age"":""55-64"",""gender"":""female"",""percentage"":0.023018}","{""region"":""Los R\u00edos Region"",""percentage"":0.012788},{""region"":""Arica y Parinacota Region"",""percentage"":0.053708},{""region"":""Valpara\u00edso Region"",""percentage"":0.01023},{""region"":""Ays\u00e9n Region"",""percentage"":0.012788},{""region"":""Antofagasta Region"",""percentage"":0.140665},{""region"":""Araucan\u00eda Region"",""percentage"":0.11509},{""region"":""Atacama Region"",""percentage"":0.051151},{""region"":""B\u00edo B\u00edo Region"",""percentage"":0.171355},{""region"":""Coquimbo Region"",""percentage"":0.094629},{""region"":""O'Higgins Region"",""percentage"":0.117647},{""region"":""Los Lagos Region"",""percentage"":0.074169},{""region"":""Maule Region"",""percentage"":0.01023},{""region"":""Santiago Metropolitan Region"",""percentage"":0.12532},{""region"":""Tarapac\u00e1 Region"",""percentage"":0.01023}","facebook,instagram","lower_bound: 100001, upper_bound: 500000",es
668765510766797,103820310982935,"Sichel Presidente",2021-09-28,2021-09-29,2021-10-03,"Sebastián Sichel Ramirez","Por un Chile donde ninguna mujer más aplace sus proyectos por culpa de un papá ausente que no paga la pensión de alimentos. Por un Chile donde ningún niño o niña tenga que perseguir lo que es un derecho. #SePuede","Un Chile para las mujeres",,,"lower_bound: 6000, upper_bound: 6999","lower_bound: 0, upper_bound: 99",USD,"{""age"":""25-34"",""gender"":""unknown"",""percentage"":0.000377},{""age"":""55-64"",""gender"":""female"",""percentage"":0.019021},{""age"":""18-24"",""gender"":""male"",""percentage"":0.041431},{""age"":""55-64"",""gender"":""male"",""percentage"":0.009793},{""age"":""18-24"",""gender"":""female"",""percentage"":0.046139},{""age"":""35-44"",""gender"":""male"",""percentage"":0.160829},{""age"":""35-44"",""gender"":""female"",""percentage"":0.145386},{""age"":""25-34"",""gender"":""male"",""percentage"":0.169492},{""age"":""25-34"",""gender"":""female"",""percentage"":0.123917},{""age"":""45-54"",""gender"":""male"",""percentage"":0.123917},{""age"":""45-54"",""gender"":""female"",""percentage"":0.157627},{""age"":""45-54"",""gender"":""unknown"",""percentage"":0.000942},{""age"":""18-24"",""gender"":""unknown"",""percentage"":0.000565},{""age"":""35-44"",""gender"":""unknown"",""percentage"":0.000565}","{""region"":""Los R\u00edos Region"",""percentage"":0.033302},{""region"":""Arica y Parinacota Region"",""percentage"":0.034986},{""region"":""Valpara\u00edso Region"",""percentage"":0.09841},{""region"":""Ays\u00e9n Region"",""percentage"":0.003742},{""region"":""Antofagasta Region"",""percentage"":0.078017},{""region"":""Araucan\u00eda Region"",""percentage"":0.079139},{""region"":""Atacama Region"",""percentage"":0.029186},{""region"":""B\u00edo B\u00edo Region"",""percentage"":0.132834},{""region"":""Coquimbo Region"",""percentage"":0.061179},{""region"":""O'Higgins Region"",""percentage"":0.067914},{""region"":""Los Lagos Region"",""percentage"":0.065482},{""region"":""Magallanes y la Ant\u00e1rtica Chilena Region"",""percentage"":0.010477},{""region"":""Maule Region"",""percentage"":0.09841},{""region"":""Santiago Metropolitan Region"",""percentage"":0.150982},{""region"":""Tarapac\u00e1 Region"",""percentage"":0.05594}","facebook,instagram","lower_bound: 1000001",es
2901677040094386,103820310982935,"Sichel Presidente",2021-09-28,2021-09-29,2021-10-13,"Sebastián Sichel Ramirez","Por un Chile donde ninguna mujer más aplace sus proyectos por culpa de un papá ausente que no paga la pensión de alimentos. Por un Chile donde ningún niño o niña tenga que perseguir lo que es un derecho. #SePuede","Un Chile para las mujeres",,,"lower_bound: 2000, upper_bound: 2999","lower_bound: 0, upper_bound: 99",USD,"{""age"":""35-44"",""gender"":""unknown"",""percentage"":0.00155},{""age"":""45-54"",""gender"":""unknown"",""percentage"":0.00155},{""age"":""18-24"",""gender"":""male"",""percentage"":0.024277},{""age"":""35-44"",""gender"":""female"",""percentage"":0.205062},{""age"":""45-54"",""gender"":""male"",""percentage"":0.097107},{""age"":""45-54"",""gender"":""female"",""percentage"":0.192149},{""age"":""25-34"",""gender"":""female"",""percentage"":0.147211},{""age"":""25-34"",""gender"":""male"",""percentage"":0.126033},{""age"":""35-44"",""gender"":""male"",""percentage"":0.130682},{""age"":""18-24"",""gender"":""female"",""percentage"":0.045971},{""age"":""55-64"",""gender"":""female"",""percentage"":0.018595},{""age"":""25-34"",""gender"":""unknown"",""percentage"":0.002066},{""age"":""55-64"",""gender"":""male"",""percentage"":0.007748}","{""region"":""Los R\u00edos Region"",""percentage"":0.027965},{""region"":""Arica y Parinacota Region"",""percentage"":0.023822},{""region"":""Valpara\u00edso Region"",""percentage"":0.088555},{""region"":""Ays\u00e9n Region"",""percentage"":0.006214},{""region"":""Antofagasta Region"",""percentage"":0.103055},{""region"":""Araucan\u00eda Region"",""percentage"":0.095287},{""region"":""Atacama Region"",""percentage"":0.033143},{""region"":""B\u00edo B\u00edo Region"",""percentage"":0.165717},{""region"":""Coquimbo Region"",""percentage"":0.056965},{""region"":""O'Higgins Region"",""percentage"":0.061626},{""region"":""Los Lagos Region"",""percentage"":0.083894},{""region"":""Magallanes y la Ant\u00e1rtica Chilena Region"",""percentage"":0.011911},{""region"":""Maule Region"",""percentage"":0.093216},{""region"":""Santiago Metropolitan Region"",""percentage"":0.100466},{""region"":""Tarapac\u00e1 Region"",""percentage"":0.048162}","facebook,instagram","lower_bound: 500001, upper_bound: 1000000",es
537387167361166,103820310982935,"Sichel Presidente",2021-09-27,2021-09-28,2021-10-13,"Sebastián Sichel Ramirez","Necesitamos recuperar el Estado de derecho en La Araucanía. De esto y más conversamos hoy en @laterceracom junto a tres candidatos presidenciales más.",,,,"lower_bound: 45000, upper_bound: 49999","lower_bound: 100, upper_bound: 199",USD,"{""age"":""18-24"",""gender"":""unknown"",""percentage"":0.000125},{""age"":""55-64"",""gender"":""unknown"",""percentage"":5.0e-5},{""age"":""45-54"",""gender"":""unknown"",""percentage"":0.001994},{""age"":""35-44"",""gender"":""unknown"",""percentage"":0.002892},{""age"":""55-64"",""gender"":""male"",""percentage"":0.00865},{""age"":""18-24"",""gender"":""female"",""percentage"":0.017723},{""age"":""45-54"",""gender"":""female"",""percentage"":0.079966},{""age"":""25-34"",""gender"":""male"",""percentage"":0.251589},{""age"":""18-24"",""gender"":""male"",""percentage"":0.025824},{""age"":""25-34"",""gender"":""female"",""percentage"":0.114041},{""age"":""45-54"",""gender"":""male"",""percentage"":0.14859},{""age"":""35-44"",""gender"":""female"",""percentage"":0.099459},{""age"":""35-44"",""gender"":""male"",""percentage"":0.242217},{""age"":""55-64"",""gender"":""female"",""percentage"":0.005135},{""age"":""25-34"",""gender"":""unknown"",""percentage"":0.001745}","{""region"":""Los R\u00edos Region"",""percentage"":0.035975},{""region"":""Arica y Parinacota Region"",""percentage"":0.030408},{""region"":""Valpara\u00edso Region"",""percentage"":0.083826},{""region"":""Ays\u00e9n Region"",""percentage"":0.008709},{""region"":""Antofagasta Region"",""percentage"":0.078705},{""region"":""Araucan\u00eda Region"",""percentage"":0.096346},{""region"":""Atacama Region"",""percentage"":0.027389},{""region"":""B\u00edo B\u00edo Region"",""percentage"":0.179182},{""region"":""Coquimbo Region"",""percentage"":0.048049},{""region"":""O'Higgins Region"",""percentage"":0.063785},{""region"":""Los Lagos Region"",""percentage"":0.1007},{""region"":""Magallanes y la Ant\u00e1rtica Chilena Region"",""percentage"":0.016058},{""region"":""Maule Region"",""percentage"":0.108197},{""region"":""Santiago Metropolitan Region"",""percentage"":0.074375},{""region"":""Tarapac\u00e1 Region"",""percentage"":0.048297}","facebook,instagram","lower_bound: 500001, upper_bound: 1000000",es
391487385806466,103820310982935,"Sichel Presidente",2021-09-27,2021-09-28,2021-10-13,"Sebastián Sichel Ramirez","En esta campaña las mujeres están al centro de nuestras propuestas y programa.","Mujeres al centro",,,"lower_bound: 200000, upper_bound: 249999","lower_bound: 700, upper_bound: 799",USD,"{""age"":""13-17"",""gender"":""male"",""percentage"":6.0e-6},{""age"":""18-24"",""gender"":""unknown"",""percentage"":0.000238},{""age"":""45-54"",""gender"":""unknown"",""percentage"":0.000835},{""age"":""35-44"",""gender"":""unknown"",""percentage"":0.001792},{""age"":""18-24"",""gender"":""male"",""percentage"":0.026593},{""age"":""35-44"",""gender"":""female"",""percentage"":0.174797},{""age"":""18-24"",""gender"":""female"",""percentage"":0.035404},{""age"":""45-54"",""gender"":""female"",""percentage"":0.150251},{""age"":""25-34"",""gender"":""female"",""percentage"":0.181606},{""age"":""25-34"",""gender"":""male"",""percentage"":0.181551},{""age"":""45-54"",""gender"":""male"",""percentage"":0.080056},{""age"":""35-44"",""gender"":""male"",""percentage"":0.149421},{""age"":""55-64"",""gender"":""female"",""percentage"":0.012561},{""age"":""55-64"",""gender"":""male"",""percentage"":0.004038},{""age"":""25-34"",""gender"":""unknown"",""percentage"":0.00083},{""age"":""55-64"",""gender"":""unknown"",""percentage"":2.2e-5}","{""region"":""Los R\u00edos Region"",""percentage"":0.039444},{""region"":""Arica y Parinacota Region"",""percentage"":0.025612},{""region"":""Valpara\u00edso Region"",""percentage"":0.090492},{""region"":""Ays\u00e9n Region"",""percentage"":0.008859},{""region"":""Antofagasta Region"",""percentage"":0.074368},{""region"":""Araucan\u00eda Region"",""percentage"":0.101167},{""region"":""Atacama Region"",""percentage"":0.0309},{""region"":""B\u00edo B\u00edo Region"",""percentage"":0.184797},{""region"":""Coquimbo Region"",""percentage"":0.046968},{""region"":""O'Higgins Region"",""percentage"":0.065785},{""region"":""Los Lagos Region"",""percentage"":0.100057},{""region"":""Magallanes y la Ant\u00e1rtica Chilena Region"",""percentage"":0.016145},{""region"":""Maule Region"",""percentage"":0.104562},{""region"":""Santiago Metropolitan Region"",""percentage"":0.066116},{""region"":""Tarapac\u00e1 Region"",""percentage"":0.044727}","facebook,instagram","lower_bound: 500001, upper_bound: 1000000",es
169033732048470,103820310982935,"Sichel Presidente",2021-09-27,2021-09-28,2021-09-29,"Sebastián Sichel Ramirez","Necesitamos recuperar el Estado de derecho en La Araucanía. De esto y más conversamos hoy en @laterceracom junto a tres candidatos presidenciales más.",,,,"lower_bound: 2000, upper_bound: 2999","lower_bound: 0, upper_bound: 99",USD,"{""age"":""35-44"",""gender"":""unknown"",""percentage"":0.003332},{""age"":""25-34"",""gender"":""unknown"",""percentage"":0.001851},{""age"":""35-44"",""gender"":""female"",""percentage"":0.092558},{""age"":""45-54"",""gender"":""female"",""percentage"":0.066642},{""age"":""18-24"",""gender"":""male"",""percentage"":0.019622},{""age"":""55-64"",""gender"":""male"",""percentage"":0.007775},{""age"":""25-34"",""gender"":""male"",""percentage"":0.30137},{""age"":""35-44"",""gender"":""male"",""percentage"":0.204369},{""age"":""18-24"",""gender"":""female"",""percentage"":0.010367},{""age"":""25-34"",""gender"":""female"",""percentage"":0.15883},{""age"":""45-54"",""gender"":""male"",""percentage"":0.12736},{""age"":""55-64"",""gender"":""female"",""percentage"":0.004813},{""age"":""45-54"",""gender"":""unknown"",""percentage"":0.001111}","{""region"":""Los R\u00edos Region"",""percentage"":0.009687},{""region"":""Arica y Parinacota Region"",""percentage"":0.024963},{""region"":""Valpara\u00edso Region"",""percentage"":0.021982},{""region"":""Ays\u00e9n Region"",""percentage"":0.017884},{""region"":""Antofagasta Region"",""percentage"":0.098361},{""region"":""Araucan\u00eda Region"",""percentage"":0.129285},{""region"":""Atacama Region"",""percentage"":0.035395},{""region"":""B\u00edo B\u00edo Region"",""percentage"":0.192996},{""region"":""Coquimbo Region"",""percentage"":0.07079},{""region"":""O'Higgins Region"",""percentage"":0.134501},{""region"":""Los Lagos Region"",""percentage"":0.124441},{""region"":""Magallanes y la Ant\u00e1rtica Chilena Region"",""percentage"":0.004844},{""region"":""Maule Region"",""percentage"":0.027571},{""region"":""Santiago Metropolitan Region"",""percentage"":0.097988},{""region"":""Tarapac\u00e1 Region"",""percentage"":0.009314}","facebook,instagram","lower_bound: 100001, upper_bound: 500000",es
847840656104943,103820310982935,"Sichel Presidente",2021-09-27,2021-09-28,2021-10-13,"Sebastián Sichel Ramirez","Necesitamos recuperar el Estado de derecho en La Araucanía. De esto y más conversamos hoy en @laterceracom junto a tres candidatos presidenciales más.",,,,"lower_bound: 40000, upper_bound: 44999","lower_bound: 100, upper_bound: 199",USD,"{""age"":""45-54"",""gender"":""unknown"",""percentage"":0.00187},{""age"":""55-64"",""gender"":""male"",""percentage"":0.008576},{""age"":""18-24"",""gender"":""male"",""percentage"":0.024286},{""age"":""45-54"",""gender"":""female"",""percentage"":0.067675},{""age"":""25-34"",""gender"":""unknown"",""percentage"":0.00179},{""age"":""35-44"",""gender"":""female"",""percentage"":0.088675},{""age"":""45-54"",""gender"":""male"",""percentage"":0.1618},{""age"":""35-44"",""gender"":""male"",""percentage"":0.26394},{""age"":""25-34"",""gender"":""male"",""percentage"":0.26215},{""age"":""25-34"",""gender"":""female"",""percentage"":0.10035},{""age"":""35-44"",""gender"":""unknown"",""percentage"":0.003607},{""age"":""18-24"",""gender"":""female"",""percentage"":0.011462},{""age"":""55-64"",""gender"":""female"",""percentage"":0.003607},{""age"":""18-24"",""gender"":""unknown"",""percentage"":0.00016},{""age"":""55-64"",""gender"":""unknown"",""percentage"":5.3e-5}","{""region"":""Los R\u00edos Region"",""percentage"":0.038698},{""region"":""Arica y Parinacota Region"",""percentage"":0.027512},{""region"":""Valpara\u00edso Region"",""percentage"":0.085773},{""region"":""Ays\u00e9n Region"",""percentage"":0.008939},{""region"":""Antofagasta Region"",""percentage"":0.074801},{""region"":""Araucan\u00eda Region"",""percentage"":0.099984},{""region"":""Atacama Region"",""percentage"":0.027806},{""region"":""B\u00edo B\u00edo Region"",""percentage"":0.183509},{""region"":""Coquimbo Region"",""percentage"":0.048921},{""region"":""O'Higgins Region"",""percentage"":0.064577},{""region"":""Los Lagos Region"",""percentage"":0.100412},{""region"":""Magallanes y la Ant\u00e1rtica Chilena Region"",""percentage"":0.016057},{""region"":""Maule Region"",""percentage"":0.10737},{""region"":""Santiago Metropolitan Region"",""percentage"":0.071429},{""region"":""Tarapac\u00e1 Region"",""percentage"":0.044211}","facebook,instagram","lower_bound: 500001, upper_bound: 1000000",es
1057542018347757,103820310982935,"Sichel Presidente",2021-09-27,2021-09-28,2021-09-29,"Sebastián Sichel Ramirez","Necesitamos recuperar el Estado de derecho en La Araucanía. De esto y más conversamos hoy en @laterceracom junto a tres candidatos presidenciales más.",,,,"lower_bound: 3000, upper_bound: 3999","lower_bound: 0, upper_bound: 99",USD,"{""age"":""45-54"",""gender"":""unknown"",""percentage"":0.002185},{""age"":""45-54"",""gender"":""male"",""percentage"":0.133},{""age"":""25-34"",""gender"":""male"",""percentage"":0.289728},{""age"":""18-24"",""gender"":""male"",""percentage"":0.026225},{""age"":""25-34"",""gender"":""female"",""percentage"":0.145176},{""age"":""35-44"",""gender"":""female"",""percentage"":0.091165},{""age"":""18-24"",""gender"":""female"",""percentage"":0.007805},{""age"":""55-64"",""gender"":""male"",""percentage"":0.010927},{""age"":""35-44"",""gender"":""male"",""percentage"":0.212925},{""age"":""45-54"",""gender"":""female"",""percentage"":0.067749},{""age"":""55-64"",""gender"":""female"",""percentage"":0.003434},{""age"":""25-34"",""gender"":""unknown"",""percentage"":0.004059},{""age"":""35-44"",""gender"":""unknown"",""percentage"":0.00562}","{""region"":""Los R\u00edos Region"",""percentage"":0.009767},{""region"":""Arica y Parinacota Region"",""percentage"":0.022054},{""region"":""Valpara\u00edso Region"",""percentage"":0.031821},{""region"":""Ays\u00e9n Region"",""percentage"":0.019849},{""region"":""Antofagasta Region"",""percentage"":0.070258},{""region"":""Araucan\u00eda Region"",""percentage"":0.132325},{""region"":""Atacama Region"",""percentage"":0.042218},{""region"":""B\u00edo B\u00edo Region"",""percentage"":0.203214},{""region"":""Coquimbo Region"",""percentage"":0.081601},{""region"":""O'Higgins Region"",""percentage"":0.141462},{""region"":""Los Lagos Region"",""percentage"":0.105545},{""region"":""Magallanes y la Ant\u00e1rtica Chilena Region"",""percentage"":0.003151},{""region"":""Maule Region"",""percentage"":0.019849},{""region"":""Santiago Metropolitan Region"",""percentage"":0.107435},{""region"":""Tarapac\u00e1 Region"",""percentage"":0.009452}","facebook,instagram","lower_bound: 100001, upper_bound: 500000",es
1895564910614658,103820310982935,"Sichel Presidente",2021-09-27,2021-09-28,2021-09-29,"Sebastián Sichel Ramirez","Necesitamos recuperar el Estado de derecho en La Araucanía. De esto y más conversamos hoy en @laterceracom junto a tres candidatos presidenciales más.",,,,"lower_bound: 1000, upper_bound: 1999","lower_bound: 0, upper_bound: 99",USD,"{""age"":""55-64"",""gender"":""male"",""percentage"":0.004115},{""age"":""35-44"",""gender"":""unknown"",""percentage"":0.002058},{""age"":""18-24"",""gender"":""male"",""percentage"":0.028807},{""age"":""45-54"",""gender"":""female"",""percentage"":0.061043},{""age"":""45-54"",""gender"":""male"",""percentage"":0.137174},{""age"":""25-34"",""gender"":""male"",""percentage"":0.288066},{""age"":""25-34"",""gender"":""female"",""percentage"":0.155693},{""age"":""35-44"",""gender"":""male"",""percentage"":0.19273},{""age"":""35-44"",""gender"":""female"",""percentage"":0.104252},{""age"":""25-34"",""gender"":""unknown"",""percentage"":0.002058},{""age"":""18-24"",""gender"":""female"",""percentage"":0.015089},{""age"":""55-64"",""gender"":""female"",""percentage"":0.005487},{""age"":""18-24"",""gender"":""unknown"",""percentage"":0.001372},{""age"":""45-54"",""gender"":""unknown"",""percentage"":0.002058}","{""region"":""Los R\u00edos Region"",""percentage"":0.009596},{""region"":""Arica y Parinacota Region"",""percentage"":0.026045},{""region"":""Valpara\u00edso Region"",""percentage"":0.035641},{""region"":""Ays\u00e9n Region"",""percentage"":0.015764},{""region"":""Antofagasta Region"",""percentage"":0.082248},{""region"":""Araucan\u00eda Region"",""percentage"":0.115147},{""region"":""Atacama Region"",""percentage"":0.037697},{""region"":""B\u00edo B\u00edo Region"",""percentage"":0.188485},{""region"":""Coquimbo Region"",""percentage"":0.082248},{""region"":""O'Higgins Region"",""percentage"":0.124743},{""region"":""Los Lagos Region"",""percentage"":0.115147},{""region"":""Magallanes y la Ant\u00e1rtica Chilena Region"",""percentage"":0.004112},{""region"":""Maule Region"",""percentage"":0.026045},{""region"":""Santiago Metropolitan Region"",""percentage"":0.127485},{""region"":""Tarapac\u00e1 Region"",""percentage"":0.009596}","facebook,instagram","lower_bound: 100001, upper_bound: 500000",es
4276987805716642,103820310982935,"Sichel Presidente",2021-09-27,2021-09-28,2021-10-13,"Sebastián Sichel Ramirez","Necesitamos recuperar el Estado de derecho en La Araucanía. De esto y más conversamos hoy en @laterceracom junto a tres candidatos presidenciales más.",,,,"lower_bound: 15000, upper_bound: 19999","lower_bound: 0, upper_bound: 99",USD,"{""age"":""55-64"",""gender"":""unknown"",""percentage"":5.7e-5},{""age"":""18-24"",""gender"":""unknown"",""percentage"":5.7e-5},{""age"":""55-64"",""gender"":""female"",""percentage"":0.004819},{""age"":""55-64"",""gender"":""male"",""percentage"":0.009409},{""age"":""35-44"",""gender"":""unknown"",""percentage"":0.003155},{""age"":""45-54"",""gender"":""male"",""percentage"":0.160643},{""age"":""45-54"",""gender"":""female"",""percentage"":0.077854},{""age"":""25-34"",""gender"":""female"",""percentage"":0.107344},{""age"":""35-44"",""gender"":""male"",""percentage"":0.238095},{""age"":""35-44"",""gender"":""female"",""percentage"":0.090993},{""age"":""25-34"",""gender"":""male"",""percentage"":0.266495},{""age"":""18-24"",""gender"":""female"",""percentage"":0.014114},{""age"":""18-24"",""gender"":""male"",""percentage"":0.022433},{""age"":""25-34"",""gender"":""unknown"",""percentage"":0.002238},{""age"":""45-54"",""gender"":""unknown"",""percentage"":0.002295}","{""region"":""Los R\u00edos Region"",""percentage"":0.038692},{""region"":""Arica y Parinacota Region"",""percentage"":0.027695},{""region"":""Valpara\u00edso Region"",""percentage"":0.084715},{""region"":""Ays\u00e9n Region"",""percentage"":0.009426},{""region"":""Antofagasta Region"",""percentage"":0.079595},{""region"":""Araucan\u00eda Region"",""percentage"":0.096468},{""region"":""Atacama Region"",""percentage"":0.030779},{""region"":""B\u00edo B\u00edo Region"",""percentage"":0.180369},{""region"":""Coquimbo Region"",""percentage"":0.048932},{""region"":""O'Higgins Region"",""percentage"":0.063187},{""region"":""Los Lagos Region"",""percentage"":0.093734},{""region"":""Magallanes y la Ant\u00e1rtica Chilena Region"",""percentage"":0.016175},{""region"":""Maule Region"",""percentage"":0.105719},{""region"":""Santiago Metropolitan Region"",""percentage"":0.074824},{""region"":""Tarapac\u00e1 Region"",""percentage"":0.049689}","facebook,instagram","lower_bound: 500001, upper_bound: 1000000",es
562645488284331,103820310982935,"Sichel Presidente",2021-09-27,2021-09-28,2021-10-14,"Sebastián Sichel Ramirez","En esta campaña las mujeres están al centro de nuestras propuestas y programa.","Mujeres al centro",,,"lower_bound: 500000, upper_bound: 599999","lower_bound: 1000, upper_bound: 1499",USD,"{""age"":""55-64"",""gender"":""unknown"",""percentage"":4.0e-5},{""age"":""45-54"",""gender"":""unknown"",""percentage"":0.00119},{""age"":""25-34"",""gender"":""unknown"",""percentage"":0.000939},{""age"":""35-44"",""gender"":""female"",""percentage"":0.18962},{""age"":""25-34"",""gender"":""male"",""percentage"":0.182404},{""age"":""35-44"",""gender"":""male"",""percentage"":0.154452},{""age"":""25-34"",""gender"":""female"",""percentage"":0.175041},{""age"":""45-54"",""gender"":""female"",""percentage"":0.130399},{""age"":""18-24"",""gender"":""male"",""percentage"":0.030509},{""age"":""18-24"",""gender"":""female"",""percentage"":0.039235},{""age"":""55-64"",""gender"":""male"",""percentage"":0.004358},{""age"":""45-54"",""gender"":""male"",""percentage"":0.080107},{""age"":""35-44"",""gender"":""unknown"",""percentage"":0.002333},{""age"":""55-64"",""gender"":""female"",""percentage"":0.009148},{""age"":""18-24"",""gender"":""unknown"",""percentage"":0.000226}","{""region"":""Los R\u00edos Region"",""percentage"":0.036478},{""region"":""Arica y Parinacota Region"",""percentage"":0.02406},{""region"":""Valpara\u00edso Region"",""percentage"":0.095415},{""region"":""Ays\u00e9n Region"",""percentage"":0.008827},{""region"":""Antofagasta Region"",""percentage"":0.068671},{""region"":""Araucan\u00eda Region"",""percentage"":0.087963},{""region"":""Atacama Region"",""percentage"":0.028345},{""region"":""B\u00edo B\u00edo Region"",""percentage"":0.176729},{""region"":""Coquimbo Region"",""percentage"":0.045779},{""region"":""O'Higgins Region"",""percentage"":0.066341},{""region"":""Los Lagos Region"",""percentage"":0.092365},{""region"":""Magallanes y la Ant\u00e1rtica Chilena Region"",""percentage"":0.015531},{""region"":""Maule Region"",""percentage"":0.091422},{""region"":""Santiago Metropolitan Region"",""percentage"":0.122627},{""region"":""Tarapac\u00e1 Region"",""percentage"":0.039446}","facebook,instagram","lower_bound: 1000001",es
563390718213898,103820310982935,"Sichel Presidente",2021-09-27,2021-09-28,2021-09-29,"Sebastián Sichel Ramirez","En esta campaña las mujeres están al centro de nuestras propuestas y programa.","Mujeres al centro",,,"lower_bound: 10000, upper_bound: 14999","lower_bound: 0, upper_bound: 99",USD,"{""age"":""18-24"",""gender"":""unknown"",""percentage"":0.000477},{""age"":""35-44"",""gender"":""unknown"",""percentage"":0.003894},{""age"":""55-64"",""gender"":""male"",""percentage"":0.007708},{""age"":""55-64"",""gender"":""female"",""percentage"":0.018039},{""age"":""18-24"",""gender"":""female"",""percentage"":0.065798},{""age"":""18-24"",""gender"":""male"",""percentage"":0.044819},{""age"":""45-54"",""gender"":""male"",""percentage"":0.077797},{""age"":""25-34"",""gender"":""male"",""percentage"":0.125397},{""age"":""45-54"",""gender"":""female"",""percentage"":0.170534},{""age"":""35-44"",""gender"":""male"",""percentage"":0.107517},{""age"":""35-44"",""gender"":""female"",""percentage"":0.204625},{""age"":""25-34"",""gender"":""female"",""percentage"":0.169819},{""age"":""45-54"",""gender"":""unknown"",""percentage"":0.002225},{""age"":""25-34"",""gender"":""unknown"",""percentage"":0.001351}","{""region"":""Los R\u00edos Region"",""percentage"":0.008801},{""region"":""Arica y Parinacota Region"",""percentage"":0.023024},{""region"":""Valpara\u00edso Region"",""percentage"":0.024202},{""region"":""Ays\u00e9n Region"",""percentage"":0.017052},{""region"":""Antofagasta Region"",""percentage"":0.079994},{""region"":""Araucan\u00eda Region"",""percentage"":0.128241},{""region"":""Atacama Region"",""percentage"":0.045576},{""region"":""B\u00edo B\u00edo Region"",""percentage"":0.205956},{""region"":""Coquimbo Region"",""percentage"":0.087066},{""region"":""O'Higgins Region"",""percentage"":0.126041},{""region"":""Los Lagos Region"",""percentage"":0.11779},{""region"":""Magallanes y la Ant\u00e1rtica Chilena Region"",""percentage"":0.003615},{""region"":""Maule Region"",""percentage"":0.021059},{""region"":""Santiago Metropolitan Region"",""percentage"":0.101917},{""region"":""Tarapac\u00e1 Region"",""percentage"":0.009665}","facebook,instagram","lower_bound: 100001, upper_bound: 500000",es
160741269564606,103820310982935,"Sichel Presidente",2021-09-27,2021-09-28,2021-10-13,"Sebastián Sichel Ramirez","Necesitamos recuperar el Estado de derecho en La Araucanía. De esto y más conversamos hoy en @laterceracom junto a tres candidatos presidenciales más.",,,,"lower_bound: 5000, upper_bound: 5999","lower_bound: 0, upper_bound: 99",USD,"{""age"":""25-34"",""gender"":""unknown"",""percentage"":0.000435},{""age"":""45-54"",""gender"":""unknown"",""percentage"":0.00196},{""age"":""35-44"",""gender"":""unknown"",""percentage"":0.001089},{""age"":""55-64"",""gender"":""male"",""percentage"":0.017418},{""age"":""18-24"",""gender"":""female"",""percentage"":0.012628},{""age"":""18-24"",""gender"":""male"",""percentage"":0.019377},{""age"":""35-44"",""gender"":""female"",""percentage"":0.117352},{""age"":""25-34"",""gender"":""female"",""percentage"":0.076638},{""age"":""45-54"",""gender"":""male"",""percentage"":0.211191},{""age"":""35-44"",""gender"":""male"",""percentage"":0.202047},{""age"":""25-34"",""gender"":""male"",""percentage"":0.144568},{""age"":""55-64"",""gender"":""female"",""percentage"":0.016765},{""age"":""45-54"",""gender"":""female"",""percentage"":0.178533}","{""region"":""Los R\u00edos Region"",""percentage"":0.033725},{""region"":""Arica y Parinacota Region"",""percentage"":0.02698},{""region"":""Valpara\u00edso Region"",""percentage"":0.077459},{""region"":""Antofagasta Region"",""percentage"":0.093777},{""region"":""Araucan\u00eda Region"",""percentage"":0.085509},{""region"":""B\u00edo B\u00edo Region"",""percentage"":0.179504},{""region"":""Coquimbo Region"",""percentage"":0.055918},{""region"":""O'Higgins Region"",""percentage"":0.053525},{""region"":""Los Lagos Region"",""percentage"":0.093124},{""region"":""Magallanes y la Ant\u00e1rtica Chilena Region"",""percentage"":0.013272},{""region"":""Maule Region"",""percentage"":0.094865},{""region"":""Santiago Metropolitan Region"",""percentage"":0.097476},{""region"":""Tarapac\u00e1 Region"",""percentage"":0.056789},{""region"":""Atacama Region"",""percentage"":0.033072},{""region"":""Ays\u00e9n Region"",""percentage"":0.005004}","facebook,instagram","lower_bound: 500001, upper_bound: 1000000",es
1463789370662615,103820310982935,"Sichel Presidente",2021-09-27,2021-09-28,2021-10-04,"Sebastián Sichel Ramirez","Necesitamos recuperar el Estado de derecho en La Araucanía. De esto y más conversamos hoy en @laterceracom junto a tres candidatos presidenciales más.",,,,"lower_bound: 4000, upper_bound: 4999","lower_bound: 0, upper_bound: 99",USD,"{""age"":""35-44"",""gender"":""unknown"",""percentage"":0.000561},{""age"":""25-34"",""gender"":""unknown"",""percentage"":0.00028},{""age"":""55-64"",""gender"":""female"",""percentage"":0.022154},{""age"":""18-24"",""gender"":""male"",""percentage"":0.035053},{""age"":""18-24"",""gender"":""female"",""percentage"":0.02636},{""age"":""35-44"",""gender"":""female"",""percentage"":0.113853},{""age"":""55-64"",""gender"":""male"",""percentage"":0.025238},{""age"":""25-34"",""gender"":""male"",""percentage"":0.130679},{""age"":""35-44"",""gender"":""male"",""percentage"":0.165732},{""age"":""25-34"",""gender"":""female"",""percentage"":0.09871},{""age"":""45-54"",""gender"":""male"",""percentage"":0.233315},{""age"":""45-54"",""gender"":""female"",""percentage"":0.147224},{""age"":""45-54"",""gender"":""unknown"",""percentage"":0.000841}","{""region"":""Los R\u00edos Region"",""percentage"":0.032096},{""region"":""Arica y Parinacota Region"",""percentage"":0.029305},{""region"":""Valpara\u00edso Region"",""percentage"":0.098242},{""region"":""Ays\u00e9n Region"",""percentage"":0.004186},{""region"":""Antofagasta Region"",""percentage"":0.068099},{""region"":""Araucan\u00eda Region"",""percentage"":0.07731},{""region"":""Atacama Region"",""percentage"":0.019537},{""region"":""B\u00edo B\u00edo Region"",""percentage"":0.135082},{""region"":""Coquimbo Region"",""percentage"":0.06168},{""region"":""O'Higgins Region"",""percentage"":0.073681},{""region"":""Los Lagos Region"",""percentage"":0.063076},{""region"":""Magallanes y la Ant\u00e1rtica Chilena Region"",""percentage"":0.005861},{""region"":""Maule Region"",""percentage"":0.08652},{""region"":""Santiago Metropolitan Region"",""percentage"":0.20374},{""region"":""Tarapac\u00e1 Region"",""percentage"":0.041585}","facebook,instagram","lower_bound: 1000001",es
1226528614530637,103820310982935,"Sichel Presidente",2021-09-27,2021-09-28,2021-09-29,"Sebastián Sichel Ramirez","Necesitamos recuperar el Estado de derecho en La Araucanía. De esto y más conversamos hoy en @laterceracom junto a tres candidatos presidenciales más.",,,,"lower_bound: 0, upper_bound: 999","lower_bound: 0, upper_bound: 99",USD,"{""age"":""55-64"",""gender"":""female"",""percentage"":0.019355},{""age"":""45-54"",""gender"":""female"",""percentage"":0.103226},{""age"":""18-24"",""gender"":""male"",""percentage"":0.025806},{""age"":""35-44"",""gender"":""female"",""percentage"":0.193548},{""age"":""25-34"",""gender"":""male"",""percentage"":0.148387},{""age"":""35-44"",""gender"":""male"",""percentage"":0.187097},{""age"":""25-34"",""gender"":""female"",""percentage"":0.135484},{""age"":""45-54"",""gender"":""male"",""percentage"":0.148387},{""age"":""55-64"",""gender"":""male"",""percentage"":0.032258},{""age"":""18-24"",""gender"":""female"",""percentage"":0.006452}","{""region"":""Los R\u00edos Region"",""percentage"":0.006452},{""region"":""Arica y Parinacota Region"",""percentage"":0.03871},{""region"":""Valpara\u00edso Region"",""percentage"":0.025806},{""region"":""Ays\u00e9n Region"",""percentage"":0.012903},{""region"":""Antofagasta Region"",""percentage"":0.090323},{""region"":""Araucan\u00eda Region"",""percentage"":0.148387},{""region"":""Atacama Region"",""percentage"":0.045161},{""region"":""B\u00edo B\u00edo Region"",""percentage"":0.206452},{""region"":""Coquimbo Region"",""percentage"":0.103226},{""region"":""O'Higgins Region"",""percentage"":0.109677},{""region"":""Los Lagos Region"",""percentage"":0.083871},{""region"":""Maule Region"",""percentage"":0.006452},{""region"":""Santiago Metropolitan Region"",""percentage"":0.096774},{""region"":""Tarapac\u00e1 Region"",""percentage"":0.025806}","facebook,instagram","lower_bound: 100001, upper_bound: 500000",es
184782890446324,103820310982935,"Sichel Presidente",2021-09-27,2021-09-28,2021-09-29,"Sebastián Sichel Ramirez","En esta campaña las mujeres están al centro de nuestras propuestas y programa.","Mujeres al centro",,,"lower_bound: 1000, upper_bound: 1999","lower_bound: 0, upper_bound: 99",USD,"{""age"":""18-24"",""gender"":""female"",""percentage"":0.021028},{""age"":""35-44"",""gender"":""unknown"",""percentage"":0.003115},{""age"":""25-34"",""gender"":""female"",""percentage"":0.133956},{""age"":""18-24"",""gender"":""male"",""percentage"":0.021028},{""age"":""35-44"",""gender"":""female"",""percentage"":0.205607},{""age"":""35-44"",""gender"":""male"",""percentage"":0.150312},{""age"":""55-64"",""gender"":""female"",""percentage"":0.023364},{""age"":""45-54"",""gender"":""male"",""percentage"":0.128505},{""age"":""45-54"",""gender"":""female"",""percentage"":0.187695},{""age"":""25-34"",""gender"":""male"",""percentage"":0.11215},{""age"":""55-64"",""gender"":""male"",""percentage"":0.011682},{""age"":""55-64"",""gender"":""unknown"",""percentage"":0.000779},{""age"":""45-54"",""gender"":""unknown"",""percentage"":0.000779}","{""region"":""Los R\u00edos Region"",""percentage"":0.010078},{""region"":""Arica y Parinacota Region"",""percentage"":0.031008},{""region"":""Valpara\u00edso Region"",""percentage"":0.022481},{""region"":""Ays\u00e9n Region"",""percentage"":0.012403},{""region"":""Antofagasta Region"",""percentage"":0.106202},{""region"":""Araucan\u00eda Region"",""percentage"":0.121705},{""region"":""Atacama Region"",""percentage"":0.043411},{""region"":""B\u00edo B\u00edo Region"",""percentage"":0.191473},{""region"":""Coquimbo Region"",""percentage"":0.106977},{""region"":""O'Higgins Region"",""percentage"":0.105426},{""region"":""Los Lagos Region"",""percentage"":0.097674},{""region"":""Magallanes y la Ant\u00e1rtica Chilena Region"",""percentage"":0.000775},{""region"":""Maule Region"",""percentage"":0.025581},{""region"":""Santiago Metropolitan Region"",""percentage"":0.113178},{""region"":""Tarapac\u00e1 Region"",""percentage"":0.011628}","facebook,instagram","lower_bound: 100001, upper_bound: 500000",es
3801683303266288,103820310982935,"Sichel Presidente",2021-09-27,2021-09-28,2021-10-04,"Sebastián Sichel Ramirez","En esta campaña las mujeres están al centro de nuestras propuestas y programa.","Mujeres al centro",,,"lower_bound: 125000, upper_bound: 149999","lower_bound: 300, upper_bound: 399",USD,"{""age"":""55-64"",""gender"":""unknown"",""percentage"":1.8e-5},{""age"":""25-34"",""gender"":""unknown"",""percentage"":0.000563},{""age"":""45-54"",""gender"":""unknown"",""percentage"":0.001334},{""age"":""18-24"",""gender"":""unknown"",""percentage"":0.000182},{""age"":""55-64"",""gender"":""male"",""percentage"":0.009649},{""age"":""35-44"",""gender"":""female"",""percentage"":0.202394},{""age"":""25-34"",""gender"":""male"",""percentage"":0.084795},{""age"":""35-44"",""gender"":""male"",""percentage"":0.109385},{""age"":""45-54"",""gender"":""male"",""percentage"":0.109802},{""age"":""45-54"",""gender"":""female"",""percentage"":0.270716},{""age"":""55-64"",""gender"":""female"",""percentage"":0.026087},{""age"":""25-34"",""gender"":""female"",""percentage"":0.135362},{""age"":""18-24"",""gender"":""male"",""percentage"":0.017582},{""age"":""18-24"",""gender"":""female"",""percentage"":0.030861},{""age"":""35-44"",""gender"":""unknown"",""percentage"":0.001271}","{""region"":""Los R\u00edos Region"",""percentage"":0.030412},{""region"":""Arica y Parinacota Region"",""percentage"":0.023972},{""region"":""Valpara\u00edso Region"",""percentage"":0.107489},{""region"":""Ays\u00e9n Region"",""percentage"":0.006267},{""region"":""Antofagasta Region"",""percentage"":0.053754},{""region"":""Araucan\u00eda Region"",""percentage"":0.07197},{""region"":""Atacama Region"",""percentage"":0.024155},{""region"":""B\u00edo B\u00edo Region"",""percentage"":0.1542},{""region"":""Coquimbo Region"",""percentage"":0.057061},{""region"":""O'Higgins Region"",""percentage"":0.071952},{""region"":""Los Lagos Region"",""percentage"":0.068298},{""region"":""Magallanes y la Ant\u00e1rtica Chilena Region"",""percentage"":0.011273},{""region"":""Maule Region"",""percentage"":0.096143},{""region"":""Santiago Metropolitan Region"",""percentage"":0.183287},{""region"":""Tarapac\u00e1 Region"",""percentage"":0.039767}","facebook,instagram","lower_bound: 1000001",es
181653167443158,103820310982935,"Sichel Presidente",2021-09-27,2021-09-28,2021-10-13,"Sebastián Sichel Ramirez","En esta campaña las mujeres están al centro de nuestras propuestas y programa.","Mujeres al centro",,,"lower_bound: 100000, upper_bound: 124999","lower_bound: 300, upper_bound: 399",USD,"{""age"":""55-64"",""gender"":""male"",""percentage"":0.005798},{""age"":""45-54"",""gender"":""unknown"",""percentage"":0.001085},{""age"":""18-24"",""gender"":""male"",""percentage"":0.009501},{""age"":""45-54"",""gender"":""male"",""percentage"":0.091128},{""age"":""18-24"",""gender"":""female"",""percentage"":0.019712},{""age"":""45-54"",""gender"":""female"",""percentage"":0.275503},{""age"":""35-44"",""gender"":""male"",""percentage"":0.108907},{""age"":""35-44"",""gender"":""female"",""percentage"":0.252437},{""age"":""25-34"",""gender"":""female"",""percentage"":0.13979},{""age"":""25-34"",""gender"":""male"",""percentage"":0.073486},{""age"":""55-64"",""gender"":""female"",""percentage"":0.020335},{""age"":""35-44"",""gender"":""unknown"",""percentage"":0.001558},{""age"":""18-24"",""gender"":""unknown"",""percentage"":0.000112},{""age"":""25-34"",""gender"":""unknown"",""percentage"":0.000574},{""age"":""55-64"",""gender"":""unknown"",""percentage"":7.5e-5}","{""region"":""Los R\u00edos Region"",""percentage"":0.036392},{""region"":""Arica y Parinacota Region"",""percentage"":0.028373},{""region"":""Valpara\u00edso Region"",""percentage"":0.081987},{""region"":""Ays\u00e9n Region"",""percentage"":0.006922},{""region"":""Antofagasta Region"",""percentage"":0.076051},{""region"":""Araucan\u00eda Region"",""percentage"":0.094858},{""region"":""Atacama Region"",""percentage"":0.030879},{""region"":""B\u00edo B\u00edo Region"",""percentage"":0.195815},{""region"":""Coquimbo Region"",""percentage"":0.066174},{""region"":""O'Higgins Region"",""percentage"":0.065388},{""region"":""Los Lagos Region"",""percentage"":0.090905},{""region"":""Magallanes y la Ant\u00e1rtica Chilena Region"",""percentage"":0.013656},{""region"":""Maule Region"",""percentage"":0.101992},{""region"":""Santiago Metropolitan Region"",""percentage"":0.064091},{""region"":""Tarapac\u00e1 Region"",""percentage"":0.046519}","facebook,instagram","lower_bound: 500001, upper_bound: 1000000",es
233307915430824,103820310982935,"Sichel Presidente",2021-09-27,2021-09-28,2021-10-08,"Sebastián Sichel Ramirez","Los vecinos de la zona cero en Plaza Italia, piden no más violencia y si más justicia. Los escuchamos y ya estamos trabajando en un plan de recuperación. #SePuede",,,,"lower_bound: 70000, upper_bound: 79999","lower_bound: 200, upper_bound: 299",USD,"{""age"":""55-64"",""gender"":""unknown"",""percentage"":3.5e-5},{""age"":""55-64"",""gender"":""male"",""percentage"":0.004144},{""age"":""55-64"",""gender"":""female"",""percentage"":0.009873},{""age"":""35-44"",""gender"":""male"",""percentage"":0.166623},{""age"":""35-44"",""gender"":""female"",""percentage"":0.234167},{""age"":""45-54"",""gender"":""female"",""percentage"":0.158613},{""age"":""25-34"",""gender"":""male"",""percentage"":0.123944},{""age"":""25-34"",""gender"":""female"",""percentage"":0.16079},{""age"":""45-54"",""gender"":""male"",""percentage"":0.089833},{""age"":""18-24"",""gender"":""male"",""percentage"":0.016072},{""age"":""18-24"",""gender"":""female"",""percentage"":0.032301},{""age"":""45-54"",""gender"":""unknown"",""percentage"":0.000975},{""age"":""18-24"",""gender"":""unknown"",""percentage"":0.000157},{""age"":""25-34"",""gender"":""unknown"",""percentage"":0.000575},{""age"":""35-44"",""gender"":""unknown"",""percentage"":0.001898}","{""region"":""Los R\u00edos Region"",""percentage"":0.034895},{""region"":""Arica y Parinacota Region"",""percentage"":0.023052},{""region"":""Valpara\u00edso Region"",""percentage"":0.096968},{""region"":""Ays\u00e9n Region"",""percentage"":0.006137},{""region"":""Antofagasta Region"",""percentage"":0.083078},{""region"":""Araucan\u00eda Region"",""percentage"":0.094888},{""region"":""Atacama Region"",""percentage"":0.033194},{""region"":""B\u00edo B\u00edo Region"",""percentage"":0.173411},{""region"":""Coquimbo Region"",""percentage"":0.06123},{""region"":""O'Higgins Region"",""percentage"":0.066456},{""region"":""Los Lagos Region"",""percentage"":0.092722},{""region"":""Magallanes y la Ant\u00e1rtica Chilena Region"",""percentage"":0.013924},{""region"":""Maule Region"",""percentage"":0.102004},{""region"":""Santiago Metropolitan Region"",""percentage"":0.06692},{""region"":""Tarapac\u00e1 Region"",""percentage"":0.051122}","facebook,instagram","lower_bound: 500001, upper_bound: 1000000",es
280402847056304,103820310982935,"Sichel Presidente",2021-09-27,2021-09-28,2021-10-13,"Sebastián Sichel Ramirez","Resumen de la visita a Los Lagos! Gracias a Los Muermos, Puerto Montt, Puerto Varas, Llanquihue, Puyehue, Puerto Octay, Fresia y Osorno. La regionalización #SePuede",,,,"lower_bound: 20000, upper_bound: 24999","lower_bound: 0, upper_bound: 99",USD,"{""age"":""25-34"",""gender"":""unknown"",""percentage"":0.000743},{""age"":""18-24"",""gender"":""male"",""percentage"":0.014369},{""age"":""25-34"",""gender"":""male"",""percentage"":0.083612},{""age"":""35-44"",""gender"":""male"",""percentage"":0.126471},{""age"":""45-54"",""gender"":""female"",""percentage"":0.275177},{""age"":""25-34"",""gender"":""female"",""percentage"":0.099653},{""age"":""45-54"",""gender"":""male"",""percentage"":0.16357},{""age"":""55-64"",""gender"":""female"",""percentage"":0.024278},{""age"":""35-44"",""gender"":""female"",""percentage"":0.175461},{""age"":""55-64"",""gender"":""male"",""percentage"":0.01344},{""age"":""18-24"",""gender"":""female"",""percentage"":0.021553},{""age"":""45-54"",""gender"":""unknown"",""percentage"":0.000681},{""age"":""35-44"",""gender"":""unknown"",""percentage"":0.000991}","{""region"":""Los R\u00edos Region"",""percentage"":0.031722},{""region"":""Arica y Parinacota Region"",""percentage"":0.028315},{""region"":""Valpara\u00edso Region"",""percentage"":0.080917},{""region"":""Antofagasta Region"",""percentage"":0.085564},{""region"":""Araucan\u00eda Region"",""percentage"":0.088414},{""region"":""Atacama Region"",""percentage"":0.029802},{""region"":""B\u00edo B\u00edo Region"",""percentage"":0.18259},{""region"":""Coquimbo Region"",""percentage"":0.060905},{""region"":""O'Higgins Region"",""percentage"":0.068216},{""region"":""Los Lagos Region"",""percentage"":0.08829},{""region"":""Magallanes y la Ant\u00e1rtica Chilena Region"",""percentage"":0.012268},{""region"":""Maule Region"",""percentage"":0.101611},{""region"":""Santiago Metropolitan Region"",""percentage"":0.086927},{""region"":""Tarapac\u00e1 Region"",""percentage"":0.048823},{""region"":""Ays\u00e9n Region"",""percentage"":0.005638}","facebook,instagram","lower_bound: 500001, upper_bound: 1000000",es
369677488203498,103820310982935,"Sichel Presidente",2021-09-27,2021-09-28,2021-09-30,"Sebastián Sichel Ramirez","35 compromisos por un Chile mejor y 6 pilares claves para dar certezas a los cambios que queremos liderar #SePuede",,,,"lower_bound: 25000, upper_bound: 29999","lower_bound: 100, upper_bound: 199",USD,"{""age"":""18-24"",""gender"":""unknown"",""percentage"":0.000345},{""age"":""55-64"",""gender"":""unknown"",""percentage"":4.3e-5},{""age"":""45-54"",""gender"":""unknown"",""percentage"":0.001425},{""age"":""35-44"",""gender"":""unknown"",""percentage"":0.003455},{""age"":""55-64"",""gender"":""male"",""percentage"":0.004967},{""age"":""45-54"",""gender"":""male"",""percentage"":0.097517},{""age"":""45-54"",""gender"":""female"",""percentage"":0.134571},{""age"":""18-24"",""gender"":""female"",""percentage"":0.041589},{""age"":""25-34"",""gender"":""female"",""percentage"":0.164111},{""age"":""35-44"",""gender"":""female"",""percentage"":0.20285},{""age"":""35-44"",""gender"":""male"",""percentage"":0.178536},{""age"":""25-34"",""gender"":""male"",""percentage"":0.135997},{""age"":""18-24"",""gender"":""male"",""percentage"":0.023494},{""age"":""55-64"",""gender"":""female"",""percentage"":0.009674},{""age"":""25-34"",""gender"":""unknown"",""percentage"":0.001425}","{""region"":""Los R\u00edos Region"",""percentage"":0.037136},{""region"":""Arica y Parinacota Region"",""percentage"":0.024024},{""region"":""Valpara\u00edso Region"",""percentage"":0.082553},{""region"":""Ays\u00e9n Region"",""percentage"":0.006211},{""region"":""Antofagasta Region"",""percentage"":0.085314},{""region"":""Araucan\u00eda Region"",""percentage"":0.0989},{""region"":""Atacama Region"",""percentage"":0.03278},{""region"":""B\u00edo B\u00edo Region"",""percentage"":0.182532},{""region"":""Coquimbo Region"",""percentage"":0.068234},{""region"":""O'Higgins Region"",""percentage"":0.063748},{""region"":""Los Lagos Region"",""percentage"":0.103213},{""region"":""Magallanes y la Ant\u00e1rtica Chilena Region"",""percentage"":0.013759},{""region"":""Maule Region"",""percentage"":0.108346},{""region"":""Santiago Metropolitan Region"",""percentage"":0.04835},{""region"":""Tarapac\u00e1 Region"",""percentage"":0.0449}","facebook,instagram","lower_bound: 500001, upper_bound: 1000000",es
574972790366532,103820310982935,"Sichel Presidente",2021-09-27,2021-09-28,2021-09-30,"Sebastián Sichel Ramirez","Juntos nos va mejor! No dejemos que lo importante se nos pase de largo. Estoy convencido que #SePuede un Chile mejor, claro que #SePuede.",,,,"lower_bound: 0, upper_bound: 999","lower_bound: 0, upper_bound: 99",USD,"{""age"":""18-24"",""gender"":""female"",""percentage"":0.03125},{""age"":""18-24"",""gender"":""male"",""percentage"":0.020833},{""age"":""25-34"",""gender"":""male"",""percentage"":0.125},{""age"":""25-34"",""gender"":""female"",""percentage"":0.135417},{""age"":""45-54"",""gender"":""male"",""percentage"":0.072917},{""age"":""35-44"",""gender"":""female"",""percentage"":0.1875},{""age"":""35-44"",""gender"":""male"",""percentage"":0.291667},{""age"":""55-64"",""gender"":""male"",""percentage"":0.010417},{""age"":""45-54"",""gender"":""female"",""percentage"":0.125}","{""region"":""Los R\u00edos Region"",""percentage"":0.03125},{""region"":""Arica y Parinacota Region"",""percentage"":0.041667},{""region"":""Ays\u00e9n Region"",""percentage"":0.020833},{""region"":""Araucan\u00eda Region"",""percentage"":0.125},{""region"":""Atacama Region"",""percentage"":0.03125},{""region"":""Coquimbo Region"",""percentage"":0.03125},{""region"":""Valpara\u00edso Region"",""percentage"":0.114583},{""region"":""Antofagasta Region"",""percentage"":0.104167},{""region"":""B\u00edo B\u00edo Region"",""percentage"":0.135417},{""region"":""O'Higgins Region"",""percentage"":0.072917},{""region"":""Los Lagos Region"",""percentage"":0.135417},{""region"":""Maule Region"",""percentage"":0.0625},{""region"":""Santiago Metropolitan Region"",""percentage"":0.041667},{""region"":""Tarapac\u00e1 Region"",""percentage"":0.052083}","facebook,instagram","lower_bound: 500001, upper_bound: 1000000",es
836131927072622,103820310982935,"Sichel Presidente",2021-09-27,2021-09-28,2021-10-13,"Sebastián Sichel Ramirez","Un Estado que entienda el emprender como un derecho, #SePuede",,,,"lower_bound: 125000, upper_bound: 149999","lower_bound: 500, upper_bound: 599",USD,"{""age"":""18-24"",""gender"":""unknown"",""percentage"":0.000117},{""age"":""55-64"",""gender"":""unknown"",""percentage"":3.6e-5},{""age"":""25-34"",""gender"":""unknown"",""percentage"":0.000757},{""age"":""45-54"",""gender"":""unknown"",""percentage"":0.001342},{""age"":""55-64"",""gender"":""female"",""percentage"":0.008584},{""age"":""25-34"",""gender"":""female"",""percentage"":0.132837},{""age"":""18-24"",""gender"":""male"",""percentage"":0.020671},{""age"":""55-64"",""gender"":""male"",""percentage"":0.008196},{""age"":""45-54"",""gender"":""male"",""percentage"":0.146744},{""age"":""35-44"",""gender"":""female"",""percentage"":0.159471},{""age"":""35-44"",""gender"":""male"",""percentage"":0.214181},{""age"":""25-34"",""gender"":""male"",""percentage"":0.15831},{""age"":""35-44"",""gender"":""unknown"",""percentage"":0.001919},{""age"":""45-54"",""gender"":""female"",""percentage"":0.122047},{""age"":""18-24"",""gender"":""female"",""percentage"":0.024788}","{""region"":""Los R\u00edos Region"",""percentage"":0.037949},{""region"":""Arica y Parinacota Region"",""percentage"":0.026171},{""region"":""Valpara\u00edso Region"",""percentage"":0.099109},{""region"":""Ays\u00e9n Region"",""percentage"":0.00702},{""region"":""Antofagasta Region"",""percentage"":0.075054},{""region"":""Araucan\u00eda Region"",""percentage"":0.092834},{""region"":""Atacama Region"",""percentage"":0.030067},{""region"":""B\u00edo B\u00edo Region"",""percentage"":0.16777},{""region"":""Coquimbo Region"",""percentage"":0.057691},{""region"":""O'Higgins Region"",""percentage"":0.066481},{""region"":""Los Lagos Region"",""percentage"":0.082437},{""region"":""Magallanes y la Ant\u00e1rtica Chilena Region"",""percentage"":0.015665},{""region"":""Maule Region"",""percentage"":0.094414},{""region"":""Santiago Metropolitan Region"",""percentage"":0.099491},{""region"":""Tarapac\u00e1 Region"",""percentage"":0.047847}","facebook,instagram","lower_bound: 500001, upper_bound: 1000000",es
1462774260768986,103820310982935,"Sichel Presidente",2021-09-27,2021-09-28,2021-09-30,"Sebastián Sichel Ramirez","Cuántas veces alguien les dijo que no? Gracias a quienes participaron por historias. El compromiso de este proyecto es abrir puertas. Nunca más un NO por respuesta, un sí #SePuede.","Cuántas veces",,,"lower_bound: 100000, upper_bound: 124999","lower_bound: 500, upper_bound: 599",USD,"{""age"":""55-64"",""gender"":""unknown"",""percentage"":6.8e-5},{""age"":""18-24"",""gender"":""unknown"",""percentage"":0.000175},{""age"":""45-54"",""gender"":""unknown"",""percentage"":0.001111},{""age"":""55-64"",""gender"":""male"",""percentage"":0.004395},{""age"":""18-24"",""gender"":""male"",""percentage"":0.016996},{""age"":""25-34"",""gender"":""female"",""percentage"":0.15823},{""age"":""55-64"",""gender"":""female"",""percentage"":0.012621},{""age"":""35-44"",""gender"":""male"",""percentage"":0.158844},{""age"":""18-24"",""gender"":""female"",""percentage"":0.025748},{""age"":""35-44"",""gender"":""female"",""percentage"":0.214004},{""age"":""45-54"",""gender"":""female"",""percentage"":0.181084},{""age"":""45-54"",""gender"":""male"",""percentage"":0.092623},{""age"":""25-34"",""gender"":""male"",""percentage"":0.131303},{""age"":""35-44"",""gender"":""unknown"",""percentage"":0.001832},{""age"":""25-34"",""gender"":""unknown"",""percentage"":0.000965}","{""region"":""Los R\u00edos Region"",""percentage"":0.038436},{""region"":""Arica y Parinacota Region"",""percentage"":0.025159},{""region"":""Valpara\u00edso Region"",""percentage"":0.087274},{""region"":""Ays\u00e9n Region"",""percentage"":0.006546},{""region"":""Antofagasta Region"",""percentage"":0.086261},{""region"":""Araucan\u00eda Region"",""percentage"":0.095398},{""region"":""Atacama Region"",""percentage"":0.034393},{""region"":""B\u00edo B\u00edo Region"",""percentage"":0.19099},{""region"":""Coquimbo Region"",""percentage"":0.064423},{""region"":""O'Higgins Region"",""percentage"":0.064306},{""region"":""Los Lagos Region"",""percentage"":0.095213},{""region"":""Magallanes y la Ant\u00e1rtica Chilena Region"",""percentage"":0.015098},{""region"":""Maule Region"",""percentage"":0.107067},{""region"":""Santiago Metropolitan Region"",""percentage"":0.045663},{""region"":""Tarapac\u00e1 Region"",""percentage"":0.043773}","facebook,instagram","lower_bound: 500001, upper_bound: 1000000",es
388675389546912,103820310982935,"Sichel Presidente",2021-09-27,2021-09-28,2021-10-13,"Sebastián Sichel Ramirez","La discapacidad no puede tener políticas públicas olvidadas, se necesita una mayor y real integración. En esta campaña decimos #SePuede!",,,,"lower_bound: 5000, upper_bound: 5999","lower_bound: 0, upper_bound: 99",USD,"{""age"":""45-54"",""gender"":""unknown"",""percentage"":0.000415},{""age"":""25-34"",""gender"":""unknown"",""percentage"":0.000207},{""age"":""55-64"",""gender"":""unknown"",""percentage"":0.000207},{""age"":""45-54"",""gender"":""female"",""percentage"":0.18623},{""age"":""35-44"",""gender"":""female"",""percentage"":0.216508},{""age"":""25-34"",""gender"":""male"",""percentage"":0.117793},{""age"":""18-24"",""gender"":""male"",""percentage"":0.017628},{""age"":""18-24"",""gender"":""female"",""percentage"":0.028826},{""age"":""25-34"",""gender"":""female"",""percentage"":0.135628},{""age"":""55-64"",""gender"":""female"",""percentage"":0.013273},{""age"":""35-44"",""gender"":""male"",""percentage"":0.155745},{""age"":""45-54"",""gender"":""male"",""percentage"":0.11966},{""age"":""35-44"",""gender"":""unknown"",""percentage"":0.00083},{""age"":""55-64"",""gender"":""male"",""percentage"":0.007051}","{""region"":""Los R\u00edos Region"",""percentage"":0.026305},{""region"":""Arica y Parinacota Region"",""percentage"":0.023428},{""region"":""Valpara\u00edso Region"",""percentage"":0.109947},{""region"":""Ays\u00e9n Region"",""percentage"":0.004932},{""region"":""Antofagasta Region"",""percentage"":0.066173},{""region"":""Araucan\u00eda Region"",""percentage"":0.070695},{""region"":""Atacama Region"",""percentage"":0.027127},{""region"":""B\u00edo B\u00edo Region"",""percentage"":0.168516},{""region"":""Coquimbo Region"",""percentage"":0.060419},{""region"":""O'Higgins Region"",""percentage"":0.072544},{""region"":""Los Lagos Region"",""percentage"":0.069051},{""region"":""Magallanes y la Ant\u00e1rtica Chilena Region"",""percentage"":0.011303},{""region"":""Maule Region"",""percentage"":0.095561},{""region"":""Santiago Metropolitan Region"",""percentage"":0.154131},{""region"":""Tarapac\u00e1 Region"",""percentage"":0.039868}","facebook,instagram","lower_bound: 500001, upper_bound: 1000000",es
434150468141356,103820310982935,"Sichel Presidente",2021-09-27,2021-09-28,2021-10-13,"Sebastián Sichel Ramirez","En nuestro paso por Llanquihue conocimos a este grupo de emprendedoras, “Aprendo a vivir”, que hace 11 años trabajan juntas en el rubro textil local. #SePuede",,,,"lower_bound: 4000, upper_bound: 4999","lower_bound: 0, upper_bound: 99",USD,"{""age"":""18-24"",""gender"":""male"",""percentage"":0.011367},{""age"":""25-34"",""gender"":""male"",""percentage"":0.10937},{""age"":""55-64"",""gender"":""male"",""percentage"":0.006452},{""age"":""45-54"",""gender"":""male"",""percentage"":0.101382},{""age"":""35-44"",""gender"":""female"",""percentage"":0.216283},{""age"":""35-44"",""gender"":""male"",""percentage"":0.134255},{""age"":""45-54"",""gender"":""female"",""percentage"":0.224578},{""age"":""55-64"",""gender"":""female"",""percentage"":0.017204},{""age"":""25-34"",""gender"":""female"",""percentage"":0.156375},{""age"":""18-24"",""gender"":""female"",""percentage"":0.020584},{""age"":""45-54"",""gender"":""unknown"",""percentage"":0.000307},{""age"":""18-24"",""gender"":""unknown"",""percentage"":0.000307},{""age"":""35-44"",""gender"":""unknown"",""percentage"":0.000614},{""age"":""25-34"",""gender"":""unknown"",""percentage"":0.000922}","{""region"":""Los R\u00edos Region"",""percentage"":0.035913},{""region"":""Arica y Parinacota Region"",""percentage"":0.031579},{""region"":""Valpara\u00edso Region"",""percentage"":0.093189},{""region"":""Ays\u00e9n Region"",""percentage"":0.00743},{""region"":""Antofagasta Region"",""percentage"":0.086687},{""region"":""Araucan\u00eda Region"",""percentage"":0.089164},{""region"":""B\u00edo B\u00edo Region"",""percentage"":0.162539},{""region"":""Coquimbo Region"",""percentage"":0.058204},{""region"":""O'Higgins Region"",""percentage"":0.066563},{""region"":""Los Lagos Region"",""percentage"":0.09195},{""region"":""Maule Region"",""percentage"":0.086997},{""region"":""Santiago Metropolitan Region"",""percentage"":0.093498},{""region"":""Tarapac\u00e1 Region"",""percentage"":0.053251},{""region"":""Atacama Region"",""percentage"":0.029412},{""region"":""Magallanes y la Ant\u00e1rtica Chilena Region"",""percentage"":0.013622}","facebook,instagram","lower_bound: 500001, upper_bound: 1000000",es
168982598740252,103820310982935,"Sichel Presidente",2021-09-27,2021-09-28,2021-10-13,"Sebastián Sichel Ramirez","Cerrando un día movido con esta reflexión, qué queremos para nuestro país en 20 años? Yo no lo concibo sin una participación clave del emprendimiento. #SePuede",,,,"lower_bound: 15000, upper_bound: 19999","lower_bound: 0, upper_bound: 99",USD,"{""age"":""18-24"",""gender"":""unknown"",""percentage"":7.1e-5},{""age"":""45-54"",""gender"":""unknown"",""percentage"":0.000987},{""age"":""55-64"",""gender"":""female"",""percentage"":0.010717},{""age"":""35-44"",""gender"":""female"",""percentage"":0.174575},{""age"":""45-54"",""gender"":""female"",""percentage"":0.151237},{""age"":""45-54"",""gender"":""male"",""percentage"":0.152859},{""age"":""25-34"",""gender"":""female"",""percentage"":0.131425},{""age"":""55-64"",""gender"":""male"",""percentage"":0.010224},{""age"":""35-44"",""gender"":""male"",""percentage"":0.193542},{""age"":""25-34"",""gender"":""male"",""percentage"":0.13347},{""age"":""18-24"",""gender"":""male"",""percentage"":0.018402},{""age"":""18-24"",""gender"":""female"",""percentage"":0.020094},{""age"":""35-44"",""gender"":""unknown"",""percentage"":0.001481},{""age"":""25-34"",""gender"":""unknown"",""percentage"":0.000917}","{""region"":""Los R\u00edos Region"",""percentage"":0.036259},{""region"":""Arica y Parinacota Region"",""percentage"":0.026998},{""region"":""Valpara\u00edso Region"",""percentage"":0.084342},{""region"":""Antofagasta Region"",""percentage"":0.078288},{""region"":""Araucan\u00eda Region"",""percentage"":0.095384},{""region"":""Atacama Region"",""percentage"":0.0317},{""region"":""B\u00edo B\u00edo Region"",""percentage"":0.182505},{""region"":""Coquimbo Region"",""percentage"":0.058555},{""region"":""O'Higgins Region"",""percentage"":0.061975},{""region"":""Los Lagos Region"",""percentage"":0.094458},{""region"":""Magallanes y la Ant\u00e1rtica Chilena Region"",""percentage"":0.012965},{""region"":""Maule Region"",""percentage"":0.09802},{""region"":""Santiago Metropolitan Region"",""percentage"":0.082847},{""region"":""Tarapac\u00e1 Region"",""percentage"":0.048725},{""region"":""Ays\u00e9n Region"",""percentage"":0.006981}","facebook,instagram","lower_bound: 500001, upper_bound: 1000000",es
384445809817436,103820310982935,"Sichel Presidente",2021-09-27,2021-09-28,2021-10-13,"Sebastián Sichel Ramirez","La familia Mella Guzmán representa el esfuerzo de miles de familias chilenas. Y nos transmiten lo importante: compartir y agradecer en familia. #SePuede #YoTeEscucho",,,,"lower_bound: 125000, upper_bound: 149999","lower_bound: 500, upper_bound: 599",USD,"{""age"":""55-64"",""gender"":""unknown"",""percentage"":4.2e-5},{""age"":""18-24"",""gender"":""unknown"",""percentage"":0.000105},{""age"":""18-24"",""gender"":""female"",""percentage"":0.024501},{""age"":""18-24"",""gender"":""male"",""percentage"":0.012862},{""age"":""55-64"",""gender"":""male"",""percentage"":0.007289},{""age"":""55-64"",""gender"":""female"",""percentage"":0.022912},{""age"":""45-54"",""gender"":""male"",""percentage"":0.10016},{""age"":""45-54"",""gender"":""female"",""percentage"":0.275884},{""age"":""25-34"",""gender"":""female"",""percentage"":0.145398},{""age"":""35-44"",""gender"":""female"",""percentage"":0.222489},{""age"":""25-34"",""gender"":""male"",""percentage"":0.080281},{""age"":""35-44"",""gender"":""male"",""percentage"":0.106382},{""age"":""35-44"",""gender"":""unknown"",""percentage"":0.00068},{""age"":""45-54"",""gender"":""unknown"",""percentage"":0.000544},{""age"":""25-34"",""gender"":""unknown"",""percentage"":0.000471}","{""region"":""Los R\u00edos Region"",""percentage"":0.034367},{""region"":""Arica y Parinacota Region"",""percentage"":0.0297},{""region"":""Valpara\u00edso Region"",""percentage"":0.08252},{""region"":""Ays\u00e9n Region"",""percentage"":0.006601},{""region"":""Antofagasta Region"",""percentage"":0.082308},{""region"":""Araucan\u00eda Region"",""percentage"":0.090216},{""region"":""Atacama Region"",""percentage"":0.030232},{""region"":""B\u00edo B\u00edo Region"",""percentage"":0.196027},{""region"":""Coquimbo Region"",""percentage"":0.057678},{""region"":""O'Higgins Region"",""percentage"":0.068595},{""region"":""Los Lagos Region"",""percentage"":0.08286},{""region"":""Magallanes y la Ant\u00e1rtica Chilena Region"",""percentage"":0.012012},{""region"":""Maule Region"",""percentage"":0.106554},{""region"":""Santiago Metropolitan Region"",""percentage"":0.069594},{""region"":""Tarapac\u00e1 Region"",""percentage"":0.050737}","facebook,instagram","lower_bound: 500001, upper_bound: 1000000",es
543560440275633,103820310982935,"Sichel Presidente",2021-09-27,2021-09-28,2021-10-13,"Sebastián Sichel Ramirez","No existen balas locas, existen balas asesinas y como Estado hay que hacerse cargo.",,,,"lower_bound: 60000, upper_bound: 69999","lower_bound: 200, upper_bound: 299",USD,"{""age"":""45-54"",""gender"":""unknown"",""percentage"":0.000559},{""age"":""18-24"",""gender"":""male"",""percentage"":0.017732},{""age"":""18-24"",""gender"":""female"",""percentage"":0.025807},{""age"":""55-64"",""gender"":""male"",""percentage"":0.007921},{""age"":""25-34"",""gender"":""female"",""percentage"":0.129883},{""age"":""45-54"",""gender"":""male"",""percentage"":0.127436},{""age"":""25-34"",""gender"":""male"",""percentage"":0.113},{""age"":""35-44"",""gender"":""female"",""percentage"":0.193062},{""age"":""45-54"",""gender"":""female"",""percentage"":0.222993},{""age"":""35-44"",""gender"":""male"",""percentage"":0.140831},{""age"":""55-64"",""gender"":""female"",""percentage"":0.019466},{""age"":""35-44"",""gender"":""unknown"",""percentage"":0.000829},{""age"":""25-34"",""gender"":""unknown"",""percentage"":0.000308},{""age"":""18-24"",""gender"":""unknown"",""percentage"":0.000116},{""age"":""55-64"",""gender"":""unknown"",""percentage"":5.8e-5}","{""region"":""Los R\u00edos Region"",""percentage"":0.031714},{""region"":""Arica y Parinacota Region"",""percentage"":0.026743},{""region"":""Valpara\u00edso Region"",""percentage"":0.09254},{""region"":""Ays\u00e9n Region"",""percentage"":0.005703},{""region"":""Antofagasta Region"",""percentage"":0.082945},{""region"":""Araucan\u00eda Region"",""percentage"":0.085295},{""region"":""Atacama Region"",""percentage"":0.029402},{""region"":""B\u00edo B\u00edo Region"",""percentage"":0.171708},{""region"":""Coquimbo Region"",""percentage"":0.058745},{""region"":""O'Higgins Region"",""percentage"":0.068668},{""region"":""Los Lagos Region"",""percentage"":0.078475},{""region"":""Magallanes y la Ant\u00e1rtica Chilena Region"",""percentage"":0.01289},{""region"":""Maule Region"",""percentage"":0.098493},{""region"":""Santiago Metropolitan Region"",""percentage"":0.105911},{""region"":""Tarapac\u00e1 Region"",""percentage"":0.050769}","facebook,instagram","lower_bound: 500001, upper_bound: 1000000",es
6145307855539841,103820310982935,"Sichel Presidente",2021-09-27,2021-09-28,2021-09-30,"Sebastián Sichel Ramirez","Mientras hay familias sufriendo por balas asesinas, la discusión sigue en la farándula política.",,,,"lower_bound: 15000, upper_bound: 19999","lower_bound: 0, upper_bound: 99",USD,"{""age"":""25-34"",""gender"":""unknown"",""percentage"":0.000555},{""age"":""35-44"",""gender"":""unknown"",""percentage"":0.00148},{""age"":""55-64"",""gender"":""male"",""percentage"":0.007338},{""age"":""55-64"",""gender"":""female"",""percentage"":0.011099},{""age"":""18-24"",""gender"":""male"",""percentage"":0.018498},{""age"":""45-54"",""gender"":""male"",""percentage"":0.14749},{""age"":""18-24"",""gender"":""female"",""percentage"":0.026205},{""age"":""25-34"",""gender"":""male"",""percentage"":0.135343},{""age"":""35-44"",""gender"":""male"",""percentage"":0.217228},{""age"":""35-44"",""gender"":""female"",""percentage"":0.161549},{""age"":""25-34"",""gender"":""female"",""percentage"":0.137008},{""age"":""45-54"",""gender"":""female"",""percentage"":0.134604},{""age"":""18-24"",""gender"":""unknown"",""percentage"":0.000308},{""age"":""45-54"",""gender"":""unknown"",""percentage"":0.001295}","{""region"":""Los R\u00edos Region"",""percentage"":0.03529},{""region"":""Arica y Parinacota Region"",""percentage"":0.03084},{""region"":""Valpara\u00edso Region"",""percentage"":0.088377},{""region"":""Ays\u00e9n Region"",""percentage"":0.006217},{""region"":""Antofagasta Region"",""percentage"":0.087402},{""region"":""Araucan\u00eda Region"",""percentage"":0.100689},{""region"":""Atacama Region"",""percentage"":0.032303},{""region"":""B\u00edo B\u00edo Region"",""percentage"":0.191747},{""region"":""Coquimbo Region"",""percentage"":0.059426},{""region"":""O'Higgins Region"",""percentage"":0.06034},{""region"":""Los Lagos Region"",""percentage"":0.095081},{""region"":""Magallanes y la Ant\u00e1rtica Chilena Region"",""percentage"":0.014201},{""region"":""Maule Region"",""percentage"":0.103614},{""region"":""Santiago Metropolitan Region"",""percentage"":0.047419},{""region"":""Tarapac\u00e1 Region"",""percentage"":0.047053}","facebook,instagram","lower_bound: 500001, upper_bound: 1000000",es
378363970452872,103820310982935,"Sichel Presidente",2021-09-27,2021-09-28,2021-10-13,"Sebastián Sichel Ramirez","Les presento a Eva. Como ella hay miles de emprendedores y miles de mujeres luchadoras. De eso se trata esta campaña, de acompañar mejor a quienes no hemos escuchado. #SePuede","Una emprendedora por naturaleza",,,"lower_bound: 100000, upper_bound: 124999","lower_bound: 400, upper_bound: 499",USD,"{""age"":""18-24"",""gender"":""unknown"",""percentage"":9.2e-5},{""age"":""45-54"",""gender"":""unknown"",""percentage"":0.001545},{""age"":""55-64"",""gender"":""male"",""percentage"":0.005535},{""age"":""25-34"",""gender"":""unknown"",""percentage"":0.000715},{""age"":""55-64"",""gender"":""female"",""percentage"":0.015268},{""age"":""35-44"",""gender"":""male"",""percentage"":0.15884},{""age"":""35-44"",""gender"":""female"",""percentage"":0.224953},{""age"":""45-54"",""gender"":""female"",""percentage"":0.220317},{""age"":""25-34"",""gender"":""female"",""percentage"":0.131083},{""age"":""25-34"",""gender"":""male"",""percentage"":0.104606},{""age"":""18-24"",""gender"":""female"",""percentage"":0.019581},{""age"":""18-24"",""gender"":""male"",""percentage"":0.012743},{""age"":""45-54"",""gender"":""male"",""percentage"":0.102369},{""age"":""35-44"",""gender"":""unknown"",""percentage"":0.00226},{""age"":""55-64"",""gender"":""unknown"",""percentage"":9.2e-5}","{""region"":""Los R\u00edos Region"",""percentage"":0.035248},{""region"":""Arica y Parinacota Region"",""percentage"":0.027633},{""region"":""Valpara\u00edso Region"",""percentage"":0.098303},{""region"":""Ays\u00e9n Region"",""percentage"":0.006277},{""region"":""Antofagasta Region"",""percentage"":0.086303},{""region"":""Araucan\u00eda Region"",""percentage"":0.089211},{""region"":""Atacama Region"",""percentage"":0.031129},{""region"":""B\u00edo B\u00edo Region"",""percentage"":0.17188},{""region"":""Coquimbo Region"",""percentage"":0.063124},{""region"":""O'Higgins Region"",""percentage"":0.060205},{""region"":""Los Lagos Region"",""percentage"":0.088957},{""region"":""Magallanes y la Ant\u00e1rtica Chilena Region"",""percentage"":0.014261},{""region"":""Maule Region"",""percentage"":0.095314},{""region"":""Santiago Metropolitan Region"",""percentage"":0.084642},{""region"":""Tarapac\u00e1 Region"",""percentage"":0.047513}","facebook,instagram","lower_bound: 500001, upper_bound: 1000000",es
1102996790232498,103820310982935,"Sichel Presidente",2021-09-27,2021-09-28,2021-09-30,"Sebastián Sichel Ramirez","Acompáñennos en esta nueva etapa! #SePuede #SichelPresidente",,,,"lower_bound: 3000, upper_bound: 3999","lower_bound: 0, upper_bound: 99",USD,"{""age"":""18-24"",""gender"":""unknown"",""percentage"":0.00032},{""age"":""25-34"",""gender"":""unknown"",""percentage"":0.00032},{""age"":""18-24"",""gender"":""male"",""percentage"":0.053103},{""age"":""25-34"",""gender"":""female"",""percentage"":0.160909},{""age"":""35-44"",""gender"":""male"",""percentage"":0.229047},{""age"":""35-44"",""gender"":""female"",""percentage"":0.104607},{""age"":""25-34"",""gender"":""male"",""percentage"":0.287908},{""age"":""18-24"",""gender"":""female"",""percentage"":0.042226},{""age"":""45-54"",""gender"":""male"",""percentage"":0.069418},{""age"":""45-54"",""gender"":""female"",""percentage"":0.046705},{""age"":""35-44"",""gender"":""unknown"",""percentage"":0.00128},{""age"":""55-64"",""gender"":""male"",""percentage"":0.001599},{""age"":""55-64"",""gender"":""female"",""percentage"":0.002559}","{""region"":""Los R\u00edos Region"",""percentage"":0.033613},{""region"":""Arica y Parinacota Region"",""percentage"":0.02424},{""region"":""Valpara\u00edso Region"",""percentage"":0.076923},{""region"":""Ays\u00e9n Region"",""percentage"":0.00808},{""region"":""Antofagasta Region"",""percentage"":0.103426},{""region"":""Araucan\u00eda Region"",""percentage"":0.102133},{""region"":""Atacama Region"",""percentage"":0.035229},{""region"":""B\u00edo B\u00edo Region"",""percentage"":0.181319},{""region"":""Coquimbo Region"",""percentage"":0.060116},{""region"":""O'Higgins Region"",""percentage"":0.059793},{""region"":""Los Lagos Region"",""percentage"":0.101164},{""region"":""Magallanes y la Ant\u00e1rtica Chilena Region"",""percentage"":0.015837},{""region"":""Maule Region"",""percentage"":0.10084},{""region"":""Santiago Metropolitan Region"",""percentage"":0.045249},{""region"":""Tarapac\u00e1 Region"",""percentage"":0.052036}","facebook,instagram","lower_bound: 500001, upper_bound: 1000000",es
888333218420488,103820310982935,"Sichel Presidente",2021-09-27,2021-09-28,2021-10-13,"Sebastián Sichel Ramirez","Nuestro programa de gobierno necesita gente con experiencia, gente diversa y que represente a los chilenos. #SePuede","Un gabinete diverso",,,"lower_bound: 150000, upper_bound: 174999","lower_bound: 400, upper_bound: 499",USD,"{""age"":""25-34"",""gender"":""unknown"",""percentage"":0.001047},{""age"":""55-64"",""gender"":""unknown"",""percentage"":7.4e-5},{""age"":""18-24"",""gender"":""unknown"",""percentage"":0.00019},{""age"":""25-34"",""gender"":""female"",""percentage"":0.085835},{""age"":""45-54"",""gender"":""unknown"",""percentage"":0.00211},{""age"":""35-44"",""gender"":""male"",""percentage"":0.256021},{""age"":""18-24"",""gender"":""female"",""percentage"":0.008877},{""age"":""25-34"",""gender"":""male"",""percentage"":0.153421},{""age"":""45-54"",""gender"":""female"",""percentage"":0.132816},{""age"":""35-44"",""gender"":""female"",""percentage"":0.139978},{""age"":""45-54"",""gender"":""male"",""percentage"":0.183885},{""age"":""18-24"",""gender"":""male"",""percentage"":0.013427},{""age"":""55-64"",""gender"":""male"",""percentage"":0.009676},{""age"":""55-64"",""gender"":""female"",""percentage"":0.00952},{""age"":""35-44"",""gender"":""unknown"",""percentage"":0.003124}","{""region"":""Los R\u00edos Region"",""percentage"":0.03813},{""region"":""Arica y Parinacota Region"",""percentage"":0.027321},{""region"":""Valpara\u00edso Region"",""percentage"":0.097787},{""region"":""Ays\u00e9n Region"",""percentage"":0.007595},{""region"":""Antofagasta Region"",""percentage"":0.07359},{""region"":""Araucan\u00eda Region"",""percentage"":0.085259},{""region"":""Atacama Region"",""percentage"":0.030469},{""region"":""B\u00edo B\u00edo Region"",""percentage"":0.178575},{""region"":""Coquimbo Region"",""percentage"":0.063442},{""region"":""O'Higgins Region"",""percentage"":0.064202},{""region"":""Los Lagos Region"",""percentage"":0.086565},{""region"":""Magallanes y la Ant\u00e1rtica Chilena Region"",""percentage"":0.016296},{""region"":""Maule Region"",""percentage"":0.097266},{""region"":""Santiago Metropolitan Region"",""percentage"":0.085738},{""region"":""Tarapac\u00e1 Region"",""percentage"":0.047765}","facebook,instagram","lower_bound: 500001, upper_bound: 1000000",es
226937796141340,103820310982935,"Sichel Presidente",2021-09-27,2021-09-27,2021-09-30,"Sebastián Sichel Ramirez","Gracias por el cariño, la compañía y por escuchar nuestras ideas para un Chile donde #SePuede vivir mejor.",,,,"lower_bound: 10000, upper_bound: 14999","lower_bound: 0, upper_bound: 99",USD,"{""age"":""45-54"",""gender"":""unknown"",""percentage"":0.000819},{""age"":""18-24"",""gender"":""unknown"",""percentage"":0.000307},{""age"":""35-44"",""gender"":""unknown"",""percentage"":0.001023},{""age"":""25-34"",""gender"":""unknown"",""percentage"":0.000409},{""age"":""55-64"",""gender"":""male"",""percentage"":0.018727},{""age"":""35-44"",""gender"":""male"",""percentage"":0.211932},{""age"":""45-54"",""gender"":""male"",""percentage"":0.255833},{""age"":""25-34"",""gender"":""male"",""percentage"":0.161686},{""age"":""35-44"",""gender"":""female"",""percentage"":0.091077},{""age"":""45-54"",""gender"":""female"",""percentage"":0.112771},{""age"":""55-64"",""gender"":""female"",""percentage"":0.012485},{""age"":""18-24"",""gender"":""male"",""percentage"":0.033054},{""age"":""25-34"",""gender"":""female"",""percentage"":0.081048},{""age"":""18-24"",""gender"":""female"",""percentage"":0.018829}","{""region"":""Los R\u00edos Region"",""percentage"":0.034728},{""region"":""Arica y Parinacota Region"",""percentage"":0.027205},{""region"":""Valpara\u00edso Region"",""percentage"":0.09934},{""region"":""Ays\u00e9n Region"",""percentage"":0.007626},{""region"":""Antofagasta Region"",""percentage"":0.055132},{""region"":""Araucan\u00eda Region"",""percentage"":0.082852},{""region"":""Atacama Region"",""percentage"":0.022568},{""region"":""B\u00edo B\u00edo Region"",""percentage"":0.149217},{""region"":""Coquimbo Region"",""percentage"":0.059357},{""region"":""O'Higgins Region"",""percentage"":0.069971},{""region"":""Los Lagos Region"",""percentage"":0.084398},{""region"":""Magallanes y la Ant\u00e1rtica Chilena Region"",""percentage"":0.011026},{""region"":""Maule Region"",""percentage"":0.098722},{""region"":""Santiago Metropolitan Region"",""percentage"":0.152102},{""region"":""Tarapac\u00e1 Region"",""percentage"":0.045754}","facebook,instagram","lower_bound: 1000001",es
6204153659655742,103820310982935,"Sichel Presidente",2021-09-27,2021-09-27,2021-09-30,"Sebastián Sichel Ramirez","Gracias por el cariño, la compañía y por escuchar nuestras ideas para un Chile donde #SePuede vivir mejor.",,,,"lower_bound: 2000, upper_bound: 2999","lower_bound: 0, upper_bound: 99",USD,"{""age"":""45-54"",""gender"":""unknown"",""percentage"":0.002068},{""age"":""25-34"",""gender"":""unknown"",""percentage"":0.000517},{""age"":""18-24"",""gender"":""female"",""percentage"":0.005171},{""age"":""25-34"",""gender"":""female"",""percentage"":0.031024},{""age"":""45-54"",""gender"":""male"",""percentage"":0.375905},{""age"":""35-44"",""gender"":""unknown"",""percentage"":0.001551},{""age"":""45-54"",""gender"":""female"",""percentage"":0.101861},{""age"":""35-44"",""gender"":""male"",""percentage"":0.264219},{""age"":""35-44"",""gender"":""female"",""percentage"":0.053257},{""age"":""25-34"",""gender"":""male"",""percentage"":0.102378},{""age"":""55-64"",""gender"":""female"",""percentage"":0.013444},{""age"":""55-64"",""gender"":""male"",""percentage"":0.031024},{""age"":""18-24"",""gender"":""male"",""percentage"":0.01758}","{""region"":""Los R\u00edos Region"",""percentage"":0.053985},{""region"":""Arica y Parinacota Region"",""percentage"":0.015424},{""region"":""Valpara\u00edso Region"",""percentage"":0.024679},{""region"":""Ays\u00e9n Region"",""percentage"":0.010797},{""region"":""Antofagasta Region"",""percentage"":0.062725},{""region"":""Araucan\u00eda Region"",""percentage"":0.146015},{""region"":""Atacama Region"",""percentage"":0.020566},{""region"":""B\u00edo B\u00edo Region"",""percentage"":0.215938},{""region"":""Coquimbo Region"",""percentage"":0.059126},{""region"":""O'Higgins Region"",""percentage"":0.048329},{""region"":""Los Lagos Region"",""percentage"":0.172237},{""region"":""Magallanes y la Ant\u00e1rtica Chilena Region"",""percentage"":0.015938},{""region"":""Maule Region"",""percentage"":0.094602},{""region"":""Santiago Metropolitan Region"",""percentage"":0.025193},{""region"":""Tarapac\u00e1 Region"",""percentage"":0.034447}","facebook,instagram","lower_bound: 500001, upper_bound: 1000000",es
4328529947240046,103820310982935,"Sichel Presidente",2021-09-27,2021-09-27,2021-09-29,"Sebastián Sichel Ramirez","Gracias por el cariño, la compañía y por escuchar nuestras ideas para un Chile donde #SePuede vivir mejor.",,,,"lower_bound: 0, upper_bound: 999","lower_bound: 0, upper_bound: 99",USD,"{""age"":""18-24"",""gender"":""male"",""percentage"":0.016484},{""age"":""25-34"",""gender"":""female"",""percentage"":0.012821},{""age"":""35-44"",""gender"":""male"",""percentage"":0.247253},{""age"":""45-54"",""gender"":""male"",""percentage"":0.35348},{""age"":""45-54"",""gender"":""female"",""percentage"":0.106227},{""age"":""35-44"",""gender"":""female"",""percentage"":0.054945},{""age"":""25-34"",""gender"":""male"",""percentage"":0.124542},{""age"":""18-24"",""gender"":""female"",""percentage"":0.005495},{""age"":""55-64"",""gender"":""male"",""percentage"":0.067766},{""age"":""55-64"",""gender"":""female"",""percentage"":0.007326},{""age"":""35-44"",""gender"":""unknown"",""percentage"":0.003663}","{""region"":""Los R\u00edos Region"",""percentage"":0.007326},{""region"":""Arica y Parinacota Region"",""percentage"":0.025641},{""region"":""Valpara\u00edso Region"",""percentage"":0.014652},{""region"":""Ays\u00e9n Region"",""percentage"":0.025641},{""region"":""Antofagasta Region"",""percentage"":0.067766},{""region"":""Araucan\u00eda Region"",""percentage"":0.128205},{""region"":""Atacama Region"",""percentage"":0.018315},{""region"":""B\u00edo B\u00edo Region"",""percentage"":0.190476},{""region"":""Coquimbo Region"",""percentage"":0.117216},{""region"":""O'Higgins Region"",""percentage"":0.135531},{""region"":""Los Lagos Region"",""percentage"":0.148352},{""region"":""Magallanes y la Ant\u00e1rtica Chilena Region"",""percentage"":0.005495},{""region"":""Maule Region"",""percentage"":0.027473},{""region"":""Santiago Metropolitan Region"",""percentage"":0.086081},{""region"":""Tarapac\u00e1 Region"",""percentage"":0.001832}","facebook,instagram","lower_bound: 100001, upper_bound: 500000",es
538019337499364,103820310982935,"Sichel Presidente",2021-09-25,2021-09-25,2021-09-30,"Sebastián Sichel Ramirez","Tenemos que dejar de ver la pensión de alimento como un favor. Este es un derecho de todos los niños y niñas, que de no tener un padre o madre presente, necesita de un Estado que sí lo sea. #SePuede",,,,"lower_bound: 25000, upper_bound: 29999","lower_bound: 0, upper_bound: 99",USD,"{""age"":""18-24"",""gender"":""unknown"",""percentage"":4.1e-5},{""age"":""55-64"",""gender"":""male"",""percentage"":0.000787},{""age"":""35-44"",""gender"":""unknown"",""percentage"":0.000912},{""age"":""55-64"",""gender"":""female"",""percentage"":0.006547},{""age"":""25-34"",""gender"":""unknown"",""percentage"":0.000207},{""age"":""55-64"",""gender"":""unknown"",""percentage"":4.1e-5},{""age"":""45-54"",""gender"":""unknown"",""percentage"":0.000207},{""age"":""45-54"",""gender"":""male"",""percentage"":0.025651},{""age"":""25-34"",""gender"":""male"",""percentage"":0.103887},{""age"":""45-54"",""gender"":""female"",""percentage"":0.13567},{""age"":""35-44"",""gender"":""female"",""percentage"":0.258992},{""age"":""35-44"",""gender"":""male"",""percentage"":0.069949},{""age"":""25-34"",""gender"":""female"",""percentage"":0.287751},{""age"":""18-24"",""gender"":""female"",""percentage"":0.084867},{""age"":""18-24"",""gender"":""male"",""percentage"":0.02449}","{""region"":""Los R\u00edos Region"",""percentage"":0.041833},{""region"":""Arica y Parinacota Region"",""percentage"":0.031925},{""region"":""Valpara\u00edso Region"",""percentage"":0.078325},{""region"":""Ays\u00e9n Region"",""percentage"":0.010397},{""region"":""Antofagasta Region"",""percentage"":0.093778},{""region"":""Araucan\u00eda Region"",""percentage"":0.100342},{""region"":""Atacama Region"",""percentage"":0.033556},{""region"":""B\u00edo B\u00edo Region"",""percentage"":0.187067},{""region"":""Coquimbo Region"",""percentage"":0.046114},{""region"":""O'Higgins Region"",""percentage"":0.065645},{""region"":""Los Lagos Region"",""percentage"":0.094553},{""region"":""Magallanes y la Ant\u00e1rtica Chilena Region"",""percentage"":0.019204},{""region"":""Maule Region"",""percentage"":0.107355},{""region"":""Santiago Metropolitan Region"",""percentage"":0.030947},{""region"":""Tarapac\u00e1 Region"",""percentage"":0.058958}","facebook,instagram","lower_bound: 500001, upper_bound: 1000000",es
1819839854886787,103820310982935,"Sichel Presidente",2021-09-25,2021-09-25,2021-09-30,"Sebastián Sichel Ramirez","Tenemos que dejar de ver la pensión de alimento como un favor. Este es un derecho de todos los niños y niñas, que de no tener un padre o madre presente, necesita de un Estado que sí lo sea. #SePuede",,,,"lower_bound: 15000, upper_bound: 19999","lower_bound: 0, upper_bound: 99",USD,"{""age"":""45-54"",""gender"":""unknown"",""percentage"":0.001018},{""age"":""18-24"",""gender"":""unknown"",""percentage"":0.00017},{""age"":""25-34"",""gender"":""unknown"",""percentage"":0.000679},{""age"":""55-64"",""gender"":""male"",""percentage"":0.002376},{""age"":""18-24"",""gender"":""male"",""percentage"":0.042489},{""age"":""35-44"",""gender"":""male"",""percentage"":0.122546},{""age"":""45-54"",""gender"":""male"",""percentage"":0.054031},{""age"":""18-24"",""gender"":""female"",""percentage"":0.083508},{""age"":""45-54"",""gender"":""female"",""percentage"":0.139576},{""age"":""35-44"",""gender"":""female"",""percentage"":0.226139},{""age"":""25-34"",""gender"":""female"",""percentage"":0.2},{""age"":""25-34"",""gender"":""male"",""percentage"":0.118246},{""age"":""55-64"",""gender"":""female"",""percentage"":0.008091},{""age"":""35-44"",""gender"":""unknown"",""percentage"":0.001132}","{""region"":""Los R\u00edos Region"",""percentage"":0.03407},{""region"":""Arica y Parinacota Region"",""percentage"":0.033111},{""region"":""Valpara\u00edso Region"",""percentage"":0.120995},{""region"":""Ays\u00e9n Region"",""percentage"":0.008292},{""region"":""Antofagasta Region"",""percentage"":0.07491},{""region"":""Araucan\u00eda Region"",""percentage"":0.08574},{""region"":""Atacama Region"",""percentage"":0.027358},{""region"":""B\u00edo B\u00edo Region"",""percentage"":0.166291},{""region"":""Coquimbo Region"",""percentage"":0.047947},{""region"":""O'Higgins Region"",""percentage"":0.0713},{""region"":""Los Lagos Region"",""percentage"":0.092058},{""region"":""Magallanes y la Ant\u00e1rtica Chilena Region"",""percentage"":0.021379},{""region"":""Maule Region"",""percentage"":0.096683},{""region"":""Santiago Metropolitan Region"",""percentage"":0.064192},{""region"":""Tarapac\u00e1 Region"",""percentage"":0.055675}","facebook,instagram","lower_bound: 1000001",es
120067873655078,103820310982935,"Sichel Presidente",2021-09-25,2021-09-25,2021-09-29,"Sebastián Sichel Ramirez","Tenemos que dejar de ver la pensión de alimento como un favor. Este es un derecho de todos los niños y niñas, que de no tener un padre o madre presente, necesita de un Estado que sí lo sea. #SePuede",,,,"lower_bound: 1000, upper_bound: 1999","lower_bound: 0, upper_bound: 99",USD,"{""age"":""55-64"",""gender"":""male"",""percentage"":0.002091},{""age"":""55-64"",""gender"":""female"",""percentage"":0.002787},{""age"":""35-44"",""gender"":""unknown"",""percentage"":0.000697},{""age"":""35-44"",""gender"":""male"",""percentage"":0.073868},{""age"":""45-54"",""gender"":""female"",""percentage"":0.080139},{""age"":""25-34"",""gender"":""female"",""percentage"":0.35331},{""age"":""18-24"",""gender"":""male"",""percentage"":0.020209},{""age"":""35-44"",""gender"":""female"",""percentage"":0.16446},{""age"":""25-34"",""gender"":""male"",""percentage"":0.218815},{""age"":""25-34"",""gender"":""unknown"",""percentage"":0.003484},{""age"":""18-24"",""gender"":""female"",""percentage"":0.045993},{""age"":""45-54"",""gender"":""male"",""percentage"":0.034146}","{""region"":""Los R\u00edos Region"",""percentage"":0.004243},{""region"":""Arica y Parinacota Region"",""percentage"":0.032532},{""region"":""Valpara\u00edso Region"",""percentage"":0.019095},{""region"":""Ays\u00e9n Region"",""percentage"":0.016266},{""region"":""Antofagasta Region"",""percentage"":0.094767},{""region"":""Araucan\u00eda Region"",""percentage"":0.125884},{""region"":""Atacama Region"",""percentage"":0.052334},{""region"":""B\u00edo B\u00edo Region"",""percentage"":0.197313},{""region"":""Coquimbo Region"",""percentage"":0.090523},{""region"":""O'Higgins Region"",""percentage"":0.12942},{""region"":""Los Lagos Region"",""percentage"":0.134371},{""region"":""Magallanes y la Ant\u00e1rtica Chilena Region"",""percentage"":0.006365},{""region"":""Maule Region"",""percentage"":0.024752},{""region"":""Santiago Metropolitan Region"",""percentage"":0.060113},{""region"":""Tarapac\u00e1 Region"",""percentage"":0.012023}","facebook,instagram","lower_bound: 100001, upper_bound: 500000",es
574762510333948,103820310982935,"Sichel Presidente",2021-09-25,2021-09-25,2021-09-30,"Sebastián Sichel Ramirez","Junto a mi familia, a mis amigos y a cientos de personas que creen que la política no es contra alguien; es junto a muchos. Gracias por el cariño, la energía y la esperanza. A ganar!

#SePuede.",,,,"lower_bound: 8000, upper_bound: 8999","lower_bound: 0, upper_bound: 99",USD,"{""age"":""45-54"",""gender"":""male"",""percentage"":0.027619},{""age"":""35-44"",""gender"":""female"",""percentage"":0.212267},{""age"":""45-54"",""gender"":""female"",""percentage"":0.11346},{""age"":""25-34"",""gender"":""female"",""percentage"":0.347251},{""age"":""18-24"",""gender"":""male"",""percentage"":0.028397},{""age"":""18-24"",""gender"":""female"",""percentage"":0.090638},{""age"":""35-44"",""gender"":""male"",""percentage"":0.058351},{""age"":""25-34"",""gender"":""male"",""percentage"":0.10931},{""age"":""18-24"",""gender"":""unknown"",""percentage"":0.00013},{""age"":""25-34"",""gender"":""unknown"",""percentage"":0.001167},{""age"":""45-54"",""gender"":""unknown"",""percentage"":0.00013},{""age"":""35-44"",""gender"":""unknown"",""percentage"":0.000648},{""age"":""55-64"",""gender"":""female"",""percentage"":0.009595},{""age"":""55-64"",""gender"":""male"",""percentage"":0.001037}","{""region"":""Los R\u00edos Region"",""percentage"":0.040036},{""region"":""Arica y Parinacota Region"",""percentage"":0.030448},{""region"":""Valpara\u00edso Region"",""percentage"":0.094973},{""region"":""Ays\u00e9n Region"",""percentage"":0.011013},{""region"":""Antofagasta Region"",""percentage"":0.079166},{""region"":""Araucan\u00eda Region"",""percentage"":0.088883},{""region"":""Atacama Region"",""percentage"":0.030707},{""region"":""B\u00edo B\u00edo Region"",""percentage"":0.178803},{""region"":""Coquimbo Region"",""percentage"":0.04781},{""region"":""O'Higgins Region"",""percentage"":0.063488},{""region"":""Los Lagos Region"",""percentage"":0.09873},{""region"":""Magallanes y la Ant\u00e1rtica Chilena Region"",""percentage"":0.024618},{""region"":""Maule Region"",""percentage"":0.08668},{""region"":""Santiago Metropolitan Region"",""percentage"":0.073724},{""region"":""Tarapac\u00e1 Region"",""percentage"":0.05092}","facebook,instagram","lower_bound: 1000001",es
601046504605233,103820310982935,"Sichel Presidente",2021-09-25,2021-09-25,2021-10-13,"Sebastián Sichel Ramirez","Junto a mi familia, a mis amigos y a cientos de personas que creen que la política no es contra alguien; es junto a muchos. Gracias por el cariño, la energía y la esperanza. A ganar!

#SePuede.",,,,"lower_bound: 10000, upper_bound: 14999","lower_bound: 0, upper_bound: 99",USD,"{""age"":""55-64"",""gender"":""male"",""percentage"":0.001005},{""age"":""35-44"",""gender"":""unknown"",""percentage"":0.000703},{""age"":""55-64"",""gender"":""unknown"",""percentage"":0.0001},{""age"":""25-34"",""gender"":""unknown"",""percentage"":0.000201},{""age"":""55-64"",""gender"":""female"",""percentage"":0.00864},{""age"":""45-54"",""gender"":""male"",""percentage"":0.026422},{""age"":""45-54"",""gender"":""female"",""percentage"":0.17601},{""age"":""35-44"",""gender"":""female"",""percentage"":0.334539},{""age"":""35-44"",""gender"":""male"",""percentage"":0.069319},{""age"":""25-34"",""gender"":""female"",""percentage"":0.26733},{""age"":""25-34"",""gender"":""male"",""percentage"":0.059072},{""age"":""18-24"",""gender"":""female"",""percentage"":0.047117},{""age"":""45-54"",""gender"":""unknown"",""percentage"":0.000301},{""age"":""18-24"",""gender"":""male"",""percentage"":0.009243}","{""region"":""Los R\u00edos Region"",""percentage"":0.044573},{""region"":""Arica y Parinacota Region"",""percentage"":0.02945},{""region"":""Valpara\u00edso Region"",""percentage"":0.07641},{""region"":""Ays\u00e9n Region"",""percentage"":0.00975},{""region"":""Antofagasta Region"",""percentage"":0.085365},{""region"":""Araucan\u00eda Region"",""percentage"":0.104368},{""region"":""Atacama Region"",""percentage"":0.032435},{""region"":""B\u00edo B\u00edo Region"",""percentage"":0.190528},{""region"":""Coquimbo Region"",""percentage"":0.051736},{""region"":""O'Higgins Region"",""percentage"":0.061685},{""region"":""Los Lagos Region"",""percentage"":0.104467},{""region"":""Magallanes y la Ant\u00e1rtica Chilena Region"",""percentage"":0.024774},{""region"":""Maule Region"",""percentage"":0.092827},{""region"":""Santiago Metropolitan Region"",""percentage"":0.04706},{""region"":""Tarapac\u00e1 Region"",""percentage"":0.044573}","facebook,instagram","lower_bound: 500001, upper_bound: 1000000",es
593429148349131,103820310982935,"Sichel Presidente",2021-09-25,2021-09-25,2021-09-29,"Sebastián Sichel Ramirez","Junto a mi familia, a mis amigos y a cientos de personas que creen que la política no es contra alguien; es junto a muchos. Gracias por el cariño, la energía y la esperanza. A ganar!

#SePuede.",,,,"lower_bound: 0, upper_bound: 999","lower_bound: 0, upper_bound: 99",USD,"{""age"":""35-44"",""gender"":""male"",""percentage"":0.067308},{""age"":""18-24"",""gender"":""unknown"",""percentage"":0.009615},{""age"":""55-64"",""gender"":""male"",""percentage"":0.019231},{""age"":""45-54"",""gender"":""male"",""percentage"":0.086538},{""age"":""18-24"",""gender"":""male"",""percentage"":0.105769},{""age"":""18-24"",""gender"":""female"",""percentage"":0.067308},{""age"":""25-34"",""gender"":""female"",""percentage"":0.346154},{""age"":""35-44"",""gender"":""female"",""percentage"":0.144231},{""age"":""25-34"",""gender"":""male"",""percentage"":0.076923},{""age"":""45-54"",""gender"":""female"",""percentage"":0.076923}","{""region"":""Los R\u00edos Region"",""percentage"":0.009615},{""region"":""Atacama Region"",""percentage"":0.028846},{""region"":""Valpara\u00edso Region"",""percentage"":0.019231},{""region"":""Ays\u00e9n Region"",""percentage"":0.019231},{""region"":""Maule Region"",""percentage"":0.028846},{""region"":""Tarapac\u00e1 Region"",""percentage"":0.009615},{""region"":""Arica y Parinacota Region"",""percentage"":0.028846},{""region"":""Antofagasta Region"",""percentage"":0.067308},{""region"":""Araucan\u00eda Region"",""percentage"":0.134615},{""region"":""B\u00edo B\u00edo Region"",""percentage"":0.201923},{""region"":""Coquimbo Region"",""percentage"":0.096154},{""region"":""O'Higgins Region"",""percentage"":0.115385},{""region"":""Los Lagos Region"",""percentage"":0.105769},{""region"":""Santiago Metropolitan Region"",""percentage"":0.134615}","facebook,instagram","lower_bound: 100001, upper_bound: 500000",es
4397331717053763,103820310982935,"Sichel Presidente",2021-09-25,2021-09-25,2021-09-29,"Sebastián Sichel Ramirez","Junto a los vecinos de la Junta n31 de la Plaza Zañartu. La seguridad sigue siendo la principal preocupación de los chilenos, por eso hoy presentamos nuestras medidas para mejorar y potenciad la labor preventiva de Carabineros mediante el crecimiento de su dotación.",,,,"lower_bound: 0, upper_bound: 999","lower_bound: 0, upper_bound: 99",USD,"{""age"":""18-24"",""gender"":""unknown"",""percentage"":0.006803},{""age"":""45-54"",""gender"":""male"",""percentage"":0.040816},{""age"":""18-24"",""gender"":""female"",""percentage"":0.142857},{""age"":""35-44"",""gender"":""female"",""percentage"":0.07483},{""age"":""35-44"",""gender"":""male"",""percentage"":0.068027},{""age"":""18-24"",""gender"":""male"",""percentage"":0.115646},{""age"":""25-34"",""gender"":""male"",""percentage"":0.29932},{""age"":""45-54"",""gender"":""female"",""percentage"":0.061224},{""age"":""25-34"",""gender"":""female"",""percentage"":0.176871},{""age"":""55-64"",""gender"":""male"",""percentage"":0.013605}","{""region"":""Los R\u00edos Region"",""percentage"":0.006803},{""region"":""Arica y Parinacota Region"",""percentage"":0.040816},{""region"":""Valpara\u00edso Region"",""percentage"":0.020408},{""region"":""Ays\u00e9n Region"",""percentage"":0.027211},{""region"":""Antofagasta Region"",""percentage"":0.088435},{""region"":""Atacama Region"",""percentage"":0.034014},{""region"":""Tarapac\u00e1 Region"",""percentage"":0.020408},{""region"":""Maule Region"",""percentage"":0.013605},{""region"":""O'Higgins Region"",""percentage"":0.095238},{""region"":""Los Lagos Region"",""percentage"":0.088435},{""region"":""Santiago Metropolitan Region"",""percentage"":0.122449},{""region"":""Araucan\u00eda Region"",""percentage"":0.142857},{""region"":""B\u00edo B\u00edo Region"",""percentage"":0.231293},{""region"":""Coquimbo Region"",""percentage"":0.068027}","facebook,instagram","lower_bound: 100001, upper_bound: 500000",es
231158032309894,103820310982935,"Sichel Presidente",2021-09-23,2021-09-23,2021-10-04,"Sebastián Sichel Ramirez","Los vecinos de la zona cero en Plaza Italia, piden no más violencia y si más justicia. Los escuchamos y ya estamos trabajando en un plan de recuperación. #SePuede",,,,"lower_bound: 200000, upper_bound: 249999","lower_bound: 1000, upper_bound: 1499",USD,"{""age"":""55-64"",""gender"":""unknown"",""percentage"":7.8e-5},{""age"":""18-24"",""gender"":""unknown"",""percentage"":0.000223},{""age"":""35-44"",""gender"":""female"",""percentage"":0.173684},{""age"":""25-34"",""gender"":""unknown"",""percentage"":0.000784},{""age"":""45-54"",""gender"":""female"",""percentage"":0.158223},{""age"":""35-44"",""gender"":""male"",""percentage"":0.168666},{""age"":""25-34"",""gender"":""male"",""percentage"":0.153695},{""age"":""18-24"",""gender"":""female"",""percentage"":0.037392},{""age"":""55-64"",""gender"":""male"",""percentage"":0.008123},{""age"":""18-24"",""gender"":""male"",""percentage"":0.029625},{""age"":""45-54"",""gender"":""male"",""percentage"":0.121355},{""age"":""25-34"",""gender"":""female"",""percentage"":0.129967},{""age"":""55-64"",""gender"":""female"",""percentage"":0.014376},{""age"":""35-44"",""gender"":""unknown"",""percentage"":0.002348},{""age"":""45-54"",""gender"":""unknown"",""percentage"":0.001463}","{""region"":""Los R\u00edos Region"",""percentage"":0.03444},{""region"":""Arica y Parinacota Region"",""percentage"":0.023683},{""region"":""Valpara\u00edso Region"",""percentage"":0.103907},{""region"":""Ays\u00e9n Region"",""percentage"":0.007706},{""region"":""Antofagasta Region"",""percentage"":0.072413},{""region"":""Araucan\u00eda Region"",""percentage"":0.082988},{""region"":""Atacama Region"",""percentage"":0.02889},{""region"":""B\u00edo B\u00edo Region"",""percentage"":0.164749},{""region"":""Coquimbo Region"",""percentage"":0.060644},{""region"":""O'Higgins Region"",""percentage"":0.069831},{""region"":""Los Lagos Region"",""percentage"":0.088373},{""region"":""Magallanes y la Ant\u00e1rtica Chilena Region"",""percentage"":0.013837},{""region"":""Maule Region"",""percentage"":0.096936},{""region"":""Santiago Metropolitan Region"",""percentage"":0.111154},{""region"":""Tarapac\u00e1 Region"",""percentage"":0.040449}","facebook,instagram","lower_bound: 1000001",es
180284440912600,103820310982935,"Sichel Presidente",2021-09-23,2021-09-23,2021-10-04,"Sebastián Sichel Ramirez","Cuántas veces alguien les dijo que no? Gracias a quienes participaron por historias. El compromiso de este proyecto es abrir puertas. Nunca más un NO por respuesta, un sí #SePuede.","Cuántas veces",,,"lower_bound: 500000, upper_bound: 599999","lower_bound: 2000, upper_bound: 2499",USD,"{""age"":""55-64"",""gender"":""unknown"",""percentage"":5.2e-5},{""age"":""18-24"",""gender"":""unknown"",""percentage"":0.000217},{""age"":""25-34"",""gender"":""unknown"",""percentage"":0.000872},{""age"":""45-54"",""gender"":""unknown"",""percentage"":0.001193},{""age"":""35-44"",""gender"":""unknown"",""percentage"":0.001899},{""age"":""25-34"",""gender"":""female"",""percentage"":0.160144},{""age"":""35-44"",""gender"":""female"",""percentage"":0.193506},{""age"":""25-34"",""gender"":""male"",""percentage"":0.146905},{""age"":""35-44"",""gender"":""male"",""percentage"":0.143099},{""age"":""45-54"",""gender"":""female"",""percentage"":0.166727},{""age"":""55-64"",""gender"":""male"",""percentage"":0.006398},{""age"":""18-24"",""gender"":""female"",""percentage"":0.04067},{""age"":""45-54"",""gender"":""male"",""percentage"":0.09324},{""age"":""18-24"",""gender"":""male"",""percentage"":0.030705},{""age"":""55-64"",""gender"":""female"",""percentage"":0.014372}","{""region"":""Los R\u00edos Region"",""percentage"":0.033726},{""region"":""Arica y Parinacota Region"",""percentage"":0.02371},{""region"":""Valpara\u00edso Region"",""percentage"":0.099371},{""region"":""Ays\u00e9n Region"",""percentage"":0.007837},{""region"":""Antofagasta Region"",""percentage"":0.073112},{""region"":""Araucan\u00eda Region"",""percentage"":0.080291},{""region"":""Atacama Region"",""percentage"":0.028978},{""region"":""B\u00edo B\u00edo Region"",""percentage"":0.168588},{""region"":""Coquimbo Region"",""percentage"":0.058909},{""region"":""O'Higgins Region"",""percentage"":0.067501},{""region"":""Los Lagos Region"",""percentage"":0.087251},{""region"":""Magallanes y la Ant\u00e1rtica Chilena Region"",""percentage"":0.014406},{""region"":""Maule Region"",""percentage"":0.095141},{""region"":""Santiago Metropolitan Region"",""percentage"":0.1215},{""region"":""Tarapac\u00e1 Region"",""percentage"":0.039677}","facebook,instagram","lower_bound: 1000001",es
1925306010966023,103820310982935,"Sichel Presidente",2021-09-23,2021-09-23,2021-09-30,"Sebastián Sichel Ramirez","Un Estado que entienda el emprender como un derecho, #SePuede",,,,"lower_bound: 15000, upper_bound: 19999","lower_bound: 0, upper_bound: 99",USD,"{""age"":""55-64"",""gender"":""unknown"",""percentage"":6.7e-5},{""age"":""18-24"",""gender"":""unknown"",""percentage"":0.000202},{""age"":""25-34"",""gender"":""unknown"",""percentage"":0.000739},{""age"":""55-64"",""gender"":""male"",""percentage"":0.024739},{""age"":""25-34"",""gender"":""male"",""percentage"":0.14716},{""age"":""25-34"",""gender"":""female"",""percentage"":0.04242},{""age"":""35-44"",""gender"":""female"",""percentage"":0.052975},{""age"":""45-54"",""gender"":""female"",""percentage"":0.057143},{""age"":""35-44"",""gender"":""male"",""percentage"":0.315361},{""age"":""45-54"",""gender"":""male"",""percentage"":0.313613},{""age"":""18-24"",""gender"":""female"",""percentage"":0.011697},{""age"":""55-64"",""gender"":""female"",""percentage"":0.006521},{""age"":""18-24"",""gender"":""male"",""percentage"":0.022454},{""age"":""35-44"",""gender"":""unknown"",""percentage"":0.002487},{""age"":""45-54"",""gender"":""unknown"",""percentage"":0.00242}","{""region"":""Ays\u00e9n Region"",""percentage"":0.01106},{""region"":""Los R\u00edos Region"",""percentage"":0.054567},{""region"":""Arica y Parinacota Region"",""percentage"":0.017856},{""region"":""Valpara\u00edso Region"",""percentage"":0.064361},{""region"":""Antofagasta Region"",""percentage"":0.06043},{""region"":""Araucan\u00eda Region"",""percentage"":0.115397},{""region"":""Atacama Region"",""percentage"":0.026651},{""region"":""B\u00edo B\u00edo Region"",""percentage"":0.194816},{""region"":""Coquimbo Region"",""percentage"":0.064561},{""region"":""O'Higgins Region"",""percentage"":0.060963},{""region"":""Los Lagos Region"",""percentage"":0.121261},{""region"":""Magallanes y la Ant\u00e1rtica Chilena Region"",""percentage"":0.023186},{""region"":""Maule Region"",""percentage"":0.103671},{""region"":""Santiago Metropolitan Region"",""percentage"":0.045906},{""region"":""Tarapac\u00e1 Region"",""percentage"":0.035312}","facebook,instagram","lower_bound: 1000001",es
973303260272211,103820310982935,"Sichel Presidente",2021-09-23,2021-09-23,2021-10-04,"Sebastián Sichel Ramirez","35 compromisos por un Chile mejor y 6 pilares claves para dar certezas a los cambios que queremos liderar #SePuede",,,,"lower_bound: 200000, upper_bound: 249999","lower_bound: 900, upper_bound: 999",USD,"{""age"":""55-64"",""gender"":""unknown"",""percentage"":6.8e-5},{""age"":""35-44"",""gender"":""male"",""percentage"":0.136682},{""age"":""55-64"",""gender"":""male"",""percentage"":0.007142},{""age"":""25-34"",""gender"":""male"",""percentage"":0.147337},{""age"":""18-24"",""gender"":""female"",""percentage"":0.04603},{""age"":""25-34"",""gender"":""female"",""percentage"":0.170959},{""age"":""35-44"",""gender"":""female"",""percentage"":0.179314},{""age"":""45-54"",""gender"":""male"",""percentage"":0.096723},{""age"":""45-54"",""gender"":""female"",""percentage"":0.164888},{""age"":""18-24"",""gender"":""male"",""percentage"":0.031021},{""age"":""55-64"",""gender"":""female"",""percentage"":0.014736},{""age"":""45-54"",""gender"":""unknown"",""percentage"":0.001381},{""age"":""25-34"",""gender"":""unknown"",""percentage"":0.001145},{""age"":""35-44"",""gender"":""unknown"",""percentage"":0.002206},{""age"":""18-24"",""gender"":""unknown"",""percentage"":0.000368}","{""region"":""Los R\u00edos Region"",""percentage"":0.033981},{""region"":""Arica y Parinacota Region"",""percentage"":0.022652},{""region"":""Valpara\u00edso Region"",""percentage"":0.090091},{""region"":""Ays\u00e9n Region"",""percentage"":0.007707},{""region"":""Antofagasta Region"",""percentage"":0.076186},{""region"":""Araucan\u00eda Region"",""percentage"":0.087868},{""region"":""Atacama Region"",""percentage"":0.029948},{""region"":""B\u00edo B\u00edo Region"",""percentage"":0.175726},{""region"":""Coquimbo Region"",""percentage"":0.058813},{""region"":""O'Higgins Region"",""percentage"":0.067766},{""region"":""Los Lagos Region"",""percentage"":0.088169},{""region"":""Magallanes y la Ant\u00e1rtica Chilena Region"",""percentage"":0.013847},{""region"":""Maule Region"",""percentage"":0.095296},{""region"":""Santiago Metropolitan Region"",""percentage"":0.107659},{""region"":""Tarapac\u00e1 Region"",""percentage"":0.044291}","facebook,instagram","lower_bound: 1000001",es
1040682643373225,103820310982935,"Sichel Presidente",2021-09-23,2021-09-23,2021-10-03,"Sebastián Sichel Ramirez","La discapacidad no puede tener políticas públicas olvidadas, se necesita una mayor y real integración. En esta campaña decimos #SePuede!",,,,"lower_bound: 15000, upper_bound: 19999","lower_bound: 0, upper_bound: 99",USD,"{""age"":""45-54"",""gender"":""unknown"",""percentage"":0.000357},{""age"":""35-44"",""gender"":""unknown"",""percentage"":0.001284},{""age"":""45-54"",""gender"":""male"",""percentage"":0.090001},{""age"":""25-34"",""gender"":""male"",""percentage"":0.140066},{""age"":""25-34"",""gender"":""female"",""percentage"":0.156682},{""age"":""18-24"",""gender"":""female"",""percentage"":0.051633},{""age"":""18-24"",""gender"":""male"",""percentage"":0.042148},{""age"":""55-64"",""gender"":""female"",""percentage"":0.016403},{""age"":""45-54"",""gender"":""female"",""percentage"":0.161033},{""age"":""35-44"",""gender"":""female"",""percentage"":0.187848},{""age"":""35-44"",""gender"":""male"",""percentage"":0.144202},{""age"":""55-64"",""gender"":""male"",""percentage"":0.007274},{""age"":""25-34"",""gender"":""unknown"",""percentage"":0.000713},{""age"":""18-24"",""gender"":""unknown"",""percentage"":0.000357}","{""region"":""Los R\u00edos Region"",""percentage"":0.037898},{""region"":""Arica y Parinacota Region"",""percentage"":0.026242},{""region"":""Valpara\u00edso Region"",""percentage"":0.07601},{""region"":""Ays\u00e9n Region"",""percentage"":0.008366},{""region"":""Antofagasta Region"",""percentage"":0.083876},{""region"":""Araucan\u00eda Region"",""percentage"":0.093815},{""region"":""Atacama Region"",""percentage"":0.031033},{""region"":""B\u00edo B\u00edo Region"",""percentage"":0.179979},{""region"":""Coquimbo Region"",""percentage"":0.059707},{""region"":""O'Higgins Region"",""percentage"":0.059278},{""region"":""Los Lagos Region"",""percentage"":0.10168},{""region"":""Magallanes y la Ant\u00e1rtica Chilena Region"",""percentage"":0.018234},{""region"":""Maule Region"",""percentage"":0.108116},{""region"":""Santiago Metropolitan Region"",""percentage"":0.07315},{""region"":""Tarapac\u00e1 Region"",""percentage"":0.042617}","facebook,instagram","lower_bound: 1000001",es
1304092233373654,103820310982935,"Sichel Presidente",2021-09-23,2021-09-23,2021-09-30,"Sebastián Sichel Ramirez","No existen balas locas, existen balas asesinas y como Estado hay que hacerse cargo.",,,,"lower_bound: 20000, upper_bound: 24999","lower_bound: 0, upper_bound: 99",USD,"{""age"":""25-34"",""gender"":""unknown"",""percentage"":0.000717},{""age"":""55-64"",""gender"":""female"",""percentage"":0.019467},{""age"":""55-64"",""gender"":""male"",""percentage"":0.01542},{""age"":""35-44"",""gender"":""male"",""percentage"":0.182787},{""age"":""18-24"",""gender"":""male"",""percentage"":0.054098},{""age"":""45-54"",""gender"":""male"",""percentage"":0.173053},{""age"":""25-34"",""gender"":""male"",""percentage"":0.189959},{""age"":""18-24"",""gender"":""female"",""percentage"":0.033504},{""age"":""25-34"",""gender"":""female"",""percentage"":0.087193},{""age"":""45-54"",""gender"":""female"",""percentage"":0.149846},{""age"":""35-44"",""gender"":""female"",""percentage"":0.092008},{""age"":""35-44"",""gender"":""unknown"",""percentage"":0.000973},{""age"":""55-64"",""gender"":""unknown"",""percentage"":0.000102},{""age"":""45-54"",""gender"":""unknown"",""percentage"":0.000871}","{""region"":""Los R\u00edos Region"",""percentage"":0.034093},{""region"":""Arica y Parinacota Region"",""percentage"":0.023107},{""region"":""Valpara\u00edso Region"",""percentage"":0.104859},{""region"":""Ays\u00e9n Region"",""percentage"":0.007479},{""region"":""Antofagasta Region"",""percentage"":0.06633},{""region"":""Araucan\u00eda Region"",""percentage"":0.085207},{""region"":""Atacama Region"",""percentage"":0.02615},{""region"":""B\u00edo B\u00edo Region"",""percentage"":0.151073},{""region"":""Coquimbo Region"",""percentage"":0.061688},{""region"":""O'Higgins Region"",""percentage"":0.06798},{""region"":""Los Lagos Region"",""percentage"":0.085104},{""region"":""Magallanes y la Ant\u00e1rtica Chilena Region"",""percentage"":0.014494},{""region"":""Maule Region"",""percentage"":0.098153},{""region"":""Santiago Metropolitan Region"",""percentage"":0.128224},{""region"":""Tarapac\u00e1 Region"",""percentage"":0.046059}","facebook,instagram","lower_bound: 1000001",es
134765712140837,103820310982935,"Sichel Presidente",2021-09-23,2021-09-23,2021-10-04,"Sebastián Sichel Ramirez","Les presento a Eva. Como ella hay miles de emprendedores y miles de mujeres luchadoras. De eso se trata esta campaña, de acompañar mejor a quienes no hemos escuchado. #SePuede","Una emprendedora por naturaleza",,,"lower_bound: 350000, upper_bound: 399999","lower_bound: 1000, upper_bound: 1499",USD,"{""age"":""55-64"",""gender"":""unknown"",""percentage"":0.000105},{""age"":""45-54"",""gender"":""male"",""percentage"":0.090644},{""age"":""25-34"",""gender"":""female"",""percentage"":0.161079},{""age"":""45-54"",""gender"":""female"",""percentage"":0.210041},{""age"":""25-34"",""gender"":""male"",""percentage"":0.091584},{""age"":""18-24"",""gender"":""female"",""percentage"":0.036533},{""age"":""35-44"",""gender"":""male"",""percentage"":0.126106},{""age"":""35-44"",""gender"":""female"",""percentage"":0.232995},{""age"":""55-64"",""gender"":""male"",""percentage"":0.006529},{""age"":""18-24"",""gender"":""male"",""percentage"":0.021348},{""age"":""55-64"",""gender"":""female"",""percentage"":0.018526},{""age"":""25-34"",""gender"":""unknown"",""percentage"":0.000639},{""age"":""35-44"",""gender"":""unknown"",""percentage"":0.002018},{""age"":""45-54"",""gender"":""unknown"",""percentage"":0.001703},{""age"":""18-24"",""gender"":""unknown"",""percentage"":0.00015}","{""region"":""Los R\u00edos Region"",""percentage"":0.033784},{""region"":""Arica y Parinacota Region"",""percentage"":0.024165},{""region"":""Valpara\u00edso Region"",""percentage"":0.110031},{""region"":""Ays\u00e9n Region"",""percentage"":0.007631},{""region"":""Antofagasta Region"",""percentage"":0.071506},{""region"":""Araucan\u00eda Region"",""percentage"":0.076359},{""region"":""Atacama Region"",""percentage"":0.026685},{""region"":""B\u00edo B\u00edo Region"",""percentage"":0.158362},{""region"":""Coquimbo Region"",""percentage"":0.059319},{""region"":""O'Higgins Region"",""percentage"":0.063871},{""region"":""Los Lagos Region"",""percentage"":0.075583},{""region"":""Magallanes y la Ant\u00e1rtica Chilena Region"",""percentage"":0.014745},{""region"":""Maule Region"",""percentage"":0.090039},{""region"":""Santiago Metropolitan Region"",""percentage"":0.148578},{""region"":""Tarapac\u00e1 Region"",""percentage"":0.039342}","facebook,instagram","lower_bound: 1000001",es
979251529320960,103820310982935,"Sichel Presidente",2021-09-23,2021-09-23,2021-10-04,"Sebastián Sichel Ramirez","Nuestro programa de gobierno necesita gente con experiencia, gente diversa y que represente a los chilenos. #SePuede","Un gabinete diverso",,,"lower_bound: 350000, upper_bound: 399999","lower_bound: 1000, upper_bound: 1499",USD,"{""age"":""18-24"",""gender"":""unknown"",""percentage"":0.000298},{""age"":""45-54"",""gender"":""unknown"",""percentage"":0.002441},{""age"":""25-34"",""gender"":""unknown"",""percentage"":0.001007},{""age"":""18-24"",""gender"":""female"",""percentage"":0.010218},{""age"":""35-44"",""gender"":""female"",""percentage"":0.098192},{""age"":""45-54"",""gender"":""female"",""percentage"":0.100297},{""age"":""55-64"",""gender"":""female"",""percentage"":0.009238},{""age"":""18-24"",""gender"":""male"",""percentage"":0.02525},{""age"":""25-34"",""gender"":""female"",""percentage"":0.067003},{""age"":""55-64"",""gender"":""male"",""percentage"":0.015672},{""age"":""25-34"",""gender"":""male"",""percentage"":0.180284},{""age"":""35-44"",""gender"":""male"",""percentage"":0.267804},{""age"":""45-54"",""gender"":""male"",""percentage"":0.219047},{""age"":""35-44"",""gender"":""unknown"",""percentage"":0.003135},{""age"":""55-64"",""gender"":""unknown"",""percentage"":0.000114}","{""region"":""Los R\u00edos Region"",""percentage"":0.033292},{""region"":""Arica y Parinacota Region"",""percentage"":0.024136},{""region"":""Valpara\u00edso Region"",""percentage"":0.102034},{""region"":""Ays\u00e9n Region"",""percentage"":0.007856},{""region"":""Antofagasta Region"",""percentage"":0.063419},{""region"":""Araucan\u00eda Region"",""percentage"":0.084021},{""region"":""Atacama Region"",""percentage"":0.026153},{""region"":""B\u00edo B\u00edo Region"",""percentage"":0.162323},{""region"":""Coquimbo Region"",""percentage"":0.057278},{""region"":""O'Higgins Region"",""percentage"":0.061697},{""region"":""Los Lagos Region"",""percentage"":0.08698},{""region"":""Magallanes y la Ant\u00e1rtica Chilena Region"",""percentage"":0.01579},{""region"":""Maule Region"",""percentage"":0.09082},{""region"":""Santiago Metropolitan Region"",""percentage"":0.147765},{""region"":""Tarapac\u00e1 Region"",""percentage"":0.036437}","facebook,instagram","lower_bound: 1000001",es
601614944529669,103820310982935,"Sichel Presidente",2021-09-23,2021-09-23,2021-09-30,"Sebastián Sichel Ramirez","En nuestro paso por Llanquihue conocimos a este grupo de emprendedoras, “Aprendo a vivir”, que hace 11 años trabajan juntas en el rubro textil local. #SePuede",,,,"lower_bound: 7000, upper_bound: 7999","lower_bound: 0, upper_bound: 99",USD,"{""age"":""55-64"",""gender"":""unknown"",""percentage"":0.000301},{""age"":""45-54"",""gender"":""unknown"",""percentage"":0.001052},{""age"":""35-44"",""gender"":""unknown"",""percentage"":0.002554},{""age"":""18-24"",""gender"":""female"",""percentage"":0.019384},{""age"":""55-64"",""gender"":""male"",""percentage"":0.013524},{""age"":""55-64"",""gender"":""female"",""percentage"":0.025394},{""age"":""45-54"",""gender"":""female"",""percentage"":0.243576},{""age"":""35-44"",""gender"":""male"",""percentage"":0.139895},{""age"":""45-54"",""gender"":""male"",""percentage"":0.12577},{""age"":""25-34"",""gender"":""male"",""percentage"":0.113599},{""age"":""25-34"",""gender"":""female"",""percentage"":0.1145},{""age"":""18-24"",""gender"":""male"",""percentage"":0.019083},{""age"":""35-44"",""gender"":""female"",""percentage"":0.180015},{""age"":""25-34"",""gender"":""unknown"",""percentage"":0.001352}","{""region"":""Los R\u00edos Region"",""percentage"":0.039165},{""region"":""Arica y Parinacota Region"",""percentage"":0.029336},{""region"":""Valpara\u00edso Region"",""percentage"":0.068199},{""region"":""Ays\u00e9n Region"",""percentage"":0.005746},{""region"":""Antofagasta Region"",""percentage"":0.091789},{""region"":""Araucan\u00eda Region"",""percentage"":0.084077},{""region"":""Atacama Region"",""percentage"":0.036595},{""region"":""B\u00edo B\u00edo Region"",""percentage"":0.205202},{""region"":""Coquimbo Region"",""percentage"":0.06215},{""region"":""O'Higgins Region"",""percentage"":0.063209},{""region"":""Los Lagos Region"",""percentage"":0.097082},{""region"":""Magallanes y la Ant\u00e1rtica Chilena Region"",""percentage"":0.01739},{""region"":""Maule Region"",""percentage"":0.099501},{""region"":""Santiago Metropolitan Region"",""percentage"":0.054287},{""region"":""Tarapac\u00e1 Region"",""percentage"":0.046272}","facebook,instagram","lower_bound: 1000001",es
2011818855651046,103820310982935,"Sichel Presidente",2021-09-23,2021-09-23,2021-09-30,"Sebastián Sichel Ramirez","Juntos nos va mejor! No dejemos que lo importante se nos pase de largo. Estoy convencido que #SePuede un Chile mejor, claro que #SePuede.",,,,"lower_bound: 15000, upper_bound: 19999","lower_bound: 0, upper_bound: 99",USD,"{""age"":""35-44"",""gender"":""unknown"",""percentage"":0.001388},{""age"":""25-34"",""gender"":""unknown"",""percentage"":0.001157},{""age"":""18-24"",""gender"":""unknown"",""percentage"":7.7e-5},{""age"":""45-54"",""gender"":""unknown"",""percentage"":0.000694},{""age"":""55-64"",""gender"":""male"",""percentage"":0.009334},{""age"":""45-54"",""gender"":""male"",""percentage"":0.129512},{""age"":""55-64"",""gender"":""female"",""percentage"":0.019824},{""age"":""35-44"",""gender"":""male"",""percentage"":0.16461},{""age"":""25-34"",""gender"":""female"",""percentage"":0.126427},{""age"":""45-54"",""gender"":""female"",""percentage"":0.19693},{""age"":""35-44"",""gender"":""female"",""percentage"":0.173172},{""age"":""25-34"",""gender"":""male"",""percentage"":0.130747},{""age"":""18-24"",""gender"":""female"",""percentage"":0.026072},{""age"":""18-24"",""gender"":""male"",""percentage"":0.020056}","{""region"":""Los R\u00edos Region"",""percentage"":0.036295},{""region"":""Arica y Parinacota Region"",""percentage"":0.029543},{""region"":""Valpara\u00edso Region"",""percentage"":0.081031},{""region"":""Ays\u00e9n Region"",""percentage"":0.006906},{""region"":""Antofagasta Region"",""percentage"":0.095841},{""region"":""Araucan\u00eda Region"",""percentage"":0.084024},{""region"":""Atacama Region"",""percentage"":0.030924},{""region"":""B\u00edo B\u00edo Region"",""percentage"":0.187769},{""region"":""Coquimbo Region"",""percentage"":0.065991},{""region"":""O'Higgins Region"",""percentage"":0.063766},{""region"":""Los Lagos Region"",""percentage"":0.087477},{""region"":""Magallanes y la Ant\u00e1rtica Chilena Region"",""percentage"":0.020488},{""region"":""Maule Region"",""percentage"":0.10175},{""region"":""Santiago Metropolitan Region"",""percentage"":0.062078},{""region"":""Tarapac\u00e1 Region"",""percentage"":0.046117}","facebook,instagram","lower_bound: 1000001",es
140520224935259,103820310982935,"Sichel Presidente",2021-09-23,2021-09-23,2021-10-04,"Sebastián Sichel Ramirez","La familia Mella Guzmán representa el esfuerzo de miles de familias chilenas. Y nos transmiten lo importante: compartir y agradecer en familia. #SePuede #YoTeEscucho",,,,"lower_bound: 400000, upper_bound: 449999","lower_bound: 1000, upper_bound: 1499",USD,"{""age"":""55-64"",""gender"":""unknown"",""percentage"":5.8e-5},{""age"":""18-24"",""gender"":""unknown"",""percentage"":0.000155},{""age"":""45-54"",""gender"":""unknown"",""percentage"":0.001149},{""age"":""25-34"",""gender"":""female"",""percentage"":0.125724},{""age"":""35-44"",""gender"":""male"",""percentage"":0.127345},{""age"":""45-54"",""gender"":""female"",""percentage"":0.249569},{""age"":""55-64"",""gender"":""female"",""percentage"":0.02481},{""age"":""25-34"",""gender"":""male"",""percentage"":0.09947},{""age"":""35-44"",""gender"":""female"",""percentage"":0.169028},{""age"":""25-34"",""gender"":""unknown"",""percentage"":0.000619},{""age"":""45-54"",""gender"":""male"",""percentage"":0.130445},{""age"":""55-64"",""gender"":""male"",""percentage"":0.010425},{""age"":""18-24"",""gender"":""male"",""percentage"":0.025901},{""age"":""18-24"",""gender"":""female"",""percentage"":0.034111},{""age"":""35-44"",""gender"":""unknown"",""percentage"":0.001192}","{""region"":""Los R\u00edos Region"",""percentage"":0.032853},{""region"":""Arica y Parinacota Region"",""percentage"":0.026975},{""region"":""Valpara\u00edso Region"",""percentage"":0.097214},{""region"":""Ays\u00e9n Region"",""percentage"":0.007262},{""region"":""Antofagasta Region"",""percentage"":0.068561},{""region"":""Araucan\u00eda Region"",""percentage"":0.085078},{""region"":""Atacama Region"",""percentage"":0.02679},{""region"":""B\u00edo B\u00edo Region"",""percentage"":0.170977},{""region"":""Coquimbo Region"",""percentage"":0.057572},{""region"":""O'Higgins Region"",""percentage"":0.071685},{""region"":""Los Lagos Region"",""percentage"":0.080458},{""region"":""Magallanes y la Ant\u00e1rtica Chilena Region"",""percentage"":0.011452},{""region"":""Maule Region"",""percentage"":0.100109},{""region"":""Santiago Metropolitan Region"",""percentage"":0.123126},{""region"":""Tarapac\u00e1 Region"",""percentage"":0.039888}","facebook,instagram","lower_bound: 1000001",es
1178318892577960,103820310982935,"Sichel Presidente",2021-09-23,2021-09-23,2021-10-04,"Sebastián Sichel Ramirez","Resumen de la visita a Los Lagos! Gracias a Los Muermos, Puerto Montt, Puerto Varas, Llanquihue, Puyehue, Puerto Octay, Fresia y Osorno. La regionalización #SePuede",,,,"lower_bound: 25000, upper_bound: 29999","lower_bound: 100, upper_bound: 199",USD,"{""age"":""55-64"",""gender"":""unknown"",""percentage"":3.9e-5},{""age"":""18-24"",""gender"":""male"",""percentage"":0.022601},{""age"":""55-64"",""gender"":""male"",""percentage"":0.010334},{""age"":""35-44"",""gender"":""unknown"",""percentage"":0.001183},{""age"":""25-34"",""gender"":""female"",""percentage"":0.130793},{""age"":""25-34"",""gender"":""male"",""percentage"":0.088589},{""age"":""45-54"",""gender"":""female"",""percentage"":0.251252},{""age"":""35-44"",""gender"":""female"",""percentage"":0.212283},{""age"":""35-44"",""gender"":""male"",""percentage"":0.103932},{""age"":""45-54"",""gender"":""male"",""percentage"":0.118408},{""age"":""55-64"",""gender"":""female"",""percentage"":0.026466},{""age"":""18-24"",""gender"":""female"",""percentage"":0.032422},{""age"":""45-54"",""gender"":""unknown"",""percentage"":0.000947},{""age"":""25-34"",""gender"":""unknown"",""percentage"":0.000671},{""age"":""18-24"",""gender"":""unknown"",""percentage"":7.9e-5}","{""region"":""Los R\u00edos Region"",""percentage"":0.033669},{""region"":""Arica y Parinacota Region"",""percentage"":0.022167},{""region"":""Valpara\u00edso Region"",""percentage"":0.087197},{""region"":""Ays\u00e9n Region"",""percentage"":0.007601},{""region"":""Antofagasta Region"",""percentage"":0.071875},{""region"":""Araucan\u00eda Region"",""percentage"":0.08656},{""region"":""Atacama Region"",""percentage"":0.029371},{""region"":""B\u00edo B\u00edo Region"",""percentage"":0.182234},{""region"":""Coquimbo Region"",""percentage"":0.064711},{""region"":""O'Higgins Region"",""percentage"":0.062522},{""region"":""Los Lagos Region"",""percentage"":0.093724},{""region"":""Magallanes y la Ant\u00e1rtica Chilena Region"",""percentage"":0.013372},{""region"":""Maule Region"",""percentage"":0.099136},{""region"":""Santiago Metropolitan Region"",""percentage"":0.10634},{""region"":""Tarapac\u00e1 Region"",""percentage"":0.039519}","facebook,instagram","lower_bound: 1000001",es
448934056419054,103820310982935,"Sichel Presidente",2021-09-23,2021-09-23,2021-10-04,"Sebastián Sichel Ramirez","Cerrando un día movido con esta reflexión, qué queremos para nuestro país en 20 años? Yo no lo concibo sin una participación clave del emprendimiento. #SePuede",,,,"lower_bound: 25000, upper_bound: 29999","lower_bound: 0, upper_bound: 99",USD,"{""age"":""55-64"",""gender"":""unknown"",""percentage"":0.000184},{""age"":""25-34"",""gender"":""female"",""percentage"":0.093378},{""age"":""35-44"",""gender"":""male"",""percentage"":0.200221},{""age"":""35-44"",""gender"":""female"",""percentage"":0.119017},{""age"":""18-24"",""gender"":""female"",""percentage"":0.020797},{""age"":""18-24"",""gender"":""male"",""percentage"":0.023564},{""age"":""25-34"",""gender"":""male"",""percentage"":0.121092},{""age"":""45-54"",""gender"":""female"",""percentage"":0.139214},{""age"":""55-64"",""gender"":""female"",""percentage"":0.014756},{""age"":""45-54"",""gender"":""male"",""percentage"":0.242322},{""age"":""55-64"",""gender"":""male"",""percentage"":0.019598},{""age"":""45-54"",""gender"":""unknown"",""percentage"":0.00226},{""age"":""35-44"",""gender"":""unknown"",""percentage"":0.002813},{""age"":""25-34"",""gender"":""unknown"",""percentage"":0.000461},{""age"":""18-24"",""gender"":""unknown"",""percentage"":0.000323}","{""region"":""Los R\u00edos Region"",""percentage"":0.045372},{""region"":""Arica y Parinacota Region"",""percentage"":0.021436},{""region"":""Valpara\u00edso Region"",""percentage"":0.0813},{""region"":""Ays\u00e9n Region"",""percentage"":0.00963},{""region"":""Antofagasta Region"",""percentage"":0.066485},{""region"":""Araucan\u00eda Region"",""percentage"":0.093801},{""region"":""Atacama Region"",""percentage"":0.027177},{""region"":""B\u00edo B\u00edo Region"",""percentage"":0.182833},{""region"":""Coquimbo Region"",""percentage"":0.064262},{""region"":""O'Higgins Region"",""percentage"":0.056391},{""region"":""Los Lagos Region"",""percentage"":0.108292},{""region"":""Magallanes y la Ant\u00e1rtica Chilena Region"",""percentage"":0.017917},{""region"":""Maule Region"",""percentage"":0.093662},{""region"":""Santiago Metropolitan Region"",""percentage"":0.093106},{""region"":""Tarapac\u00e1 Region"",""percentage"":0.038335}","facebook,instagram","lower_bound: 1000001",es
160947596200156,103820310982935,"Sichel Presidente",2021-09-23,2021-09-23,2021-09-30,"Sebastián Sichel Ramirez","Mientras hay familias sufriendo por balas asesinas, la discusión sigue en la farándula política.",,,,"lower_bound: 250000, upper_bound: 299999","lower_bound: 900, upper_bound: 999",USD,"{""age"":""55-64"",""gender"":""unknown"",""percentage"":0.000127},{""age"":""45-54"",""gender"":""unknown"",""percentage"":0.00166},{""age"":""35-44"",""gender"":""unknown"",""percentage"":0.001841},{""age"":""55-64"",""gender"":""female"",""percentage"":0.015838},{""age"":""18-24"",""gender"":""male"",""percentage"":0.031748},{""age"":""25-34"",""gender"":""female"",""percentage"":0.102717},{""age"":""45-54"",""gender"":""male"",""percentage"":0.166244},{""age"":""45-54"",""gender"":""female"",""percentage"":0.160504},{""age"":""25-34"",""gender"":""male"",""percentage"":0.143983},{""age"":""35-44"",""gender"":""female"",""percentage"":0.146494},{""age"":""35-44"",""gender"":""male"",""percentage"":0.183761},{""age"":""18-24"",""gender"":""female"",""percentage"":0.031847},{""age"":""55-64"",""gender"":""male"",""percentage"":0.012336},{""age"":""25-34"",""gender"":""unknown"",""percentage"":0.000683},{""age"":""18-24"",""gender"":""unknown"",""percentage"":0.000217}","{""region"":""Los R\u00edos Region"",""percentage"":0.036349},{""region"":""Arica y Parinacota Region"",""percentage"":0.02528},{""region"":""Valpara\u00edso Region"",""percentage"":0.091989},{""region"":""Ays\u00e9n Region"",""percentage"":0.00836},{""region"":""Antofagasta Region"",""percentage"":0.074416},{""region"":""Araucan\u00eda Region"",""percentage"":0.09088},{""region"":""Atacama Region"",""percentage"":0.030506},{""region"":""B\u00edo B\u00edo Region"",""percentage"":0.186568},{""region"":""Coquimbo Region"",""percentage"":0.062855},{""region"":""O'Higgins Region"",""percentage"":0.067288},{""region"":""Los Lagos Region"",""percentage"":0.089047},{""region"":""Magallanes y la Ant\u00e1rtica Chilena Region"",""percentage"":0.015889},{""region"":""Maule Region"",""percentage"":0.102068},{""region"":""Santiago Metropolitan Region"",""percentage"":0.079401},{""region"":""Tarapac\u00e1 Region"",""percentage"":0.039103}","facebook,instagram","lower_bound: 1000001",es
1826388247547671,103820310982935,"Sichel Presidente",2021-09-23,2021-09-23,2021-10-04,"Sebastián Sichel Ramirez","Acompáñennos en esta nueva etapa! #SePuede #SichelPresidente",,,,"lower_bound: 100000, upper_bound: 124999","lower_bound: 400, upper_bound: 499",USD,"{""age"":""55-64"",""gender"":""unknown"",""percentage"":2.2e-5},{""age"":""18-24"",""gender"":""unknown"",""percentage"":0.000264},{""age"":""25-34"",""gender"":""unknown"",""percentage"":0.000813},{""age"":""45-54"",""gender"":""male"",""percentage"":0.101436},{""age"":""35-44"",""gender"":""male"",""percentage"":0.201498},{""age"":""25-34"",""gender"":""female"",""percentage"":0.125921},{""age"":""18-24"",""gender"":""female"",""percentage"":0.041249},{""age"":""25-34"",""gender"":""male"",""percentage"":0.239649},{""age"":""35-44"",""gender"":""female"",""percentage"":0.122296},{""age"":""18-24"",""gender"":""male"",""percentage"":0.065515},{""age"":""45-54"",""gender"":""female"",""percentage"":0.085409},{""age"":""55-64"",""gender"":""female"",""percentage"":0.00792},{""age"":""45-54"",""gender"":""unknown"",""percentage"":0.00078},{""age"":""35-44"",""gender"":""unknown"",""percentage"":0.001714},{""age"":""55-64"",""gender"":""male"",""percentage"":0.005514}","{""region"":""Los R\u00edos Region"",""percentage"":0.033773},{""region"":""Arica y Parinacota Region"",""percentage"":0.02465},{""region"":""Valpara\u00edso Region"",""percentage"":0.083383},{""region"":""Ays\u00e9n Region"",""percentage"":0.008681},{""region"":""Antofagasta Region"",""percentage"":0.083725},{""region"":""Araucan\u00eda Region"",""percentage"":0.087502},{""region"":""Atacama Region"",""percentage"":0.031365},{""region"":""B\u00edo B\u00edo Region"",""percentage"":0.165584},{""region"":""Coquimbo Region"",""percentage"":0.062123},{""region"":""O'Higgins Region"",""percentage"":0.066751},{""region"":""Los Lagos Region"",""percentage"":0.096537},{""region"":""Magallanes y la Ant\u00e1rtica Chilena Region"",""percentage"":0.016599},{""region"":""Maule Region"",""percentage"":0.099552},{""region"":""Santiago Metropolitan Region"",""percentage"":0.094372},{""region"":""Tarapac\u00e1 Region"",""percentage"":0.045402}","facebook,instagram","lower_bound: 1000001",es
397028201921894,103820310982935,"Sichel Presidente",2021-09-23,2021-09-23,2021-10-13,"Sebastián Sichel Ramirez","Les presento a Eva. Como ella hay miles de emprendedores y miles de mujeres luchadoras. De eso se trata esta campaña, de acompañar mejor a quienes no hemos escuchado. #SePuede","Una emprendedora por naturaleza",,,"lower_bound: 175000, upper_bound: 199999","lower_bound: 700, upper_bound: 799",USD,"{""age"":""25-34"",""gender"":""unknown"",""percentage"":0.000544},{""age"":""18-24"",""gender"":""unknown"",""percentage"":0.00014},{""age"":""55-64"",""gender"":""unknown"",""percentage"":9.3e-5},{""age"":""35-44"",""gender"":""unknown"",""percentage"":0.002029},{""age"":""18-24"",""gender"":""male"",""percentage"":0.012143},{""age"":""45-54"",""gender"":""female"",""percentage"":0.248288},{""age"":""35-44"",""gender"":""female"",""percentage"":0.242115},{""age"":""55-64"",""gender"":""female"",""percentage"":0.018828},{""age"":""45-54"",""gender"":""male"",""percentage"":0.095369},{""age"":""25-34"",""gender"":""male"",""percentage"":0.080187},{""age"":""35-44"",""gender"":""male"",""percentage"":0.127592},{""age"":""25-34"",""gender"":""female"",""percentage"":0.141056},{""age"":""45-54"",""gender"":""unknown"",""percentage"":0.001461},{""age"":""18-24"",""gender"":""female"",""percentage"":0.024379},{""age"":""55-64"",""gender"":""male"",""percentage"":0.005776}","{""region"":""Los R\u00edos Region"",""percentage"":0.039805},{""region"":""Arica y Parinacota Region"",""percentage"":0.025198},{""region"":""Valpara\u00edso Region"",""percentage"":0.074671},{""region"":""Ays\u00e9n Region"",""percentage"":0.008177},{""region"":""Antofagasta Region"",""percentage"":0.096499},{""region"":""Araucan\u00eda Region"",""percentage"":0.096173},{""region"":""Atacama Region"",""percentage"":0.032373},{""region"":""B\u00edo B\u00edo Region"",""percentage"":0.182584},{""region"":""Coquimbo Region"",""percentage"":0.060996},{""region"":""O'Higgins Region"",""percentage"":0.053083},{""region"":""Los Lagos Region"",""percentage"":0.109319},{""region"":""Magallanes y la Ant\u00e1rtica Chilena Region"",""percentage"":0.015717},{""region"":""Maule Region"",""percentage"":0.096677},{""region"":""Santiago Metropolitan Region"",""percentage"":0.064669},{""region"":""Tarapac\u00e1 Region"",""percentage"":0.04406}","facebook,instagram","lower_bound: 500001, upper_bound: 1000000",es
379116223694511,103820310982935,"Sichel Presidente",2021-09-23,2021-09-23,2021-10-13,"Sebastián Sichel Ramirez","Un Estado que entienda el emprender como un derecho, #SePuede",,,,"lower_bound: 80000, upper_bound: 89999","lower_bound: 200, upper_bound: 299",USD,"{""age"":""18-24"",""gender"":""unknown"",""percentage"":0.000181},{""age"":""55-64"",""gender"":""unknown"",""percentage"":0.00012},{""age"":""25-34"",""gender"":""unknown"",""percentage"":0.000752},{""age"":""35-44"",""gender"":""unknown"",""percentage"":0.001579},{""age"":""45-54"",""gender"":""unknown"",""percentage"":0.001534},{""age"":""25-34"",""gender"":""female"",""percentage"":0.12293},{""age"":""35-44"",""gender"":""female"",""percentage"":0.158476},{""age"":""45-54"",""gender"":""female"",""percentage"":0.128646},{""age"":""35-44"",""gender"":""male"",""percentage"":0.206417},{""age"":""25-34"",""gender"":""male"",""percentage"":0.156009},{""age"":""45-54"",""gender"":""male"",""percentage"":0.159424},{""age"":""18-24"",""gender"":""female"",""percentage"":0.023557},{""age"":""55-64"",""gender"":""male"",""percentage"":0.010289},{""age"":""18-24"",""gender"":""male"",""percentage"":0.020864},{""age"":""55-64"",""gender"":""female"",""percentage"":0.009221}","{""region"":""Los R\u00edos Region"",""percentage"":0.038167},{""region"":""Arica y Parinacota Region"",""percentage"":0.023615},{""region"":""Valpara\u00edso Region"",""percentage"":0.095336},{""region"":""Ays\u00e9n Region"",""percentage"":0.007862},{""region"":""Antofagasta Region"",""percentage"":0.075874},{""region"":""Araucan\u00eda Region"",""percentage"":0.09679},{""region"":""Atacama Region"",""percentage"":0.028911},{""region"":""B\u00edo B\u00edo Region"",""percentage"":0.171671},{""region"":""Coquimbo Region"",""percentage"":0.054929},{""region"":""O'Higgins Region"",""percentage"":0.064764},{""region"":""Los Lagos Region"",""percentage"":0.091509},{""region"":""Magallanes y la Ant\u00e1rtica Chilena Region"",""percentage"":0.01516},{""region"":""Maule Region"",""percentage"":0.099757},{""region"":""Santiago Metropolitan Region"",""percentage"":0.091035},{""region"":""Tarapac\u00e1 Region"",""percentage"":0.04462}","facebook,instagram","lower_bound: 500001, upper_bound: 1000000",es
850963245559068,103820310982935,"Sichel Presidente",2021-09-23,2021-09-23,2021-10-13,"Sebastián Sichel Ramirez","Juntos nos va mejor! No dejemos que lo importante se nos pase de largo. Estoy convencido que #SePuede un Chile mejor, claro que #SePuede.",,,,"lower_bound: 6000, upper_bound: 6999","lower_bound: 0, upper_bound: 99",USD,"{""age"":""55-64"",""gender"":""female"",""percentage"":0.019442},{""age"":""45-54"",""gender"":""unknown"",""percentage"":0.001691},{""age"":""35-44"",""gender"":""unknown"",""percentage"":0.001691},{""age"":""45-54"",""gender"":""female"",""percentage"":0.196323},{""age"":""25-34"",""gender"":""female"",""percentage"":0.148352},{""age"":""55-64"",""gender"":""male"",""percentage"":0.007396},{""age"":""18-24"",""gender"":""male"",""percentage"":0.012257},{""age"":""45-54"",""gender"":""male"",""percentage"":0.101648},{""age"":""35-44"",""gender"":""male"",""percentage"":0.161877},{""age"":""25-34"",""gender"":""male"",""percentage"":0.123626},{""age"":""35-44"",""gender"":""female"",""percentage"":0.203931},{""age"":""18-24"",""gender"":""female"",""percentage"":0.019442},{""age"":""25-34"",""gender"":""unknown"",""percentage"":0.002325}","{""region"":""Los R\u00edos Region"",""percentage"":0.04207},{""region"":""Arica y Parinacota Region"",""percentage"":0.021876},{""region"":""Valpara\u00edso Region"",""percentage"":0.061001},{""region"":""Ays\u00e9n Region"",""percentage"":0.008624},{""region"":""Antofagasta Region"",""percentage"":0.097602},{""region"":""Araucan\u00eda Region"",""percentage"":0.099495},{""region"":""Atacama Region"",""percentage"":0.033446},{""region"":""B\u00edo B\u00edo Region"",""percentage"":0.203618},{""region"":""Coquimbo Region"",""percentage"":0.063525},{""region"":""O'Higgins Region"",""percentage"":0.051325},{""region"":""Los Lagos Region"",""percentage"":0.120109},{""region"":""Magallanes y la Ant\u00e1rtica Chilena Region"",""percentage"":0.016197},{""region"":""Maule Region"",""percentage"":0.09066},{""region"":""Santiago Metropolitan Region"",""percentage"":0.052167},{""region"":""Tarapac\u00e1 Region"",""percentage"":0.038284}","facebook,instagram","lower_bound: 500001, upper_bound: 1000000",es
350853173455005,103820310982935,"Sichel Presidente",2021-09-23,2021-09-23,2021-10-08,"Sebastián Sichel Ramirez","35 compromisos por un Chile mejor y 6 pilares claves para dar certezas a los cambios que queremos liderar #SePuede",,,,"lower_bound: 150000, upper_bound: 174999","lower_bound: 600, upper_bound: 699",USD,"{""age"":""35-44"",""gender"":""unknown"",""percentage"":0.001918},{""age"":""18-24"",""gender"":""female"",""percentage"":0.031439},{""age"":""55-64"",""gender"":""female"",""percentage"":0.013481},{""age"":""45-54"",""gender"":""female"",""percentage"":0.17777},{""age"":""35-44"",""gender"":""male"",""percentage"":0.14333},{""age"":""25-34"",""gender"":""male"",""percentage"":0.127415},{""age"":""35-44"",""gender"":""female"",""percentage"":0.203815},{""age"":""45-54"",""gender"":""male"",""percentage"":0.09801},{""age"":""25-34"",""gender"":""female"",""percentage"":0.17461},{""age"":""18-24"",""gender"":""male"",""percentage"":0.020092},{""age"":""45-54"",""gender"":""unknown"",""percentage"":0.001009},{""age"":""55-64"",""gender"":""male"",""percentage"":0.005928},{""age"":""25-34"",""gender"":""unknown"",""percentage"":0.000917},{""age"":""18-24"",""gender"":""unknown"",""percentage"":0.000192},{""age"":""55-64"",""gender"":""unknown"",""percentage"":7.5e-5}","{""region"":""Los R\u00edos Region"",""percentage"":0.037777},{""region"":""Arica y Parinacota Region"",""percentage"":0.023098},{""region"":""Valpara\u00edso Region"",""percentage"":0.076061},{""region"":""Ays\u00e9n Region"",""percentage"":0.007439},{""region"":""Antofagasta Region"",""percentage"":0.086925},{""region"":""Araucan\u00eda Region"",""percentage"":0.101155},{""region"":""Atacama Region"",""percentage"":0.034236},{""region"":""B\u00edo B\u00edo Region"",""percentage"":0.188586},{""region"":""Coquimbo Region"",""percentage"":0.062072},{""region"":""O'Higgins Region"",""percentage"":0.05898},{""region"":""Los Lagos Region"",""percentage"":0.103224},{""region"":""Magallanes y la Ant\u00e1rtica Chilena Region"",""percentage"":0.015053},{""region"":""Maule Region"",""percentage"":0.101379},{""region"":""Santiago Metropolitan Region"",""percentage"":0.05514},{""region"":""Tarapac\u00e1 Region"",""percentage"":0.048873}","facebook,instagram","lower_bound: 500001, upper_bound: 1000000",es
288507012777369,103820310982935,"Sichel Presidente",2021-09-23,2021-09-23,2021-10-13,"Sebastián Sichel Ramirez","Acompáñennos en esta nueva etapa! #SePuede #SichelPresidente",,,,"lower_bound: 175000, upper_bound: 199999","lower_bound: 700, upper_bound: 799",USD,"{""age"":""55-64"",""gender"":""unknown"",""percentage"":3.0e-5},{""age"":""35-44"",""gender"":""unknown"",""percentage"":0.002022},{""age"":""55-64"",""gender"":""male"",""percentage"":0.005574},{""age"":""45-54"",""gender"":""unknown"",""percentage"":0.001212},{""age"":""25-34"",""gender"":""unknown"",""percentage"":0.000803},{""age"":""18-24"",""gender"":""female"",""percentage"":0.036619},{""age"":""45-54"",""gender"":""male"",""percentage"":0.102246},{""age"":""25-34"",""gender"":""female"",""percentage"":0.151438},{""age"":""55-64"",""gender"":""female"",""percentage"":0.010361},{""age"":""35-44"",""gender"":""female"",""percentage"":0.186278},{""age"":""25-34"",""gender"":""male"",""percentage"":0.153271},{""age"":""35-44"",""gender"":""male"",""percentage"":0.175576},{""age"":""45-54"",""gender"":""female"",""percentage"":0.144819},{""age"":""18-24"",""gender"":""male"",""percentage"":0.029576},{""age"":""18-24"",""gender"":""unknown"",""percentage"":0.000174}","{""region"":""Los R\u00edos Region"",""percentage"":0.036602},{""region"":""Arica y Parinacota Region"",""percentage"":0.023838},{""region"":""Valpara\u00edso Region"",""percentage"":0.081741},{""region"":""Ays\u00e9n Region"",""percentage"":0.008103},{""region"":""Antofagasta Region"",""percentage"":0.087818},{""region"":""Araucan\u00eda Region"",""percentage"":0.092875},{""region"":""Atacama Region"",""percentage"":0.032444},{""region"":""B\u00edo B\u00edo Region"",""percentage"":0.177358},{""region"":""Coquimbo Region"",""percentage"":0.058231},{""region"":""O'Higgins Region"",""percentage"":0.062656},{""region"":""Los Lagos Region"",""percentage"":0.099189},{""region"":""Magallanes y la Ant\u00e1rtica Chilena Region"",""percentage"":0.01693},{""region"":""Maule Region"",""percentage"":0.102334},{""region"":""Santiago Metropolitan Region"",""percentage"":0.071262},{""region"":""Tarapac\u00e1 Region"",""percentage"":0.04862}","facebook,instagram","lower_bound: 500001, upper_bound: 1000000",es
1202048500316094,103820310982935,"Sichel Presidente",2021-09-23,2021-09-23,2021-10-13,"Sebastián Sichel Ramirez","La discapacidad no puede tener políticas públicas olvidadas, se necesita una mayor y real integración. En esta campaña decimos #SePuede!",,,,"lower_bound: 10000, upper_bound: 14999","lower_bound: 0, upper_bound: 99",USD,"{""age"":""55-64"",""gender"":""unknown"",""percentage"":0.000183},{""age"":""35-44"",""gender"":""unknown"",""percentage"":0.001829},{""age"":""18-24"",""gender"":""unknown"",""percentage"":0.000183},{""age"":""45-54"",""gender"":""unknown"",""percentage"":0.001555},{""age"":""18-24"",""gender"":""male"",""percentage"":0.026345},{""age"":""35-44"",""gender"":""male"",""percentage"":0.13584},{""age"":""55-64"",""gender"":""female"",""percentage"":0.012075},{""age"":""45-54"",""gender"":""male"",""percentage"":0.072905},{""age"":""18-24"",""gender"":""female"",""percentage"":0.038785},{""age"":""25-34"",""gender"":""male"",""percentage"":0.13831},{""age"":""45-54"",""gender"":""female"",""percentage"":0.168771},{""age"":""25-34"",""gender"":""female"",""percentage"":0.175997},{""age"":""35-44"",""gender"":""female"",""percentage"":0.222009},{""age"":""55-64"",""gender"":""male"",""percentage"":0.004848},{""age"":""25-34"",""gender"":""unknown"",""percentage"":0.000366}","{""region"":""Los R\u00edos Region"",""percentage"":0.041728},{""region"":""Arica y Parinacota Region"",""percentage"":0.024028},{""region"":""Valpara\u00edso Region"",""percentage"":0.062546},{""region"":""Ays\u00e9n Region"",""percentage"":0.008988},{""region"":""Antofagasta Region"",""percentage"":0.09712},{""region"":""Araucan\u00eda Region"",""percentage"":0.098863},{""region"":""Atacama Region"",""percentage"":0.033474},{""region"":""B\u00edo B\u00edo Region"",""percentage"":0.194791},{""region"":""Coquimbo Region"",""percentage"":0.060161},{""region"":""O'Higgins Region"",""percentage"":0.05365},{""region"":""Los Lagos Region"",""percentage"":0.116104},{""region"":""Magallanes y la Ant\u00e1rtica Chilena Region"",""percentage"":0.024211},{""region"":""Maule Region"",""percentage"":0.085657},{""region"":""Santiago Metropolitan Region"",""percentage"":0.053558},{""region"":""Tarapac\u00e1 Region"",""percentage"":0.045121}","facebook,instagram","lower_bound: 500001, upper_bound: 1000000",es
670047667303100,103820310982935,"Sichel Presidente",2021-09-23,2021-09-23,2021-10-08,"Sebastián Sichel Ramirez","Cuántas veces alguien les dijo que no? Gracias a quienes participaron por historias. El compromiso de este proyecto es abrir puertas. Nunca más un NO por respuesta, un sí #SePuede.","Cuántas veces",,,"lower_bound: 400000, upper_bound: 449999","lower_bound: 1500, upper_bound: 1999",USD,"{""age"":""18-24"",""gender"":""unknown"",""percentage"":0.000151},{""age"":""45-54"",""gender"":""unknown"",""percentage"":0.001163},{""age"":""55-64"",""gender"":""female"",""percentage"":0.012253},{""age"":""55-64"",""gender"":""male"",""percentage"":0.00527},{""age"":""25-34"",""gender"":""male"",""percentage"":0.124061},{""age"":""45-54"",""gender"":""female"",""percentage"":0.177229},{""age"":""35-44"",""gender"":""male"",""percentage"":0.152632},{""age"":""25-34"",""gender"":""female"",""percentage"":0.169502},{""age"":""45-54"",""gender"":""male"",""percentage"":0.094205},{""age"":""35-44"",""gender"":""female"",""percentage"":0.21625},{""age"":""18-24"",""gender"":""male"",""percentage"":0.017138},{""age"":""18-24"",""gender"":""female"",""percentage"":0.02739},{""age"":""35-44"",""gender"":""unknown"",""percentage"":0.001865},{""age"":""25-34"",""gender"":""unknown"",""percentage"":0.000838},{""age"":""55-64"",""gender"":""unknown"",""percentage"":5.3e-5}","{""region"":""Los R\u00edos Region"",""percentage"":0.037909},{""region"":""Arica y Parinacota Region"",""percentage"":0.024054},{""region"":""Valpara\u00edso Region"",""percentage"":0.081671},{""region"":""Ays\u00e9n Region"",""percentage"":0.007717},{""region"":""Antofagasta Region"",""percentage"":0.09115},{""region"":""Araucan\u00eda Region"",""percentage"":0.097261},{""region"":""Atacama Region"",""percentage"":0.03383},{""region"":""B\u00edo B\u00edo Region"",""percentage"":0.191911},{""region"":""Coquimbo Region"",""percentage"":0.061087},{""region"":""O'Higgins Region"",""percentage"":0.061609},{""region"":""Los Lagos Region"",""percentage"":0.102935},{""region"":""Magallanes y la Ant\u00e1rtica Chilena Region"",""percentage"":0.01678},{""region"":""Maule Region"",""percentage"":0.095732},{""region"":""Santiago Metropolitan Region"",""percentage"":0.051513},{""region"":""Tarapac\u00e1 Region"",""percentage"":0.044841}","facebook,instagram","lower_bound: 500001, upper_bound: 1000000",es
2026346404187502,103820310982935,"Sichel Presidente",2021-09-23,2021-09-23,2021-10-13,"Sebastián Sichel Ramirez","Cerrando un día movido con esta reflexión, qué queremos para nuestro país en 20 años? Yo no lo concibo sin una participación clave del emprendimiento. #SePuede",,,,"lower_bound: 10000, upper_bound: 14999","lower_bound: 0, upper_bound: 99",USD,"{""age"":""55-64"",""gender"":""unknown"",""percentage"":0.000198},{""age"":""45-54"",""gender"":""unknown"",""percentage"":0.002869},{""age"":""18-24"",""gender"":""female"",""percentage"":0.01959},{""age"":""55-64"",""gender"":""female"",""percentage"":0.014248},{""age"":""18-24"",""gender"":""unknown"",""percentage"":0.000198},{""age"":""35-44"",""gender"":""unknown"",""percentage"":0.002177},{""age"":""25-34"",""gender"":""unknown"",""percentage"":0.001088},{""age"":""55-64"",""gender"":""male"",""percentage"":0.014445},{""age"":""45-54"",""gender"":""female"",""percentage"":0.164144},{""age"":""18-24"",""gender"":""male"",""percentage"":0.018007},{""age"":""25-34"",""gender"":""female"",""percentage"":0.101019},{""age"":""35-44"",""gender"":""male"",""percentage"":0.204116},{""age"":""25-34"",""gender"":""male"",""percentage"":0.115563},{""age"":""35-44"",""gender"":""female"",""percentage"":0.150787},{""age"":""45-54"",""gender"":""male"",""percentage"":0.19155}","{""region"":""Ays\u00e9n Region"",""percentage"":0.010737},{""region"":""Coquimbo Region"",""percentage"":0.061736},{""region"":""Magallanes y la Ant\u00e1rtica Chilena Region"",""percentage"":0.021274},{""region"":""Los R\u00edos Region"",""percentage"":0.04921},{""region"":""Arica y Parinacota Region"",""percentage"":0.023362},{""region"":""Valpara\u00edso Region"",""percentage"":0.042251},{""region"":""Antofagasta Region"",""percentage"":0.100706},{""region"":""Araucan\u00eda Region"",""percentage"":0.113431},{""region"":""Atacama Region"",""percentage"":0.027935},{""region"":""B\u00edo B\u00edo Region"",""percentage"":0.212447},{""region"":""O'Higgins Region"",""percentage"":0.040362},{""region"":""Los Lagos Region"",""percentage"":0.140173},{""region"":""Maule Region"",""percentage"":0.085297},{""region"":""Santiago Metropolitan Region"",""percentage"":0.02704},{""region"":""Tarapac\u00e1 Region"",""percentage"":0.04404}","facebook,instagram","lower_bound: 500001, upper_bound: 1000000",es
278273087251117,103820310982935,"Sichel Presidente",2021-09-23,2021-09-23,2021-10-13,"Sebastián Sichel Ramirez","Nuestro programa de gobierno necesita gente con experiencia, gente diversa y que represente a los chilenos. #SePuede","Un gabinete diverso",,,"lower_bound: 200000, upper_bound: 249999","lower_bound: 500, upper_bound: 599",USD,"{""age"":""25-34"",""gender"":""unknown"",""percentage"":0.00087},{""age"":""18-24"",""gender"":""unknown"",""percentage"":0.000119},{""age"":""18-24"",""gender"":""male"",""percentage"":0.016544},{""age"":""45-54"",""gender"":""unknown"",""percentage"":0.002176},{""age"":""55-64"",""gender"":""female"",""percentage"":0.009686},{""age"":""55-64"",""gender"":""male"",""percentage"":0.011813},{""age"":""18-24"",""gender"":""female"",""percentage"":0.009756},{""age"":""35-44"",""gender"":""female"",""percentage"":0.128027},{""age"":""25-34"",""gender"":""female"",""percentage"":0.073798},{""age"":""35-44"",""gender"":""male"",""percentage"":0.262834},{""age"":""25-34"",""gender"":""male"",""percentage"":0.155703},{""age"":""45-54"",""gender"":""female"",""percentage"":0.12484},{""age"":""45-54"",""gender"":""male"",""percentage"":0.200688},{""age"":""35-44"",""gender"":""unknown"",""percentage"":0.003046},{""age"":""55-64"",""gender"":""unknown"",""percentage"":9.8e-5}","{""region"":""Los R\u00edos Region"",""percentage"":0.037644},{""region"":""Arica y Parinacota Region"",""percentage"":0.026966},{""region"":""Valpara\u00edso Region"",""percentage"":0.081131},{""region"":""Ays\u00e9n Region"",""percentage"":0.008126},{""region"":""Antofagasta Region"",""percentage"":0.078778},{""region"":""Araucan\u00eda Region"",""percentage"":0.097426},{""region"":""Atacama Region"",""percentage"":0.031544},{""region"":""B\u00edo B\u00edo Region"",""percentage"":0.193408},{""region"":""Coquimbo Region"",""percentage"":0.060656},{""region"":""O'Higgins Region"",""percentage"":0.056227},{""region"":""Los Lagos Region"",""percentage"":0.102011},{""region"":""Magallanes y la Ant\u00e1rtica Chilena Region"",""percentage"":0.018207},{""region"":""Maule Region"",""percentage"":0.096231},{""region"":""Santiago Metropolitan Region"",""percentage"":0.066564},{""region"":""Tarapac\u00e1 Region"",""percentage"":0.04508}","facebook,instagram","lower_bound: 500001, upper_bound: 1000000",es
1251081462024687,103820310982935,"Sichel Presidente",2021-09-23,2021-09-23,2021-09-30,"Sebastián Sichel Ramirez","Mientras hay familias sufriendo por balas asesinas, la discusión sigue en la farándula política.",,,,"lower_bound: 70000, upper_bound: 79999","lower_bound: 200, upper_bound: 299",USD,"{""age"":""55-64"",""gender"":""unknown"",""percentage"":9.7e-5},{""age"":""35-44"",""gender"":""unknown"",""percentage"":0.001503},{""age"":""18-24"",""gender"":""female"",""percentage"":0.028},{""age"":""25-34"",""gender"":""female"",""percentage"":0.116412},{""age"":""18-24"",""gender"":""male"",""percentage"":0.0199},{""age"":""35-44"",""gender"":""female"",""percentage"":0.181545},{""age"":""45-54"",""gender"":""male"",""percentage"":0.150878},{""age"":""45-54"",""gender"":""female"",""percentage"":0.17364},{""age"":""25-34"",""gender"":""male"",""percentage"":0.115296},{""age"":""35-44"",""gender"":""male"",""percentage"":0.185312},{""age"":""55-64"",""gender"":""female"",""percentage"":0.014743},{""age"":""55-64"",""gender"":""male"",""percentage"":0.010524},{""age"":""45-54"",""gender"":""unknown"",""percentage"":0.00139},{""age"":""18-24"",""gender"":""unknown"",""percentage"":0.000113},{""age"":""25-34"",""gender"":""unknown"",""percentage"":0.000647}","{""region"":""Los R\u00edos Region"",""percentage"":0.040193},{""region"":""Arica y Parinacota Region"",""percentage"":0.023784},{""region"":""Valpara\u00edso Region"",""percentage"":0.052313},{""region"":""Ays\u00e9n Region"",""percentage"":0.008416},{""region"":""Antofagasta Region"",""percentage"":0.103374},{""region"":""Araucan\u00eda Region"",""percentage"":0.109077},{""region"":""Atacama Region"",""percentage"":0.03592},{""region"":""B\u00edo B\u00edo Region"",""percentage"":0.20813},{""region"":""Coquimbo Region"",""percentage"":0.063555},{""region"":""O'Higgins Region"",""percentage"":0.045116},{""region"":""Los Lagos Region"",""percentage"":0.12893},{""region"":""Magallanes y la Ant\u00e1rtica Chilena Region"",""percentage"":0.019203},{""region"":""Maule Region"",""percentage"":0.094618},{""region"":""Santiago Metropolitan Region"",""percentage"":0.026368},{""region"":""Tarapac\u00e1 Region"",""percentage"":0.041005}","facebook,instagram","lower_bound: 500001, upper_bound: 1000000",es
827654561231843,103820310982935,"Sichel Presidente",2021-09-23,2021-09-23,2021-10-13,"Sebastián Sichel Ramirez","La familia Mella Guzmán representa el esfuerzo de miles de familias chilenas. Y nos transmiten lo importante: compartir y agradecer en familia. #SePuede #YoTeEscucho",,,,"lower_bound: 200000, upper_bound: 249999","lower_bound: 800, upper_bound: 899",USD,"{""age"":""25-34"",""gender"":""unknown"",""percentage"":0.000486},{""age"":""18-24"",""gender"":""unknown"",""percentage"":9.4e-5},{""age"":""45-54"",""gender"":""unknown"",""percentage"":0.000688},{""age"":""55-64"",""gender"":""male"",""percentage"":0.007042},{""age"":""45-54"",""gender"":""male"",""percentage"":0.103962},{""age"":""35-44"",""gender"":""male"",""percentage"":0.113048},{""age"":""18-24"",""gender"":""male"",""percentage"":0.014057},{""age"":""25-34"",""gender"":""female"",""percentage"":0.151103},{""age"":""25-34"",""gender"":""male"",""percentage"":0.085541},{""age"":""18-24"",""gender"":""female"",""percentage"":0.02605},{""age"":""45-54"",""gender"":""female"",""percentage"":0.251396},{""age"":""35-44"",""gender"":""female"",""percentage"":0.223674},{""age"":""55-64"",""gender"":""female"",""percentage"":0.02182},{""age"":""55-64"",""gender"":""unknown"",""percentage"":6.7e-5},{""age"":""35-44"",""gender"":""unknown"",""percentage"":0.000971}","{""region"":""Los R\u00edos Region"",""percentage"":0.039068},{""region"":""Arica y Parinacota Region"",""percentage"":0.029311},{""region"":""Valpara\u00edso Region"",""percentage"":0.072008},{""region"":""Ays\u00e9n Region"",""percentage"":0.007919},{""region"":""Antofagasta Region"",""percentage"":0.085786},{""region"":""Araucan\u00eda Region"",""percentage"":0.098752},{""region"":""Atacama Region"",""percentage"":0.03098},{""region"":""B\u00edo B\u00edo Region"",""percentage"":0.194774},{""region"":""Coquimbo Region"",""percentage"":0.05817},{""region"":""O'Higgins Region"",""percentage"":0.061528},{""region"":""Los Lagos Region"",""percentage"":0.096461},{""region"":""Magallanes y la Ant\u00e1rtica Chilena Region"",""percentage"":0.014081},{""region"":""Maule Region"",""percentage"":0.104171},{""region"":""Santiago Metropolitan Region"",""percentage"":0.059738},{""region"":""Tarapac\u00e1 Region"",""percentage"":0.047251}","facebook,instagram","lower_bound: 500001, upper_bound: 1000000",es
3057254781219718,103820310982935,"Sichel Presidente",2021-09-23,2021-09-23,2021-10-13,"Sebastián Sichel Ramirez","No existen balas locas, existen balas asesinas y como Estado hay que hacerse cargo.",,,,"lower_bound: 60000, upper_bound: 69999","lower_bound: 200, upper_bound: 299",USD,"{""age"":""18-24"",""gender"":""unknown"",""percentage"":0.000128},{""age"":""55-64"",""gender"":""unknown"",""percentage"":2.1e-5},{""age"":""18-24"",""gender"":""female"",""percentage"":0.02471},{""age"":""25-34"",""gender"":""male"",""percentage"":0.1039},{""age"":""35-44"",""gender"":""female"",""percentage"":0.199962},{""age"":""25-34"",""gender"":""female"",""percentage"":0.124188},{""age"":""55-64"",""gender"":""female"",""percentage"":0.021506},{""age"":""45-54"",""gender"":""female"",""percentage"":0.240347},{""age"":""45-54"",""gender"":""male"",""percentage"":0.12216},{""age"":""35-44"",""gender"":""male"",""percentage"":0.137408},{""age"":""18-24"",""gender"":""male"",""percentage"":0.01512},{""age"":""25-34"",""gender"":""unknown"",""percentage"":0.000598},{""age"":""35-44"",""gender"":""unknown"",""percentage"":0.000705},{""age"":""45-54"",""gender"":""unknown"",""percentage"":0.000662},{""age"":""55-64"",""gender"":""male"",""percentage"":0.008585}","{""region"":""Los R\u00edos Region"",""percentage"":0.03473},{""region"":""Arica y Parinacota Region"",""percentage"":0.02564},{""region"":""Valpara\u00edso Region"",""percentage"":0.090428},{""region"":""Ays\u00e9n Region"",""percentage"":0.006732},{""region"":""Antofagasta Region"",""percentage"":0.075013},{""region"":""Araucan\u00eda Region"",""percentage"":0.089034},{""region"":""Atacama Region"",""percentage"":0.02862},{""region"":""B\u00edo B\u00edo Region"",""percentage"":0.179505},{""region"":""Coquimbo Region"",""percentage"":0.057369},{""region"":""O'Higgins Region"",""percentage"":0.065473},{""region"":""Los Lagos Region"",""percentage"":0.086547},{""region"":""Magallanes y la Ant\u00e1rtica Chilena Region"",""percentage"":0.01237},{""region"":""Maule Region"",""percentage"":0.103034},{""region"":""Santiago Metropolitan Region"",""percentage"":0.097438},{""region"":""Tarapac\u00e1 Region"",""percentage"":0.048065}","facebook,instagram","lower_bound: 500001, upper_bound: 1000000",es
390360992759825,103820310982935,"Sichel Presidente",2021-09-23,2021-09-23,2021-10-08,"Sebastián Sichel Ramirez","Los vecinos de la zona cero en Plaza Italia, piden no más violencia y si más justicia. Los escuchamos y ya estamos trabajando en un plan de recuperación. #SePuede",,,,"lower_bound: 125000, upper_bound: 149999","lower_bound: 500, upper_bound: 599",USD,"{""age"":""55-64"",""gender"":""unknown"",""percentage"":5.8e-5},{""age"":""25-34"",""gender"":""unknown"",""percentage"":0.000742},{""age"":""45-54"",""gender"":""unknown"",""percentage"":0.001302},{""age"":""55-64"",""gender"":""male"",""percentage"":0.005988},{""age"":""35-44"",""gender"":""unknown"",""percentage"":0.002112},{""age"":""18-24"",""gender"":""male"",""percentage"":0.019072},{""age"":""55-64"",""gender"":""female"",""percentage"":0.011618},{""age"":""18-24"",""gender"":""female"",""percentage"":0.031953},{""age"":""25-34"",""gender"":""female"",""percentage"":0.15347},{""age"":""45-54"",""gender"":""female"",""percentage"":0.168473},{""age"":""35-44"",""gender"":""male"",""percentage"":0.161155},{""age"":""35-44"",""gender"":""female"",""percentage"":0.214793},{""age"":""25-34"",""gender"":""male"",""percentage"":0.128854},{""age"":""45-54"",""gender"":""male"",""percentage"":0.100237},{""age"":""18-24"",""gender"":""unknown"",""percentage"":0.000174}","{""region"":""Los R\u00edos Region"",""percentage"":0.039378},{""region"":""Arica y Parinacota Region"",""percentage"":0.022746},{""region"":""Valpara\u00edso Region"",""percentage"":0.071267},{""region"":""Ays\u00e9n Region"",""percentage"":0.008179},{""region"":""Antofagasta Region"",""percentage"":0.096467},{""region"":""Araucan\u00eda Region"",""percentage"":0.10266},{""region"":""Atacama Region"",""percentage"":0.033574},{""region"":""B\u00edo B\u00edo Region"",""percentage"":0.188631},{""region"":""Coquimbo Region"",""percentage"":0.063701},{""region"":""O'Higgins Region"",""percentage"":0.05447},{""region"":""Los Lagos Region"",""percentage"":0.107967},{""region"":""Magallanes y la Ant\u00e1rtica Chilena Region"",""percentage"":0.016894},{""region"":""Maule Region"",""percentage"":0.100031},{""region"":""Santiago Metropolitan Region"",""percentage"":0.048852},{""region"":""Tarapac\u00e1 Region"",""percentage"":0.045181}","facebook,instagram","lower_bound: 500001, upper_bound: 1000000",es
971411173408799,103820310982935,"Sichel Presidente",2021-09-23,2021-09-23,2021-10-13,"Sebastián Sichel Ramirez","Resumen de la visita a Los Lagos! Gracias a Los Muermos, Puerto Montt, Puerto Varas, Llanquihue, Puyehue, Puerto Octay, Fresia y Osorno. La regionalización #SePuede",,,,"lower_bound: 25000, upper_bound: 29999","lower_bound: 0, upper_bound: 99",USD,"{""age"":""25-34"",""gender"":""unknown"",""percentage"":0.000625},{""age"":""55-64"",""gender"":""unknown"",""percentage"":0.000134},{""age"":""18-24"",""gender"":""unknown"",""percentage"":0.000134},{""age"":""45-54"",""gender"":""unknown"",""percentage"":0.00067},{""age"":""35-44"",""gender"":""unknown"",""percentage"":0.001072},{""age"":""45-54"",""gender"":""male"",""percentage"":0.135751},{""age"":""45-54"",""gender"":""female"",""percentage"":0.27485},{""age"":""25-34"",""gender"":""male"",""percentage"":0.079128},{""age"":""25-34"",""gender"":""female"",""percentage"":0.116906},{""age"":""35-44"",""gender"":""male"",""percentage"":0.106993},{""age"":""35-44"",""gender"":""female"",""percentage"":0.211753},{""age"":""55-64"",""gender"":""female"",""percentage"":0.024962},{""age"":""18-24"",""gender"":""female"",""percentage"":0.02331},{""age"":""18-24"",""gender"":""male"",""percentage"":0.012548},{""age"":""55-64"",""gender"":""male"",""percentage"":0.011164}","{""region"":""Los R\u00edos Region"",""percentage"":0.036654},{""region"":""Arica y Parinacota Region"",""percentage"":0.026219},{""region"":""Valpara\u00edso Region"",""percentage"":0.06924},{""region"":""Antofagasta Region"",""percentage"":0.087058},{""region"":""Araucan\u00eda Region"",""percentage"":0.096741},{""region"":""Atacama Region"",""percentage"":0.031613},{""region"":""B\u00edo B\u00edo Region"",""percentage"":0.196666},{""region"":""Coquimbo Region"",""percentage"":0.060795},{""region"":""O'Higgins Region"",""percentage"":0.060176},{""region"":""Los Lagos Region"",""percentage"":0.104656},{""region"":""Magallanes y la Ant\u00e1rtica Chilena Region"",""percentage"":0.012203},{""region"":""Maule Region"",""percentage"":0.102622},{""region"":""Santiago Metropolitan Region"",""percentage"":0.064597},{""region"":""Tarapac\u00e1 Region"",""percentage"":0.044524},{""region"":""Ays\u00e9n Region"",""percentage"":0.006234}","facebook,instagram","lower_bound: 500001, upper_bound: 1000000",es
1270932860017618,103820310982935,"Sichel Presidente",2021-09-23,2021-09-23,2021-10-13,"Sebastián Sichel Ramirez","En nuestro paso por Llanquihue conocimos a este grupo de emprendedoras, “Aprendo a vivir”, que hace 11 años trabajan juntas en el rubro textil local. #SePuede",,,,"lower_bound: 5000, upper_bound: 5999","lower_bound: 0, upper_bound: 99",USD,"{""age"":""55-64"",""gender"":""unknown"",""percentage"":0.000244},{""age"":""45-54"",""gender"":""unknown"",""percentage"":0.00122},{""age"":""25-34"",""gender"":""unknown"",""percentage"":0.000732},{""age"":""35-44"",""gender"":""unknown"",""percentage"":0.002196},{""age"":""18-24"",""gender"":""unknown"",""percentage"":0.000488},{""age"":""55-64"",""gender"":""female"",""percentage"":0.028544},{""age"":""35-44"",""gender"":""male"",""percentage"":0.125152},{""age"":""35-44"",""gender"":""female"",""percentage"":0.21493},{""age"":""25-34"",""gender"":""male"",""percentage"":0.095389},{""age"":""45-54"",""gender"":""female"",""percentage"":0.259576},{""age"":""45-54"",""gender"":""male"",""percentage"":0.12564},{""age"":""25-34"",""gender"":""female"",""percentage"":0.106855},{""age"":""55-64"",""gender"":""male"",""percentage"":0.009027},{""age"":""18-24"",""gender"":""male"",""percentage"":0.01537},{""age"":""18-24"",""gender"":""female"",""percentage"":0.014638}","{""region"":""Los R\u00edos Region"",""percentage"":0.034907},{""region"":""Arica y Parinacota Region"",""percentage"":0.021386},{""region"":""Antofagasta Region"",""percentage"":0.098574},{""region"":""Araucan\u00eda Region"",""percentage"":0.113815},{""region"":""Atacama Region"",""percentage"":0.032203},{""region"":""B\u00edo B\u00edo Region"",""percentage"":0.220747},{""region"":""Coquimbo Region"",""percentage"":0.056785},{""region"":""O'Higgins Region"",""percentage"":0.053097},{""region"":""Los Lagos Region"",""percentage"":0.11824},{""region"":""Magallanes y la Ant\u00e1rtica Chilena Region"",""percentage"":0.013766},{""region"":""Maule Region"",""percentage"":0.08825},{""region"":""Santiago Metropolitan Region"",""percentage"":0.056047},{""region"":""Tarapac\u00e1 Region"",""percentage"":0.037611},{""region"":""Valpara\u00edso Region"",""percentage"":0.047935},{""region"":""Ays\u00e9n Region"",""percentage"":0.006637}","facebook,instagram","lower_bound: 500001, upper_bound: 1000000",es
315073760389975,103820310982935,"Sichel Presidente",2021-09-22,2021-09-23,2021-09-29,"Sebastián Sichel Ramirez","Resumen de la visita a Los Lagos! Gracias a Los Muermos, Puerto Montt, Puerto Varas, Llanquihue, Puyehue, Puerto Octay, Fresia y Osorno. La regionalización #SePuede",,,,"lower_bound: 25000, upper_bound: 29999","lower_bound: 0, upper_bound: 99",USD,"{""age"":""45-54"",""gender"":""unknown"",""percentage"":0.003384},{""age"":""18-24"",""gender"":""unknown"",""percentage"":0.000527},{""age"":""55-64"",""gender"":""female"",""percentage"":0.009889},{""age"":""25-34"",""gender"":""unknown"",""percentage"":0.002285},{""age"":""18-24"",""gender"":""male"",""percentage"":0.042808},{""age"":""25-34"",""gender"":""male"",""percentage"":0.193293},{""age"":""35-44"",""gender"":""male"",""percentage"":0.168725},{""age"":""35-44"",""gender"":""female"",""percentage"":0.141344},{""age"":""18-24"",""gender"":""female"",""percentage"":0.031908},{""age"":""45-54"",""gender"":""male"",""percentage"":0.118754},{""age"":""45-54"",""gender"":""female"",""percentage"":0.106755},{""age"":""25-34"",""gender"":""female"",""percentage"":0.166527},{""age"":""55-64"",""gender"":""male"",""percentage"":0.008263},{""age"":""35-44"",""gender"":""unknown"",""percentage"":0.00545},{""age"":""55-64"",""gender"":""unknown"",""percentage"":8.8e-5}","{""region"":""Los R\u00edos Region"",""percentage"":0.009732},{""region"":""Arica y Parinacota Region"",""percentage"":0.026286},{""region"":""Valpara\u00edso Region"",""percentage"":0.024722},{""region"":""Ays\u00e9n Region"",""percentage"":0.017292},{""region"":""Antofagasta Region"",""percentage"":0.087244},{""region"":""Araucan\u00eda Region"",""percentage"":0.130605},{""region"":""Atacama Region"",""percentage"":0.044056},{""region"":""B\u00edo B\u00edo Region"",""percentage"":0.196385},{""region"":""Coquimbo Region"",""percentage"":0.081639},{""region"":""O'Higgins Region"",""percentage"":0.126477},{""region"":""Los Lagos Region"",""percentage"":0.115094},{""region"":""Magallanes y la Ant\u00e1rtica Chilena Region"",""percentage"":0.003563},{""region"":""Maule Region"",""percentage"":0.022897},{""region"":""Santiago Metropolitan Region"",""percentage"":0.104623},{""region"":""Tarapac\u00e1 Region"",""percentage"":0.009385}","facebook,instagram","lower_bound: 100001, upper_bound: 500000",es
553889492497466,103820310982935,"Sichel Presidente",2021-09-22,2021-09-23,2021-09-29,"Sebastián Sichel Ramirez","Los vecinos de la zona cero en Plaza Italia, piden no más violencia y si más justicia. Los escuchamos y ya estamos trabajando en un plan de recuperación. #SePuede",,,,"lower_bound: 25000, upper_bound: 29999","lower_bound: 0, upper_bound: 99",USD,"{""age"":""18-24"",""gender"":""unknown"",""percentage"":0.000655},{""age"":""55-64"",""gender"":""unknown"",""percentage"":0.00014},{""age"":""25-34"",""gender"":""unknown"",""percentage"":0.001544},{""age"":""45-54"",""gender"":""unknown"",""percentage"":0.003182},{""age"":""55-64"",""gender"":""male"",""percentage"":0.009779},{""age"":""55-64"",""gender"":""female"",""percentage"":0.007954},{""age"":""45-54"",""gender"":""female"",""percentage"":0.104015},{""age"":""35-44"",""gender"":""male"",""percentage"":0.196051},{""age"":""35-44"",""gender"":""female"",""percentage"":0.147623},{""age"":""25-34"",""gender"":""female"",""percentage"":0.130732},{""age"":""25-34"",""gender"":""male"",""percentage"":0.193477},{""age"":""45-54"",""gender"":""male"",""percentage"":0.127223},{""age"":""18-24"",""gender"":""female"",""percentage"":0.032566},{""age"":""35-44"",""gender"":""unknown"",""percentage"":0.004632},{""age"":""18-24"",""gender"":""male"",""percentage"":0.040427}","{""region"":""Los R\u00edos Region"",""percentage"":0.008311},{""region"":""Arica y Parinacota Region"",""percentage"":0.029622},{""region"":""Valpara\u00edso Region"",""percentage"":0.02679},{""region"":""Ays\u00e9n Region"",""percentage"":0.015368},{""region"":""Antofagasta Region"",""percentage"":0.091048},{""region"":""Araucan\u00eda Region"",""percentage"":0.127588},{""region"":""Atacama Region"",""percentage"":0.044015},{""region"":""B\u00edo B\u00edo Region"",""percentage"":0.190826},{""region"":""Coquimbo Region"",""percentage"":0.08283},{""region"":""O'Higgins Region"",""percentage"":0.131721},{""region"":""Los Lagos Region"",""percentage"":0.108692},{""region"":""Magallanes y la Ant\u00e1rtica Chilena Region"",""percentage"":0.004039},{""region"":""Maule Region"",""percentage"":0.019593},{""region"":""Santiago Metropolitan Region"",""percentage"":0.109852},{""region"":""Tarapac\u00e1 Region"",""percentage"":0.009704}","facebook,instagram","lower_bound: 100001, upper_bound: 500000",es
258299502966962,103820310982935,"Sichel Presidente",2021-09-22,2021-09-22,2021-09-29,"Sebastián Sichel Ramirez","Acompáñennos en esta nueva etapa! #SePuede #SichelPresidente",,,,"lower_bound: 8000, upper_bound: 8999","lower_bound: 0, upper_bound: 99",USD,"{""age"":""55-64"",""gender"":""unknown"",""percentage"":0.000126},{""age"":""25-34"",""gender"":""unknown"",""percentage"":0.001764},{""age"":""55-64"",""gender"":""male"",""percentage"":0.009955},{""age"":""45-54"",""gender"":""female"",""percentage"":0.08934},{""age"":""35-44"",""gender"":""female"",""percentage"":0.125378},{""age"":""45-54"",""gender"":""male"",""percentage"":0.12311},{""age"":""18-24"",""gender"":""male"",""percentage"":0.080393},{""age"":""25-34"",""gender"":""male"",""percentage"":0.191532},{""age"":""35-44"",""gender"":""male"",""percentage"":0.198463},{""age"":""18-24"",""gender"":""female"",""percentage"":0.050655},{""age"":""25-34"",""gender"":""female"",""percentage"":0.111013},{""age"":""55-64"",""gender"":""female"",""percentage"":0.009451},{""age"":""18-24"",""gender"":""unknown"",""percentage"":0.000882},{""age"":""45-54"",""gender"":""unknown"",""percentage"":0.004158},{""age"":""35-44"",""gender"":""unknown"",""percentage"":0.00378}","{""region"":""Los R\u00edos Region"",""percentage"":0.010467},{""region"":""Arica y Parinacota Region"",""percentage"":0.02459},{""region"":""Valpara\u00edso Region"",""percentage"":0.030013},{""region"":""Ays\u00e9n Region"",""percentage"":0.015006},{""region"":""Antofagasta Region"",""percentage"":0.08512},{""region"":""Araucan\u00eda Region"",""percentage"":0.118159},{""region"":""Atacama Region"",""percentage"":0.042875},{""region"":""B\u00edo B\u00edo Region"",""percentage"":0.192686},{""region"":""Coquimbo Region"",""percentage"":0.079067},{""region"":""O'Higgins Region"",""percentage"":0.120933},{""region"":""Los Lagos Region"",""percentage"":0.10517},{""region"":""Magallanes y la Ant\u00e1rtica Chilena Region"",""percentage"":0.005044},{""region"":""Maule Region"",""percentage"":0.02623},{""region"":""Santiago Metropolitan Region"",""percentage"":0.133796},{""region"":""Tarapac\u00e1 Region"",""percentage"":0.010845}","facebook,instagram","lower_bound: 100001, upper_bound: 500000",es
271794444793862,103820310982935,"Sichel Presidente",2021-09-22,2021-09-23,2021-09-29,"Sebastián Sichel Ramirez","Propuestas para un país que pone a las familias al centro.",,,,"lower_bound: 8000, upper_bound: 8999","lower_bound: 0, upper_bound: 99",USD,"{""age"":""18-24"",""gender"":""unknown"",""percentage"":0.00042},{""age"":""55-64"",""gender"":""female"",""percentage"":0.007838},{""age"":""35-44"",""gender"":""unknown"",""percentage"":0.002099},{""age"":""35-44"",""gender"":""female"",""percentage"":0.186144},{""age"":""25-34"",""gender"":""female"",""percentage"":0.316725},{""age"":""25-34"",""gender"":""male"",""percentage"":0.158013},{""age"":""45-54"",""gender"":""male"",""percentage"":0.040308},{""age"":""18-24"",""gender"":""female"",""percentage"":0.076137},{""age"":""35-44"",""gender"":""male"",""percentage"":0.076977},{""age"":""45-54"",""gender"":""female"",""percentage"":0.09881},{""age"":""18-24"",""gender"":""male"",""percentage"":0.03233},{""age"":""55-64"",""gender"":""male"",""percentage"":0.001959},{""age"":""25-34"",""gender"":""unknown"",""percentage"":0.0007},{""age"":""45-54"",""gender"":""unknown"",""percentage"":0.00154}","{""region"":""Los R\u00edos Region"",""percentage"":0.00841},{""region"":""Arica y Parinacota Region"",""percentage"":0.026334},{""region"":""Valpara\u00edso Region"",""percentage"":0.027713},{""region"":""Ays\u00e9n Region"",""percentage"":0.016131},{""region"":""Atacama Region"",""percentage"":0.039294},{""region"":""Coquimbo Region"",""percentage"":0.082724},{""region"":""Maule Region"",""percentage"":0.01944},{""region"":""Antofagasta Region"",""percentage"":0.087412},{""region"":""Araucan\u00eda Region"",""percentage"":0.132083},{""region"":""B\u00edo B\u00edo Region"",""percentage"":0.206122},{""region"":""O'Higgins Region"",""percentage"":0.126982},{""region"":""Los Lagos Region"",""percentage"":0.108231},{""region"":""Magallanes y la Ant\u00e1rtica Chilena Region"",""percentage"":0.003309},{""region"":""Santiago Metropolitan Region"",""percentage"":0.105611},{""region"":""Tarapac\u00e1 Region"",""percentage"":0.010203}","facebook,instagram","lower_bound: 100001, upper_bound: 500000",es
362220585600338,103820310982935,"Sichel Presidente",2021-09-22,2021-09-23,2021-09-30,"Sebastián Sichel Ramirez","Mientras hay familias sufriendo por balas asesinas, la discusión sigue en la farándula política.",,,,"lower_bound: 40000, upper_bound: 44999","lower_bound: 100, upper_bound: 199",USD,"{""age"":""18-24"",""gender"":""unknown"",""percentage"":0.000518},{""age"":""55-64"",""gender"":""unknown"",""percentage"":6.1e-5},{""age"":""55-64"",""gender"":""female"",""percentage"":0.010779},{""age"":""18-24"",""gender"":""male"",""percentage"":0.028773},{""age"":""25-34"",""gender"":""unknown"",""percentage"":0.001614},{""age"":""18-24"",""gender"":""female"",""percentage"":0.029748},{""age"":""25-34"",""gender"":""female"",""percentage"":0.177389},{""age"":""35-44"",""gender"":""female"",""percentage"":0.163109},{""age"":""45-54"",""gender"":""female"",""percentage"":0.121548},{""age"":""35-44"",""gender"":""male"",""percentage"":0.155711},{""age"":""45-54"",""gender"":""male"",""percentage"":0.112749},{""age"":""25-34"",""gender"":""male"",""percentage"":0.184088},{""age"":""55-64"",""gender"":""male"",""percentage"":0.00816},{""age"":""35-44"",""gender"":""unknown"",""percentage"":0.003349},{""age"":""45-54"",""gender"":""unknown"",""percentage"":0.002405}","{""region"":""Los R\u00edos Region"",""percentage"":0.008631},{""region"":""Arica y Parinacota Region"",""percentage"":0.026677},{""region"":""Valpara\u00edso Region"",""percentage"":0.025621},{""region"":""Ays\u00e9n Region"",""percentage"":0.01536},{""region"":""Antofagasta Region"",""percentage"":0.087515},{""region"":""Araucan\u00eda Region"",""percentage"":0.121194},{""region"":""Atacama Region"",""percentage"":0.046564},{""region"":""B\u00edo B\u00edo Region"",""percentage"":0.202553},{""region"":""Coquimbo Region"",""percentage"":0.084286},{""region"":""O'Higgins Region"",""percentage"":0.125358},{""region"":""Los Lagos Region"",""percentage"":0.108187},{""region"":""Magallanes y la Ant\u00e1rtica Chilena Region"",""percentage"":0.003682},{""region"":""Maule Region"",""percentage"":0.017956},{""region"":""Santiago Metropolitan Region"",""percentage"":0.118297},{""region"":""Tarapac\u00e1 Region"",""percentage"":0.008118}","facebook,instagram","lower_bound: 100001, upper_bound: 500000",es
422800249179328,103820310982935,"Sichel Presidente",2021-09-22,2021-09-22,2021-09-29,"Sebastián Sichel Ramirez","35 compromisos por un Chile mejor y 6 pilares claves para dar certezas a los cambios que queremos liderar #SePuede",,,,"lower_bound: 40000, upper_bound: 44999","lower_bound: 100, upper_bound: 199",USD,"{""age"":""25-34"",""gender"":""unknown"",""percentage"":0.002782},{""age"":""55-64"",""gender"":""female"",""percentage"":0.006636},{""age"":""18-24"",""gender"":""unknown"",""percentage"":0.001304},{""age"":""35-44"",""gender"":""male"",""percentage"":0.154776},{""age"":""35-44"",""gender"":""female"",""percentage"":0.14301},{""age"":""25-34"",""gender"":""male"",""percentage"":0.224151},{""age"":""55-64"",""gender"":""male"",""percentage"":0.005042},{""age"":""18-24"",""gender"":""male"",""percentage"":0.043497},{""age"":""45-54"",""gender"":""female"",""percentage"":0.088646},{""age"":""45-54"",""gender"":""male"",""percentage"":0.088443},{""age"":""25-34"",""gender"":""female"",""percentage"":0.197925},{""age"":""18-24"",""gender"":""female"",""percentage"":0.036021},{""age"":""35-44"",""gender"":""unknown"",""percentage"":0.004695},{""age"":""45-54"",""gender"":""unknown"",""percentage"":0.002956},{""age"":""55-64"",""gender"":""unknown"",""percentage"":0.000116}","{""region"":""Los R\u00edos Region"",""percentage"":0.010171},{""region"":""Arica y Parinacota Region"",""percentage"":0.024043},{""region"":""Valpara\u00edso Region"",""percentage"":0.027949},{""region"":""Ays\u00e9n Region"",""percentage"":0.015737},{""region"":""Antofagasta Region"",""percentage"":0.084545},{""region"":""Araucan\u00eda Region"",""percentage"":0.120712},{""region"":""Atacama Region"",""percentage"":0.04322},{""region"":""B\u00edo B\u00edo Region"",""percentage"":0.206248},{""region"":""Coquimbo Region"",""percentage"":0.08778},{""region"":""O'Higgins Region"",""percentage"":0.129018},{""region"":""Los Lagos Region"",""percentage"":0.112581},{""region"":""Magallanes y la Ant\u00e1rtica Chilena Region"",""percentage"":0.003585},{""region"":""Maule Region"",""percentage"":0.017952},{""region"":""Santiago Metropolitan Region"",""percentage"":0.10821},{""region"":""Tarapac\u00e1 Region"",""percentage"":0.008248}","facebook,instagram","lower_bound: 100001, upper_bound: 500000",es
552474932726980,103820310982935,"Sichel Presidente",2021-09-22,2021-09-22,2021-09-29,"Sebastián Sichel Ramirez","Un Estado que entienda el emprender como un derecho, #SePuede",,,,"lower_bound: 6000, upper_bound: 6999","lower_bound: 0, upper_bound: 99",USD,"{""age"":""18-24"",""gender"":""unknown"",""percentage"":0.000499},{""age"":""55-64"",""gender"":""male"",""percentage"":0.008475},{""age"":""45-54"",""gender"":""unknown"",""percentage"":0.003157},{""age"":""18-24"",""gender"":""female"",""percentage"":0.053838},{""age"":""55-64"",""gender"":""female"",""percentage"":0.008308},{""age"":""35-44"",""gender"":""male"",""percentage"":0.168328},{""age"":""25-34"",""gender"":""female"",""percentage"":0.123131},{""age"":""45-54"",""gender"":""male"",""percentage"":0.111665},{""age"":""35-44"",""gender"":""female"",""percentage"":0.163676},{""age"":""45-54"",""gender"":""female"",""percentage"":0.123131},{""age"":""25-34"",""gender"":""male"",""percentage"":0.170987},{""age"":""18-24"",""gender"":""male"",""percentage"":0.059821},{""age"":""35-44"",""gender"":""unknown"",""percentage"":0.003656},{""age"":""25-34"",""gender"":""unknown"",""percentage"":0.001329}","{""region"":""Los R\u00edos Region"",""percentage"":0.009391},{""region"":""Arica y Parinacota Region"",""percentage"":0.027838},{""region"":""Valpara\u00edso Region"",""percentage"":0.030018},{""region"":""Ays\u00e9n Region"",""percentage"":0.013248},{""region"":""Antofagasta Region"",""percentage"":0.083347},{""region"":""Araucan\u00eda Region"",""percentage"":0.119235},{""region"":""Atacama Region"",""percentage"":0.046789},{""region"":""B\u00edo B\u00edo Region"",""percentage"":0.194868},{""region"":""Coquimbo Region"",""percentage"":0.077142},{""region"":""O'Higgins Region"",""percentage"":0.121918},{""region"":""Los Lagos Region"",""percentage"":0.110347},{""region"":""Magallanes y la Ant\u00e1rtica Chilena Region"",""percentage"":0.003186},{""region"":""Maule Region"",""percentage"":0.024652},{""region"":""Santiago Metropolitan Region"",""percentage"":0.126446},{""region"":""Tarapac\u00e1 Region"",""percentage"":0.011571}","facebook,instagram","lower_bound: 100001, upper_bound: 500000",es
560192498556957,103820310982935,"Sichel Presidente",2021-09-22,2021-09-23,2021-09-30,"Sebastián Sichel Ramirez","La discapacidad no puede tener políticas públicas olvidadas, se necesita una mayor y real integración. En esta campaña decimos #SePuede!",,,,"lower_bound: 60000, upper_bound: 69999","lower_bound: 100, upper_bound: 199",USD,"{""age"":""55-64"",""gender"":""unknown"",""percentage"":0.000145},{""age"":""25-34"",""gender"":""unknown"",""percentage"":0.002203},{""age"":""45-54"",""gender"":""unknown"",""percentage"":0.002764},{""age"":""18-24"",""gender"":""unknown"",""percentage"":0.000831},{""age"":""18-24"",""gender"":""male"",""percentage"":0.046305},{""age"":""35-44"",""gender"":""male"",""percentage"":0.185136},{""age"":""45-54"",""gender"":""female"",""percentage"":0.106971},{""age"":""25-34"",""gender"":""female"",""percentage"":0.137459},{""age"":""25-34"",""gender"":""male"",""percentage"":0.19638},{""age"":""35-44"",""gender"":""female"",""percentage"":0.139974},{""age"":""18-24"",""gender"":""female"",""percentage"":0.03635},{""age"":""45-54"",""gender"":""male"",""percentage"":0.121727},{""age"":""55-64"",""gender"":""male"",""percentage"":0.009685},{""age"":""55-64"",""gender"":""female"",""percentage"":0.008916},{""age"":""35-44"",""gender"":""unknown"",""percentage"":0.005154}","{""region"":""Los R\u00edos Region"",""percentage"":0.008671},{""region"":""Arica y Parinacota Region"",""percentage"":0.024099},{""region"":""Valpara\u00edso Region"",""percentage"":0.026324},{""region"":""Ays\u00e9n Region"",""percentage"":0.016655},{""region"":""Antofagasta Region"",""percentage"":0.087851},{""region"":""Araucan\u00eda Region"",""percentage"":0.125777},{""region"":""Atacama Region"",""percentage"":0.042355},{""region"":""B\u00edo B\u00edo Region"",""percentage"":0.205456},{""region"":""Coquimbo Region"",""percentage"":0.078286},{""region"":""O'Higgins Region"",""percentage"":0.130372},{""region"":""Los Lagos Region"",""percentage"":0.11143},{""region"":""Magallanes y la Ant\u00e1rtica Chilena Region"",""percentage"":0.003722},{""region"":""Maule Region"",""percentage"":0.018568},{""region"":""Santiago Metropolitan Region"",""percentage"":0.112199},{""region"":""Tarapac\u00e1 Region"",""percentage"":0.008234}","facebook,instagram","lower_bound: 100001, upper_bound: 500000",es
1136313220111470,103820310982935,"Sichel Presidente",2021-09-22,2021-09-22,2021-09-29,"Sebastián Sichel Ramirez","En nuestro paso por Llanquihue conocimos a este grupo de emprendedoras, “Aprendo a vivir”, que hace 11 años trabajan juntas en el rubro textil local. #SePuede",,,,"lower_bound: 10000, upper_bound: 14999","lower_bound: 0, upper_bound: 99",USD,"{""age"":""18-24"",""gender"":""unknown"",""percentage"":0.000362},{""age"":""25-34"",""gender"":""unknown"",""percentage"":0.001903},{""age"":""35-44"",""gender"":""unknown"",""percentage"":0.003805},{""age"":""55-64"",""gender"":""male"",""percentage"":0.005979},{""age"":""25-34"",""gender"":""female"",""percentage"":0.127559},{""age"":""45-54"",""gender"":""male"",""percentage"":0.131727},{""age"":""35-44"",""gender"":""male"",""percentage"":0.223319},{""age"":""45-54"",""gender"":""female"",""percentage"":0.08362},{""age"":""35-44"",""gender"":""female"",""percentage"":0.135441},{""age"":""18-24"",""gender"":""male"",""percentage"":0.045207},{""age"":""25-34"",""gender"":""male"",""percentage"":0.205744},{""age"":""18-24"",""gender"":""female"",""percentage"":0.026726},{""age"":""55-64"",""gender"":""female"",""percentage"":0.005708},{""age"":""45-54"",""gender"":""unknown"",""percentage"":0.002899}","{""region"":""Los R\u00edos Region"",""percentage"":0.008291},{""region"":""Arica y Parinacota Region"",""percentage"":0.026136},{""region"":""Valpara\u00edso Region"",""percentage"":0.027758},{""region"":""Ays\u00e9n Region"",""percentage"":0.017123},{""region"":""Antofagasta Region"",""percentage"":0.089041},{""region"":""Araucan\u00eda Region"",""percentage"":0.118241},{""region"":""Atacama Region"",""percentage"":0.045602},{""region"":""B\u00edo B\u00edo Region"",""percentage"":0.181957},{""region"":""Coquimbo Region"",""percentage"":0.087509},{""region"":""O'Higgins Region"",""percentage"":0.13266},{""region"":""Los Lagos Region"",""percentage"":0.109229},{""region"":""Magallanes y la Ant\u00e1rtica Chilena Region"",""percentage"":0.002884},{""region"":""Maule Region"",""percentage"":0.023252},{""region"":""Santiago Metropolitan Region"",""percentage"":0.120854},{""region"":""Tarapac\u00e1 Region"",""percentage"":0.009463}","facebook,instagram","lower_bound: 100001, upper_bound: 500000",es
2645935815715038,103820310982935,"Sichel Presidente",2021-09-22,2021-09-22,2021-09-29,"Sebastián Sichel Ramirez","No existen balas locas, existen balas asesinas y como Estado hay que hacerse cargo.",,,,"lower_bound: 10000, upper_bound: 14999","lower_bound: 0, upper_bound: 99",USD,"{""age"":""55-64"",""gender"":""female"",""percentage"":0.008036},{""age"":""18-24"",""gender"":""female"",""percentage"":0.052743},{""age"":""25-34"",""gender"":""male"",""percentage"":0.166544},{""age"":""35-44"",""gender"":""female"",""percentage"":0.181692},{""age"":""45-54"",""gender"":""female"",""percentage"":0.104009},{""age"":""35-44"",""gender"":""male"",""percentage"":0.134306},{""age"":""25-34"",""gender"":""female"",""percentage"":0.227508},{""age"":""18-24"",""gender"":""male"",""percentage"":0.038149},{""age"":""55-64"",""gender"":""male"",""percentage"":0.004434},{""age"":""45-54"",""gender"":""male"",""percentage"":0.075374},{""age"":""45-54"",""gender"":""unknown"",""percentage"":0.002032},{""age"":""18-24"",""gender"":""unknown"",""percentage"":0.000647},{""age"":""25-34"",""gender"":""unknown"",""percentage"":0.001847},{""age"":""35-44"",""gender"":""unknown"",""percentage"":0.002679}","{""region"":""Los R\u00edos Region"",""percentage"":0.008774},{""region"":""Arica y Parinacota Region"",""percentage"":0.02595},{""region"":""Valpara\u00edso Region"",""percentage"":0.02875},{""region"":""Ays\u00e9n Region"",""percentage"":0.016429},{""region"":""Antofagasta Region"",""percentage"":0.08513},{""region"":""Araucan\u00eda Region"",""percentage"":0.124148},{""region"":""Atacama Region"",""percentage"":0.047419},{""region"":""B\u00edo B\u00edo Region"",""percentage"":0.199757},{""region"":""Coquimbo Region"",""percentage"":0.08429},{""region"":""O'Higgins Region"",""percentage"":0.127135},{""region"":""Los Lagos Region"",""percentage"":0.111453},{""region"":""Magallanes y la Ant\u00e1rtica Chilena Region"",""percentage"":0.005507},{""region"":""Maule Region"",""percentage"":0.019042},{""region"":""Santiago Metropolitan Region"",""percentage"":0.106879},{""region"":""Tarapac\u00e1 Region"",""percentage"":0.009334}","facebook,instagram","lower_bound: 100001, upper_bound: 500000",es
3025290594410321,103820310982935,"Sichel Presidente",2021-09-22,2021-09-22,2021-09-29,"Sebastián Sichel Ramirez","Cerrando un día movido con esta reflexión, qué queremos para nuestro país en 20 años? Yo no lo concibo sin una participación clave del emprendimiento. #SePuede",,,,"lower_bound: 15000, upper_bound: 19999","lower_bound: 0, upper_bound: 99",USD,"{""age"":""45-54"",""gender"":""unknown"",""percentage"":0.002981},{""age"":""18-24"",""gender"":""female"",""percentage"":0.028318},{""age"":""45-54"",""gender"":""male"",""percentage"":0.086071},{""age"":""35-44"",""gender"":""male"",""percentage"":0.174191},{""age"":""25-34"",""gender"":""male"",""percentage"":0.259082},{""age"":""35-44"",""gender"":""female"",""percentage"":0.142706},{""age"":""45-54"",""gender"":""female"",""percentage"":0.076756},{""age"":""25-34"",""gender"":""female"",""percentage"":0.172452},{""age"":""55-64"",""gender"":""female"",""percentage"":0.004782},{""age"":""18-24"",""gender"":""male"",""percentage"":0.039496},{""age"":""55-64"",""gender"":""unknown"",""percentage"":0.000124},{""age"":""25-34"",""gender"":""unknown"",""percentage"":0.002795},{""age"":""35-44"",""gender"":""unknown"",""percentage"":0.005465},{""age"":""55-64"",""gender"":""male"",""percentage"":0.004409},{""age"":""18-24"",""gender"":""unknown"",""percentage"":0.000373}","{""region"":""Los R\u00edos Region"",""percentage"":0.009391},{""region"":""Arica y Parinacota Region"",""percentage"":0.025543},{""region"":""Valpara\u00edso Region"",""percentage"":0.026482},{""region"":""Ays\u00e9n Region"",""percentage"":0.017342},{""region"":""Antofagasta Region"",""percentage"":0.085269},{""region"":""Araucan\u00eda Region"",""percentage"":0.133726},{""region"":""Atacama Region"",""percentage"":0.043949},{""region"":""B\u00edo B\u00edo Region"",""percentage"":0.196707},{""region"":""Coquimbo Region"",""percentage"":0.080073},{""region"":""O'Higgins Region"",""percentage"":0.131472},{""region"":""Los Lagos Region"",""percentage"":0.110937},{""region"":""Magallanes y la Ant\u00e1rtica Chilena Region"",""percentage"":0.003944},{""region"":""Maule Region"",""percentage"":0.018719},{""region"":""Santiago Metropolitan Region"",""percentage"":0.108746},{""region"":""Tarapac\u00e1 Region"",""percentage"":0.0077}","facebook,instagram","lower_bound: 100001, upper_bound: 500000",es
3075872259336060,103820310982935,"Sichel Presidente",2021-09-22,2021-09-22,2021-09-29,"Sebastián Sichel Ramirez","Nuestro programa de gobierno necesita gente con experiencia, gente diversa y que represente a los chilenos. #SePuede","Un gabinete diverso",,,"lower_bound: 10000, upper_bound: 14999","lower_bound: 0, upper_bound: 99",USD,"{""age"":""55-64"",""gender"":""unknown"",""percentage"":0.000198},{""age"":""18-24"",""gender"":""unknown"",""percentage"":0.000198},{""age"":""45-54"",""gender"":""unknown"",""percentage"":0.001785},{""age"":""35-44"",""gender"":""female"",""percentage"":0.190958},{""age"":""18-24"",""gender"":""male"",""percentage"":0.02211},{""age"":""25-34"",""gender"":""male"",""percentage"":0.196213},{""age"":""45-54"",""gender"":""female"",""percentage"":0.114019},{""age"":""45-54"",""gender"":""male"",""percentage"":0.071684},{""age"":""25-34"",""gender"":""female"",""percentage"":0.222883},{""age"":""35-44"",""gender"":""male"",""percentage"":0.13603},{""age"":""35-44"",""gender"":""unknown"",""percentage"":0.003371},{""age"":""18-24"",""gender"":""female"",""percentage"":0.026571},{""age"":""55-64"",""gender"":""male"",""percentage"":0.004858},{""age"":""25-34"",""gender"":""unknown"",""percentage"":0.001983},{""age"":""55-64"",""gender"":""female"",""percentage"":0.007139}","{""region"":""Los R\u00edos Region"",""percentage"":0.008441},{""region"":""Arica y Parinacota Region"",""percentage"":0.021946},{""region"":""Valpara\u00edso Region"",""percentage"":0.026316},{""region"":""Ays\u00e9n Region"",""percentage"":0.01708},{""region"":""Antofagasta Region"",""percentage"":0.092751},{""region"":""Araucan\u00eda Region"",""percentage"":0.122046},{""region"":""Atacama Region"",""percentage"":0.042999},{""region"":""B\u00edo B\u00edo Region"",""percentage"":0.197815},{""region"":""Coquimbo Region"",""percentage"":0.085799},{""region"":""O'Higgins Region"",""percentage"":0.123138},{""region"":""Los Lagos Region"",""percentage"":0.111619},{""region"":""Magallanes y la Ant\u00e1rtica Chilena Region"",""percentage"":0.004071},{""region"":""Maule Region"",""percentage"":0.019166},{""region"":""Santiago Metropolitan Region"",""percentage"":0.119364},{""region"":""Tarapac\u00e1 Region"",""percentage"":0.007448}","facebook,instagram","lower_bound: 100001, upper_bound: 500000",es
409600140523543,103820310982935,"Sichel Presidente",2021-09-22,2021-09-22,2021-09-29,"Sebastián Sichel Ramirez","Les presento a Eva. Como ella hay miles de emprendedores y miles de mujeres luchadoras. De eso se trata esta campaña, de acompañar mejor a quienes no hemos escuchado. #SePuede","Una emprendedora por naturaleza",,,"lower_bound: 30000, upper_bound: 34999","lower_bound: 0, upper_bound: 99",USD,"{""age"":""55-64"",""gender"":""male"",""percentage"":0.006436},{""age"":""18-24"",""gender"":""unknown"",""percentage"":0.001919},{""age"":""25-34"",""gender"":""unknown"",""percentage"":0.001799},{""age"":""18-24"",""gender"":""female"",""percentage"":0.062645},{""age"":""25-34"",""gender"":""male"",""percentage"":0.136923},{""age"":""25-34"",""gender"":""female"",""percentage"":0.210362},{""age"":""45-54"",""gender"":""female"",""percentage"":0.133525},{""age"":""35-44"",""gender"":""male"",""percentage"":0.115975},{""age"":""35-44"",""gender"":""female"",""percentage"":0.184177},{""age"":""45-54"",""gender"":""male"",""percentage"":0.084153},{""age"":""18-24"",""gender"":""male"",""percentage"":0.042816},{""age"":""35-44"",""gender"":""unknown"",""percentage"":0.003718},{""age"":""45-54"",""gender"":""unknown"",""percentage"":0.002718},{""age"":""55-64"",""gender"":""female"",""percentage"":0.012753},{""age"":""55-64"",""gender"":""unknown"",""percentage"":8.0e-5}","{""region"":""Los R\u00edos Region"",""percentage"":0.009124},{""region"":""Arica y Parinacota Region"",""percentage"":0.022871},{""region"":""Valpara\u00edso Region"",""percentage"":0.029643},{""region"":""Ays\u00e9n Region"",""percentage"":0.016342},{""region"":""Antofagasta Region"",""percentage"":0.086294},{""region"":""Araucan\u00eda Region"",""percentage"":0.125426},{""region"":""Atacama Region"",""percentage"":0.043836},{""region"":""B\u00edo B\u00edo Region"",""percentage"":0.193431},{""region"":""Coquimbo Region"",""percentage"":0.079765},{""region"":""O'Higgins Region"",""percentage"":0.13086},{""region"":""Los Lagos Region"",""percentage"":0.10665},{""region"":""Magallanes y la Ant\u00e1rtica Chilena Region"",""percentage"":0.003852},{""region"":""Maule Region"",""percentage"":0.02056},{""region"":""Santiago Metropolitan Region"",""percentage"":0.122749},{""region"":""Tarapac\u00e1 Region"",""percentage"":0.008597}","facebook,instagram","lower_bound: 100001, upper_bound: 500000",es
233890985249880,103820310982935,"Sichel Presidente",2021-09-22,2021-09-22,2021-09-29,"Sebastián Sichel Ramirez","La familia Mella Guzmán representa el esfuerzo de miles de familias chilenas. Y nos transmiten lo importante: compartir y agradecer en familia. #SePuede #YoTeEscucho",,,,"lower_bound: 20000, upper_bound: 24999","lower_bound: 0, upper_bound: 99",USD,"{""age"":""55-64"",""gender"":""unknown"",""percentage"":0.000106},{""age"":""18-24"",""gender"":""unknown"",""percentage"":0.00053},{""age"":""45-54"",""gender"":""unknown"",""percentage"":0.002068},{""age"":""55-64"",""gender"":""male"",""percentage"":0.004243},{""age"":""18-24"",""gender"":""male"",""percentage"":0.032669},{""age"":""45-54"",""gender"":""female"",""percentage"":0.085278},{""age"":""18-24"",""gender"":""female"",""percentage"":0.045078},{""age"":""25-34"",""gender"":""female"",""percentage"":0.240083},{""age"":""35-44"",""gender"":""female"",""percentage"":0.182647},{""age"":""35-44"",""gender"":""male"",""percentage"":0.141759},{""age"":""45-54"",""gender"":""male"",""percentage"":0.065072},{""age"":""25-34"",""gender"":""male"",""percentage"":0.189701},{""age"":""35-44"",""gender"":""unknown"",""percentage"":0.003659},{""age"":""55-64"",""gender"":""female"",""percentage"":0.005515},{""age"":""25-34"",""gender"":""unknown"",""percentage"":0.001591}","{""region"":""Los R\u00edos Region"",""percentage"":0.008955},{""region"":""Arica y Parinacota Region"",""percentage"":0.024057},{""region"":""Valpara\u00edso Region"",""percentage"":0.026335},{""region"":""Ays\u00e9n Region"",""percentage"":0.017751},{""region"":""Antofagasta Region"",""percentage"":0.080755},{""region"":""Araucan\u00eda Region"",""percentage"":0.125371},{""region"":""Atacama Region"",""percentage"":0.046524},{""region"":""B\u00edo B\u00edo Region"",""percentage"":0.205914},{""region"":""Coquimbo Region"",""percentage"":0.077999},{""region"":""O'Higgins Region"",""percentage"":0.128179},{""region"":""Los Lagos Region"",""percentage"":0.122774},{""region"":""Magallanes y la Ant\u00e1rtica Chilena Region"",""percentage"":0.004451},{""region"":""Maule Region"",""percentage"":0.018016},{""region"":""Santiago Metropolitan Region"",""percentage"":0.106136},{""region"":""Tarapac\u00e1 Region"",""percentage"":0.006783}","facebook,instagram","lower_bound: 100001, upper_bound: 500000",es
594899661525249,103820310982935,"Sichel Presidente",2021-09-22,2021-09-22,2021-09-29,"Sebastián Sichel Ramirez","Juntos nos va mejor! No dejemos que lo importante se nos pase de largo. Estoy convencido que #SePuede un Chile mejor, claro que #SePuede.",,,,"lower_bound: 15000, upper_bound: 19999","lower_bound: 0, upper_bound: 99",USD,"{""age"":""55-64"",""gender"":""unknown"",""percentage"":6.2e-5},{""age"":""35-44"",""gender"":""unknown"",""percentage"":0.003486},{""age"":""45-54"",""gender"":""unknown"",""percentage"":0.001619},{""age"":""55-64"",""gender"":""female"",""percentage"":0.008964},{""age"":""18-24"",""gender"":""female"",""percentage"":0.043513},{""age"":""18-24"",""gender"":""male"",""percentage"":0.031686},{""age"":""45-54"",""gender"":""female"",""percentage"":0.104519},{""age"":""35-44"",""gender"":""male"",""percentage"":0.129295},{""age"":""25-34"",""gender"":""female"",""percentage"":0.22622},{""age"":""35-44"",""gender"":""female"",""percentage"":0.188372},{""age"":""45-54"",""gender"":""male"",""percentage"":0.07302},{""age"":""25-34"",""gender"":""male"",""percentage"":0.182644},{""age"":""25-34"",""gender"":""unknown"",""percentage"":0.00137},{""age"":""55-64"",""gender"":""male"",""percentage"":0.004918},{""age"":""18-24"",""gender"":""unknown"",""percentage"":0.000311}","{""region"":""Los R\u00edos Region"",""percentage"":0.008233},{""region"":""Arica y Parinacota Region"",""percentage"":0.026334},{""region"":""Valpara\u00edso Region"",""percentage"":0.026774},{""region"":""Ays\u00e9n Region"",""percentage"":0.016215},{""region"":""Antofagasta Region"",""percentage"":0.088241},{""region"":""Araucan\u00eda Region"",""percentage"":0.12815},{""region"":""Atacama Region"",""percentage"":0.04456},{""region"":""B\u00edo B\u00edo Region"",""percentage"":0.205015},{""region"":""Coquimbo Region"",""percentage"":0.083779},{""region"":""O'Higgins Region"",""percentage"":0.12859},{""region"":""Los Lagos Region"",""percentage"":0.110175},{""region"":""Maule Region"",""percentage"":0.017912},{""region"":""Santiago Metropolitan Region"",""percentage"":0.103702},{""region"":""Tarapac\u00e1 Region"",""percentage"":0.007605},{""region"":""Magallanes y la Ant\u00e1rtica Chilena Region"",""percentage"":0.004714}","facebook,instagram","lower_bound: 100001, upper_bound: 500000",es
226942989409799,103820310982935,"Sichel Presidente",2021-09-22,2021-09-22,2021-09-30,"Sebastián Sichel Ramirez","En nuestro paso por Llanquihue conocimos a este grupo de emprendedoras, “Aprendo a vivir”, que hace 11 años trabajan juntas en el rubro textil local. #SePuede",,,,"lower_bound: 50000, upper_bound: 59999","lower_bound: 100, upper_bound: 199",USD,"{""age"":""25-34"",""gender"":""unknown"",""percentage"":0.001871},{""age"":""45-54"",""gender"":""female"",""percentage"":0.080134},{""age"":""18-24"",""gender"":""male"",""percentage"":0.044601},{""age"":""25-34"",""gender"":""male"",""percentage"":0.198618},{""age"":""45-54"",""gender"":""male"",""percentage"":0.16436},{""age"":""35-44"",""gender"":""male"",""percentage"":0.238305},{""age"":""55-64"",""gender"":""male"",""percentage"":0.008616},{""age"":""18-24"",""gender"":""unknown"",""percentage"":0.000576},{""age"":""18-24"",""gender"":""female"",""percentage"":0.032346},{""age"":""35-44"",""gender"":""female"",""percentage"":0.112994},{""age"":""25-34"",""gender"":""female"",""percentage"":0.105714},{""age"":""45-54"",""gender"":""unknown"",""percentage"":0.002118},{""age"":""35-44"",""gender"":""unknown"",""percentage"":0.003989},{""age"":""55-64"",""gender"":""female"",""percentage"":0.005655},{""age"":""55-64"",""gender"":""unknown"",""percentage"":0.000103}","{""region"":""Los R\u00edos Region"",""percentage"":0.04084},{""region"":""Arica y Parinacota Region"",""percentage"":0.022625},{""region"":""Valpara\u00edso Region"",""percentage"":0.071497},{""region"":""Ays\u00e9n Region"",""percentage"":0.01095},{""region"":""Antofagasta Region"",""percentage"":0.075202},{""region"":""Araucan\u00eda Region"",""percentage"":0.102091},{""region"":""Atacama Region"",""percentage"":0.028441},{""region"":""B\u00edo B\u00edo Region"",""percentage"":0.199151},{""region"":""Coquimbo Region"",""percentage"":0.048251},{""region"":""O'Higgins Region"",""percentage"":0.063631},{""region"":""Los Lagos Region"",""percentage"":0.11066},{""region"":""Magallanes y la Ant\u00e1rtica Chilena Region"",""percentage"":0.017533},{""region"":""Maule Region"",""percentage"":0.111902},{""region"":""Santiago Metropolitan Region"",""percentage"":0.060153},{""region"":""Tarapac\u00e1 Region"",""percentage"":0.037073}","facebook,instagram","lower_bound: 1000001",es
749136732534722,103820310982935,"Sichel Presidente",2021-09-22,2021-09-22,2021-10-01,"Sebastián Sichel Ramirez","35 compromisos por un Chile mejor y 6 pilares claves para dar certezas a los cambios que queremos liderar #SePuede",,,,"lower_bound: 900000, upper_bound: 999999","lower_bound: 1500, upper_bound: 1999",USD,"{""age"":""55-64"",""gender"":""unknown"",""percentage"":7.1e-5},{""age"":""55-64"",""gender"":""female"",""percentage"":0.00769},{""age"":""25-34"",""gender"":""unknown"",""percentage"":0.001402},{""age"":""35-44"",""gender"":""unknown"",""percentage"":0.002464},{""age"":""45-54"",""gender"":""female"",""percentage"":0.096911},{""age"":""18-24"",""gender"":""male"",""percentage"":0.053341},{""age"":""35-44"",""gender"":""male"",""percentage"":0.17284},{""age"":""45-54"",""gender"":""male"",""percentage"":0.100408},{""age"":""25-34"",""gender"":""male"",""percentage"":0.199328},{""age"":""25-34"",""gender"":""female"",""percentage"":0.163467},{""age"":""35-44"",""gender"":""female"",""percentage"":0.144737},{""age"":""18-24"",""gender"":""female"",""percentage"":0.048903},{""age"":""55-64"",""gender"":""male"",""percentage"":0.00664},{""age"":""45-54"",""gender"":""unknown"",""percentage"":0.00138},{""age"":""18-24"",""gender"":""unknown"",""percentage"":0.000419}","{""region"":""Los R\u00edos Region"",""percentage"":0.041205},{""region"":""Arica y Parinacota Region"",""percentage"":0.022412},{""region"":""Valpara\u00edso Region"",""percentage"":0.082425},{""region"":""Ays\u00e9n Region"",""percentage"":0.012055},{""region"":""Antofagasta Region"",""percentage"":0.068749},{""region"":""Araucan\u00eda Region"",""percentage"":0.104497},{""region"":""Atacama Region"",""percentage"":0.030038},{""region"":""B\u00edo B\u00edo Region"",""percentage"":0.184673},{""region"":""Coquimbo Region"",""percentage"":0.050618},{""region"":""O'Higgins Region"",""percentage"":0.064801},{""region"":""Los Lagos Region"",""percentage"":0.115253},{""region"":""Magallanes y la Ant\u00e1rtica Chilena Region"",""percentage"":0.018905},{""region"":""Maule Region"",""percentage"":0.11027},{""region"":""Santiago Metropolitan Region"",""percentage"":0.057508},{""region"":""Tarapac\u00e1 Region"",""percentage"":0.036591}","facebook,instagram","lower_bound: 1000001",es
211549617610534,103820310982935,"Sichel Presidente",2021-09-22,2021-09-23,2021-10-13,"Sebastián Sichel Ramirez","Los vecinos de la zona cero en Plaza Italia, piden no más violencia y si más justicia. Los escuchamos y ya estamos trabajando en un plan de recuperación. #SePuede",,,,"lower_bound: 300000, upper_bound: 349999","lower_bound: 1000, upper_bound: 1499",USD,"{""age"":""18-24"",""gender"":""male"",""percentage"":0.029278},{""age"":""55-64"",""gender"":""female"",""percentage"":0.004741},{""age"":""35-44"",""gender"":""unknown"",""percentage"":0.003756},{""age"":""35-44"",""gender"":""male"",""percentage"":0.270417},{""age"":""25-34"",""gender"":""male"",""percentage"":0.178126},{""age"":""25-34"",""gender"":""female"",""percentage"":0.085791},{""age"":""45-54"",""gender"":""male"",""percentage"":0.155532},{""age"":""35-44"",""gender"":""female"",""percentage"":0.141818},{""age"":""18-24"",""gender"":""female"",""percentage"":0.018654},{""age"":""25-34"",""gender"":""unknown"",""percentage"":0.001463},{""age"":""45-54"",""gender"":""female"",""percentage"":0.101782},{""age"":""55-64"",""gender"":""male"",""percentage"":0.006261},{""age"":""45-54"",""gender"":""unknown"",""percentage"":0.00199},{""age"":""55-64"",""gender"":""unknown"",""percentage"":8.8e-5},{""age"":""18-24"",""gender"":""unknown"",""percentage"":0.000303}","{""region"":""Los R\u00edos Region"",""percentage"":0.035258},{""region"":""Arica y Parinacota Region"",""percentage"":0.024611},{""region"":""Valpara\u00edso Region"",""percentage"":0.088585},{""region"":""Ays\u00e9n Region"",""percentage"":0.008935},{""region"":""Antofagasta Region"",""percentage"":0.065293},{""region"":""Araucan\u00eda Region"",""percentage"":0.0882},{""region"":""Atacama Region"",""percentage"":0.025156},{""region"":""B\u00edo B\u00edo Region"",""percentage"":0.173587},{""region"":""Coquimbo Region"",""percentage"":0.04577},{""region"":""O'Higgins Region"",""percentage"":0.066536},{""region"":""Los Lagos Region"",""percentage"":0.087},{""region"":""Magallanes y la Ant\u00e1rtica Chilena Region"",""percentage"":0.015391},{""region"":""Maule Region"",""percentage"":0.09572},{""region"":""Santiago Metropolitan Region"",""percentage"":0.141125},{""region"":""Tarapac\u00e1 Region"",""percentage"":0.038834}","facebook,instagram","lower_bound: 1000001",es
384362866564368,103820310982935,"Sichel Presidente",2021-09-22,2021-09-22,2021-10-01,"Sebastián Sichel Ramirez","Cerrando un día movido con esta reflexión, qué queremos para nuestro país en 20 años? Yo no lo concibo sin una participación clave del emprendimiento. #SePuede",,,,"lower_bound: 100000, upper_bound: 124999","lower_bound: 200, upper_bound: 299",USD,"{""age"":""55-64"",""gender"":""unknown"",""percentage"":3.5e-5},{""age"":""55-64"",""gender"":""female"",""percentage"":0.001744},{""age"":""25-34"",""gender"":""unknown"",""percentage"":0.001294},{""age"":""18-24"",""gender"":""unknown"",""percentage"":0.000451},{""age"":""45-54"",""gender"":""unknown"",""percentage"":0.001525},{""age"":""55-64"",""gender"":""male"",""percentage"":0.00521},{""age"":""18-24"",""gender"":""female"",""percentage"":0.027678},{""age"":""35-44"",""gender"":""female"",""percentage"":0.080055},{""age"":""45-54"",""gender"":""female"",""percentage"":0.043886},{""age"":""25-34"",""gender"":""male"",""percentage"":0.314962},{""age"":""35-44"",""gender"":""male"",""percentage"":0.224742},{""age"":""18-24"",""gender"":""male"",""percentage"":0.070189},{""age"":""45-54"",""gender"":""male"",""percentage"":0.106947},{""age"":""25-34"",""gender"":""female"",""percentage"":0.118257},{""age"":""35-44"",""gender"":""unknown"",""percentage"":0.003027}","{""region"":""Los R\u00edos Region"",""percentage"":0.041842},{""region"":""Arica y Parinacota Region"",""percentage"":0.024442},{""region"":""Valpara\u00edso Region"",""percentage"":0.074815},{""region"":""Ays\u00e9n Region"",""percentage"":0.011732},{""region"":""Antofagasta Region"",""percentage"":0.072848},{""region"":""Araucan\u00eda Region"",""percentage"":0.102527},{""region"":""Atacama Region"",""percentage"":0.030599},{""region"":""B\u00edo B\u00edo Region"",""percentage"":0.190738},{""region"":""Coquimbo Region"",""percentage"":0.047952},{""region"":""O'Higgins Region"",""percentage"":0.062186},{""region"":""Los Lagos Region"",""percentage"":0.119869},{""region"":""Magallanes y la Ant\u00e1rtica Chilena Region"",""percentage"":0.021043},{""region"":""Maule Region"",""percentage"":0.108591},{""region"":""Santiago Metropolitan Region"",""percentage"":0.054249},{""region"":""Tarapac\u00e1 Region"",""percentage"":0.036569}","facebook,instagram","lower_bound: 1000001",es
873111220236715,103820310982935,"Sichel Presidente",2021-09-22,2021-09-22,2021-10-13,"Sebastián Sichel Ramirez","Nuestro programa de gobierno necesita gente con experiencia, gente diversa y que represente a los chilenos. #SePuede","Un gabinete diverso",,,"lower_bound: 150000, upper_bound: 174999","lower_bound: 400, upper_bound: 499",USD,"{""age"":""45-54"",""gender"":""unknown"",""percentage"":0.000972},{""age"":""18-24"",""gender"":""male"",""percentage"":0.032757},{""age"":""18-24"",""gender"":""female"",""percentage"":0.04156},{""age"":""35-44"",""gender"":""male"",""percentage"":0.153966},{""age"":""45-54"",""gender"":""female"",""percentage"":0.160198},{""age"":""25-34"",""gender"":""female"",""percentage"":0.180236},{""age"":""35-44"",""gender"":""female"",""percentage"":0.160205},{""age"":""25-34"",""gender"":""male"",""percentage"":0.141518},{""age"":""55-64"",""gender"":""male"",""percentage"":0.006224},{""age"":""55-64"",""gender"":""female"",""percentage"":0.013098},{""age"":""45-54"",""gender"":""male"",""percentage"":0.106803},{""age"":""35-44"",""gender"":""unknown"",""percentage"":0.001541},{""age"":""25-34"",""gender"":""unknown"",""percentage"":0.000731},{""age"":""18-24"",""gender"":""unknown"",""percentage"":0.000139},{""age"":""55-64"",""gender"":""unknown"",""percentage"":5.1e-5}","{""region"":""Los R\u00edos Region"",""percentage"":0.038688},{""region"":""Arica y Parinacota Region"",""percentage"":0.022014},{""region"":""Valpara\u00edso Region"",""percentage"":0.091648},{""region"":""Ays\u00e9n Region"",""percentage"":0.009148},{""region"":""Antofagasta Region"",""percentage"":0.06248},{""region"":""Araucan\u00eda Region"",""percentage"":0.097895},{""region"":""Atacama Region"",""percentage"":0.026714},{""region"":""B\u00edo B\u00edo Region"",""percentage"":0.177599},{""region"":""Coquimbo Region"",""percentage"":0.048594},{""region"":""O'Higgins Region"",""percentage"":0.065849},{""region"":""Los Lagos Region"",""percentage"":0.093173},{""region"":""Magallanes y la Ant\u00e1rtica Chilena Region"",""percentage"":0.01567},{""region"":""Maule Region"",""percentage"":0.102603},{""region"":""Santiago Metropolitan Region"",""percentage"":0.113982},{""region"":""Tarapac\u00e1 Region"",""percentage"":0.033943}","facebook,instagram","lower_bound: 1000001",es
1460507147658013,103820310982935,"Sichel Presidente",2021-09-22,2021-09-22,2021-10-13,"Sebastián Sichel Ramirez","Les presento a Eva. Como ella hay miles de emprendedores y miles de mujeres luchadoras. De eso se trata esta campaña, de acompañar mejor a quienes no hemos escuchado. #SePuede","Una emprendedora por naturaleza",,,"lower_bound: 1000000","lower_bound: 5000, upper_bound: 5999",USD,"{""age"":""55-64"",""gender"":""unknown"",""percentage"":6.9e-5},{""age"":""18-24"",""gender"":""unknown"",""percentage"":0.000295},{""age"":""35-44"",""gender"":""male"",""percentage"":0.143438},{""age"":""18-24"",""gender"":""male"",""percentage"":0.039377},{""age"":""18-24"",""gender"":""female"",""percentage"":0.045269},{""age"":""35-44"",""gender"":""female"",""percentage"":0.156319},{""age"":""45-54"",""gender"":""female"",""percentage"":0.153063},{""age"":""25-34"",""gender"":""female"",""percentage"":0.155224},{""age"":""25-34"",""gender"":""male"",""percentage"":0.161886},{""age"":""45-54"",""gender"":""male"",""percentage"":0.118053},{""age"":""25-34"",""gender"":""unknown"",""percentage"":0.000886},{""age"":""55-64"",""gender"":""male"",""percentage"":0.0092},{""age"":""35-44"",""gender"":""unknown"",""percentage"":0.001576},{""age"":""55-64"",""gender"":""female"",""percentage"":0.014109},{""age"":""45-54"",""gender"":""unknown"",""percentage"":0.001236}","{""region"":""Los R\u00edos Region"",""percentage"":0.034624},{""region"":""Arica y Parinacota Region"",""percentage"":0.022921},{""region"":""Valpara\u00edso Region"",""percentage"":0.090803},{""region"":""Ays\u00e9n Region"",""percentage"":0.008781},{""region"":""Antofagasta Region"",""percentage"":0.061774},{""region"":""Araucan\u00eda Region"",""percentage"":0.091255},{""region"":""Atacama Region"",""percentage"":0.025895},{""region"":""B\u00edo B\u00edo Region"",""percentage"":0.181146},{""region"":""Coquimbo Region"",""percentage"":0.046296},{""region"":""O'Higgins Region"",""percentage"":0.065161},{""region"":""Los Lagos Region"",""percentage"":0.090319},{""region"":""Magallanes y la Ant\u00e1rtica Chilena Region"",""percentage"":0.014407},{""region"":""Maule Region"",""percentage"":0.096256},{""region"":""Santiago Metropolitan Region"",""percentage"":0.133985},{""region"":""Tarapac\u00e1 Region"",""percentage"":0.036377}","facebook,instagram","lower_bound: 1000001",es
1182506338924239,103820310982935,"Sichel Presidente",2021-09-22,2021-09-23,2021-09-30,"Sebastián Sichel Ramirez","Mientras hay familias sufriendo por balas asesinas, la discusión sigue en la farándula política.",,,,"lower_bound: 700000, upper_bound: 799999","lower_bound: 1500, upper_bound: 1999",USD,"{""age"":""55-64"",""gender"":""unknown"",""percentage"":6.1e-5},{""age"":""45-54"",""gender"":""unknown"",""percentage"":0.001087},{""age"":""35-44"",""gender"":""unknown"",""percentage"":0.001719},{""age"":""18-24"",""gender"":""female"",""percentage"":0.041422},{""age"":""25-34"",""gender"":""male"",""percentage"":0.170689},{""age"":""45-54"",""gender"":""female"",""percentage"":0.131185},{""age"":""35-44"",""gender"":""male"",""percentage"":0.158932},{""age"":""25-34"",""gender"":""female"",""percentage"":0.160999},{""age"":""45-54"",""gender"":""male"",""percentage"":0.111433},{""age"":""18-24"",""gender"":""male"",""percentage"":0.043866},{""age"":""35-44"",""gender"":""female"",""percentage"":0.162348},{""age"":""25-34"",""gender"":""unknown"",""percentage"":0.00105},{""age"":""55-64"",""gender"":""female"",""percentage"":0.00881},{""age"":""55-64"",""gender"":""male"",""percentage"":0.006063},{""age"":""18-24"",""gender"":""unknown"",""percentage"":0.000335}","{""region"":""Los R\u00edos Region"",""percentage"":0.039175},{""region"":""Arica y Parinacota Region"",""percentage"":0.022636},{""region"":""Valpara\u00edso Region"",""percentage"":0.084488},{""region"":""Ays\u00e9n Region"",""percentage"":0.010306},{""region"":""Antofagasta Region"",""percentage"":0.065045},{""region"":""Araucan\u00eda Region"",""percentage"":0.101081},{""region"":""Atacama Region"",""percentage"":0.02899},{""region"":""B\u00edo B\u00edo Region"",""percentage"":0.193084},{""region"":""Coquimbo Region"",""percentage"":0.047177},{""region"":""O'Higgins Region"",""percentage"":0.066806},{""region"":""Los Lagos Region"",""percentage"":0.101498},{""region"":""Magallanes y la Ant\u00e1rtica Chilena Region"",""percentage"":0.016826},{""region"":""Maule Region"",""percentage"":0.101184},{""region"":""Santiago Metropolitan Region"",""percentage"":0.084615},{""region"":""Tarapac\u00e1 Region"",""percentage"":0.03709}","facebook,instagram","lower_bound: 1000001",es
565727448086086,103820310982935,"Sichel Presidente",2021-09-22,2021-09-22,2021-09-30,"Sebastián Sichel Ramirez","Acompáñennos en esta nueva etapa! #SePuede #SichelPresidente",,,,"lower_bound: 90000, upper_bound: 99999","lower_bound: 200, upper_bound: 299",USD,"{""age"":""45-54"",""gender"":""unknown"",""percentage"":0.001408},{""age"":""35-44"",""gender"":""unknown"",""percentage"":0.002407},{""age"":""55-64"",""gender"":""unknown"",""percentage"":0.000159},{""age"":""18-24"",""gender"":""unknown"",""percentage"":0.000295},{""age"":""25-34"",""gender"":""unknown"",""percentage"":0.001272},{""age"":""35-44"",""gender"":""female"",""percentage"":0.11518},{""age"":""55-64"",""gender"":""male"",""percentage"":0.010548},{""age"":""45-54"",""gender"":""male"",""percentage"":0.15408},{""age"":""25-34"",""gender"":""female"",""percentage"":0.118802},{""age"":""35-44"",""gender"":""male"",""percentage"":0.191266},{""age"":""45-54"",""gender"":""female"",""percentage"":0.104745},{""age"":""25-34"",""gender"":""male"",""percentage"":0.205437},{""age"":""18-24"",""gender"":""female"",""percentage"":0.035199},{""age"":""18-24"",""gender"":""male"",""percentage"":0.049767},{""age"":""55-64"",""gender"":""female"",""percentage"":0.009436}","{""region"":""Los R\u00edos Region"",""percentage"":0.039622},{""region"":""Arica y Parinacota Region"",""percentage"":0.02319},{""region"":""Valpara\u00edso Region"",""percentage"":0.066006},{""region"":""Ays\u00e9n Region"",""percentage"":0.01059},{""region"":""Antofagasta Region"",""percentage"":0.065582},{""region"":""Araucan\u00eda Region"",""percentage"":0.11262},{""region"":""Atacama Region"",""percentage"":0.027323},{""region"":""B\u00edo B\u00edo Region"",""percentage"":0.207011},{""region"":""Coquimbo Region"",""percentage"":0.048692},{""region"":""O'Higgins Region"",""percentage"":0.064241},{""region"":""Los Lagos Region"",""percentage"":0.112565},{""region"":""Magallanes y la Ant\u00e1rtica Chilena Region"",""percentage"":0.018353},{""region"":""Maule Region"",""percentage"":0.108141},{""region"":""Santiago Metropolitan Region"",""percentage"":0.061806},{""region"":""Tarapac\u00e1 Region"",""percentage"":0.03426}","facebook,instagram","lower_bound: 1000001",es
4292979300821387,103820310982935,"Sichel Presidente",2021-09-22,2021-09-23,2021-10-13,"Sebastián Sichel Ramirez","Propuestas para un país que pone a las familias al centro.",,,,"lower_bound: 200000, upper_bound: 249999","lower_bound: 300, upper_bound: 399",USD,"{""age"":""18-24"",""gender"":""unknown"",""percentage"":0.000188},{""age"":""55-64"",""gender"":""male"",""percentage"":0.001998},{""age"":""45-54"",""gender"":""female"",""percentage"":0.116547},{""age"":""25-34"",""gender"":""female"",""percentage"":0.292052},{""age"":""35-44"",""gender"":""female"",""percentage"":0.192748},{""age"":""18-24"",""gender"":""female"",""percentage"":0.09767},{""age"":""25-34"",""gender"":""male"",""percentage"":0.140456},{""age"":""35-44"",""gender"":""male"",""percentage"":0.070697},{""age"":""35-44"",""gender"":""unknown"",""percentage"":0.001041},{""age"":""45-54"",""gender"":""male"",""percentage"":0.037029},{""age"":""25-34"",""gender"":""unknown"",""percentage"":0.000708},{""age"":""55-64"",""gender"":""female"",""percentage"":0.006987},{""age"":""18-24"",""gender"":""male"",""percentage"":0.04123},{""age"":""45-54"",""gender"":""unknown"",""percentage"":0.000611},{""age"":""55-64"",""gender"":""unknown"",""percentage"":3.6e-5}","{""region"":""Los R\u00edos Region"",""percentage"":0.041781},{""region"":""Arica y Parinacota Region"",""percentage"":0.025346},{""region"":""Valpara\u00edso Region"",""percentage"":0.083417},{""region"":""Ays\u00e9n Region"",""percentage"":0.010952},{""region"":""Antofagasta Region"",""percentage"":0.070731},{""region"":""Araucan\u00eda Region"",""percentage"":0.095307},{""region"":""Atacama Region"",""percentage"":0.029896},{""region"":""B\u00edo B\u00edo Region"",""percentage"":0.195363},{""region"":""Coquimbo Region"",""percentage"":0.046432},{""region"":""O'Higgins Region"",""percentage"":0.062234},{""region"":""Los Lagos Region"",""percentage"":0.102836},{""region"":""Magallanes y la Ant\u00e1rtica Chilena Region"",""percentage"":0.021838},{""region"":""Maule Region"",""percentage"":0.097438},{""region"":""Santiago Metropolitan Region"",""percentage"":0.07501},{""region"":""Tarapac\u00e1 Region"",""percentage"":0.041419}","facebook,instagram","lower_bound: 1000001",es
398136195164307,103820310982935,"Sichel Presidente",2021-09-22,2021-09-22,2021-10-14,"Sebastián Sichel Ramirez","La familia Mella Guzmán representa el esfuerzo de miles de familias chilenas. Y nos transmiten lo importante: compartir y agradecer en familia. #SePuede #YoTeEscucho",,,,"lower_bound: 175000, upper_bound: 199999","lower_bound: 500, upper_bound: 599",USD,"{""age"":""55-64"",""gender"":""unknown"",""percentage"":1.2e-5},{""age"":""35-44"",""gender"":""unknown"",""percentage"":0.001615},{""age"":""18-24"",""gender"":""unknown"",""percentage"":9.2e-5},{""age"":""18-24"",""gender"":""male"",""percentage"":0.021808},{""age"":""45-54"",""gender"":""male"",""percentage"":0.057038},{""age"":""25-34"",""gender"":""male"",""percentage"":0.13081},{""age"":""35-44"",""gender"":""male"",""percentage"":0.123769},{""age"":""45-54"",""gender"":""female"",""percentage"":0.152766},{""age"":""25-34"",""gender"":""female"",""percentage"":0.208424},{""age"":""25-34"",""gender"":""unknown"",""percentage"":0.000647},{""age"":""18-24"",""gender"":""female"",""percentage"":0.036414},{""age"":""35-44"",""gender"":""female"",""percentage"":0.258396},{""age"":""55-64"",""gender"":""male"",""percentage"":0.002109},{""age"":""55-64"",""gender"":""female"",""percentage"":0.005358},{""age"":""45-54"",""gender"":""unknown"",""percentage"":0.00074}","{""region"":""Los R\u00edos Region"",""percentage"":0.036036},{""region"":""Arica y Parinacota Region"",""percentage"":0.024392},{""region"":""Valpara\u00edso Region"",""percentage"":0.091544},{""region"":""Ays\u00e9n Region"",""percentage"":0.00888},{""region"":""Antofagasta Region"",""percentage"":0.06566},{""region"":""Araucan\u00eda Region"",""percentage"":0.094236},{""region"":""Atacama Region"",""percentage"":0.025793},{""region"":""B\u00edo B\u00edo Region"",""percentage"":0.178428},{""region"":""Coquimbo Region"",""percentage"":0.04628},{""region"":""O'Higgins Region"",""percentage"":0.066281},{""region"":""Los Lagos Region"",""percentage"":0.090234},{""region"":""Magallanes y la Ant\u00e1rtica Chilena Region"",""percentage"":0.015445},{""region"":""Maule Region"",""percentage"":0.101489},{""region"":""Santiago Metropolitan Region"",""percentage"":0.114833},{""region"":""Tarapac\u00e1 Region"",""percentage"":0.04047}","facebook,instagram","lower_bound: 1000001",es
1625470941171002,103820310982935,"Sichel Presidente",2021-09-22,2021-09-23,2021-10-13,"Sebastián Sichel Ramirez","Resumen de la visita a Los Lagos! Gracias a Los Muermos, Puerto Montt, Puerto Varas, Llanquihue, Puyehue, Puerto Octay, Fresia y Osorno. La regionalización #SePuede",,,,"lower_bound: 200000, upper_bound: 249999","lower_bound: 700, upper_bound: 799",USD,"{""age"":""18-24"",""gender"":""male"",""percentage"":0.040455},{""age"":""55-64"",""gender"":""male"",""percentage"":0.014537},{""age"":""25-34"",""gender"":""unknown"",""percentage"":0.00096},{""age"":""55-64"",""gender"":""unknown"",""percentage"":9.7e-5},{""age"":""55-64"",""gender"":""female"",""percentage"":0.013885},{""age"":""45-54"",""gender"":""female"",""percentage"":0.141027},{""age"":""35-44"",""gender"":""male"",""percentage"":0.190247},{""age"":""45-54"",""gender"":""unknown"",""percentage"":0.001806},{""age"":""35-44"",""gender"":""female"",""percentage"":0.132325},{""age"":""45-54"",""gender"":""male"",""percentage"":0.180533},{""age"":""25-34"",""gender"":""male"",""percentage"":0.146621},{""age"":""35-44"",""gender"":""unknown"",""percentage"":0.002514},{""age"":""25-34"",""gender"":""female"",""percentage"":0.102148},{""age"":""18-24"",""gender"":""female"",""percentage"":0.032594},{""age"":""18-24"",""gender"":""unknown"",""percentage"":0.000251}","{""region"":""Los R\u00edos Region"",""percentage"":0.037245},{""region"":""Arica y Parinacota Region"",""percentage"":0.023955},{""region"":""Valpara\u00edso Region"",""percentage"":0.082902},{""region"":""Ays\u00e9n Region"",""percentage"":0.008176},{""region"":""Antofagasta Region"",""percentage"":0.063765},{""region"":""Araucan\u00eda Region"",""percentage"":0.095732},{""region"":""Atacama Region"",""percentage"":0.027266},{""region"":""B\u00edo B\u00edo Region"",""percentage"":0.187034},{""region"":""Coquimbo Region"",""percentage"":0.047082},{""region"":""O'Higgins Region"",""percentage"":0.063924},{""region"":""Los Lagos Region"",""percentage"":0.08982},{""region"":""Magallanes y la Ant\u00e1rtica Chilena Region"",""percentage"":0.015171},{""region"":""Maule Region"",""percentage"":0.104112},{""region"":""Santiago Metropolitan Region"",""percentage"":0.115875},{""region"":""Tarapac\u00e1 Region"",""percentage"":0.03794}","facebook,instagram","lower_bound: 1000001",es
2863785930599233,103820310982935,"Sichel Presidente",2021-09-22,2021-09-23,2021-09-30,"Sebastián Sichel Ramirez","La discapacidad no puede tener políticas públicas olvidadas, se necesita una mayor y real integración. En esta campaña decimos #SePuede!",,,,"lower_bound: 90000, upper_bound: 99999","lower_bound: 200, upper_bound: 299",USD,"{""age"":""18-24"",""gender"":""unknown"",""percentage"":0.000653},{""age"":""45-54"",""gender"":""unknown"",""percentage"":0.00218},{""age"":""55-64"",""gender"":""unknown"",""percentage"":0.000209},{""age"":""18-24"",""gender"":""female"",""percentage"":0.035811},{""age"":""45-54"",""gender"":""female"",""percentage"":0.084874},{""age"":""45-54"",""gender"":""male"",""percentage"":0.151078},{""age"":""55-64"",""gender"":""male"",""percentage"":0.011613},{""age"":""25-34"",""gender"":""female"",""percentage"":0.099947},{""age"":""25-34"",""gender"":""male"",""percentage"":0.244732},{""age"":""35-44"",""gender"":""female"",""percentage"":0.093568},{""age"":""35-44"",""gender"":""male"",""percentage"":0.18785},{""age"":""18-24"",""gender"":""male"",""percentage"":0.074603},{""age"":""35-44"",""gender"":""unknown"",""percentage"":0.003424},{""age"":""55-64"",""gender"":""female"",""percentage"":0.007771},{""age"":""25-34"",""gender"":""unknown"",""percentage"":0.001687}","{""region"":""Los R\u00edos Region"",""percentage"":0.042764},{""region"":""Arica y Parinacota Region"",""percentage"":0.020141},{""region"":""Valpara\u00edso Region"",""percentage"":0.077774},{""region"":""Ays\u00e9n Region"",""percentage"":0.010433},{""region"":""Antofagasta Region"",""percentage"":0.070954},{""region"":""Araucan\u00eda Region"",""percentage"":0.106086},{""region"":""Atacama Region"",""percentage"":0.029148},{""region"":""B\u00edo B\u00edo Region"",""percentage"":0.211632},{""region"":""Coquimbo Region"",""percentage"":0.048417},{""region"":""O'Higgins Region"",""percentage"":0.060939},{""region"":""Los Lagos Region"",""percentage"":0.110535},{""region"":""Magallanes y la Ant\u00e1rtica Chilena Region"",""percentage"":0.019711},{""region"":""Maule Region"",""percentage"":0.101183},{""region"":""Santiago Metropolitan Region"",""percentage"":0.055925},{""region"":""Tarapac\u00e1 Region"",""percentage"":0.034359}","facebook,instagram","lower_bound: 1000001",es
4271328752974414,103820310982935,"Sichel Presidente",2021-09-22,2021-09-22,2021-10-01,"Sebastián Sichel Ramirez","Juntos nos va mejor! No dejemos que lo importante se nos pase de largo. Estoy convencido que #SePuede un Chile mejor, claro que #SePuede.",,,,"lower_bound: 30000, upper_bound: 34999","lower_bound: 0, upper_bound: 99",USD,"{""age"":""55-64"",""gender"":""unknown"",""percentage"":3.3e-5},{""age"":""18-24"",""gender"":""unknown"",""percentage"":0.000131},{""age"":""45-54"",""gender"":""unknown"",""percentage"":0.000621},{""age"":""35-44"",""gender"":""unknown"",""percentage"":0.001079},{""age"":""55-64"",""gender"":""male"",""percentage"":0.006341},{""age"":""55-64"",""gender"":""female"",""percentage"":0.012322},{""age"":""18-24"",""gender"":""male"",""percentage"":0.041607},{""age"":""45-54"",""gender"":""female"",""percentage"":0.161524},{""age"":""25-34"",""gender"":""male"",""percentage"":0.142012},{""age"":""45-54"",""gender"":""male"",""percentage"":0.095307},{""age"":""25-34"",""gender"":""female"",""percentage"":0.189012},{""age"":""18-24"",""gender"":""female"",""percentage"":0.055792},{""age"":""35-44"",""gender"":""male"",""percentage"":0.124265},{""age"":""35-44"",""gender"":""female"",""percentage"":0.169369},{""age"":""25-34"",""gender"":""unknown"",""percentage"":0.000588}","{""region"":""Los R\u00edos Region"",""percentage"":0.044842},{""region"":""Arica y Parinacota Region"",""percentage"":0.020514},{""region"":""Valpara\u00edso Region"",""percentage"":0.059767},{""region"":""Ays\u00e9n Region"",""percentage"":0.012493},{""region"":""Antofagasta Region"",""percentage"":0.06289},{""region"":""Araucan\u00eda Region"",""percentage"":0.117726},{""region"":""Atacama Region"",""percentage"":0.028174},{""region"":""B\u00edo B\u00edo Region"",""percentage"":0.218292},{""region"":""Coquimbo Region"",""percentage"":0.044842},{""region"":""O'Higgins Region"",""percentage"":0.059438},{""region"":""Los Lagos Region"",""percentage"":0.132027},{""region"":""Magallanes y la Ant\u00e1rtica Chilena Region"",""percentage"":0.019594},{""region"":""Maule Region"",""percentage"":0.109343},{""region"":""Santiago Metropolitan Region"",""percentage"":0.037248},{""region"":""Tarapac\u00e1 Region"",""percentage"":0.03281}","facebook,instagram","lower_bound: 1000001",es
157946896495568,103820310982935,"Sichel Presidente",2021-09-22,2021-09-22,2021-09-30,"Sebastián Sichel Ramirez","No existen balas locas, existen balas asesinas y como Estado hay que hacerse cargo.",,,,"lower_bound: 35000, upper_bound: 39999","lower_bound: 0, upper_bound: 99",USD,"{""age"":""18-24"",""gender"":""unknown"",""percentage"":0.000223},{""age"":""25-34"",""gender"":""male"",""percentage"":0.114803},{""age"":""55-64"",""gender"":""male"",""percentage"":0.004901},{""age"":""45-54"",""gender"":""female"",""percentage"":0.155988},{""age"":""25-34"",""gender"":""female"",""percentage"":0.148382},{""age"":""35-44"",""gender"":""male"",""percentage"":0.138929},{""age"":""18-24"",""gender"":""female"",""percentage"":0.072727},{""age"":""45-54"",""gender"":""male"",""percentage"":0.08689},{""age"":""35-44"",""gender"":""female"",""percentage"":0.217862},{""age"":""18-24"",""gender"":""male"",""percentage"":0.046532},{""age"":""55-64"",""gender"":""female"",""percentage"":0.010026},{""age"":""45-54"",""gender"":""unknown"",""percentage"":0.000732},{""age"":""25-34"",""gender"":""unknown"",""percentage"":0.000509},{""age"":""35-44"",""gender"":""unknown"",""percentage"":0.001496}","{""region"":""Los R\u00edos Region"",""percentage"":0.042697},{""region"":""Arica y Parinacota Region"",""percentage"":0.019288},{""region"":""Valpara\u00edso Region"",""percentage"":0.066686},{""region"":""Ays\u00e9n Region"",""percentage"":0.010755},{""region"":""Antofagasta Region"",""percentage"":0.069648},{""region"":""Araucan\u00eda Region"",""percentage"":0.114889},{""region"":""Atacama Region"",""percentage"":0.029109},{""region"":""B\u00edo B\u00edo Region"",""percentage"":0.20785},{""region"":""Coquimbo Region"",""percentage"":0.049362},{""region"":""O'Higgins Region"",""percentage"":0.05738},{""region"":""Los Lagos Region"",""percentage"":0.127834},{""region"":""Magallanes y la Ant\u00e1rtica Chilena Region"",""percentage"":0.019417},{""region"":""Maule Region"",""percentage"":0.108675},{""region"":""Santiago Metropolitan Region"",""percentage"":0.043792},{""region"":""Tarapac\u00e1 Region"",""percentage"":0.032618}","facebook,instagram","lower_bound: 1000001",es
282146617085140,103820310982935,"Sichel Presidente",2021-09-22,2021-09-22,2021-09-30,"Sebastián Sichel Ramirez","Un Estado que entienda el emprender como un derecho, #SePuede",,,,"lower_bound: 90000, upper_bound: 99999","lower_bound: 200, upper_bound: 299",USD,"{""age"":""55-64"",""gender"":""unknown"",""percentage"":9.4e-5},{""age"":""25-34"",""gender"":""unknown"",""percentage"":0.001449},{""age"":""45-54"",""gender"":""unknown"",""percentage"":0.001248},{""age"":""18-24"",""gender"":""unknown"",""percentage"":0.000416},{""age"":""55-64"",""gender"":""female"",""percentage"":0.008828},{""age"":""55-64"",""gender"":""male"",""percentage"":0.005769},{""age"":""35-44"",""gender"":""unknown"",""percentage"":0.002536},{""age"":""25-34"",""gender"":""female"",""percentage"":0.135775},{""age"":""18-24"",""gender"":""female"",""percentage"":0.045978},{""age"":""35-44"",""gender"":""male"",""percentage"":0.175367},{""age"":""18-24"",""gender"":""male"",""percentage"":0.058429},{""age"":""25-34"",""gender"":""male"",""percentage"":0.181364},{""age"":""35-44"",""gender"":""female"",""percentage"":0.155041},{""age"":""45-54"",""gender"":""male"",""percentage"":0.107735},{""age"":""45-54"",""gender"":""female"",""percentage"":0.11997}","{""region"":""Los R\u00edos Region"",""percentage"":0.040945},{""region"":""Arica y Parinacota Region"",""percentage"":0.022901},{""region"":""Valpara\u00edso Region"",""percentage"":0.080039},{""region"":""Ays\u00e9n Region"",""percentage"":0.010491},{""region"":""Antofagasta Region"",""percentage"":0.072727},{""region"":""Araucan\u00eda Region"",""percentage"":0.099907},{""region"":""Atacama Region"",""percentage"":0.029957},{""region"":""B\u00edo B\u00edo Region"",""percentage"":0.186412},{""region"":""Coquimbo Region"",""percentage"":0.050913},{""region"":""O'Higgins Region"",""percentage"":0.068112},{""region"":""Los Lagos Region"",""percentage"":0.102913},{""region"":""Magallanes y la Ant\u00e1rtica Chilena Region"",""percentage"":0.019507},{""region"":""Maule Region"",""percentage"":0.115537},{""region"":""Santiago Metropolitan Region"",""percentage"":0.057742},{""region"":""Tarapac\u00e1 Region"",""percentage"":0.041898}","facebook,instagram","lower_bound: 1000001",es
980448499192005,103820310982935,"Sichel Presidente",2021-09-22,2021-09-22,2021-10-01,"Sebastián Sichel Ramirez","Les presento a Eva. Como ella hay miles de emprendedores y miles de mujeres luchadoras. De eso se trata esta campaña, de acompañar mejor a quienes no hemos escuchado. #SePuede","Una emprendedora por naturaleza",,,"lower_bound: 400000, upper_bound: 449999","lower_bound: 900, upper_bound: 999",USD,"{""age"":""55-64"",""gender"":""unknown"",""percentage"":4.7e-5},{""age"":""18-24"",""gender"":""unknown"",""percentage"":0.000246},{""age"":""45-54"",""gender"":""unknown"",""percentage"":0.001078},{""age"":""25-34"",""gender"":""unknown"",""percentage"":0.000792},{""age"":""25-34"",""gender"":""male"",""percentage"":0.152985},{""age"":""45-54"",""gender"":""male"",""percentage"":0.106409},{""age"":""35-44"",""gender"":""female"",""percentage"":0.172695},{""age"":""45-54"",""gender"":""female"",""percentage"":0.150137},{""age"":""35-44"",""gender"":""male"",""percentage"":0.160327},{""age"":""25-34"",""gender"":""female"",""percentage"":0.155984},{""age"":""18-24"",""gender"":""male"",""percentage"":0.036168},{""age"":""55-64"",""gender"":""female"",""percentage"":0.01133},{""age"":""18-24"",""gender"":""female"",""percentage"":0.043449},{""age"":""55-64"",""gender"":""male"",""percentage"":0.006727},{""age"":""35-44"",""gender"":""unknown"",""percentage"":0.001625}","{""region"":""Los R\u00edos Region"",""percentage"":0.045408},{""region"":""Arica y Parinacota Region"",""percentage"":0.020527},{""region"":""Valpara\u00edso Region"",""percentage"":0.056427},{""region"":""Ays\u00e9n Region"",""percentage"":0.011684},{""region"":""Antofagasta Region"",""percentage"":0.076289},{""region"":""Araucan\u00eda Region"",""percentage"":0.116051},{""region"":""Atacama Region"",""percentage"":0.032527},{""region"":""B\u00edo B\u00edo Region"",""percentage"":0.215425},{""region"":""Coquimbo Region"",""percentage"":0.047778},{""region"":""O'Higgins Region"",""percentage"":0.052889},{""region"":""Los Lagos Region"",""percentage"":0.14073},{""region"":""Magallanes y la Ant\u00e1rtica Chilena Region"",""percentage"":0.018209},{""region"":""Maule Region"",""percentage"":0.101516},{""region"":""Santiago Metropolitan Region"",""percentage"":0.028684},{""region"":""Tarapac\u00e1 Region"",""percentage"":0.035856}","facebook,instagram","lower_bound: 500001, upper_bound: 1000000",es
144413591162564,103820310982935,"Sichel Presidente",2021-09-22,2021-09-23,2021-09-30,"Sebastián Sichel Ramirez","La discapacidad no puede tener políticas públicas olvidadas, se necesita una mayor y real integración. En esta campaña decimos #SePuede!",,,,"lower_bound: 80000, upper_bound: 89999","lower_bound: 200, upper_bound: 299",USD,"{""age"":""25-34"",""gender"":""unknown"",""percentage"":0.001672},{""age"":""35-44"",""gender"":""unknown"",""percentage"":0.002985},{""age"":""55-64"",""gender"":""male"",""percentage"":0.008172},{""age"":""45-54"",""gender"":""unknown"",""percentage"":0.001844},{""age"":""35-44"",""gender"":""female"",""percentage"":0.130796},{""age"":""35-44"",""gender"":""male"",""percentage"":0.216127},{""age"":""18-24"",""gender"":""male"",""percentage"":0.042838},{""age"":""25-34"",""gender"":""male"",""percentage"":0.195789},{""age"":""18-24"",""gender"":""female"",""percentage"":0.030739},{""age"":""45-54"",""gender"":""male"",""percentage"":0.139618},{""age"":""25-34"",""gender"":""female"",""percentage"":0.122119},{""age"":""45-54"",""gender"":""female"",""percentage"":0.099672},{""age"":""55-64"",""gender"":""female"",""percentage"":0.007217},{""age"":""18-24"",""gender"":""unknown"",""percentage"":0.000345},{""age"":""55-64"",""gender"":""unknown"",""percentage"":6.6e-5}","{""region"":""Los R\u00edos Region"",""percentage"":0.044836},{""region"":""Arica y Parinacota Region"",""percentage"":0.020101},{""region"":""Valpara\u00edso Region"",""percentage"":0.064288},{""region"":""Ays\u00e9n Region"",""percentage"":0.012262},{""region"":""Antofagasta Region"",""percentage"":0.071201},{""region"":""Araucan\u00eda Region"",""percentage"":0.118023},{""region"":""Atacama Region"",""percentage"":0.031648},{""region"":""B\u00edo B\u00edo Region"",""percentage"":0.219362},{""region"":""Coquimbo Region"",""percentage"":0.048345},{""region"":""O'Higgins Region"",""percentage"":0.053165},{""region"":""Los Lagos Region"",""percentage"":0.132073},{""region"":""Magallanes y la Ant\u00e1rtica Chilena Region"",""percentage"":0.018221},{""region"":""Maule Region"",""percentage"":0.102027},{""region"":""Santiago Metropolitan Region"",""percentage"":0.030602},{""region"":""Tarapac\u00e1 Region"",""percentage"":0.033846}","facebook,instagram","lower_bound: 500001, upper_bound: 1000000",es
892974704934842,103820310982935,"Sichel Presidente",2021-09-22,2021-09-22,2021-10-01,"Sebastián Sichel Ramirez","En nuestro paso por Llanquihue conocimos a este grupo de emprendedoras, “Aprendo a vivir”, que hace 11 años trabajan juntas en el rubro textil local. #SePuede",,,,"lower_bound: 35000, upper_bound: 39999","lower_bound: 100, upper_bound: 199",USD,"{""age"":""55-64"",""gender"":""male"",""percentage"":0.007035},{""age"":""45-54"",""gender"":""female"",""percentage"":0.123025},{""age"":""35-44"",""gender"":""male"",""percentage"":0.251923},{""age"":""18-24"",""gender"":""female"",""percentage"":0.025845},{""age"":""18-24"",""gender"":""male"",""percentage"":0.038216},{""age"":""45-54"",""gender"":""male"",""percentage"":0.151613},{""age"":""25-34"",""gender"":""male"",""percentage"":0.143475},{""age"":""35-44"",""gender"":""female"",""percentage"":0.16458},{""age"":""25-34"",""gender"":""female"",""percentage"":0.078758},{""age"":""45-54"",""gender"":""unknown"",""percentage"":0.001699},{""age"":""55-64"",""gender"":""female"",""percentage"":0.008585},{""age"":""25-34"",""gender"":""unknown"",""percentage"":0.001371},{""age"":""35-44"",""gender"":""unknown"",""percentage"":0.003279},{""age"":""18-24"",""gender"":""unknown"",""percentage"":0.000537},{""age"":""55-64"",""gender"":""unknown"",""percentage"":6.0e-5}","{""region"":""Los R\u00edos Region"",""percentage"":0.038094},{""region"":""Arica y Parinacota Region"",""percentage"":0.025257},{""region"":""Valpara\u00edso Region"",""percentage"":0.076069},{""region"":""Ays\u00e9n Region"",""percentage"":0.009456},{""region"":""Antofagasta Region"",""percentage"":0.077984},{""region"":""Araucan\u00eda Region"",""percentage"":0.105246},{""region"":""Atacama Region"",""percentage"":0.033127},{""region"":""B\u00edo B\u00edo Region"",""percentage"":0.213155},{""region"":""Coquimbo Region"",""percentage"":0.052189},{""region"":""O'Higgins Region"",""percentage"":0.065386},{""region"":""Los Lagos Region"",""percentage"":0.100937},{""region"":""Magallanes y la Ant\u00e1rtica Chilena Region"",""percentage"":0.014753},{""region"":""Maule Region"",""percentage"":0.101984},{""region"":""Santiago Metropolitan Region"",""percentage"":0.042374},{""region"":""Tarapac\u00e1 Region"",""percentage"":0.04399}","facebook,instagram","lower_bound: 500001, upper_bound: 1000000",es
4526999720676901,103820310982935,"Sichel Presidente",2021-09-22,2021-09-23,2021-10-13,"Sebastián Sichel Ramirez","Propuestas para un país que pone a las familias al centro.",,,,"lower_bound: 200000, upper_bound: 249999","lower_bound: 400, upper_bound: 499",USD,"{""age"":""45-54"",""gender"":""unknown"",""percentage"":0.000616},{""age"":""55-64"",""gender"":""unknown"",""percentage"":2.2e-5},{""age"":""18-24"",""gender"":""male"",""percentage"":0.028211},{""age"":""25-34"",""gender"":""female"",""percentage"":0.284858},{""age"":""25-34"",""gender"":""male"",""percentage"":0.146584},{""age"":""45-54"",""gender"":""female"",""percentage"":0.118424},{""age"":""35-44"",""gender"":""female"",""percentage"":0.211222},{""age"":""35-44"",""gender"":""male"",""percentage"":0.090314},{""age"":""55-64"",""gender"":""female"",""percentage"":0.006803},{""age"":""18-24"",""gender"":""female"",""percentage"":0.068123},{""age"":""45-54"",""gender"":""male"",""percentage"":0.040672},{""age"":""35-44"",""gender"":""unknown"",""percentage"":0.001282},{""age"":""55-64"",""gender"":""male"",""percentage"":0.001862},{""age"":""18-24"",""gender"":""unknown"",""percentage"":0.000145},{""age"":""25-34"",""gender"":""unknown"",""percentage"":0.000862}","{""region"":""Los R\u00edos Region"",""percentage"":0.042304},{""region"":""Arica y Parinacota Region"",""percentage"":0.025767},{""region"":""Valpara\u00edso Region"",""percentage"":0.076267},{""region"":""Ays\u00e9n Region"",""percentage"":0.009684},{""region"":""Antofagasta Region"",""percentage"":0.082997},{""region"":""Araucan\u00eda Region"",""percentage"":0.104033},{""region"":""Atacama Region"",""percentage"":0.033029},{""region"":""B\u00edo B\u00edo Region"",""percentage"":0.193112},{""region"":""Coquimbo Region"",""percentage"":0.044554},{""region"":""O'Higgins Region"",""percentage"":0.063549},{""region"":""Los Lagos Region"",""percentage"":0.117183},{""region"":""Magallanes y la Ant\u00e1rtica Chilena Region"",""percentage"":0.019958},{""region"":""Maule Region"",""percentage"":0.09652},{""region"":""Santiago Metropolitan Region"",""percentage"":0.04418},{""region"":""Tarapac\u00e1 Region"",""percentage"":0.046862}","facebook,instagram","lower_bound: 500001, upper_bound: 1000000",es
150284840631749,103820310982935,"Sichel Presidente",2021-09-22,2021-09-23,2021-09-30,"Sebastián Sichel Ramirez","Mientras hay familias sufriendo por balas asesinas, la discusión sigue en la farándula política.",,,,"lower_bound: 350000, upper_bound: 399999","lower_bound: 1000, upper_bound: 1499",USD,"{""age"":""55-64"",""gender"":""unknown"",""percentage"":6.4e-5},{""age"":""45-54"",""gender"":""unknown"",""percentage"":0.000981},{""age"":""55-64"",""gender"":""female"",""percentage"":0.008503},{""age"":""25-34"",""gender"":""unknown"",""percentage"":0.000823},{""age"":""35-44"",""gender"":""unknown"",""percentage"":0.001759},{""age"":""25-34"",""gender"":""female"",""percentage"":0.146325},{""age"":""18-24"",""gender"":""male"",""percentage"":0.032083},{""age"":""45-54"",""gender"":""female"",""percentage"":0.136531},{""age"":""35-44"",""gender"":""male"",""percentage"":0.182378},{""age"":""25-34"",""gender"":""male"",""percentage"":0.156994},{""age"":""35-44"",""gender"":""female"",""percentage"":0.184336},{""age"":""45-54"",""gender"":""male"",""percentage"":0.108011},{""age"":""55-64"",""gender"":""male"",""percentage"":0.00545},{""age"":""18-24"",""gender"":""female"",""percentage"":0.035513},{""age"":""18-24"",""gender"":""unknown"",""percentage"":0.000249}","{""region"":""Los R\u00edos Region"",""percentage"":0.041754},{""region"":""Arica y Parinacota Region"",""percentage"":0.023656},{""region"":""Valpara\u00edso Region"",""percentage"":0.068324},{""region"":""Ays\u00e9n Region"",""percentage"":0.010961},{""region"":""Antofagasta Region"",""percentage"":0.071337},{""region"":""Araucan\u00eda Region"",""percentage"":0.111225},{""region"":""Atacama Region"",""percentage"":0.031393},{""region"":""B\u00edo B\u00edo Region"",""percentage"":0.202737},{""region"":""Coquimbo Region"",""percentage"":0.048088},{""region"":""O'Higgins Region"",""percentage"":0.062631},{""region"":""Los Lagos Region"",""percentage"":0.12237},{""region"":""Magallanes y la Ant\u00e1rtica Chilena Region"",""percentage"":0.018396},{""region"":""Maule Region"",""percentage"":0.109109},{""region"":""Santiago Metropolitan Region"",""percentage"":0.03807},{""region"":""Tarapac\u00e1 Region"",""percentage"":0.039948}","facebook,instagram","lower_bound: 500001, upper_bound: 1000000",es
347550680494469,103820310982935,"Sichel Presidente",2021-09-22,2021-09-22,2021-10-13,"Sebastián Sichel Ramirez","Un Estado que entienda el emprender como un derecho, #SePuede",,,,"lower_bound: 500000, upper_bound: 599999","lower_bound: 1500, upper_bound: 1999",USD,"{""age"":""55-64"",""gender"":""male"",""percentage"":0.004881},{""age"":""35-44"",""gender"":""male"",""percentage"":0.226849},{""age"":""45-54"",""gender"":""female"",""percentage"":0.121159},{""age"":""55-64"",""gender"":""female"",""percentage"":0.006432},{""age"":""35-44"",""gender"":""female"",""percentage"":0.176704},{""age"":""45-54"",""gender"":""male"",""percentage"":0.122512},{""age"":""25-34"",""gender"":""female"",""percentage"":0.121746},{""age"":""18-24"",""gender"":""female"",""percentage"":0.028471},{""age"":""35-44"",""gender"":""unknown"",""percentage"":0.002592},{""age"":""25-34"",""gender"":""male"",""percentage"":0.159967},{""age"":""18-24"",""gender"":""male"",""percentage"":0.026145},{""age"":""45-54"",""gender"":""unknown"",""percentage"":0.001255},{""age"":""25-34"",""gender"":""unknown"",""percentage"":0.001041},{""age"":""55-64"",""gender"":""unknown"",""percentage"":4.9e-5},{""age"":""18-24"",""gender"":""unknown"",""percentage"":0.000198}","{""region"":""Los R\u00edos Region"",""percentage"":0.037201},{""region"":""Arica y Parinacota Region"",""percentage"":0.02662},{""region"":""Valpara\u00edso Region"",""percentage"":0.081593},{""region"":""Ays\u00e9n Region"",""percentage"":0.009495},{""region"":""Antofagasta Region"",""percentage"":0.075584},{""region"":""Araucan\u00eda Region"",""percentage"":0.101932},{""region"":""Atacama Region"",""percentage"":0.028399},{""region"":""B\u00edo B\u00edo Region"",""percentage"":0.187819},{""region"":""Coquimbo Region"",""percentage"":0.048807},{""region"":""O'Higgins Region"",""percentage"":0.066087},{""region"":""Los Lagos Region"",""percentage"":0.100159},{""region"":""Magallanes y la Ant\u00e1rtica Chilena Region"",""percentage"":0.017174},{""region"":""Maule Region"",""percentage"":0.108779},{""region"":""Santiago Metropolitan Region"",""percentage"":0.066777},{""region"":""Tarapac\u00e1 Region"",""percentage"":0.043576}","facebook,instagram","lower_bound: 500001, upper_bound: 1000000",es
4610977365591651,103820310982935,"Sichel Presidente",2021-09-22,2021-09-23,2021-10-13,"Sebastián Sichel Ramirez","Los vecinos de la zona cero en Plaza Italia, piden no más violencia y si más justicia. Los escuchamos y ya estamos trabajando en un plan de recuperación. #SePuede",,,,"lower_bound: 200000, upper_bound: 249999","lower_bound: 700, upper_bound: 799",USD,"{""age"":""55-64"",""gender"":""unknown"",""percentage"":8.4e-5},{""age"":""45-54"",""gender"":""unknown"",""percentage"":0.001553},{""age"":""55-64"",""gender"":""female"",""percentage"":0.005836},{""age"":""35-44"",""gender"":""unknown"",""percentage"":0.002573},{""age"":""55-64"",""gender"":""male"",""percentage"":0.006251},{""age"":""18-24"",""gender"":""unknown"",""percentage"":0.000415},{""age"":""18-24"",""gender"":""female"",""percentage"":0.025945},{""age"":""45-54"",""gender"":""male"",""percentage"":0.119467},{""age"":""18-24"",""gender"":""male"",""percentage"":0.034427},{""age"":""35-44"",""gender"":""female"",""percentage"":0.137939},{""age"":""35-44"",""gender"":""male"",""percentage"":0.190031},{""age"":""25-34"",""gender"":""female"",""percentage"":0.138757},{""age"":""25-34"",""gender"":""male"",""percentage"":0.234897},{""age"":""45-54"",""gender"":""female"",""percentage"":0.100086},{""age"":""25-34"",""gender"":""unknown"",""percentage"":0.001738}","{""region"":""Los R\u00edos Region"",""percentage"":0.039002},{""region"":""Arica y Parinacota Region"",""percentage"":0.027486},{""region"":""Valpara\u00edso Region"",""percentage"":0.082933},{""region"":""Ays\u00e9n Region"",""percentage"":0.009602},{""region"":""Antofagasta Region"",""percentage"":0.077936},{""region"":""Araucan\u00eda Region"",""percentage"":0.103374},{""region"":""Atacama Region"",""percentage"":0.029847},{""region"":""B\u00edo B\u00edo Region"",""percentage"":0.180494},{""region"":""Coquimbo Region"",""percentage"":0.048962},{""region"":""O'Higgins Region"",""percentage"":0.064445},{""region"":""Los Lagos Region"",""percentage"":0.100783},{""region"":""Magallanes y la Ant\u00e1rtica Chilena Region"",""percentage"":0.016602},{""region"":""Maule Region"",""percentage"":0.105377},{""region"":""Santiago Metropolitan Region"",""percentage"":0.067444},{""region"":""Tarapac\u00e1 Region"",""percentage"":0.045711}","facebook,instagram","lower_bound: 500001, upper_bound: 1000000",es
569262377669507,103820310982935,"Sichel Presidente",2021-09-22,2021-09-22,2021-09-30,"Sebastián Sichel Ramirez","Acompáñennos en esta nueva etapa! #SePuede #SichelPresidente",,,,"lower_bound: 25000, upper_bound: 29999","lower_bound: 0, upper_bound: 99",USD,"{""age"":""55-64"",""gender"":""unknown"",""percentage"":4.1e-5},{""age"":""25-34"",""gender"":""unknown"",""percentage"":0.001101},{""age"":""45-54"",""gender"":""male"",""percentage"":0.102161},{""age"":""35-44"",""gender"":""male"",""percentage"":0.172442},{""age"":""18-24"",""gender"":""male"",""percentage"":0.059111},{""age"":""55-64"",""gender"":""male"",""percentage"":0.006033},{""age"":""25-34"",""gender"":""female"",""percentage"":0.15157},{""age"":""35-44"",""gender"":""female"",""percentage"":0.154912},{""age"":""25-34"",""gender"":""male"",""percentage"":0.177864},{""age"":""45-54"",""gender"":""female"",""percentage"":0.103139},{""age"":""18-24"",""gender"":""female"",""percentage"":0.0596},{""age"":""55-64"",""gender"":""female"",""percentage"":0.008194},{""age"":""45-54"",""gender"":""unknown"",""percentage"":0.00106},{""age"":""18-24"",""gender"":""unknown"",""percentage"":0.000489},{""age"":""35-44"",""gender"":""unknown"",""percentage"":0.002283}","{""region"":""Atacama Region"",""percentage"":0.033788},{""region"":""Los R\u00edos Region"",""percentage"":0.043309},{""region"":""Arica y Parinacota Region"",""percentage"":0.022161},{""region"":""Valpara\u00edso Region"",""percentage"":0.046388},{""region"":""Ays\u00e9n Region"",""percentage"":0.010817},{""region"":""Antofagasta Region"",""percentage"":0.085524},{""region"":""Araucan\u00eda Region"",""percentage"":0.121258},{""region"":""B\u00edo B\u00edo Region"",""percentage"":0.221894},{""region"":""Coquimbo Region"",""percentage"":0.048009},{""region"":""O'Higgins Region"",""percentage"":0.048981},{""region"":""Los Lagos Region"",""percentage"":0.144877},{""region"":""Magallanes y la Ant\u00e1rtica Chilena Region"",""percentage"":0.021796},{""region"":""Maule Region"",""percentage"":0.09306},{""region"":""Santiago Metropolitan Region"",""percentage"":0.02212},{""region"":""Tarapac\u00e1 Region"",""percentage"":0.036017}","facebook,instagram","lower_bound: 500001, upper_bound: 1000000",es
1396225130772211,103820310982935,"Sichel Presidente",2021-09-22,2021-09-22,2021-10-14,"Sebastián Sichel Ramirez","La familia Mella Guzmán representa el esfuerzo de miles de familias chilenas. Y nos transmiten lo importante: compartir y agradecer en familia. #SePuede #YoTeEscucho",,,,"lower_bound: 125000, upper_bound: 149999","lower_bound: 300, upper_bound: 399",USD,"{""age"":""18-24"",""gender"":""unknown"",""percentage"":7.1e-5},{""age"":""55-64"",""gender"":""unknown"",""percentage"":2.0e-5},{""age"":""45-54"",""gender"":""male"",""percentage"":0.051248},{""age"":""45-54"",""gender"":""female"",""percentage"":0.193569},{""age"":""35-44"",""gender"":""female"",""percentage"":0.288069},{""age"":""25-34"",""gender"":""female"",""percentage"":0.226805},{""age"":""18-24"",""gender"":""female"",""percentage"":0.032275},{""age"":""25-34"",""gender"":""male"",""percentage"":0.094874},{""age"":""18-24"",""gender"":""male"",""percentage"":0.015839},{""age"":""35-44"",""gender"":""male"",""percentage"":0.082846},{""age"":""55-64"",""gender"":""female"",""percentage"":0.009956},{""age"":""45-54"",""gender"":""unknown"",""percentage"":0.000475},{""age"":""25-34"",""gender"":""unknown"",""percentage"":0.000536},{""age"":""35-44"",""gender"":""unknown"",""percentage"":0.0009},{""age"":""55-64"",""gender"":""male"",""percentage"":0.002517}","{""region"":""Los R\u00edos Region"",""percentage"":0.041372},{""region"":""Arica y Parinacota Region"",""percentage"":0.024164},{""region"":""Ays\u00e9n Region"",""percentage"":0.009921},{""region"":""Antofagasta Region"",""percentage"":0.067355},{""region"":""Araucan\u00eda Region"",""percentage"":0.108616},{""region"":""Atacama Region"",""percentage"":0.028657},{""region"":""B\u00edo B\u00edo Region"",""percentage"":0.19734},{""region"":""Coquimbo Region"",""percentage"":0.049282},{""region"":""O'Higgins Region"",""percentage"":0.068199},{""region"":""Los Lagos Region"",""percentage"":0.104013},{""region"":""Magallanes y la Ant\u00e1rtica Chilena Region"",""percentage"":0.016424},{""region"":""Maule Region"",""percentage"":0.110888},{""region"":""Santiago Metropolitan Region"",""percentage"":0.053132},{""region"":""Tarapac\u00e1 Region"",""percentage"":0.040457},{""region"":""Valpara\u00edso Region"",""percentage"":0.080181}","facebook,instagram","lower_bound: 500001, upper_bound: 1000000",es
4314969738539060,103820310982935,"Sichel Presidente",2021-09-22,2021-09-22,2021-10-13,"Sebastián Sichel Ramirez","Nuestro programa de gobierno necesita gente con experiencia, gente diversa y que represente a los chilenos. #SePuede","Un gabinete diverso",,,"lower_bound: 125000, upper_bound: 149999","lower_bound: 300, upper_bound: 399",USD,"{""age"":""55-64"",""gender"":""unknown"",""percentage"":7.1e-5},{""age"":""25-34"",""gender"":""unknown"",""percentage"":0.000551},{""age"":""45-54"",""gender"":""unknown"",""percentage"":0.000773},{""age"":""18-24"",""gender"":""female"",""percentage"":0.026235},{""age"":""18-24"",""gender"":""male"",""percentage"":0.020003},{""age"":""35-44"",""gender"":""male"",""percentage"":0.113475},{""age"":""25-34"",""gender"":""male"",""percentage"":0.124463},{""age"":""45-54"",""gender"":""male"",""percentage"":0.10022},{""age"":""35-44"",""gender"":""female"",""percentage"":0.180667},{""age"":""45-54"",""gender"":""female"",""percentage"":0.221562},{""age"":""25-34"",""gender"":""female"",""percentage"":0.179432},{""age"":""55-64"",""gender"":""female"",""percentage"":0.02283},{""age"":""55-64"",""gender"":""male"",""percentage"":0.008517},{""age"":""18-24"",""gender"":""unknown"",""percentage"":0.00016},{""age"":""35-44"",""gender"":""unknown"",""percentage"":0.00104}","{""region"":""Los R\u00edos Region"",""percentage"":0.042254},{""region"":""Arica y Parinacota Region"",""percentage"":0.022684},{""region"":""Valpara\u00edso Region"",""percentage"":0.073864},{""region"":""Ays\u00e9n Region"",""percentage"":0.009554},{""region"":""Antofagasta Region"",""percentage"":0.070069},{""region"":""Araucan\u00eda Region"",""percentage"":0.109217},{""region"":""Atacama Region"",""percentage"":0.028705},{""region"":""B\u00edo B\u00edo Region"",""percentage"":0.208043},{""region"":""Coquimbo Region"",""percentage"":0.050525},{""region"":""O'Higgins Region"",""percentage"":0.059407},{""region"":""Los Lagos Region"",""percentage"":0.109871},{""region"":""Magallanes y la Ant\u00e1rtica Chilena Region"",""percentage"":0.01724},{""region"":""Maule Region"",""percentage"":0.108484},{""region"":""Santiago Metropolitan Region"",""percentage"":0.053431},{""region"":""Tarapac\u00e1 Region"",""percentage"":0.036653}","facebook,instagram","lower_bound: 500001, upper_bound: 1000000",es
459949895162231,103820310982935,"Sichel Presidente",2021-09-22,2021-09-22,2021-10-13,"Sebastián Sichel Ramirez","Juntos nos va mejor! No dejemos que lo importante se nos pase de largo. Estoy convencido que #SePuede un Chile mejor, claro que #SePuede.",,,,"lower_bound: 175000, upper_bound: 199999","lower_bound: 600, upper_bound: 699",USD,"{""age"":""45-54"",""gender"":""unknown"",""percentage"":0.000881},{""age"":""25-34"",""gender"":""unknown"",""percentage"":0.000554},{""age"":""18-24"",""gender"":""male"",""percentage"":0.02558},{""age"":""55-64"",""gender"":""male"",""percentage"":0.007002},{""age"":""35-44"",""gender"":""male"",""percentage"":0.151965},{""age"":""35-44"",""gender"":""female"",""percentage"":0.190001},{""age"":""45-54"",""gender"":""female"",""percentage"":0.191365},{""age"":""25-34"",""gender"":""female"",""percentage"":0.142208},{""age"":""35-44"",""gender"":""unknown"",""percentage"":0.001392},{""age"":""45-54"",""gender"":""male"",""percentage"":0.109534},{""age"":""55-64"",""gender"":""female"",""percentage"":0.013954},{""age"":""25-34"",""gender"":""male"",""percentage"":0.126414},{""age"":""18-24"",""gender"":""female"",""percentage"":0.038895},{""age"":""55-64"",""gender"":""unknown"",""percentage"":2.8e-5},{""age"":""18-24"",""gender"":""unknown"",""percentage"":0.000227}","{""region"":""Los R\u00edos Region"",""percentage"":0.041833},{""region"":""Arica y Parinacota Region"",""percentage"":0.026555},{""region"":""Valpara\u00edso Region"",""percentage"":0.071439},{""region"":""Ays\u00e9n Region"",""percentage"":0.007983},{""region"":""Antofagasta Region"",""percentage"":0.077216},{""region"":""Araucan\u00eda Region"",""percentage"":0.106048},{""region"":""Atacama Region"",""percentage"":0.026548},{""region"":""B\u00edo B\u00edo Region"",""percentage"":0.202211},{""region"":""Coquimbo Region"",""percentage"":0.044076},{""region"":""O'Higgins Region"",""percentage"":0.061235},{""region"":""Los Lagos Region"",""percentage"":0.103039},{""region"":""Magallanes y la Ant\u00e1rtica Chilena Region"",""percentage"":0.014917},{""region"":""Maule Region"",""percentage"":0.110711},{""region"":""Santiago Metropolitan Region"",""percentage"":0.057672},{""region"":""Tarapac\u00e1 Region"",""percentage"":0.048518}","facebook,instagram","lower_bound: 500001, upper_bound: 1000000",es
1025348618226028,103820310982935,"Sichel Presidente",2021-09-22,2021-09-22,2021-09-30,"Sebastián Sichel Ramirez","Cerrando un día movido con esta reflexión, qué queremos para nuestro país en 20 años? Yo no lo concibo sin una participación clave del emprendimiento. #SePuede",,,,"lower_bound: 15000, upper_bound: 19999","lower_bound: 0, upper_bound: 99",USD,"{""age"":""35-44"",""gender"":""female"",""percentage"":0.092848},{""age"":""25-34"",""gender"":""male"",""percentage"":0.309992},{""age"":""18-24"",""gender"":""female"",""percentage"":0.02989},{""age"":""18-24"",""gender"":""male"",""percentage"":0.057901},{""age"":""25-34"",""gender"":""female"",""percentage"":0.11204},{""age"":""55-64"",""gender"":""female"",""percentage"":0.003307},{""age"":""35-44"",""gender"":""unknown"",""percentage"":0.002464},{""age"":""35-44"",""gender"":""male"",""percentage"":0.225248},{""age"":""55-64"",""gender"":""male"",""percentage"":0.004409},{""age"":""45-54"",""gender"":""male"",""percentage"":0.106983},{""age"":""45-54"",""gender"":""female"",""percentage"":0.052454},{""age"":""25-34"",""gender"":""unknown"",""percentage"":0.000843},{""age"":""18-24"",""gender"":""unknown"",""percentage"":0.000195},{""age"":""45-54"",""gender"":""unknown"",""percentage"":0.001426}","{""region"":""Los R\u00edos Region"",""percentage"":0.047371},{""region"":""Arica y Parinacota Region"",""percentage"":0.022154},{""region"":""Valpara\u00edso Region"",""percentage"":0.052518},{""region"":""Ays\u00e9n Region"",""percentage"":0.014921},{""region"":""Antofagasta Region"",""percentage"":0.076106},{""region"":""Araucan\u00eda Region"",""percentage"":0.115202},{""region"":""Atacama Region"",""percentage"":0.032971},{""region"":""B\u00edo B\u00edo Region"",""percentage"":0.209422},{""region"":""Coquimbo Region"",""percentage"":0.042875},{""region"":""O'Higgins Region"",""percentage"":0.053756},{""region"":""Los Lagos Region"",""percentage"":0.140744},{""region"":""Magallanes y la Ant\u00e1rtica Chilena Region"",""percentage"":0.025738},{""region"":""Maule Region"",""percentage"":0.103212},{""region"":""Santiago Metropolitan Region"",""percentage"":0.025021},{""region"":""Tarapac\u00e1 Region"",""percentage"":0.037988}","facebook,instagram","lower_bound: 500001, upper_bound: 1000000",es
571733533870019,103820310982935,"Sichel Presidente",2021-09-22,2021-09-22,2021-09-30,"Sebastián Sichel Ramirez","35 compromisos por un Chile mejor y 6 pilares claves para dar certezas a los cambios que queremos liderar #SePuede",,,,"lower_bound: 100000, upper_bound: 124999","lower_bound: 200, upper_bound: 299",USD,"{""age"":""45-54"",""gender"":""unknown"",""percentage"":0.001047},{""age"":""25-34"",""gender"":""unknown"",""percentage"":0.00138},{""age"":""55-64"",""gender"":""male"",""percentage"":0.004029},{""age"":""35-44"",""gender"":""unknown"",""percentage"":0.002452},{""age"":""45-54"",""gender"":""male"",""percentage"":0.080341},{""age"":""25-34"",""gender"":""female"",""percentage"":0.176919},{""age"":""35-44"",""gender"":""female"",""percentage"":0.158069},{""age"":""55-64"",""gender"":""female"",""percentage"":0.005211},{""age"":""35-44"",""gender"":""male"",""percentage"":0.170279},{""age"":""25-34"",""gender"":""male"",""percentage"":0.220077},{""age"":""45-54"",""gender"":""female"",""percentage"":0.085564},{""age"":""18-24"",""gender"":""male"",""percentage"":0.048838},{""age"":""18-24"",""gender"":""female"",""percentage"":0.045437},{""age"":""18-24"",""gender"":""unknown"",""percentage"":0.00032},{""age"":""55-64"",""gender"":""unknown"",""percentage"":3.7e-5}","{""region"":""Los R\u00edos Region"",""percentage"":0.04665},{""region"":""Arica y Parinacota Region"",""percentage"":0.021411},{""region"":""Valpara\u00edso Region"",""percentage"":0.053571},{""region"":""Ays\u00e9n Region"",""percentage"":0.013977},{""region"":""Antofagasta Region"",""percentage"":0.075397},{""region"":""Araucan\u00eda Region"",""percentage"":0.120775},{""region"":""Atacama Region"",""percentage"":0.032893},{""region"":""B\u00edo B\u00edo Region"",""percentage"":0.20999},{""region"":""Coquimbo Region"",""percentage"":0.050624},{""region"":""O'Higgins Region"",""percentage"":0.050098},{""region"":""Los Lagos Region"",""percentage"":0.14215},{""region"":""Magallanes y la Ant\u00e1rtica Chilena Region"",""percentage"":0.023771},{""region"":""Maule Region"",""percentage"":0.099804},{""region"":""Santiago Metropolitan Region"",""percentage"":0.023258},{""region"":""Tarapac\u00e1 Region"",""percentage"":0.035632}","facebook,instagram","lower_bound: 500001, upper_bound: 1000000",es
1024564928307256,103820310982935,"Sichel Presidente",2021-09-22,2021-09-22,2021-10-01,"Sebastián Sichel Ramirez","No existen balas locas, existen balas asesinas y como Estado hay que hacerse cargo.",,,,"lower_bound: 70000, upper_bound: 79999","lower_bound: 100, upper_bound: 199",USD,"{""age"":""55-64"",""gender"":""unknown"",""percentage"":1.6e-5},{""age"":""18-24"",""gender"":""unknown"",""percentage"":0.000278},{""age"":""25-34"",""gender"":""unknown"",""percentage"":0.001192},{""age"":""45-54"",""gender"":""unknown"",""percentage"":0.001241},{""age"":""45-54"",""gender"":""male"",""percentage"":0.085102},{""age"":""18-24"",""gender"":""male"",""percentage"":0.022337},{""age"":""35-44"",""gender"":""unknown"",""percentage"":0.001992},{""age"":""35-44"",""gender"":""male"",""percentage"":0.157958},{""age"":""25-34"",""gender"":""male"",""percentage"":0.141418},{""age"":""25-34"",""gender"":""female"",""percentage"":0.176311},{""age"":""35-44"",""gender"":""female"",""percentage"":0.206551},{""age"":""45-54"",""gender"":""female"",""percentage"":0.15577},{""age"":""18-24"",""gender"":""female"",""percentage"":0.036216},{""age"":""55-64"",""gender"":""female"",""percentage"":0.00898},{""age"":""55-64"",""gender"":""male"",""percentage"":0.004637}","{""region"":""Los R\u00edos Region"",""percentage"":0.046872},{""region"":""Arica y Parinacota Region"",""percentage"":0.020898},{""region"":""Valpara\u00edso Region"",""percentage"":0.062694},{""region"":""Ays\u00e9n Region"",""percentage"":0.011891},{""region"":""Antofagasta Region"",""percentage"":0.069542},{""region"":""Araucan\u00eda Region"",""percentage"":0.115528},{""region"":""Atacama Region"",""percentage"":0.031307},{""region"":""B\u00edo B\u00edo Region"",""percentage"":0.212752},{""region"":""Coquimbo Region"",""percentage"":0.049691},{""region"":""O'Higgins Region"",""percentage"":0.055798},{""region"":""Los Lagos Region"",""percentage"":0.136958},{""region"":""Magallanes y la Ant\u00e1rtica Chilena Region"",""percentage"":0.019802},{""region"":""Maule Region"",""percentage"":0.103572},{""region"":""Santiago Metropolitan Region"",""percentage"":0.029406},{""region"":""Tarapac\u00e1 Region"",""percentage"":0.033289}","facebook,instagram","lower_bound: 500001, upper_bound: 1000000",es
883793565599422,103820310982935,"Sichel Presidente",2021-09-22,2021-09-22,2021-09-30,"Sebastián Sichel Ramirez","Resumen de la visita a Los Lagos! Gracias a Los Muermos, Puerto Montt, Puerto Varas, Llanquihue, Puyehue, Puerto Octay, Fresia y Osorno. La regionalización #SePuede",,,,"lower_bound: 45000, upper_bound: 49999","lower_bound: 100, upper_bound: 199",USD,"{""age"":""55-64"",""gender"":""unknown"",""percentage"":5.5e-5},{""age"":""45-54"",""gender"":""unknown"",""percentage"":0.001097},{""age"":""35-44"",""gender"":""unknown"",""percentage"":0.002193},{""age"":""18-24"",""gender"":""unknown"",""percentage"":0.000247},{""age"":""45-54"",""gender"":""male"",""percentage"":0.107057},{""age"":""18-24"",""gender"":""female"",""percentage"":0.041452},{""age"":""18-24"",""gender"":""male"",""percentage"":0.038656},{""age"":""25-34"",""gender"":""male"",""percentage"":0.175814},{""age"":""35-44"",""gender"":""male"",""percentage"":0.176198},{""age"":""35-44"",""gender"":""female"",""percentage"":0.16197},{""age"":""25-34"",""gender"":""female"",""percentage"":0.153992},{""age"":""45-54"",""gender"":""female"",""percentage"":0.126412},{""age"":""55-64"",""gender"":""female"",""percentage"":0.008773},{""age"":""25-34"",""gender"":""unknown"",""percentage"":0.000822},{""age"":""55-64"",""gender"":""male"",""percentage"":0.005264}","{""region"":""Los R\u00edos Region"",""percentage"":0.041356},{""region"":""Arica y Parinacota Region"",""percentage"":0.023706},{""region"":""Valpara\u00edso Region"",""percentage"":0.063098},{""region"":""Ays\u00e9n Region"",""percentage"":0.009466},{""region"":""Antofagasta Region"",""percentage"":0.078593},{""region"":""Araucan\u00eda Region"",""percentage"":0.11894},{""region"":""Atacama Region"",""percentage"":0.031481},{""region"":""B\u00edo B\u00edo Region"",""percentage"":0.210574},{""region"":""Coquimbo Region"",""percentage"":0.047249},{""region"":""O'Higgins Region"",""percentage"":0.058788},{""region"":""Los Lagos Region"",""percentage"":0.115776},{""region"":""Magallanes y la Ant\u00e1rtica Chilena Region"",""percentage"":0.016832},{""region"":""Maule Region"",""percentage"":0.109092},{""region"":""Santiago Metropolitan Region"",""percentage"":0.034673},{""region"":""Tarapac\u00e1 Region"",""percentage"":0.040374}","facebook,instagram","lower_bound: 500001, upper_bound: 1000000",es
371308434479037,103820310982935,"Sichel Presidente",2021-09-22,2021-09-22,2021-09-22,"Sebastián Sichel Ramirez","35 compromisos por un Chile mejor y 6 pilares claves para dar certezas a los cambios que queremos liderar #SePuede",,,,"lower_bound: 0, upper_bound: 999","lower_bound: 0, upper_bound: 99",USD,,,"facebook,instagram","lower_bound: 100001, upper_bound: 500000",es
548749369533407,103820310982935,"Sichel Presidente",2021-09-22,2021-09-22,2021-09-22,"Sebastián Sichel Ramirez","Les presento a Eva. Como ella hay miles de emprendedores y miles de mujeres luchadoras. De eso se trata esta campaña, de acompañar mejor a quienes no hemos escuchado. #SePuede","Una emprendedora por naturaleza",,,"lower_bound: 0, upper_bound: 999","lower_bound: 0, upper_bound: 99",USD,,,"facebook,instagram","lower_bound: 100001, upper_bound: 500000",es
550059229557691,103820310982935,"Sichel Presidente",2021-09-22,2021-09-22,2021-09-22,"Sebastián Sichel Ramirez","La familia Mella Guzmán representa el esfuerzo de miles de familias chilenas. Y nos transmiten lo importante: compartir y agradecer en familia. #SePuede #YoTeEscucho",,,,"lower_bound: 0, upper_bound: 999","lower_bound: 0, upper_bound: 99",USD,,,"facebook,instagram","lower_bound: 100001, upper_bound: 500000",es
877750606203237,103820310982935,"Sichel Presidente",2021-09-22,2021-09-22,2021-09-22,"Sebastián Sichel Ramirez","No existen balas locas, existen balas asesinas y como Estado hay que hacerse cargo.",,,,"lower_bound: 0, upper_bound: 999","lower_bound: 0, upper_bound: 99",USD,,,"facebook,instagram","lower_bound: 100001, upper_bound: 500000",es
3161183794101214,103820310982935,"Sichel Presidente",2021-09-22,2021-09-22,2021-09-22,"Sebastián Sichel Ramirez","Juntos nos va mejor! No dejemos que lo importante se nos pase de largo. Estoy convencido que #SePuede un Chile mejor, claro que #SePuede.",,,,"lower_bound: 0, upper_bound: 999","lower_bound: 0, upper_bound: 99",USD,,,"facebook,instagram","lower_bound: 100001, upper_bound: 500000",es
139672968376709,103820310982935,"Sichel Presidente",2021-09-22,2021-09-22,2021-09-29,"Sebastián Sichel Ramirez","En nuestro paso por Llanquihue conocimos a este grupo de emprendedoras, “Aprendo a vivir”, que hace 11 años trabajan juntas en el rubro textil local. #SePuede",,,,"lower_bound: 10000, upper_bound: 14999","lower_bound: 0, upper_bound: 99",USD,"{""age"":""25-34"",""gender"":""unknown"",""percentage"":0.001547},{""age"":""55-64"",""gender"":""unknown"",""percentage"":8.6e-5},{""age"":""18-24"",""gender"":""unknown"",""percentage"":0.000344},{""age"":""55-64"",""gender"":""male"",""percentage"":0.009801},{""age"":""18-24"",""gender"":""male"",""percentage"":0.026221},{""age"":""35-44"",""gender"":""female"",""percentage"":0.199106},{""age"":""25-34"",""gender"":""female"",""percentage"":0.155433},{""age"":""25-34"",""gender"":""male"",""percentage"":0.108494},{""age"":""45-54"",""gender"":""female"",""percentage"":0.202115},{""age"":""45-54"",""gender"":""male"",""percentage"":0.105485},{""age"":""35-44"",""gender"":""male"",""percentage"":0.130158},{""age"":""55-64"",""gender"":""female"",""percentage"":0.018827},{""age"":""18-24"",""gender"":""female"",""percentage"":0.034646},{""age"":""45-54"",""gender"":""unknown"",""percentage"":0.003783},{""age"":""35-44"",""gender"":""unknown"",""percentage"":0.003955}","{""region"":""Magallanes y la Ant\u00e1rtica Chilena Region"",""percentage"":0.003076},{""region"":""Tarapac\u00e1 Region"",""percentage"":0.008885},{""region"":""Los R\u00edos Region"",""percentage"":0.006578},{""region"":""Arica y Parinacota Region"",""percentage"":0.029389},{""region"":""Valpara\u00edso Region"",""percentage"":0.025886},{""region"":""Antofagasta Region"",""percentage"":0.08663},{""region"":""Araucan\u00eda Region"",""percentage"":0.12422},{""region"":""Atacama Region"",""percentage"":0.040496},{""region"":""B\u00edo B\u00edo Region"",""percentage"":0.190944},{""region"":""Coquimbo Region"",""percentage"":0.12217},{""region"":""O'Higgins Region"",""percentage"":0.125587},{""region"":""Los Lagos Region"",""percentage"":0.106536},{""region"":""Maule Region"",""percentage"":0.017258},{""region"":""Santiago Metropolitan Region"",""percentage"":0.097394},{""region"":""Ays\u00e9n Region"",""percentage"":0.014951}","facebook,instagram","lower_bound: 100001, upper_bound: 500000",es
203485808515622,103820310982935,"Sichel Presidente",2021-09-22,2021-09-23,2021-09-29,"Sebastián Sichel Ramirez","Los vecinos de la zona cero en Plaza Italia, piden no más violencia y si más justicia. Los escuchamos y ya estamos trabajando en un plan de recuperación. #SePuede",,,,"lower_bound: 25000, upper_bound: 29999","lower_bound: 100, upper_bound: 199",USD,"{""age"":""25-34"",""gender"":""unknown"",""percentage"":0.000504},{""age"":""55-64"",""gender"":""unknown"",""percentage"":5.6e-5},{""age"":""45-54"",""gender"":""male"",""percentage"":0.135305},{""age"":""18-24"",""gender"":""female"",""percentage"":0.014281},{""age"":""25-34"",""gender"":""female"",""percentage"":0.121528},{""age"":""25-34"",""gender"":""male"",""percentage"":0.133009},{""age"":""35-44"",""gender"":""male"",""percentage"":0.173555},{""age"":""45-54"",""gender"":""female"",""percentage"":0.176411},{""age"":""35-44"",""gender"":""female"",""percentage"":0.198197},{""age"":""18-24"",""gender"":""male"",""percentage"":0.014169},{""age"":""18-24"",""gender"":""unknown"",""percentage"":0.000112},{""age"":""55-64"",""gender"":""female"",""percentage"":0.015233},{""age"":""45-54"",""gender"":""unknown"",""percentage"":0.003136},{""age"":""55-64"",""gender"":""male"",""percentage"":0.010809},{""age"":""35-44"",""gender"":""unknown"",""percentage"":0.003696}","{""region"":""Los R\u00edos Region"",""percentage"":0.007431},{""region"":""Arica y Parinacota Region"",""percentage"":0.032629},{""region"":""Valpara\u00edso Region"",""percentage"":0.020114},{""region"":""Ays\u00e9n Region"",""percentage"":0.012571},{""region"":""Antofagasta Region"",""percentage"":0.106157},{""region"":""Araucan\u00eda Region"",""percentage"":0.121969},{""region"":""Atacama Region"",""percentage"":0.053358},{""region"":""B\u00edo B\u00edo Region"",""percentage"":0.193038},{""region"":""Coquimbo Region"",""percentage"":0.107442},{""region"":""O'Higgins Region"",""percentage"":0.129903},{""region"":""Los Lagos Region"",""percentage"":0.104537},{""region"":""Magallanes y la Ant\u00e1rtica Chilena Region"",""percentage"":0.003129},{""region"":""Maule Region"",""percentage"":0.014583},{""region"":""Santiago Metropolitan Region"",""percentage"":0.083976},{""region"":""Tarapac\u00e1 Region"",""percentage"":0.009163}","facebook,instagram","lower_bound: 100001, upper_bound: 500000",es
303108971703268,103820310982935,"Sichel Presidente",2021-09-22,2021-09-22,2021-09-29,"Sebastián Sichel Ramirez","Cerrando un día movido con esta reflexión, qué queremos para nuestro país en 20 años? Yo no lo concibo sin una participación clave del emprendimiento. #SePuede",,,,"lower_bound: 45000, upper_bound: 49999","lower_bound: 300, upper_bound: 399",USD,"{""age"":""18-24"",""gender"":""unknown"",""percentage"":0.000296},{""age"":""55-64"",""gender"":""unknown"",""percentage"":0.000323},{""age"":""25-34"",""gender"":""male"",""percentage"":0.196134},{""age"":""18-24"",""gender"":""male"",""percentage"":0.026913},{""age"":""45-54"",""gender"":""female"",""percentage"":0.101952},{""age"":""25-34"",""gender"":""female"",""percentage"":0.090579},{""age"":""35-44"",""gender"":""male"",""percentage"":0.245201},{""age"":""35-44"",""gender"":""female"",""percentage"":0.132172},{""age"":""45-54"",""gender"":""male"",""percentage"":0.1618},{""age"":""55-64"",""gender"":""female"",""percentage"":0.007313},{""age"":""55-64"",""gender"":""male"",""percentage"":0.010405},{""age"":""45-54"",""gender"":""unknown"",""percentage"":0.004356},{""age"":""18-24"",""gender"":""female"",""percentage"":0.014465},{""age"":""35-44"",""gender"":""unknown"",""percentage"":0.006318},{""age"":""25-34"",""gender"":""unknown"",""percentage"":0.001774}","{""region"":""Los R\u00edos Region"",""percentage"":0.006894},{""region"":""Arica y Parinacota Region"",""percentage"":0.028031},{""region"":""Valpara\u00edso Region"",""percentage"":0.0194},{""region"":""Ays\u00e9n Region"",""percentage"":0.015846},{""region"":""Antofagasta Region"",""percentage"":0.090826},{""region"":""Araucan\u00eda Region"",""percentage"":0.122946},{""region"":""Atacama Region"",""percentage"":0.042327},{""region"":""B\u00edo B\u00edo Region"",""percentage"":0.213879},{""region"":""Coquimbo Region"",""percentage"":0.106592},{""region"":""O'Higgins Region"",""percentage"":0.125297},{""region"":""Los Lagos Region"",""percentage"":0.112711},{""region"":""Magallanes y la Ant\u00e1rtica Chilena Region"",""percentage"":0.003634},{""region"":""Maule Region"",""percentage"":0.013815},{""region"":""Santiago Metropolitan Region"",""percentage"":0.090826},{""region"":""Tarapac\u00e1 Region"",""percentage"":0.006974}","facebook,instagram","lower_bound: 100001, upper_bound: 500000",es
377267990706952,103820310982935,"Sichel Presidente",2021-09-22,2021-09-22,2021-09-29,"Sebastián Sichel Ramirez","No existen balas locas, existen balas asesinas y como Estado hay que hacerse cargo.",,,,"lower_bound: 25000, upper_bound: 29999","lower_bound: 100, upper_bound: 199",USD,"{""age"":""55-64"",""gender"":""unknown"",""percentage"":0.000169},{""age"":""18-24"",""gender"":""unknown"",""percentage"":4.2e-5},{""age"":""18-24"",""gender"":""female"",""percentage"":0.016854},{""age"":""18-24"",""gender"":""male"",""percentage"":0.018919},{""age"":""25-34"",""gender"":""female"",""percentage"":0.132684},{""age"":""55-64"",""gender"":""female"",""percentage"":0.020562},{""age"":""35-44"",""gender"":""male"",""percentage"":0.15805},{""age"":""45-54"",""gender"":""male"",""percentage"":0.13555},{""age"":""25-34"",""gender"":""male"",""percentage"":0.124089},{""age"":""35-44"",""gender"":""female"",""percentage"":0.185901},{""age"":""45-54"",""gender"":""female"",""percentage"":0.189778},{""age"":""55-64"",""gender"":""male"",""percentage"":0.011798},{""age"":""35-44"",""gender"":""unknown"",""percentage"":0.002781},{""age"":""25-34"",""gender"":""unknown"",""percentage"":0.000506},{""age"":""45-54"",""gender"":""unknown"",""percentage"":0.002317}","{""region"":""Los R\u00edos Region"",""percentage"":0.007826},{""region"":""Arica y Parinacota Region"",""percentage"":0.029429},{""region"":""Valpara\u00edso Region"",""percentage"":0.022353},{""region"":""Ays\u00e9n Region"",""percentage"":0.015776},{""region"":""Antofagasta Region"",""percentage"":0.092116},{""region"":""Araucan\u00eda Region"",""percentage"":0.122211},{""region"":""Atacama Region"",""percentage"":0.043457},{""region"":""B\u00edo B\u00edo Region"",""percentage"":0.198468},{""region"":""Coquimbo Region"",""percentage"":0.100691},{""region"":""O'Higgins Region"",""percentage"":0.122627},{""region"":""Los Lagos Region"",""percentage"":0.107351},{""region"":""Maule Region"",""percentage"":0.016983},{""region"":""Santiago Metropolitan Region"",""percentage"":0.107351},{""region"":""Tarapac\u00e1 Region"",""percentage"":0.009699},{""region"":""Magallanes y la Ant\u00e1rtica Chilena Region"",""percentage"":0.003663}","facebook,instagram","lower_bound: 100001, upper_bound: 500000",es
403899261109362,103820310982935,"Sichel Presidente",2021-09-22,2021-09-22,2021-09-29,"Sebastián Sichel Ramirez","Nuestro programa de gobierno necesita gente con experiencia, gente diversa y que represente a los chilenos. #SePuede","Un gabinete diverso",,,"lower_bound: 40000, upper_bound: 44999","lower_bound: 100, upper_bound: 199",USD,"{""age"":""18-24"",""gender"":""unknown"",""percentage"":0.000154},{""age"":""25-34"",""gender"":""unknown"",""percentage"":0.001347},{""age"":""25-34"",""gender"":""male"",""percentage"":0.195899},{""age"":""55-64"",""gender"":""male"",""percentage"":0.017082},{""age"":""45-54"",""gender"":""female"",""percentage"":0.100412},{""age"":""35-44"",""gender"":""female"",""percentage"":0.104413},{""age"":""45-54"",""gender"":""male"",""percentage"":0.203401},{""age"":""35-44"",""gender"":""male"",""percentage"":0.252876},{""age"":""25-34"",""gender"":""female"",""percentage"":0.067634},{""age"":""55-64"",""gender"":""female"",""percentage"":0.009733},{""age"":""18-24"",""gender"":""male"",""percentage"":0.024006},{""age"":""45-54"",""gender"":""unknown"",""percentage"":0.00427},{""age"":""18-24"",""gender"":""female"",""percentage"":0.013581},{""age"":""35-44"",""gender"":""unknown"",""percentage"":0.005001},{""age"":""55-64"",""gender"":""unknown"",""percentage"":0.000192}","{""region"":""Los R\u00edos Region"",""percentage"":0.00767},{""region"":""Arica y Parinacota Region"",""percentage"":0.033589},{""region"":""Valpara\u00edso Region"",""percentage"":0.021763},{""region"":""Ays\u00e9n Region"",""percentage"":0.013073},{""region"":""Antofagasta Region"",""percentage"":0.094457},{""region"":""Araucan\u00eda Region"",""percentage"":0.121396},{""region"":""Atacama Region"",""percentage"":0.045075},{""region"":""B\u00edo B\u00edo Region"",""percentage"":0.201912},{""region"":""Coquimbo Region"",""percentage"":0.106737},{""region"":""O'Higgins Region"",""percentage"":0.115313},{""region"":""Los Lagos Region"",""percentage"":0.109797},{""region"":""Magallanes y la Ant\u00e1rtica Chilena Region"",""percentage"":0.003325},{""region"":""Maule Region"",""percentage"":0.01568},{""region"":""Santiago Metropolitan Region"",""percentage"":0.101485},{""region"":""Tarapac\u00e1 Region"",""percentage"":0.008728}","facebook,instagram","lower_bound: 100001, upper_bound: 500000",es
555531738862032,103820310982935,"Sichel Presidente",2021-09-22,2021-09-23,2021-09-29,"Sebastián Sichel Ramirez","Mientras hay familias sufriendo por balas asesinas, la discusión sigue en la farándula política.",,,,"lower_bound: 35000, upper_bound: 39999","lower_bound: 100, upper_bound: 199",USD,"{""age"":""55-64"",""gender"":""female"",""percentage"":0.014931},{""age"":""18-24"",""gender"":""female"",""percentage"":0.014706},{""age"":""25-34"",""gender"":""female"",""percentage"":0.106318},{""age"":""35-44"",""gender"":""male"",""percentage"":0.205657},{""age"":""45-54"",""gender"":""female"",""percentage"":0.141282},{""age"":""25-34"",""gender"":""male"",""percentage"":0.147096},{""age"":""45-54"",""gender"":""male"",""percentage"":0.163978},{""age"":""35-44"",""gender"":""female"",""percentage"":0.165966},{""age"":""55-64"",""gender"":""male"",""percentage"":0.01328},{""age"":""45-54"",""gender"":""unknown"",""percentage"":0.003526},{""age"":""18-24"",""gender"":""male"",""percentage"":0.019095},{""age"":""35-44"",""gender"":""unknown"",""percentage"":0.003226},{""age"":""55-64"",""gender"":""unknown"",""percentage"":0.00015},{""age"":""25-34"",""gender"":""unknown"",""percentage"":0.000713},{""age"":""18-24"",""gender"":""unknown"",""percentage"":7.5e-5}","{""region"":""Los R\u00edos Region"",""percentage"":0.007196},{""region"":""Arica y Parinacota Region"",""percentage"":0.03128},{""region"":""Valpara\u00edso Region"",""percentage"":0.021441},{""region"":""Ays\u00e9n Region"",""percentage"":0.01274},{""region"":""Antofagasta Region"",""percentage"":0.096666},{""region"":""Araucan\u00eda Region"",""percentage"":0.121301},{""region"":""Atacama Region"",""percentage"":0.047544},{""region"":""B\u00edo B\u00edo Region"",""percentage"":0.202878},{""region"":""Coquimbo Region"",""percentage"":0.105918},{""region"":""O'Higgins Region"",""percentage"":0.129378},{""region"":""Los Lagos Region"",""percentage"":0.101402},{""region"":""Magallanes y la Ant\u00e1rtica Chilena Region"",""percentage"":0.003341},{""region"":""Maule Region"",""percentage"":0.014355},{""region"":""Santiago Metropolitan Region"",""percentage"":0.095712},{""region"":""Tarapac\u00e1 Region"",""percentage"":0.008848}","facebook,instagram","lower_bound: 100001, upper_bound: 500000",es
640494066933657,103820310982935,"Sichel Presidente",2021-09-22,2021-09-22,2021-09-29,"Sebastián Sichel Ramirez","Cuántas veces alguien les dijo que no? Gracias a quienes participaron por historias. El compromiso de este proyecto es abrir puertas. Nunca más un NO por respuesta, un sí #SePuede.","Cuántas veces",,,"lower_bound: 40000, upper_bound: 44999","lower_bound: 200, upper_bound: 299",USD,"{""age"":""18-24"",""gender"":""unknown"",""percentage"":3.5e-5},{""age"":""55-64"",""gender"":""unknown"",""percentage"":0.000104},{""age"":""45-54"",""gender"":""unknown"",""percentage"":0.002659},{""age"":""55-64"",""gender"":""female"",""percentage"":0.013297},{""age"":""18-24"",""gender"":""male"",""percentage"":0.014299},{""age"":""35-44"",""gender"":""female"",""percentage"":0.217905},{""age"":""35-44"",""gender"":""male"",""percentage"":0.165268},{""age"":""25-34"",""gender"":""male"",""percentage"":0.1299},{""age"":""45-54"",""gender"":""male"",""percentage"":0.112562},{""age"":""45-54"",""gender"":""female"",""percentage"":0.167306},{""age"":""25-34"",""gender"":""female"",""percentage"":0.149035},{""age"":""18-24"",""gender"":""female"",""percentage"":0.015163},{""age"":""35-44"",""gender"":""unknown"",""percentage"":0.003108},{""age"":""55-64"",""gender"":""male"",""percentage"":0.0086},{""age"":""25-34"",""gender"":""unknown"",""percentage"":0.00076}","{""region"":""Los R\u00edos Region"",""percentage"":0.006832},{""region"":""Arica y Parinacota Region"",""percentage"":0.03076},{""region"":""Valpara\u00edso Region"",""percentage"":0.021328},{""region"":""Ays\u00e9n Region"",""percentage"":0.013143},{""region"":""Antofagasta Region"",""percentage"":0.103378},{""region"":""Araucan\u00eda Region"",""percentage"":0.115099},{""region"":""Atacama Region"",""percentage"":0.050631},{""region"":""B\u00edo B\u00edo Region"",""percentage"":0.200097},{""region"":""Coquimbo Region"",""percentage"":0.10962},{""region"":""O'Higgins Region"",""percentage"":0.126231},{""region"":""Los Lagos Region"",""percentage"":0.104141},{""region"":""Magallanes y la Ant\u00e1rtica Chilena Region"",""percentage"":0.002636},{""region"":""Maule Region"",""percentage"":0.014843},{""region"":""Santiago Metropolitan Region"",""percentage"":0.091968},{""region"":""Tarapac\u00e1 Region"",""percentage"":0.009294}","facebook,instagram","lower_bound: 100001, upper_bound: 500000",es
1014184042734955,103820310982935,"Sichel Presidente",2021-09-22,2021-09-22,2021-09-29,"Sebastián Sichel Ramirez","Resumen de la visita a Los Lagos! Gracias a Los Muermos, Puerto Montt, Puerto Varas, Llanquihue, Puyehue, Puerto Octay, Fresia y Osorno. La regionalización #SePuede",,,,"lower_bound: 9000, upper_bound: 9999","lower_bound: 0, upper_bound: 99",USD,"{""age"":""55-64"",""gender"":""unknown"",""percentage"":0.000124},{""age"":""18-24"",""gender"":""unknown"",""percentage"":0.000496},{""age"":""25-34"",""gender"":""unknown"",""percentage"":0.00124},{""age"":""55-64"",""gender"":""male"",""percentage"":0.006446},{""age"":""45-54"",""gender"":""unknown"",""percentage"":0.002727},{""age"":""55-64"",""gender"":""female"",""percentage"":0.013512},{""age"":""35-44"",""gender"":""female"",""percentage"":0.211727},{""age"":""45-54"",""gender"":""female"",""percentage"":0.16834},{""age"":""45-54"",""gender"":""male"",""percentage"":0.077476},{""age"":""25-34"",""gender"":""female"",""percentage"":0.191273},{""age"":""25-34"",""gender"":""male"",""percentage"":0.118879},{""age"":""35-44"",""gender"":""male"",""percentage"":0.119375},{""age"":""18-24"",""gender"":""female"",""percentage"":0.048345},{""age"":""18-24"",""gender"":""male"",""percentage"":0.03818},{""age"":""35-44"",""gender"":""unknown"",""percentage"":0.001859}","{""region"":""Los R\u00edos Region"",""percentage"":0.008358},{""region"":""Arica y Parinacota Region"",""percentage"":0.031562},{""region"":""Valpara\u00edso Region"",""percentage"":0.023578},{""region"":""Ays\u00e9n Region"",""percentage"":0.012475},{""region"":""Antofagasta Region"",""percentage"":0.101921},{""region"":""Araucan\u00eda Region"",""percentage"":0.110654},{""region"":""Atacama Region"",""percentage"":0.048029},{""region"":""B\u00edo B\u00edo Region"",""percentage"":0.20484},{""region"":""Coquimbo Region"",""percentage"":0.108907},{""region"":""O'Higgins Region"",""percentage"":0.122131},{""region"":""Los Lagos Region"",""percentage"":0.09244},{""region"":""Maule Region"",""percentage"":0.015843},{""region"":""Santiago Metropolitan Region"",""percentage"":0.108034},{""region"":""Tarapac\u00e1 Region"",""percentage"":0.007859},{""region"":""Magallanes y la Ant\u00e1rtica Chilena Region"",""percentage"":0.003368}","facebook,instagram","lower_bound: 100001, upper_bound: 500000",es
1095840084602163,103820310982935,"Sichel Presidente",2021-09-22,2021-09-22,2021-09-29,"Sebastián Sichel Ramirez","Acompáñennos en esta nueva etapa! #SePuede #SichelPresidente",,,,"lower_bound: 10000, upper_bound: 14999","lower_bound: 0, upper_bound: 99",USD,"{""age"":""45-54"",""gender"":""unknown"",""percentage"":0.001242},{""age"":""55-64"",""gender"":""female"",""percentage"":0.010646},{""age"":""35-44"",""gender"":""unknown"",""percentage"":0.004081},{""age"":""35-44"",""gender"":""female"",""percentage"":0.16368},{""age"":""45-54"",""gender"":""male"",""percentage"":0.114265},{""age"":""25-34"",""gender"":""male"",""percentage"":0.186036},{""age"":""35-44"",""gender"":""male"",""percentage"":0.205642},{""age"":""18-24"",""gender"":""male"",""percentage"":0.03318},{""age"":""45-54"",""gender"":""female"",""percentage"":0.116395},{""age"":""25-34"",""gender"":""female"",""percentage"":0.132984},{""age"":""18-24"",""gender"":""female"",""percentage"":0.021824},{""age"":""55-64"",""gender"":""male"",""percentage"":0.008605},{""age"":""18-24"",""gender"":""unknown"",""percentage"":0.000355},{""age"":""25-34"",""gender"":""unknown"",""percentage"":0.001065}","{""region"":""Los R\u00edos Region"",""percentage"":0.008568},{""region"":""Arica y Parinacota Region"",""percentage"":0.028202},{""region"":""Valpara\u00edso Region"",""percentage"":0.021687},{""region"":""Ays\u00e9n Region"",""percentage"":0.014458},{""region"":""Antofagasta Region"",""percentage"":0.10656},{""region"":""Araucan\u00eda Region"",""percentage"":0.116823},{""region"":""Atacama Region"",""percentage"":0.048817},{""region"":""B\u00edo B\u00edo Region"",""percentage"":0.190808},{""region"":""Coquimbo Region"",""percentage"":0.104239},{""region"":""O'Higgins Region"",""percentage"":0.122088},{""region"":""Los Lagos Region"",""percentage"":0.10058},{""region"":""Magallanes y la Ant\u00e1rtica Chilena Region"",""percentage"":0.004373},{""region"":""Maule Region"",""percentage"":0.017938},{""region"":""Santiago Metropolitan Region"",""percentage"":0.103882},{""region"":""Tarapac\u00e1 Region"",""percentage"":0.010977}","facebook,instagram","lower_bound: 100001, upper_bound: 500000",es
1153791731775815,103820310982935,"Sichel Presidente",2021-09-22,2021-09-22,2021-09-29,"Sebastián Sichel Ramirez","Juntos nos va mejor! No dejemos que lo importante se nos pase de largo. Estoy convencido que #SePuede un Chile mejor, claro que #SePuede.",,,,"lower_bound: 5000, upper_bound: 5999","lower_bound: 0, upper_bound: 99",USD,"{""age"":""55-64"",""gender"":""unknown"",""percentage"":0.000589},{""age"":""18-24"",""gender"":""unknown"",""percentage"":0.000393},{""age"":""25-34"",""gender"":""unknown"",""percentage"":0.000393},{""age"":""35-44"",""gender"":""female"",""percentage"":0.145269},{""age"":""25-34"",""gender"":""female"",""percentage"":0.092854},{""age"":""45-54"",""gender"":""male"",""percentage"":0.156459},{""age"":""35-44"",""gender"":""male"",""percentage"":0.226737},{""age"":""18-24"",""gender"":""female"",""percentage"":0.010797},{""age"":""45-54"",""gender"":""female"",""percentage"":0.122497},{""age"":""25-34"",""gender"":""male"",""percentage"":0.187083},{""age"":""18-24"",""gender"":""male"",""percentage"":0.024146},{""age"":""55-64"",""gender"":""male"",""percentage"":0.013545},{""age"":""45-54"",""gender"":""unknown"",""percentage"":0.003141},{""age"":""55-64"",""gender"":""female"",""percentage"":0.010797},{""age"":""35-44"",""gender"":""unknown"",""percentage"":0.0053}","{""region"":""Los R\u00edos Region"",""percentage"":0.008922},{""region"":""Arica y Parinacota Region"",""percentage"":0.021916},{""region"":""Valpara\u00edso Region"",""percentage"":0.017649},{""region"":""Ays\u00e9n Region"",""percentage"":0.020559},{""region"":""Antofagasta Region"",""percentage"":0.080101},{""region"":""Araucan\u00eda Region"",""percentage"":0.141195},{""region"":""Atacama Region"",""percentage"":0.03782},{""region"":""B\u00edo B\u00edo Region"",""percentage"":0.222653},{""region"":""Coquimbo Region"",""percentage"":0.095811},{""region"":""O'Higgins Region"",""percentage"":0.105896},{""region"":""Los Lagos Region"",""percentage"":0.141583},{""region"":""Magallanes y la Ant\u00e1rtica Chilena Region"",""percentage"":0.003103},{""region"":""Maule Region"",""percentage"":0.015904},{""region"":""Santiago Metropolitan Region"",""percentage"":0.079907},{""region"":""Tarapac\u00e1 Region"",""percentage"":0.006982}","facebook,instagram","lower_bound: 100001, upper_bound: 500000",es
1184784102015012,103820310982935,"Sichel Presidente",2021-09-22,2021-09-22,2021-09-29,"Sebastián Sichel Ramirez","Les presento a Eva. Como ella hay miles de emprendedores y miles de mujeres luchadoras. De eso se trata esta campaña, de acompañar mejor a quienes no hemos escuchado. #SePuede","Una emprendedora por naturaleza",,,"lower_bound: 50000, upper_bound: 59999","lower_bound: 200, upper_bound: 299",USD,"{""age"":""25-34"",""gender"":""unknown"",""percentage"":0.001231},{""age"":""45-54"",""gender"":""unknown"",""percentage"":0.002729},{""age"":""25-34"",""gender"":""female"",""percentage"":0.184724},{""age"":""25-34"",""gender"":""male"",""percentage"":0.114901},{""age"":""18-24"",""gender"":""male"",""percentage"":0.02619},{""age"":""35-44"",""gender"":""female"",""percentage"":0.224799},{""age"":""45-54"",""gender"":""male"",""percentage"":0.08328},{""age"":""45-54"",""gender"":""female"",""percentage"":0.16878},{""age"":""35-44"",""gender"":""male"",""percentage"":0.131675},{""age"":""18-24"",""gender"":""female"",""percentage"":0.037881},{""age"":""55-64"",""gender"":""male"",""percentage"":0.006046},{""age"":""35-44"",""gender"":""unknown"",""percentage"":0.003264},{""age"":""55-64"",""gender"":""female"",""percentage"":0.013911},{""age"":""55-64"",""gender"":""unknown"",""percentage"":0.000107},{""age"":""18-24"",""gender"":""unknown"",""percentage"":0.000482}","{""region"":""Los R\u00edos Region"",""percentage"":0.008238},{""region"":""Arica y Parinacota Region"",""percentage"":0.030152},{""region"":""Valpara\u00edso Region"",""percentage"":0.024607},{""region"":""Ays\u00e9n Region"",""percentage"":0.015276},{""region"":""Antofagasta Region"",""percentage"":0.101733},{""region"":""Araucan\u00eda Region"",""percentage"":0.111304},{""region"":""Atacama Region"",""percentage"":0.045188},{""region"":""B\u00edo B\u00edo Region"",""percentage"":0.202933},{""region"":""Coquimbo Region"",""percentage"":0.107065},{""region"":""O'Higgins Region"",""percentage"":0.121701},{""region"":""Los Lagos Region"",""percentage"":0.104052},{""region"":""Magallanes y la Ant\u00e1rtica Chilena Region"",""percentage"":0.003013},{""region"":""Maule Region"",""percentage"":0.016716},{""region"":""Santiago Metropolitan Region"",""percentage"":0.1},{""region"":""Tarapac\u00e1 Region"",""percentage"":0.008025}","facebook,instagram","lower_bound: 100001, upper_bound: 500000",es
1195756220829935,103820310982935,"Sichel Presidente",2021-09-22,2021-09-22,2021-09-29,"Sebastián Sichel Ramirez","35 compromisos por un Chile mejor y 6 pilares claves para dar certezas a los cambios que queremos liderar #SePuede",,,,"lower_bound: 20000, upper_bound: 24999","lower_bound: 100, upper_bound: 199",USD,"{""age"":""18-24"",""gender"":""unknown"",""percentage"":0.000129},{""age"":""55-64"",""gender"":""unknown"",""percentage"":0.000322},{""age"":""25-34"",""gender"":""unknown"",""percentage"":0.001351},{""age"":""35-44"",""gender"":""unknown"",""percentage"":0.004889},{""age"":""18-24"",""gender"":""male"",""percentage"":0.020135},{""age"":""18-24"",""gender"":""female"",""percentage"":0.030428},{""age"":""55-64"",""gender"":""male"",""percentage"":0.008749},{""age"":""35-44"",""gender"":""female"",""percentage"":0.207784},{""age"":""45-54"",""gender"":""female"",""percentage"":0.166356},{""age"":""25-34"",""gender"":""male"",""percentage"":0.133934},{""age"":""35-44"",""gender"":""male"",""percentage"":0.133869},{""age"":""45-54"",""gender"":""male"",""percentage"":0.095658},{""age"":""25-34"",""gender"":""female"",""percentage"":0.177871},{""age"":""45-54"",""gender"":""unknown"",""percentage"":0.00431},{""age"":""55-64"",""gender"":""female"",""percentage"":0.014217}","{""region"":""Los R\u00edos Region"",""percentage"":0.007109},{""region"":""Arica y Parinacota Region"",""percentage"":0.028502},{""region"":""Valpara\u00edso Region"",""percentage"":0.022225},{""region"":""Ays\u00e9n Region"",""percentage"":0.014091},{""region"":""Antofagasta Region"",""percentage"":0.101454},{""region"":""Araucan\u00eda Region"",""percentage"":0.118299},{""region"":""Atacama Region"",""percentage"":0.051816},{""region"":""B\u00edo B\u00edo Region"",""percentage"":0.199065},{""region"":""Coquimbo Region"",""percentage"":0.102415},{""region"":""O'Higgins Region"",""percentage"":0.120156},{""region"":""Los Lagos Region"",""percentage"":0.112278},{""region"":""Magallanes y la Ant\u00e1rtica Chilena Region"",""percentage"":0.003459},{""region"":""Maule Region"",""percentage"":0.015948},{""region"":""Santiago Metropolitan Region"",""percentage"":0.094409},{""region"":""Tarapac\u00e1 Region"",""percentage"":0.008775}","facebook,instagram","lower_bound: 100001, upper_bound: 500000",es
1374103786320526,103820310982935,"Sichel Presidente",2021-09-22,2021-09-22,2021-09-29,"Sebastián Sichel Ramirez","La familia Mella Guzmán representa el esfuerzo de miles de familias chilenas. Y nos transmiten lo importante: compartir y agradecer en familia. #SePuede #YoTeEscucho",,,,"lower_bound: 35000, upper_bound: 39999","lower_bound: 100, upper_bound: 199",USD,"{""age"":""45-54"",""gender"":""unknown"",""percentage"":0.00252},{""age"":""55-64"",""gender"":""female"",""percentage"":0.022641},{""age"":""25-34"",""gender"":""male"",""percentage"":0.080113},{""age"":""25-34"",""gender"":""female"",""percentage"":0.149813},{""age"":""45-54"",""gender"":""male"",""percentage"":0.110942},{""age"":""35-44"",""gender"":""male"",""percentage"":0.116501},{""age"":""35-44"",""gender"":""unknown"",""percentage"":0.002853},{""age"":""35-44"",""gender"":""female"",""percentage"":0.231964},{""age"":""45-54"",""gender"":""female"",""percentage"":0.232631},{""age"":""55-64"",""gender"":""male"",""percentage"":0.01019},{""age"":""18-24"",""gender"":""female"",""percentage"":0.02353},{""age"":""18-24"",""gender"":""male"",""percentage"":0.014859},{""age"":""25-34"",""gender"":""unknown"",""percentage"":0.000889},{""age"":""18-24"",""gender"":""unknown"",""percentage"":0.000371},{""age"":""55-64"",""gender"":""unknown"",""percentage"":0.000185}","{""region"":""Los R\u00edos Region"",""percentage"":0.008038},{""region"":""Arica y Parinacota Region"",""percentage"":0.028856},{""region"":""Valpara\u00edso Region"",""percentage"":0.021633},{""region"":""Ays\u00e9n Region"",""percentage"":0.014706},{""region"":""Antofagasta Region"",""percentage"":0.082975},{""region"":""Araucan\u00eda Region"",""percentage"":0.124759},{""region"":""Atacama Region"",""percentage"":0.044784},{""region"":""B\u00edo B\u00edo Region"",""percentage"":0.212513},{""region"":""Coquimbo Region"",""percentage"":0.105016},{""region"":""O'Higgins Region"",""percentage"":0.122166},{""region"":""Los Lagos Region"",""percentage"":0.111609},{""region"":""Magallanes y la Ant\u00e1rtica Chilena Region"",""percentage"":0.002963},{""region"":""Maule Region"",""percentage"":0.019114},{""region"":""Santiago Metropolitan Region"",""percentage"":0.09294},{""region"":""Tarapac\u00e1 Region"",""percentage"":0.007927}","facebook,instagram","lower_bound: 100001, upper_bound: 500000",es
1467568076955423,103820310982935,"Sichel Presidente",2021-09-22,2021-09-23,2021-09-29,"Sebastián Sichel Ramirez","La discapacidad no puede tener políticas públicas olvidadas, se necesita una mayor y real integración. En esta campaña decimos #SePuede!",,,,"lower_bound: 4000, upper_bound: 4999","lower_bound: 0, upper_bound: 99",USD,"{""age"":""45-54"",""gender"":""unknown"",""percentage"":0.002346},{""age"":""55-64"",""gender"":""female"",""percentage"":0.014663},{""age"":""25-34"",""gender"":""female"",""percentage"":0.130205},{""age"":""35-44"",""gender"":""male"",""percentage"":0.158358},{""age"":""35-44"",""gender"":""female"",""percentage"":0.240176},{""age"":""18-24"",""gender"":""female"",""percentage"":0.020528},{""age"":""45-54"",""gender"":""male"",""percentage"":0.098827},{""age"":""25-34"",""gender"":""male"",""percentage"":0.139296},{""age"":""45-54"",""gender"":""female"",""percentage"":0.158358},{""age"":""25-34"",""gender"":""unknown"",""percentage"":0.000587},{""age"":""18-24"",""gender"":""male"",""percentage"":0.026393},{""age"":""55-64"",""gender"":""male"",""percentage"":0.006745},{""age"":""35-44"",""gender"":""unknown"",""percentage"":0.003519}","{""region"":""Arica y Parinacota Region"",""percentage"":0.030135},{""region"":""Ays\u00e9n Region"",""percentage"":0.011995},{""region"":""Antofagasta Region"",""percentage"":0.100059},{""region"":""Araucan\u00eda Region"",""percentage"":0.115857},{""region"":""Atacama Region"",""percentage"":0.050907},{""region"":""B\u00edo B\u00edo Region"",""percentage"":0.188999},{""region"":""Coquimbo Region"",""percentage"":0.105325},{""region"":""O'Higgins Region"",""percentage"":0.121123},{""region"":""Los Lagos Region"",""percentage"":0.10591},{""region"":""Maule Region"",""percentage"":0.016384},{""region"":""Santiago Metropolitan Region"",""percentage"":0.109421},{""region"":""Los R\u00edos Region"",""percentage"":0.007022},{""region"":""Valpara\u00edso Region"",""percentage"":0.020772},{""region"":""Tarapac\u00e1 Region"",""percentage"":0.01141},{""region"":""Magallanes y la Ant\u00e1rtica Chilena Region"",""percentage"":0.004681}","facebook,instagram","lower_bound: 100001, upper_bound: 500000",es
2372141586277026,103820310982935,"Sichel Presidente",2021-09-22,2021-09-22,2021-09-29,"Sebastián Sichel Ramirez","Un Estado que entienda el emprender como un derecho, #SePuede",,,,"lower_bound: 8000, upper_bound: 8999","lower_bound: 0, upper_bound: 99",USD,"{""age"":""18-24"",""gender"":""unknown"",""percentage"":0.000137},{""age"":""25-34"",""gender"":""unknown"",""percentage"":0.000957},{""age"":""35-44"",""gender"":""unknown"",""percentage"":0.00328},{""age"":""18-24"",""gender"":""female"",""percentage"":0.013528},{""age"":""55-64"",""gender"":""female"",""percentage"":0.012435},{""age"":""55-64"",""gender"":""male"",""percentage"":0.017628},{""age"":""45-54"",""gender"":""female"",""percentage"":0.130227},{""age"":""25-34"",""gender"":""female"",""percentage"":0.075294},{""age"":""35-44"",""gender"":""female"",""percentage"":0.121208},{""age"":""45-54"",""gender"":""male"",""percentage"":0.191036},{""age"":""25-34"",""gender"":""male"",""percentage"":0.178327},{""age"":""35-44"",""gender"":""male"",""percentage"":0.228888},{""age"":""18-24"",""gender"":""male"",""percentage"":0.023914},{""age"":""45-54"",""gender"":""unknown"",""percentage"":0.003006},{""age"":""55-64"",""gender"":""unknown"",""percentage"":0.000137}","{""region"":""Los R\u00edos Region"",""percentage"":0.009322},{""region"":""Arica y Parinacota Region"",""percentage"":0.031478},{""region"":""Valpara\u00edso Region"",""percentage"":0.020535},{""region"":""Ays\u00e9n Region"",""percentage"":0.016887},{""region"":""Antofagasta Region"",""percentage"":0.087679},{""region"":""Araucan\u00eda Region"",""percentage"":0.134153},{""region"":""Atacama Region"",""percentage"":0.039719},{""region"":""B\u00edo B\u00edo Region"",""percentage"":0.218725},{""region"":""Coquimbo Region"",""percentage"":0.101729},{""region"":""O'Higgins Region"",""percentage"":0.114293},{""region"":""Los Lagos Region"",""percentage"":0.115104},{""region"":""Magallanes y la Ant\u00e1rtica Chilena Region"",""percentage"":0.003783},{""region"":""Maule Region"",""percentage"":0.015401},{""region"":""Santiago Metropolitan Region"",""percentage"":0.084842},{""region"":""Tarapac\u00e1 Region"",""percentage"":0.00635}","facebook,instagram","lower_bound: 100001, upper_bound: 500000",es
